scenario,episode,tick,time_s,status,safety_latched,command_accepted,contact_left,contact_right,x,dx,pitch,dtheta,height,zoh_ctrl_max_difference,q0,q1,q2,q3,q4,q5,dq0,dq1,dq2,dq3,dq4,dq5,tau0,tau1,tau2,tau3,tau4,tau5,ctrl0,ctrl1,ctrl2,ctrl3,ctrl4,ctrl5
hold,0,0,0.01,0,0,1,2,2,0,0,0.01,0,0.31563804860583827,0,-0.96446364670955909,1.6404600368321116,0,-0.9835428589682198,1.6391027017950901,0,-0,-0,-0,-0,-0,-0,-0.1558228810012853,-1.9558769180289441,-0.39499172355003775,0.15272937105260695,-4.4283698307504933,-0.39499172355003775,0.1558228810012853,1.9558769180289441,0.39499172355003775,-0.15272937105260695,4.4283698307504933,0.39499172355003775
hold,0,1,0.020000000000000004,0,0,1,2,2,-3.6807817338682658e-05,-0.006156266751485292,0.0098663339908481064,-0.022341218053865981,0.31561091491545079,0,-0.96251746878405697,1.640448662434443,-0.013337479937672418,-0.9816559634509523,1.639100522949329,-0.012887348797845966,0.32300120687083633,0.0025909257814611588,-2.2238293205155877,0.29073014388110863,0.01644217545849589,-2.049719780468171,-0.49439351127613851,-1.9583768486290563,-0.34129001164823353,-0.15309593696664173,-4.4447945754429004,-0.34129001164823353,0.49439351127613851,1.9583768486290563,0.34129001164823353,0.15309593696664173,4.4447945754429004,0.34129001164823353
hold,0,2,0.030000000000000013,0,0,1,2,2,-8.0656962106129271e-05,-0.0032133226912440215,0.0058701790829774406,-0.65116552374851522,0.31550510512174934,0,-0.96205405424626289,1.6410787236537223,-0.044442943214203771,-0.98158595292338269,1.6397986971331651,-0.041412354818994697,-0.15265487889795235,0.11674736084076454,-3.6595208992867732,-0.19140967676802517,0.11282146499393093,-3.3619179945222664,-0.022444741809702518,-2.0775737734425945,0.19624609366785997,0.32848379946193518,-4.5467592584490237,0.19624609366785997,0.022444741809702518,2.0775737734425945,-0.19624609366785997,-0.32848379946193518,4.5467592584490237,-0.19624609366785997
hold,0,3,0.040000000000000022,0,0,1,2,2,-0.00011431956428667456,-0.0035053583135690215,0.0011761022210832041,-0.34823282054603699,0.31541346969070272,0,-0.9625434930077279,1.641769271173281,-0.073488637330535414,-0.98247618296036343,1.6403737395336342,-0.067173438495618937,0.023454164010453499,0.036577220415506359,-2.4349226772285086,-0.017689271970863875,0.021809083522580906,-2.0890370929049831,-0.19463827462638827,-2.0029280131738054,0.19264282674474653,0.16188523496061985,-4.460347216181427,0.19264282674474653,0.19463827462638827,2.0029280131738054,-0.19264282674474653,-0.16188523496061985,4.460347216181427,-0.19264282674474653
hold,0,4,0.050000000000000031,0,0,1,2,2,-0.00012732823319333564,0.00014654167097736398,-0.0024121493273612771,-0.36585749751291252,0.31537712247785038,0,-0.96335109186252965,1.6419195333110985,-0.090963920375364424,-0.98367986932542983,1.6404270023260628,-0.081628137454375319,-0.14892787375482694,0.0015740770586226268,-1.3054258263609348,-0.18884046145733765,-0.0046172306345087259,-1.0218349835926828,-0.015795446022693838,-1.969126966919462,0.32519601048410768,0.34266591536762486,-4.4343470043637661,0.32519601048410768,0.015795446022693838,1.969126966919462,-0.32519601048410768,-0.34266591536762486,4.4343470043637661,-0.32519601048410768
hold,0,5,0.060000000000000039,0,0,1,2,2,-0.00011907738262371959,0.0012754737101238769,-0.004090207456197292,-0.035718181593834136,0.31539741275732958,0,-0.9641721402636152,1.6415547063393232,-0.09411748490987018,-0.98492333164991697,1.6399693697137017,-0.081704088513384246,-0.037858222524801796,-0.060541326453936894,0.33663739294958456,-0.078672153774739559,-0.073302851558382467,0.65075361531681897,-0.12029671004403462,-1.9040929476327,0.17730414043262283,0.24244530628092381,-4.3620003225410029,0.17730414043262283,0.12029671004403462,1.9040929476327,-0.17730414043262283,-0.24244530628092381,4.3620003225410029,-0.17730414043262283
hold,0,6,0.070000000000000048,0,0,1,2,2,-9.9202776282475424e-05,0.002491628132123017,-0.0036766025025955929,0.092823929256520318,0.31545570043936255,0,-0.96461503831349082,1.6408911988463311,-0.085446554155293092,-0.98570587760758666,1.639181744671089,-0.070326407773449867,-0.048843366125553088,-0.070914486463773171,1.228351934665846,-0.080080531829246099,-0.086282502090184482,1.4983391069825445,-0.1057683820442783,-1.8884117276789265,0.073207859140429571,0.25011405199678788,-4.3427196716683003,0.073207859140429571,0.1057683820442783,1.8884117276789265,-0.073207859140429571,-0.25011405199678788,4.3427196716683003,-0.073207859140429571
hold,0,7,0.080000000000000057,0,0,1,2,2,-7.8717422410778948e-05,0.0018012428509207624,-0.0018843406485965733,0.23689495940102134,0.31551954888646505,0,-0.96458544383349265,1.6402098101848781,-0.07128741253563467,-0.98605069793571853,1.6382836404069423,-0.052703277710941972,0.036333228264058756,-0.069466153696016011,1.5673062325614244,-0.0062058099886759845,-0.093627376694396525,1.9613626177249173,-0.19118173227387553,-1.8844089511550601,-0.084517734139468906,0.17899789278127279,-4.3281899629509146,-0.084517734139468906,0.19118173227387553,1.8844089511550601,0.084517734139468906,-0.17899789278127279,4.3281899629509146,0.084517734139468906
hold,0,8,0.090000000000000066,0,0,1,2,2,-6.8081124199176335e-05,0.00061879088069212093,0.0004094539773843037,0.22440406623194972,0.31556123089884602,0,-0.96409253525320626,1.6396896218447119,-0.057778825964744117,-0.98610352099832133,1.6375168260123547,-0.034397389230215195,0.056990864906135398,-0.040853066709981734,1.2189795285031544,-0.0070527527273549452,-0.066676459776511293,1.7685532890662283,-0.21578263755824328,-1.9088605314197646,-0.16070931576155112,0.18026742002077409,-4.3490063647120989,-0.16070931576155112,0.21578263755824328,1.9088605314197646,0.16070931576155112,-0.18026742002077409,4.3490063647120989,0.16070931576155112
hold,0,9,0.10000000000000007,0,0,1,2,2,-7.4108403744235773e-05,-0.0014022612560208479,0.0024211838435810049,0.18563471303087165,0.31556386850156304,0,-0.96323870859396532,1.6395259670947042,-0.04992125924629047,-0.98606713761091203,1.6370864628554376,-0.019821908955384875,0.10301554547021242,-0.0013019929360221566,0.51328297398668554,0.016937738107405575,-0.019823929904861752,1.1751090841131782,-0.26863793139624786,-1.9471023671936629,-0.20449951151419846,0.15598586208673917,-4.3924159893284109,-0.20449951151419846,0.26863793139624786,1.9471023671936629,0.20449951151419846,-0.15598586208673917,4.3924159893284109,0.20449951151419846
hold,0,10,0.11000000000000008,0,0,1,2,2,-9.8718904983488565e-05,-0.0031498987176105291,0.0035908999950315826,0.071191533221687961,0.31552541441608356,0,-0.96224648371481458,1.6397742311942056,-0.049942249507118508,-0.98575443100938087,1.6373377632369635,-0.015316159963822367,0.096552399588736862,0.04232783396020303,-0.34388985356479163,0.040676094619710189,0.05060160036533453,-0.0086278052317094178,-0.27011258454797821,-1.9927183068858993,-0.16884985006836162,0.12974585276218531,-4.4648519226508148,-0.16884985006836162,0.27011258454797821,1.9927183068858993,0.16884985006836162,-0.12974585276218531,4.4648519226508148,0.16884985006836162
hold,0,11,0.12000000000000009,0,0,1,2,2,-0.00013437023224276146,-0.0038493306224950978,0.0034710859275426534,-0.067457093201092375,0.31545770786667526,0,-0.96158567398896899,1.6403452022209777,-0.057229259777556392,-0.98548365439059982,1.6380376537876526,-0.02058779373651785,0.046281155110584657,0.067065268044754059,-0.98932888944531783,0.017901870463034042,0.080968865506246934,-0.8628981355443176,-0.2251278178765907,-2.0220235091846268,-0.072822695790729683,0.15035386396861303,-4.5008183121972403,-0.072822695790729683,0.2251278178765907,2.0220235091846268,0.072822695790729683,-0.15035386396861303,4.5008183121972403,0.072822695790729683
hold,0,12,0.13000000000000009,0,0,1,2,2,-0.00017226674582614121,-0.0037496987368621998,0.0023686315774142756,-0.13873355447126667,0.3153853246542736,0,-0.96134530612763025,1.6409880138565394,-0.068152410876310104,-0.98544494076204781,1.6388039448301004,-0.030738698640915718,0.010100413437929244,0.062526496025081979,-1.1694679363761302,-0.017216421149455225,0.070537996243229942,-1.0226539776667565,-0.19087001909464524,-2.0226272302494479,0.015159104420526939,0.18516244655268621,-4.4965177712738056,0.015159104420526939,0.19087001909464524,2.0226272302494479,-0.015159104420526939,-0.18516244655268621,4.4965177712738056,-0.015159104420526939
hold,0,13,0.1400000000000001,0,0,1,2,2,-0.00020576323600016155,-0.0030947058549893689,0.00097507342411935218,-0.13975694340446793,0.31532937643907633,0,-0.96136157099670849,1.6414784022586071,-0.078463711952960882,-0.98590283923241739,1.6393261385080653,-0.038237575194109141,-0.0087048947654341704,0.040421226526088525,-0.94802795094427572,-0.066527142745211876,0.037647240071466678,-0.54719298321695298,-0.17193459193865587,-2.0044450679669965,0.067302659329905645,0.23813635591139956,-4.4678045645257614,0.067302659329905645,0.17193459193865587,2.0044450679669965,-0.067302659329905645,-0.23813635591139956,4.4678045645257614,-0.067302659329905645
hold,0,14,0.15000000000000011,0,0,1,2,2,-0.0002334390816995241,-0.002558530955310724,-3.1334109514682745e-06,-0.069851994643186921,0.31529990661492574,0,-0.96133540384120963,1.641720494043416,-0.085280011509100584,-0.98664501080962452,1.6394612601580802,-0.039413448306270298,0.010558655795499026,0.013865326050623378,-0.51060183626361311,-0.079640483392269701,-0.0015871273665534888,0.16426386087310851,-0.19140747974357994,-1.9798259017700028,0.059024632912114086,0.25718706917611445,-4.4296511702878609,0.059024632912114086,0.19140747974357994,1.9798259017700028,-0.059024632912114086,-0.25718706917611445,4.4296511702878609,-0.059024632912114086
hold,0,15,0.16000000000000011,0,0,1,2,2,-0.00025699871875713154,-0.0022103076535493582,-0.00028744173143954022,-0.0007696845125380776,0.31529261236747064,0,-0.96110937190127044,1.6417645971883963,-0.08815757834399221,-0.98746960600733891,1.6393350056703486,-0.034498754245031203,0.030844166363152563,-0.001743162516926031,-0.14154975118631771,-0.08608478829880864,-0.023807086943763777,0.74031948797347258,-0.21350124583074706,-1.9645702383622956,0.02488961709283807,0.27022813566436843,-4.4064211748087976,0.02488961709283807,0.21350124583074706,1.9645702383622956,-0.02488961709283807,-0.27022813566436843,4.4064211748087976,-0.02488961709283807
hold,0,16,0.17000000000000012,0,0,1,2,2,-0.00027955825908529408,-0.0022696704014900475,5.7745010927103457e-05,0.058083849435524526,0.31529679299309554,0,-0.96060573398296101,1.6417202064815779,-0.088531856624052066,-0.98836094840063493,1.6389790023878339,-0.024114291231827633,0.063107393802121742,-0.0068930684394523023,0.03790382862640735,-0.09258268599693148,-0.044029662343001,1.2496945492962044,-0.24979357661619167,-1.9590652067852221,-0.025405041472862371,0.28385677250885943,-4.3833505731494427,-0.025405041472862371,0.24979357661619167,1.9590652067852221,0.025405041472862371,-0.28385677250885943,4.3833505731494427,0.025405041472862371
hold,0,17,0.18000000000000013,0,0,1,2,2,-0.00030676561439890726,-0.0030010393483016935,0.00084361968123047556,0.092287360242626126,0.31530011733509061,0,-0.95973590429558375,1.6416913702203726,-0.088579089209255293,-0.98887630392981918,1.6388453613153611,-0.014499305581163278,0.10269880140443431,-0.00082659443474015419,-0.027883491862608287,-0.022499284509445733,0.001356383679083451,0.78830055722822079,-0.29634362171752227,-1.9649009907002919,-0.073833851172249332,0.2178962152548477,-4.4276674905917446,-0.073833851172249332,0.29634362171752227,1.9649009907002919,0.073833851172249332,-0.2178962152548477,4.4276674905917446,0.073833851172249332
hold,0,18,0.19000000000000014,0,0,1,2,2,-0.00033693913786655982,-0.003019070803920245,0.0013182826922654536,0.017590350243557772,0.31529204827866614,0,-0.95894495233264343,1.6417642335134546,-0.090579788556917729,-0.98915750934100766,1.6390252166275785,-0.0099170360696313777,0.063622625168102576,0.012527250129456251,-0.31440673291456228,-0.032044133374186469,0.026749456641692322,0.25161234467573268,-0.2635950611847131,-1.9788377416091441,-0.045361313538725682,0.22969070740909625,-4.4544994060520926,-0.045361313538725682,0.2635950611847131,1.9788377416091441,0.045361313538725682,-0.22969070740909625,4.4544994060520926,0.045361313538725682
hold,0,19,0.20000000000000015,0,0,1,2,2,-0.00036746678156061863,-0.0030761161743104205,0.0013084561514726232,-0.013368481927959867,0.31527753323282376,0,-0.95834801340211473,1.6418964633443203,-0.094659920404139591,-0.98936649190569659,1.6393125789686473,-0.0093961279409205158,0.0574162461558533,0.013689888253123344,-0.47291490252196017,-0.013831774145992298,0.029375516764391544,-0.075230950309135958,-0.26216419361669346,-1.9810582183797367,-0.025073131355568413,0.21315020869841353,-4.4594243649033425,-0.025073131355568413,0.26216419361669346,1.9810582183797367,0.025073131355568413,-0.21315020869841353,4.4594243649033425,0.025073131355568413
hold,0,20,0.21000000000000016,0,0,1,2,2,-0.00039536158542370636,-0.0026045430274003545,0.00090994173547471709,-0.057512478677474672,0.31526333189216549,0,-0.95796917973285156,1.6420264665614472,-0.099787444315636603,-0.98958217982930285,1.6395887103194884,-0.011279246636542724,0.025306650923798669,0.012562556848588344,-0.54280934732887287,-0.026905658864892521,0.026367458217789078,-0.26233549669025769,-0.23308526773874416,-1.9809709127122175,0.015921419211566867,0.22794959680616389,-4.4586253571634691,0.015921419211566867,0.23308526773874416,1.9809709127122175,-0.015921419211566867,-0.22794959680616389,4.4586253571634691,-0.015921419211566867
hold,0,21,0.22000000000000017,0,0,1,2,2,-0.00041804392128685919,-0.0020473880123415915,0.0003320578231175487,-0.057960348345625051,0.31525549726062135,0,-0.95778743991587634,1.6421001619647475,-0.10455089519222757,-0.98971859081493974,1.6397513992698585,-0.014384394318390748,0.013778997434414408,0.0040435208933303976,-0.43602616223403606,-0.012562353841162591,0.013520688320373439,-0.30845306375100756,-0.2230115327851617,-1.9730414399833618,0.035996620240739234,0.214697579667529,-4.447080098869014,0.035996620240739234,0.2230115327851617,1.9730414399833618,-0.035996620240739234,-0.214697579667529,4.447080098869014,-0.035996620240739234
hold,0,22,0.23000000000000018,0,0,1,2,2,-0.0004331189573547195,-0.0011601361107412165,-0.00026166288451333802,-0.060329555894106539,0.31525691286812951,0,-0.95781335339814377,1.6420953909905691,-0.10779619449809244,-0.98990129250869274,1.639823879330478,-0.016984361094437666,-0.013254788061071568,-0.0033589623494946707,-0.25309309039241773,-0.013667235545522389,-0.00067080797906658718,-0.2680719149788664,-0.19577043943153621,-1.9656007889471094,0.056048447443081052,0.21726407492191285,-4.4334684430545304,0.056048447443081052,0.19577043943153621,1.9656007889471094,-0.056048447443081052,-0.21726407492191285,4.4334684430545304,-0.056048447443081052
hold,0,23,0.24000000000000019,0,0,1,2,2,-0.00043983821811537094,-0.0003506681231588342,-0.00070331990684815472,-0.033384486376327863,0.31526829367963705,0,-0.95801654457579744,1.6420164586080919,-0.10870428805044015,-0.99002775587145175,1.6397816773536753,-0.018613543595549183,-0.024134891804560247,-0.011341871371074723,0.012941590438313159,-0.011164809752043056,-0.007104705403983229,-0.096356500074698342,-0.18326480626681826,-1.9569864208657115,0.052044547184114956,0.21577335603050563,-4.4266969298151917,0.052044547184114956,0.18326480626681826,1.9569864208657115,-0.052044547184114956,-0.21577335603050563,4.4266969298151917,-0.052044547184114956
hold,0,24,0.25000000000000017,0,0,1,2,2,-0.00043989465419304319,0.00022442860735841683,-0.0008142457693477936,0.0037747281866789602,0.31528936200931246,0,-0.95822501911957358,1.6418598126535833,-0.10724856206746447,-0.9900266325840803,1.6396672844587696,-0.018773355371286129,-0.018802824688724476,-0.01847653720456861,0.23459015260169069,0.0080233645348666907,-0.014537300188706777,0.035854426906980381,-0.18692907703244482,-1.9485985873961489,0.029829995149893627,0.19657619544462426,-4.418349191871223,0.029829995149893627,0.18692907703244482,1.9485985873961489,-0.029829995149893627,-0.19657619544462426,4.418349191871223,-0.029829995149893627
hold,0,25,0.26000000000000018,0,0,1,2,2,-0.00043475259584332959,0.00071026042157089722,-0.00069059314780912841,0.018096732871824513,0.31531497284692878,0,-0.95843719412903727,1.6416679781705534,-0.10424607574677031,-0.98989127605126637,1.639511471877503,-0.018257006985707092,-0.023043473615480457,-0.019719402799351124,0.34622933360495378,0.017279888443081107,-0.016393617878834883,0.062494957570407704,-0.18099102802997935,-1.9458210459371277,0.013210330282633003,0.18623681927389835,-4.4152463735309615,0.013210330282633003,0.18099102802997935,1.9458210459371277,-0.013210330282633003,-0.18623681927389835,4.4152463735309615,-0.013210330282633003
hold,0,26,0.27000000000000018,0,0,1,2,2,-0.00042605820693387975,0.00097920307537600784,-0.00045419105278670432,0.027337790808957541,0.31534023385489585,0,-0.95865476583435172,1.6414772817225152,-0.10059908805741299,-0.98963418939911085,1.63935370223,-0.017909670074309179,-0.021179017143750402,-0.018713142557851316,0.37969359546633635,0.031238345997107377,-0.015425783371318412,0.017362759416871543,-0.18111491085919385,-1.9453017345943213,-0.003467575916036204,0.17022166850262799,-4.4149520508584539,-0.003467575916036204,0.18111491085919385,1.9453017345943213,0.003467575916036204,-0.17022166850262799,4.4149520508584539,0.003467575916036204
hold,0,27,0.28000000000000019,0,0,1,2,2,-0.00041506945679453677,0.0011807544936239074,-0.00022257388039502899,0.020374320851834403,0.31536169348477272,0,-0.95888817073366295,1.6413153695738627,-0.097083189794938241,-0.98928489234657224,1.639225453746499,-0.018400448050780772,-0.024790600069344491,-0.014406267635444786,0.33291548498693918,0.037251629236261803,-0.011131234754880672,-0.091994181099663758,-0.17563608873910991,-1.948313312327508,-0.0093852935112524617,0.16141400884316467,-4.4182206116068832,-0.0093852935112524617,0.17563608873910991,1.948313312327508,0.0093852935112524617,-0.16141400884316467,4.4182206116068832,0.0093852935112524617
hold,0,28,0.2900000000000002,0,0,1,2,2,-0.0004023815296595179,0.0013294249127333672,-8.1652508492219085e-05,0.0099038807656323842,0.31537790418826089,0,-0.95914670657004986,1.6411987082942527,-0.094233067825693795,-0.98888054979407691,1.6391411352261809,-0.020076216867457183,-0.027149505623441612,-0.010513156553545741,0.26028152645509395,0.042496579347555789,-0.0066625022604342339,-0.21729412274458351,-0.17120889649391752,-1.9512731331725275,-0.0092232907416051543,0.15293431831190804,-4.422014795938785,-0.0092232907416051543,0.17120889649391752,1.9512731331725275,0.0092232907416051543,-0.15293431831190804,4.422014795938785,0.0092232907416051543
hold,0,29,0.30000000000000021,0,0,1,2,2,-0.00038787765193123991,0.0015300128216936958,-6.8556867761207277e-05,-0.0044242867026878293,0.31538931069975279,0,-0.95946300702781229,1.6411110227434906,-0.091983260283979962,-0.9884518184092127,1.6390974955151949,-0.022949855301645387,-0.035033340413867117,-0.0078798059736807126,0.20553935345695407,0.043191979974507792,-0.002849280076210642,-0.33440379571557655,-0.16079465804139259,-1.9532049993462957,-0.0018774443350684932,0.14880906660604235,-4.4254789004351212,-0.0018774443350684932,0.16079465804139259,1.9532049993462957,0.0018774443350684932,-0.14880906660604235,4.4254789004351212,0.0018774443350684932
hold,0,30,0.31000000000000022,0,0,1,2,2,-0.00037119769551297033,0.0017558434662732448,-0.00016094155694041797,-0.012457491677672029,0.31539759055006478,0,-0.95985092963810548,1.6410431972430257,-0.090054889348646069,-0.98800207554375197,1.6390790937021527,-0.026786712996020881,-0.041136530777894628,-0.0059083066876386972,0.18250276934145687,0.046374175091884469,-0.00116327143587471,-0.41802941423881596,-0.15158808679501956,-1.9546338946286184,0.0055243987434967874,0.14202892856497981,-4.427017694571119,0.0055243987434967874,0.15158808679501956,1.9546338946286184,-0.0055243987434967874,-0.14202892856497981,4.427017694571119,-0.0055243987434967874
hold,0,31,0.32000000000000023,0,0,1,2,2,-0.00035110444719549383,0.0021872896920671304,-0.00031544642470239027,-0.017411482586668022,0.31540497682161828,0,-0.9603223007054551,1.64097254575017,-0.088007990052876878,-0.98786985842922115,1.6389297000733691,-0.028289593438358945,-0.051413301621634759,-0.0076868384121908809,0.22038041592626836,-0.012933991184034859,-0.02654102937952442,0.06556942120824974,-0.13754034741248242,-1.9522901509612207,0.01228727865733362,0.20027935792465257,-4.400444787597201,0.01228727865733362,0.13754034741248242,1.9522901509612207,-0.01228727865733362,-0.20027935792465257,4.400444787597201,-0.01228727865733362
hold,0,32,0.33000000000000024,0,0,1,2,2,-0.0003316295465067981,0.0017685761258767283,-0.00010714919467950094,0.046257006564784764,0.31541444040372602,0,-0.96050269429827517,1.6408820610721784,-0.085458318464087427,-0.98794728354224037,1.6386107765596682,-0.025237202530016403,0.0050394587845205875,-0.0085235176912410119,0.26517694164312849,0.0038592878448223678,-0.028082667822394783,0.37316610434108111,-0.19254995907607719,-1.9507295942582372,-0.033756579591604746,0.18410547979994915,-4.3963517610447234,-0.033756579591604746,0.19254995907607719,1.9507295942582372,0.033756579591604746,-0.18410547979994915,4.3963517610447234,0.033756579591604746
hold,0,33,0.34000000000000025,0,0,1,2,2,-0.00031612941508728232,0.0014116542179252413,0.00031672661626382976,0.039812896649828532,0.31541887660479606,0,-0.96039793483537395,1.6408377978607542,-0.083588383692436832,-0.98776795488392866,1.6385288014630228,-0.023648076676676875,0.013849787010475515,-0.001567515377700338,0.13672190224084102,0.028227469105037255,0.0022072484518489309,0.025468624360740599,-0.20219836300524194,-1.9573314908803847,-0.044501881225099828,0.15830266927324052,-4.4259858765458038,-0.044501881225099828,0.20219836300524194,1.9573314908803847,0.044501881225099828,-0.15830266927324052,4.4259858765458038,0.044501881225099828
hold,0,34,0.35000000000000026,0,0,1,2,2,-0.00030233718276037602,0.0013570776257402365,0.00047168522277854876,-0.00072543441876829831,0.31541354354368217,0,-0.96037029824231646,1.6408688840526402,-0.083258402714715934,-0.98748807093906699,1.6386495739339537,-0.025399423985890415,-0.0044058631860017152,0.0066927858358134112,-0.039067083089882902,0.028085753910729792,0.017415347460083653,-0.30404466415879516,-0.18416380555322462,-1.9658404816289863,-0.024834949107031042,0.15620531290865464,-4.4421601553214858,-0.024834949107031042,0.18416380555322462,1.9658404816289863,0.024834949107031042,-0.15620531290865464,4.4421601553214858,0.024834949107031042
hold,0,35,0.36000000000000026,0,0,1,2,2,-0.00028807034246119967,0.0014959193904017481,0.00031872059931465301,-0.024933486150627696,0.3154035551787836,0,-0.9604883680240659,1.6409435048583099,-0.084120702738816014,-0.98729734452248696,1.6388019826158455,-0.028646159046658574,-0.016639411342117341,0.0078996460280268792,-0.11827650624545691,0.00061527856635687495,0.007069518738184434,-0.22194818940799593,-0.17098569914311346,-1.9676443082665571,-0.0043648902173941163,0.18214997692038737,-4.4330335960547211,-0.0043648902173941163,0.17098569914311346,1.9676443082665571,0.0043648902173941163,-0.18214997692038737,4.4330335960547211,0.0043648902173941163
hold,0,36,0.37000000000000027,0,0,1,2,2,-0.00027294749989234535,0.0015145270551129601,0.00015379714652188754,-0.010885015196730824,0.31539550159685004,0,-0.96057389350198041,1.6410033154506458,-0.085193926687797863,-0.98747971579757432,1.6387486060366951,-0.02845452314534554,-0.0026105337091685654,0.0054970452449135164,-0.10804466363874442,-0.029936279614234406,-0.0098238905927030672,0.15435109761080434,-0.18433037295274612,-1.9657201922221312,-0.0068440181523317274,0.21416050530167752,-4.4157131740906301,-0.0068440181523317274,0.18433037295274612,1.9657201922221312,0.0068440181523317274,-0.21416050530167752,4.4157131740906301,0.0068440181523317274
hold,0,37,0.38000000000000028,0,0,1,2,2,-0.00025945250412426346,0.001228616461108322,0.00023423322363411801,0.020626236522908566,0.31539045116904246,0,-0.96040814644143579,1.6410449843749624,-0.08623975878379167,-0.98780964575196961,1.638617382266033,-0.025319831831310126,0.029244228589151412,0.0031663234419945078,-0.10103501328421717,-0.028508901536118656,-0.011144157526249683,0.3546963226884402,-0.21751111173542304,-1.9637228218137448,-0.02831113493909606,0.21537256685872408,-4.4133431169917872,-0.02831113493909606,0.21751111173542304,1.9637228218137448,0.02831113493909606,-0.21537256685872408,4.4133431169917872,0.02831113493909606
hold,0,38,0.39000000000000029,0,0,1,2,2,-0.00024912449614823695,0.00090637067283803115,0.00043939780159663928,0.020447663884347874,0.31538361955974464,0,-0.96004998706512634,1.6410992578401915,-0.087774213208531515,-0.98790029724706874,1.6386675589290216,-0.023849552800312812,0.040441673148578862,0.0070923896504768236,-0.190153991000242,0.0048054130017491942,0.012972102677224828,0.017572230973035279,-0.23157383130532611,-1.9680830757440602,-0.034540261194925197,0.18278346428164924,-4.4378607904991698,-0.034540261194925197,0.23157383130532611,1.9680830757440602,0.034540261194925197,-0.18278346428164924,4.4378607904991698,0.034540261194925197
hold,0,39,0.4000000000000003,0,0,1,2,2,-0.0002389186380481606,0.001094989442612497,0.00037629819961464714,-0.024153408518192934,0.31537188506734748,0,-0.95982155195625374,1.6411967957479527,-0.090372322739697031,-0.98789239852484245,1.6388666102781693,-0.025473861913962569,0.01134910180977226,0.011526330797542393,-0.30749499608086983,-0.0016166633774872972,0.023348846265595326,-0.27808965005573466,-0.20430874083750034,-1.9732973201532156,-0.0050444753537130082,0.18914235088307546,-4.4498299448807224,-0.0050444753537130082,0.20430874083750034,1.9732973201532156,0.0050444753537130082,-0.18914235088307546,4.4498299448807224,0.0050444753537130082
hold,0,40,0.41000000000000031,0,0,1,2,2,-0.0002261152384251397,0.0014270047420787875,6.8701387464530233e-05,-0.035079301666097622,0.31536074078359649,0,-0.95977221606569052,1.6412890297161447,-0.093352188495311905,-0.98799644405905429,1.6389990439276623,-0.027604799455379785,0.00092452868648504934,0.0076735759913638471,-0.29389682471485762,-0.029662072601887177,0.00035014013619120554,-0.049988159016365816,-0.19427885483871887,-1.9701824370925722,0.012100123081812651,0.21802012438117002,-4.4278907079472622,0.012100123081812651,0.19427885483871887,1.9701824370925722,-0.012100123081812651,-0.21802012438117002,4.4278907079472622,-0.012100123081812651
hold,0,41,0.42000000000000032,0,0,1,2,2,-0.00021092889030425999,0.0015583103550506835,-0.00012040541295477848,-0.0081904316340799532,0.31535554288380113,0,-0.95966137320802636,1.6413322389249472,-0.095780194313632813,-0.98846570273286383,1.6388580496440608,-0.025232875949729037,0.018002785079009705,0.0022448547989635773,-0.21090987147681242,-0.051105287136127657,-0.014877906669215946,0.33423427085661761,-0.21224385409255683,-1.9650993895705922,0.0018642544212748935,0.24321740830588681,-4.4115347068730433,0.0018642544212748935,0.21224385409255683,1.9650993895705922,-0.0018642544212748935,-0.24321740830588681,4.4115347068730433,-0.0018642544212748935
hold,0,42,0.43000000000000033,0,0,1,2,2,-0.00019686788504046093,0.0013092802881740835,-5.3756253841138882e-06,0.024642959986008076,0.31535416529133875,0,-0.95930786670343315,1.6413454688766183,-0.097716872069333646,-0.98869170728863209,1.6388466013567862,-0.023202601061303219,0.047106271831947648,0.00068970347046999039,-0.18329930495343233,-0.0023896446265508683,0.0050354674041371058,0.12320040870014304,-0.24417539288224041,-1.9636500778554673,-0.022008586769075328,0.19630980224245614,-4.4313564946481989,-0.022008586769075328,0.24417539288224041,1.9636500778554673,0.022008586769075328,-0.19630980224245614,4.4313564946481989,0.022008586769075328
hold,0,43,0.44000000000000034,0,0,1,2,2,-0.00018152438415434957,0.0016848452150093362,-1.6793415145740531e-05,-0.018331766292542507,0.31535037629993085,0,-0.95903625156542838,1.6413806273301141,-0.10007301217548516,-0.98879359199443673,1.6389711463600136,-0.023514317746940568,0.014137910506805854,0.0053143042289499776,-0.2713144897766494,-0.015089305873982033,0.016120899672057241,-0.12926141719108186,-0.21337995266113682,-1.9685559462419144,0.0033667246779613136,0.20982454113632437,-4.4434382869419391,0.0033667246779613136,0.21337995266113682,1.9685559462419144,-0.0033667246779613136,-0.20982454113632437,4.4434382869419391,-0.0033667246779613136
hold,0,44,0.45000000000000034,0,0,1,2,2,-0.0001632269787680829,0.0019229647962278541,-0.00019809929848410736,-0.017999707496449229,0.31534709825955237,0,-0.95889928769489285,1.6414117026128907,-0.10265763832531789,-0.98883017887384139,1.6391144245160603,-0.025488301341343753,0.013612401707549538,0.0016862674412080247,-0.25189181665920035,0.0041435781069048098,0.012750197146216691,-0.24230133626051065,-0.2139501548261647,-1.9651765117163849,0.0089406482676797679,0.19088435219067484,-4.4412138096644709,0.0089406482676797679,0.2139501548261647,1.9651765117163849,-0.0089406482676797679,-0.19088435219067484,4.4412138096644709,-0.0089406482676797679
hold,0,45,0.46000000000000035,0,0,1,2,2,-0.00014001487274679925,0.0026036501480904833,-0.00048319309580484803,-0.035451854981190419,0.31534730416960605,0,-0.95890040197583626,1.6414143562438004,-0.10494636205431015,-0.98908581111324501,1.6390736379069479,-0.025835489372426627,-0.0090260838357908851,-0.00071972050657621899,-0.2150913331541523,-0.055451758498196821,-0.018172518924873683,0.1843144118742141,-0.19130275503527705,-1.962791752815878,0.027335371324296809,0.25252474671100539,-4.4099648007204824,0.027335371324296809,0.19130275503527705,1.962791752815878,-0.027335371324296809,-0.25252474671100539,4.4099648007204824,-0.027335371324296809
hold,0,46,0.47000000000000036,0,0,1,2,2,-0.00011535078243031516,0.0023783089738864038,-0.00046057342991171445,0.027416229140160883,0.31535315908507622,0,-0.95869621856347065,1.641371673898758,-0.10643776095169992,-0.98926476780557726,1.6389797823969836,-0.024519210137420099,0.040157380451591902,-0.006581310336192369,-0.10663320705957124,0.0083071421765828057,-0.0058918252094915134,0.10125827254528706,-0.2421196866215847,-1.9565887042259231,-0.0119613797895975,0.1901974995748838,-4.4214946503561494,-0.0119613797895975,0.2421196866215847,1.9565887042259231,0.0119613797895975,-0.1901974995748838,4.4214946503561494,0.0119613797895975
hold,0,47,0.48000000000000037,0,0,1,2,2,-8.8148991998007742e-05,0.0029501102669520921,-0.00046379999118752521,-0.018810980770262935,0.31535754527937654,0,-0.9585443313259745,1.6413470381866091,-0.10790678974474026,-0.98932994135425878,1.6390007980749801,-0.024767426001460143,-0.00213359820393378,0.00045424657151746568,-0.16911502584494237,-0.016106024080563049,0.0063282560250993627,-0.10472467851007206,-0.20104380586602824,-1.9634271754364414,0.014011774618869696,0.21513205422148182,-4.4338828570147131,0.014011774618869696,0.20104380586602824,1.9634271754364414,-0.014011774618869696,-0.21513205422148182,4.4338828570147131,-0.014011774618869696
hold,0,48,0.49000000000000038,0,0,1,2,2,-5.7558383049355344e-05,0.003150513363033377,-0.00054587331411128288,-0.0010749001020128324,0.31536210188893093,0,-0.95847340036338613,1.6413199883823526,-0.10940108564136006,-0.98933687659103653,1.639028900622379,-0.026002696783835572,0.013322272046890352,-0.0047161820172509882,-0.13753582859770205,0.0013430458881723726,-0.005784724995877834,-0.049408821724261406,-0.2170671238175593,-1.9580403484136211,0.0048814782646830306,0.19773846614696838,-4.4219946963729271,0.0048814782646830306,0.2170671238175593,1.9580403484136211,-0.0048814782646830306,-0.19773846614696838,4.4219946963729271,-0.0048814782646830306
hold,0,49,0.50000000000000033,0,0,1,2,2,-2.272552898607838e-05,0.0036737393442977479,-0.00064119791339266275,-0.01526652270008666,0.3153680653036976,0,-0.95844482640590867,1.6412848021792854,-0.11074783869608727,-0.98966822570433788,1.6388510662569657,-0.024217473332982204,-0.0028964119496083128,-0.0033071023685954403,-0.1383606049230979,-0.044645851856699052,-0.013694557811677142,0.19248627881872452,-0.20107703148088035,-1.959167938437739,0.014569286964640125,0.24637815679825062,-4.4126621886338215,0.014569286964640125,0.20107703148088035,1.959167938437739,-0.014569286964640125,-0.24637815679825062,4.4126621886338215,-0.014569286964640125
hold,0,50,0.51000000000000034,0,0,1,2,2,1.2685132896747553e-05,0.0034563323548429787,-0.00051057569452128357,0.031955876548457551,0.31537588931094129,0,-0.95819818234476761,1.6412268167071331,-0.11200662592253889,-0.98977450876285533,1.6387840304661745,-0.023075228259424801,0.043081077471340525,-0.0073327795050765034,-0.11858973473176593,0.012799796475759276,-0.0038735323970510291,0.066538413445873662,-0.2490276733909576,-1.9546783775240395,-0.019218034991331106,0.18978277293393192,-4.4219469277221171,-0.019218034991331106,0.2490276733909576,1.9546783775240395,0.019218034991331106,-0.18978277293393192,4.4219469277221171,0.019218034991331106
hold,0,51,0.52000000000000035,0,0,1,2,2,5.0616281135507091e-05,0.0040182762471656632,-0.00051181855921659852,-0.021511615886387274,0.31537997301473619,0,-0.95799604591708953,1.6411941004949151,-0.11400721388327152,-0.9898111796812723,1.6388192166093751,-0.023797975021902184,0.0052008425986949372,-0.00063105205505715502,-0.25485605116840326,-0.014519959590521572,0.00761829595911118,-0.16105542569974907,-0.21276452993973666,-1.9611183752763148,0.011258840851467028,0.21739589634754852,-4.4337202452238849,0.011258840851467028,0.21276452993973666,1.9611183752763148,-0.011258840851467028,-0.21739589634754852,4.4337202452238849,-0.011258840851467028
hold,0,52,0.53000000000000036,0,0,1,2,2,9.2454515515261182e-05,0.0043115890975763977,-0.0006749619787252448,-0.012787693227832712,0.31538259307853411,0,-0.9578807254064442,1.6411689312762929,-0.11657191994546012,-0.98985248785883517,1.6388619284379642,-0.025621647226527378,0.01599079635803613,-0.0037929845619293556,-0.25949761880940569,-0.0054471145012653229,-0.0038805426231841317,-0.11156874119024063,-0.22447704778424052,-1.9577550890204654,0.010455258413082515,0.20865351667879523,-4.4225631012703017,0.010455258413082515,0.22447704778424052,1.9577550890204654,-0.010455258413082515,-0.20865351667879523,4.4225631012703017,-0.010455258413082515
hold,0,53,0.54000000000000037,0,0,1,2,2,0.00013935850544460893,0.0049156780596849017,-0.00086493353587578886,-0.023215552272868485,0.3153866725881293,0,-0.95782624630515656,1.641148209119081,-0.11900922969407912,-0.9902798628796492,1.6386912003590923,-0.024069935758726718,-0.0014605601198610148,-0.00086058115898966694,-0.23437698350066133,-0.058644418899404374,-0.014239142006530571,0.21378994777490593,-0.20746152411664451,-1.9605217151657095,0.021026402037446337,0.2652698212434465,-4.4108386772559802,0.021026402037446337,0.20746152411664451,1.9605217151657095,-0.021026402037446337,-0.2652698212434465,4.4108386772559802,-0.021026402037446337
hold,0,54,0.55000000000000038,0,0,1,2,2,0.00018695981485533641,0.0046602225811780851,-0.00074008310455373188,0.036294023478795782,0.31539427899004935,0,-0.95748061487836433,1.6410944971259553,-0.12122443115527368,-0.99046549758501645,1.6386103357358321,-0.022609420060622887,0.058594686167633282,-0.0080444365167952007,-0.21472377902066739,0.0089076362033571645,-0.0058031708626145942,0.10545054041586308,-0.2702818218184766,-1.9529081638628989,-0.020093629320690767,0.19920284378362299,-4.4186277314138147,-0.020093629320690767,0.2702818218184766,1.9529081638628989,0.020093629320690767,-0.19920284378362299,4.4186277314138147,0.020093629320690767
hold,0,55,0.56000000000000039,0,0,1,2,2,0.0002378369458666818,0.005373622000957614,-0.00076470604488799554,-0.028299244254307521,0.3153977476604185,0,-0.95716345838965833,1.6410566394051032,-0.12438204498003408,-0.99060585893239117,1.6386371643251021,-0.023014566244263703,0.014111964605570623,-0.00097226247450310391,-0.3841611507229854,-0.029244808787144489,0.0074949294310066236,-0.13358799225449461,-0.22833635216606199,-1.9596774761383735,0.017431394656268563,0.23847817955312239,-4.4321404604215955,0.017431394656268563,0.22833635216606199,1.9596774761383735,-0.017431394656268563,-0.23847817955312239,4.4321404604215955,-0.017431394656268563
hold,0,56,0.5700000000000004,0,0,1,2,2,0.00029354491834476804,0.0057201972320246606,-0.00096163876371417991,-0.013890862056960511,0.31539948162640918,0,-0.95691821833853918,1.6410214417719911,-0.12826576289544531,-0.9907758769830004,1.6386737623317869,-0.024450571635148206,0.031811682921261845,-0.0052165521141852378,-0.39404180172561681,-0.017101089992564458,-0.0050631104857811089,-0.063937730255236011,-0.24799799089070637,-1.9551516054337945,0.014046223145410036,0.22769460516341622,-4.4198752045582861,0.014046223145410036,0.24799799089070637,1.9551516054337945,-0.014046223145410036,-0.22769460516341622,4.4198752045582861,-0.014046223145410036
hold,0,57,0.5800000000000004,0,0,1,2,2,0.00035513411018156527,0.0064189959101377224,-0.0011867368502184925,-0.02834948972842322,0.31540244742698664,0,-0.95671301182897683,1.6409887411260455,-0.13217731959062237,-0.99124352658868542,1.6385449884069576,-0.023370077742859208,0.015590316389738833,-0.0033795258346035325,-0.4007079326607893,-0.054309334043234327,-0.0074357371988757141,0.087036058153304605,-0.23341827643568214,-1.9567270265458121,0.027972740631464585,0.26864404605956621,-4.416472386446558,0.027972740631464585,0.23341827643568214,1.9567270265458121,-0.027972740631464585,-0.26864404605956621,4.416472386446558,-0.027972740631464585
hold,0,58,0.59000000000000041,0,0,1,2,2,0.00042033087283027681,0.0065881532815823809,-0.0012381046421230588,0.010346092471710281,0.3154079233645331,0,-0.95632544794059859,1.6409205272932894,-0.13609632765336388,-0.99153674954743121,1.6385016305471491,-0.02286038214291514,0.054460742562388871,-0.008928904994478978,-0.38885936048799202,-0.012104913939196818,-0.0034707346656938686,0.029345575791916413,-0.27538921371535807,-1.9506319367238876,0.0045047182305341755,0.22878540962549498,-4.420090526101272,0.0045047182305341755,0.27538921371535807,1.9506319367238876,-0.0045047182305341755,-0.22878540962549498,4.420090526101272,-0.0045047182305341755
hold,0,59,0.60000000000000042,0,0,1,2,2,0.00049117341340232379,0.0074148557474850068,-0.0013742291607015511,-0.029581629088601791,0.31541196930993237,0,-0.95595119363968806,1.6408494678118219,-0.14059096010562594,-0.99181471660225962,1.6385110346763028,-0.023375471288046519,0.026521692590871157,-0.0059418446678511077,-0.4921290448752158,-0.038143524994435615,0.0033471858862816613,-0.10317605051204941,-0.25044419815112468,-1.9530505211987756,0.030214525943609259,0.25704775711936106,-4.4269836796864759,0.030214525943609259,0.25044419815112468,1.9530505211987756,-0.030214525943609259,-0.25704775711936106,4.4269836796864759,-0.030214525943609259
hold,0,60,0.61000000000000043,0,0,1,2,2,0.00056932983737062459,0.0080677622853040799,-0.0015974001412180229,-0.017512109113451108,0.31541619221759848,0,-0.95567856931342288,1.6407924672420791,-0.14516676692656513,-0.99229926867078655,1.6384165498840217,-0.022687091817763964,0.033303941824302311,-0.0083447712261882807,-0.46000878667014522,-0.052340568440299107,-0.011796458718787962,0.13116042377022519,-0.2594074419946773,-1.9501915900824953,0.027568297877952466,0.27512121711344006,-4.4110841567431587,0.027568297877952466,0.2594074419946773,1.9501915900824953,-0.027568297877952466,-0.27512121711344006,4.4110841567431587,-0.027568297877952466
hold,0,61,0.62000000000000044,0,0,1,2,2,0.00065255450209146526,0.0084943325799671284,-0.0016502992401004766,0.0028676458865998867,0.31542290808931039,0,-0.95519518192812147,1.6406881935926103,-0.14994607471830459,-0.99268824857150406,1.638343768994978,-0.021776530930417735,0.058731385217639868,-0.01167838581007781,-0.49293557682546063,-0.029468614246955859,-0.0053896911109894939,0.067162185731305127,-0.28870198447042605,-1.946023786302856,0.014208196590519523,0.2553611021258369,-4.4169086772386068,0.014208196590519523,0.28870198447042605,1.946023786302856,-0.014208196590519523,-0.2553611021258369,4.4169086772386068,-0.014208196590519523
hold,0,62,0.63000000000000045,0,0,1,2,2,0.00074292294902031375,0.0094022331307597445,-0.0017805242405034307,-0.023600149028959315,0.31542757379646086,0,-0.95508769591397202,1.6407036162303898,-0.1533699051069338,-0.99308715977564133,1.638325582656655,-0.021715855828265823,-0.019040208267994893,0.0075182821722106271,-0.24507900112705464,-0.046743258780860587,6.1364102785043339e-05,-0.03255199120004966,-0.21179027909798692,-1.9653438353873807,0.030700952577968205,0.27582703629283972,-4.422214241745797,0.030700952577968205,0.21179027909798692,1.9653438353873807,-0.030700952577968205,-0.27582703629283972,4.422214241745797,-0.030700952577968205
hold,0,63,0.64000000000000046,0,0,1,2,2,0.00083657621877689103,0.0093436700491752577,-0.0016171816040168084,0.042961625990492629,0.3154370717653705,0,-0.95510593478617378,1.6407478128766377,-0.15424910160669886,-0.99311553617318526,1.6382766400106905,-0.022160201034292115,0.010692452513737551,0.001367847156579119,0.013711168213852314,0.026480196197825781,-0.008321515432611306,-0.05224734467827917,-0.24137702890210527,-1.9595469735417324,-0.017610522690450128,0.20283059249450486,-4.4134398210426848,-0.017610522690450128,0.24137702890210527,1.9595469735417324,0.017610522690450128,-0.20283059249450486,4.4134398210426848,0.017610522690450128
hold,0,64,0.65000000000000047,0,0,1,2,2,0.00093319299409728995,0.009897519029869916,-0.0013845641492204225,0.010192316884673949,0.31544703376067451,0,-0.95523866400823365,1.6407859692187376,-0.15398277535044616,-0.99315337364800205,1.6380844012876126,-0.021445204500598072,-0.028945919298726933,0.0049750139431966756,0.035858919451553561,-0.034200289521662708,-0.029361086732785334,0.23623546149825625,-0.20067682331316183,-1.9634593910651492,-0.0095308552548085575,0.26381377801252759,-4.3908623399578879,-0.0095308552548085575,0.20067682331316183,1.9634593910651492,0.0095308552548085575,-0.26381377801252759,4.3908623399578879,0.0095308552548085575
hold,0,65,0.66000000000000048,0,0,1,2,2,0.0010278091261618078,0.0091791014873696692,-0.00090223257951975704,0.073600377274523981,0.31545502152561566,0,-0.95516821290987475,1.6408149194299475,-0.15340373057811243,-0.99299242260634701,1.6379241444066164,-0.020586189763740704,0.03108847318838534,0.001455711035186547,0.072434041368439506,0.050527263329280064,-0.0095501215878969186,-0.0074397076371680096,-0.26127482458714535,-1.9601716898468178,-0.064788529312501286,0.17779861682834458,-4.4093912500548065,-0.064788529312501286,0.26127482458714535,1.9601716898468178,0.064788529312501286,-0.17779861682834458,4.4093912500548065,0.064788529312501286
hold,0,66,0.67000000000000048,0,0,1,2,2,0.0011212478533926123,0.0094836728150661884,-0.00063530102634268195,-0.0044991791270961035,0.31545297965636176,0,-0.95518904066164545,1.640901192539296,-0.15386286468444169,-0.99274237732080628,1.6379348893875021,-0.022506531484833382,-0.024407729224857046,0.013234139799320309,-0.12181433527696162,-0.0045121307699802909,0.001042783578249614,-0.19532619692163769,-0.20561200015973735,-1.9726403034857396,-0.02812638763335118,0.23083764864327905,-4.4200701150680386,-0.02812638763335118,0.20561200015973735,1.9726403034857396,0.02812638763335118,-0.23083764864327905,4.4200701150680386,0.02812638763335118
hold,0,67,0.68000000000000049,0,0,1,2,2,0.0012138239370353965,0.0091028586226762926,-0.00051872693657637131,0.022411820227841474,0.31544516645646159,0,-0.95522452663592206,1.6410132529208368,-0.15527820431019601,-0.99281029417223055,1.6378594360385037,-0.022777096272392095,0.01024920830645943,0.010003551394590728,-0.15500597711573233,-0.0073962896604502209,-0.0097373747761288279,0.060418384643006605,-0.23998504989684097,-1.9703061981333361,-0.047828951327987972,0.23426514234514312,-4.4086863299216734,-0.047828951327987972,0.23998504989684097,1.9703061981333361,0.047828951327987972,-0.23426514234514312,4.4086863299216734,0.047828951327987972
hold,0,68,0.6900000000000005,0,0,1,2,2,0.0013028964867502213,0.0087802503261789761,-0.00031552706938593598,0.018927474358771089,0.31543445455916563,0,-0.95505256155702578,1.6411347504802136,-0.15748467649859868,-0.99299175182624733,1.6378019125434879,-0.021749394231182991,0.021713738142088622,0.013600017907055095,-0.2635637341767294,-0.025721289478891015,-0.0023282428570595643,0.12984522775610907,-0.25282530036364037,-1.9748746451208152,-0.052128491749889753,0.25404180339571814,-4.4156352738806168,-0.052128491749889753,0.25282530036364037,1.9748746451208152,0.052128491749889753,-0.25404180339571814,4.4156352738806168,0.052128491749889753
hold,0,69,0.70000000000000051,0,0,1,2,2,0.0013881196651671091,0.0083491892442650196,-0.00010842997491450741,0.021885562320978214,0.31541913724431336,0,-0.95471531695157319,1.6412847177082694,-0.16081444858639041,-0.99332758115569986,1.6377584815906254,-0.019664995415197447,0.041648035243972467,0.015951678730768873,-0.37871544771430715,-0.037738363364872407,-0.002825417309351346,0.23953033897252712,-0.27545755430914493,-1.9784260437689758,-0.060023761123019964,0.26874551191731977,-4.4147906518054247,-0.060023761123019964,0.27545755430914493,1.9784260437689758,0.060023761123019964,-0.26874551191731977,4.4147906518054247,0.060023761123019964
hold,0,70,0.71000000000000052,0,0,1,2,2,0.0014682067410238808,0.007785319028532957,7.8361172721932545e-05,0.016544835833264399,0.31539887574594466,0,-0.9542120024595615,1.6414677172260048,-0.16542047887167577,-0.9934246482320972,1.6379134764295915,-0.020182886453826487,0.056103443584116411,0.019808021308942096,-0.5146891325126095,0.0098913862185078891,0.024697979140302279,-0.23601373893918409,-0.29393947858538239,-1.9837463824890318,-0.061137779792819508,0.22189229894511819,-4.4435540069668065,-0.061137779792819508,0.29393947858538239,1.9837463824890318,0.061137779792819508,-0.22189229894511819,4.4435540069668065,0.061137779792819508
hold,0,71,0.72000000000000053,0,0,1,2,2,0.0015483936280029226,0.0081608178837712202,-0.00015686882847735026,-0.050271362884725834,0.31537253498249157,0,-0.95394588334124919,1.6416901396551942,-0.17132368848597818,-0.99377266514513418,1.6381315569333497,-0.022002778958371789,0.0069928188554108407,0.023861564390703027,-0.64086940070742082,-0.06214624559568703,0.025287816375685394,-0.18962711657581541,-0.24695780680317531,-1.9895793050043076,-0.012100748552730259,0.29671406606360906,-4.4458884882322556,-0.012100748552730259,0.24695780680317531,1.9895793050043076,0.012100748552730259,-0.29671406606360906,4.4458884882322556,0.012100748552730259
hold,0,72,0.73000000000000054,0,0,1,2,2,0.0016281173467317389,0.0078453534433159215,-0.0003522552424669649,0.00095507705265501439,0.31535119409117318,0,-0.95360011687493818,1.6418629666538986,-0.17723443920018311,-0.99429458368507451,1.6381975544975318,-0.021622674540781463,0.053252387888967079,0.013019403218748088,-0.56106534221858617,-0.046664991108641529,-0.004132954371017278,0.18727876286129169,-0.29598350756721969,-1.9801197598219884,-0.035116890319081689,0.28540815989608614,-4.4169956979990097,-0.035116890319081689,0.29598350756721969,1.9801197598219884,0.035116890319081689,-0.28540815989608614,4.4169956979990097,0.035116890319081689
hold,0,73,0.74000000000000055,0,0,1,2,2,0.0017067671470331197,0.0078938517952626686,-0.00038571708480614848,-0.0061629424435966137,0.31533365798028767,0,-0.9530955770830094,1.6419968757361481,-0.182962629991472,-0.99493511430228132,1.6381686274331921,-0.018953155223688185,0.048832236419272125,0.013559142389477464,-0.58174037524908639,-0.079195636602676825,-0.0072811618647748919,0.36952835378999571,-0.29559967443295487,-1.9817307716507131,-0.029814376898741363,0.32306305032777594,-4.4136160739905348,-0.029814376898741363,0.29559967443295487,1.9817307716507131,0.029814376898741363,-0.32306305032777594,4.4136160739905348,0.029814376898741363
hold,0,74,0.75000000000000056,0,0,1,2,2,0.001782934562380864,0.0074369952721597462,-0.00027460864144615175,0.022638849738849304,0.31531617949208146,0,-0.95242175667208939,1.6421203830948565,-0.18879697766124878,-0.99533751244570645,1.6382719569499482,-0.017581547735770895,0.079983482635619163,0.011528231269148918,-0.58609318507515229,-0.012988745676963358,0.018499601706507295,-0.0074087825588638884,-0.33214148393666199,-1.9806879194000524,-0.050020318688053698,0.26007534454946352,-4.4402234736958652,-0.050020318688053698,0.33214148393666199,1.9806879194000524,0.050020318688053698,-0.26007534454946352,4.4402234736958652,0.050020318688053698
hold,0,75,0.76000000000000056,0,0,1,2,2,0.0018603542192510564,0.0079615749712616431,-0.00044615694881916946,-0.043629162375432379,0.31529525079257537,0,-0.95194880325644715,1.6422626402011014,-0.19523563198736851,-0.99560790973682356,1.6385366930930472,-0.019711511361851917,0.026000568422552169,0.016090771890653322,-0.68565292665787037,-0.044365977291903447,0.025766088119518141,-0.26605238507437529,-0.28194219704873291,-1.9863885168715154,-0.0046650134192132431,0.29361575449334043,-4.4496078492536677,-0.0046650134192132431,0.28194219704873291,1.9863885168715154,0.0046650134192132431,-0.29361575449334043,4.4496078492536677,0.0046650134192132431
hold,0,76,0.77000000000000057,0,0,1,2,2,0.0019418508952854102,0.0082723765834443377,-0.00078802695858127701,-0.027886415017487516,0.31527753029836525,0,-0.95164652112179904,1.6423736073806929,-0.20155038595541688,-0.99618205483570699,1.6386308204866498,-0.02010545437926026,0.033501214803386532,0.007986280169917051,-0.60021965019939838,-0.066575026790479691,-0.0005747160367066623,0.10875505169586759,-0.29186110050675218,-1.9791717625875118,-0.0030422588378981874,0.32041796478298412,-4.4240200642462639,-0.0030422588378981874,0.29186110050675218,1.9791717625875118,0.0030422588378981874,-0.32041796478298412,4.4240200642462639,0.0030422588378981874
hold,0,77,0.78000000000000058,0,0,1,2,2,0.0020253169896680689,0.0083770084239711325,-0.00087573434478739544,0.0039175449716532581,0.31526750436485279,0,-0.95117503637139844,1.6424243040083328,-0.20711740848798918,-0.99691917264383501,1.6385053715885389,-0.016764538550564534,0.056683904663724326,0.0032827346722394497,-0.53156263032550655,-0.070997353073976005,-0.012088825587717948,0.39160590704996234,-0.31881566837029479,-1.9748737901109534,-0.020430403100698508,0.33073723353150458,-4.4115023635103663,-0.020430403100698508,0.31881566837029479,1.9748737901109534,0.020430403100698508,-0.33073723353150458,4.4115023635103663,0.020430403100698508
hold,0,78,0.79000000000000059,0,0,1,2,2,0.0021085896963926182,0.0082996856293550015,-0.00074776815524699072,0.018728795628423282,0.31525954419270441,0,-0.95050081026037081,1.6424627921355359,-0.21261508647006044,-0.99736408081708561,1.6385463416570769,-0.014858530421916896,0.075135743619641288,0.0041411057519808317,-0.56486028816035494,-0.025697611249353148,0.011671567588993657,0.066174903214931635,-0.3426613162144328,-1.9760400662083195,-0.034625394385602026,0.28899675709288652,-4.4355905172353811,-0.034625394385602026,0.3426613162144328,1.9760400662083195,0.034625394385602026,-0.28899675709288652,4.4355905172353811,0.034625394385602026
hold,0,79,0.8000000000000006,0,0,1,2,2,0.0021949469879040534,0.008862241941270433,-0.00084773256253312221,-0.029137069083276793,0.31524853726649948,0,-0.95003152919315026,1.6425596185001665,-0.21854833218660599,-0.99767448252849822,1.6387366549002262,-0.016105606639066045,0.026276638463652809,0.013727528261366861,-0.600898906351511,-0.034312871353823021,0.022592441627742547,-0.24680204052560401,-0.29755645959620869,-1.9864010996347503,-0.0039218816243640278,0.30009523088865731,-4.4480338972193252,-0.0039218816243640278,0.29755645959620869,1.9864010996347503,0.0039218816243640278,-0.30009523088865731,4.4480338972193252,0.0039218816243640278
hold,0,80,0.81000000000000061,0,0,1,2,2,0.0022859188615992759,0.0092792674678385811,-0.0010965781240393207,-0.021959029908463122,0.3152405042631895,0,-0.94980441820874817,1.6426708812281618,-0.22396027810140109,-0.9979025776096293,1.6388828337552661,-0.01870284763806979,0.020983549573525995,0.008886454441134603,-0.5039431337959408,-0.027918022459684496,0.0018731426377656523,-0.14566992165527204,-0.2940802585812986,-1.9824501276384807,-0.0011995917135651617,0.29552514264356744,-4.4284840290696668,-0.0011995917135651617,0.2940802585812986,1.9824501276384807,0.0011995917135651617,-0.29552514264356744,4.4284840290696668,0.0011995917135651617
hold,0,81,0.82000000000000062,0,0,1,2,2,0.0023819559549151381,0.0098214009358343849,-0.0012769440693580394,-0.015409731121971379,0.3152389224419998,0,-0.94963070604231192,1.6427328551182514,-0.22845138102312457,-0.99844251855378807,1.638726713144067,-0.017376160658202335,0.015343972538671421,0.0043032404986291725,-0.41478643384615338,-0.072764551679676978,-0.025325283959265605,0.31672330484239192,-0.28983037887793406,-1.9783627048166916,-0.001497165566742514,0.34469119941683013,-4.4000366375830433,-0.001497165566742514,0.28983037887793406,1.9783627048166916,0.001497165566742514,-0.34469119941683013,4.4000366375830433,0.001497165566742514
hold,0,82,0.83000000000000063,0,0,1,2,2,0.0024787034058049162,0.0095625659767085078,-0.0010904905007222316,0.041297283448577513,0.31524222985371553,0,-0.94919042090195727,1.6427479953198312,-0.23217549323164971,-0.99887476829160526,1.6385546847857293,-0.014405087397178946,0.06337033964367482,-0.00027728942980260096,-0.34599848595696892,-0.013802370922041262,-0.0075724118705173607,0.19888163239281187,-0.34137902710577472,-1.973903296500898,-0.043411537468116851,0.2891870165617319,-4.4164132828050899,-0.043411537468116851,0.34137902710577472,1.973903296500898,0.043411537468116851,-0.2891870165617319,4.4164132828050899,0.043411537468116851
hold,0,83,0.84000000000000064,0,0,1,2,2,0.0025767927589834955,0.009977255073204374,-0.00095843477497341864,-0.0055171062060182501,0.31524197027493245,0,-0.94876189838301728,1.6427836396010032,-0.23631654793627427,-0.99905061003068885,1.6386114170551214,-0.01467028451571213,0.029221082299078868,0.0060114197709451884,-0.45866298009872258,-0.019642170193211784,0.012553056230277306,-0.16937381867874299,-0.31065794991269868,-1.9804771599510216,-0.021746594642658188,0.29643354974557112,-4.4369926090610203,-0.021746594642658188,0.31065794991269868,1.9804771599510216,0.021746594642658188,-0.29643354974557112,4.4369926090610203,0.021746594642658188
hold,0,84,0.85000000000000064,0,0,1,2,2,0.0026786194701393928,0.010346412481729949,-0.0010711501422873708,-0.015019229093402692,0.31523916970538363,0,-0.94850070426038935,1.6428300300335541,-0.24103722134631433,-0.9991860727308608,1.6387074701664233,-0.017012065925625496,0.024223709923030939,0.0036396721462982895,-0.48189401935247134,-0.022156613304764906,0.00011901288031174878,-0.15492386765242128,-0.30775013051767414,-1.9784765357867824,-0.013664438722097041,0.30003169445849981,-4.4253269906014703,-0.013664438722097041,0.30775013051767414,1.9784765357867824,0.013664438722097041,-0.30003169445849981,4.4253269906014703,0.013664438722097041
hold,0,85,0.86000000000000065,0,0,1,2,2,0.0027850785526223332,0.010846745577163837,-0.0012372245181597615,-0.017656001092291772,0.31523820662229157,0,-0.9482794492708434,1.6428524746582449,-0.24580992946939711,-0.99968425996542298,1.6385613775857828,-0.016146981312337039,0.020896862396025735,0.0013481329334760002,-0.47560021453654655,-0.069539194909320784,-0.022541104008923792,0.24554499134948476,-0.30619332290703649,-1.9763645535714864,-0.0085406932657194935,0.35139977393955318,-4.4014981330671112,-0.0085406932657194935,0.30619332290703649,1.9763645535714864,0.0085406932657194935,-0.35139977393955318,4.4014981330671112,0.0085406932657194935
hold,0,86,0.87000000000000066,0,0,1,2,2,0.0028927173996158989,0.010682493257718509,-0.0011284052589228175,0.029821800181902593,0.31523981382877031,0,-0.94779892441485636,1.6428464135537411,-0.2504371640750947,-1.0002294401695895,1.6383591712553707,-0.012988881403510424,0.066285434574340232,-0.0017643001160417445,-0.45578710063574723,-0.031180438607689112,-0.0097372835227799992,0.22936592223043659,-0.35542609393324731,-1.973203631685938,-0.042135653947002361,0.31740245927125343,-4.4126843029099581,-0.042135653947002361,0.35542609393324731,1.973203631685938,0.042135653947002361,-0.31740245927125343,4.4126843029099581,0.042135653947002361
hold,0,87,0.88000000000000067,0,0,1,2,2,0.0030014269444380015,0.011001024338942242,-0.0010290155031638308,-0.0033079039010647333,0.31523772308675463,0,-0.9472488250562634,1.6428599528988443,-0.25571308502971957,-1.0005038120148739,1.6384125961242466,-0.013003193372711608,0.047556826617563948,0.0033228034007003263,-0.57489119328375637,-0.024265329345258779,0.013021932250506341,-0.14719336164632396,-0.34109828084521476,-1.9783990499635062,-0.027293176348919566,0.3126823247710987,-4.4358709176342517,-0.027293176348919566,0.34109828084521476,1.9783990499635062,0.027293176348919566,-0.3126823247710987,4.4358709176342517,0.027293176348919566
hold,0,88,0.89000000000000068,0,0,1,2,2,0.0031144321314739432,0.011526977953695575,-0.0012005222225064045,-0.026288879390117963,0.31523201695490927,0,-0.94686367817739636,1.6428894009849584,-0.26178386971779555,-1.0007533596910181,1.6385337266865458,-0.015308218861125598,0.032675304250822525,0.0025616635296005085,-0.62924592324179351,-0.038008073143675505,0.0038601398046207661,-0.16345207959122138,-0.32929793350940961,-1.9778734947813188,-0.0093070753014930126,0.32842144997866873,-4.42767816968676,-0.0093070753014930126,0.32929793350940961,1.9778734947813188,0.0093070753014930126,-0.32842144997866873,4.42767816968676,0.0093070753014930126
hold,0,89,0.90000000000000069,0,0,1,2,2,0.0032332408478252944,0.012127913569061488,-0.0014368093985196657,-0.021810638592106482,0.31522822023507369,0,-0.94664725120436288,1.642880018616903,-0.26704933898583266,-1.0013780219587567,1.6384125722662244,-0.014416023871159941,0.0092315209191955044,-0.0051107401573916708,-0.41560906602850795,-0.080004731788604413,-0.020969430586866542,0.25572791057563682,-0.30758556596205044,-1.9701260321498837,-0.0064858372475068669,0.37541540676550644,-4.401879363932701,-0.0064858372475068669,0.30758556596205044,1.9701260321498837,0.0064858372475068669,-0.37541540676550644,4.401879363932701,0.0064858372475068669
hold,0,90,0.9100000000000007,0,0,1,2,2,0.0033529016079805601,0.011833311944672702,-0.0012378345700576258,0.047618126676337601,0.31522888600784105,0,-0.94635435562254844,1.6427779924952293,-0.26959218363070314,-1.0018975775526151,1.6382154661729786,-0.011115009804553639,0.042465555463820012,-0.012825213685000173,-0.14974329408666692,-0.019916207550989461,-0.0098124385525438593,0.24564232846084794,-0.34316276516119049,-1.9615953496488852,-0.05677331986184736,0.31948332727875883,-4.4114595072210578,-0.05677331986184736,0.34316276516119049,1.9615953496488852,0.05677331986184736,-0.31948332727875883,4.4114595072210578,0.05677331986184736
hold,0,91,0.92000000000000071,0,0,1,2,2,0.0034711861226236762,0.011831817377312696,-0.00088166004450954258,0.027621930511113505,0.31522535586121436,0,-0.94609081078779078,1.6427096961465208,-0.27110643933532663,-1.0019329778641295,1.6382830402008561,-0.011339302630691824,0.015757408190749642,-0.0028000568903602113,-0.15268804417231216,0.0079741732119516413,0.015378227858296192,-0.19209527079561547,-0.31856297656618138,-1.9710741356538579,-0.058590896184439849,0.29187614900793279,-4.4371907658549175,-0.058590896184439849,0.31856297656618138,1.9710741356538579,0.058590896184439849,-0.29187614900793279,4.4371907658549175,0.058590896184439849
hold,0,92,0.93000000000000071,0,0,1,2,2,0.0035897984818778483,0.011906820514117226,-0.00074260814187124627,0.0048357147753266124,0.31521478076956877,0,-0.9460669397617798,1.6427214311596865,-0.27282362523980291,-1.0017599040452778,1.6384637073330768,-0.014873211626149669,-0.0063104597830923757,0.0037178064868430439,-0.18506713162353414,0.011084117219284338,0.013357958488848166,-0.34495992990841318,-0.29668607680042719,-1.9776858791363863,-0.050502111818352471,0.28738161444978672,-4.4366158335432351,-0.050502111818352471,0.29668607680042719,1.9776858791363863,0.050502111818352471,-0.28738161444978672,4.4366158335432351,0.050502111818352471
hold,0,93,0.94000000000000072,0,0,1,2,2,0.0037090214846403763,0.011926012437635389,-0.00072916367344012139,-0.0010047026688861922,0.31520159044378449,0,-0.94616807994143604,1.6427765237551326,-0.27472583597761085,-1.0017605563568761,1.6385607131608451,-0.017606856238728281,-0.012475728437655785,0.0067216687501057528,-0.19500498803110664,-0.0063290688326914056,0.010376037126059674,-0.24953154846863607,-0.28971168670861391,-1.9811304821632179,-0.04781303413974327,0.30480001899454878,-4.4344099588025925,-0.04781303413974327,0.28971168670861391,1.9811304821632179,0.04781303413974327,-0.30480001899454878,4.4344099588025925,0.04781303413974327
hold,0,94,0.95000000000000073,0,0,1,2,2,0.0038269156411626509,0.011696804161247494,-0.00063461623169947206,0.016419530649017775,0.31518892573376978,0,-0.94617614342027001,1.6428546637124291,-0.27680291460704892,-1.0018254130866879,1.6385762432366431,-0.018961177749093411,0.0078418018472552788,0.0089966842473502995,-0.22417425961054785,-0.0072432303134756281,-0.0028528099043128256,-0.062741530703286447,-0.30996470916285318,-1.984030617318834,-0.061590103979025063,0.30623303431382765,-4.4213053523786039,-0.061590103979025063,0.30996470916285318,1.984030617318834,0.061590103979025063,-0.30623303431382765,4.4213053523786039,0.061590103979025063
hold,0,95,0.96000000000000074,0,0,1,2,2,0.0039425108608021064,0.011473229209231904,-0.00047746832607250292,0.015254825732132164,0.3151749251925009,0,-0.94602620806145299,1.6429775937919131,-0.2796965589798372,-1.0019829464373511,1.638545541798017,-0.019040819541939077,0.019162538244214485,0.013108773223821372,-0.32228453679819585,-0.021682137614130438,-0.0027421480680586015,0.028072733330850204,-0.32248492843034859,-1.9891261469311774,-0.066160056149428131,0.32193220841978765,-4.42117040270585,-0.066160056149428131,0.32248492843034859,1.9891261469311774,0.066160056149428131,-0.32193220841978765,4.42117040270585,0.066160056149428131
hold,0,96,0.97000000000000075,0,0,1,2,2,0.0040551647250974682,0.01112474372417557,-0.00031565738757455763,0.016785348034437434,0.3151578588681565,0,-0.94573415434661179,1.6431253316568695,-0.28356630089375406,-1.0022014599402445,1.6385906346223948,-0.019007043750930173,0.036193315935940711,0.015980254015933566,-0.43232571409417869,-0.019697915570128292,0.0099139364923177976,-0.030600607983268163,-0.34185213584080443,-1.9931795306429405,-0.071907705894497742,0.32169609439893243,-4.4341872298612488,-0.071907705894497742,0.34185213584080443,1.9931795306429405,0.071907705894497742,-0.32169609439893243,4.4341872298612488,0.071907705894497742
hold,0,97,0.98000000000000076,0,0,1,2,2,0.0041655208265298921,0.010978219363152037,-0.00025101603218543965,-0.00041372765276426367,0.31513798412996491,0,-0.94534469143402422,1.6433116969382464,-0.28883753052611438,-1.0025072810860518,1.6386709479991979,-0.019140273881348809,0.040819967612938754,0.019629749612500413,-0.58709784575225976,-0.038232736058906175,0.0074575351039756453,-0.0025281902204634466,-0.34959449081850302,-1.998319948490523,-0.063141048627298649,0.34267748405416915,-4.4323733354873314,-0.063141048627298649,0.34959449081850302,1.998319948490523,0.063141048627298649,-0.34267748405416915,4.4323733354873314,0.063141048627298649
hold,0,98,0.99000000000000077,0,0,1,2,2,0.0042743923436160125,0.010826656550237851,-0.00028014067578403833,-0.0045766334175306386,0.31511711095898953,0,-0.94485464411858322,1.6435083023617367,-0.2953868684697018,-1.0029538022545803,1.6387301909703624,-0.018802518675674812,0.055096377644349756,0.019716489783364995,-0.70455718070981477,-0.049159047518017161,0.005193259788129909,0.057905144300900685,-0.36779127937344203,-1.9999795320493101,-0.05884643053187627,0.35717596486150816,-4.4305830039408018,-0.05884643053187627,0.36779127937344203,1.9999795320493101,0.05884643053187627,-0.35717596486150816,4.4305830039408018,0.05884643053187627
hold,0,99,1.0000000000000007,0,0,1,2,2,0.0043825729799895491,0.010813179329391017,-0.00037009938827048703,-0.011936069550764521,0.3150964479763334,0,-0.94424678597381528,1.6437015811251947,-0.30307037141633425,-1.0035488551803451,1.6387711270984235,-0.017762648900395323,0.065293657480606324,0.019019597062960716,-0.81545304607363533,-0.066602791960868227,0.0034155292572691739,0.13564360767739059,-0.38285142436784203,-2.0008288694365697,-0.050902378381699732,0.37938013271047744,-4.4291327624344303,-0.050902378381699732,0.38285142436784203,2.0008288694365697,0.050902378381699732,-0.37938013271047744,4.4291327624344303,0.050902378381699732
hold,0,100,1.0100000000000007,0,0,1,2,2,0.0044910294037339982,0.010869204896295927,-0.000489899917765563,-0.011998521375593084,0.31507700133594385,0,-0.94350572927929333,1.6438766716138442,-0.3117456792931923,-1.0043036383396531,1.6387805838137559,-0.015705933829488261,0.080797795237834563,0.016424397455448551,-0.90747460456881224,-0.081694291233140912,-0.00077145516766700712,0.25449298503292095,-0.40428401568124595,-1.9996343937382535,-0.046761531638522695,0.40050989725721409,-4.4250214317321523,-0.046761531638522695,0.40428401568124595,1.9996343937382535,0.046761531638522695,-0.40050989725721409,4.4250214317321523,0.046761531638522695
hold,0,101,1.0200000000000007,0,0,1,2,2,0.0046005541776306114,0.011017172358669945,-0.00061031118313177612,-0.012035773224704307,0.31505915748763014,0,-0.94260897805828692,1.6440235548381241,-0.32134958131118929,-1.0051870941025736,1.6387888249068046,-0.012821072972742124,0.096527297869301934,0.013383692759568548,-1.0012908784217673,-0.094107743773006847,-0.0016945725820582016,0.33758787303031296,-0.42718752808076454,-1.9977687548366128,-0.043127034888817535,0.41999099590044386,-4.4241642430621511,-0.043127034888817535,0.42718752808076454,1.9977687548366128,0.043127034888817535,-0.41999099590044386,4.4241642430621511,0.043127034888817535
hold,0,102,1.0300000000000007,0,0,1,2,2,0.0047126002679735435,0.011334381741689789,-0.00074784587425366568,-0.014878070411559205,0.31504274160239037,0,-0.94156608644903916,1.6441354813641111,-0.33192781121671472,-1.0062732756671733,1.6387133557265636,-0.0083482343836896317,0.11048954307202642,0.0095701358968095403,-1.1016441831668446,-0.11911837566604054,-0.011359518313988544,0.52527591866398515,-0.44949290615747106,-1.9948506101817498,-0.0379988967661824,0.45369108031027539,-4.4138955438882927,-0.0379988967661824,0.44949290615747106,1.9948506101817498,0.0379988967661824,-0.45369108031027539,4.4138955438882927,0.0379988967661824
hold,0,103,1.0400000000000007,0,0,1,2,2,0.0048268263538910616,0.0114844409427184,-0.00084929851245759856,-0.0069760962571708569,0.31502707123439111,0,-0.94037116348016614,1.6442283626239254,-0.34323642072790139,-1.0071635545604058,1.6388048605722463,-0.0058393587333956552,0.13087473925664503,0.0065684183197652311,-1.1758878405494693,-0.067619298618592671,0.018722553473761831,0.080418165954417031,-0.47943748609307391,-1.9925919426832193,-0.040137571602855401,0.40931423440868797,-4.4447096544415041,-0.040137571602855401,0.47943748609307391,1.9925919426832193,0.040137571602855401,-0.40931423440868797,4.4447096544415041,0.040137571602855401
hold,0,104,1.0500000000000007,0,0,1,2,2,0.0049482899330896696,0.012585226676507187,-0.0012930633600666064,-0.069303460326049962,0.31500995100083179,0,-0.93930529398661844,1.6442688493007438,-0.35580529800913929,-1.0079479128800444,1.6390689729525216,-0.0072089076792724496,0.091575738735508741,0.0022439090290955247,-1.3179375886208575,-0.085249920079394415,0.029875085174584211,-0.27595179474764142,-0.44866544152031917,-1.9885913268070972,0.010153998642766268,0.4332197224265979,-4.4579750851845299,0.010153998642766268,0.44866544152031917,1.9885913268070972,-0.010153998642766268,-0.4332197224265979,4.4579750851845299,-0.010153998642766268
hold,0,105,1.0600000000000007,0,0,1,2,2,0.0050820358559371392,0.013927035556032547,-0.0020314553806506609,-0.076752411743165508,0.31499790032801844,0,-0.93849228592495826,1.6442360151113249,-0.36846533573501594,-1.0088949633530135,1.6392221757762433,-0.0090397275939744625,0.07270595951118991,-0.0059356533864371157,-1.2250869072423445,-0.11437676527775419,-0.0014242217347416146,0.0027813573858309903,-0.43629972678928186,-1.9801490908762132,0.036152481307489409,0.46992297140871109,-4.4279014008649771,0.036152481307489409,0.43629972678928186,1.9801490908762132,-0.036152481307489409,-0.46992297140871109,4.4279014008649771,-0.036152481307489409
hold,0,106,1.0700000000000007,0,0,1,2,2,0.0052283254043763439,0.015090477910294145,-0.0025555187758479559,-0.036173854542288261,0.31499749923201947,0,-0.93779814065547407,1.6441674143105616,-0.37901002473594592,-1.0101276066821236,1.6390567923229897,-0.0062733902165715665,0.067844620912397499,-0.0085707694819757464,-0.94071176244494992,-0.12480378027846488,-0.02328844164541408,0.41180883229182941,-0.43699155034636294,-1.9769651683745681,0.024400421507112857,0.49021113304230257,-4.4047141133282759,0.024400421507112857,0.43699155034636294,1.9769651683745681,-0.024400421507112857,-0.49021113304230257,4.4047141133282759,-0.024400421507112857
hold,0,107,1.0800000000000007,0,0,1,2,2,0.0053830895371972942,0.015743428433698591,-0.0025671739278951456,0.022206344926018699,0.3150070178127477,0,-0.93718502210345178,1.6441374228980412,-0.38605672219155296,-1.0109866711860542,1.638909855008583,-0.0030547888491046856,0.059131441797937785,-0.0015032235057273579,-0.55286339670915574,-0.058920810621114199,-0.011655732406753121,0.26935541276172509,-0.43318331964808154,-1.9837927830506537,-0.015985074048271403,0.43120067941639662,-4.4151713240516832,-0.015985074048271403,0.43318331964808154,1.9837927830506537,0.015985074048271403,-0.43120067941639662,4.4151713240516832,0.015985074048271403
hold,0,108,1.0900000000000007,0,0,1,2,2,0.0055446970623069386,0.016446427479960307,-0.0023208330281475785,0.026265838030785721,0.31502050509301327,0,-0.93673943532331916,1.6441400024705128,-0.39065454886753964,-1.0113646217145602,1.6388380049889626,-0.0019341768500111232,0.035764577145706439,0.00058511803796671303,-0.39977572863144556,-0.023648863580688705,-0.005373597375340957,0.013275497753432487,-0.41338114923691116,-1.9859017611741208,-0.032657172386667987,0.39895233660401891,-4.4208786589261324,-0.032657172386667987,0.41338114923691116,1.9859017611741208,0.032657172386667987,-0.39895233660401891,4.4208786589261324,0.032657172386667987
hold,0,109,1.1000000000000008,0,0,1,2,2,0.0057127079017804117,0.017041135355318471,-0.0021099574021916519,0.017637550325437127,0.31503376933422966,0,-0.93648560707290784,1.6441454324800908,-0.39438538885355801,-1.0114204324782117,1.6388073660566551,-0.0035173534101767294,0.018834102264593585,0.00024819527238927953,-0.35625471802613023,0.0062877127323430751,-0.0019560427815522165,-0.26904547002712531,-0.3984813003590888,-1.985608278485167,-0.039356078786440062,0.36946224640019887,-4.424051102061461,-0.039356078786440062,0.3984813003590888,1.985608278485167,0.039356078786440062,-0.36946224640019887,4.424051102061461,0.039356078786440062
hold,0,110,1.1100000000000008,0,0,1,2,2,0.005887442724805042,0.017789565493288462,-0.0020695691821104741,-0.0049419213561083105,0.31504504115074877,0,-0.93643599737454419,1.6441462025348892,-0.39798649594020374,-1.0114135052061812,1.6387275979413336,-0.0064693720513392282,-0.0040933445000675608,-0.00017155269505016375,-0.36317233867021631,-0.016224275691500159,-0.017725642429358129,-0.19599763288360686,-0.37595073118133687,-1.9851946909561147,-0.031411543956551949,0.39191881664779848,-4.4076433574910832,-0.031411543956551949,0.37595073118133687,1.9851946909561147,0.031411543956551949,-0.39191881664779848,4.4076433574910832,0.031411543956551949
hold,0,111,1.1200000000000008,0,0,1,2,2,0.0060674532059821484,0.018145428829860234,-0.0019958310807454784,0.015592643606180779,0.31505566278243791,0,-0.9363645155410788,1.6441286872054142,-0.40154868131629429,-1.0116608771645978,1.6384414772396836,-0.0065724725593798508,0.014758984591420977,-0.0027478977689386359,-0.35268926164722303,-0.031438830221817808,-0.034120499814575961,0.11080903347907775,-0.39537491494054855,-1.982478223246426,-0.049762369920865253,0.40911234684544917,-4.3889595344926651,-0.049762369920865253,0.39537491494054855,1.982478223246426,0.049762369920865253,-0.40911234684544917,4.3889595344926651,0.049762369920865253
hold,0,112,1.1300000000000008,0,0,1,2,2,0.006249481291602535,0.018249267856943821,-0.0017351206055111531,0.033072160721502535,0.31506338227562736,0,-0.93606033325319971,1.6441109533023957,-0.40550962083682934,-1.0120393511554042,1.6380951323108153,-0.0043683980843847699,0.040885563090360462,-0.0011270449302384603,-0.42497688841244446,-0.042713784442055966,-0.034572951043138539,0.29550304194467847,-0.42393495174252083,-1.9839572048609779,-0.072178804127524226,0.42341509299213831,-4.3857363238331564,-0.072178804127524226,0.42393495174252083,1.9839572048609779,0.072178804127524226,-0.42341509299213831,4.3857363238331564,0.072178804127524226
hold,0,113,1.1400000000000008,0,0,1,2,2,0.0064315509777049251,0.018157289228100615,-0.0013876747772524427,0.035777266438955999,0.3150634352781857,0,-0.93550752648392921,1.6441266547071007,-0.41073137200389553,-1.0124699003408493,1.6378514774225321,-0.0017936751456105568,0.064818617868925774,0.0034349326939418202,-0.58671849126708231,-0.030682469738042242,-0.0093784754015404682,0.1079336766626163,-0.45229046067525014,-1.9886447937227989,-0.087629436167131675,0.41482817177168496,-4.4089815603684892,-0.087629436167131675,0.45229046067525014,1.9886447937227989,0.087629436167131675,-0.41482817177168496,4.4089815603684892,0.087629436167131675
hold,0,114,1.1500000000000008,0,0,1,2,2,0.0066140254758078332,0.018338335828854958,-0.0012280977047001941,0.0028334843706833762,0.31505322581815598,0,-0.93487097666269203,1.6441989102791408,-0.4180017342832682,-1.0127530174754134,1.6378945193094627,-0.0028118587531472806,0.063474218767166815,0.0097556443653251407,-0.82394190209012363,-0.038923921620828292,0.0053671097195219543,-0.11988409212474933,-0.45603846014338856,-1.9955435499705025,-0.074733404042813076,0.42533456073098364,-4.4240714805849963,-0.074733404042813076,0.45603846014338856,1.9955435499705025,0.074733404042813076,-0.42533456073098364,4.4240714805849963,0.074733404042813076
hold,0,115,1.1600000000000008,4,1,1,2,2,0.0067997917359826493,0.018735276108733271,-0.0013533770963932777,-0.022765697242100872,0.31503615663373963,0,-0.9342264025425826,1.6443082449667803,-0.42738292132844463,-1.0133455372156823,1.6379292064930433,-0.0035745859664677833,0.065981891158328448,0.011639204369711376,-1.0196730880146543,-0.073123057698332175,0.0029578224571073786,-0.049346728659156687,0,0,0,0,0,0,-0,-0,-0,-0,-0,-0
hold,0,116,1.1700000000000008,4,1,1,2,2,0,0,0,0,0.31442124334969634,0,-0.93594607711678268,1.6486368599586674,-0.44046897756256648,-1.0168523618249361,1.6423898364501537,-0.0064648679725731236,-0.33005876244701782,0.71094753922662091,-1.4942807141890204,-0.53127101496312579,0.73297350781331772,-0.43893583201673009,0,0,0,0,0,0,-0,-0,-0,-0,-0,-0
hold,0,117,1.1800000000000008,4,1,1,2,2,0,0,0,0,0.31281356168979796,0,-0.94162303832097627,1.659851355052727,-0.45789419655757452,-1.0247875208379442,1.6538664296507526,-0.012985591680925378,-0.72492538935703121,1.3923579377954658,-1.9043406812483963,-0.96636551971733742,1.4204491894769096,-0.79228529419101801,0,0,0,0,0,0,-0,-0,-0,-0,-0,-0
hold,0,118,1.1900000000000008,4,1,1,2,2,0,0,0,0,0.31021302022107611,0,-0.95120121959599158,1.6777642817392242,-0.4792537333560758,-1.0370031575231291,1.6720784490125578,-0.022977000836894679,-1.1121745740652216,2.0548403048064245,-2.2866435065168349,-1.390714786410479,2.0858256986562544,-1.1349602520704294,0,0,0,0,0,0,-0,-0,-0,-0,-0,-0
hold,0,119,1.2000000000000008,4,1,1,2,2,0,0,0,0,0.30661887016645228,0,-0.96456697763083377,1.7021695341635623,-0.50446518761605741,-1.0534230948163616,1.6968352044031407,-0.036327937391267981,-1.4857328661704758,2.6958642979510361,-2.6736359707917612,-1.8087775777753479,2.7331794950728092,-1.4673242573441752,0,0,0,0,0,0,-0,-0,-0,-0,-0,-0
hold,0,120,1.2100000000000009,4,1,1,2,2,0,0,0,0,0.30202989353090909,0,-0.98168859930356422,1.7329367901074428,-0.53325238381128182,-1.0739914175411251,1.7279529509817448,-0.052947801390025057,-1.8639776007555324,3.3321025501708301,-3.0200683773306691,-2.2215113297613756,3.3614773840224488,-1.7905137497638766,0,0,0,0,0,0,-0,-0,-0,-0,-0,-0
hold,0,121,1.2200000000000009,4,1,1,2,2,0,0,0,0,0.29644455560781141,0,-1.0025342634804475,1.7699735860406536,-0.56563070966007523,-1.0986555757501799,1.7652251952705507,-0.072740891563486954,-2.2284640998998038,3.9462404309130994,-3.3838045260207372,-2.6289917182792033,3.967953486074745,-2.103795093201001,0,0,0,0,0,0,-0,-0,-0,-0,-0,-0
hold,0,122,1.2300000000000009,4,1,1,2,2,0,0,0,0,0.28986175469626246,0,-1.0267464265395532,1.8126806567117373,-0.60152935256961815,-1.1273638628605374,1.8084160362358968,-0.095602157140692978,-2.4989654856529788,4.3986267935138503,-3.6739484222390799,-3.0311070927469612,4.5491283002444929,-2.4056006701839752,0,0,0,0,0,0,-0,-0,-0,-0,-0,-0
hold,0,123,1.2400000000000009,4,1,1,2,2,0,0,0,0,0.28228079701347042,0,-1.0540512189595386,1.8606112462772442,-0.64101935417125022,-1.1597885242437767,1.856823584554141,-0.1211719449274961,-2.87546378722433,5.0399237111568214,-4.1267068510178966,-3.3674696704958413,5.0076374470441012,-2.6440603152197535,0,0,0,0,0,0,-0,-0,-0,-0,-0,-0
hold,0,124,1.2500000000000009,4,1,1,2,2,0,0,0,0,0.27369946734737877,0,-1.0845293126977773,1.9139252161742162,-0.68454069169417442,-1.1961890144031933,1.9106445165340291,-0.14966304331634911,-3.1438537801651902,5.4926513725744259,-4.4838148339024864,-3.8155927272999142,5.6181436124325765,-2.9777819433746324,0,0,0,0,0,0,-0,-0,-0,-0,-0,-0
hold,0,125,1.2600000000000009,4,1,1,1,2,0,0,0,0,0.26411657923873932,0,-1.1180158515959771,1.9723914079919127,-0.73241721569695384,-1.236590293893636,1.9696399464955889,-0.18094605291064439,-3.4758545725848746,6.0665144463149723,-4.9839602304667245,-4.1721748516700794,6.0556640129496184,-3.2114335168874035,0,0,0,0,0,0,-0,-0,-0,-0,-0,-0
hold,0,126,1.2700000000000009,4,1,1,2,2,0,0,0,0,0.25353141949006319,0,-1.1544033352229768,2.0355259212721184,-0.7836477841860342,-1.2811340498892088,2.0337104665497865,-0.21509643691366101,-3.7989087406495892,6.564493083733522,-5.2686593040823988,-4.6373157627617605,6.6277982979804175,-3.5426713812162522,0,0,0,0,0,0,-0,-0,-0,-0,-0,-0
hold,0,127,1.2800000000000009,4,1,1,1,2,0,0,0,0,0.24194190543657926,0,-1.1944360013146871,2.1043255273887929,-0.83835102623621482,-1.3297138625561016,2.1022871283373634,-0.25179026270267207,-4.1310763600497982,7.0763358969294146,-5.603157694363289,-5.0436073295568367,7.0649176167220924,-3.7959493763130365,0,0,0,0,0,0,-0,-0,-0,-0,-0,-0
hold,0,128,1.2900000000000009,4,1,1,2,1,0,0,0,0,0.22935042351812251,0,-1.2366102952946205,2.1762168481819359,-0.89535812803847492,-1.3833610323693426,2.1761571873213108,-0.29071574241093462,-4.3564617988766905,7.4094244112688967,-5.8813789581381775,-5.5895696660382717,7.599157719864694,-3.9239481093740531,0,0,0,0,0,0,-0,-0,-0,-0,-0,-0
hold,0,129,1.3000000000000009,4,1,1,1,2,0,0,0,0,0.21575491122097251,0,-1.2821198073809714,2.253382663316347,-0.9569510258299041,-1.4420823379264969,2.2542663479754959,-0.33000868661162724,-4.6699509571849305,7.9044977660533737,-6.3408192760006417,-6.1301236998901807,8.0370328160205986,-3.9719171072064303,0,0,0,0,0,0,-0,-0,-0,-0,-0,-0
hold,0,130,1.3100000000000009,4,1,1,2,1,0,0,0,0,0.20115737482125104,0,-1.3304215888640147,2.3345372163954856,-1.0217042921157482,-1.5072970732899531,2.337643518432583,-0.37011107482906097,-4.9844402974115027,8.3356413748992111,-6.6229890697929843,-6.7887290667590934,8.5313879741405643,-4.0319451226161229,0,0,0,0,0,0,-0,-0,-0,-0,-0,-0
hold,0,131,1.320000000000001,4,1,1,2,2,0,0,0,0,0.18556218236861313,0,-1.3816552764795553,2.4196028351117542,-1.0892480722917726,-1.5789440338484926,2.4249746492260855,-0.4102426670419077,-5.2034645836315292,8.6036637474399242,-6.8445110534373308,-7.4934849774906667,8.9531295826044399,-4.0598910087679805,0,0,0,0,0,0,-0,-0,-0,-0,-0,-0
hold,0,132,1.330000000000001,4,1,1,2,2,0,0,0,0,0.16897468961816298,0,-1.4358131711222182,2.5088801075010916,-1.1609923311549977,-1.6592721628968889,2.517633862941389,-0.45131048018340703,-5.5406031519353753,9.1193550380400605,-7.3879893214602914,-8.4270137702171954,9.4787385873172099,-4.1062461936423249,0,0,0,0,0,0,-0,-0,-0,-0,-0,-0
hold,0,133,1.340000000000001,4,1,1,2,2,0,0,0,0,0.15140812652564331,0,-1.4928705994463358,2.602409229499874,-1.2372712300781143,-1.7505707344960011,2.6158180200308654,-0.49225890640592701,-5.802551375401821,9.4841532028934914,-7.7614469755779512,-9.6513537173693127,10.057948145579484,-4.0698409205693489,0,0,0,0,0,0,-0,-0,-0,-0,-0,-0
hold,0,134,1.350000000000001,4,1,1,2,2,0,0,0,0,0.13289090463822523,0,-1.5523917426834699,2.6997767100253096,-1.3179850629349814,-1.8562708030165007,2.7201845799893709,-0.5331395389214405,-5.9954918405575084,9.8157110470941724,-8.2088639447077494,-11.257891633715781,10.708417580118338,-4.1024038386605612,0,0,0,0,0,0,-0,-0,-0,-0,-0,-0
hold,0,135,1.360000000000001,4,1,1,2,2,0,0,0,0,0.113489115364168,0,-1.6127712146041229,2.8000436425939776,-1.4038256312313104,-1.9817627863810292,2.8321571963189864,-0.57571937142006679,-6.006109193881203,10.078772107663527,-8.7686288200881108,-13.491654111157491,11.55307273253551,-4.5024243469888594,0,0,0,0,0,0,-0,-0,-0,-0,-0,-0
hold,0,136,1.370000000000001,4,1,1,2,2,0,0,0,0,0.093352688435927561,0,-1.6718261253715552,2.9027917994296328,-1.4946569761152588,-2.1330081507123615,2.9541799264254713,-0.63137267343981984,-5.7664413066684075,10.351230397809758,-9.2281701491674291,-16.262944214427414,12.670839018192622,-6.5965020569432902,0,0,0,0,0,0,-0,-0,-0,-0,-0,-0
hold,0,137,1.380000000000001,4,1,1,1,2,0,0,0,0,0.072812076659893199,0,-1.7252615515384742,3.0056812166112508,-1.5860550623332181,-2.3111831519539479,3.0893693778075537,-0.73148919862199935,-5.0092468662524947,10.159477039965521,-9.1136493972104375,-18.671067241438493,14.107240546432875,-13.056634301620198,0,0,0,0,0,0,-0,-0,-0,-0,-0,-0
hold,0,138,1.390000000000001,4,1,1,2,2,0,0,0,0,0.052442746227989251,0,-1.7692662196743925,3.1038520457867751,-1.6717030971948359,-2.498224314602516,3.2408143105583722,-0.94202436072661022,-3.9675675923344165,9.6209864023754257,-7.4020528345837482,-18.08445790551858,15.852927208428836,-27.551503064972991,0,0,0,0,0,0,-0,-0,-0,-0,-0,-0
hold,0,139,1.400000000000001,4,1,1,1,2,0,0,0,0,0.032432152346723669,0,-1.8051119663369233,3.1985717553040738,-1.7289629098638486,-2.6590997675673309,3.4056079319160326,-1.3104021939432304,-3.4176832109989177,9.4159973461004398,-4.6657962032376439,-14.537950193370204,16.845226842316084,-42.752699362884172,0,0,0,0,0,0,-0,-0,-0,-0,-0,-0
hold,0,140,1.410000000000001,4,1,1,2,2,0,0,0,0,0.012178379445726979,0,-1.8391987520464115,3.292992719564765,-1.7649029610642857,-2.7851802418354907,3.5780166327176026,-1.8016416385756282,-3.4502586095897327,9.5535216053827785,-2.6524091904802982,-11.506165435235681,17.523456911003315,-52.719787609879766,0,0,0,0,0,0,-0,-0,-0,-0,-0,-0
hold,0,141,1.420000000000001,4,1,1,2,2,0,0,0,0,-0.0087074986611502467,0,-1.8756481054213894,3.3899936037650651,-1.7806955039711077,-2.8806436756894351,3.7575716738404159,-2.3622227515923093,-3.8362922969739937,9.9478673369218686,-0.8511934893567048,-9.4349125974948045,18.142984839513684,-56.353081781767578,0,0,0,0,0,0,-0,-0,-0,-0,-0,-0
hold,0,142,1.430000000000001,4,1,1,2,2,0,0,0,0,-0.030609519748873479,0,-1.9176436569459172,3.4935725965992894,-1.7786970430524569,-2.9770832867802879,3.9431287002447375,-2.9292084064939763,-4.4575273513905138,10.637295572809803,0.84626241647408673,-9.7871836661710017,18.874714919325605,-56.778845737631407,0,0,0,0,0,0,-0,-0,-0,-0,-0,-0
hold,0,143,1.4400000000000011,4,1,1,2,1,0,0,0,0,-0.053518976030849146,0,-1.966322220366991,3.6039896927901141,-1.7614180324424029,-3.0792266186001229,4.1366644957403746,-3.4962102625117062,-5.1599116196825596,11.350899406343068,2.2500519545645328,-10.500749156930976,19.706989274247906,-56.681366160141515,0,0,0,0,0,0,-0,-0,-0,-0,-0,-0
hold,0,144,1.4500000000000011,4,1,1,2,1,0,0,0,0,-0.077409696845721479,0,-2.0223789443009661,3.7221193832789425,-1.7320476651380468,-3.188865595146074,4.3402511496367948,-4.064721129408472,-5.9042208781972141,12.126201627643736,3.3589119787107169,-11.290404245972637,20.843329601364719,-56.998104758213877,0,0,0,0,0,0,-0,-0,-0,-0,-0,-0
hold,0,145,1.4600000000000011,4,1,1,2,1,0,0,0,0,-0.10225732582339311,0,-2.0858711200174289,3.8483139024195965,-1.693210873570568,-3.3074492262994752,4.5578356413451013,-4.6380358234528707,-6.6506272041372503,12.967725989657261,4.1903914578041412,-12.2705773691403,22.444081545941451,-57.596160613088159,0,0,0,0,0,0,-0,-0,-0,-0,-0,-0
hold,0,146,1.4700000000000011,4,1,1,2,1,0,0,0,0,-0.12803279298580872,0,-2.1564860859571242,3.9828137376786872,-1.6472718199986924,-3.4378058559666314,4.7955760451867189,-5.2195312036510346,-7.3588624291560354,13.837548426606606,4.8059257373642001,-13.605715233910681,24.786136584343243,-58.582917804473176,0,0,0,0,0,0,-0,-0,-0,-0,-0,-0
hold,0,147,1.4800000000000011,4,1,1,2,1,0,0,0,0,-0.15469083804749881,0,-2.2338418244321709,4.1262503333308667,-1.5961555957979976,-3.5851766984314946,5.0640377886488883,-5.8144966179084179,-8.0161463817187517,14.74603357537141,5.2548522572990706,-15.613209163226561,28.46132150455184,-60.222914219258946,0,0,0,0,0,0,-0,-0,-0,-0,-0,-0
hold,0,148,1.4900000000000011,4,1,1,2,2,0,0,0,0,-0.18214087863530287,0,-2.3182391045925526,4.2806006719505856,-1.5422680455020459,-3.760641293469579,5.3856462501262019,-6.4311313254669678,-8.6644873911255953,15.829527267552919,5.4979496314550893,-19.15607816004232,35.302103644970344,-62.820290420758347,0,0,0,0,0,0,-0,-0,-0,-0,-0,-0
hold,0,149,1.5000000000000011,4,1,1,2,2,0,0,0,0,-0.21007557490649692,0,-2.4067152970966337,4.4443357625771807,-1.4862588789429381,-3.9936477647002109,5.8179220699582661,-7.0945014982049086,-8.8295259620722177,16.648651874914382,5.6699596194349242,-27.025021048196816,50.405219859201495,-69.647549526638613,0,0,0,0,0,0,-0,-0,-0,-0,-0,-0
hold,0,150,1.5100000000000011,4,1,1,2,2,0,0,0,0,-0.23636173579663519,0,-2.4750922267180879,4.6049378642946657,-1.4316255736692853,-4.3438738203075697,6.4969797414045178,-7.7642801927936356,-3.817015662370876,14.789334811306452,5.0538116361570404,-35.894106992447391,73.772251536703024,-53.969205731199729,0,0,0,0,0,0,-0,-0,-0,-0,-0,-0
hold,0,151,1.5200000000000011,4,1,1,2,2,0,0,0,0,-0.25868835015294045,0,-2.4850954170782353,4.7473526216505677,-1.3896670084575231,-4.4952036862600897,6.9275654945353935,-7.9132096435356516,-0.53433977531803667,14.617203656008744,3.8703804096912209,-4.6206254568854641,27.483999177437198,8.0842166873119901,0,0,0,0,0,0,-0,-0,-0,-0,-0,-0
hold,0,152,1.5300000000000011,4,1,1,2,2,0,0,0,0,-0.28104508316624072,0,-2.4961540126832888,4.9068193037841219,-1.3523006899951995,-4.4445580462423679,7.0614311884353764,-7.6182914238767321,-1.7083792250411514,17.006392750520028,3.6829532043267128,9.8304484073711578,6.5006159033467465,40.591552802932412,0,0,0,0,0,0,-0,-0,-0,-0,-0,-0
hold,0,153,1.5400000000000011,4,1,1,2,2,0,0,0,0,-0.30406511918700901,0,-2.5253006353071736,5.0963710962136162,-1.3154254338117568,-4.2995364583701194,7.0557342236117382,-7.1302309040106184,-3.774292835521051,20.340432939032976,3.728979485091771,16.997895748271908,-4.4887091841398483,52.509250144766874,0,0,0,0,0,0,-0,-0,-0,-0,-0,-0
hold,0,154,1.5500000000000012,4,1,1,2,2,0,0,0,0,-0.32771377081226871,0,-2.5781503566148856,5.3251420777479215,-1.2774127351648783,-4.0981000687711457,6.9566578497546274,-6.5855225305921863,-6.4235591315297187,24.838396955161407,3.811303348438285,22.257670390688222,-13.67579419072524,55.299365501472479,0,0,0,0,0,0,-0,-0,-0,-0,-0,-0
hold,0,155,1.5600000000000012,4,1,1,2,2,0,0,0,0,-0.35169214699420576,0,-2.6687141828253238,5.6197528776474028,-1.2439585786831422,-3.8489767068723952,6.7669354445083716,-6.0228255076529846,-11.098129007510325,33.170668512726998,2.929426159067988,27.479401356020805,-23.882452177192175,57.123509231829267,0,0,0,0,0,0,-0,-0,-0,-0,-0,-0
hold,0,156,1.5700000000000012,4,1,1,2,2,0,0,0,0,-0.37457969575310818,0,-2.8328934839325033,6.0503565478424495,-1.2331754809441664,-3.5253730823886125,6.4326639233020479,-5.420415854639427,-21.796837487203113,52.910807335147645,-1.6712388848843986,35.801676853057465,-40.227260032484786,63.707856384310823,0,0,0,0,0,0,-0,-0,-0,-0,-0,-0
hold,0,157,1.5800000000000012,4,1,1,2,2,0,0,0,0,-0.38678906973090682,0,-3.0711140812563844,6.584382966221737,-1.3934014226188765,-3.1662399754741566,6.0114861645965414,-4.7228540700555,-15.39187515226361,35.649539345413899,-21.041223509349106,31.02910067465843,-34.142235060019928,71.751022817731084,0,0,0,0,0,0,-0,-0,-0,-0,-0,-0
hold,0,158,1.5900000000000012,4,1,1,2,2,0,0,0,0,-0.38823417222826617,0,-3.0973711779476734,6.6952907509091553,-1.5892525503826924,-2.9788227713371547,5.8621557767881862,-4.2002873964319862,3.7312164195509454,-0.99071598029865893,-17.451268397398543,11.671918952044404,-3.5371282927827821,42.618008300813912,0,0,0,0,0,0,-0,-0,-0,-0,-0,-0
hold,0,159,1.6000000000000012,4,1,1,2,2,0,0,0,0,-0.3873799698474687,0,-3.0094178710141395,6.5881251314873079,-1.7505128565308254,-2.8977092012660215,5.8893734204271038,-3.7789247901338774,11.116137893168451,-15.262716774981193,-15.616529663534518,5.2544442228587815,6.9291955839309232,35.195494490633628,0,0,0,0,0,0,-0,-0,-0,-0,-0,-0
hold,0,160,1.6100000000000012,4,1,1,2,2,0,0,0,0,-0.38569213540535524,0,-2.8695620129532124,6.3797868440550438,-1.8918568220432175,-2.8631338891179792,5.9887290704963512,-3.4344961850491331,15.722521859451218,-24.269317198595058,-13.233416820411046,2.2139214924014774,11.938449103414072,33.396642853255486,0,0,0,0,0,0,-0,-0,-0,-0,-0,-0
hold,0,161,1.6200000000000012,4,1,1,2,2,0,0,0,0,-0.38202898082962106,0,-2.7090124922038803,6.1223764186445706,-2.0375426128966381,-2.8410627045501338,6.1016223796558604,-3.097809757704892,14.305858914169278,-23.296851734509843,-17.142104198333893,2.2495937552031067,10.658419789047159,34.072885219760202,0,0,0,0,0,0,-0,-0,-0,-0,-0,-0
hold,0,162,1.6300000000000012,4,1,1,2,2,0,0,0,0,-0.37636913990144949,0,-2.6115685256875918,5.9648014160891041,-2.2488404537688562,-2.823970130955769,6.2124970218400364,-2.7704364081354775,7.0232055894991969,-11.14432678220629,-22.983022026185054,1.4016229823109625,11.380127825726706,32.425110926951,0,0,0,0,0,0,-0,-0,-0,-0,-0,-0
hold,0,163,1.6400000000000012,4,1,1,2,2,0,0,0,0,-0.37018734004424231,0,-2.5606108099864295,5.8853396905115201,-2.4864345231492857,-2.8140365043578424,6.3300367096317771,-2.4717237936028007,4.2094567151541167,-6.4840202307433481,-23.883388020443505,0.93280026460882559,11.701043898454708,28.499508338262036,0,0,0,0,0,0,-0,-0,-0,-0,-0,-0
hold,0,164,1.6500000000000012,4,1,1,2,2,0,0,0,0,-0.36350786944769942,0,-2.5163105483663473,5.8142967747598355,-2.71993425791571,-2.7913212660682527,6.4148906314099268,-2.2114202544427775,4.668100642675669,-7.6579705083462981,-23.035321392920931,3.3656024152954154,5.9490372180776676,24.546611712110316,0,0,0,0,0,0,-0,-0,-0,-0,-0,-0
hold,0,165,1.6600000000000013,4,1,1,2,2,0,0,0,0,-0.35663188651455374,0,-2.4704173963605189,5.7376093180234715,-2.9451187571119517,-2.7445368989578505,6.4444015646465669,-1.9807852215212585,4.6555426954223567,-7.8866953451257746,-22.264656183708805,5.6416003988346217,0.70179551277914709,21.942991418123835,0,0,0,0,0,0,-0,-0,-0,-0,-0,-0
hold,0,166,1.6700000000000013,4,1,1,2,2,0,0,0,0,-0.35004331017715345,0,-2.4250259933802862,5.6596855423594814,-3.1624232350480921,-2.6815713453048806,6.4364390638019877,-1.7699466604302276,4.4358576846501379,-7.6801237770112269,-21.352281891806729,6.61913490168455,-1.5290313302275484,20.63780823911415,0,0,0,0,0,0,-0,-0,-0,-0,-0,-0
hold,0,167,1.6800000000000013,4,1,1,2,2,0,0,0,0,-0.34399315380645012,0,-2.3833896026722661,5.5863438885237358,-3.3687498074124789,-2.6101058815094182,6.4086268999316278,-1.5698530855495065,4.0428258049256716,-7.2029889521613484,-20.353035966108621,7.4526443141758456,-3.5111721676161127,19.65053163651374,0,0,0,0,0,0,-0,-0,-0,-0,-0,-0
hold,0,168,1.6900000000000013,4,1,1,2,2,0,0,0,0,-0.3383428355357142,0,-2.3444667478724215,5.5149184102865316,-3.5674876062460328,-2.5286477976795139,6.3553437250327409,-1.3825333049905739,3.7224584294396643,-6.9737813403763429,-19.614722499124277,8.4875816867680243,-6.2528790764435644,18.219285971812148,0,0,0,0,0,0,-0,-0,-0,-0,-0,-0
hold,0,169,1.7000000000000013,4,1,1,2,2,0,0,0,0,-0.33297125276058837,0,-2.3094567295817856,5.44635961566307,-3.7605179420579957,-2.4399245304125565,6.2795153759109361,-1.2120519175577542,3.3508216609913419,-6.7974379452950986,-19.142275165655807,9.0300602136728561,-8.3424930590453901,16.093223556238097,0,0,0,0,0,0,-0,-0,-0,-0,-0,-0
hold,0,170,1.7100000000000013,4,1,1,2,2,0,0,0,0,-0.32771545291310766,0,-2.280747743497332,5.3833579204466169,-3.9496706439357827,-2.3518797855540123,6.1922191757676313,-1.0696256218509523,2.5666647717808524,-5.997965390764965,-18.771292498235447,8.47363362558667,-8.5992059153951868,13.069274753272513,0,0,0,0,0,0,-0,-0,-0,-0,-0,-0
hold,0,171,1.7200000000000013,4,1,1,2,2,0,0,0,0,-0.32264958624901591,0,-2.2592685376211312,5.3271033443032421,-4.1356804290124014,-2.2762045256833217,6.1139491789382223,-0.96439292612409666,1.8431717744198879,-5.3093216383405171,-18.507399867540975,6.8923268612003596,-7.1008728228720051,9.0096141347854086,0,0,0,0,0,0,-0,-0,-0,-0,-0,-0
hold,0,172,1.7300000000000013,4,1,1,2,2,0,0,0,0,-0.31800087849168546,0,-2.2456896581247445,5.2798174940468119,-4.3198768298433476,-2.2180051923125403,6.0565560886689838,-0.89262927340263731,1.035043765406088,-4.3189241725254632,-18.364794790054024,5.1342856742097362,-4.8321579808410453,6.112982144204107,0,0,0,0,0,0,-0,-0,-0,-0,-0,-0
hold,0,173,1.7400000000000013,4,1,1,2,2,0,0,0,0,-0.31396918905104515,0,-2.239266759443479,5.2417204802084019,-4.5024978948734278,-2.1758195756779775,6.0208276062761055,-0.84395049605205874,0.4226572184181297,-3.5429348222843529,-18.2072454505367,3.6361953860793843,-2.77987135095987,4.0683275592150965,0,0,0,0,0,0,-0,-0,-0,-0,-0,-0
hold,0,174,1.7500000000000013,4,1,1,2,2,0,0,0,0,-0.31066124748705204,0,-2.2381353589597666,5.2100924580572805,-4.6840875888442222,-2.1471963717573117,6.0032905441643258,-0.81420819419407064,-0.14049895146578181,-2.811152546941635,-18.157788297806551,2.3828021009007205,-1.1154776355894922,2.3251930139895434,0,0,0,0,0,0,-0,-0,-0,-0,-0,-0
hold,0,175,1.7600000000000013,4,1,1,2,2,0,0,0,0,-0.30813469880320105,0,-2.2429075732312627,5.1866492509538435,-4.8659249521022279,-2.1299085931876731,6.0008819351952045,-0.79918994663695087,-0.74245323050072043,-1.9503995162441394,-18.222620706763852,1.3067469848725013,0.32332345107340754,0.98713191613670825,0,0,0,0,0,0,-0,-0,-0,-0,-0,-0
hold,0,176,1.7700000000000014,4,1,1,2,2,0,0,0,0,-0.30640824354308749,0,-2.2548604090700488,5.1743727339206895,-5.0487165725921752,-2.1230020979456898,6.0123369095820891,-0.79650462121838028,-1.4405986864455691,-0.85278442504163687,-18.305158546675287,0.27930260254383488,1.6941922707709698,-0.20513221558803035,0,0,0,0,0,0,-0,-0,-0,-0,-0,-0
hold,0,177,1.7800000000000014,4,1,1,2,2,0,0,0,0,-0.30547522181723369,0,-2.2734582274973008,5.1726687621665608,-5.2319744886439326,-2.1264960318206723,6.0376104834816076,-0.80576959035186557,-2.0541502698866139,0.10962990056464891,-18.334832640530639,-0.77658386402154234,3.091520407260878,-1.4216308337741161,0,0,0,0,0,0,-0,-0,-0,-0,-0,-0
hold,0,178,1.7900000000000014,4,1,1,2,2,0,0,0,0,-0.30530519368358611,0,-2.2976627752529453,5.1794406137048332,-5.4156718062691445,-2.1409026260662301,6.0771417196825634,-0.8280572091025471,-2.6263456094265005,0.97492542583433728,-18.383798551977684,-1.8918754493851999,4.5313742673907669,-2.7980710374461499,0,0,0,0,0,0,-0,-0,-0,-0,-0,-0
hold,0,179,1.8000000000000014,4,1,1,2,2,0,0,0,0,-0.30583522554781617,0,-2.3272164987398094,5.1938436977650975,-5.5998520455632361,-2.1668698168954887,6.1311983696182946,-0.86564757194891739,-3.15696916031377,1.7020161934395466,-18.441313134107091,-3.0740588104776849,5.9847273904793044,-4.4374380022989701,0,0,0,0,0,0,-0,-0,-0,-0,-0,-0
hold,0,180,1.8100000000000014,4,1,1,2,2,0,0,0,0,-0.30695377397877333,0,-2.3624851252494485,5.2158370450622105,-5.7847152454394726,-2.2044508819083548,6.198541250219229,-0.92127134863587012,-3.750636958702728,2.4682978478349855,-18.512232931771742,-4.1830832584205675,7.1556003817938159,-6.339522725631265,0,0,0,0,0,0,-0,-0,-0,-0,-0,-0
hold,0,181,1.8200000000000014,4,1,1,2,2,0,0,0,0,-0.30852472972605993,0,-2.4041950638051048,5.2461749111568636,-5.9701977080861326,-2.2505615439064566,6.2718473007701512,-0.99686203847373356,-4.4120154373472698,3.3286914006784585,-18.562900964744738,-4.7946605340823556,7.2442803306585866,-8.3827563775364453,0,0,0,0,0,0,-0,-0,-0,-0,-0,-0
hold,0,182,1.8300000000000014,4,1,1,2,2,0,0,0,0,-0.31047614400962847,0,-2.4517256792634665,5.2836023771381075,-6.1560883395330563,-2.2980882863218057,6.3370840967371986,-1.0913260763196166,-5.0078129517828378,4.084496059787619,-18.618469142443757,-4.6245437669423248,5.8598857213430229,-10.081638399503589,0,0,0,0,0,0,-0,-0,-0,-0,-0,-0
hold,0,183,1.8400000000000014,4,1,1,2,2,0,0,0,0,-0.31287042263050974,0,-2.5055649902280326,5.3304759214982171,-6.3429878381209415,-2.3409657928725043,6.384215846413726,-1.1993800178828504,-5.5886653111756655,5.0224358472605362,-18.745557039521021,-4.0604856377146614,3.9954215117783107,-11.21728450773538,0,0,0,0,0,0,-0,-0,-0,-0,-0,-0
hold,0,184,1.8500000000000014,4,1,1,2,2,0,0,0,0,-0.31585248344572331,0,-2.5648142715463473,5.3865130339548557,-6.5315904430676444,-2.3770695775792277,6.4116255438574523,-1.315369754159514,-6.1633550853155672,5.9867874309033988,-18.950486552397756,-3.20292127591118,1.6505310984512778,-11.793030884776069,0,0,0,0,0,0,-0,-0,-0,-0,-0,-0
hold,0,185,1.8600000000000014,4,1,1,2,2,0,0,0,0,-0.31941983171267457,0,-2.6311604181770782,5.455570202271284,-6.7232968399478379,-2.4049165232926235,6.4169233468362368,-1.4359975728563177,-6.979583068832838,7.5976282610648758,-19.323818347842412,-2.5173578362907514,-0.18153320144315105,-12.219820257042894,0,0,0,0,0,0,-0,-0,-0,-0,-0,-0
hold,0,186,1.8700000000000014,4,1,1,2,2,0,0,0,0,-0.32356117924656724,0,-2.7056759079566071,5.5402407830942906,-6.9184622755566254,-2.4241682901056203,6.3999766641175562,-1.5595446124983299,-7.8293103627638203,9.2240743788898687,-19.672470964074773,-1.6515484928808326,-2.4091139556044587,-12.491750128058218,0,0,0,0,0,0,-0,-0,-0,-0,-0,-0
hold,0,187,1.8800000000000014,4,1,1,2,2,0,0,0,0,-0.32831603074209709,0,-2.7900305730256956,5.6444386142842067,-7.1180985967639261,-2.4372439005558353,6.3666167694034232,-1.6872348228456928,-8.8183436534823194,11.161578062850426,-20.171607833271896,-1.1117215267020335,-3.8724848951902486,-12.970892597687477,0,0,0,0,0,0,-0,-0,-0,-0,-0,-0
hold,0,188,1.8900000000000015,4,1,1,2,2,0,0,0,0,-0.33346338317149449,0,-2.8856063947662038,5.7687700408085112,-7.323046558982802,-2.4436065314677444,6.3136263242392641,-1.8229697086614853,-10.066958144523431,13.27013862857096,-20.741453156400446,-0.36976615780151717,-6.1771296137872325,-14.05245402143145,0,0,0,0,0,0,-0,-0,-0,-0,-0,-0
hold,0,189,1.9000000000000015,4,1,1,2,2,0,0,0,0,-0.33868415759293025,0,-2.9991096282868659,5.9247328060228259,-7.5355898864561128,-2.4465669718479144,6.2452839832871607,-1.9729367098017938,-12.400382966648706,17.480198378018315,-21.563572356006116,-0.39221320229643375,-7.0965503906418679,-15.796646532399638,0,0,0,0,0,0,-0,-0,-0,-0,-0,-0
hold,0,190,1.9100000000000015,4,1,1,2,2,0,0,0,0,-0.34349013928530919,0,-3.1447492297418376,6.1400592735060906,-7.7561892423716827,-2.4543536162858848,6.1767163401705485,-2.1439423685705288,-16.264007416571491,24.743748243253588,-22.32056744942884,-1.105089900430372,-6.5241823592278934,-17.943557339753834,0,0,0,0,0,0,-0,-0,-0,-0,-0,-0
hold,0,191,1.9200000000000015,4,1,1,2,2,0,0,0,0,-0.34653684590921496,0,-3.3216288638007958,6.4299370724700058,-7.9443016215976767,-2.4525071089759822,6.0961478074229145,-2.319016451209023,-16.123555498115088,27.53669244110548,-14.23062994699165,1.5495627115840973,-9.6775232705051906,-17.070600044246238,0,0,0,0,0,0,-0,-0,-0,-0,-0,-0
hold,0,192,1.9300000000000015,4,1,1,2,2,0,0,0,0,-0.34691713983478073,0,-3.4112642490834144,6.5887183780680783,-8.0094573920450554,-2.4260837322383555,5.9888183524248291,-2.4879824321498076,-5.0127161024333482,9.2532318490922094,-2.5521825173545452,2.6047202348697085,-10.363264498307961,-17.092219852361339,0,0,0,0,0,0,-0,-0,-0,-0,-0,-0
hold,0,193,1.9400000000000015,4,1,1,2,2,0,0,0,0,-0.346728943774681,0,-3.4289279121848191,6.6259873543776511,-8.0027369688961443,-2.4080381083097961,5.9005599331949643,-2.6651865824214931,-0.31740203980859094,1.2021218304263299,2.152038164531322,0.85296008556322434,-7.1315040381757013,-18.265317713514065,0,0,0,0,0,0,-0,-0,-0,-0,-0,-0
hold,0,194,1.9500000000000015,4,1,1,2,2,0,0,0,0,-0.34670047338900889,0,-3.4206475132801391,6.6186799032927954,-7.9689421927040369,-2.4074954254739112,5.8434453482055,-2.8536970437215592,1.3744045453142693,-1.6361605236147831,4.0121884519417099,-0.44533992704186787,-4.8176993331746933,-19.172054688495486,0,0,0,0,0,0,-0,-0,-0,-0,-0,-0
hold,0,195,1.9600000000000015,4,1,1,2,2,0,0,0,0,-0.34714962183164289,0,-3.4016511351672736,6.5933482497560387,-7.9234791006156744,-2.4199661084798136,5.8094014169810295,-3.0499321191926487,2.2048096790926879,-3.0349692884656423,4.8636987796322071,-1.5719775863914698,-2.8280021051472177,-19.844949240084446,0,0,0,0,0,0,-0,-0,-0,-0,-0,-0
hold,0,196,1.9700000000000015,4,1,1,2,2,0,0,0,0,-0.34822343030071212,0,-3.3760107151898744,6.5568110271426203,-7.8709858343121688,-2.4433706846452306,5.7945283868303559,-3.2525603909167904,2.7685919995692165,-4.0088172368714483,5.5083101869001174,-2.9166110219659682,-0.47524697954587886,-20.525747692684345,0,0,0,0,0,0,-0,-0,-0,-0,-0,-0
hold,0,197,1.9800000000000015,4,1,1,2,2,0,0,0,0,-0.34990914842290571,0,-3.3428341963874977,6.5076726752954173,-7.8106347678193542,-2.4766220667869518,5.7973787468678282,-3.460079299673807,3.666431938691149,-5.4950729848480409,6.4088827311751215,-3.729416324754312,1.0237202638708156,-20.945866526227622,0,0,0,0,0,0,-0,-0,-0,-0,-0,-0
hold,0,198,1.9900000000000015,4,1,1,2,2,0,0,0,0,-0.35213660054922385,0,-3.3001842955071146,6.4432027251545101,-7.739086135318507,-2.5171905391214118,5.8140230354212861,-3.671490387624206,4.67657134374842,-7.0885926115003572,7.7242693350050047,-4.2605923413845552,2.0714911198313595,-21.27259950445659,0,0,0,0,0,0,-0,-0,-0,-0,-0,-0
hold,0,199,2.0000000000000013,4,1,1,2,2,0,0,0,0,-0.35463195587671537,0,-3.2447759148413078,6.3588349909076154,-7.6502831719598507,-2.5635979704266791,5.8427957273418736,-3.8861967835378017,6.0479143817276642,-9.19040677442581,9.7210557649738654,-4.9061067266496616,3.4442713199093049,-21.591829566321895,0,0,0,0,0,0,-0,-0,-0,-0,-0,-0
hold,0,200,2.0100000000000002,4,1,1,2,2,0,0,0,0,-0.35693602089363141,0,-3.1791136357701637,6.261069806792138,-7.5406240501989954,-2.6108995519896885,5.8759951216315658,-4.1014823762751265,6.750677564225013,-9.8720914193316442,11.587246584838917,-4.5013443379698437,3.0641827680041605,-21.429606520988422,0,0,0,0,0,0,-0,-0,-0,-0,-0,-0
hold,0,201,2.0199999999999991,4,1,1,2,2,0,0,0,0,-0.35864175765712514,0,-3.1182416944375806,6.1785403305758315,-7.4177785744531475,-2.6523471964162049,5.9017676989004553,-4.3143841588710448,5.4565336008081777,-6.8294083420984339,12.697494167010591,-3.9248112108929392,2.2551531007802299,-21.186637180440027,0,0,0,0,0,0,-0,-0,-0,-0,-0,-0
hold,0,202,2.029999999999998,4,1,1,2,2,0,0,0,0,-0.3602715263762829,0,-3.0740929987892116,6.1320499221248506,-7.2874519402086406,-2.6937419631378257,5.9285586177537706,-4.5276611095456811,3.6955820945211348,-3.1806740529187216,13.148974249342727,-4.3973854396102281,3.164310141896213,-21.456396535903956,0,0,0,0,0,0,-0,-0,-0,-0,-0,-0
hold,0,203,2.0399999999999969,4,1,1,2,2,0,0,0,0,-0.36204674175824186,0,-3.0478462289401005,6.1215795026831161,-7.1563528291447422,-2.7413926946439187,5.9670341647166811,-4.7439802985115325,1.8248904063341325,0.50702293210251137,12.95595159863476,-5.1435421875408007,4.5499013395247339,-21.777186040981366,0,0,0,0,0,0,-0,-0,-0,-0,-0,-0
hold,0,204,2.0499999999999958,4,1,1,2,2,0,0,0,0,-0.36401067677471566,0,-3.0383528550808374,6.1436572754032479,-7.0279480164197352,-2.7971908918087385,6.0205483353312932,-4.9638732772090002,0.4378109840253438,3.1708987925141781,12.767465034171121,-6.1178540931559002,6.3391416241245748,-22.213512446091126,0,0,0,0,0,0,-0,-0,-0,-0,-0,-0
hold,0,205,2.0599999999999947,4,1,1,2,2,0,0,0,0,-0.36605276074591403,0,-3.0437022110316718,6.1938492393549023,-6.9023838423096873,-2.8634617082789759,6.0932972162032319,-5.1883944808526605,-1.1225103710091895,6.1290275412116939,12.458226668021265,-7.0168433274510571,7.9897738703169257,-22.635538261925969,0,0,0,0,0,0,-0,-0,-0,-0,-0,-0
hold,0,206,2.0699999999999936,4,1,1,2,2,0,0,0,0,-0.36784285029966085,0,-3.0603224379159562,6.2647639753226976,-6.7776233428087576,-2.9439930675421406,6.1925181455372327,-5.4180874869028424,-1.9581234103018796,7.6149054906119025,12.518401398770873,-8.6957832216212854,11.128833289680363,-23.153481511842735,0,0,0,0,0,0,-0,-0,-0,-0,-0,-0
hold,0,207,2.0799999999999925,4,1,1,2,2,0,0,0,0,-0.36893489079552727,0,-3.0810413451180172,6.3429851779044366,-6.6495391816354488,-3.035586854547442,6.3120507387496385,-5.6525613870838223,-2.1312440984306669,7.8697807854011455,12.855737372872648,-9.3971480998125951,12.392819089856383,-23.440556043016702,0,0,0,0,0,0,-0,-0,-0,-0,-0,-0
hold,0,208,2.0899999999999914,4,1,1,2,2,0,0,0,0,-0.36875569527428442,0,-3.0994677841307809,6.4157714980811917,-6.5214923673159904,-3.117455845904745,6.4150773435291519,-5.8752516661752425,-1.7725240855662556,7.1606640575474998,12.814835950679166,-6.8329326872072889,7.9904626484456207,-20.867626278269796,0,0,0,0,0,0,-0,-0,-0,-0,-0,-0
hold,0,209,2.0999999999999903,4,1,1,2,2,0,0,0,0,-0.36776919363385574,0,-3.1064962252975019,6.4670584640363948,-6.3905522274763022,-3.173572165039019,6.473024040463871,-6.0770131846949544,-0.26342315227234703,4.3375429805853907,13.305466294351174,-4.7770893359906275,4.2859334918611358,-19.712135704043117,0,0,0,0,0,0,-0,-0,-0,-0,-0,-0
hold,0,210,2.1099999999999892,4,1,1,2,2,0,0,0,0,-0.36663271669608349,0,-3.1012754465350874,6.495854219344336,-6.2557437885497302,-3.20701282154661,6.491554137989036,-6.2602015169496221,1.3765870448964872,1.2064028733486682,13.551900120342612,-3.0063588031144395,1.2740041570315173,-18.041597810937848,0,0,0,0,0,0,-0,-0,-0,-0,-0,-0
hold,0,211,2.1199999999999881,4,1,1,2,2,0,0,0,0,-0.36559897195295737,0,-3.0769276480428962,6.4870578552407796,-6.1201389053944641,-3.2309968446501922,6.4940065836837082,-6.4348094633415736,2.944727741752482,-1.8703757102650096,13.553024029098742,-1.7918520942992648,-0.76226826325155495,-16.800959132407165,0,0,0,0,0,0,-0,-0,-0,-0,-0,-0
hold,0,212,2.129999999999987,4,1,1,2,2,0,0,0,0,-0.36485644608142137,0,-3.0405555182548523,6.454812337426155,-5.9837182673668394,-3.2454157742779426,6.48037231548461,-6.5992633063137482,4.2942199697145771,-4.5515401329544165,13.670114524380274,-1.3986713870048295,-1.4406819723696347,-16.372683838691266,0,0,0,0,0,0,-0,-0,-0,-0,-0,-0
hold,0,213,2.1399999999999859,4,1,1,2,2,0,0,0,0,-0.36438709324544943,0,-2.9900126016528947,6.3940995012000474,-5.8461575290071623,-3.2561792465743391,6.4605173201838486,-6.758793936474297,5.6137824840327797,-7.2036358101875386,13.786079735629045,-0.77283819620138205,-2.4981085965693208,-15.550842955677656,0,0,0,0,0,0,-0,-0,-0,-0,-0,-0
hold,0,214,2.1499999999999848,4,1,1,2,2,0,0,0,0,-0.36382335996855591,0,-2.924934836515825,6.3019629523003271,-5.7113963192713468,-3.2648862047112837,6.4366301360804812,-6.9130647595869181,7.0480478223374208,-10.586481072135635,12.942038802781147,-1.1868329951213519,-1.936852447916511,-15.57850783509604,0,0,0,0,0,0,-0,-0,-0,-0,-0,-0
hold,0,215,2.1599999999999837,4,1,1,2,1,0,0,0,0,-0.36269594102857522,0,-2.8566392449858737,6.1929637470067931,-5.5976931099927612,-3.2836683177187815,6.4266185374248366,-7.0723307746626807,6.1946411961503705,-10.260099694427725,9.9352536829619407,-2.370721967637607,-0.35471759727435748,-16.159307195389605,0,0,0,0,0,0,-0,-0,-0,-0,-0,-0
hold,0,216,2.1699999999999826,4,1,1,2,1,0,0,0,0,-0.36099939356933669,0,-2.8131114494159122,6.1167439654583022,-5.5242993313599023,-3.3136918794737591,6.4309710271277662,-7.2366026130362169,3.0779830772943093,-5.6916168470508008,5.7948441511046713,-3.3519232008249089,0.86277074791962427,-16.56757366429278,0,0,0,0,0,0,-0,-0,-0,-0,-0,-0
hold,0,217,2.1799999999999815,4,1,1,2,1,0,0,0,0,-0.35934352546453197,0,-2.7986391490880909,6.0851768643386279,-5.4847642455694334,-3.3507002009335594,6.4436940939689187,-7.4035338257049537,0.46884504352983453,-1.6385183948468502,2.8344114766191262,-3.8938477670528036,1.4939726373265751,-16.758290665574048,0,0,0,0,0,0,-0,-0,-0,-0,-0,-0
hold,0,218,2.1899999999999804,4,1,1,2,1,0,0,0,0,-0.35809694295060052,0,-2.8056608600023676,6.0869902275272967,-5.4695669110032998,-3.3917278042677541,6.4609268508345501,-7.5717263408142879,-1.4086156587612813,1.2784298290106539,0.73221280070655792,-4.2256522252268036,1.8553760814788731,-16.85247215725601,0,0,0,0,0,0,-0,-0,-0,-0,-0,-0
hold,0,219,2.1999999999999793,4,1,1,2,1,0,0,0,0,-0.3573848144382924,0,-2.8291021068712623,6.1142778452782238,-5.4724932486718041,-3.4356702307974176,6.4812740657210046,-7.7406789116771746,-2.9494627939679714,3.6656032036474495,-0.951708784023654,-4.509886985213039,2.1591988858584918,-16.925325023694374,0,0,0,0,0,0,-0,-0,-0,-0,-0,-0
hold,0,220,2.2099999999999782,4,1,1,2,2,0,0,0,0,-0.35716384237668203,0,-2.8676397081525886,6.1648541369112522,-5.491720870287442,-3.4829107818309391,6.5052948247217799,-7.9105722601899915,-4.4612882865632493,5.9787676233501186,-2.6053627348280712,-4.8900509967915333,2.5957244188232393,-17.042744169903443,0,0,0,0,0,0,-0,-0,-0,-0,-0,-0
hold,0,221,2.2199999999999771,4,1,1,2,2,0,0,0,0,-0.35699658094795961,0,-2.9132137519102508,6.227042715047391,-5.5218612974436647,-3.5136756568900904,6.5012137285099421,-8.066356041194755,-4.689212064308883,6.4418136194701017,-3.3917233778807354,-2.1413764095410972,-1.9755463688714152,-14.826478078825426,0,0,0,0,0,0,-0,-0,-0,-0,-0,-0
hold,0,222,2.229999999999976,4,1,1,2,2,0,0,0,0,-0.35663959102680987,0,-2.9607585176176348,6.2916497641292981,-5.562050888911398,-3.524298779926553,6.4642590573711196,-8.2019789098641223,-4.7077159432258497,6.2828001567789027,-4.4319788878562187,-0.45165665053577125,-4.6660586855602109,-12.803230543218858,0,0,0,0,0,0,-0,-0,-0,-0,-0,-0
hold,0,223,2.2399999999999749,4,1,1,2,2,0,0,0,0,-0.35612253099061231,0,-3.0049507681914922,6.346551016147389,-5.6118622870182744,-3.5267596478711591,6.4136870307644926,-8.3267763818241711,-4.1337713246244796,4.8161817679059551,-5.3020136491229239,-0.029503140275060485,-5.424315501756011,-12.182985680998245,0,0,0,0,0,0,-0,-0,-0,-0,-0,-0
hold,0,224,2.2499999999999738,4,1,1,2,2,0,0,0,0,-0.35549673123967768,0,-3.0418153980909413,6.3874377529714064,-5.6665189472182229,-3.5174940751994526,6.3477323920949935,-8.4293371912120758,-3.3924129257194151,3.5923581772840465,-5.5713074260786088,1.3831763639746213,-7.1149755824529022,-9.2452895338508778,0,0,0,0,0,0,-0,-0,-0,-0,-0,-0
hold,0,225,2.2599999999999727,4,1,1,2,2,0,0,0,0,-0.35485257439885187,0,-3.0713046572229459,6.4158792442503518,-5.7230582382975737,-3.5010266206783056,6.2760039893527111,-8.5102071176795455,-2.6593289565205023,2.404020123016958,-5.6396944281183812,1.7245772408899247,-6.9134965348751001,-7.0584912381224418,0,0,0,0,0,0,-0,-0,-0,-0,-0,-0
hold,0,226,2.2699999999999716,4,1,1,2,2,0,0,0,0,-0.3541926390752152,0,-3.0942569996300868,6.4344908548907398,-5.7792484887228577,-3.4862685105868589,6.2166798530304206,-8.5700627721067004,-2.0676401458492188,1.5140303349988318,-5.6138776975719793,1.2135761712177531,-5.1039342665040852,-5.3158907687168862,0,0,0,0,0,0,-0,-0,-0,-0,-0,-0
hold,0,227,2.2799999999999705,4,1,1,2,2,0,0,0,0,-0.35372320525088258,0,-3.1111580405266066,6.4431257485192308,-5.8353678464679977,-3.4792422650414725,6.1787448144073638,-8.6180132154067124,-1.3656020119563255,0.26855997796387104,-5.5758517098488092,0.34831540945745731,-2.9177292127849066,-4.490199197210746,0,0,0,0,0,0,-0,-0,-0,-0,-0,-0
hold,0,228,2.2899999999999694,4,1,1,2,2,0,0,0,0,-0.3535529073193584,0,-3.1201345894505215,6.4369601972683999,-5.8908228358526129,-3.4810228474228238,6.161837203944625,-8.6605742456904444,-0.61364493522319963,-1.1583145163317106,-5.5464961736188041,-0.52267741705478643,-0.90080364706956106,-4.149549793665031,0,0,0,0,0,0,-0,-0,-0,-0,-0,-0
hold,0,229,2.2999999999999683,4,1,1,2,2,0,0,0,0,-0.3537594684073388,0,-3.1212074589531018,6.4154845124729416,-5.9458849228077097,-3.4908226221902678,6.1629460994892771,-8.701578444088927,0.31959004160691262,-2.9902867660802617,-5.4221647615979434,-1.2459144945940601,0.68158518446000782,-4.0996686493225498,0,0,0,0,0,0,-0,-0,-0,-0,-0,-0
hold,0,230,2.3099999999999672,4,1,1,2,2,0,0,0,0,-0.35428769243979574,0,-3.1128698880939929,6.3753624563586211,-6.0002133319538471,-3.5077164789008268,6.1799875961549766,-8.7405070537020002,1.1696647264350841,-4.6937557147749986,-5.4917045146920973,-1.9659947656717864,2.3352941455519258,-3.7787341919649049,0,0,0,0,0,0,-0,-0,-0,-0,-0,-0
hold,0,231,2.3199999999999661,4,1,1,2,2,0,0,0,0,-0.3550151072893713,0,-3.0955024636552313,6.3164777075053653,-6.0556694291913784,-3.5304049486934916,6.2096937784252528,-8.7772714763729756,2.0955559055342929,-6.6757761318516993,-5.6297791850364822,-2.4371164277123247,3.295742232307465,-3.631669999918238,0,0,0,0,0,0,-0,-0,-0,-0,-0,-0
hold,0,232,2.329999999999965,4,1,1,2,2,0,0,0,0,-0.35567988087406327,0,-3.072995833334808,6.2440748726440596,-6.1169757087970531,-3.5567679103598691,6.2452319820528146,-8.814033649820411,2.1707287233410293,-7.3024275084327908,-6.59783175090406,-2.7653631165230128,3.6914801423882353,-3.7169136112269765,0,0,0,0,0,0,-0,-0,-0,-0,-0,-0
hold,0,233,2.3399999999999639,4,1,1,2,2,0,0,0,0,-0.35619435730226356,0,-3.0565706234829353,6.1777384229285754,-6.1947888997415008,-3.5865122380717938,6.2853937500724459,-8.8506779742315054,1.3163851038775596,-6.1646902669968906,-8.5126575948513157,-3.085177654643755,4.2649986177493915,-3.519346139015723,0,0,0,0,0,0,-0,-0,-0,-0,-0,-0
hold,0,234,2.3499999999999628,4,1,1,2,2,0,0,0,0,-0.3566133310492402,0,-3.0515378996470615,6.1292309485661693,-6.2914080714575142,-3.6182207106887914,6.3302327014633981,-8.8830069394689222,0.055097533749533745,-4.0848490991500688,-10.29064294834677,-3.1505684918790631,4.5445088238278881,-2.9471608575937926,0,0,0,0,0,0,-0,-0,-0,-0,-0,-0
hold,0,235,2.3599999999999617,4,1,1,2,2,0,0,0,0,-0.35696212839402586,0,-3.0556214992630379,6.0970756456939181,-6.400876943683679,-3.6467913606068447,6.3725901771727589,-8.9060368707006035,-0.8641632642207111,-2.3665859069113342,-11.364971152450689,-2.6580531073704368,3.9908309168505158,-1.9109270641943505,0,0,0,0,0,0,-0,-0,-0,-0,-0,-0
hold,0,236,2.3699999999999606,4,1,1,2,2,0,0,0,0,-0.3573154135254909,0,-3.0659974870034912,6.0776773027272668,-6.5179781013120124,-3.6671948316050718,6.4040052994635044,-8.9170704819311961,-1.358106291999678,-1.311821237774808,-12.02349389852578,-1.6865518926210115,2.6367080228293851,-0.63671178012062879,0,0,0,0,0,0,-0,-0,-0,-0,-0,-0
hold,0,237,2.3799999999999595,4,1,1,2,2,0,0,0,0,-0.35774304991952677,0,-3.0847894710620984,6.0749523002947372,-6.6415138054530551,-3.6787221393778893,6.4225370837895461,-8.9167623430875231,-1.9822688615558564,0.011287187339991289,-12.429873343748925,-0.69762731064095296,1.1891527167174201,0.55222863473445916,0,0,0,0,0,0,-0,-0,-0,-0,-0,-0
hold,0,238,2.3899999999999584,4,1,1,2,2,0,0,0,0,-0.35838321866880773,0,-3.1085360095631351,6.0830445848416606,-6.7688483708548119,-3.6801160232177814,6.4262460511625115,-8.9044809824336184,-2.5919228267386027,1.2621808477258234,-12.921277867459517,0.23979847045221186,-0.18194409692225166,1.6884688102847067,0,0,0,0,0,0,-0,-0,-0,-0,-0,-0
hold,0,239,2.3999999999999573,4,1,1,1,2,0,0,0,0,-0.35928400416084172,0,-3.1371223009066664,6.1013844515837139,-6.9007123437832183,-3.6721507069308434,6.4164499073497421,-8.8805149945137973,-3.021068633483825,2.1850561526007644,-13.369914576752207,1.161055250028268,-1.4952353541532428,2.8789475091722898,0,0,0,0,0,0,-0,-0,-0,-0,-0,-0
hold,0,240,2.4099999999999562,4,1,1,2,2,0,0,0,0,-0.36044819567040209,0,-3.1662005519130489,6.1228796929105211,-7.0349900692283382,-3.6525954993349155,6.3897988639522438,-8.8437626240384741,-2.9611060350179339,2.3339234159534237,-13.592214852189958,2.4380626127158731,-3.3862282433386421,4.1280168361762346,0,0,0,0,0,0,-0,-0,-0,-0,-0,-0
hold,0,241,2.4199999999999551,4,1,1,2,2,0,0,0,0,-0.36166139632443273,0,-3.2002016180829669,6.1549404843083177,-7.1756068195262115,-3.6237648538704721,6.3495288855961043,-8.7974299767220927,-3.6998935203489878,3.7978018641136546,-14.372758997394103,3.1247396960789722,-4.3483454759494435,4.9835303304423659,0,0,0,0,0,0,-0,-0,-0,-0,-0,-0
hold,0,242,2.429999999999954,4,1,1,2,2,0,0,0,0,-0.36281712178240755,0,-3.2399272251124041,6.1988399649280712,-7.3231266566686779,-3.5895456238468082,6.3029028565631773,-8.74191968622935,-4.2549607270981422,4.9676862702201401,-15.011736646911277,3.5365561881459175,-4.7519815629084805,5.8152320952236876,0,0,0,0,0,0,-0,-0,-0,-0,-0,-0
hold,0,243,2.4399999999999529,4,1,1,2,2,0,0,0,0,-0.36371524350485057,0,-3.2835497049317999,6.2520844513439169,-7.4746988841760169,-3.5532401564793372,6.2560914593554724,-8.6798204730896575,-4.5894676749914289,5.7824155115025979,-15.342637863525038,3.5748206775245617,-4.4949907401942388,6.3415981999014015,0,0,0,0,0,0,-0,-0,-0,-0,-0,-0
hold,0,244,2.4499999999999518,4,1,1,2,2,0,0,0,0,-0.36432348397578912,0,-3.3304368335935779,6.3117513230538513,-7.6302636626496003,-3.5184830863528389,6.2133985016295057,-8.6161341589803389,-4.6031406564948645,5.8424963731201318,-15.530218608728912,3.4032654038598871,-4.102148325756497,6.3498010885203904,0,0,0,0,0,0,-0,-0,-0,-0,-0,-0
hold,0,245,2.4599999999999507,4,1,1,2,2,0,0,0,0,-0.36463250279124088,0,-3.3710452393030024,6.3607808558756886,-7.7835841873265927,-3.48591080320127,6.1761555658662051,-8.5523378787621667,-3.6257247612426302,4.1325743489376423,-15.129569575773811,3.1973228526166428,-3.5574014580997799,6.4000397859498186,0,0,0,0,0,0,-0,-0,-0,-0,-0,-0
hold,0,246,2.4699999999999496,4,1,1,2,2,0,0,0,0,-0.36487027409011058,0,-3.4013439797518714,6.3914645077735841,-7.9341490080872523,-3.4584224663203771,6.1505203996980891,-8.4893823781646613,-2.4455485083182422,2.0115870546647847,-14.863008015022695,2.5491071628664099,-2.1078725244310852,6.2148626589247362,0,0,0,0,0,0,-0,-0,-0,-0,-0,-0
hold,0,247,2.4799999999999485,4,1,1,2,2,0,0,0,0,-0.3651780126200071,0,-3.419996701771725,6.4010939379946858,-8.0814944858229563,-3.4372659349236327,6.1389188441558513,-8.4280962376736301,-1.3213090679505399,-0.0059725075292635932,-14.473211885300257,1.8896811179344566,-0.65341590116483506,6.0599268401273774,0,0,0,0,0,0,-0,-0,-0,-0,-0,-0
hold,0,248,2.4899999999999474,4,1,1,2,2,0,0,0,0,-0.36555897976024276,0,-3.4254662589996543,6.3878486126790719,-8.2204615243186119,-3.4220193435839992,6.1403699920309567,-8.369081541131786,0.078990365300308951,-2.4239601636894639,-13.508711938141596,1.4324024923010705,0.39119994694400673,5.879776899178415,0,0,0,0,0,0,-0,-0,-0,-0,-0,-0
hold,0,249,2.4999999999999463,4,1,1,2,2,0,0,0,0,-0.36603841729647912,0,-3.4203564217790925,6.3563920230762001,-8.3534854252748367,-3.4138254976210125,6.1562331454245403,-8.3154359843505539,0.81744724969558291,-3.6413734573742733,-13.094412717534485,0.40685851627001218,2.3795796403530338,4.9588250214687815,0,0,0,0,0,0,-0,-0,-0,-0,-0,-0
hold,0,250,2.5099999999999452,4,1,1,2,2,0,0,0,0,-0.36651870589335628,0,-3.4078764779662465,6.3128586276389882,-8.4822339303459255,-3.4136409220781534,6.1879791302666192,-8.2689587406067258,1.5325558400669783,-4.8214680585542258,-12.731944545887483,-0.11292113843435096,3.4755167106434648,4.5456238946984779,0,0,0,0,0,0,-0,-0,-0,-0,-0,-0
hold,0,251,2.5199999999999441,4,1,1,2,2,0,0,0,0,-0.36688020910867003,0,-3.390440328450032,6.2620460971991907,-8.6072604503911343,-3.4140771439061193,6.2223505078244816,-8.2228561331966024,1.769665261992742,-4.9956931648169194,-12.259094061316347,0.085752491489276828,3.2568224197938758,4.676745581278988,0,0,0,0,0,0,-0,-0,-0,-0,-0,-0
hold,0,252,2.529999999999943,4,1,1,2,2,0,0,0,0,-0.3670278336593184,0,-3.3756240600552974,6.2185040151009989,-8.7314961851719666,-3.4126096898529048,6.2546239671504296,-8.1758286955770032,1.1762612367490526,-3.6728602576190217,-12.428176218254617,0.13451920223876379,3.3088452157177546,4.6980799616881805,0,0,0,0,0,0,-0,-0,-0,-0,-0,-0
hold,0,253,2.5399999999999419,4,1,1,2,2,0,0,0,0,-0.36699007165283287,0,-3.3703649159396676,6.1957017834075723,-8.8563280277523706,-3.410712165060743,6.2870620063143257,-8.1304852835251751,0.38004508521852914,-1.9339233957135034,-12.556038354582908,0.21723668789590037,3.1823680885194259,4.2653738178006853,0,0,0,0,0,0,-0,-0,-0,-0,-0,-0
hold,0,254,2.5499999999999408,4,1,1,2,2,0,0,0,0,-0.36684144083517639,0,-3.3704460653741797,6.1849344439269469,-8.9826785293719453,-3.4069521357159633,6.3160666833835641,-8.0898691565123713,-0.21298927045790078,-0.57618484064328768,-12.537556761348279,0.52315522465723918,2.6391598058867514,3.9619254833173185,0,0,0,0,0,0,-0,-0,-0,-0,-0,-0
hold,0,255,2.5599999999999397,4,1,1,2,2,0,0,0,0,-0.36663543572126672,0,-3.3718607126473685,6.1788268278589884,-9.1075745304156612,-3.397071927676456,6.3333920880454215,-8.0525388458460654,-0.18744347992165572,-0.4582482520897358,-12.503400294987175,1.2804576987810707,1.1826225385486171,3.6676580120388231,0,0,0,0,0,0,-0,-0,-0,-0,-0,-0
hold,0,256,2.5699999999999386,4,1,1,2,2,0,0,0,0,-0.36643300518964206,0,-3.3742401570727201,6.1762279814850736,-9.232476834985869,-3.3791782672084887,6.3355123772627309,-8.0169138246440586,-0.21414087083045047,-0.24583191331476978,-12.45798761962171,2.1505051605421062,-0.4792892189103834,3.5042697007908421,0,0,0,0,0,0,-0,-0,-0,-0,-0,-0
hold,0,257,2.5799999999999375,4,1,1,2,2,0,0,0,0,-0.36625718931575224,0,-3.3781874756390722,6.1781794630103324,-9.3573258943373041,-3.3535712098617241,6.323080033085148,-7.9822715345172233,-0.47497245697915147,0.40849717705323202,-12.479416685855252,2.8292653832094627,-1.7404701665043814,3.4551651927068243,0,0,0,0,0,0,-0,-0,-0,-0,-0,-0
hold,0,258,2.5899999999999364,4,1,1,2,2,0,0,0,0,-0.36610278126827839,0,-3.3860104148913983,6.1892884255133076,-9.4820277226199625,-3.3226824961687753,6.3012181551106909,-7.9474175746155478,-0.88181890768868898,1.3619870323891239,-12.453045995714875,3.2645165707209811,-2.5243629158289962,3.3971726939828035,0,0,0,0,0,0,-0,-0,-0,-0,-0,-0
hold,0,259,2.5999999999999353,4,1,1,2,2,0,0,0,0,-0.36589750130517096,0,-3.3951960088145556,6.2043076449743877,-9.6055343228086283,-3.2884206933538378,6.2720232299612046,-7.917586610311206,-0.84834061864163124,1.3830827472744571,-12.290005993422664,3.4714420238745247,-3.0819676183078433,2.6643570611182001,0,0,0,0,0,0,-0,-0,-0,-0,-0,-0
hold,0,260,2.6099999999999342,4,1,1,1,2,0,0,0,0,-0.36563008230461974,0,-3.4030221870382187,6.2169413971744447,-9.727780880942289,-3.255364745457328,6.2431472547425919,-7.8963241887143205,-0.73180663799870949,1.1572176174828486,-12.169154586805549,3.109355195172812,-2.6031074270845833,1.7348119588326365,0,0,0,0,0,0,-0,-0,-0,-0,-0,-0
hold,0,261,2.619999999999933,4,1,1,1,2,0,0,0,0,-0.36534056269890275,0,-3.4097387835000834,6.2269900107700611,-9.8484423375899333,-3.229128071759074,6.2248928800969754,-7.8854344184556115,-0.64154244995142207,0.91782817470847433,-12.003531115006897,2.2575339190430506,-1.2284043483224976,0.65003877975597502,0,0,0,0,0,0,-0,-0,-0,-0,-0,-0
hold,0,262,2.6299999999999319,4,1,1,2,2,0,0,0,0,-0.3651021336396314,0,-3.4161388956524754,6.2357349346483328,-9.967855295319545,-3.2123247889298456,6.2221835913511345,-7.8852346754401133,-0.7114649466092442,1.026491367722552,-11.958365189981073,1.3878822114041176,0.22794292728518351,-0.3110587334991991,0,0,0,0,0,0,-0,-0,-0,-0,-0,-0
hold,0,263,2.6399999999999308,4,1,1,2,2,0,0,0,0,-0.36488956610046508,0,-3.4253030393820114,6.2509752609373024,-10.088170674526618,-3.2008261085351801,6.2288340941067446,-7.8915264642588401,-1.0807367805399422,1.942203287647519,-12.001647984108777,1.0725307081935105,0.83197911089530907,-0.76869424920184748,0,0,0,0,0,0,-0,-0,-0,-0,-0,-0
hold,0,264,2.6499999999999297,4,1,1,2,2,0,0,0,0,-0.36465265716083084,0,-3.438312094506319,6.2775070000131397,-10.203927305274766,-3.189461340632052,6.2370129235376233,-7.8996277874295417,-1.393060201965836,3.0161213570851197,-11.26878652034226,1.172380633412279,0.81683664331758554,-0.84723779358369233,0,0,0,0,0,0,-0,-0,-0,-0,-0,-0
hold,0,265,2.6599999999999286,4,1,1,2,2,0,0,0,0,-0.36440605501362072,0,-3.4517832982675198,6.3094419381828075,-10.311610036285556,-3.1773423858001921,6.2453934121464112,-7.9088054502114131,-1.2485028117926085,3.2751762277840952,-10.186421981929643,1.3235782812661572,0.73672289130408841,-0.88384792672800272,0,0,0,0,0,0,-0,-0,-0,-0,-0,-0
hold,0,266,2.6699999999999275,4,1,1,2,2,0,0,0,0,-0.36412851911233923,0,-3.4608482072246929,6.3392760755801323,-10.405303050652458,-3.1626129550203173,6.2514791008266766,-7.9174316152110062,-0.64682662439835237,2.6868855237658593,-8.9286869591333513,1.5529129160843822,0.54480358626551095,-0.87604152816290759,0,0,0,0,0,0,-0,-0,-0,-0,-0,-0
hold,0,267,2.6799999999999264,4,1,1,2,2,0,0,0,0,-0.36386266763256436,0,-3.4632151057712175,6.3606299946297469,-10.488938350389109,-3.1465716390592977,6.2567394939274035,-7.9272910594688577,0.11800948264919456,1.6623644523260093,-7.8424274930673858,1.6718208649576332,0.47311995132278289,-1.0284776155113908,0,0,0,0,0,0,-0,-0,-0,-0,-0,-0
hold,0,268,2.6899999999999253,4,1,1,2,2,0,0,0,0,-0.3636191256291868,0,-3.4589579052309092,6.3727746604976492,-10.563560684671586,-3.1299819998449649,6.2618089929254861,-7.9395575165997512,0.63845183461978927,0.91103172201833793,-7.1667750275310809,1.6522991490276528,0.52409013913079783,-1.3608123792169564,0,0,0,0,0,0,-0,-0,-0,-0,-0,-0
hold,0,269,2.6999999999999242,4,1,1,2,2,0,0,0,0,-0.36339567227760644,0,-3.4490153751327051,6.3771214931854754,-10.629089195342038,-3.1132791826791468,6.2668376045741674,-7.9550499919487496,1.177184373615799,0.20911300439298683,-6.1504667995397426,1.6698863654403673,0.49314191778677779,-1.6958379569552411,0,0,0,0,0,0,-0,-0,-0,-0,-0,-0
hold,0,270,2.7099999999999231,4,1,1,2,2,0,0,0,0,-0.36321099810977248,0,-3.436133176680261,6.377759522104812,-10.687898816694821,-3.0969291585595102,6.2716483572581687,-7.9749025416126615,1.4219193976067863,-0.10377162379227123,-5.575860990990563,1.6366931759636147,0.44433575068443276,-2.15366223806098,0,0,0,0,0,0,-0,-0,-0,-0,-0,-0
hold,0,271,2.719999999999922,4,1,1,2,2,0,0,0,0,-0.36307580450916244,0,-3.4213535343440862,6.376197929572422,-10.7409032838542,-3.0807133082944689,6.2753194188693371,-7.9995949540779892,1.4410082791027048,-0.10772724171538078,-5.2841909493781394,1.5984999123739723,0.31056909626878593,-2.7157674083796648,0,0,0,0,0,0,-0,-0,-0,-0,-0,-0
hold,0,272,2.7299999999999209,4,1,1,2,2,0,0,0,0,-0.36301051211941682,0,-3.4058308218354867,6.3735051490718444,-10.791256317072907,-3.0645618826026571,6.2771626105901159,-8.0296543712438631,1.6571607210281296,-0.42077014391060669,-4.8278642430890217,1.6352665142598719,0.09587808532840747,-3.1706102896907078,0,0,0,0,0,0,-0,-0,-0,-0,-0,-0
hold,0,273,2.7399999999999198,4,1,1,2,2,0,0,0,0,-0.36298052392889357,0,-3.3883749637515197,6.3682169545226976,-10.836357101400068,-3.0480087278005712,6.2766640876254769,-8.0643260648592232,1.8163330470100083,-0.61071113106292207,-4.2604886770807724,1.6729009735212959,-0.15657547072990602,-3.6832694123133094,0,0,0,0,0,0,-0,-0,-0,-0,-0,-0
hold,0,274,2.7499999999999187,4,1,1,2,2,0,0,0,0,-0.36301863703921428,0,-3.3683792946273234,6.3596628693320145,-10.874928316357796,-3.0308475412666129,6.2733287793001633,-8.1046100932490166,2.1491684624806471,-1.061201197121435,-3.5750863561194115,1.7504355192211192,-0.45401767426075079,-4.2590244350709634,0,0,0,0,0,0,-0,-0,-0,-0,-0,-0
hold,0,275,2.7599999999999176,4,1,1,2,2,0,0,0,0,-0.36313215349602379,0,-3.345646034258877,6.3472060501373875,-10.908034540919132,-3.0133309581600409,6.2676219223925553,-8.1507644730199615,2.2604391440012752,-1.241391668958957,-3.2491434466922247,1.7083768205040903,-0.59704736243671253,-4.8657183031349973,0,0,0,0,0,0,-0,-0,-0,-0,-0,-0
hold,0,276,2.7699999999999165,4,1,1,2,2,0,0,0,0,-0.3632688439809017,0,-3.322908082995601,6.3343914643359689,-10.939418696779782,-2.9969373138722517,6.2616444412811205,-8.2027229141622318,2.3886749018784315,-1.4306185409584353,-2.8894319133131852,1.647338947850747,-0.66168283881585999,-5.4092676414801515,0,0,0,0,0,0,-0,-0,-0,-0,-0,-0
hold,0,277,2.7799999999999154,4,1,1,2,2,0,0,0,0,-0.36343111731761646,0,-3.2979576179115564,6.319067118486279,-10.96414764059147,-2.9809280874837185,6.2551275567331661,-8.2595541854488062,2.5249557667681848,-1.5511381497522632,-2.2660111648908088,1.5450039967406628,-0.61617291914555961,-5.8924866679001093,0,0,0,0,0,0,-0,-0,-0,-0,-0,-0
hold,0,278,2.7899999999999143,4,1,1,2,2,0,0,0,0,-0.36359661289945616,0,-3.2720284466026701,6.3032726668531343,-10.983014090650604,-2.9659981635295973,6.2493858493092098,-8.3206417903846202,2.5901099684864324,-1.5343393311241098,-1.6714942183515875,1.4092366713877935,-0.46916824222175502,-6.2494157032238276,0,0,0,0,0,0,-0,-0,-0,-0,-0,-0
hold,0,279,2.7999999999999132,4,1,1,2,2,0,0,0,0,-0.36375243814820774,0,-3.2465619516357407,6.2890392799422372,-10.997484779732888,-2.9534002044897711,6.2466938316530403,-8.3852557972022126,2.505003961560428,-1.3454298095861976,-1.3582888360631269,1.1460147868918824,-0.096474592723862385,-6.5374035054945967,0,0,0,0,0,0,-0,-0,-0,-0,-0,-0
hold,0,280,2.8099999999999121,4,1,1,2,2,0,0,0,0,-0.36392415025824615,0,-3.2221826294465759,6.2772939161915389,-11.009157347140189,-2.9429200987347235,6.2470346141498254,-8.4523020139746219,2.3861515836328437,-1.0412535740363373,-1.0446084477651978,1.0010723027373261,0.084497417727762536,-6.8427007549849401,0,0,0,0,0,0,-0,-0,-0,-0,-0,-0
hold,0,281,2.819999999999911,4,1,1,2,2,0,0,0,0,-0.36414096530022111,0,-3.1993093163701829,6.2694644270354978,-11.018247610112351,-2.9329428944039861,6.2480085967602754,-8.5211330256305438,2.2122475839837259,-0.58108197187329669,-0.79413761503013702,1.0099739348024033,0.074986273282678567,-6.9359755287008777,0,0,0,0,0,0,-0,-0,-0,-0,-0,-0
hold,0,282,2.8299999999999099,4,1,1,2,2,0,0,0,0,-0.36438814194026625,0,-3.1787230646384268,6.2674836637930902,-11.023022719828345,-2.9234692838405052,6.2492742703704884,-8.5925855198136816,1.9540921809497669,0.096379738538957288,-0.24574317630364839,0.97080373814760501,0.075909913127032727,-7.2192479256881219,0,0,0,0,0,0,-0,-0,-0,-0,-0,-0
hold,0,283,2.8399999999999088,4,1,1,2,2,0,0,0,0,-0.36466867430646499,0,-3.160673476525564,6.2716649128446775,-11.023358091233009,-2.9148698446603181,6.2512336043695687,-8.6669702946321721,1.7101304328730753,0.57317310670709054,-0.0098917000742133557,0.74351020566550452,0.34917629892799351,-7.5605548546013557,0,0,0,0,0,0,-0,-0,-0,-0,-0,-0
hold,0,284,2.8499999999999077,4,1,1,2,2,0,0,0,0,-0.36490745128861374,0,-3.144818622719761,6.2793074935366775,-11.023185805988227,-2.9090909905415256,6.2569144477107201,-8.7440934485919968,1.5120642592158238,0.88444955378406487,0.051825212630932267,0.49427344257445266,0.65880033519383918,-7.858829540644801,0,0,0,0,0,0,-0,-0,-0,-0,-0,-0
hold,0,285,2.8599999999999066,4,1,1,2,2,0,0,0,0,-0.36516325296380198,0,-3.1300636781797935,6.2896853223053633,-11.020689353291786,-2.9036081132458955,6.2625342462480766,-8.8232591291410341,1.45767440077549,1.1038413968884602,0.34662020515506703,0.5637200908666673,0.52604641188589085,-7.9564084212554489,0,0,0,0,0,0,-0,-0,-0,-0,-0,-0
hold,0,286,2.8699999999999055,4,1,1,2,2,0,0,0,0,-0.36538183415546333,0,-3.1160459582519651,6.3012389993519253,-11.016722007992776,-2.8990564733933111,6.2690636010751355,-8.9032381589597307,1.3748861464292594,1.1768594170835562,0.45399864744411489,0.39151523242785197,0.72639898905597589,-8.0077023316305311,0,0,0,0,0,0,-0,-0,-0,-0,-0,-0
hold,0,287,2.8799999999999044,4,1,1,2,2,0,0,0,0,-0.36557713472146958,0,-3.1018950566301573,6.3120897272959482,-11.010962544040531,-2.8953814442857375,6.2760623874141075,-8.9845150126530235,1.4680885936998225,0.98658845532759154,0.68047256134225043,0.36982182431035915,0.66839558627066231,-8.1480919676551942,0,0,0,0,0,0,-0,-0,-0,-0,-0,-0
hold,0,288,2.8899999999999033,4,1,1,2,2,0,0,0,0,-0.3657663888104008,0,-3.0868129993272451,6.3208847320069914,-11.002820437221327,-2.8918164070171675,6.2821379840096796,-9.0669238166507498,1.565005364207289,0.78264114219352143,0.98634284228253621,0.36584449332150054,0.53582131113740272,-8.3323221350104539,0,0,0,0,0,0,-0,-0,-0,-0,-0,-0
hold,0,289,2.8999999999999022,4,1,1,2,2,0,0,0,0,-0.36599085166601331,0,-3.0691395633942804,6.3252445565844067,-10.990210580217463,-2.8876598360989911,6.2862883690290463,-9.1505264203486032,1.8087300179271344,0.33390839327826494,1.3569349159082631,0.43179880166479889,0.31698242299419699,-8.4330415646861141,0,0,0,0,0,0,-0,-0,-0,-0,-0,-0
hold,0,290,2.9099999999999011,4,1,1,2,2,0,0,0,0,-0.36617484276944701,0,-3.0508328199323675,6.3273327828902453,-10.976395980214363,-2.8831738645948559,6.2884027335598383,-9.2340824384490006,1.87389410992432,0.083621329102535322,1.4258015145034564,0.46997451853654332,0.11077023756659382,-8.3837786190409709,0,0,0,0,0,0,-0,-0,-0,-0,-0,-0
hold,0,291,2.9199999999999,4,1,1,2,2,0,0,0,0,-0.36635721808546462,0,-3.0299591514539808,6.3239948743012526,-10.960458825443288,-2.8780283345930169,6.2882012889023411,-9.3183151851371395,2.1478067768087437,-0.49255971875798649,1.6345626956756865,0.53677617803278577,-0.11445302937799458,-8.4315494789374235,0,0,0,0,0,0,-0,-0,-0,-0,-0,-0
hold,0,292,2.9299999999998989,4,1,1,2,2,0,0,0,0,-0.36654389120863895,0,-3.006950626729112,6.3160399825222644,-10.942172023451391,-2.8723241155500565,6.2857557887010476,-9.4032490622787712,2.3767578842056336,-0.9571440203457684,1.9431543961641911,0.58436019871660416,-0.31422662011401953,-8.5018831157531327,0,0,0,0,0,0,-0,-0,-0,-0,-0,-0
hold,0,293,2.9399999999998978,4,1,1,2,2,0,0,0,0,-0.36670659995739507,0,-2.9832847943346392,6.3057573655427337,-10.922523194200766,-2.8665914880295187,6.2819152419032633,-9.4880383626292719,2.3415228650617332,-1.0429482647380917,1.9785730785854134,0.5532470338151021,-0.39492535663048894,-8.4073233279399826,0,0,0,0,0,0,-0,-0,-0,-0,-0,-0
hold,0,294,2.9499999999998967,4,1,1,2,2,0,0,0,0,-0.36683683018471225,0,-2.960897126566425,6.2961424682077833,-10.90278507886363,-2.8617546558582569,6.2782173030590105,-9.5719015113293011,2.188808568220344,-0.94187043772522228,1.9576408490164479,0.4313884560664914,-0.31674972858533945,-8.2982197034675451,0,0,0,0,0,0,-0,-0,-0,-0,-0,-0
hold,0,295,2.9599999999998956,4,1,1,2,2,0,0,0,0,-0.36692971352066195,0,-2.9393181823987757,6.286377610906813,-10.883402412057251,-2.8579823089773697,6.2751738967384068,-9.655228207374595,2.1659296537912036,-1.0244726138579692,1.9605847290097713,0.37255928935159938,-0.33372163010222178,-8.3469560928654793,0,0,0,0,0,0,-0,-0,-0,-0,-0,-0
hold,0,296,2.9699999999998945,4,1,1,2,2,0,0,0,0,-0.36701832786725641,0,-2.9181258182179928,6.2763293434942771,-10.863470174634822,-2.8548324770912665,6.2722089912867922,-9.7386305099359003,2.0688875470103025,-0.96803767813398511,2.0044842641541019,0.24860472467988709,-0.21916543587715068,-8.2919368728604343,0,0,0,0,0,0,-0,-0,-0,-0,-0,-0
hold,0,297,2.9799999999998934,4,1,1,2,2,0,0,0,0,-0.36706478487251565,0,-2.8983486109503747,6.2674592247800618,-10.843170716728984,-2.8536405923343318,6.2716782563254885,-9.8210682784305963,1.9023673220132438,-0.79142577706431771,2.0636676238190379,0.054783337265273506,0.0054247546066167789,-8.2742830164676953,0,0,0,0,0,0,-0,-0,-0,-0,-0,-0
hold,0,298,2.9899999999998923,4,1,1,2,2,0,0,0,0,-0.36711436743430553,0,-2.8809594989107525,6.2618398853540072,-10.82291546321572,-2.8537083309906666,6.2721165563879229,-9.9037212092597517,1.6442964499097785,-0.45936743506351607,1.9562511384971231,-0.073119225483352007,0.11022924088334443,-8.2610692737302482,0,0,0,0,0,0,-0,-0,-0,-0,-0,-0
hold,0,299,2.9999999999998912,4,1,1,2,2,0,0,0,0,-0.3671479450681599,0,-2.8667866715355577,6.2602918324202257,-10.805557399031793,-2.854882068736277,6.2732305003014268,-9.9861591886751615,1.2942303236479953,-0.012205148221439116,1.6074875808201947,-0.17273156607001555,0.16095042937405848,-8.2151732356099849,0,0,0,0,0,0,-0,-0,-0,-0,-0,-0
hold,0,300,3.0099999999998901,4,1,1,2,2,0,0,0,0,-0.36712773716740421,0,-2.8550965287974233,6.2613500906351298,-10.790286596733134,-2.8578598247120324,6.2769928508983135,-10.065525506266585,1.0825140550490111,0.19431919221545654,1.4787121886640917,-0.36738388041161074,0.47418691602741547,-7.8311826954535908,0,0,0,0,0,0,-0,-0,-0,-0,-0,-0
hold,0,301,3.019999999999889,4,1,1,2,2,0,0,0,0,-0.3671138569414209,0,-2.846077554143819,6.2657047619859885,-10.776206927796615,-2.8621619325873375,6.2820216100962796,-10.143774550501588,0.75033436879350168,0.65930133807294644,1.3595212919221491,-0.46177974005258893,0.49863337513696576,-7.8266039698790291,0,0,0,0,0,0,-0,-0,-0,-0,-0,-0
hold,0,302,3.0299999999998879,4,1,1,2,2,0,0,0,0,-0.36710662094980517,0,-2.8395220861670811,6.2732064028303611,-10.762372253824395,-2.8673449939301872,6.2874540958325067,-10.220733128261546,0.58848769317277172,0.82284982769750381,1.4102133044456464,-0.54920303532325287,0.56580907215187337,-7.5854825142251601,0,0,0,0,0,0,-0,-0,-0,-0,-0,-0
hold,0,303,3.0399999999998868,4,1,1,2,2,0,0,0,0,-0.36707691511451629,0,-2.8343483187696656,6.2816362221061812,-10.748876270552461,-2.8731567670543674,6.293208104568297,-10.294727682531732,0.47771979613239279,0.81909264439846274,1.2401544574661516,-0.60458574877132021,0.56649675658868659,-7.3423247932873306,0,0,0,0,0,0,-0,-0,-0,-0,-0,-0
hold,0,304,3.0499999999998857,4,1,1,2,2,0,0,0,0,-0.36702080608322635,0,-2.8298658472168783,6.2883422111803995,-10.739546106996539,-2.8798862426727827,6.2991113856401491,-10.367882676868264,0.44144986366567102,0.56256317785378074,0.77506575822592483,-0.69197391721583323,0.57421721857348451,-7.2364570092057328,0,0,0,0,0,0,-0,-0,-0,-0,-0,-0
hold,0,305,3.0599999999998846,4,1,1,2,2,0,0,0,0,-0.36693320432610282,0,-2.8252955065605296,6.2920351021798364,-10.733476133534056,-2.8870484832344365,6.3046073450312807,-10.438822632074894,0.47153658142079957,0.23574573590792369,0.5003249718750038,-0.72085594984500756,0.5274565796364673,-6.9390231927594472,0,0,0,0,0,0,-0,-0,-0,-0,-0,-0
hold,0,306,3.0699999999998835,4,1,1,2,2,0,0,0,0,-0.36683810066504952,0,-2.8202976856149418,6.2924700326622869,-10.729373093435973,-2.8942395648447832,6.3091598751234326,-10.506884526028818,0.52783803961591957,-0.10916403666735251,0.35330405012924276,-0.75588927026463826,0.45648386843562977,-6.7921359798181404,0,0,0,0,0,0,-0,-0,-0,-0,-0,-0
hold,0,307,3.0799999999998824,4,1,1,2,2,0,0,0,0,-0.36677180511387519,0,-2.8145914002443111,6.28887284404294,-10.727069473228934,-2.9027274665773657,6.3143238268110178,-10.574711668609014,0.58659049378516015,-0.49329496573385989,0.14897852291090316,-0.85632525600654186,0.47428778018704265,-6.7109402163414611,0,0,0,0,0,0,-0,-0,-0,-0,-0,-0
hold,0,308,3.0899999999998813,4,1,1,2,2,0,0,0,0,-0.36670617243544706,0,-2.8087921289968283,6.2826108478726983,-10.72632440862235,-2.9117235159484025,6.3188865298501238,-10.641202229354832,0.56697088911403692,-0.69479155864075781,0.021757834961372145,-0.90393466352622542,0.41705378489907968,-6.533564890110771,0,0,0,0,0,0,-0,-0,-0,-0,-0,-0
hold,0,309,3.0999999999998802,4,1,1,2,2,0,0,0,0,-0.36663103303877154,0,-2.8036367294964686,6.2752722034802115,-10.727086434118444,-2.9204615841310488,6.3217603745230129,-10.704944586042924,0.45584789423350924,-0.72051802238468476,-0.14405792178682819,-0.91079636200043046,0.28135454353611505,-6.3544899694407508,0,0,0,0,0,0,-0,-0,-0,-0,-0,-0
hold,0,310,3.1099999999998791,4,1,1,2,2,0,0,0,0,-0.36657531019886386,0,-2.8004471858152202,6.2686415251904695,-10.731214324306787,-2.9306756592613743,6.3253656576436885,-10.768444569621847,0.24346651616455642,-0.62676997939732892,-0.53788199244197676,-1.0088164865448479,0.28323208574793673,-6.2446487196181275,0,0,0,0,0,0,-0,-0,-0,-0,-0,-0
hold,0,311,3.119999999999878,4,1,1,2,2,0,0,0,0,-0.36651340551292033,0,-2.7995890121768747,6.2638394504412034,-10.738165429821736,-2.9408028474839938,6.3273404365205135,-10.829721518152009,-0.014501135161616122,-0.38558886905041451,-0.79508560688392382,-0.99236436075032197,0.11933971219294787,-5.9698729732765834,0,0,0,0,0,0,-0,-0,-0,-0,-0,-0
hold,0,312,3.1299999999998769,4,1,1,2,2,0,0,0,0,-0.36645181642987901,0,-2.8011371751048708,6.2612370188706254,-10.747858264426903,-2.9499708686218042,6.3265796147601954,-10.887088109460702,-0.26496955872671274,-0.15011540368287454,-1.0927997359154329,-0.89024339937864172,-0.17816780664158471,-5.6378372182931189,0,0,0,0,0,0,-0,-0,-0,-0,-0,-0
hold,0,313,3.1399999999998758,4,1,1,2,2,0,0,0,0,-0.36642656329996437,0,-2.8058575992878869,6.2617557375689561,-10.761838030373676,-2.9593577313129709,6.3245632268263083,-10.943173510061508,-0.59351864545447175,0.16944625416885611,-1.5646696336310881,-0.94046636438471709,-0.25127895291518909,-5.508149154964963,0,0,0,0,0,0,-0,-0,-0,-0,-0,-0
hold,0,314,3.1499999999998747,4,1,1,2,2,0,0,0,0,-0.3664052973326527,0,-2.8129183843725052,6.2643426469512704,-10.779023928680273,-2.9678114361922212,6.3199097611415613,-10.995692550774503,-0.77517343756472146,0.30404395594716094,-1.8362183974355883,-0.79147301822929128,-0.58125788194268391,-5.0603997417665951,0,0,0,0,0,0,-0,-0,-0,-0,-0,-0
hold,0,315,3.1599999999998736,4,1,1,2,2,0,0,0,0,-0.36639744076945835,0,-2.8213853307884853,6.2675634540820706,-10.799064018504168,-2.9749234455121414,6.3127528076224095,-11.042471829039425,-0.89505346861946877,0.34822552040579247,-2.067133260798339,-0.66504343799475441,-0.79872877445774371,-4.4529121809532812,0,0,0,0,0,0,-0,-0,-0,-0,-0,-0
hold,0,316,3.1699999999998725,4,1,1,2,2,0,0,0,0,-0.36638262321362475,0,-2.8313293500821795,6.2719872947703461,-10.820058619172597,-2.9816509024768054,6.3044408429961312,-11.085376855048452,-1.0553555587025742,0.49100200037388286,-2.1368809981842705,-0.68968315408231218,-0.8238885954227575,-4.1632929604993407,0,0,0,0,0,0,-0,-0,-0,-0,-0,-0
hold,0,317,3.1799999999998714,4,1,1,2,2,0,0,0,0,-0.36637901772199533,0,-2.8429131682361293,6.2776002255581318,-10.842286715418492,-2.9894388621505725,6.296976797630359,-11.126685168411981,-1.1908833574307298,0.55704843277093818,-2.2702551400418689,-0.80468421058708883,-0.70868595991070027,-3.9809493806508449,0,0,0,0,0,0,-0,-0,-0,-0,-0,-0
hold,0,318,3.1899999999998703,4,1,1,2,2,0,0,0,0,-0.3663648217016171,0,-2.8549829233691764,6.2826419762623189,-10.865437176645369,-2.9978426345014189,6.290590035767746,-11.163999721200463,-1.207147880789555,0.45049145207304164,-2.3546211298914339,-0.86591672569709055,-0.56877382645631325,-3.5143772425063218,0,0,0,0,0,0,-0,-0,-0,-0,-0,-0
hold,0,319,3.1999999999998692,4,1,1,2,2,0,0,0,0,-0.36636097501746423,0,-2.8669692030286393,6.2861002690381884,-10.889675832213065,-3.007099041745068,6.2862357269667939,-11.196319753943463,-1.1875522130524701,0.26119756305008829,-2.4911218357783587,-0.96687955934503989,-0.34707537059632954,-3.0633240707652365,0,0,0,0,0,0,-0,-0,-0,-0,-0,-0
hold,0,320,3.2099999999998681,4,1,1,2,2,0,0,0,0,-0.36638681206525409,0,-2.878588531277205,6.287374082045142,-10.915403506555242,-3.0174232903316978,6.2842774933500465,-11.224229408242751,-1.1456159605411147,0.044579539740604558,-2.5996755947262868,-1.079748579545718,-0.092185487218919643,-2.6170015992514202,0,0,0,0,0,0,-0,-0,-0,-0,-0,-0
hold,0,321,3.219999999999867,4,1,1,2,2,0,0,0,0,-0.36641320665169169,0,-2.8898816066780793,6.2866392953576451,-10.94135004106646,-3.0290502769886185,6.284564919474624,-11.249136515662389,-1.1180063007569767,-0.1578712662431257,-2.6149281155475075,-1.2159455060059823,0.10236310599732185,-2.4205855444200326,0,0,0,0,0,0,-0,-0,-0,-0,-0,-0
hold,0,322,3.2299999999998659,4,1,1,2,2,0,0,0,0,-0.36643434719210155,0,-2.9010900408865554,6.2842312597996433,-10.967051634438473,-3.0420965347264728,6.2864504324302359,-11.273128955444923,-1.1256155518528508,-0.29402306059682204,-2.561079800621378,-1.3614038293477229,0.24100995102877273,-2.3918897286887462,0,0,0,0,0,0,-0,-0,-0,-0,-0,-0
hold,0,323,3.2399999999998648,4,1,1,2,2,0,0,0,0,-0.36646539220495117,0,-2.9125114683428794,6.2806369441419889,-10.993005471116176,-3.0564633179870908,6.2895486052224001,-11.29686847119951,-1.155909542643847,-0.3964398871419621,-2.6296720239454965,-1.4823768594990425,0.35465187465234027,-2.3479219318908613,0,0,0,0,0,0,-0,-0,-0,-0,-0,-0
hold,0,324,3.2499999999998637,4,1,1,2,2,0,0,0,0,-0.36651875599211958,0,-2.9243804645176859,6.276348857456199,-11.020041327078568,-3.0718182545993034,6.2935318569103131,-11.319994326076181,-1.2066504841570236,-0.43777034248859281,-2.7269689000451334,-1.5623360036828071,0.44223669832895351,-2.1982192776748053,0,0,0,0,0,0,-0,-0,-0,-0,-0,-0
hold,0,325,3.2599999999998626,4,1,1,2,2,0,0,0,0,-0.36656263550885904,0,-2.9369126322798218,6.2721065011435879,-11.047953351443448,-3.087773523060803,6.2985703315687438,-11.33993894016996,-1.2851710247374142,-0.41612878532823344,-2.8574936015162304,-1.6097823270845948,0.53187441552542736,-1.8617949257045612,0,0,0,0,0,0,-0,-0,-0,-0,-0,-0
hold,0,326,3.2699999999998615,4,1,1,2,2,0,0,0,0,-0.36661522972693372,0,-2.950171165910453,6.2679391626022962,-11.077994172864569,-3.1037285164477977,6.303763383857369,-11.356488637207349,-1.3472649273147299,-0.4244902545219667,-3.1093814334336343,-1.5698487257343916,0.48630054020367108,-1.5112312584993581,0,0,0,0,0,0,-0,-0,-0,-0,-0,-0
hold,0,327,3.2799999999998604,4,1,1,2,2,0,0,0,0,-0.36668876199867512,0,-2.9639410935323625,6.2637079701204144,-11.110402451902209,-3.1186918378848958,6.3075323983629623,-11.369447078068395,-1.4351952546347679,-0.34884025821321768,-3.2892714838446846,-1.4755250067141783,0.33533696041408262,-1.1934441225071417,0,0,0,0,0,0,-0,-0,-0,-0,-0,-0
hold,0,328,3.2899999999998593,4,1,1,2,2,0,0,0,0,-0.3667440545338217,0,-2.9797211239117631,6.2622427745411837,-11.144213029869615,-3.1335174773537546,6.3106824953195506,-11.380508466873108,-1.6809596920839522,0.0065051234634438265,-3.4333527741077865,-1.4902544956669204,0.30426015495508263,-1.0574771742417903,0,0,0,0,0,0,-0,-0,-0,-0,-0,-0
hold,0,329,3.2999999999998582,4,1,1,2,2,0,0,0,0,-0.36679807987341601,0,-2.9975907378304933,6.2637223894966905,-11.179817329919313,-3.1480130735820939,6.3128337033872857,-11.38998589131144,-1.8513337455373029,0.23579387549882611,-3.6339091956297263,-1.4147852280366155,0.14404699932879259,-0.87267793283051454,0,0,0,0,0,0,-0,-0,-0,-0,-0,-0
hold,0,330,3.3099999999998571,4,1,1,2,2,0,0,0,0,-0.36687567918354091,0,-3.0164028539338625,6.266286009633383,-11.21742269617129,-3.1608981919273149,6.3121286711810587,-11.397091370392113,-1.9397451240892465,0.34224835394057829,-3.8045601606923078,-1.2514916510377623,-0.14177931589343187,-0.62941421721864887,0,0,0,0,0,0,-0,-0,-0,-0,-0,-0
hold,0,331,3.319999999999856,4,1,1,2,2,0,0,0,0,-0.36692945395469811,0,-3.0369075224494972,6.2714060124681943,-11.255900040598117,-3.1733843504864767,6.3104643753243153,-11.402574104378985,-2.1127252762823483,0.60630375358665589,-3.8753086897048012,-1.2422980019659549,-0.18775751041487343,-0.49275832433832994,0,0,0,0,0,0,-0,-0,-0,-0,-0,-0
hold,0,332,3.3299999999998549,4,1,1,2,2,0,0,0,0,-0.3669784642510947,0,-3.0585418222078822,6.2781686716469025,-11.294960067333216,-3.1855348349240606,6.3080362388468707,-11.406636241131935,-2.1851181096957419,0.70560527901927605,-3.9114626725578989,-1.1931702948463592,-0.28336649369868622,-0.34652865470291605,0,0,0,0,0,0,-0,-0,-0,-0,-0,-0
hold,0,333,3.3399999999998538,4,1,1,2,2,0,0,0,0,-0.36704218589879523,0,-3.080116791262963,6.2845827693001795,-11.334623687872583,-3.1965608499372649,6.3038875345139918,-11.408496640156695,-2.1509900672412274,0.61256088943618858,-3.9720175802176367,-1.0965732372917267,-0.42953449787974529,-0.14836979438525338,0,0,0,0,0,0,-0,-0,-0,-0,-0,-0
hold,0,334,3.3499999999998527,4,1,1,2,2,0,0,0,0,-0.36709592107639033,0,-3.1011921662977864,6.2895541546945921,-11.375049317239892,-3.2073144044184851,6.2992775815855087,-11.409289878780809,-2.0686151791211169,0.40314006738630637,-4.1061208473427673,-1.0484453520881167,-0.49574369349975617,-0.016699526553853039,0,0,0,0,0,0,-0,-0,-0,-0,-0,-0
hold,0,335,3.3599999999998515,4,1,1,2,2,0,0,0,0,-0.36716195694033532,0,-3.1211891370121529,6.2922509370137298,-11.416493912445729,-3.2172751734098357,6.2937456411199388,-11.408319029108076,-1.9526732613710263,0.18934039908778849,-4.1445850633875887,-0.95880535169919845,-0.59051123839223152,0.17852955924714894,0,0,0,0,0,0,-0,-0,-0,-0,-0,-0
hold,0,336,3.3699999999998504,4,1,1,2,2,0,0,0,0,-0.36721248518557353,0,-3.1397946769941782,6.2923230410003406,-11.457578576169025,-3.227002636087974,6.2880986465862652,-11.406471364956015,-1.7999394069056083,-0.11632391263625583,-4.1239789902531463,-0.97551712671209789,-0.55044598389726396,0.20289180139241744,0,0,0,0,0,0,-0,-0,-0,-0,-0,-0
hold,0,337,3.3799999999998493,4,1,1,2,2,0,0,0,0,-0.36726442846076579,0,-3.1570229383838502,6.2896664773650262,-11.49951172969325,-3.2366846853706797,6.2829036601500476,-11.403718054501981,-1.6765908791471102,-0.34191612932627291,-4.1972117551112724,-0.96659643435931142,-0.49138621072367833,0.32134446952471107,0,0,0,0,0,0,-0,-0,-0,-0,-0,-0
hold,0,338,3.3899999999998482,4,1,1,2,2,0,0,0,0,-0.3673093636809831,0,-3.1732030794948796,6.2853383497536743,-11.541250278679438,-3.2464694701723742,6.2785531229811866,-11.400145718900168,-1.5821681938012657,-0.49510594056933582,-4.1625151654329509,-0.99171007830459623,-0.40188464147170744,0.35210238676996164,0,0,0,0,0,0,-0,-0,-0,-0,-0,-0
hold,0,339,3.3999999999998471,4,1,1,2,2,0,0,0,0,-0.36734614101677543,0,-3.188613758945281,6.2796134982270093,-11.583712069922642,-3.2566549521550048,6.2754395232526718,-11.396338841518382,-1.5148909389167193,-0.6183450919040675,-4.3133986864638816,-1.0417908139463905,-0.22935936095611587,0.41581497235889364,0,0,0,0,0,0,-0,-0,-0,-0,-0,-0
hold,0,340,3.409999999999846,4,1,1,2,2,0,0,0,0,-0.36737384897730524,0,-3.2039007012113117,6.2741693601350867,-11.626065728188207,-3.2673172418093572,6.2738387698658187,-11.392413553767442,-1.5518364022164006,-0.48016739700712607,-4.2234169515042712,-1.0794137366855563,-0.12191624486773867,0.38223406620627709,0,0,0,0,0,0,-0,-0,-0,-0,-0,-0
hold,0,341,3.4199999999998449,4,1,1,2,2,0,0,0,0,-0.3673825047560344,0,-3.2198192165969495,6.2704137250283321,-11.668556771198856,-3.2783513079991971,6.2733434697110972,-11.38880366157885,-1.6000611550372992,-0.34637654783601957,-4.3057212341359588,-1.1269951476496243,0.019849998284943812,0.34004621348468389,0,0,0,0,0,0,-0,-0,-0,-0,-0,-0
hold,0,342,3.4299999999998438,4,1,1,2,2,0,0,0,0,-0.36740959158073366,0,-3.2357728462903905,6.267236704076554,-11.712147702607696,-3.2900516112061906,6.2748395951543916,-11.3857642688755,-1.6371781138738248,-0.20661770711033836,-4.3598984964390342,-1.1845133946899133,0.20222769295235396,0.29022799230319002,0,0,0,0,0,0,-0,-0,-0,-0,-0,-0
hold,0,343,3.4399999999998427,4,1,1,2,2,0,0,0,0,-0.36741738058521628,0,-3.2528583837281975,6.26683320913288,-11.756494921949143,-3.3020062220528517,6.2774665044615379,-11.382994981100948,-1.7357251910822202,0.029020295198508766,-4.5039143499866849,-1.2038816007130593,0.3102962765989874,0.26821384703597517,0,0,0,0,0,0,-0,-0,-0,-0,-0,-0
hold,0,344,3.4499999999998416,4,1,1,2,2,0,0,0,0,-0.36742736793455488,0,-3.2705612426481752,6.26836779165831,-11.801571777287593,-3.3140762139459969,6.2811693823082386,-11.380378941279979,-1.8219734559917409,0.30056800597150612,-4.4739774806586201,-1.2027344868198369,0.39405478890280277,0.25708158924086477,0,0,0,0,0,0,-0,-0,-0,-0,-0,-0
hold,0,345,3.4599999999998405,4,1,1,2,2,0,0,0,0,-0.36741914186800861,0,-3.2893906456983397,6.2730871103934795,-11.846551931513476,-3.3259214616618387,6.2852782859322271,-11.377816598852494,-1.9016987815010873,0.53856465176061641,-4.5406107114731347,-1.1674756630587584,0.41756473445955811,0.26155834799152272,0,0,0,0,0,0,-0,-0,-0,-0,-0,-0
hold,0,346,3.4699999999998394,4,1,1,2,2,0,0,0,0,-0.36742284212791559,0,-3.3082024264676098,6.2786219290361132,-11.892480400966498,-3.3371140340919458,6.2892723833285729,-11.374863697223551,-1.87822133891636,0.61096068309831708,-4.5295430336039475,-1.0896121673185664,0.38934934236188307,0.30862216258412989,0,0,0,0,0,0,-0,-0,-0,-0,-0,-0
hold,0,347,3.4799999999998383,4,1,1,2,2,0,0,0,0,-0.36739371620948352,0,-3.3269467048432504,6.2858043475134355,-11.936008563338095,-3.34774606956712,6.2932269278847119,-11.372013736954719,-1.8556497717388825,0.75523994682889617,-4.248164824955774,-1.0455090491367676,0.40001371018306336,0.26718454949732451,0,0,0,0,0,0,-0,-0,-0,-0,-0,-0
hold,0,348,3.4899999999998372,4,1,1,2,2,0,0,0,0,-0.36735201276033702,0,-3.3447112143997733,6.292768464659849,-11.977581635342403,-3.3577307182868119,6.2969474782090256,-11.369632243675415,-1.7115356530809516,0.63931576609007157,-4.0792273981709037,-0.96163697767172951,0.3400681827729739,0.20233059343298676,0,0,0,0,0,0,-0,-0,-0,-0,-0,-0
hold,0,349,3.4999999999998361,4,1,1,2,2,0,0,0,0,-0.36732898644281092,0,-3.3606880268953336,6.2977212179379727,-12.018291918760584,-3.3664326291915598,6.2991355569388663,-11.36831279080368,-1.5211113933846483,0.39224032286411581,-4.0912652260230367,-0.79708829826306826,0.114100650743194,0.082847984405435518,0,0,0,0,0,0,-0,-0,-0,-0,-0,-0
hold,0,350,3.509999999999835,4,1,1,2,2,0,0,0,0,-0.36730671965302636,0,-3.3742133447946143,6.2998837764285938,-12.056582084370634,-3.3737236266472652,6.2997020811116951,-11.367907810048784,-1.2446555598978608,0.089840615383242312,-3.7229170292157288,-0.67210594832459114,-0.0059940558054483555,0.0078509442329053429,0,0,0,0,0,0,-0,-0,-0,-0,-0,-0
hold,0,351,3.5199999999998339,4,1,1,2,2,0,0,0,0,-0.36729568514030919,0,-3.3852387808815516,6.2991317444825246,-12.092827423181184,-3.3793568553058329,6.2982200618581121,-11.368407236553624,-1.0047469213188194,-0.17844962566589537,-3.5161302469293259,-0.49451318115243842,-0.23334307254567696,-0.086477616543387328,0,0,0,0,0,0,-0,-0,-0,-0,-0,-0
hold,0,352,3.5299999999998328,4,1,1,2,2,0,0,0,0,-0.36727428976131615,0,-3.3936353788544551,6.2957397915646993,-12.125435586850433,-3.3835286611055104,6.2952229710273446,-11.369689301943072,-0.73243539519650058,-0.4292412451140466,-3.0552269931430915,-0.37028163554879612,-0.33263136263883514,-0.15307359653712327,0,0,0,0,0,0,-0,-0,-0,-0,-0,-0
hold,0,353,3.5399999999998317,4,1,1,2,2,0,0,0,0,-0.36724498184059484,0,-3.3996956224647232,6.2904340444290145,-12.154158245333221,-3.3864456563817784,6.291184261431308,-11.371720889348081,-0.52954238762776462,-0.57631919493174688,-2.730003922024669,-0.24206182180702279,-0.44516685661561584,-0.23621001334165828,0,0,0,0,0,0,-0,-0,-0,-0,-0,-0
hold,0,354,3.5499999999998306,4,1,1,2,2,0,0,0,0,-0.36723628312005896,0,-3.4042311817368023,6.2841496568274628,-12.181370335868721,-3.3880149402577771,6.2857202459797303,-11.37502123307617,-0.41063654102141006,-0.65224533252768013,-2.7291519858520443,-0.10274431261775653,-0.61292257176609288,-0.40527071590047403,0,0,0,0,0,0,-0,-0,-0,-0,-0,-0
hold,0,355,3.5599999999998295,4,1,1,2,2,0,0,0,0,-0.36722960745252287,0,-3.4079681188548623,6.2784218371446379,-12.206856022190342,-3.3883812516304812,6.2790936083981013,-11.379800864426205,-0.35747907706145099,-0.51296328447611517,-2.4650928569817214,0.0046833136480669939,-0.69245657100752223,-0.53206505621016154,0,0,0,0,0,0,-0,-0,-0,-0,-0,-0
hold,0,356,3.5699999999998284,4,1,1,2,2,0,0,0,0,-0.36721754575641219,0,-3.4114746264063771,6.2742734014368402,-12.231178418270822,-3.387848855647511,6.2719378223120898,-11.386053205638099,-0.34668651174527088,-0.35616660174723536,-2.4353753777153733,0.072829850214339936,-0.69881974411619641,-0.65916203872987533,0,0,0,0,0,0,-0,-0,-0,-0,-0,-0
hold,0,357,3.5799999999998273,4,1,1,2,2,0,0,0,0,-0.36719986973324875,0,-3.4148129310656992,6.2712710701965246,-12.256044760103109,-3.3873458559477472,6.2664225524872066,-11.39234684670719,-0.3233047315896363,-0.27111943363749669,-2.529521930321021,0.021138658943404869,-0.42999713975385567,-0.62443950763893896,0,0,0,0,0,0,-0,-0,-0,-0,-0,-0
hold,0,358,3.5899999999998262,4,1,1,2,2,0,0,0,0,-0.36718424018992768,0,-3.4179090810360817,6.2691191781045728,-12.281591824674804,-3.3878304264632173,6.2643274769640325,-11.398986754099816,-0.32036614882616843,-0.11516855677429777,-2.5013565642944817,-0.075123171749069795,-0.095901138968574134,-0.68102809144071075,0,0,0,0,0,0,-0,-0,-0,-0,-0,-0
hold,0,359,3.5999999999998251,4,1,1,2,2,0,0,0,0,-0.36715318134264452,0,-3.4214403669867854,6.2699114238335483,-12.305531567137638,-3.388798593717353,6.2647337434055714,-11.406014800147279,-0.37734863335937685,0.21910961918587982,-2.305105193799891,-0.10742178715059891,0.12419577569348536,-0.7170123434122766,0,0,0,0,0,0,-0,-0,-0,-0,-0,-0
hold,0,360,3.609999999999824,4,1,1,2,2,0,0,0,0,-0.36712462094088461,0,-3.4252731547837723,6.2732062846686762,-12.328452210023835,-3.3902398474555366,6.2675173662252899,-11.413685009225388,-0.38155693854046302,0.388071066298662,-2.294067278733706,-0.1688829252598022,0.37985701923577392,-0.80520013958777226,0,0,0,0,0,0,-0,-0,-0,-0,-0,-0
hold,0,361,3.6199999999998229,4,1,1,2,2,0,0,0,0,-0.3671061008276208,0,-3.4289792449351091,6.2778917009178343,-12.351109676780471,-3.3921345989206642,6.272515405407713,-11.422310148591373,-0.35624770828852731,0.50123115336819879,-2.2665765045850561,-0.20258091790713251,0.57514046394866913,-0.90783804449720873,0,0,0,0,0,0,-0,-0,-0,-0,-0,-0
hold,0,362,3.6299999999998218,4,1,1,2,2,0,0,0,0,-0.36710333354698843,0,-3.4321631575518898,6.2829010521055011,-12.374246072616106,-3.394244180157842,6.2790818863423823,-11.432253066147396,-0.29088486474629549,0.49508087011094143,-2.3462694051947115,-0.20783471152242122,0.69198988670542361,-1.0546917201487063,0,0,0,0,0,0,-0,-0,-0,-0,-0,-0
hold,0,363,3.6399999999998207,4,1,1,2,2,0,0,0,0,-0.36710287708873479,0,-3.434613361388331,6.2880574766237824,-12.397029969962075,-3.3958428925588731,6.2858198400512979,-11.443382671054747,-0.20986122202725102,0.53145108267758012,-2.201244250389196,-0.11583251194469019,0.64346589266347987,-1.1392452589339557,0,0,0,0,0,0,-0,-0,-0,-0,-0,-0
hold,0,364,3.6499999999998196,4,1,1,2,2,0,0,0,0,-0.36709257659295008,0,-3.436050455886245,6.293311949249242,-12.4180398999627,-3.3960795016807683,6.2913037701240437,-11.455076154327548,-0.095459652207370099,0.51024942796341499,-2.0443672417841916,0.045268929753090908,0.46987433940185364,-1.1886152468982485,0,0,0,0,0,0,-0,-0,-0,-0,-0,-0
hold,0,365,3.6599999999998185,4,1,1,2,2,0,0,0,0,-0.36708523873028193,0,-3.4361694793406707,6.2978840972389776,-12.437898203581042,-3.3944100451204742,6.2944400544524974,-11.467279225754737,0.046926898234233197,0.41300840995680121,-1.9551525842386777,0.25300474594498107,0.19784221142647282,-1.2463316618450309,0,0,0,0,0,0,-0,-0,-0,-0,-0,-0
hold,0,366,3.6699999999998174,4,1,1,2,2,0,0,0,0,-0.36708972875697526,0,-3.4347430382602613,6.3011228466874005,-12.457230522582789,-3.3905052163963689,6.2944349105751822,-11.480380229872273,0.20851904476288094,0.25764533259589206,-1.9265489642221389,0.48286470953275618,-0.13738213293131551,-1.3626093609730585,0,0,0,0,0,0,-0,-0,-0,-0,-0,-0
hold,0,367,3.6799999999998163,4,1,1,2,2,0,0,0,0,-0.36710455322007474,0,-3.4313896431409598,6.3024513932711042,-12.475420137516746,-3.384446848040557,6.2913300735748408,-11.494947115312195,0.41945008238314035,0.043531093396965502,-1.7686519676813059,0.68529596749537824,-0.42559835565629228,-1.5320422749164351,0,0,0,0,0,0,-0,-0,-0,-0,-0,-0
hold,0,368,3.6899999999998152,4,1,1,2,2,0,0,0,0,-0.36712487291996421,0,-3.4261828720130767,6.3019912999136647,-12.492394314929617,-3.3765419143002018,6.2857528640612674,-11.510750379566712,0.57164567257525378,-0.082275853266729079,-1.6731728186527404,0.85455178838186285,-0.63293432508600167,-1.5968612925743477,0,0,0,0,0,0,-0,-0,-0,-0,-0,-0
hold,0,369,3.6999999999998141,4,1,1,2,2,0,0,0,0,-0.36714786205294025,0,-3.4195543995922479,6.3003861297447656,-12.50853852692231,-3.3673699169440123,6.2790130164888964,-11.526830587637924,0.71707290767011789,-0.18891421750906939,-1.5357446128357004,0.94598060068118361,-0.6596041278040371,-1.5577660248256995,0,0,0,0,0,0,-0,-0,-0,-0,-0,-0
hold,0,370,3.709999999999813,4,1,1,2,2,0,0,0,0,-0.3671555361459492,0,-3.4116604015073246,6.298118860027154,-12.523047628924125,-3.357784986550536,6.2730241219778122,-11.542355368941756,0.8352609225291906,-0.25100305779915649,-1.4031787888166309,0.95736606668893598,-0.54657589474387891,-1.5708546862026442,0,0,0,0,0,0,-0,-0,-0,-0,-0,-0
hold,0,371,3.7199999999998119,4,1,1,2,2,0,0,0,0,-0.36716472359179292,0,-3.4026652831794286,6.295241894536785,-12.536576278062828,-3.3484570469629258,6.2686048739713804,-11.558942951374613,0.94149414602524939,-0.31311462151428093,-1.3255067387567194,0.91075756247831585,-0.36676571646784645,-1.73575898873721,0,0,0,0,0,0,-0,-0,-0,-0,-0,-0
hold,0,372,3.7299999999998108,4,1,1,2,2,0,0,0,0,-0.36718604110720277,0,-3.3926216218250786,6.2916842464476215,-12.549536178357732,-3.3397468412906441,6.2660604926701691,-11.577902541501267,1.0483872723275738,-0.38333588814805136,-1.2607778868797372,0.84877166143933203,-0.1888789454629401,-2.0087808251472778,0,0,0,0,0,0,-0,-0,-0,-0,-0,-0
hold,0,373,3.7399999999998097,4,1,1,2,2,0,0,0,0,-0.36722582610909671,0,-3.381501017536332,6.2873617579025467,-12.562030500080631,-3.3315345394399691,6.2649470498725375,-11.599961590168784,1.154002391460512,-0.46642172935764559,-1.2521262059687162,0.80791799977288936,-0.070818719238419578,-2.3413426119459242,0,0,0,0,0,0,-0,-0,-0,-0,-0,-0
hold,0,374,3.7499999999998086,4,1,1,2,2,0,0,0,0,-0.36727529078090593,0,-3.3695140019481968,6.2823725342353995,-12.574972770063026,-3.3241339026106678,6.2660615815815,-11.624196079834428,1.2170245347538269,-0.50094178086246066,-1.3119927926387334,0.64877298905961933,0.34643103752893645,-2.3796822701540545,0,0,0,0,0,0,-0,-0,-0,-0,-0,-0
hold,0,375,3.7599999999998075,4,1,1,2,2,0,0,0,0,-0.36729692949034415,0,-3.3571035973674799,6.2773931810219299,-12.588240613147812,-3.3188549148691147,6.2726100365785626,-11.647678966729003,1.2571829579572662,-0.49409944058742578,-1.3284288605731025,0.46413804335920156,0.82214396786864952,-2.3437777522839869,0,0,0,0,0,0,-0,-0,-0,-0,-0,-0
hold,0,376,3.7699999999998064,4,1,1,2,2,0,0,0,0,-0.36730669657451587,0,-3.3443766881249117,6.2728516515526938,-12.601059164899114,-3.314496790670503,6.2819517104412146,-11.671294764705451,1.2776541527157268,-0.40984886764796052,-1.2328347298822757,0.44137417265688084,0.96040493379889391,-2.3766479958893965,0,0,0,0,0,0,-0,-0,-0,-0,-0,-0
hold,0,377,3.7799999999998053,4,1,1,2,2,0,0,0,0,-0.36731281977671221,0,-3.3315938584862606,6.2695010299742506,-12.612847612113354,-3.3095171715659859,6.2909147348302561,-11.695459834759015,1.2757333307664629,-0.28082306566692616,-1.1486007347780502,0.54991709542408573,0.82308841306927261,-2.4482793578949074,0,0,0,0,0,0,-0,-0,-0,-0,-0,-0
hold,0,378,3.7899999999998042,4,1,1,2,2,0,0,0,0,-0.36731749737243713,0,-3.3187431246472965,6.2671654569592317,-12.624092050218744,-3.3028376199148646,6.2976442771180192,-11.718838343470289,1.289918440478526,-0.20084369436131971,-1.1125071501810533,0.75846493290385131,0.54512089935443209,-2.277832360859481,0,0,0,0,0,0,-0,-0,-0,-0,-0,-0
hold,0,379,3.7999999999998031,4,1,1,2,2,0,0,0,0,-0.36733156892096502,0,-3.305921031739353,6.2658961018915367,-12.635192366056444,-3.2937477296509359,6.3006630171653857,-11.741476555022492,1.2778252788400373,-0.081095616746054144,-1.1132167055112636,1.0148557283486552,0.13048677057464786,-2.2447310501105764,0,0,0,0,0,0,-0,-0,-0,-0,-0,-0
hold,0,380,3.809999999999802,4,1,1,2,2,0,0,0,0,-0.36736103475502241,0,-3.293372287951033,6.2660651066665061,-12.646445933321598,-3.2821382236023444,6.2996129211346954,-11.763712920029409,1.2305817909174059,0.10421135263596132,-1.1180847348062295,1.2487574155610488,-0.23962250478554906,-2.197114557960647,0,0,0,0,0,0,-0,-0,-0,-0,-0,-0
hold,0,381,3.8199999999998009,4,1,1,2,2,0,0,0,0,-0.36740287906073565,0,-3.2815496015992305,6.2686330258254603,-12.657527227527645,-3.2685566410242237,6.2955011468563828,-11.785761406844358,1.1527170659795876,0.34580738957651891,-1.1243930174391512,1.4259067217138999,-0.52124821563867996,-2.2282263035755583,0,0,0,0,0,0,-0,-0,-0,-0,-0,-0
hold,0,382,3.8299999999997998,4,1,1,2,2,0,0,0,0,-0.36746358117825756,0,-3.2705041680381628,6.2734550146101178,-12.669114634065386,-3.2535533439029241,6.2890671756513008,-11.808766984528145,1.0760096573835516,0.5612413080251154,-1.1958666533987481,1.54306842271249,-0.71397387107302501,-2.3572729407053314,0,0,0,0,0,0,-0,-0,-0,-0,-0,-0
hold,0,383,3.8399999999997987,4,1,1,2,2,0,0,0,0,-0.36752629095657097,0,-3.2599365268854337,6.2797820816142682,-12.681491754589524,-3.2376863771229116,6.2814538165440599,-11.832416739207861,1.0564872620823642,0.66170680720076003,-1.2328237323408466,1.6076358907304962,-0.76214223947224324,-2.3081556098140426,0,0,0,0,0,0,-0,-0,-0,-0,-0,-0
hold,0,384,3.8499999999997976,4,1,1,2,2,0,0,0,0,-0.36755957840822673,0,-3.2491849426714516,6.286310925236485,-12.694056695314965,-3.2215887625992772,6.2741914757404995,-11.855310186074846,1.0909827881329561,0.63797952024640481,-1.2757992886377323,1.6017982548693888,-0.69218400032983196,-2.3057583733895668,0,0,0,0,0,0,-0,-0,-0,-0,-0,-0
hold,0,385,3.8599999999997965,4,1,1,2,2,0,0,0,0,-0.36759068459014765,0,-3.2378575094692383,6.2920633342627408,-12.707155211465841,-3.2058442563789669,6.2679013932716501,-11.879237026184867,1.1685868158716615,0.51636229580290416,-1.3338489508679636,1.5544459781699091,-0.58765456700909369,-2.4649346244333463,0,0,0,0,0,0,-0,-0,-0,-0,-0,-0
hold,0,386,3.8699999999997954,4,1,1,2,2,0,0,0,0,-0.36762777400983371,0,-3.2253448901817618,6.2963363979026141,-12.718801907426872,-3.1903912065244331,6.2622658403989853,-11.904904088955382,1.3183198821693334,0.34537381580703991,-1.0489287659576731,1.5455402546064123,-0.5589886068058223,-2.6306207967248647,0,0,0,0,0,0,-0,-0,-0,-0,-0,-0
hold,0,387,3.8799999999997943,4,1,1,2,2,0,0,0,0,-0.3676432770544798,0,-3.2115316543805079,6.2989589410141011,-12.728463106645048,-3.1760739491151542,6.2592804073294399,-11.930785805002925,1.4254918090701927,0.20287075171565505,-0.9044215282158673,1.3562191982915917,-0.13315626023847302,-2.5863234111473421,0,0,0,0,0,0,-0,-0,-0,-0,-0,-0
hold,0,388,3.8899999999997932,4,1,1,2,2,0,0,0,0,-0.36764813337454094,0,-3.1964923352769912,6.2998596695426983,-12.736475314473978,-3.1634847156569776,6.2599490204288735,-11.957165239114685,1.5660829325152168,-0.0081783538484411569,-0.74568868837262825,1.2071998835367586,0.17144720219883175,-2.6816621992301757,0,0,0,0,0,0,-0,-0,-0,-0,-0,-0
hold,0,389,3.8999999999997921,4,1,1,2,2,0,0,0,0,-0.36766065959953165,0,-3.1798906283658424,6.2983164150096549,-12.742877618313615,-3.1520686785874155,6.2629635527823044,-11.984630862786442,1.7180476188180578,-0.2443744334717958,-0.57396272004996507,1.0914601948253622,0.41108371230313651,-2.7466494402853834,0,0,0,0,0,0,-0,-0,-0,-0,-0,-0
hold,0,390,3.909999999999791,4,1,1,2,2,0,0,0,0,-0.36766984024395494,0,-3.1619083277889413,6.2945278528977155,-12.747975638158147,-3.1418099840549312,6.2686311220110955,-12.011595414778483,1.8420248263486472,-0.44836807502009235,-0.45782633630118269,0.97933402693712712,0.67866540801612019,-2.6465645451471946,0,0,0,0,0,0,-0,-0,-0,-0,-0,-0
hold,0,391,3.9199999999997899,4,1,1,2,2,0,0,0,0,-0.36767055202557175,0,-3.1430109894430371,6.2892850745412598,-12.751924479185021,-3.1325444919089671,6.2766648250550201,-12.037523075014576,1.9167643107673391,-0.56361487169893376,-0.34349270319013447,0.90175038102965532,0.86151314846806426,-2.5689308073290107,0,0,0,0,0,0,-0,-0,-0,-0,-0,-0
hold,0,392,3.9299999999997888,4,1,1,2,2,0,0,0,0,-0.36766103728167965,0,-3.1236710247100987,6.2833555271920556,-12.755072562974544,-3.1237717649495886,6.2861085606395228,-12.06192579373079,1.9407287077813922,-0.60486017785469959,-0.29918278413479688,0.87293466227323369,0.97262494960723422,-2.3616004772744152,0,0,0,0,0,0,-0,-0,-0,-0,-0,-0
hold,0,393,3.9399999999997877,4,1,1,2,2,0,0,0,0,-0.36764561158586295,0,-3.1043158389550807,6.2773637587733315,-12.757991842978122,-3.114766526150996,6.2955024910229049,-12.084499906142938,1.9255681771254425,-0.58323087231668858,-0.28614395129933745,0.92809861345548195,0.89642609660031247,-2.1919860725105367,0,0,0,0,0,0,-0,-0,-0,-0,-0,-0
hold,0,394,3.9499999999997866,4,1,1,2,2,0,0,0,0,-0.36762919964246199,0,-3.0853981716770491,6.272073893173495,-12.760927373835672,-3.1048457188349672,6.3033032526300357,-12.105530296012729,1.8644305501576066,-0.48911310379696527,-0.31653782330862501,1.0420118422241731,0.68608539993801398,-2.0457420336089935,0,0,0,0,0,0,-0,-0,-0,-0,-0,-0
hold,0,395,3.9599999999997855,4,1,1,2,2,0,0,0,0,-0.36761460642852667,0,-3.0674397938096059,6.2683407802074953,-12.764240195414292,-3.0936777631694112,6.3087390072273593,-12.124998247429303,1.7476248524347067,-0.29328073134342336,-0.34588531344244861,1.173079980707183,0.44358687702973221,-1.8463872522304869,0,0,0,0,0,0,-0,-0,-0,-0,-0,-0
hold,0,396,3.9699999999997844,4,1,1,2,2,0,0,0,0,-0.3675984510196178,0,-3.0507568236481122,6.2666660035538388,-12.768111264547391,-3.0809832767064655,6.3114200531443103,-12.141912382478052,1.6136337686051363,-0.083751508845123751,-0.42402007281727866,1.3356593521652944,0.14352479244556637,-1.5979883891597864,0,0,0,0,0,0,-0,-0,-0,-0,-0,-0
hold,0,397,3.9799999999997833,4,1,1,2,2,0,0,0,0,-0.36758475488176606,0,-3.0355583153603396,6.2672829702397923,-12.772871631175358,-3.0667393728833323,6.3110505449478342,-12.156876563276741,1.4602552570360152,0.14747200043232156,-0.52729546901299806,1.4849867514267971,-0.16330887927143267,-1.4368443447741996,0,0,0,0,0,0,-0,-0,-0,-0,-0,-0
hold,0,398,3.9899999999997822,4,1,1,2,2,0,0,0,0,-0.36757556345780551,0,-3.0219455023233648,6.2702315917031299,-12.778711197304325,-3.051235424873306,6.3078718037363242,-12.170743353538958,1.2964203918104624,0.38891976136128931,-0.62335715779866574,1.58771474924435,-0.41274284364621416,-1.3639876260465076,0,0,0,0,0,0,-0,-0,-0,-0,-0,-0
hold,0,399,3.9999999999997811,4,1,1,2,2,0,0,0,0,-0.36757390567681447,0,-3.0097431038211315,6.2749529151121077,-12.785997939515134,-3.034852622327386,6.3023315199854331,-12.184297278431082,1.1663111129229327,0.53796781054919995,-0.77297795624521082,1.6556141226993684,-0.62107950220293551,-1.3613515650281336,0,0,0,0,0,0,-0,-0,-0,-0,-0,-0
hold,0,400,4.0099999999997804,4,1,1,2,2,0,0,0,0,-0.36757717260979095,0,-2.9986162203402142,6.2806332224310886,-12.794804689925753,-3.0181309239764849,6.2952107118741605,-12.198246424571835,1.0803814848274842,0.58456073700302569,-0.93030333576957314,1.6708251223104673,-0.75141010613602266,-1.4221611560857592,0,0,0,0,0,0,-0,-0,-0,-0,-0,-0
hold,0,401,4.0199999999997793,4,1,1,2,2,0,0,0,0,-0.36758848353431345,0,-2.9879493725026096,6.2858101440005658,-12.805630859530401,-3.0014390103457673,6.2870554594210883,-12.213007296449685,1.0627765447838111,0.46839768284243133,-1.1565703308281803,1.663256016523154,-0.83612425548064184,-1.4602532364643723,0,0,0,0,0,0,-0,-0,-0,-0,-0,-0
hold,0,402,4.0299999999997782,4,1,1,2,2,0,0,0,0,-0.36757610559933096,0,-2.977274168393687,6.2897224522225805,-12.817522934080774,-2.9850815531060055,6.2789721497408255,-12.226499233109656,1.0745802255587158,0.33165024796384751,-1.20966455873381,1.610306967512154,-0.77969815503308937,-1.2891950809302497,0,0,0,0,0,0,-0,-0,-0,-0,-0,-0
hold,0,403,4.0399999999997771,4,1,1,2,2,0,0,0,0,-0.36755283808416073,0,-2.9663964940489915,6.292065382851586,-12.829968944512151,-2.9696252890004855,6.2720058477470388,-12.238944642146114,1.0979072320803862,0.18013630188104202,-1.210854365824473,1.4978067392153145,-0.63689007911743956,-1.2280401096131353,0,0,0,0,0,0,-0,-0,-0,-0,-0,-0
hold,0,404,4.049999999999776,4,1,1,2,2,0,0,0,0,-0.36752230453252543,0,-2.9552263983122686,6.2931405637120275,-12.840863264111521,-2.9554894999651893,6.2666553101104654,-12.251329249449363,1.1312250995547877,0.053463922027155567,-1.0165182743415668,1.3535964503131752,-0.46334599101297191,-1.2564197278518576,0,0,0,0,0,0,-0,-0,-0,-0,-0,-0
hold,0,405,4.0599999999997749,4,1,1,2,2,0,0,0,0,-0.36749214587485951,0,-2.9436619608953483,6.2926856712796546,-12.850225047704845,-2.942908949968416,6.2631070674492122,-12.264432028439682,1.1734711905407123,-0.11462801468973334,-0.8894849116009067,1.1933334449089701,-0.28352670114424583,-1.3541849476926728,0,0,0,0,0,0,-0,-0,-0,-0,-0,-0
hold,0,406,4.0699999999997738,4,1,1,2,2,0,0,0,0,-0.3674671929608706,0,-2.9316959101233397,6.2905734206611044,-12.858234016756601,-2.9318863497393064,6.2611521576790015,-12.278764128377029,1.2100739572674877,-0.27684115460069036,-0.75800407687544613,1.0418215385742589,-0.13987386848274591,-1.4921176922263302,0,0,0,0,0,0,-0,-0,-0,-0,-0,-0
hold,0,407,4.0799999999997727,4,1,1,2,2,0,0,0,0,-0.36745447974553186,0,-2.919489964236571,6.2868514675915215,-12.86566478641339,-2.9223284222531078,6.2604312354790856,-12.294690231681706,1.2232918269522626,-0.43109666185486367,-0.74382281340102241,0.90219863362864516,-0.035812716611909073,-1.6602382104054956,0,0,0,0,0,0,-0,-0,-0,-0,-0,-0
hold,0,408,4.0899999999997716,4,1,1,2,2,0,0,0,0,-0.36743375090651481,0,-2.9074960736227218,6.2821606133527634,-12.873134906917185,-2.9148000695874718,6.2624126985883954,-12.31060527974901,1.1791265671894449,-0.49067649557915938,-0.76665140839425372,0.65588814355799563,0.3468761622773392,-1.5539288359984698,0,0,0,0,0,0,-0,-0,-0,-0,-0,-0
hold,0,409,4.0999999999997705,4,1,1,2,2,0,0,0,0,-0.36740678481751377,0,-2.8961906091954153,6.2772696967164823,-12.881110421387952,-2.909473605330172,6.2676129889412984,-12.325709861011735,1.0914944945688212,-0.4774714284321025,-0.82561545432058869,0.45517484342711323,0.62388631080926771,-1.4868867406596333,0,0,0,0,0,0,-0,-0,-0,-0,-0,-0
hold,0,410,4.1099999999997694,4,1,1,2,2,0,0,0,0,-0.36738292509403031,0,-2.8859129224685951,6.2726223803986851,-12.890346659335602,-2.9060849069434527,6.2755316205448839,-12.339796420608939,0.98176486853644196,-0.45156277748672635,-0.99639181508612629,0.26983756384059343,0.88427822501833797,-1.3643471854337261,0,0,0,0,0,0,-0,-0,-0,-0,-0,-0
hold,0,411,4.1199999999997683,4,1,1,2,2,0,0,0,0,-0.3673603819776905,0,-2.8769635080760381,6.2687295651856534,-12.901057288718677,-2.9041444390495403,6.2852122242613628,-12.352644599995916,0.8285773198199573,-0.32707857746350977,-1.103885024438537,0.15430859966525481,1.0003809987898102,-1.2344483730808138,0,0,0,0,0,0,-0,-0,-0,-0,-0,-0
hold,0,412,4.1299999999997672,4,1,1,2,2,0,0,0,0,-0.36734273291689884,0,-2.8693114482494964,6.2655582690928124,-12.913243272461125,-2.9027438619694772,6.2949551626708953,-12.36385156549016,0.7265356648965392,-0.31600439290507831,-1.2906489712658553,0.14814787831728096,0.92400064450896635,-1.0377287207454595,0,0,0,0,0,0,-0,-0,-0,-0,-0,-0
hold,0,413,4.1399999999997661,4,1,1,2,2,0,0,0,0,-0.36731920071685326,0,-2.8632905092953624,6.2640922193476367,-12.925617689037301,-2.9010690160163883,6.3031089865210852,-12.373324583719899,0.52163150409958214,-0.038935707329417209,-1.2078421722293846,0.19188134447441432,0.72166004232863679,-0.8827672911062987,0,0,0,0,0,0,-0,-0,-0,-0,-0,-0
hold,0,414,4.149999999999765,4,1,1,2,2,0,0,0,0,-0.36729130185544617,0,-2.8592262412187983,6.265160697002873,-12.937508137374449,-2.8985218275243056,6.3084180424830922,-12.381121084611811,0.33180337524631337,0.19837640180913271,-1.1825424324788403,0.30345686771722186,0.39048376887573799,-0.70978660475100863,0,0,0,0,0,0,-0,-0,-0,-0,-0,-0
hold,0,415,4.1599999999997639,4,1,1,2,2,0,0,0,0,-0.36726971106204481,0,-2.8569502979346604,6.2683318110054778,-12.949359007480087,-2.8946375671473232,6.3099782174514143,-12.387178898633978,0.16075608728551394,0.38961843744231972,-1.1912579665687875,0.44617146068594166,-0.0030806155773193677,-0.53819416359464323,0,0,0,0,0,0,-0,-0,-0,-0,-0,-0
hold,0,416,4.1699999999997628,4,1,1,2,2,0,0,0,0,-0.36725981717118122,0,-2.8562675625775045,6.2731075060596737,-12.961516888361357,-2.8893964232156604,6.3076650500150535,-12.391774081820571,0.0089780766972537111,0.52938728943021118,-1.2375273828410986,0.56978473927176687,-0.37530912872826078,-0.42163744744783804,0,0,0,0,0,0,-0,-0,-0,-0,-0,-0
hold,0,417,4.1799999999997617,4,1,1,2,2,0,0,0,0,-0.36725981890509357,0,-2.8568824065601115,6.2787742318295834,-12.974304321467358,-2.8830834297745502,6.3019341179241373,-12.395238711062575,-0.10304838001283441,0.57926873548991464,-1.309798243813076,0.66630742933525189,-0.69449365099101357,-0.30148295173163386,0,0,0,0,0,0,-0,-0,-0,-0,-0,-0
hold,0,418,4.1899999999997606,4,1,1,2,2,0,0,0,0,-0.36726557747494037,0,-2.8583683071737056,6.2843800559559302,-12.987964217827528,-2.8761003677420853,6.2935296133847878,-12.397743918011102,-0.17362011395079854,0.53625300394536513,-1.4063101456346025,0.71200664159177707,-0.92423266264193049,-0.22255662000769075,0,0,0,0,0,0,-0,-0,-0,-0,-0,-0
hold,0,419,4.1999999999997595,4,1,1,2,2,0,0,0,0,-0.36727233678169929,0,-2.8603578652936763,6.2891685855822264,-13.002415371486812,-2.869086137095032,6.2835811980416842,-12.39976939764774,-0.21244869373455577,0.43860515268755751,-1.4487373312487888,0.68166895373595893,-1.0194649598486003,-0.19705102271702646,0,0,0,0,0,0,-0,-0,-0,-0,-0,-0
hold,0,420,4.2099999999997584,4,1,1,2,2,0,0,0,0,-0.36728121680871417,0,-2.8626176289807646,6.2926992752858961,-13.017431957648698,-2.8628879438904642,6.2735445138170487,-12.402148130895734,-0.23574215229902779,0.29684428253501632,-1.5371629365127777,0.56241528592744949,-0.9644263423227537,-0.27687091374016659,0,0,0,0,0,0,-0,-0,-0,-0,-0,-0
hold,0,421,4.2199999999997573,4,1,1,2,2,0,0,0,0,-0.36729145302911165,0,-2.8650055602725693,6.2948277518751485,-13.032352618600429,-2.8584701359871043,6.2656371567699924,-12.403742359617274,-0.23693486270850653,0.1611468185026203,-1.4148634173576902,0.35884974727972663,-0.67405572381184564,-0.096075523484037015,0,0,0,0,0,0,-0,-0,-0,-0,-0,-0
hold,0,422,4.2299999999997562,4,1,1,2,2,0,0,0,0,-0.36729544764697508,0,-2.8672644551783915,6.295523762840153,-13.045308939063776,-2.8562367358809242,6.2608659849715149,-12.403826856465967,-0.21837359036787457,0.0077198718376674524,-1.2196512098580619,0.12815902289007289,-0.33666601520450956,0.046030211132445105,0,0,0,0,0,0,-0,-0,-0,-0,-0,-0
hold,0,423,4.2399999999997551,4,1,1,2,2,0,0,0,0,-0.36730283691221177,0,-2.8693301415675441,6.2945855942569047,-13.056675097450713,-2.8564552805419554,6.2596977043250934,-12.402768559160764,-0.20044673798351759,-0.16082824397024234,-1.0915835007177199,-0.12459924721576411,0.031825449385286197,0.13318589224909522,0,0,0,0,0,0,-0,-0,-0,-0,-0,-0
hold,0,424,4.249999999999754,4,1,1,2,2,0,0,0,0,-0.3673152644129371,0,-2.8713023230848678,6.292022197297932,-13.067183806180443,-2.8592325451359155,6.2621819048045708,-12.401196223934578,-0.19505888054190684,-0.32163171517646827,-1.0320209887388836,-0.37285022063080664,0.38304595241558442,0.18706794322726616,0,0,0,0,0,0,-0,-0,-0,-0,-0,-0
hold,0,425,4.2599999999997529,4,1,1,2,2,0,0,0,0,-0.3673352001440045,0,-2.8733491379095564,6.2879979497838612,-13.077527309459493,-2.8643315405511167,6.2678005031841444,-12.399298871344216,-0.2171666212810919,-0.44702596778701187,-1.0445067917955544,-0.60002246481302657,0.66509632866580881,0.14397815101978012,0,0,0,0,0,0,-0,-0,-0,-0,-0,-0
hold,0,426,4.2699999999997518,4,1,1,2,2,0,0,0,0,-0.36735122137362064,0,-2.8758629421472213,6.2831089446448427,-13.088353483033023,-2.8715564589985032,6.2756024000111488,-12.399036132167687,-0.27733880032444796,-0.51171618211531456,-1.1147767438180365,-0.79499557474429816,0.84086671888152698,-0.044568520384626165,0,0,0,0,0,0,-0,-0,-0,-0,-0,-0
hold,0,427,4.2799999999997507,4,1,1,2,2,0,0,0,0,-0.3673622789862101,0,-2.8791467022211741,6.2780329658305369,-13.099521088425718,-2.8802024885557023,6.2842301020521845,-12.400218555322613,-0.36568895065336754,-0.49872371106534813,-1.1229654611253201,-0.90058361321894775,0.85894617884466018,-0.16024417922363879,0,0,0,0,0,0,-0,-0,-0,-0,-0,-0
hold,0,428,4.2899999999997496,4,1,1,2,2,0,0,0,0,-0.36737409427178491,0,-2.8833688685918011,6.2731729175009789,-13.111035686698608,-2.8893472707912649,6.2920492556984069,-12.402212423652291,-0.46406780890131449,-0.46300361405914564,-1.1486564862446396,-0.91259245581019077,0.7107000277546266,-0.21774501508632427,0,0,0,0,0,0,-0,-0,-0,-0,-0,-0
hold,0,429,4.2999999999997485,4,1,1,2,2,0,0,0,0,-0.36738026100510668,0,-2.8889162661728931,6.2696843119961976,-13.121661610801338,-2.8982692636958847,6.2977946797286837,-12.404465110994607,-0.61704885581190361,-0.27097772456565034,-1.0178090838493048,-0.87124328452645017,0.47133509151497616,-0.22515634937457268,0,0,0,0,0,0,-0,-0,-0,-0,-0,-0
hold,0,430,4.3099999999997474,4,1,1,2,2,0,0,0,0,-0.3673854375731031,0,-2.8960422146723248,6.2681633141513,-13.131372839385808,-2.9064893762417459,6.3006635378092124,-12.406595237810212,-0.77697588808599782,-0.072779374095888805,-0.94849056822758637,-0.7856964575995643,0.15846441875926748,-0.20220657181259347,0,0,0,0,0,0,-0,-0,-0,-0,-0,-0
hold,0,431,4.3199999999997463,4,1,1,2,2,0,0,0,0,-0.36739708066739629,0,-2.9047649643815587,6.2685885837629804,-13.140641029342696,-2.9137476443705639,6.3002496999703688,-12.408411999758698,-0.9349597760642232,0.1172454532272062,-0.91659418825036465,-0.68611037085664972,-0.17342056755103472,-0.16776306726969559,0,0,0,0,0,0,-0,-0,-0,-0,-0,-0
hold,0,432,4.3299999999997452,4,1,1,2,2,0,0,0,0,-0.36741478472121908,0,-2.9151112922018911,6.2710931990409406,-13.149341645756932,-2.9201646495067255,6.2968391874028082,-12.409935196505291,-1.0959115679870737,0.32598278509475415,-0.85279482280405094,-0.61368491481318066,-0.44913617869072819,-0.1436317250761979,0,0,0,0,0,0,-0,-0,-0,-0,-0,-0
hold,0,433,4.3399999999997441,4,1,1,2,2,0,0,0,0,-0.36743784702825327,0,-2.9269100182961885,6.2753513546935107,-13.157568813027838,-2.9260487834254674,6.2910569085890451,-12.411331076270741,-1.2316160237388316,0.48410871062103594,-0.80361873632934033,-0.57743884601886608,-0.65278094740669468,-0.14040310688155258,0,0,0,0,0,0,-0,-0,-0,-0,-0,-0
hold,0,434,4.349999999999743,4,1,1,2,2,0,0,0,0,-0.36746448824464201,0,-2.9398135697880812,6.2806230061483923,-13.165615035477449,-2.931841856356562,6.2837611276710259,-12.412892269324608,-1.3264048743593273,0.5532131702790356,-0.79307587049609141,-0.58940170113764068,-0.76366342262436415,-0.17097722089142425,0,0,0,0,0,0,-0,-0,-0,-0,-0,-0
hold,0,435,4.3599999999997419,4,1,1,2,2,0,0,0,0,-0.36749373367178539,0,-2.9534482573124312,6.2861728283659204,-13.173569043970302,-2.9381884949493702,6.2764849745350038,-12.413934238721239,-1.3823814082495298,0.54266940998247915,-0.80581607523456011,-0.67487696113119078,-0.67512687166467955,-0.032942736000068154,0,0,0,0,0,0,-0,-0,-0,-0,-0,-0
hold,0,436,4.3699999999997408,4,1,1,2,2,0,0,0,0,-0.3675227811402455,0,-2.9674030137403857,6.2911670511372009,-13.181603624281008,-2.9457357827909356,6.2708394576300002,-12.413570822868582,-1.3984766081614302,0.46186229047361482,-0.7960712127577857,-0.81232153376035654,-0.47952120513141633,0.087164785412170501,0,0,0,0,0,0,-0,-0,-0,-0,-0,-0
hold,0,437,4.3799999999997397,4,1,1,2,2,0,0,0,0,-0.36754910704931337,0,-2.9813251017170872,6.2949946927949743,-13.189549211816034,-2.9549001211143979,6.2675908234336042,-12.412332266229992,-1.3792235275394706,0.31684513307296069,-0.7839715110055655,-0.98269296909362314,-0.22071447853279694,0.1686843474211987,0,0,0,0,0,0,-0,-0,-0,-0,-0,-0
hold,0,438,4.3899999999997386,4,1,1,2,2,0,0,0,0,-0.36758342021401413,0,-2.9948133760600446,6.2968652583652496,-13.197688576559759,-2.9657850414184868,6.2671757076138128,-12.409736571576422,-1.324179628084694,0.09539001130505792,-0.82414019630389701,-1.1563401909463225,0.073762374465229472,0.31975213959941612,0,0,0,0,0,0,-0,-0,-0,-0,-0,-0
hold,0,439,4.3999999999997375,4,1,1,2,2,0,0,0,0,-0.36761554230463978,0,-3.0076175324523202,6.2964882581509105,-13.205520248694766,-2.9782335513558982,6.2692571060101017,-12.406196476557961,-1.269419217582934,-0.10283488456846868,-0.79741579167823096,-1.3190556286634878,0.30346736646097916,0.29251025290186816,0,0,0,0,0,0,-0,-0,-0,-0,-0,-0
hold,0,440,4.4099999999997364,4,1,1,2,2,0,0,0,0,-0.36763813667108919,0,-3.0202628316686058,6.2947328608175006,-13.213705439700894,-2.9924595947917236,6.2734264974769989,-12.404722981388385,-1.2590253899453527,-0.22686028081004378,-0.8333562081208542,-1.4815050487510784,0.47197802669547528,0.043307464569261551,0,0,0,0,0,0,-0,-0,-0,-0,-0,-0
hold,0,441,4.4199999999997353,4,1,1,2,2,0,0,0,0,-0.36764955189233428,0,-3.0327571013508612,6.2921142901939309,-13.220796212856753,-3.0078643144760426,6.2785973662388521,-12.405190506964672,-1.2461187503478233,-0.27852935483166524,-0.63064693594513122,-1.5736981106801475,0.53730058282405602,-0.10234762783508225,0,0,0,0,0,0,-0,-0,-0,-0,-0,-0
hold,0,442,4.4299999999997342,4,1,1,2,2,0,0,0,0,-0.36765289058592304,0,-3.0452057581942391,6.2891387464721475,-13.226165054413954,-3.0238755532372141,6.2839093244769142,-12.406877646158589,-1.2441081851000158,-0.31147887082882875,-0.48588664572408446,-1.6115956564265175,0.51459355044257349,-0.20674058399068188,0,0,0,0,0,0,-0,-0,-0,-0,-0,-0
hold,0,443,4.439999999999733,4,1,1,2,2,0,0,0,0,-0.36765419380774655,0,-3.0577107720062289,6.2859999931469321,-13.230263284914834,-3.0399404070682721,6.2884570710066701,-12.409388938823106,-1.2572046470979255,-0.30892900179448746,-0.35733554028472725,-1.5962687822547441,0.4033750580198599,-0.27689022418224557,0,0,0,0,0,0,-0,-0,-0,-0,-0,-0
hold,0,444,4.4499999999997319,4,1,1,2,2,0,0,0,0,-0.36765617967876324,0,-3.0704037347076176,6.2829956309835868,-13.233332517433729,-3.0555972198946622,6.2914878476872396,-12.412422934791616,-1.2788911546416113,-0.29134429176983501,-0.27671864794073564,-1.541060802150116,0.22976538178861677,-0.31822117704884006,0,0,0,0,0,0,-0,-0,-0,-0,-0,-0
hold,0,445,4.4599999999997308,4,1,1,2,2,0,0,0,0,-0.36765909119718954,0,-3.0833827864981203,6.2803333305621489,-13.235700637563934,-3.0705500144844464,6.2925605363752517,-12.41577122699332,-1.3116556647059585,-0.24856544277235845,-0.21990657504708563,-1.4640719832382729,0.0259814178584548,-0.34443617637295398,0,0,0,0,0,0,-0,-0,-0,-0,-0,-0
hold,0,446,4.4699999999997297,4,1,1,2,2,0,0,0,0,-0.36766379580237368,0,-3.0967505972897715,6.2782549268192298,-13.237573308215131,-3.0846997734339956,6.2915891400601378,-12.419361032486794,-1.3548459623041758,-0.17865965096429409,-0.17253333420781039,-1.3837410974610604,-0.17502631575495192,-0.36885845414827284,0,0,0,0,0,0,-0,-0,-0,-0,-0,-0
hold,0,447,4.4799999999997286,4,1,1,2,2,0,0,0,0,-0.36767101705532707,0,-3.1105956873427374,6.2770246429838714,-13.238940176572486,-3.0981372297400465,6.2889632715391031,-12.422741637224849,-1.4047368802826299,-0.084395568374460855,-0.11445011835392455,-1.3222606622197044,-0.29846948991617295,-0.27733263658538804,0,0,0,0,0,0,-0,-0,-0,-0,-0,-0
hold,0,448,4.4899999999997275,4,1,1,2,2,0,0,0,0,-0.36768029545011366,0,-3.1249920586100357,6.2768038105840507,-13.240091258141446,-3.1112039758457506,6.2859174479960327,-12.424260554808344,-1.4608097160453415,0.019717852098206472,-0.10028951080980808,-1.2962886634789088,-0.31291698275525071,-0.087948237645953289,0,0,0,0,0,0,-0,-0,-0,-0,-0,-0
hold,0,449,4.4999999999997264,4,1,1,2,2,0,0,0,0,-0.36768729280429863,0,-3.1398803495564191,6.2776278202001432,-13.240699688083851,-3.1240772292397381,6.2827606642360116,-12.424419099527787,-1.5086441056761311,0.12905356121326597,-0.031099206156061127,-1.2865340407032761,-0.29883645043551677,0.057587654927333129,0,0,0,0,0,0,-0,-0,-0,-0,-0,-0
hold,0,450,4.5099999999997253,4,1,1,2,2,0,0,0,0,-0.36769486356988978,0,-3.1552000460867555,6.2795186259415079,-13.240564431412945,-3.1370076063052945,6.2801469805866628,-12.4229930542032,-1.5438298577374812,0.22123832568491472,0.039666607300313628,-1.2995623302085677,-0.23764647657351531,0.17540140224620485,0,0,0,0,0,0,-0,-0,-0,-0,-0,-0
hold,0,451,4.5199999999997242,4,1,1,2,2,0,0,0,0,-0.36769839627100542,0,-3.1707506536242169,6.2821406013151577,-13.239699722603918,-3.150161910956164,6.2783515591014716,-12.420492980757837,-1.5604960325128672,0.28835740334174359,0.12262094912529448,-1.3272263004172082,-0.13059118529764505,0.32251817733286947,0,0,0,0,0,0,-0,-0,-0,-0,-0,-0
hold,0,452,4.5299999999997231,4,1,1,2,2,0,0,0,0,-0.36769265218534186,0,-3.1863206189546496,6.2851254013985631,-13.238207849418723,-3.1636435331227837,6.2775755281369925,-12.41726956635034,-1.5493769291000317,0.2924820798429853,0.15049457528237611,-1.3590958493635756,-0.039663334305054157,0.34730187933040318,0,0,0,0,0,0,-0,-0,-0,-0,-0,-0
hold,0,453,4.539999999999722,4,1,1,2,2,0,0,0,0,-0.36767880496605804,0,-3.2016392635753137,6.2879358255733226,-13.236404322317302,-3.1774036379049839,6.2777050786010928,-12.413721417980444,-1.5181453270870067,0.26873069026663055,0.19591995767731282,-1.3858230097348596,0.029681654974697613,0.30098030662340236,0,0,0,0,0,0,-0,-0,-0,-0,-0,-0
hold,0,454,4.5499999999997209,4,1,1,2,2,0,0,0,0,-0.36765605989527272,0,-3.2165529162748232,6.2903636702993779,-13.234140614580211,-3.1913647122513957,6.278122508870025,-12.411753966035738,-1.4721991755012174,0.2258006029906913,0.25395374231465961,-1.4024837419059617,0.050280481025665708,0.12988259134357838,0,0,0,0,0,0,-0,-0,-0,-0,-0,-0
hold,0,455,4.5599999999997198,4,1,1,2,2,0,0,0,0,-0.36763466958512275,0,-3.230989084763574,6.2924754119287662,-13.230889502540302,-3.2054757687581921,6.2787654597122824,-12.411420858976854,-1.4193653678706564,0.18957072016220555,0.3601502674237434,-1.4140352097665039,0.071153659388508775,-0.025660620465859676,0,0,0,0,0,0,-0,-0,-0,-0,-0,-0
hold,0,456,4.5699999999997187,4,1,1,2,2,0,0,0,0,-0.36761305049386434,0,-3.2447533058933415,6.2939439110998059,-13.226791040134337,-3.2196070873176259,6.2795318014147004,-12.412484035070968,-1.3439168153663348,0.11049739887052544,0.43685625182243565,-1.4102727141703264,0.07818683418172391,-0.15671543812519881,0,0,0,0,0,0,-0,-0,-0,-0,-0,-0
hold,0,457,4.5799999999997176,4,1,1,2,2,0,0,0,0,-0.36759269315224563,0,-3.2577378029200634,6.2946556176467148,-13.221782039705525,-3.2336401705276447,6.2803055760272901,-12.414812402252554,-1.259690416993877,0.024608647132524201,0.52244621867753782,-1.3950239012603347,0.073473300845354417,-0.27733704767931788,0,0,0,0,0,0,-0,-0,-0,-0,-0,-0
hold,0,458,4.5899999999997165,4,1,1,2,2,0,0,0,0,-0.36757185522995328,0,-3.2697668983221755,6.2942851361127179,-13.216125496209617,-3.2474296674933343,6.280937954518226,-12.418248836073673,-1.1647874895225256,-0.077441142027964746,0.59491560866242965,-1.3669250681686693,0.055048249441082581,-0.38720591706848462,0,0,0,0,0,0,-0,-0,-0,-0,-0,-0
hold,0,459,4.5999999999997154,4,1,1,2,2,0,0,0,0,-0.36755366493743113,0,-3.2806252059735916,6.2922679781315232,-13.210668582438304,-3.2609278352636744,6.2819111934477281,-12.421035284651255,-1.0368571609955195,-0.28018724324652117,0.50031293308050961,-1.3380230339235497,0.1257271405017916,-0.20556260492592471,0,0,0,0,0,0,-0,-0,-0,-0,-0,-0
hold,0,460,4.6099999999997143,4,1,1,2,2,0,0,0,0,-0.36753905971996681,0,-3.2903287277923212,6.2884985453333844,-13.206179380802443,-3.2740678633610263,6.2834662315930245,-12.422151369883091,-0.92831667295914777,-0.43863595873925321,0.40482572978439302,-1.2967636940445868,0.17716192970931077,-0.035808054209611452,0,0,0,0,0,0,-0,-0,-0,-0,-0,-0
hold,0,461,4.6199999999997132,4,1,1,2,2,0,0,0,0,-0.36753252955463511,0,-3.2990941632748134,6.2833398615649809,-13.203139556717876,-3.2867214220665026,6.2855279420595416,-12.421176990947494,-0.84600938087487898,-0.55377822656129061,0.25307178326196494,-1.2416020983192619,0.22079156294705501,0.18355752641684561,0,0,0,0,0,0,-0,-0,-0,-0,-0,-0
hold,0,462,4.6299999999997121,4,1,1,2,2,0,0,0,0,-0.36751862114988232,0,-3.307234237316417,6.2775535024078284,-13.201314442225142,-3.2986263656011903,6.2874313585319435,-12.418930307266473,-0.79534414450486124,-0.58923045470407054,0.1354697408988931,-1.1466787897160642,0.13015133758321229,0.17615752761443826,0,0,0,0,0,0,-0,-0,-0,-0,-0,-0
hold,0,463,4.639999999999711,4,1,1,2,2,0,0,0,0,-0.36749080285354213,0,-3.3150032602148922,6.2716836312585986,-13.200770476107294,-3.3093688727775046,6.2876852496219477,-12.417939338437069,-0.76745004073781264,-0.579839365624507,-0.0023349358882836999,-1.025512399656987,-0.04386943218935923,0.052089637765251245,0,0,0,0,0,0,-0,-0,-0,-0,-0,-0
hold,0,464,4.6499999999997099,4,1,1,2,2,0,0,0,0,-0.36745974479930549,0,-3.3226455847323142,6.2662105804766224,-13.201718355742768,-3.3189176952691604,6.2862922859868444,-12.418046593229201,-0.77372999187423608,-0.49641708668479739,-0.13837305024607974,-0.91128636308763333,-0.19354303480788457,-0.047689106191084865,0,0,0,0,0,0,-0,-0,-0,-0,-0,-0
hold,0,465,4.6599999999997088,4,1,1,2,2,0,0,0,0,-0.36742618405648664,0,-3.3306282629385047,6.2622421753372137,-13.20372607075759,-3.327455303032913,6.283713973754967,-12.419078558390492,-0.81901800676364989,-0.31088305591421106,-0.20359505436722947,-0.8184742004736143,-0.29438362700206661,-0.14132144417483358,0,0,0,0,0,0,-0,-0,-0,-0,-0,-0
hold,0,466,4.6699999999997077,4,1,1,2,2,0,0,0,0,-0.3673966222962034,0,-3.3393572677541403,6.2609950585631129,-13.205492253843069,-3.3352527483946663,6.2807039672309042,-12.420400583389286,-0.9117163242673415,0.0029507467385129008,-0.17073173726540219,-0.75961974763991891,-0.28222192104968891,-0.086254047798471456,0,0,0,0,0,0,-0,-0,-0,-0,-0,-0
hold,0,467,4.6799999999997066,4,1,1,2,2,0,0,0,0,-0.36737713889546308,0,-3.3489407195727066,6.2628185489056509,-13.206722387432356,-3.3426660929291452,6.2784935169735387,-12.420296496584692,-0.99263449546711957,0.30670547169542373,-0.10071094634467144,-0.73131192462874839,-0.17286720369994932,0.082823982106653635,0,0,0,0,0,0,-0,-0,-0,-0,-0,-0
hold,0,468,4.6899999999997055,4,1,1,2,2,0,0,0,0,-0.36737226347168528,0,-3.3592001049547973,6.2674998556492518,-13.207039708383672,-3.3499066019141335,6.277682528074207,-12.418331782377466,-1.0396605733157729,0.55648402112217876,0.00065663504078159601,-0.71962470836651582,-0.025894734970392477,0.24060898837256725,0,0,0,0,0,0,-0,-0,-0,-0,-0,-0
hold,0,469,4.6999999999997044,4,1,1,2,2,0,0,0,0,-0.36735805657209891,0,-3.3696629297385186,6.2739866248644631,-13.207125431304013,-3.3569657892831422,6.277936642061114,-12.416019285000097,-1.0485771951854876,0.70134311648989345,-0.033096749390485375,-0.69064471227572533,0.033461242379580793,0.17177808376846065,0,0,0,0,0,0,-0,-0,-0,-0,-0,-0
hold,0,470,4.7099999999997033,4,1,1,2,2,0,0,0,0,-0.36733669579096145,0,-3.3798566437555349,6.2809990761959167,-13.208328950947108,-3.3636819938012863,6.2784071904298138,-12.415400165471302,-0.99494623386078063,0.69288726114088717,-0.1732115298067308,-0.65772826698280917,0.055323095003300918,-0.0069694672673862069,0,0,0,0,0,0,-0,-0,-0,-0,-0,-0
hold,0,471,4.7199999999997022,4,1,1,2,2,0,0,0,0,-0.36731064073276976,0,-3.3893220912144173,6.2876788128726933,-13.210519918981543,-3.3699831862424579,6.2790207862675178,-12.416332292051727,-0.9086442490690827,0.63976408796509232,-0.25224347928945695,-0.61096115491386671,0.064629383983816777,-0.14925338205395214,0,0,0,0,0,0,-0,-0,-0,-0,-0,-0
hold,0,472,4.7299999999997011,4,1,1,2,2,0,0,0,0,-0.367289609944639,0,-3.3977216251535789,6.2933477143593723,-13.213806622180819,-3.3758034247952069,6.2797325222187421,-12.418603942024179,-0.79001361333704656,0.51358454954568422,-0.36926217362208669,-0.56239100600505521,0.084119769521709825,-0.24872401913508757,0,0,0,0,0,0,-0,-0,-0,-0,-0,-0
hold,0,473,4.7399999999997,4,1,1,2,2,0,0,0,0,-0.36728048216275705,0,-3.4046478813692764,6.2972448598331532,-13.218146838614111,-3.3811244355837076,6.2811765899206566,-12.419949998169686,-0.6226327729071951,0.30124982348630319,-0.46526207186469704,-0.50907165969682355,0.17969690107372244,-0.061498298122321181,0,0,0,0,0,0,-0,-0,-0,-0,-0,-0
hold,0,474,4.7499999999996989,4,1,1,2,2,0,0,0,0,-0.36727568489030782,0,-3.4097983893144441,6.2991540490482762,-13.222344431573253,-3.3857781781280147,6.2832868876074777,-12.419724699284037,-0.44451945101122142,0.13165193628325461,-0.35120837620257234,-0.43100329297037082,0.21291451811729203,0.041485012350182253,0,0,0,0,0,0,-0,-0,-0,-0,-0,-0
hold,0,475,4.7599999999996978,4,1,1,2,2,0,0,0,0,-0.36726991352564919,0,-3.4132384087223957,6.2998112467688259,-13.224344666597526,-3.3895032600166672,6.285326087686963,-12.418864177971559,-0.28464810735165358,0.033062031582308693,-0.1171522549000891,-0.32578902544444283,0.16217864519678873,0.039976908326605935,0,0,0,0,0,0,-0,-0,-0,-0,-0,-0
hold,0,476,4.7699999999996967,4,1,1,2,2,0,0,0,0,-0.36725847369460485,0,-3.4150720125077378,6.2993221732694025,-13.224682074808713,-3.3919888280255619,6.286182749142311,-12.419179419139518,-0.11902112678762738,-0.096520888157583959,0.026093196362967155,-0.19588012090449056,0.032343347193379633,-0.07665657758315407,0,0,0,0,0,0,-0,-0,-0,-0,-0,-0
hold,0,477,4.7799999999996956,4,1,1,2,2,0,0,0,0,-0.36724930856121413,0,-3.4153428081288446,6.297734832084851,-13.223519875375539,-3.3931512506070614,6.2857052555985646,-12.420562758174711,0.041080493340437785,-0.2176754824167389,0.1585316844300943,-0.064339023875672377,-0.096445784155549164,-0.1747680581647317,0,0,0,0,0,0,-0,-0,-0,-0,-0,-0
hold,0,478,4.7899999999996945,4,1,1,2,2,0,0,0,0,-0.36725155074301874,0,-3.4139791890667657,6.2949225014208334,-13.220821413116287,-3.3931740982009164,6.2848160402042783,-12.420995426967369,0.20037435511592064,-0.32638633725420241,0.33529894834856144,0.038172626386895198,-0.082376894430947561,0.03967340771314791,0,0,0,0,0,0,-0,-0,-0,-0,-0,-0
hold,0,479,4.7999999999996934,4,1,1,2,2,0,0,0,0,-0.36725784873504086,0,-3.4110734013785202,6.2910064875169578,-13.216869643661804,-3.392186076961365,6.2839867414460606,-12.419816312870452,0.34276840554228033,-0.41879099733734959,0.44000072884469099,0.13850940648337046,-0.085287804349671245,0.16069647886430871,0,0,0,0,0,0,-0,-0,-0,-0,-0,-0
hold,0,480,4.8099999999996923,4,1,1,2,2,0,0,0,0,-0.36726595931276934,0,-3.406890356064761,6.2863601949041641,-13.212174374160552,-3.390229296874371,6.2830583639678892,-12.417866532242227,0.46139822979188949,-0.49545132541436238,0.43830437233103009,0.23644840058029809,-0.12461775822378998,0.14349573042234312,0,0,0,0,0,0,-0,-0,-0,-0,-0,-0
hold,0,481,4.8199999999996912,4,1,1,2,2,0,0,0,0,-0.36727203168668415,0,-3.4016975682948498,6.2809300851926135,-13.208727122987822,-3.3873097974300825,6.2813929366047834,-12.417325600625777,0.55424880637664975,-0.56423194853766756,0.29560423785518147,0.32668637247506299,-0.18875946429559526,-0.00077396136548025032,0,0,0,0,0,0,-0,-0,-0,-0,-0,-0
hold,0,482,4.8299999999996901,4,1,1,2,2,0,0,0,0,-0.3672798455371219,0,-3.3957203714130997,6.2750441008088131,-13.20680074261691,-3.3836356278093103,6.2794017727161329,-12.418038207858084,0.62185071174211104,-0.59800714084568074,0.11574565588107438,0.38931290383622658,-0.18245460721193274,-0.067027833692888006,0,0,0,0,0,0,-0,-0,-0,-0,-0,-0
hold,0,483,4.839999999999689,4,1,1,2,2,0,0,0,0,-0.36729458055264053,0,-3.3893667891319912,6.2694812273343032,-13.206410918069086,-3.3794971702133152,6.2782271545347772,-12.417833513234728,0.64031552572170058,-0.51286292495277752,0.018911299266544959,0.4271510330989764,-0.069640169226744014,0.074179981695921951,0,0,0,0,0,0,-0,-0,-0,-0,-0,-0
hold,0,484,4.8499999999996879,4,1,1,2,2,0,0,0,0,-0.36731163806539185,0,-3.3831876327161385,6.2658628717728657,-13.205578837314709,-3.3750143818616012,6.2782172182250005,-12.416299382603757,0.60152895677757434,-0.2644747029076121,0.10044707262604734,0.46458656424887351,0.026803534530342073,0.15510573319920051,0,0,0,0,0,0,-0,-0,-0,-0,-0,-0
hold,0,485,4.8599999999996868,4,1,1,2,2,0,0,0,0,-0.36732215898170245,0,-3.3772669804799298,6.2644221729319209,-13.20403052319962,-3.3701364414300086,6.2785950668533932,-12.41581299823355,0.5832539842115908,-0.061819812576156527,0.18094454736862037,0.50395905656137152,0.044305869850330658,-0.017029657278339879,0,0,0,0,0,0,-0,-0,-0,-0,-0,-0
hold,0,486,4.8699999999996857,4,1,1,2,2,0,0,0,0,-0.36733086041119278,0,-3.3716371281441568,6.2649503687967112,-13.202654985253742,-3.36482231953975,6.2790973334042448,-12.416815576204117,0.55285645918306703,0.11315964374119256,0.077632902871794196,0.5496875849300572,0.053812060748925514,-0.15444808593205567,0,0,0,0,0,0,-0,-0,-0,-0,-0,-0
hold,0,487,4.8799999999996846,4,1,1,2,2,0,0,0,0,-0.3673505882546142,0,-3.3662885420692139,6.2669154220128807,-13.203144522244381,-3.3590979664092688,6.2801343866303316,-12.417779703116095,0.51686546604687322,0.26394333777894763,-0.13243236144538334,0.58754286886141738,0.15011802461861931,-0.0098872011266184223,0,0,0,0,0,0,-0,-0,-0,-0,-0,-0
hold,0,488,4.8899999999996835,4,1,1,2,2,0,0,0,0,-0.36737645005859071,0,-3.3612574282645764,6.270409000948499,-13.205302333055885,-3.3529166957795633,6.281966331298884,-12.417402000378395,0.49956713763707289,0.39616507479870933,-0.26574405730741929,0.64301803703121541,0.18290745221565913,0.021183496406102321,0,0,0,0,0,0,-0,-0,-0,-0,-0,-0
hold,0,489,4.8999999999996824,4,1,1,2,2,0,0,0,0,-0.36739922047272344,0,-3.3560967490884965,6.2747193466491815,-13.208309535847356,-3.3460304694496426,6.2834156217444992,-12.418094141041911,0.52438574538120997,0.47700282920373144,-0.25759168978615826,0.72112167845137498,0.11614010945536239,-0.12425808787971826,0,0,0,0,0,0,-0,-0,-0,-0,-0,-0
hold,0,490,4.9099999999996813,4,1,1,2,2,0,0,0,0,-0.36742045805838974,0,-3.3506999195931031,6.2800896187600426,-13.210399447261963,-3.338328011113509,6.2843380194833323,-12.419394875324187,0.55117718800975668,0.57317637353314699,-0.18146071276191017,0.79979739012041817,0.10075890072007751,-0.066533510173365396,0,0,0,0,0,0,-0,-0,-0,-0,-0,-0
hold,0,491,4.9199999999996802,4,1,1,2,2,0,0,0,0,-0.36745026345759857,0,-3.3448582736813175,6.2860160571977364,-13.211857827177518,-3.3298893439326869,6.2855890589216017,-12.418680869543151,0.61573849924090984,0.57305681318238588,-0.17159006537781302,0.87438059022930337,0.1389793578798571,0.16177259121810306,0,0,0,0,0,0,-0,-0,-0,-0,-0,-0
hold,0,492,4.9299999999996791,4,1,1,2,2,0,0,0,0,-0.36747555683882571,0,-3.3381268060607079,6.2911171061511553,-13.214328096020425,-3.3204854263458867,6.2861654080113567,-12.417893551827948,0.71550664226740079,0.464367220269364,-0.27869792039828251,0.98424894679878872,0.0051940095859906686,0.031150825111186754,0,0,0,0,0,0,-0,-0,-0,-0,-0,-0
hold,0,493,4.939999999999678,4,1,1,2,2,0,0,0,0,-0.36749336137793998,0,-3.3303154099772296,6.2953234564496281,-13.216415851119338,-3.3100064783073617,6.2854705214860811,-12.418196687837314,0.82252009319602482,0.40362910278945036,-0.13075994917690564,1.0893502022653947,-0.11889282939881905,-0.071607006418561908,0,0,0,0,0,0,-0,-0,-0,-0,-0,-0
hold,0,494,4.9499999999996769,4,1,1,2,2,0,0,0,0,-0.36751383082426592,0,-3.3212805054933145,6.2985515770900502,-13.217192784512392,-3.2985964179658982,6.2839256960846726,-12.418838552899729,0.96637630656803375,0.23097695868651291,-0.11404541125740245,1.1684059028521196,-0.1460387676398569,0.010987542597459377,0,0,0,0,0,0,-0,-0,-0,-0,-0,-0
hold,0,495,4.9599999999996758,4,1,1,2,2,0,0,0,0,-0.36753831621950844,0,-3.3107129440828573,6.2997515883763278,-13.218049479946849,-3.2865360351201112,6.2825228664616901,-12.41810614120242,1.1142105036104091,0.0673894304913428,-0.0027458352945382222,1.2272804289648971,-0.12410746179920626,0.13710093869172343,0,0,0,0,0,0,-0,-0,-0,-0,-0,-0
hold,0,496,4.9699999999996747,4,1,1,2,2,0,0,0,0,-0.36756558085407059,0,-3.2985255659474664,6.2991914857158253,-13.217146224916743,-3.273975290601018,6.2815585749846683,-12.415886444197486,1.2772975929078267,-0.1293013466547866,0.11009179524121188,1.2747259073231396,-0.09249531430228726,0.22869007324541712,0,0,0,0,0,0,-0,-0,-0,-0,-0,-0
hold,0,497,4.9799999999996736,4,1,1,2,2,0,0,0,0,-0.3675881065289871,0,-3.2850751828328422,6.2969938802758882,-13.216303974512996,-3.2609742145935559,6.2803996392200876,-12.414552856171881,1.3850930708358768,-0.25276762741691772,0.13621657696434938,1.3146675838170192,-0.12736504833098222,0.072902277107540298,0,0,0,0,0,0,-0,-0,-0,-0,-0,-0
hold,0,498,4.9899999999996725,4,1,1,2,2,0,0,0,0,-0.36760712761766795,0,-3.2706416583906854,6.2938635836590748,-13.214621443584399,-3.2476789062542162,6.2790748784323966,-12.414665223076458,1.4833983328039464,-0.36415415462082651,0.16132546381118332,1.3375464174515075,-0.13230674892325722,-0.064706948498843703,0,0,0,0,0,0,-0,-0,-0,-0,-0,-0
hold,0,499,4.9999999999996714,4,1,1,2,2,0,0,0,0,-0.36762461296283183,0,-3.2552727588815769,6.2897016110761452,-13.212566647342673,-3.2342689873090711,6.2780919363063052,-12.415392549374323,1.5732941776781513,-0.46402467760621119,0.1947855637386787,1.3394701659764756,-0.05099803160966504,-0.011778170253630038,0,0,0,0,0,0,-0,-0,-0,-0,-0,-0
hold,0,500,5.0099999999996703,4,1,1,2,2,0,0,0,0,-0.36764764432477048,0,-3.2391058520843679,6.2847273444770906,-13.210095040593496,-3.2208952440891849,6.2783177243813686,-12.414451500278338,1.6376009299845693,-0.50021721479274628,0.29869465705410148,1.3351937457702443,0.068728730527603143,0.15233513109038813,0,0,0,0,0,0,-0,-0,-0,-0,-0,-0
hold,0,501,5.0199999999996692,4,1,1,2,2,0,0,0,0,-0.36766510918252832,0,-3.222499456070179,6.2794148973290369,-13.207783265188411,-3.2075504581389396,6.2792769900181096,-12.413243007224084,1.6716066382045016,-0.55098586724710108,0.16664714036170375,1.3325235417250276,0.10129359289062592,0.051971302170758842,0,0,0,0,0,0,-0,-0,-0,-0,-0,-0
hold,0,502,5.0299999999996681,4,1,1,2,2,0,0,0,0,-0.36767615715724594,0,-3.2058570882787558,6.2745347110019978,-13.205279328277634,-3.1942146610680018,6.2802969475965629,-12.413579845036427,1.6554654732840368,-0.44175876785801232,0.29549957556173673,1.3356106533236998,0.099897695831500058,-0.085864033153635055,0,0,0,0,0,0,-0,-0,-0,-0,-0,-0
hold,0,503,5.039999999999667,4,1,1,2,2,0,0,0,0,-0.36767998660077794,0,-3.1895392732181751,6.2706226573634343,-13.203042474269854,-3.1807919350007907,6.2811988558557346,-12.415072145039222,1.6134297913684101,-0.3558166187738277,0.16901721186095664,1.3466729779676219,0.082479439134667834,-0.19089950244853815,0,0,0,0,0,0,-0,-0,-0,-0,-0,-0
hold,0,504,5.0499999999996659,4,1,1,2,2,0,0,0,0,-0.36768596230783096,0,-3.1739958217926119,6.2682038473478112,-13.202152936350139,-3.1673107272289585,6.2824697596287198,-12.415809485118382,1.5154770347597082,-0.1675439172844812,0.038822733574366414,1.3500347496384844,0.14847854031397384,-0.016888050898863159,0,0,0,0,0,0,-0,-0,-0,-0,-0,-0
hold,0,505,5.0599999999996648,4,1,1,2,2,0,0,0,0,-0.36769991567557581,0,-3.1594149759905128,6.2678596498412116,-13.201501591252757,-3.1537685233607049,6.284234301872214,-12.415036701663249,1.4303363674285743,0.010463513134408653,0.00098639385292428189,1.363176850082942,0.16087046505507607,0.062494515754551269,0,0,0,0,0,0,-0,-0,-0,-0,-0,-0
hold,0,506,5.0699999999996637,4,1,1,2,2,0,0,0,0,-0.36770815168400356,0,-3.1454583166350973,6.2686043073498574,-13.201880707402568,-3.1399221343466337,6.2852618110700362,-12.41515113914773,1.3649361512290621,0.14638155270949099,-0.0084503943018349216,1.3993478307429306,0.063636113887148377,-0.054543509387151919,0,0,0,0,0,0,-0,-0,-0,-0,-0,-0
hold,0,507,5.0799999999996626,4,1,1,2,2,0,0,0,0,-0.36771145015239814,0,-3.1321448932474829,6.2706233511436231,-13.202439135994775,-3.1257015020084387,6.2852907174791071,-12.416227587958993,1.3073239997215522,0.23221803836670774,-0.12016038711494047,1.4346913350017141,-0.026079767826868182,-0.11539320137141565,0,0,0,0,0,0,-0,-0,-0,-0,-0,-0
hold,0,508,5.0899999999996615,4,1,1,2,2,0,0,0,0,-0.36771645452422758,0,-3.119593165915588,6.2739763024346207,-13.203569679348361,-3.1112985907806952,6.2852362738219369,-12.416037620247927,1.2299576136509773,0.3634183039960302,-0.18481468256286832,1.4444026686214426,0.0037322611748144717,0.097024322006604713,0,0,0,0,0,0,-0,-0,-0,-0,-0,-0
hold,0,509,5.0999999999996604,4,1,1,2,2,0,0,0,0,-0.36771991796632986,0,-3.1076627735092792,6.2782204499901475,-13.205577478645873,-3.0967771690433414,6.2851940989656576,-12.414499351204253,1.1719080456329096,0.47148283976215372,-0.15544876286031589,1.4619879705170076,-0.040156719901160202,0.11848563614335321,0,0,0,0,0,0,-0,-0,-0,-0,-0,-0
hold,0,510,5.1099999999996593,4,1,1,2,2,0,0,0,0,-0.36771062885758565,0,-3.0961394872066457,6.2832909712004206,-13.206773340249645,-3.0820357882235312,6.2842402822873744,-12.413937948371458,1.1454567063901486,0.50422431672054691,-0.14504084480063487,1.4804911238863934,-0.12956531970287519,0.016011257056245103,0,0,0,0,0,0,-0,-0,-0,-0,-0,-0
hold,0,511,5.1199999999996582,4,1,1,2,2,0,0,0,0,-0.36769766369491658,0,-3.0846633692985281,6.2879414602643848,-13.208844469312801,-3.0672248973115899,6.2826922222419217,-12.413976226161877,1.1530944016378168,0.43017266498103846,-0.24685171273958717,1.4765310079722129,-0.15005348826892484,0.028703431813740434,0,0,0,0,0,0,-0,-0,-0,-0,-0,-0
hold,0,512,5.1299999999996571,4,1,1,2,2,0,0,0,0,-0.36768810031355442,0,-3.0729436602472262,6.2918518590307109,-13.210572008340836,-3.0526125634526826,6.2816263220700321,-12.412473412281889,1.1867913810816224,0.36260557830956253,-0.11191770986730296,1.4504706004381895,-0.084034779839070234,0.20632284037523485,0,0,0,0,0,0,-0,-0,-0,-0,-0,-0
hold,0,513,5.139999999999656,4,1,1,2,2,0,0,0,0,-0.36767236704700357,0,-3.0609099280371921,6.2949450162661389,-13.21139183222453,-3.0382701216042491,6.2806230552083075,-12.411205105615828,1.2211852683784503,0.2462579440520298,-0.11074773680338215,1.422073353957876,-0.1084067454875456,0.078203826632115156,0,0,0,0,0,0,-0,-0,-0,-0,-0,-0
hold,0,514,5.1499999999996549,4,1,1,2,2,0,0,0,0,-0.36764880613829137,0,-3.0483554536835582,6.2965945779977766,-13.211783142760062,-3.0242635253560533,6.2794899732972667,-12.411034631673582,1.2797335459346162,0.10426107195213449,-0.0015132866339451455,1.384610994423779,-0.11380731568303383,-0.022793093225285731,0,0,0,0,0,0,-0,-0,-0,-0,-0,-0
hold,0,515,5.1599999999996538,4,1,1,2,2,0,0,0,0,-0.36762878333745325,0,-3.0351296128728285,6.2965207277703552,-13.211453702091429,-3.0107460874684988,6.2787956338073645,-12.410767230772318,1.3541911004059699,-0.083864612247119275,0.07402449090084591,1.3284651787686377,-0.031390596565480253,0.081738891918292644,0,0,0,0,0,0,-0,-0,-0,-0,-0,-0
hold,0,516,5.1699999999996527,4,1,1,2,2,0,0,0,0,-0.36761267785401835,0,-3.0213363088022169,6.2948520470713589,-13.210377394779181,-2.9978713443295479,6.2789518433181541,-12.409765454423658,1.386228766121876,-0.19053231387574712,0.18225464066529501,1.2609104823751638,0.026770308997122572,0.051004079071982164,0,0,0,0,0,0,-0,-0,-0,-0,-0,-0
hold,0,517,5.1799999999996515,4,1,1,2,2,0,0,0,0,-0.36759327455018159,0,-3.0073353925526627,6.2920902438940995,-13.208952203250474,-2.9856561153229428,6.2793372927709186,-12.410000047214387,1.4028873385868463,-0.3107535797814121,0.15781047155330763,1.1945109633763726,0.046734977911863269,-0.072458107793850909,0,0,0,0,0,0,-0,-0,-0,-0,-0,-0
hold,0,518,5.1899999999996504,4,1,1,2,2,0,0,0,0,-0.36758283339468401,0,-2.9933185446323352,6.2886111303274053,-13.206966288954645,-2.9741606582056486,6.2803770007317254,-12.410055174243409,1.4029820285523715,-0.40017645076888658,0.14283677853168109,1.1187664314339258,0.14942842771139103,0.062821407847601388,0,0,0,0,0,0,-0,-0,-0,-0,-0,-0
hold,0,519,5.1999999999996493,4,1,1,2,2,0,0,0,0,-0.36756666471471294,0,-2.9794871537286074,6.2846278121290258,-13.20478833234583,-2.9633189913982672,6.2817978991282679,-12.410172306895303,1.3649491436679091,-0.38350261446394679,0.28263238936447199,1.0622622334202292,0.13465643055191737,-0.057480276452697543,0,0,0,0,0,0,-0,-0,-0,-0,-0,-0
hold,0,520,5.2099999999996482,4,1,1,2,2,0,0,0,0,-0.36754011000577613,0,-2.9661125733377069,6.2806076142622391,-13.202474378175257,-2.9529900617649885,6.2830475234208123,-12.411035173038831,1.3146946027430066,-0.40629414358797961,0.19619338997758554,1.011742010710236,0.1351205998092577,-0.053874391248229729,0,0,0,0,0,0,-0,-0,-0,-0,-0,-0
hold,0,521,5.2199999999996471,4,1,1,2,2,0,0,0,0,-0.36752008853798918,0,-2.9534223402624851,6.2767710800692385,-13.200695421046122,-2.9431808183589698,6.2845824836848916,-12.410821441412992,1.2315509582631536,-0.33488727152379683,0.24464456332185464,0.96480916527786342,0.14173214250808971,0.019977349649051943,0,0,0,0,0,0,-0,-0,-0,-0,-0,-0
hold,0,522,5.229999999999646,4,1,1,2,2,0,0,0,0,-0.36749682687926633,0,-2.9416702179766796,6.2736277380227357,-13.199136812936738,-2.9337098758452829,6.285510302924175,-12.411172727351257,1.1277029806075711,-0.26695057424729013,0.15194646718171362,0.9350268975400825,0.061373832977088261,-0.065778493022691037,0,0,0,0,0,0,-0,-0,-0,-0,-0,-0
hold,0,523,5.2399999999996449,4,1,1,2,2,0,0,0,0,-0.36747413280899938,0,-2.9311680079874773,6.2717338267451943,-13.197882893173585,-2.9246048520483465,6.2861382709141811,-12.410937628650052,1.0043806807116344,-0.16854389676699158,0.04155180445533109,0.89879986576732274,0.036894536129005694,0.022078810854043764,0,0,0,0,0,0,-0,-0,-0,-0,-0,-0
hold,0,524,5.2499999999996438,4,1,1,2,2,0,0,0,0,-0.36744729819140548,0,-2.9220376352460358,6.271213102017251,-13.197126167697617,-2.9158073632779473,6.2860892488854621,-12.410850444752931,0.8561091050029046,0.0081163451742864053,0.06080578329159865,0.86395277849438457,-0.011121349092172763,0.057255872691960724,0,0,0,0,0,0,-0,-0,-0,-0,-0,-0
hold,0,525,5.2599999999996427,4,1,1,2,2,0,0,0,0,-0.36742686597344265,0,-2.9143764637724745,6.2720828939313851,-13.197410315728913,-2.9074348184798069,6.2859076051456988,-12.409634049973931,0.70551372307797922,0.15422830066684451,-0.0308803774165037,0.82313589538489207,-0.049168425688667347,0.099563030461557969,0,0,0,0,0,0,-0,-0,-0,-0,-0,-0
hold,0,526,5.2699999999996416,4,1,1,2,2,0,0,0,0,-0.36740162341612875,0,-2.908109936435225,6.2744109941424711,-13.197655509459281,-2.8994153280910413,6.2848923534736283,-12.409113426792757,0.57806930684686342,0.26050792046408427,-0.081212608209772719,0.78598985027475143,-0.13290470496795903,0.022166839508716271,0,0,0,0,0,0,-0,-0,-0,-0,-0,-0
hold,0,527,5.2799999999996405,4,1,1,2,2,0,0,0,0,-0.36738402394684527,0,-2.9029873775930319,6.2773188822013619,-13.199155407815669,-2.8918896473530555,6.2834761246378399,-12.408594630284005,0.46451534666974437,0.3403085944959291,-0.11226219196387809,0.72520553474589267,-0.12490584211603976,0.11794360822011152,0,0,0,0,0,0,-0,-0,-0,-0,-0,-0
hold,0,528,5.2899999999996394,4,1,1,2,2,0,0,0,0,-0.3673706830025808,0,-2.8990256361894366,6.2813568881354307,-13.199868296332104,-2.88507746606171,6.2824286515280949,-12.406799173824671,0.35853598621340965,0.41221586676526467,-0.10545127123369927,0.65388974408295109,-0.11505995510204557,0.15231678457249181,0,0,0,0,0,0,-0,-0,-0,-0,-0,-0
hold,0,529,5.2999999999996383,4,1,1,2,2,0,0,0,0,-0.36734899008940108,0,-2.8958705321805027,6.2852620455792145,-13.201654421927666,-2.8789871948087677,6.2811456692938883,-12.40583617431804,0.28957722627973437,0.37082780066268034,-0.22491149056918802,0.57734627929403048,-0.13356288982842987,0.060148414108014227,0,0,0,0,0,0,-0,-0,-0,-0,-0,-0
hold,0,530,5.3099999999996372,4,1,1,2,2,0,0,0,0,-0.36732882803017014,0,-2.8933827205984399,6.2891908628782929,-13.202779659867005,-2.8737473230926245,6.2798376533723044,-12.405778248792735,0.22725945541967757,0.38189490066593246,-0.092596823153966876,0.48661417110491501,-0.12548242727648115,-0.030021261453792188,0,0,0,0,0,0,-0,-0,-0,-0,-0,-0
hold,0,531,5.3199999999996361,4,1,1,2,2,0,0,0,0,-0.36731918282361725,0,-2.8912523428363812,6.2922682403288643,-13.204234346667151,-2.8695422469059846,6.2793180687668837,-12.404993864866963,0.20119479065073675,0.28894838528405559,-0.080819176739403226,0.37585046430128144,-0.0022414142034929974,0.1484573242389976,0,0,0,0,0,0,-0,-0,-0,-0,-0,-0
hold,0,532,5.329999999999635,4,1,1,2,2,0,0,0,0,-0.3673098638639356,0,-2.8893041662036092,6.2945942684455769,-13.204258595874165,-2.8663834104530919,6.2795808315358705,-12.40360265841985,0.18927237188160889,0.17679100540362674,-0.0242236664916873,0.27503325535801831,0.035255691463913497,0.094123282510799072,0,0,0,0,0,0,-0,-0,-0,-0,-0,-0
hold,0,533,5.3399999999996339,4,1,1,2,2,0,0,0,0,-0.36729447701157475,0,-2.8873730194587326,6.2953144670927941,-13.204689320308828,-2.8642033217018104,6.2800199282353457,-12.40320360011903,0.19324074773759903,0.0104987593219051,-0.042192533754425825,0.1797564609568226,0.050108743404119173,0.0044225815184414548,0,0,0,0,0,0,-0,-0,-0,-0,-0,-0
hold,0,534,5.3499999999996328,4,1,1,2,2,0,0,0,0,-0.36728206453601359,0,-2.8855626358413913,6.2950792038934082,-13.203851010491142,-2.8629752575132708,6.2806064256613414,-12.403669052216138,0.17313153572783485,-0.059947646405084022,0.11687321805494473,0.084935615035013109,0.063971716633211564,-0.080242975027410263,0,0,0,0,0,0,-0,-0,-0,-0,-0,-0
hold,0,535,5.3599999999996317,4,1,1,2,2,0,0,0,0,-0.36727516717974051,0,-2.8838498753047412,6.2934651514188822,-13.203177801438857,-2.8626636198277549,6.2813131588681514,-12.404804624790199,0.17209705476879014,-0.22233434426038703,0.072672948407741578,-0.004427687027059618,0.085678184734382379,-0.097500870657513894,0,0,0,0,0,0,-0,-0,-0,-0,-0,-0
hold,0,536,5.3699999999996306,4,1,1,2,2,0,0,0,0,-0.36728274374127723,0,-2.882247008973744,6.290986676418072,-13.200951868353258,-2.8632695004399715,6.2827868248084613,-12.404375517945974,0.1561046171281171,-0.29741905964632931,0.22831039157831895,-0.096117659502235178,0.18069814590944422,0.12254366303466065,0,0,0,0,0,0,-0,-0,-0,-0,-0,-0
hold,0,537,5.3799999999996295,4,1,1,2,2,0,0,0,0,-0.36728900651399665,0,-2.8809173059568609,6.2872837724261537,-13.199607821521958,-2.8646384459087226,6.2843298913769612,-12.403714864624414,0.11494930155119905,-0.413700169007438,0.072231430248648851,-0.16197792008326553,0.13339286466969058,0.032648540200910021,0,0,0,0,0,0,-0,-0,-0,-0,-0,-0
hold,0,538,5.3899999999996284,4,1,1,2,2,0,0,0,0,-0.36729270444515127,0,-2.8802525963230834,6.283575335243178,-13.197406153150814,-2.8665842872711749,6.2852736825928233,-12.403793519645001,0.031570899794729837,-0.33771318838646047,0.31335856939658874,-0.21496403403590239,0.066239792483541574,-0.032720410229743938,0,0,0,0,0,0,-0,-0,-0,-0,-0,-0
hold,0,539,5.3999999999996273,4,1,1,2,2,0,0,0,0,-0.36729465824063001,0,-2.8804058502030836,6.2799711061810637,-13.195217723378692,-2.8690305925277602,6.2855190849736058,-12.404418567354695,-0.051775051277821935,-0.35781599274160253,0.18468442304835486,-0.26519362891483056,-0.00065181689847540296,-0.079330384070300047,0,0,0,0,0,0,-0,-0,-0,-0,-0,-0
hold,0,540,5.4099999999996262,4,1,1,2,2,0,0,0,0,-0.36729741116114356,0,-2.8815737910552963,6.2766548207025536,-13.193898660947474,-2.8720333442196884,6.2854250910405991,-12.404775905410011,-0.16575917708486115,-0.29053375645916613,0.13923298133446507,-0.32730166104342195,0.010045602465429997,0.055326263150400498,0,0,0,0,0,0,-0,-0,-0,-0,-0,-0
hold,0,541,5.4199999999996251,4,1,1,2,2,0,0,0,0,-0.36730960490849435,0,-2.8840999702926728,6.2745969675824096,-13.192535479790472,-2.8756764042994409,6.2854995125870747,-12.403777807885678,-0.30713955319396996,-0.1700537350968426,0.084613579411500592,-0.38445679595283111,-0.020768894957256409,0.066204634123761749,0,0,0,0,0,0,-0,-0,-0,-0,-0,-0
hold,0,542,5.429999999999624,4,1,1,2,2,0,0,0,0,-0.3673190757581446,0,-2.8879870688601192,6.2735995269025082,-13.191811087632821,-2.8798173611341866,6.2848926830371727,-12.403449078022673,-0.44682578352401853,-0.048040477168882392,0.052445539846616457,-0.4352286195161944,-0.083676552827545006,0.013139673326384322,0,0,0,0,0,0,-0,-0,-0,-0,-0,-0
hold,0,543,5.4399999999996229,4,1,1,2,2,0,0,0,0,-0.36732620648784164,0,-2.8933711805100346,6.2740060138146507,-13.191575200918232,-2.8845572773209196,6.2840844507690754,-12.402829430295697,-0.60150216213837449,0.10946841270903332,0.023585600049666693,-0.50162510199947175,-0.070353710117290913,0.11037830408241164,0,0,0,0,0,0,-0,-0,-0,-0,-0,-0
hold,0,544,5.4499999999996218,4,1,1,2,2,0,0,0,0,-0.36733867450526508,0,-2.9001017493391501,6.2754970235190992,-13.192014827228968,-2.8899336318544453,6.2831364325801751,-12.402130353507879,-0.72335340368394296,0.20341318902001188,-0.0041493121818033663,-0.56261645398885252,-0.10877847157743731,0.043518433895938805,0,0,0,0,0,0,-0,-0,-0,-0,-0,-0
hold,0,545,5.4599999999996207,4,1,1,2,2,0,0,0,0,-0.36735816724929443,0,-2.9080618090207868,6.2779543487805842,-13.192846628972475,-2.8960015589609185,6.2822271062883352,-12.401232918771615,-0.84665046554293366,0.28969872727761431,-0.09260594179834393,-0.63576442366279817,-0.085544875101823431,0.09825918652535473,0,0,0,0,0,0,-0,-0,-0,-0,-0,-0
hold,0,546,5.4699999999996196,4,1,1,2,2,0,0,0,0,-0.3673741135662173,0,-2.9171206715821292,6.2811613762625118,-13.194024592086732,-2.9027941094369627,6.2813246647202838,-12.400650616839965,-0.94076713431286818,0.3277445145921048,-0.15370468092001577,-0.70919881819974639,-0.090842992415107543,0.031599005821355546,0,0,0,0,0,0,-0,-0,-0,-0,-0,-0
hold,0,547,5.4799999999996185,4,1,1,2,2,0,0,0,0,-0.36739624936395843,0,-2.9269768529789717,6.2846090823626639,-13.195394952867471,-2.910372171013881,6.2806692907547799,-12.400140670093291,-1.0125365467015515,0.35420272301609351,-0.11533381486105077,-0.78971649551259182,-0.043479090371287485,0.081915347081533654,0,0,0,0,0,0,-0,-0,-0,-0,-0,-0
hold,0,548,5.4899999999996174,4,1,1,2,2,0,0,0,0,-0.36741705310056999,0,-2.9374193320900499,6.2881198548940329,-13.196250217098509,-2.9187451389144412,6.280324870192981,-12.399765795353924,-1.0587687957041185,0.31810215408920234,-0.13420863962109808,-0.86974288657382814,-0.026473771996739084,0.007690826577150393,0,0,0,0,0,0,-0,-0,-0,-0,-0,-0
hold,0,549,5.4999999999996163,4,1,1,2,2,0,0,0,0,-0.36743850551599794,0,-2.9480462051948493,6.290676143714391,-13.197624417554351,-2.9278973172933607,6.2804034366033843,-12.399248166078024,-1.0647647768792821,0.22642489531256008,-0.091169618333340946,-0.94400711805742032,0.022391508327544316,0.05812522363636826,0,0,0,0,0,0,-0,-0,-0,-0,-0,-0
hold,0,550,5.5099999999996152,4,1,1,2,2,0,0,0,0,-0.36745850213262765,0,-2.9587888781462448,6.2926788332712746,-13.197717993384096,-2.9377775928520653,6.2807257653167579,-12.399104703967193,-1.072928751684004,0.14590409911102448,-0.040242186798436733,-1.0162251288237372,0.037873201216478941,-0.012798059001427674,0,0,0,0,0,0,-0,-0,-0,-0,-0,-0
hold,0,551,5.5199999999996141,4,1,1,2,2,0,0,0,0,-0.3674797267879133,0,-2.9694507407251578,6.2932423053395894,-13.198583845747354,-2.9483370197156282,6.2811707515095527,-12.399606440162158,-1.064276283077233,0.018305407432982514,-0.058020318135467951,-1.0814610514979697,0.048110771149197401,-0.074200542528970806,0,0,0,0,0,0,-0,-0,-0,-0,-0,-0
hold,0,552,5.529999999999613,4,1,1,2,2,0,0,0,0,-0.36750436199479475,0,-2.9798844834244713,6.2928562577075233,-13.197662650366391,-2.9595088736317066,6.2820774266067012,-12.399377277208862,-1.0347931063794742,-0.069470246210784792,0.17868652245462074,-1.1386646831098151,0.099963042694029933,0.03354384648098864,0,0,0,0,0,0,-0,-0,-0,-0,-0,-0
hold,0,553,5.5399999999996119,4,1,1,2,2,0,0,0,0,-0.36752239113447199,0,-2.9900707891359684,6.2912634060773662,-13.196027239681994,-2.9711540949118991,6.2829710275874433,-12.399383286791091,-1.0125292096723257,-0.21737562726811399,0.12352146917194137,-1.1810708366773495,0.081213330005906859,-0.023494748938430357,0,0,0,0,0,0,-0,-0,-0,-0,-0,-0
hold,0,554,5.5499999999996108,4,1,1,2,2,0,0,0,0,-0.36754205546652058,0,-3.0001553610228955,6.288353456296278,-13.195330619952424,-2.9831757093566282,6.2836206019031025,-12.399916696621508,-1.0072218291522026,-0.33340032325291669,0.044487638450021502,-1.2150077239912076,0.053105213121775845,-0.071471000942869706,0,0,0,0,0,0,-0,-0,-0,-0,-0,-0
hold,0,555,5.5599999999996097,4,1,1,2,2,0,0,0,0,-0.36756255532626592,0,-3.010340139572321,6.2849347965096882,-13.194311405104745,-2.9955175836773877,6.2841431058225901,-12.400379194091062,-1.0322709833637316,-0.31629617140459526,0.20497753673604813,-1.2484803475309316,0.067840884347449032,0.014714036136717502,0,0,0,0,0,0,-0,-0,-0,-0,-0,-0
hold,0,556,5.5699999999996086,4,1,1,2,2,0,0,0,0,-0.36758167933524671,0,-3.020872772224215,6.2819218041681868,-13.191788633849105,-3.008149921784002,6.2847684562783392,-12.400020574525902,-1.0687912074182866,-0.29861924713048021,0.24431428465529423,-1.2701728123881089,0.044588628021088046,0.01655246447723311,0,0,0,0,0,0,-0,-0,-0,-0,-0,-0
hold,0,557,5.5799999999996075,4,1,1,2,2,0,0,0,0,-0.36759539939860586,0,-3.0318412662171337,6.2789599764267017,-13.189959196958254,-3.0209263802248487,6.2849143230320212,-12.400115756564528,-1.1193074438338164,-0.28367560395850111,0.15201402581831264,-1.2823130990702694,-0.0047570793532724486,-0.025331290365157438,0,0,0,0,0,0,-0,-0,-0,-0,-0,-0
hold,0,558,5.5899999999996064,4,1,1,2,2,0,0,0,0,-0.36760725636899716,0,-3.0434509253718862,6.2765117832969981,-13.188868897876851,-3.0338203372164037,6.2846469365652862,-12.40046027082607,-1.1878851919751168,-0.22846082232852458,0.046040152422955026,-1.2960043717185206,-0.025825363616210639,-0.0004761690135225774,0,0,0,0,0,0,-0,-0,-0,-0,-0,-0
hold,0,559,5.5999999999996053,4,1,1,2,2,0,0,0,0,-0.36762761431171553,0,-3.0558392459761201,6.274765167651573,-13.189142144142645,-3.0468914039923982,6.2845131333326911,-12.399777781921625,-1.2674147377555709,-0.15376350514422985,-0.092261498528716096,-1.3102253989851556,-0.028291964442156668,0.057937987331124985,0,0,0,0,0,0,-0,-0,-0,-0,-0,-0
hold,0,560,5.6099999999996042,4,1,1,2,2,0,0,0,0,-0.36764500303664921,0,-3.0690269160281654,6.2741171358781997,-13.189623250451028,-3.0600237972982969,6.2839546502262174,-12.399505091895016,-1.3593609798586139,0.017030744275977144,0.010474303028883782,-1.3157283016098793,-0.071517976783497375,0.0091433793889896271,0,0,0,0,0,0,-0,-0,-0,-0,-0,-0
hold,0,561,5.6199999999996031,4,1,1,2,2,0,0,0,0,-0.36765481565813307,0,-3.0831737200175464,6.2753322326500207,-13.189059234411573,-3.0732272499600253,6.2830566822821901,-12.399677338152554,-1.4447078732145835,0.16477682838108404,0.035727678905746775,-1.3237972849969428,-0.10045579766958883,-0.035589241303151671,0,0,0,0,0,0,-0,-0,-0,-0,-0,-0
hold,0,562,5.629999999999602,4,1,1,2,2,0,0,0,0,-0.36766795616407488,0,-3.0980139606984074,6.2773849317802703,-13.189620611808474,-3.0865812382264046,6.2823314224284292,-12.399309809556247,-1.5103192594943933,0.23384123511447968,-0.11726253264319185,-1.3449218206841844,-0.037561175523050758,0.1253256732490817,0,0,0,0,0,0,-0,-0,-0,-0,-0,-0
hold,0,563,5.6399999999996009,4,1,1,2,2,0,0,0,0,-0.36767600103848291,0,-3.1134023022262056,6.2800924256019712,-13.191177480371962,-3.1000865221570475,6.2818744878682633,-12.398457331165396,-1.5541807345219341,0.28984875221603595,-0.1792679905699042,-1.3540217079447865,-0.050137852956028545,0.060302735413347901,0,0,0,0,0,0,-0,-0,-0,-0,-0,-0
hold,0,564,5.6499999999995998,4,1,1,2,2,0,0,0,0,-0.36767505596616146,0,-3.1290717577635601,6.2831384196160496,-13.193226619349497,-3.1136729927883504,6.2813384624589315,-12.398192789830569,-1.5707904808067525,0.3041158712039661,-0.22976203882622201,-1.3619185210641496,-0.054501284629199148,0.0038623786304427081,0,0,0,0,0,0,-0,-0,-0,-0,-0,-0
hold,0,565,5.6599999999995987,4,1,1,2,2,0,0,0,0,-0.36767120839291106,0,-3.1447673125970885,6.2862835503925698,-13.195107581205486,-3.1273320279802057,6.2808068262123804,-12.398472096117741,-1.5674707822823901,0.33062054889452658,-0.12135635917518524,-1.3689917808888787,-0.050606647738611614,-0.049907856517211142,0,0,0,0,0,0,-0,-0,-0,-0,-0,-0
hold,0,566,5.6699999999995976,4,1,1,2,2,0,0,0,0,-0.36766865171155694,0,-3.1602417674923826,6.2892214753379871,-13.196485613652744,-3.1410686932469618,6.2803738367002762,-12.399307211279627,-1.5302163686547368,0.25140095773848825,-0.18821905171705439,-1.3776618555860713,-0.036310511214336247,-0.10757349433523555,0,0,0,0,0,0,-0,-0,-0,-0,-0,-0
hold,0,567,5.6799999999995965,4,1,1,2,2,0,0,0,0,-0.36767774943725118,0,-3.1751745991448357,6.2913436842982833,-13.197575738988611,-3.1549270053254732,6.2806734224075011,-12.399058608811995,-1.4699610709971322,0.20451676882244008,-0.0021862486686082538,-1.3889136688943329,0.059820060617315353,0.071008915480615234,0,0,0,0,0,0,-0,-0,-0,-0,-0,-0
hold,0,568,5.6899999999995954,4,1,1,2,2,0,0,0,0,-0.3676818726632145,0,-3.1894551543584138,6.292480522947141,-13.198504338938649,-3.1688142152158623,6.2813135122763519,-12.398851492261446,-1.399098905187341,0.052369652883329787,-0.15073187691249695,-1.3872900047580217,0.065594931123724193,-0.010578982427134094,0,0,0,0,0,0,-0,-0,-0,-0,-0,-0
hold,0,569,5.6999999999995943,4,1,1,2,2,0,0,0,0,-0.36767482804990104,0,-3.2029722944987862,6.2926175076631754,-13.198788669448023,-3.1825899764744738,6.2819208615575626,-12.399320433477747,-1.3198452960774971,-0.012431400331013722,0.048242243093678173,-1.3700410291938281,0.056614298400342676,-0.070067001774519938,0,0,0,0,0,0,-0,-0,-0,-0,-0,-0
hold,0,570,5.7099999999995932,4,1,1,2,2,0,0,0,0,-0.36766352827636917,0,-3.2156661384913923,6.2916264227629437,-13.198814293936055,-3.1961575441826411,6.2824052098638781,-12.400368208548768,-1.2363952042928108,-0.14560230451863129,-0.0028602696745799183,-1.3464899716442893,0.04181953719202175,-0.12655352658729624,0,0,0,0,0,0,-0,-0,-0,-0,-0,-0
hold,0,571,5.7199999999995921,4,1,1,2,2,0,0,0,0,-0.36765239453612081,0,-3.2276159992838798,6.2898149406555728,-13.198283253832599,-3.2094495730021659,6.2827408825995814,-12.401852385515138,-1.1625443864795411,-0.22049670079670214,0.061200963103097611,-1.3180159715530986,0.040267614852147506,-0.12604407483751162,0,0,0,0,0,0,-0,-0,-0,-0,-0,-0
hold,0,572,5.729999999999591,4,1,1,2,2,0,0,0,0,-0.36764644985873984,0,-3.2387689503425303,6.287143541648172,-13.197328691807821,-3.222471375791411,6.2835292327841756,-12.401962161075513,-1.088773324418743,-0.28607785638250255,0.12448278048849971,-1.2886553655793538,0.089270009886119037,0.027003559107905445,0,0,0,0,0,0,-0,-0,-0,-0,-0,-0
hold,0,573,5.7399999999995899,4,1,1,2,2,0,0,0,0,-0.36763550415891944,0,-3.2493253803649917,6.2838761530827192,-13.196667857240792,-3.2350622608262976,6.2841317791359188,-12.402128567272188,-1.0387269360722722,-0.33131984924122188,0.07198479014190326,-1.2382262659640988,0.039277140670816349,-0.044171104310900364,0,0,0,0,0,0,-0,-0,-0,-0,-0,-0
hold,0,574,5.7499999999995888,4,1,1,2,2,0,0,0,0,-0.36762112685865234,0,-3.2595512724204205,6.2808580864642973,-13.195332994658662,-3.2471065681016227,6.2841987162129254,-12.402929629691334,-1.0100988717333248,-0.30118215075013621,0.10983235965642053,-1.1814545548641473,-0.01387080869781551,-0.10146480158418369,0,0,0,0,0,0,-0,-0,-0,-0,-0,-0
hold,0,575,5.7599999999995877,4,1,1,2,2,0,0,0,0,-0.36760280546963114,0,-3.2695022782405854,6.2778406625359082,-13.194959828445315,-3.258575861734847,6.2837774128797932,-12.404213642114819,-0.99193886866978198,-0.27144032965153364,0.047641391382586849,-1.1252473102969573,-0.050568577414274396,-0.12313057390687934,0,0,0,0,0,0,-0,-0,-0,-0,-0,-0
hold,0,576,5.7699999999995866,4,1,1,2,2,0,0,0,0,-0.36759104654624453,0,-3.2794817669463088,6.2758259814053172,-13.194322137918203,-3.2695884461021447,6.2836852851585547,-12.4040786809236,-0.99903455687609566,-0.17564214819498597,0.015170222522974527,-1.0824646812542218,0.0031486933610406481,0.062822240462208259,0,0,0,0,0,0,-0,-0,-0,-0,-0,-0
hold,0,577,5.7799999999995855,4,1,1,2,2,0,0,0,0,-0.36757105160886766,0,-3.2895309690231942,6.2747124718497158,-13.194345369291772,-3.2800464544213694,6.2834379870975479,-12.403905915746652,-1.00907420474729,-0.063127915145714461,0.0025409455379877943,-1.0213829078543433,-0.042960349148879605,-0.012116450005593147,0,0,0,0,0,0,-0,-0,-0,-0,-0,-0
hold,0,578,5.7899999999995844,4,1,1,2,2,0,0,0,0,-0.36754746292817098,0,-3.2996230282470362,6.2745047943731436,-13.194979751175635,-3.289902183912452,6.2827673615799871,-12.404450959182123,-1.0097342848581752,0.02054709264756038,-0.062121703480047114,-0.9623516813756664,-0.08169602257003572,-0.083476253026600888,0,0,0,0,0,0,-0,-0,-0,-0,-0,-0
hold,0,579,5.7999999999995833,4,1,1,2,2,0,0,0,0,-0.36752363788010622,0,-3.3097414663978233,6.275302208282918,-13.195925293766393,-3.2991920423820056,6.2818180312753853,-12.405616833106087,-1.0126970701334488,0.115787993349823,-0.12741578306056234,-0.90844451597233156,-0.093348265096649133,-0.11622667300226866,0,0,0,0,0,0,-0,-0,-0,-0,-0,-0
hold,0,580,5.8099999999995822,4,1,1,2,2,0,0,0,0,-0.36750530414706484,0,-3.3199159955790307,6.2771971813997176,-13.197299015028713,-3.3080363928872947,6.2813696739106746,-12.405649259493293,-1.0168959444653423,0.23381634514810956,-0.13301240573098697,-0.87041570060360807,-0.0039171616207670998,0.088200281272593939,0,0,0,0,0,0,-0,-0,-0,-0,-0,-0
hold,0,581,5.8199999999995811,4,1,1,2,2,0,0,0,0,-0.36749205307036165,0,-3.3298871823892826,6.2796871850678482,-13.199174937849477,-3.3164341308257193,6.2812416511680311,-12.405429587234941,-0.98080575832084249,0.25576023528436886,-0.21288071841286579,-0.81999993929225812,-0.017672683298557847,-0.021968902966480346,0,0,0,0,0,0,-0,-0,-0,-0,-0,-0
hold,0,582,5.82999999999958,4,1,1,2,2,0,0,0,0,-0.36747340400558404,0,-3.3394456061515783,6.2825652800375593,-13.200960284519903,-3.3243092296743142,6.280994463002072,-12.406194947385909,-0.93347630291924311,0.28396653176646125,-0.20896563025518158,-0.76617702715374902,-0.028503714679916279,-0.11279365069954488,0,0,0,0,0,0,-0,-0,-0,-0,-0,-0
hold,0,583,5.8399999999995789,4,1,1,2,2,0,0,0,0,-0.36745721164948586,0,-3.3483996834298253,6.2853894553158174,-13.203009587828477,-3.3316787847088256,6.2807394384505031,-12.407762697147447,-0.86553127254254136,0.26513169197279196,-0.23327686536110398,-0.71920537847280341,-0.0064336717200379652,-0.13767954266950747,0,0,0,0,0,0,-0,-0,-0,-0,-0,-0
hold,0,584,5.8499999999995778,4,1,1,2,2,0,0,0,0,-0.36745222776370728,0,-3.3565659038029452,6.2880195855872838,-13.204668730446054,-3.3386198087110488,6.2812884662447726,-12.407909083726656,-0.77768302016971014,0.22877151949712393,-0.20164759603346949,-0.67334303913095139,0.071779590261534965,0.0015953938288916086,0,0,0,0,0,0,-0,-0,-0,-0,-0,-0
hold,0,585,5.8599999999995767,4,1,1,2,2,0,0,0,0,-0.36743658838676629,0,-3.3636962562482124,6.2899198724189933,-13.20635809709818,-3.3449210812915937,6.2817415203900779,-12.408755649401739,-0.676771524276369,0.18989069434457817,-0.09897095323818994,-0.60373522561119486,0.035130785903907141,-0.12684219161475718,0,0,0,0,0,0,-0,-0,-0,-0,-0,-0
hold,0,586,5.8699999999995756,4,1,1,2,2,0,0,0,0,-0.36742151761304231,0,-3.3697954639333334,6.2911774088446712,-13.207808934870183,-3.3505670664310263,6.2820700299055297,-12.410221235152386,-0.56126975904753662,0.095324283143575272,-0.10319538473836562,-0.53982409996589586,0.053662919329030528,-0.091893730533762402,0,0,0,0,0,0,-0,-0,-0,-0,-0,-0
hold,0,587,5.8799999999995745,4,1,1,2,2,0,0,0,0,-0.36740957685034492,0,-3.3747402225016225,6.2918140723884672,-13.208186481419524,-3.3555595721847693,6.2827295332329918,-12.410829090626635,-0.44268288861968552,0.015333042729017157,-0.047217305575984629,-0.46724555662927419,0.052492588723250119,-0.089008401826711742,0,0,0,0,0,0,-0,-0,-0,-0,-0,-0
hold,0,588,5.8899999999995734,4,1,1,2,2,0,0,0,0,-0.36738909117070528,0,-3.3783802846104622,6.2911961235202885,-13.208899734214869,-3.3597228094401621,6.2829712672387057,-12.412223393009617,-0.31359715696321605,-0.1114646960220482,-0.094695487050152002,-0.38363760829706095,0.013716419046326386,-0.14954795119647235,0,0,0,0,0,0,-0,-0,-0,-0,-0,-0
hold,0,589,5.8999999999995723,4,1,1,2,2,0,0,0,0,-0.36737781478766174,0,-3.3807780032414501,6.289382563976428,-13.210134589756439,-3.3631211117447735,6.2833375962951195,-12.412819946934617,-0.19599589105675691,-0.19832334426457321,-0.076695013836035331,-0.30519685963000504,0.022068254074979525,-0.075887965273926605,0,0,0,0,0,0,-0,-0,-0,-0,-0,-0
hold,0,590,5.9099999999995712,4,1,1,2,2,0,0,0,0,-0.36736418153669015,0,-3.3821543231884159,6.2873432878222815,-13.210030831967607,-3.3656405116120309,6.2832744954483744,-12.413929785900443,-0.097342528211398563,-0.21136736638953985,0.062457992119342207,-0.21954444339124701,-0.0030278396014344466,-0.075899807243788503,0,0,0,0,0,0,-0,-0,-0,-0,-0,-0
hold,0,591,5.9199999999995701,4,1,1,2,2,0,0,0,0,-0.3673535574410246,0,-3.3825770818455729,6.2851978207287509,-13.208738621258055,-3.3673478593837438,6.2832716596504721,-12.414258886269334,-0.0099078378342575442,-0.2062848564176496,0.18302290375600883,-0.13579865919963671,-0.017524506286748107,-0.054390636266632805,0,0,0,0,0,0,-0,-0,-0,-0,-0,-0
hold,0,592,5.9299999999995689,4,1,1,2,2,0,0,0,0,-0.36734248213942017,0,-3.382140566790016,6.2828107423773663,-13.207441899220127,-3.3681657676423842,6.2827394261429799,-12.415387808386894,0.077331242592596952,-0.25635315229546451,0.095825263919663811,-0.047939456469045322,-0.066266320805396586,-0.12677387922901484,0,0,0,0,0,0,-0,-0,-0,-0,-0,-0
hold,0,593,5.9399999999995678,4,1,1,2,2,0,0,0,0,-0.36734175875210573,0,-3.380910891226613,6.2799821995093783,-13.207309501946096,-3.3682396855416794,6.2824660199088562,-12.415424586520929,0.15244413371601503,-0.30226082309432561,-0.053164938728910434,0.021306670330943626,-0.018372432922888267,0.027286086679592599,0,0,0,0,0,0,-0,-0,-0,-0,-0,-0
hold,0,594,5.9499999999995667,4,1,1,2,2,0,0,0,0,-0.36734313576754868,0,-3.3789998401054051,6.2768692969921904,-13.208466611932504,-3.367540760327842,6.2819347113101962,-12.416036317476037,0.21082538727426636,-0.28891048034258293,-0.096555979714524051,0.10169438110935149,-0.07407242147176861,-0.11547233090876255,0,0,0,0,0,0,-0,-0,-0,-0,-0,-0
hold,0,595,5.9599999999995656,4,1,1,2,2,0,0,0,0,-0.36734729503215591,0,-3.3767206712567925,6.2747564591969596,-13.208423750786597,-3.3661311784479548,6.2812751532375195,-12.417088188435157,0.23304785075556622,-0.15015210446358601,0.056148509901148322,0.16352627756355698,-0.033474477539363001,-0.026298652841810342,0,0,0,0,0,0,-0,-0,-0,-0,-0,-0
hold,0,596,5.9699999999995645,4,1,1,2,2,0,0,0,0,-0.36735527237737609,0,-3.3742765483364763,6.2740282467038888,-13.207341980763486,-3.364108465439466,6.2809469674173997,-12.41761695809598,0.25580371794373757,-0.040200516899658124,0.1018436686573323,0.23074580154973456,-0.055945718201858514,-0.13612768238110096,0,0,0,0,0,0,-0,-0,-0,-0,-0,-0
hold,0,597,5.9799999999995634,4,1,1,2,2,0,0,0,0,-0.36736076611321822,0,-3.3715331061946054,6.2738159422983895,-13.207373173726735,-3.3614977019131556,6.280831141713481,-12.418169946612196,0.28770697518917931,-0.0087746042892326865,-0.063781906793667492,0.28137313043056528,0.01324599269572853,-0.018832454897489404,0,0,0,0,0,0,-0,-0,-0,-0,-0,-0
hold,0,598,5.9899999999995623,4,1,1,2,2,0,0,0,0,-0.36736362887359125,0,-3.368378247362255,6.2737142815557299,-13.208993977824388,-3.3583271306264222,6.2808223331601116,-12.419240974260346,0.32788611266894768,0.0034565417814821434,-0.21822906042244131,0.33950716061621705,0.0062221094080485047,-0.11308401593692052,0,0,0,0,0,0,-0,-0,-0,-0,-0,-0
hold,0,599,5.9999999999995612,4,1,1,2,2,0,0,0,0,-0.36736827098097657,0,-3.3649072231450119,6.2741506357760208,-13.211183360482348,-3.3546459334235919,6.2812393102697683,-12.419896938919782,0.35759077266622757,0.089391364722798294,-0.16514547587588879,0.38749990163927855,0.063916335580089509,-0.036012485425648673,0,0,0,0,0,0,-0,-0,-0,-0,-0,-0
hold,0,600,6.0099999999995601,4,1,1,2,2,0,0,0,0,-0.36737325992418696,0,-3.3611559787383589,6.2756532175014108,-13.212201941322714,-3.3503833602471742,6.2816557257503778,-12.421106743619363,0.38404003291464828,0.19530984726394612,-0.062530778864722053,0.45007365262657834,0.046136417755277465,-0.11759149397442792,0,0,0,0,0,0,-0,-0,-0,-0,-0,-0
hold,0,601,6.019999999999559,4,1,1,2,2,0,0,0,0,-0.36738541039343858,0,-3.3571222462762087,6.2779999087785434,-13.212825664550241,-3.3455244364348915,6.2822748499763925,-12.421885975508534,0.42298389250700152,0.23437370550201761,-0.11033046667630544,0.51481130335258696,0.041197818908285083,-0.13075168374658033,0,0,0,0,0,0,-0,-0,-0,-0,-0,-0
hold,0,602,6.0299999999995579,4,1,1,2,2,0,0,0,0,-0.36739958251854837,0,-3.3525690769249157,6.2801848532358377,-13.214896615691091,-3.3400025253992163,6.282838882512193,-12.422613501600706,0.47664604113511766,0.20872662663980518,-0.26869449754634062,0.5751563394788175,0.08488259192941737,0.018472258845816714,0,0,0,0,0,0,-0,-0,-0,-0,-0,-0
hold,0,603,6.0399999999995568,4,1,1,2,2,0,0,0,0,-0.36741222010946228,0,-3.3474250487691757,6.2821623284163834,-13.217863482521524,-3.3337582025460253,6.2831401827269993,-12.423523777576976,0.53708877390983389,0.20825347424541307,-0.26740418551708867,0.65769121222446392,-0.0052729361016441191,-0.15519542753918211,0,0,0,0,0,0,-0,-0,-0,-0,-0,-0
hold,0,604,6.0499999999995557,4,1,1,2,2,0,0,0,0,-0.36742145976826623,0,-3.3416823840312135,6.284328832481501,-13.220141011810155,-3.3267680753148618,6.283130978439047,-12.424498924305947,0.60079678631050215,0.21868272678710643,-0.20059525125014621,0.72375098755828859,0.019926688742845072,-0.013266314815909161,0,0,0,0,0,0,-0,-0,-0,-0,-0,-0
hold,0,605,6.0599999999995546,4,1,1,2,2,0,0,0,0,-0.36743662321417431,0,-3.3352820242309362,6.2866288477145584,-13.221353347602383,-3.319118399746622,6.28327734221687,-12.424327924886505,0.66485034109618268,0.24087240434443555,-0.062005310384235998,0.79672272484961948,-0.020810069581981651,-0.044214794429287683,0,0,0,0,0,0,-0,-0,-0,-0,-0,-0
hold,0,606,6.0699999999995535,4,1,1,2,2,0,0,0,0,-0.36744759092237478,0,-3.3281996272546612,6.2889861795719639,-13.221391757777967,-3.3106888163284647,6.2825439177063984,-12.42568644192629,0.73622565511188309,0.234715107312987,0.041489277358867468,0.87031678017591596,-0.094732888710965357,-0.16732781122958326,0,0,0,0,0,0,-0,-0,-0,-0,-0,-0
hold,0,607,6.0799999999995524,4,1,1,2,2,0,0,0,0,-0.36746116370201615,0,-3.3202023576644444,6.2905224124507431,-13.221628673745451,-3.3016787645626025,6.2818650590612926,-12.426418550176416,0.84641222829280405,0.092795211793421456,-0.057415797131926953,0.9200750928314142,-0.04206223343399737,0.0075409242748147379,0,0,0,0,0,0,-0,-0,-0,-0,-0,-0
hold,0,608,6.0899999999995513,4,1,1,2,2,0,0,0,0,-0.36748500874572443,0,-3.3110877333046274,6.2905030102638193,-13.223059120034879,-3.2922340492962743,6.281852465047491,-12.425252641761848,0.94906473903910293,-0.057260976570091882,-0.20767285793716508,0.96200324562155126,0.0062702317170925843,0.1306078114835944,0,0,0,0,0,0,-0,-0,-0,-0,-0,-0
hold,0,609,6.0999999999995502,4,1,1,2,2,0,0,0,0,-0.36750638768787802,0,-3.3011464128452324,6.2895563024183936,-13.225136769055105,-3.282272997555034,6.281371733159645,-12.42546196725219,1.0243005371137104,-0.10759931535695308,-0.16239207227926847,1.0184617803900518,-0.08117487675014913,-0.11081156058840375,0,0,0,0,0,0,-0,-0,-0,-0,-0,-0
hold,0,610,6.1099999999995491,4,1,1,2,2,0,0,0,0,-0.36751770208338003,0,-3.2904691446599852,6.2882835373476951,-13.22617294060316,-3.2718343885833927,6.2803805729751794,-12.427227915261536,1.0982770912982946,-0.14719310930803245,-0.076600921137265687,1.056719408126185,-0.088903515312031431,-0.16716747690904687,0,0,0,0,0,0,-0,-0,-0,-0,-0,-0
hold,0,611,6.119999999999548,4,1,1,2,2,0,0,0,0,-0.36753080838755114,0,-3.2790589485024446,6.2865939001951201,-13.226357605208303,-3.2611546939494822,6.2800254007317857,-12.427871013780456,1.1645019521269564,-0.17154575257803314,0.03311980547111873,1.0732516500071012,7.2916519327913265e-05,-0.0076544546173385394,0,0,0,0,0,0,-0,-0,-0,-0,-0,-0
hold,0,612,6.1299999999995469,4,1,1,2,2,0,0,0,0,-0.3675498981884035,0,-3.2670733635590969,6.2847935976260683,-13.225457910650915,-3.2503363638439176,6.2805640099695452,-12.426985578881887,1.2158724800693799,-0.17119452599061633,0.14875384506870709,1.0858232567345232,0.088577824716791043,0.14224603149596907,0,0,0,0,0,0,-0,-0,-0,-0,-0,-0
hold,0,613,6.1399999999995458,4,1,1,2,2,0,0,0,0,-0.36756065389107506,0,-3.2546594937183877,6.2830138905725068,-13.223806661946591,-3.2392836385693311,6.2811072138454538,-12.426860912672241,1.2568391009259827,-0.18068783731765373,0.17593715659215062,1.1184770599525293,0.031024948545859209,-0.067830459907932114,0,0,0,0,0,0,-0,-0,-0,-0,-0,-0
hold,0,614,6.1499999999995447,4,1,1,2,2,0,0,0,0,-0.36756673797432937,0,-3.2419133586105402,6.2812656824367537,-13.22176463006228,-3.2279167847404349,6.2810701646911138,-12.428680424446593,1.2861051844477427,-0.17688249432790321,0.20310687205900718,1.1475249938698076,-0.026465208924136636,-0.26000322837767648,0,0,0,0,0,0,-0,-0,-0,-0,-0,-0
hold,0,615,6.1599999999995436,4,1,1,2,2,0,0,0,0,-0.36757782473676986,0,-3.228877203191201,6.2792033409110282,-13.22060766158198,-3.2163777835182135,6.2811217523827505,-12.430685273474758,1.314068667010752,-0.22564738177356997,0.054025240612484884,1.1572509758478684,0.026355583520311879,-0.16345690355615322,0,0,0,0,0,0,-0,-0,-0,-0,-0,-0
hold,0,616,6.1699999999995425,4,1,1,2,2,0,0,0,0,-0.36759529097832594,0,-3.215695907804796,6.2769086147703099,-13.220830277579946,-3.2047492497127017,6.2818347209193757,-12.43120412013883,1.3181078937413921,-0.22756260708859702,-0.073061733739606005,1.1667815413513836,0.099929368180648778,0.021694922068926661,0,0,0,0,0,0,-0,-0,-0,-0,-0,-0
hold,0,617,6.1799999999995414,4,1,1,2,2,0,0,0,0,-0.36761907350332051,0,-3.2026435091177357,6.275328551823991,-13.220673787813871,-3.1930181472296146,6.2832452586730128,-12.429793540404603,1.2944860633239128,-0.11071403597348234,0.06291320479221818,1.1788299898617582,0.16492449320770958,0.22125508563616364,0,0,0,0,0,0,-0,-0,-0,-0,-0,-0
hold,0,618,6.1899999999995403,4,1,1,2,2,0,0,0,0,-0.3676304852862447,0,-3.1897647837961252,6.2746062514659577,-13.219717400833378,-3.1809552625133439,6.2841357375659062,-12.42895380302471,1.2827134424404893,-0.052193278134892857,0.094497174115542426,1.2252756413252694,0.03812030911295157,0.002106650938849583,0,0,0,0,0,0,-0,-0,-0,-0,-0,-0
hold,0,619,6.1999999999995392,4,1,1,2,2,0,0,0,0,-0.36763265181537969,0,-3.1769683060192744,6.2740264444986007,-13.219631262034117,-3.1684258334971145,6.2837537980750788,-12.430053140687821,1.2754010490973318,-0.057264302499404354,-0.043256568528200846,1.2700165791318792,-0.086067667963675307,-0.17968149155042257,0,0,0,0,0,0,-0,-0,-0,-0,-0,-0
hold,0,620,6.2099999999995381,4,1,1,2,2,0,0,0,0,-0.36763879463089333,0,-3.1643986074089563,6.2737951963272707,-13.22039193706313,-3.1556136533241679,6.2828544096366805,-12.431350308805092,1.2433675727744657,0.015408061688410211,-0.044092846928340881,1.2853202841553277,-0.080905790124856949,-0.075927297809271085,0,0,0,0,0,0,-0,-0,-0,-0,-0,-0
hold,0,621,6.219999999999537,4,1,1,2,2,0,0,0,0,-0.36764996676150086,0,-3.1521955327451563,6.2746296959848422,-13.22008933663793,-3.1427521778550851,6.2822731431168908,-12.431266445285791,1.2058895145918489,0.1234707688049354,0.070157637648567306,1.286064830482625,-0.046555839109958558,0.049838413165031924,0,0,0,0,0,0,-0,-0,-0,-0,-0,-0
hold,0,622,6.2299999999995359,4,1,1,2,2,0,0,0,0,-0.36766186050300176,0,-3.1403385943192088,6.275955983039978,-13.220496112531011,-3.1299383173358386,6.2821733557741268,-12.429695755802129,1.1776698782304962,0.12614109355693057,-0.11342582930057186,1.2780595565472832,0.0058875291106813181,0.20024438204110151,0,0,0,0,0,0,-0,-0,-0,-0,-0,-0
hold,0,623,6.2399999999995348,4,1,1,2,2,0,0,0,0,-0.36766518285560634,0,-3.1286548209983902,6.2772334138478563,-13.221908910678287,-3.1171234482800427,6.2816931344185782,-12.429121745503496,1.1577895647838716,0.149995538071868,-0.11040401150355664,1.2825871155898507,-0.080471010510248353,-0.028913153227848855,0,0,0,0,0,0,-0,-0,-0,-0,-0,-0
hold,0,624,6.2499999999995337,4,1,1,2,2,0,0,0,0,-0.36766132832762505,0,-3.1172690731755601,6.2790868670923654,-13.222682030529603,-3.1043640297230906,6.2807897033329194,-12.429783313381778,1.1251553566884838,0.20768615100333257,-0.062856577258163696,1.2671024897760605,-0.071244251591267585,-0.026886579930468703,0,0,0,0,0,0,-0,-0,-0,-0,-0,-0
hold,0,625,6.2599999999995326,4,1,1,2,2,0,0,0,0,-0.36766296372835849,0,-3.1062082076492583,6.281533531716736,-13.222785106026345,-3.0918906220036906,6.2806050926563888,-12.428990825974115,1.0951476876961208,0.26768058349127261,0.038042704990283241,1.2326815565359039,0.010728572433729745,0.12140127844522079,0,0,0,0,0,0,-0,-0,-0,-0,-0,-0
hold,0,626,6.2699999999995315,4,1,1,2,2,0,0,0,0,-0.36766481565016984,0,-3.0953136233221641,6.2839463882270561,-13.223070180235919,-3.0797462168678429,6.2809054259249244,-12.427679145483166,1.0874375937604117,0.21591839789895559,-0.079979428771698918,1.2050169903143806,0.013493046514331107,0.055905734623610821,0,0,0,0,0,0,-0,-0,-0,-0,-0,-0
hold,0,627,6.2799999999995304,4,1,1,2,2,0,0,0,0,-0.36766366288992708,0,-3.0844566719459579,6.2856873692991542,-13.224574621774229,-3.0678177843955607,6.2806070532734726,-12.428661599706283,1.081714211416126,0.16593159166724095,-0.13913195472657625,1.1802704399956607,-0.03605258761472576,-0.1438059526036958,0,0,0,0,0,0,-0,-0,-0,-0,-0,-0
hold,0,628,6.2899999999995293,4,1,1,2,2,0,0,0,0,-0.36765906070327364,0,-3.073679142901427,6.2873397991515994,-13.225212392407096,-3.0562771074460446,6.2807208696306134,-12.429215799188498,1.0797455862359409,0.14968151508747532,-0.036014041780341892,1.1378231274109756,0.042723549606345231,0.010495866014483581,0,0,0,0,0,0,-0,-0,-0,-0,-0,-0
hold,0,629,6.2999999999995282,4,1,1,2,2,0,0,0,0,-0.36765268379735699,0,-3.0628446558487896,6.2885730821066019,-13.225109039124289,-3.0451393448033111,6.2815377994376149,-12.428319487437811,1.0865659121314613,0.10644194998592414,0.050714538998760023,1.0977026171718309,0.11103649956352864,0.15660224438115392,0,0,0,0,0,0,-0,-0,-0,-0,-0,-0
hold,0,630,6.3099999999995271,4,1,1,2,2,0,0,0,0,-0.36764162854237054,0,-3.0519502462104686,6.2892825697127925,-13.224367059886131,-3.0343412216842567,6.2826547727232214,-12.426752963440581,1.0898110792877973,0.041611697372030215,0.061842768059775052,1.0713937775340978,0.089063630151529585,0.10338097779105329,0,0,0,0,0,0,-0,-0,-0,-0,-0,-0
hold,0,631,6.319999999999526,4,1,1,2,2,0,0,0,0,-0.36762575946965692,0,-3.0410413582297569,6.2891634008194917,-13.224125940880622,-3.0237116899410426,6.2830067013121305,-12.426811597383264,1.0915183993043756,-0.037997531075362911,0.03619070462725818,1.0575559649833617,0.00061840201945489656,-0.06987764162233312,0,0,0,0,0,0,-0,-0,-0,-0,-0,-0
hold,0,632,6.3299999999995249,4,1,1,2,2,0,0,0,0,-0.36761418154627723,0,-3.030159021525439,6.2886064503065775,-13.223054505896515,-3.0132826288031591,6.2828730967858384,-12.427482405813652,1.0837148266617709,-0.056000464023311637,0.18102692955623539,1.0282571579893676,0.0069367114320872027,0.0093451995240466448,0,0,0,0,0,0,-0,-0,-0,-0,-0,-0
hold,0,633,6.3399999999995238,4,1,1,2,2,0,0,0,0,-0.36761696108887665,0,-3.0192709254771977,6.2872422198062878,-13.222166896063136,-3.0032354774676433,6.2833031605929168,-12.426117713836579,1.0894787689253764,-0.17934442792297323,0.052313790687238432,0.9889027384219653,0.06659913408460183,0.22097339121414217,0,0,0,0,0,0,-0,-0,-0,-0,-0,-0
hold,0,634,6.3499999999995227,4,1,1,2,2,0,0,0,0,-0.36760858444556482,0,-3.0085425736072304,6.2854034357824933,-13.221078162494498,-2.9934563073426697,6.2833676438422597,-12.425036728174932,1.0621860921227664,-0.19165331067856151,0.13227155423853923,0.97018347644180936,-0.03110957124769,0.042319192990802654,0,0,0,0,0,0,-0,-0,-0,-0,-0,-0
hold,0,635,6.3599999999995216,4,1,1,2,2,0,0,0,0,-0.36759114883423194,0,-2.9981480008368013,6.2835327905767624,-13.219240721309005,-2.9839189802539989,6.2826648394922326,-12.425224702394603,1.0224009911675001,-0.17884310431360229,0.2236890640521085,0.93824874142529369,-0.071533220353905538,0.00074942400753318095,0,0,0,0,0,0,-0,-0,-0,-0,-0,-0
hold,0,636,6.3699999999995205,4,1,1,2,2,0,0,0,0,-0.36757984726273718,0,-2.9882103485090568,6.28180287185452,-13.21678645168033,-2.9748418787560054,6.2821593833428775,-12.424555580502183,0.97735784910865819,-0.19393392067974435,0.18985116852074221,0.88615758295832869,-0.035426865113347791,0.10836805867860326,0,0,0,0,0,0,-0,-0,-0,-0,-0,-0
hold,0,637,6.3799999999995194,4,1,1,2,2,0,0,0,0,-0.36757078502456242,0,-2.9787365041423461,6.2796261421628348,-13.215726577868772,-2.9663234211690708,6.2820795381396426,-12.42276757770043,0.92680468230617541,-0.23826340098317703,0.029050031277584626,0.82730374361631609,0.018236031377852024,0.24435058710531449,0,0,0,0,0,0,-0,-0,-0,-0,-0,-0
hold,0,638,6.3899999999995183,4,1,1,2,2,0,0,0,0,-0.36755825195025499,0,-2.9699172272023739,6.2775582956234466,-13.215126392862866,-2.9583286748250996,6.2818848781481762,-12.421377751117584,0.84913543090120636,-0.17451487241180394,0.10120748766366199,0.78022285590782603,-0.043051970086741116,0.072729709290931865,0,0,0,0,0,0,-0,-0,-0,-0,-0,-0
hold,0,639,6.3999999999995172,4,1,1,2,2,0,0,0,0,-0.36754005232320042,0,-2.9619751309978071,6.276353160304625,-13.213709363561968,-2.9508478994810083,6.2812219074534656,-12.421371663288721,0.75407149386635686,-0.079580815693197721,0.15978515627249809,0.72395138724485442,-0.063511039061766153,0.0008144047503703955,0,0,0,0,0,0,-0,-0,-0,-0,-0,-0
hold,0,640,6.4099999999995161,4,1,1,2,2,0,0,0,0,-0.36752492976168782,0,-2.9550692857224341,6.2762356038822098,-13.211792936880602,-2.9440459186511925,6.2809867504184194,-12.420579481269225,0.65090857311914863,0.026323032846431546,0.21127914065341596,0.65052944514086675,-0.0058570534996392302,0.098064037003801827,0,0,0,0,0,0,-0,-0,-0,-0,-0,-0
hold,0,641,6.419999999999515,4,1,1,2,2,0,0,0,0,-0.36751744694260807,0,-2.9490951510649261,6.2765370807426475,-13.210936730092875,-2.9379956921458521,6.2813533426407933,-12.418809691549734,0.56532829047055144,0.025286016828799891,0.0091712502681819269,0.5771446372811021,0.037239513530688301,0.15009982061099478,0,0,0,0,0,0,-0,-0,-0,-0,-0,-0
hold,0,642,6.4299999999995139,4,1,1,2,2,0,0,0,0,-0.36750778175147386,0,-2.943987466972307,6.2771630221078087,-13.2107097760328,-2.9326095252294504,6.281493623604284,-12.418255475335053,0.47065504549990372,0.10306571895475938,0.061215453986844748,0.51338453868268685,-0.00069176263227120963,-3.0034884716454574e-05,0,0,0,0,0,0,-0,-0,-0,-0,-0,-0
hold,0,643,6.4399999999995128,4,1,1,2,2,0,0,0,0,-0.36749490539943835,0,-2.9398460872951393,6.2786215789055237,-13.209937087296078,-2.9279076379715754,6.2816315166382797,-12.418116693355756,0.37929402174168358,0.15676867323554461,0.043231785482744076,0.43980379770836431,0.036017774046715051,0.057097268344177374,0,0,0,0,0,0,-0,-0,-0,-0,-0,-0
hold,0,644,6.4499999999995117,4,1,1,2,2,0,0,0,0,-0.36749139551121235,0,-2.9365401871963046,6.2802764150160719,-13.210020236796113,-2.9239662420984831,6.2824273078446673,-12.416558086353986,0.29491457987563496,0.19698044106490195,0.034536903901519693,0.36702130684752854,0.086047578970286559,0.16560403516646838,0,0,0,0,0,0,-0,-0,-0,-0,-0,-0
hold,0,645,6.4599999999995106,4,1,1,2,2,0,0,0,0,-0.36748304709415891,0,-2.9340584982410816,6.2825075838088864,-13.20929333601949,-2.920628475536994,6.2829498181387962,-12.415735712100249,0.22158148468410493,0.2143514139286895,0.033264318940498701,0.31237679388056699,0.029763829091176745,0.033095631397775736,0,0,0,0,0,0,-0,-0,-0,-0,-0,-0
hold,0,646,6.4699999999995095,4,1,1,2,2,0,0,0,0,-0.3674765222869939,0,-2.9321652830003901,6.2842837208594435,-13.209865910988105,-2.9178581238118211,6.2832115214416788,-12.415285974510057,0.1676167252539234,0.16683754752969532,-0.069627565663169036,0.25078213992006509,0.047949669544943237,0.1185932434876133,0,0,0,0,0,0,-0,-0,-0,-0,-0,-0
hold,0,647,6.4799999999995084,4,1,1,2,2,0,0,0,0,-0.36746768211984349,0,-2.9308406123342507,6.2860764581244482,-13.209821971803649,-2.9156888295758741,6.2836412783977451,-12.413952821243948,0.10767100711590429,0.19503234013317408,0.072383807447172155,0.19732251475236473,0.020742697685444858,0.097040967670498357,0,0,0,0,0,0,-0,-0,-0,-0,-0,-0
hold,0,648,6.4899999999995073,4,1,1,2,2,0,0,0,0,-0.36745846649913327,0,-2.9300674749959437,6.2880577326876459,-13.208368986189576,-2.914012180573696,6.2835586567704791,-12.413359109493131,0.065861315364194623,0.1697015035699293,0.14192574504634317,0.14496320070577565,-0.0056229973428350618,0.090747330100984153,0,0,0,0,0,0,-0,-0,-0,-0,-0,-0
hold,0,649,6.4999999999995062,4,1,1,2,2,0,0,0,0,-0.36745973749797556,0,-2.9295071089271034,6.2888743462814443,-13.208156385767056,-2.9129348562437727,6.2837757069220146,-12.411414688273904,0.046000358974477559,0.030713295228063198,-0.048129310854704385,0.086775709589215863,0.010735276665075224,0.18851473101843835,0,0,0,0,0,0,-0,-0,-0,-0,-0,-0
hold,0,650,6.5099999999995051,4,1,1,2,2,0,0,0,0,-0.3674553135692199,0,-2.929248430577795,6.2888837390853034,-13.208282472764798,-2.9123507806663227,6.2835067975382088,-12.410133636097546,0.012898999859235295,-0.0090458623248168765,0.048007147432681835,0.03908292193570833,-0.049309459294756421,0.093568719782904319,0,0,0,0,0,0,-0,-0,-0,-0,-0,-0
hold,0,651,6.519999999999504,4,1,1,2,2,0,0,0,0,-0.3674459234128204,0,-2.9293502814578316,6.2887569104308714,-13.206796223169761,-2.9122695568844561,6.2827269572786388,-12.409690423281219,-0.024141797880938197,-0.019921008440769862,0.20637475167535144,-0.013373458651028057,-0.094541284126134037,0.013980826423760405,0,0,0,0,0,0,-0,-0,-0,-0,-0,-0
hold,0,652,6.5299999999995029,4,1,1,2,2,0,0,0,0,-0.36744697449104158,0,-2.9297470688259626,6.2884210608742794,-13.203694186902702,-2.912836534504974,6.2822919250952616,-12.408143870983972,-0.044223854117385067,-0.0694241781401852,0.32281211133872506,-0.08508924170902088,-0.012677532414305831,0.23806963717681712,0,0,0,0,0,0,-0,-0,-0,-0,-0,-0
hold,0,653,6.5399999999995018,4,1,1,2,2,0,0,0,0,-0.36744518281450955,0,-2.9303495358737335,6.2871219792066686,-13.201072617620168,-2.9140718650145434,6.2821009796532579,-12.406063279632166,-0.072903981557220041,-0.17043010705587119,0.20666555637575421,-0.14858288134690503,-0.030341438456930495,0.16769666412614481,0,0,0,0,0,0,-0,-0,-0,-0,-0,-0
hold,0,654,6.5499999999995007,4,1,1,2,2,0,0,0,0,-0.36744407453278694,0,-2.9313134178180746,6.2848933692419617,-13.19984964606236,-2.9159486399700381,6.281674801919614,-12.404924923269618,-0.11349406816502923,-0.25227330491225164,0.075442401103455764,-0.21409217341704506,-0.049168535194095364,0.080792923437555092,0,0,0,0,0,0,-0,-0,-0,-0,-0,-0
hold,0,655,6.5599999999994996,4,1,1,2,2,0,0,0,0,-0.3674397474490213,0,-2.9327778254696368,6.282231520069919,-13.199261398876692,-2.9184875333281886,6.281125671986306,-12.404514114435678,-0.17201155235915472,-0.26482127724249893,0.058568655185516613,-0.28122662784293712,-0.056912348527822683,0.014506021740048166,0,0,0,0,0,0,-0,-0,-0,-0,-0,-0
hold,0,656,6.5699999999994985,4,1,1,2,2,0,0,0,0,-0.36744239715003618,0,-2.9350273764105901,6.2802446476684501,-13.197529630867185,-2.9217715523757279,6.2811126163183815,-12.403170430652848,-0.26204334076300762,-0.15721198631729882,0.22497786395252264,-0.35871704310093649,0.029287434207933193,0.1973014072729054,0,0,0,0,0,0,-0,-0,-0,-0,-0,-0
hold,0,657,6.5799999999994974,4,1,1,2,2,0,0,0,0,-0.36744677838923634,0,-2.938194034566,6.2792258425565475,-13.194623619236586,-2.9257896200266682,6.2814013734709704,-12.401747360926075,-0.34951421498351459,-0.093940033434682602,0.25030032619653753,-0.42979227192308711,0.028240298929464173,0.10954610291168947,0,0,0,0,0,0,-0,-0,-0,-0,-0,-0
hold,0,658,6.5899999999994963,4,1,1,2,2,0,0,0,0,-0.36744924059976025,0,-2.9422095045241075,6.2784181464277378,-13.192882304408782,-2.9304859109312122,6.2816643755166801,-12.40105171221089,-0.43936182361259457,-0.060133948525267364,0.14304962388639922,-0.49517790426858482,0.024398365342485909,0.046384984343497464,0,0,0,0,0,0,-0,-0,-0,-0,-0,-0
hold,0,659,6.5999999999994952,4,1,1,2,2,0,0,0,0,-0.36745200913475812,0,-2.9471329056722393,6.2779660685189373,-13.192298280841955,-2.9358400898253523,6.2820450050312679,-12.400526141161091,-0.53016821136301495,-0.027887970067777851,0.006138606388083119,-0.56351058607402382,0.065071247335614493,0.10938317179066509,0,0,0,0,0,0,-0,-0,-0,-0,-0,-0
hold,0,660,6.6099999999994941,4,1,1,2,2,0,0,0,0,-0.36745938649569421,0,-2.9530505816012553,6.2782433824133417,-13.192306038634669,-2.9418498292977646,6.2829065204641914,-12.399023001976378,-0.63409701059082868,0.084180396581462494,0.056833793249083539,-0.62306756563268306,0.083569829750437002,0.13652491637707223,0,0,0,0,0,0,-0,-0,-0,-0,-0,-0
hold,0,661,6.619999999999493,4,1,1,2,2,0,0,0,0,-0.36746616006607652,0,-2.9599925005806909,6.2798878796347175,-13.190909984375047,-2.9483655888301166,6.2835669384418491,-12.398078806975041,-0.7302338827681516,0.19604808804244303,0.13803471858870639,-0.66895509702586731,0.050549686740782522,0.061273306933449734,0,0,0,0,0,0,-0,-0,-0,-0,-0,-0
hold,0,662,6.6299999999994919,4,1,1,2,2,0,0,0,0,-0.36747294522020452,0,-2.967697793919263,6.2818392288603704,-13.190328726963495,-2.9553086243089828,6.2839059280124623,-12.397700238590414,-0.79628076641351986,0.19612715359002184,0.017062491219599636,-0.71053669045523027,0.022711753948409956,0.023739749174503319,0,0,0,0,0,0,-0,-0,-0,-0,-0,-0
hold,0,663,6.6399999999994908,4,1,1,2,2,0,0,0,0,-0.36748120869194723,0,-2.9759638278870044,6.2836434095587066,-13.190874340265184,-2.9626573062175492,6.2840738418407724,-12.39736621610437,-0.84501568658275839,0.1702336372301568,-0.091171818797293497,-0.75281940361031074,0.027782378746974826,0.077979418249642468,0,0,0,0,0,0,-0,-0,-0,-0,-0,-0
hold,0,664,6.6499999999994897,4,1,1,2,2,0,0,0,0,-0.36749101649866234,0,-2.9846739169008938,6.2854402376563314,-13.191390605535782,-2.9704314086327219,6.2844743694693523,-12.396019680788159,-0.89062191715488559,0.20776872421541906,0.038151397110327431,-0.79016471242093189,0.027904423738995224,0.12299709442169095,0,0,0,0,0,0,-0,-0,-0,-0,-0,-0
hold,0,665,6.6599999999994886,4,1,1,2,2,0,0,0,0,-0.36749836066102159,0,-2.993756317933526,6.2876576762200127,-13.190002107686709,-2.9784943073018959,6.2844808576605917,-12.395180742902985,-0.91448233978687443,0.21150215653600016,0.17077252453843789,-0.81672391992165116,-0.016909692547068218,0.060051902874175542,0,0,0,0,0,0,-0,-0,-0,-0,-0,-0
hold,0,666,6.6699999999994874,4,1,1,2,2,0,0,0,0,-0.36750157822614626,0,-3.0028673152615086,6.2892467455594669,-13.18833197510302,-2.9868300988840311,6.2841868354421386,-12.394603934024429,-0.90521891502584539,0.11224283963478958,0.14341618621595578,-0.84664906066597423,-0.022775915982458959,0.093414510359478051,0,0,0,0,0,0,-0,-0,-0,-0,-0,-0
hold,0,667,6.6799999999994863,4,1,1,2,2,0,0,0,0,-0.36751138413841133,0,-3.0117980413030594,6.2896049496556135,-13.187276402319664,-2.995479607710628,6.2840134722987901,-12.393306430428961,-0.88740159220834125,-0.012347276432422515,0.07283772909381997,-0.8748448194936338,-0.028417011828525022,0.11615041906250458,0,0,0,0,0,0,-0,-0,-0,-0,-0,-0
hold,0,668,6.6899999999994852,4,1,1,2,2,0,0,0,0,-0.36751997163272238,0,-3.0205793320910495,6.2888032088922117,-13.186893769113894,-3.0043753414565009,6.2835902381977196,-12.392315561346884,-0.87240149792168165,-0.12370584408299473,0.014921330936913293,-0.8994993921079325,-0.050455619813071596,0.088402591290009561,0,0,0,0,0,0,-0,-0,-0,-0,-0,-0
hold,0,669,6.6999999999994841,4,1,1,2,2,0,0,0,0,-0.36752530540741524,0,-3.0292357830032044,6.2870732538176046,-13.186738824751833,-3.0135214321017658,6.282999459481319,-12.391574887622491,-0.86245630587724365,-0.19918432425211102,0.02701153758796962,-0.92471789911566027,-0.063709472534405343,0.064910514666543934,0,0,0,0,0,0,-0,-0,-0,-0,-0,-0
hold,0,670,6.709999999999483,4,1,1,2,2,0,0,0,0,-0.36753132449749332,0,-3.0379061301730941,6.2848052510306136,-13.186631601277028,-3.0229544556960972,6.2824621292200185,-12.390751390803773,-0.87608116550226489,-0.20902754914331304,0.087044554542336977,-0.95748249023609144,-0.03439940962065597,0.12374818134488459,0,0,0,0,0,0,-0,-0,-0,-0,-0,-0
hold,0,671,6.7199999999994819,4,1,1,2,2,0,0,0,0,-0.36753786475609651,0,-3.0468799481222399,6.2832235821256717,-13.184433806688675,-3.0326973101271202,6.2821224481768834,-12.38970262892042,-0.91142955855456753,-0.12831235139008304,0.28889882799912531,-0.98495093872317008,-0.033544134448303849,0.093337755499795116,0,0,0,0,0,0,-0,-0,-0,-0,-0,-0
hold,0,672,6.7299999999994808,4,1,1,2,2,0,0,0,0,-0.36754328111291507,0,-3.0561566428130202,6.2818609196945943,-13.182160487983138,-3.0427158432881027,6.2818314029453663,-12.388932754785982,-0.94144576449295425,-0.12576159728517805,0.22047110532387307,-1.012111756941408,-0.026863770726708671,0.066862397034650245,0,0,0,0,0,0,-0,-0,-0,-0,-0,-0
hold,0,673,6.7399999999994797,4,1,1,2,2,0,0,0,0,-0.36754854424971045,0,-3.0657767735619572,6.280631213722355,-13.180594099665534,-3.0530038554456551,6.2816412233062611,-12.388414085237271,-0.97741047083074484,-0.11387289692825497,0.12550816554560038,-1.0394259033621984,-0.013783956604100884,0.042241730571991654,0,0,0,0,0,0,-0,-0,-0,-0,-0,-0
hold,0,674,6.7499999999994786,4,1,1,2,2,0,0,0,0,-0.36755207351393981,0,-3.0758335860751442,6.2798411687111795,-13.179502311002773,-3.0635396925256622,6.2815766123628247,-12.388126789591485,-1.0252257811357197,-0.053494366199417387,0.098203431241015812,-1.062690158953483,-0.0013383507430661957,0.019897920856560718,0,0,0,0,0,0,-0,-0,-0,-0,-0,-0
hold,0,675,6.7599999999994775,4,1,1,2,2,0,0,0,0,-0.36755885612087114,0,-3.0863550545812823,6.2795530736350393,-13.179115978004956,-3.0743174237812925,6.281808401406284,-12.387641436629746,-1.073258769994869,0.0044559197659726317,0.034749793190542014,-1.0854685100053736,0.030924964898622984,0.048701068357955596,0,0,0,0,0,0,-0,-0,-0,-0,-0,-0
hold,0,676,6.7699999999994764,4,1,1,2,2,0,0,0,0,-0.36756393116550384,0,-3.0973327588004542,6.2798434078226002,-13.179319652324541,-3.0852764964198736,6.2821917711526751,-12.387299338723745,-1.1133523061782873,0.044885576392147096,-0.056721120078423726,-1.1020517838898258,0.042704593608272202,0.025258854026758457,0,0,0,0,0,0,-0,-0,-0,-0,-0,-0
hold,0,677,6.7799999999994753,4,1,1,2,2,0,0,0,0,-0.36756781320664444,0,-3.1086952120098159,6.2806304997905773,-13.180137631610354,-3.0963562015358428,6.2826535113636996,-12.38716450777402,-1.14892691065832,0.094023956633401407,-0.1092471131057966,-1.1113533657853891,0.048329578453449255,0.0061252313102035886,0,0,0,0,0,0,-0,-0,-0,-0,-0,-0
hold,0,678,6.7899999999994742,4,1,1,2,2,0,0,0,0,-0.36756910182308145,0,-3.1203565169335663,6.2819066752049473,-13.181240975115655,-3.1074864124044357,6.2831373602174985,-12.387202776468904,-1.1767948150032728,0.15613280511677874,-0.086164034775594131,-1.1133094922851658,0.047861394344155553,-0.010083778575893376,0,0,0,0,0,0,-0,-0,-0,-0,-0,-0
hold,0,679,6.7999999999994731,4,1,1,2,2,0,0,0,0,-0.36757140969585256,0,-3.132227835498349,6.2839055912272332,-13.181393456894947,-3.1186012299212553,6.2835925243149955,-12.387382058927297,-1.1884362864944824,0.20770267202724105,-0.011171378597201482,-1.1091233106643681,0.042979429443982559,-0.023084033443642765,0,0,0,0,0,0,-0,-0,-0,-0,-0,-0
hold,0,680,6.809999999999472,4,1,1,2,2,0,0,0,0,-0.36757208091717558,0,-3.1440257511695409,6.2858287315167196,-13.181760230288265,-3.1296388054658828,6.2840198955706832,-12.387536752855079,-1.1715258551070293,0.17835311162380479,-0.05224097909900282,-1.0992226801216065,0.041639060834446961,-0.010740512029550561,0,0,0,0,0,0,-0,-0,-0,-0,-0,-0
hold,0,681,6.8199999999994709,4,1,1,2,2,0,0,0,0,-0.3675703443948351,0,-3.1555351833620486,6.28738269796788,-13.182102537129888,-3.1405403253359472,6.284434907447551,-12.387487751004565,-1.1352052311549348,0.13038403190840905,-0.045850009931575182,-1.0823362747659433,0.034137085785382909,-0.00046932335148405953,0,0,0,0,0,0,-0,-0,-0,-0,-0,-0
hold,0,682,6.8299999999994698,4,1,1,2,2,0,0,0,0,-0.36757312932173397,0,-3.1666043529402517,6.2881305243666432,-13.183121419356103,-3.1512220436974121,6.2846434571781984,-12.387548327841515,-1.0868965200846201,0.036295810752553725,-0.13882793763564694,-1.0579835866672933,0.011503153105048711,-0.0093844775205338855,0,0,0,0,0,0,-0,-0,-0,-0,-0,-0
hold,0,683,6.8399999999994687,4,1,1,2,2,0,0,0,0,-0.36757754418982247,0,-3.1772052328329172,6.2883435986955707,-13.183811817438725,-3.1616319448047188,6.2846144530460695,-12.387689194168882,-1.045237531377224,0.032547846341505052,0.02955019246338577,-1.0291578565338537,-0.012659499557011128,-0.016930657844940813,0,0,0,0,0,0,-0,-0,-0,-0,-0,-0
hold,0,684,6.8499999999994676,4,1,1,2,2,0,0,0,0,-0.36757933959346017,0,-3.187311761316129,6.2882801498262921,-13.183361971628175,-3.1717421204167708,6.2843805871018716,-12.387846779802857,-0.98679356818550046,-0.049691950852052927,-0.0034435321553321734,-0.99993493640922027,-0.022362201893154653,0.0069911990799381499,0,0,0,0,0,0,-0,-0,-0,-0,-0,-0
hold,0,685,6.8599999999994665,4,1,1,2,2,0,0,0,0,-0.3675804451140352,0,-3.196816586969657,6.2872635704448516,-13.183676953284968,-3.1815471916733484,6.2840363008039937,-12.387854528868392,-0.92736570212568037,-0.13717193024925783,-0.063448958851836962,-0.96758171654783409,-0.041917160871912051,-0.0056589093370182381,0,0,0,0,0,0,-0,-0,-0,-0,-0,-0
hold,0,686,6.8699999999994654,4,1,1,2,2,0,0,0,0,-0.36758274570921334,0,-3.2058838126713018,6.2861123810120976,-13.183101443664006,-3.1910313884618207,6.2835269253381476,-12.387982915180181,-0.88913364647704396,-0.13066732180719787,0.049246079638168891,-0.93585894004324166,-0.05595962632681032,-0.017787634741179753,0,0,0,0,0,0,-0,-0,-0,-0,-0,-0
hold,0,687,6.8799999999994643,4,1,1,2,2,0,0,0,0,-0.36758174686887501,0,-3.2144829386797618,6.2845822728170901,-13.182619211901468,-3.2002136467676641,6.2830383860453889,-12.387932309075914,-0.84215445416078438,-0.17461201765009471,0.010619846328550873,-0.90642556819026165,-0.048289220259298785,0.005313635853043691,0,0,0,0,0,0,-0,-0,-0,-0,-0,-0
hold,0,688,6.8899999999994632,4,1,1,2,2,0,0,0,0,-0.36757778149671388,0,-3.2226950259938398,6.2827474864743316,-13.18270178389974,-3.2090916124797708,6.2825344723783232,-12.388004808308359,-0.80886193028290199,-0.18916466562910983,-0.033300005203437788,-0.87575418840142505,-0.050718106217697331,-0.015563283236914249,0,0,0,0,0,0,-0,-0,-0,-0,-0,-0
hold,0,689,6.8999999999994621,4,1,1,2,2,0,0,0,0,-0.36757567557011156,0,-3.2307197319390673,6.2813599980775692,-13.182157215689404,-3.2176864858332617,6.2820648830850061,-12.388289253460727,-0.79611688277103287,-0.1233321910766183,0.053075876876640324,-0.84752740950426553,-0.045247371261701974,-0.037188406741618406,0,0,0,0,0,0,-0,-0,-0,-0,-0,-0
hold,0,690,6.909999999999461,4,1,1,2,2,0,0,0,0,-0.36756891116131901,0,-3.2385977715238976,6.2803121677565592,-13.181959576296286,-3.2259873528284029,6.2816614924885599,-12.388800803399411,-0.78222331953694924,-0.095195208511802049,-0.0133283757759479,-0.8189703861360581,-0.035834853517967238,-0.060847453849534452,0,0,0,0,0,0,-0,-0,-0,-0,-0,-0
hold,0,691,6.9199999999994599,4,1,1,2,2,0,0,0,0,-0.36756624767462942,0,-3.2463173272007952,6.2793578831156758,-13.183003184007456,-3.2340310826129413,6.2814315978599797,-12.389515185760992,-0.76791359821772553,-0.082954100870286832,-0.14214463081451198,-0.79464144203013676,-0.0085140273434952899,-0.060626323947227383,0,0,0,0,0,0,-0,-0,-0,-0,-0,-0
hold,0,692,6.9299999999994588,4,1,1,2,2,0,0,0,0,-0.36756584711595452,0,-3.2540545529388716,6.279462800293965,-13.183180823266131,-3.2418241581907914,6.281591699788363,-12.389870850308663,-0.77238959646542771,0.046718665989872801,0.0035376480500453542,-0.76795404777742937,0.022099986014017421,-0.050109539881125584,0,0,0,0,0,0,-0,-0,-0,-0,-0,-0
hold,0,693,6.9399999999994577,4,1,1,2,2,0,0,0,0,-0.36756399744036744,0,-3.2616814034667412,6.2800554073037596,-13.183869397717112,-3.2493093086367493,6.2818778182953743,-12.390572283744238,-0.75315242826122764,0.05627498537179703,-0.13567918284511996,-0.73577157538535443,0.033412352175196308,-0.083585575193430711,0,0,0,0,0,0,-0,-0,-0,-0,-0,-0
hold,0,694,6.9499999999994566,4,1,1,2,2,0,0,0,0,-0.36756104371577253,0,-3.2690766544763221,6.2807173754244534,-13.185810224552938,-3.256441718751689,6.2822434579035384,-12.391594806889888,-0.72945767787838811,0.071349032508099194,-0.23299628219742002,-0.69754603395729753,0.037814330022832882,-0.11455494382612864,0,0,0,0,0,0,-0,-0,-0,-0,-0,-0
hold,0,695,6.9599999999994555,4,1,1,2,2,0,0,0,0,-0.36755697389064279,0,-3.276282772862495,6.2821425108111608,-13.186890319383288,-3.2631628141775311,6.2826171270522,-12.392922752381175,-0.71113933453949929,0.17341332340873558,-0.066257802085233297,-0.65374916801614413,0.035510577423123975,-0.14429379984165136,0,0,0,0,0,0,-0,-0,-0,-0,-0,-0
hold,0,696,6.9699999999994544,4,1,1,2,2,0,0,0,0,-0.36755217717203181,0,-3.2831210736699408,6.2837704122386526,-13.188106216092029,-3.2694351051305537,6.2831059143339143,-12.394055437647424,-0.66426839389671921,0.16040678255529178,-0.13469752429195361,-0.61053758753249743,0.073651505839316581,-0.045851677845128891,0,0,0,0,0,0,-0,-0,-0,-0,-0,-0
hold,0,697,6.9799999999994533,4,1,1,2,2,0,0,0,0,-0.36754872585252607,0,-3.2894069806062936,6.2850946173571476,-13.190063708000478,-3.275206919190901,6.2837110119774557,-12.39477953659631,-0.60366535523851517,0.11505774987160214,-0.22510873781487159,-0.55377936270846084,0.050277344993877801,-0.088496166852671296,0,0,0,0,0,0,-0,-0,-0,-0,-0,-0
hold,0,698,6.9899999999994522,4,1,1,2,2,0,0,0,0,-0.36754262149116501,0,-3.2950681275406537,6.2862197421076811,-13.191925370395122,-3.2803697463303854,6.284031143794369,-12.395878103881021,-0.54108681146947757,0.12283337481394552,-0.11957610691331064,-0.49052807773307605,0.019365250398172169,-0.12311610539277804,0,0,0,0,0,0,-0,-0,-0,-0,-0,-0
hold,0,699,6.9999999999994511,4,1,1,2,2,0,0,0,0,-0.36753546509236862,0,-3.300027123067772,6.287184050817693,-13.193132402606238,-3.2848790823592049,6.2840156253213308,-12.397309903337396,-0.46337817368182871,0.065921296203570956,-0.15118667668321883,-0.42430180014328506,-0.015904882800758535,-0.15673242557065575,0,0,0,0,0,0,-0,-0,-0,-0,-0,-0
hold,0,700,7.00999999999945,4,1,1,2,2,0,0,0,0,-0.36753511886148371,0,-3.304159091907926,6.2874755630513022,-13.194684878183958,-3.2887571430822886,6.2838798941008243,-12.398480769199525,-0.37818966078386546,0.022008995603207408,-0.087490539833712078,-0.36618276845996378,0.0087643668466211456,-0.039609278039766355,0,0,0,0,0,0,-0,-0,-0,-0,-0,-0
hold,0,701,7.0199999999994489,4,1,1,2,2,0,0,0,0,-0.36753769264031849,0,-3.3075184979503733,6.2876874725230483,-13.194880476554916,-3.2920095011754915,6.2837148101263782,-12.399226720052161,-0.30094413124807984,-0.0056273411575461837,-0.026666667558485267,-0.29760270545705247,-0.032230364109722569,-0.095001173820448842,0,0,0,0,0,0,-0,-0,-0,-0,-0,-0
hold,0,702,7.0299999999994478,4,1,1,2,2,0,0,0,0,-0.36753558670428632,0,-3.3100031957654701,6.2871107465811953,-13.195659539241314,-3.2945839982425125,6.2831737665574856,-12.400481317161002,-0.21442451912558042,-0.093157424437807418,-0.1203500399939976,-0.23133787597340316,-0.067863325549907663,-0.14637039742758481,0,0,0,0,0,0,-0,-0,-0,-0,-0,-0
hold,0,703,7.0399999999994467,4,1,1,2,2,0,0,0,0,-0.3675352706464341,0,-3.3116354881601451,6.2857234961089503,-13.197230288296296,-3.2965648870333739,6.2826317607403936,-12.401468993753534,-0.13179546398793518,-0.17262740318014153,-0.21138410321050405,-0.17692692583608424,-0.046682443528887514,-0.078055560074011696,0,0,0,0,0,0,-0,-0,-0,-0,-0,-0
hold,0,704,7.0499999999994456,4,1,1,2,2,0,0,0,0,-0.3675368707273679,0,-3.3125845405326761,6.2840467516956711,-13.198858655845211,-3.2979915352254516,6.2820636425077705,-12.402558930482829,-0.073345032318244976,-0.14511465158894277,-0.084622933632955782,-0.12181201965962257,-0.04887947465172638,-0.090440812662301293,0,0,0,0,0,0,-0,-0,-0,-0,-0,-0
hold,0,705,7.0599999999994445,4,1,1,2,2,0,0,0,0,-0.36753705904718192,0,-3.3130300578359009,6.2829442217653035,-13.19877187845816,-3.2989035869780587,6.2815785415137011,-12.403662324898733,-0.025538528222090934,-0.089155341927285872,0.060416347314049282,-0.072446444384342001,-0.03885006007327968,-0.10102385247610875,0,0,0,0,0,0,-0,-0,-0,-0,-0,-0
hold,0,706,7.0699999999994434,4,1,1,2,2,0,0,0,0,-0.3675379430307959,0,-3.3129766422966371,6.2820803261526361,-13.198257140921148,-3.2993531196353252,6.2812827016714383,-12.404736477367468,0.027799286274078547,-0.098909354237343025,0.0058323506964888649,-0.025621025978748713,-0.030151046362080023,-0.1305683400787207,0,0,0,0,0,0,-0,-0,-0,-0,-0,-0
hold,0,707,7.0799999999994423,4,1,1,2,2,0,0,0,0,-0.36754108647345057,0,-3.3123782948968348,6.280861042440371,-13.199092426336033,-3.2993596619994188,6.2811564931324995,-12.405947877578878,0.08046614807821928,-0.13669317583680091,-0.1453348533926529,0.014830710954097364,0.0071857654727038893,-0.093756115925065692,0,0,0,0,0,0,-0,-0,-0,-0,-0,-0
hold,0,708,7.0899999999994412,4,1,1,2,2,0,0,0,0,-0.36754378506005553,0,-3.3112931876857092,6.2793775964538376,-13.201262095121358,-3.2989378454612401,6.2811648106220872,-12.407498702560677,0.12533150719385669,-0.15019912089310533,-0.2564085153430975,0.060722845080217532,-0.003665463461492954,-0.19373512061674938,0,0,0,0,0,0,-0,-0,-0,-0,-0,-0
hold,0,709,7.0999999999994401,4,1,1,2,2,0,0,0,0,-0.36754686998796143,0,-3.3099347058143636,6.2785769897722403,-13.202797470105878,-3.2981104500725023,6.2815219238511499,-12.408709442604954,0.14342182362728706,-0.035755868344353986,-0.090736347783289484,0.10014495379148315,0.042766279488840465,-0.12395100191085297,0,0,0,0,0,0,-0,-0,-0,-0,-0,-0
hold,0,710,7.109999999999439,4,1,1,2,2,0,0,0,0,-0.36754570124764413,0,-3.3083634253818666,6.2787309567451395,-13.203174967989666,-3.2968033137261061,6.2818000877570732,-12.410578567521895,0.16702772976731295,0.038913185265982531,-0.037022586259038835,0.15204429348400814,0.017002653173214505,-0.22482158560221543,0,0,0,0,0,0,-0,-0,-0,-0,-0,-0
hold,0,711,7.1199999999994379,4,1,1,2,2,0,0,0,0,-0.367545974638815,0,-3.3064888367572416,6.2791051300651084,-13.204400031767534,-3.2950386202147346,6.282319014921832,-12.411999697232206,0.20321273631319681,0.02821752063536604,-0.19088837732674199,0.19435435276390495,0.063709307879995264,-0.11662761284800272,0,0,0,0,0,0,-0,-0,-0,-0,-0,-0
hold,0,712,7.1299999999994368,4,1,1,2,2,0,0,0,0,-0.36754817915652638,0,-3.3042027745093185,6.2792761269934054,-13.207047100155499,-3.2927516323966746,6.2826926024227205,-12.413830921312767,0.24286287073335738,0.023965874620164012,-0.28071855520994454,0.25100747369522169,0.028588015498412306,-0.19885383374696453,0,0,0,0,0,0,-0,-0,-0,-0,-0,-0
hold,0,713,7.1399999999994357,4,1,1,2,2,0,0,0,0,-0.36755346871509542,0,-3.3016488225881542,6.280125528247904,-13.208843107354513,-3.2899429372970705,6.2831458573351249,-12.415168284110575,0.26679144493752299,0.11449300955829861,-0.13218048185620673,0.30582015301890941,0.025302951994447508,-0.1693939243935515,0,0,0,0,0,0,-0,-0,-0,-0,-0,-0
hold,0,714,7.1499999999994346,4,1,1,2,2,0,0,0,0,-0.36755568597973076,0,-3.2987753840228065,6.2815382975318048,-13.209838433460488,-3.286540963664919,6.2833413849312727,-12.41667062654331,0.30495083049994487,0.13465806326696819,-0.13881346620093943,0.36156573734812436,0.026361916979639667,-0.10809949225769439,0,0,0,0,0,0,-0,-0,-0,-0,-0,-0
hold,0,715,7.1599999999994335,4,1,1,2,2,0,0,0,0,-0.36755593401587577,0,-3.2954221097658807,6.2826945156422216,-13.211777043642359,-3.2825416541733845,6.2832912001047436,-12.418173370037085,0.35582513993127252,0.1039899697044567,-0.22325353934830486,0.42260251331040327,-0.0070156110196630365,-0.12858697761489365,0,0,0,0,0,0,-0,-0,-0,-0,-0,-0
hold,0,716,7.1699999999994324,4,1,1,2,2,0,0,0,0,-0.36755762926521607,0,-3.2915397069185901,6.2835087436861894,-13.214458158703367,-3.2779940845398201,6.2832656411033554,-12.418949214377999,0.40829321298900312,0.079561340575285494,-0.25894710075453248,0.48040306327720605,-0.028231146653655947,-0.1178304343358621,0,0,0,0,0,0,-0,-0,-0,-0,-0,-0
hold,0,717,7.1799999999994313,4,1,1,2,2,0,0,0,0,-0.36755502158365205,0,-3.2871761715261836,6.2844188287382803,-13.216472911733883,-3.2728237635159472,6.282593439941575,-12.420777450748696,0.45425350338858117,0.1039924797488402,-0.14621434778724401,0.53721350908024734,-0.071876456878363248,-0.17397392906076481,0,0,0,0,0,0,-0,-0,-0,-0,-0,-0
hold,0,718,7.1899999999994302,4,1,1,2,2,0,0,0,0,-0.36756513973952171,0,-3.2823322944020132,6.2855739201749117,-13.217155699011705,-3.267236029221273,6.2822806407539069,-12.421274768205206,0.50819347106973589,0.10041308851329517,-0.073928713326281453,0.57598489083494031,-0.026345683445254335,-0.02925320360181579,0,0,0,0,0,0,-0,-0,-0,-0,-0,-0
hold,0,719,7.1999999999994291,4,1,1,2,2,0,0,0,0,-0.367570133569108,0,-3.276885386649778,6.2860698810007314,-13.218801803883398,-3.2611869987224416,6.2816037170837085,-12.422679690466218,0.56873384213231493,0.015788576674868264,-0.2227594273406456,0.62274459364802826,-0.092933376701273884,-0.21263050445993512,0,0,0,0,0,0,-0,-0,-0,-0,-0,-0
hold,0,720,7.209999999999428,4,1,1,2,2,0,0,0,0,-0.36757858567959589,0,-3.2708168036055607,6.2857834449879633,-13.221464965222957,-3.2548284375557666,6.2811749925343019,-12.423622189543028,0.62888760325191206,-0.032468446682812756,-0.22335751818608063,0.64472063967079252,-0.010928436972440215,-0.021044879487305143,0,0,0,0,0,0,-0,-0,-0,-0,-0,-0
hold,0,721,7.2199999999994269,4,1,1,2,2,0,0,0,0,-0.36757695216650699,0,-3.2642220219688811,6.2853693443671137,-13.223331532265703,-3.2481614201233873,6.2807587425113915,-12.424940481136687,0.67923831623555508,-0.047232333851327635,-0.16373173564509452,0.6804018754216522,-0.060479925851341862,-0.20215734754999776,0,0,0,0,0,0,-0,-0,-0,-0,-0,-0
hold,0,722,7.2299999999994258,4,1,1,2,2,0,0,0,0,-0.36757202371641901,0,-3.2571576335973518,6.2848642723011352,-13.224522583101923,-3.2412680652678514,6.2805152363469503,-12.426396991342624,0.72607668667516823,-0.056971546876634575,-0.094511021617941476,0.69502135259812359,0.0095858351312756614,-0.074095965970750202,0,0,0,0,0,0,-0,-0,-0,-0,-0,-0
hold,0,723,7.2399999999994247,4,1,1,2,2,0,0,0,0,-0.36757406358983363,0,-3.2496621704494055,6.2843540025854345,-13.224846589519679,-3.2342229883641673,6.2808404065596406,-12.426945070317503,0.76320807143301761,-0.044621410803809741,0.0078279553749303135,0.71382360434425896,0.01681043098561294,-0.12950961975607747,0,0,0,0,0,0,-0,-0,-0,-0,-0,-0
hold,0,724,7.2499999999994236,4,1,1,2,2,0,0,0,0,-0.36757016283449773,0,-3.2418149921766686,6.2838846681521314,-13.224483912703143,-3.2269442419846239,6.2808052970677455,-12.429139102291298,0.79656861637948406,-0.040138809101301125,0.073456664832479063,0.73300303337036854,0.00087290347204480988,-0.23874893873301914,0,0,0,0,0,0,-0,-0,-0,-0,-0,-0
hold,0,725,7.2599999999994225,4,1,1,2,2,0,0,0,0,-0.36757068426845435,0,-3.2336072479264937,6.283124475986412,-13.224388927741582,-3.2195664415588183,6.2811727265382675,-12.43091163237019,0.83793955134872433,-0.11104599174180264,-0.062779539377546656,0.73979391403550077,0.069287134500822106,-0.11045603010868266,0,0,0,0,0,0,-0,-0,-0,-0,-0,-0
hold,0,726,7.2699999999994214,4,1,1,2,2,0,0,0,0,-0.36758147097349991,0,-3.2250035439630671,6.2815681827544392,-13.2259375044287,-3.2121124252962416,6.2822576144173201,-12.431140206707926,0.87247775116606185,-0.171211987187222,-0.18179152137342097,0.75199525530333489,0.12031160813188042,0.0049404752525647284,0,0,0,0,0,0,-0,-0,-0,-0,-0,-0
hold,0,727,7.2799999999994203,4,1,1,2,2,0,0,0,0,-0.36758301188107068,0,-3.216187964416287,6.2800433106825082,-13.227210582505752,-3.2043919599574302,6.2831610237549071,-12.431585510845835,0.88742172493566895,-0.14222275199296336,-0.098210140945347663,0.78965692336206283,0.044984356500034857,-0.13494784936882692,0,0,0,0,0,0,-0,-0,-0,-0,-0,-0
hold,0,728,7.2899999999994192,4,1,1,2,2,0,0,0,0,-0.36757785585516711,0,-3.2072609242539576,6.2788186791332983,-13.227791780891941,-3.1962392263970156,6.2830001465262182,-12.433969628833697,0.89406591339668873,-0.10045295912593505,-0.010968100642197772,0.82850523239582152,-0.035445474612740571,-0.25199106595557957,0,0,0,0,0,0,-0,-0,-0,-0,-0,-0
hold,0,729,7.2999999999994181,4,1,1,2,2,0,0,0,0,-0.36758110437063279,0,-3.1983554438095587,6.2781306605852158,-13.227646024865519,-3.1878488997312813,6.2829170788901045,-12.435310559570631,0.88743977945056662,-0.042782149778167342,0.048518119766653489,0.84512146428415125,0.01103555594997766,-0.055357754650656642,0,0,0,0,0,0,-0,-0,-0,-0,-0,-0
hold,0,730,7.309999999999417,4,1,1,2,2,0,0,0,0,-0.36758580616841757,0,-3.1895232743616777,6.2779384489974888,-13.227129926781156,-3.17929142125287,6.2831811106548603,-12.435032030010992,0.88286058583704174,-0.017694210949470286,0.022928092228700861,0.8623155321498428,0.037356171012053734,0.086400324030753331,0,0,0,0,0,0,-0,-0,-0,-0,-0,-0
hold,0,731,7.3199999999994159,4,1,1,2,2,0,0,0,0,-0.36758339585581368,0,-3.1806473364095216,6.2775778324316178,-13.227554303294276,-3.1704418416843945,6.2827857264120404,-12.435667702765951,0.89241914436020875,-0.055679487633822189,-0.096587338162524017,0.89896896009690708,-0.09028578040193494,-0.16321974217673604,0,0,0,0,0,0,-0,-0,-0,-0,-0,-0
hold,0,732,7.3299999999994148,4,1,1,2,2,0,0,0,0,-0.36757711591908415,0,-3.171737769291501,6.27699505219028,-13.228890505373126,-3.1613604134817601,6.2816812965861804,-12.437521356168036,0.88548291479759178,-0.046368002938024303,-0.13974126668720341,0.9092392826756952,-0.097015314320259047,-0.13649029921133457,0,0,0,0,0,0,-0,-0,-0,-0,-0,-0
hold,0,733,7.3399999999994137,4,1,1,2,2,0,0,0,0,-0.36757770830208414,0,-3.1629966229650854,6.2769433503882475,-13.229655611765983,-3.1523201035985737,6.2810318792463118,-12.438153451412822,0.8677403179270442,0.014813050785614297,-0.051360112170547083,0.90048665177430232,-0.052445190159327665,-0.045743593151482631,0,0,0,0,0,0,-0,-0,-0,-0,-0,-0
hold,0,734,7.3499999999994126,4,1,1,2,2,0,0,0,0,-0.36757421822832315,0,-3.1544311279906827,6.2773452431396084,-13.230014391182706,-3.1433936746263642,6.280727912527837,-12.438330926279196,0.84696416688436071,0.060325586758011265,-0.027772586354699494,0.88617900568704078,-0.0063940412111632376,0.028163920200692229,0,0,0,0,0,0,-0,-0,-0,-0,-0,-0
hold,0,735,7.3599999999994115,4,1,1,2,2,0,0,0,0,-0.36757870079578941,0,-3.1460947601818594,6.2782086469496861,-13.230153395494332,-3.1346617280067131,6.2811540794054519,-12.437048393959504,0.82601745774179169,0.086333084810739424,-0.058382751717341919,0.86595823730464705,0.071769099050799215,0.19316041134242998,0,0,0,0,0,0,-0,-0,-0,-0,-0,-0
hold,0,736,7.3699999999994104,4,1,1,2,2,0,0,0,0,-0.36757502970954004,0,-3.137859506042024,6.2788770905652367,-13.231290263816817,-3.1259990680933125,6.2813030187517267,-12.436861928896557,0.82228246651086301,0.051494435984293804,-0.15268894499533689,0.86619602520723415,-0.022320562274225509,-0.091965234377360441,0,0,0,0,0,0,-0,-0,-0,-0,-0,-0
hold,0,737,7.3799999999994093,4,1,1,2,2,0,0,0,0,-0.36756793777694874,0,-3.1297278170354561,6.2794537009831064,-13.232797360061012,-3.117375685374963,6.2807796644197822,-12.43868858181494,0.8047125775065137,0.073269549613075691,-0.12316448975352307,0.85457241825345209,-0.039747298960685504,-0.15905105196693392,0,0,0,0,0,0,-0,-0,-0,-0,-0,-0
hold,0,738,7.3899999999994082,4,1,1,2,2,0,0,0,0,-0.36756689464914316,0,-3.1217874569729229,6.2803842985734892,-13.233514084164481,-3.1090001547547104,6.280633617494324,-12.440027132392782,0.78568794818009691,0.10713953100620983,-0.043853913713737057,0.82535288052622269,0.014833997804479757,-0.076702935422628141,0,0,0,0,0,0,-0,-0,-0,-0,-0,-0
hold,0,739,7.3999999999994071,4,1,1,2,2,0,0,0,0,-0.36757346609413527,0,-3.1140486449683653,6.2816516868921699,-13.233472202149073,-3.1009359427889032,6.2812498878118088,-12.439843464358168,0.767367204452167,0.12993953808811115,0.010431283493838506,0.7955322342797938,0.088623922288366089,0.079435161079663488,0,0,0,0,0,0,-0,-0,-0,-0,-0,-0
hold,0,740,7.409999999999406,4,1,1,2,2,0,0,0,0,-0.36757719018183455,0,-3.106410669560975,6.2826627535417661,-13.233945970039908,-3.093112551468598,6.28231376615161,-12.438634410650343,0.76333780118108641,0.069860621949022442,-0.11121266873428853,0.77635036793337242,0.098580976923291513,0.10156400550658354,0,0,0,0,0,0,-0,-0,-0,-0,-0,-0
hold,0,741,7.4199999999994048,4,1,1,2,2,0,0,0,0,-0.36757338798829176,0,-3.0988334533618813,6.2832017508287752,-13.235114016754991,-3.0853278233413324,6.2825656220675103,-12.439246203630944,0.75208502117618969,0.055182820687154056,-0.088783529396717534,0.78005294763470678,-0.02244108445513204,-0.16066884892297206,0,0,0,0,0,0,-0,-0,-0,-0,-0,-0
hold,0,742,7.4299999999994037,4,1,1,2,2,0,0,0,0,-0.36756814101492136,0,-3.0913988581127234,6.2837825922479418,-13.235539328598547,-3.0775949425819289,6.2821652762770483,-12.440967707621725,0.73959121550273899,0.051436887059440918,-0.031079934411514666,0.76509467597593883,-0.025637778000534437,-0.11234384989494178,0,0,0,0,0,0,-0,-0,-0,-0,-0,-0
hold,0,743,7.4399999999994026,4,1,1,2,2,0,0,0,0,-0.36756692178438904,0,-3.0840791578418987,6.2842602884907581,-13.235485539986804,-3.0700844268452476,6.2820587002786414,-12.44151500251186,0.72684924005102491,0.047149964090608815,0.036983717176240549,0.7401737930259239,0.0091748531280003917,0.0092447157623527614,0,0,0,0,0,0,-0,-0,-0,-0,-0,-0
hold,0,744,7.4499999999994015,4,1,1,2,2,0,0,0,0,-0.36757354048192575,0,-3.0768919335439899,6.2847321846307604,-13.234577650312575,-3.062852963062717,6.2824476495481143,-12.440466215106824,0.71329669317054345,0.04678992865196771,0.12710076477030469,0.71193695293527171,0.058149256554725533,0.16941376908663436,0,0,0,0,0,0,-0,-0,-0,-0,-0,-0
hold,0,745,7.4599999999994004,4,1,1,2,2,0,0,0,0,-0.3675810560173699,0,-3.0697671453061641,6.2846072598422129,-13.234312325709661,-3.055873666184568,6.2831501895174888,-12.438133199680967,0.70933287860814631,-0.04259730557305251,-0.017939521161357046,0.69361575462145342,0.044838922335272383,0.19423793934622124,0,0,0,0,0,0,-0,-0,-0,-0,-0,-0
hold,0,746,7.4699999999993993,4,1,1,2,2,0,0,0,0,-0.36757342590015907,0,-3.0627698972121014,6.2839966860848619,-13.234461188263433,-3.0489366728547536,6.2828082111716999,-12.437697962705874,0.69223178214026138,-0.06808205433173932,-0.00085743644627025908,0.69283466995940812,-0.083537887043446668,-0.048927554096797429,0,0,0,0,0,0,-0,-0,-0,-0,-0,-0
hold,0,747,7.4799999999993982,4,1,1,2,2,0,0,0,0,-0.36756938563943226,0,-3.0560126319251939,6.2834462036060703,-13.233741438942094,-3.0421265283549799,6.281692392508468,-12.438586607509183,0.66565096681025893,-0.051274557798787035,0.10748222131409856,0.66730550083901674,-0.095743876840182138,-0.032335881151025876,0,0,0,0,0,0,-0,-0,-0,-0,-0,-0
hold,0,748,7.4899999999993971,4,1,1,2,2,0,0,0,0,-0.36757135987630657,0,-3.049521960662128,6.2829637239357421,-13.232267183537111,-3.0357064528450231,6.2809964956689104,-12.438292834123999,0.6378321852988853,-0.046151116529833426,0.17287309201967205,0.62339381141640116,-0.041854193670250527,0.095031989023279251,0,0,0,0,0,0,-0,-0,-0,-0,-0,-0
hold,0,749,7.499999999999396,4,1,1,2,2,0,0,0,0,-0.3675754545351389,0,-3.0432668113567307,6.2820582981147872,-13.231465657451519,-3.0297813816014076,6.2808154599497925,-12.43712965814332,0.61792133038458297,-0.1257673849020674,0.0020756907795937765,0.56993526018165808,0.014463887758431007,0.1772777582190094,0,0,0,0,0,0,-0,-0,-0,-0,-0,-0
hold,0,750,7.5099999999993949,4,1,1,2,2,0,0,0,0,-0.36757978045891948,0,-3.0373230350669957,6.2809007688081806,-13.231076516172422,-3.0243813012322356,6.2812013390991073,-12.435019383626301,0.57827027023614497,-0.11164908846820684,0.050184861713077775,0.52268054862449587,0.04201779819491807,0.20694093403600775,0,0,0,0,0,0,-0,-0,-0,-0,-0,-0
hold,0,751,7.5199999999993938,4,1,1,2,2,0,0,0,0,-0.36757342137192328,0,-3.0318014715686887,6.27987378040533,-13.23037707645968,-3.0193544397805137,6.2811441702485489,-12.434399435245592,0.53374026418667342,-0.091734754668269691,0.095203604757574417,0.48880464455350636,-0.036224683836732469,-0.031346354450222907,0,0,0,0,0,0,-0,-0,-0,-0,-0,-0
hold,0,752,7.5299999999993927,4,1,1,2,2,0,0,0,0,-0.36756923101313554,0,-3.0267614567542287,6.2792399534250602,-13.228725319764829,-3.0147446661128052,6.2805933474748361,-12.43556955723683,0.48403604556399199,-0.044970813018168104,0.21022343538131033,0.43832490577687344,-0.048002091415944241,-0.130373805110434,0,0,0,0,0,0,-0,-0,-0,-0,-0,-0
hold,0,753,7.5399999999993916,4,1,1,2,2,0,0,0,0,-0.36757568964372567,0,-3.0222605410220322,6.2790487600161118,-13.226376751353166,-3.0107374825561735,6.2806511771404381,-12.435813097490275,0.4294363682730154,-0.023087643268276486,0.18831231547390917,0.37641543207347122,0.039086692614432456,0.041943293972620053,0,0,0,0,0,0,-0,-0,-0,-0,-0,-0
hold,0,754,7.5499999999993905,4,1,1,2,2,0,0,0,0,-0.36759054639366706,0,-3.01821470976643,6.2784420024383873,-13.225829275185266,-3.007351122812369,6.2815522985852308,-12.434430264343131,0.38820339165317425,-0.084133271759377765,-0.021420871558531843,0.3149445569466427,0.11234052198122751,0.17254783911179225,0,0,0,0,0,0,-0,-0,-0,-0,-0,-0
hold,0,755,7.5599999999993894,4,1,1,2,2,0,0,0,0,-0.36760413293578004,0,-3.0147171925807399,6.2778002574378107,-13.226176369702088,-3.0045097168450878,6.2830742049389414,-12.431617250911696,0.31947409076053956,-0.032821463009122837,-0.011886653865784247,0.26594313987865242,0.17379063427273134,0.35245567276970918,0,0,0,0,0,0,-0,-0,-0,-0,-0,-0
hold,0,756,7.5699999999993883,4,1,1,2,2,0,0,0,0,-0.3676054315363968,0,-3.0119139728702384,6.2778270123145159,-13.225860898182043,-3.0019321435513939,6.2840189811272342,-12.429638576816341,0.25443417684395214,0.029285279962079178,0.072361155977791136,0.25378681166520661,0.03971391497261112,0.10133176836039451,0,0,0,0,0,0,-0,-0,-0,-0,-0,-0
hold,0,757,7.5799999999993872,4,1,1,2,2,0,0,0,0,-0.3676001954022653,0,-3.0097560855136094,6.2784417711946396,-13.224816751044388,-2.9994639262833385,6.2837153270191166,-12.429666187849072,0.19029128255548736,0.08417202714079082,0.13215000963933354,0.24166486873701898,-0.075319478399769949,-0.069289471727521368,0,0,0,0,0,0,-0,-0,-0,-0,-0,-0
hold,0,758,7.5899999999993861,4,1,1,2,2,0,0,0,0,-0.36760102417401203,0,-3.0082303461887165,6.279719007568108,-13.222691087708023,-2.9972076312164941,6.282666107717283,-12.430576690292288,0.12717865404482151,0.15842043652664084,0.26941080351046187,0.20950114281576049,-0.095725706418857998,-0.040156604878158468,0,0,0,0,0,0,-0,-0,-0,-0,-0,-0
hold,0,759,7.599999999999385,4,1,1,2,2,0,0,0,0,-0.36760458857191475,0,-3.0072801587103331,6.2813683504067725,-13.22015894071415,-2.9953895049014241,6.2818904980601822,-12.43034718038068,0.076301376810894828,0.15385159987424374,0.20684321966307234,0.16322417585779908,-0.069485436254864336,0.048700733732601101,0,0,0,0,0,0,-0,-0,-0,-0,-0,-0
hold,0,760,7.6099999999993839,4,1,1,2,2,0,0,0,0,-0.36760725179745563,0,-3.0067461680715168,6.2825797204806477,-13.219010362141846,-2.9940803033454406,6.2815264558598845,-12.429062889848591,0.038401571996402338,0.10188188908459904,0.068557461293628025,0.10963432532221286,-0.021793685371850058,0.15683385052110899,0,0,0,0,0,0,-0,-0,-0,-0,-0,-0
hold,0,761,7.6199999999993828,4,1,1,2,2,0,0,0,0,-0.36761564024960747,0,-3.0065491924011751,6.2831950304445776,-13.21922401704496,-2.9933262466801716,6.2817746092853319,-12.426381026288949,0.0073361692000532162,0.037111734303158748,-0.070293536194445422,0.053153834800158423,0.054675414977689296,0.34118928032130824,0,0,0,0,0,0,-0,-0,-0,-0,-0,-0
hold,0,762,7.6299999999993817,4,1,1,2,2,0,0,0,0,-0.36762778443395422,0,-3.0066902623932057,6.2833710205596773,-13.220206273658153,-2.9931114785922706,6.2826009768515423,-12.422334810620473,-0.030858866893508884,0.023224938884984482,-0.06690728466379528,0.0040072416301018899,0.086973846590630566,0.41991338530154931,0,0,0,0,0,0,-0,-0,-0,-0,-0,-0
hold,0,763,7.6399999999993806,4,1,1,2,2,0,0,0,0,-0.36763228633005879,0,-3.0072853067654877,6.2838873182044566,-13.219927395609666,-2.9932282940413062,6.2828767537599983,-12.419502844099142,-0.07790053901552399,0.066692891149611466,0.080452458224386847,-0.022538390350854372,-0.0068311613678692772,0.21056784658800534,0,0,0,0,0,0,-0,-0,-0,-0,-0,-0
hold,0,764,7.6499999999993795,4,1,1,2,2,0,0,0,0,-0.36762758575756466,0,-3.0082971066080679,6.2846075653618971,-13.21871391070813,-2.9936284478021973,6.2824039051681027,-12.418189010672597,-0.11664287926251533,0.077546343014762445,0.15567183765966949,-0.052326965476944001,-0.072234546807800296,0.080328614750224334,0,0,0,0,0,0,-0,-0,-0,-0,-0,-0
hold,0,765,7.6599999999993784,4,1,1,2,2,0,0,0,0,-0.36762131261227537,0,-3.0096647956568932,6.2853901761914504,-13.216733220653476,-2.9943646760226121,6.2814002424090809,-12.418058779451314,-0.15020952724904771,0.080993026601672582,0.23409122030229479,-0.0891851225312843,-0.11616725772972533,-0.031799051588155783,0,0,0,0,0,0,-0,-0,-0,-0,-0,-0
hold,0,766,7.6699999999993773,4,1,1,2,2,0,0,0,0,-0.3676189543009582,0,-3.0113201404466823,6.2861307919417673,-13.213957934689375,-2.9955527444625805,6.2803340513272694,-12.418343991369817,-0.17655657053882987,0.077244874257525464,0.32846982059581331,-0.14317937032396819,-0.075481960004480944,0.028821636590560536,0,0,0,0,0,0,-0,-0,-0,-0,-0,-0
hold,0,767,7.6799999999993762,4,1,1,2,2,0,0,0,0,-0.36762635151442263,0,-3.0131557492674075,6.2862813672824185,-13.211680183055616,-2.9973901327747647,6.2800817836573604,-12.417388004366723,-0.18522835207955843,-0.025599483390611716,0.18361446006627077,-0.2088591109245842,0.012979259858514305,0.16657561164022144,0,0,0,0,0,0,-0,-0,-0,-0,-0,-0
hold,0,768,7.6899999999993751,4,1,1,2,2,0,0,0,0,-0.36764046003553008,0,-3.0150336605787817,6.2853881744661937,-13.210639175050495,-2.9998546081411552,6.2808322120509246,-12.414533610064593,-0.19011344803854116,-0.12738672998568806,0.062270715699947868,-0.26997061659052335,0.11331506917799855,0.36260870984972843,0,0,0,0,0,0,-0,-0,-0,-0,-0,-0
hold,0,769,7.699999999999374,4,1,1,2,2,0,0,0,0,-0.36764848997987842,0,-3.0171148192188069,6.2841578339897382,-13.209396471758208,-3.0028431598511123,6.2820734674499459,-12.410959741509995,-0.22496207167663329,-0.10074652252796737,0.20144916987245823,-0.31550347281430324,0.11324020200864535,0.30878450961226156,0,0,0,0,0,0,-0,-0,-0,-0,-0,-0
hold,0,770,7.7099999999993729,4,1,1,2,2,0,0,0,0,-0.36764698211328761,0,-3.0195974236780723,6.2833314066076369,-13.206762647721744,-3.0061863290812765,6.282939096197655,-12.408550768669954,-0.26439071830945449,-0.069180604686396183,0.30326595203799078,-0.34581563954526662,0.068076363094323952,0.19975324384425808,0,0,0,0,0,0,-0,-0,-0,-0,-0,-0
hold,0,771,7.7199999999993718,4,1,1,2,2,0,0,0,0,-0.36764209097563633,0,-3.0224232861245817,6.2823826204455724,-13.204433478153087,-3.0097931062360397,6.2833296758630528,-12.407080687006388,-0.29422247332264195,-0.11888840993423372,0.16438062497410172,-0.37021293955079898,0.018870195476745615,0.11123655609545684,0,0,0,0,0,0,-0,-0,-0,-0,-0,-0
hold,0,772,7.7299999999993707,4,1,1,2,2,0,0,0,0,-0.36763841941193171,0,-3.0256058366012937,6.2811631206284648,-13.203106243449632,-3.0136311282649935,6.2832511710395114,-12.40638169211868,-0.33785787581705851,-0.10541413127259189,0.15167967794061799,-0.39287656700555018,-0.02433408483734683,0.045061401751665939,0,0,0,0,0,0,-0,-0,-0,-0,-0,-0
hold,0,773,7.7399999999993696,4,1,1,2,2,0,0,0,0,-0.3676354814339331,0,-3.0293290951624727,6.2806410506063575,-13.200691231122297,-3.0177049482495244,6.2827890712269419,-12.406306301315809,-0.39562790958749872,-0.018038547892750285,0.29067967173454723,-0.41743104947981852,-0.059044524757624027,-0.015606636426093879,0,0,0,0,0,0,-0,-0,-0,-0,-0,-0
hold,0,774,7.7499999999993685,4,1,1,2,2,0,0,0,0,-0.3676326276916706,0,-3.0335693288731238,6.2805021687685461,-13.198372546345915,-3.0220706576625602,6.2822378835162915,-12.406320968725053,-0.44061578423275521,-0.022752894395966852,0.16458082730171678,-0.45290089085409302,-0.030872322167408723,0.059103134768043492,0,0,0,0,0,0,-0,-0,-0,-0,-0,-0
hold,0,775,7.7599999999993674,4,1,1,2,2,0,0,0,0,-0.367639780074556,0,-3.038272159043097,6.2803455516315054,-13.197382244644293,-3.0268465887754625,6.28241029347015,-12.404523236538362,-0.48890859835597295,-0.01476230386026943,0.050107088090882858,-0.49358281372957852,0.043673514413528222,0.24123084471939379,0,0,0,0,0,0,-0,-0,-0,-0,-0,-0
hold,0,776,7.7699999999993663,4,1,1,2,2,0,0,0,0,-0.36765131824867736,0,-3.0434609226118137,6.2803558694731176,-13.197297507743016,-3.0320022664860629,6.2832397136263207,-12.401125970192455,-0.54319769761118619,0.043389471863437529,0.068564798545552072,-0.52582589426686022,0.082045780158390452,0.33761449296217849,0,0,0,0,0,0,-0,-0,-0,-0,-0,-0
hold,0,777,7.7799999999993652,4,1,1,2,2,0,0,0,0,-0.36765054092536903,0,-3.0492357257456213,6.2814201422570637,-13.195672210647912,-3.0373599061768699,6.2838302255137375,-12.398194498826829,-0.5990818234871037,0.14829787496036631,0.23131280827980921,-0.54154858700159558,0.043073412461060251,0.26622353883093891,0,0,0,0,0,0,-0,-0,-0,-0,-0,-0
hold,0,778,7.7899999999993641,4,1,1,2,2,0,0,0,0,-0.3676478241977158,0,-3.0554643068603342,6.283241174287884,-13.192840752261214,-3.0428435364445052,6.2840138571461228,-12.395869154524306,-0.63392854835027324,0.18131363195833447,0.26254440887100278,-0.55265170009674192,0.0034147434071927071,0.21391716303554772,0,0,0,0,0,0,-0,-0,-0,-0,-0,-0
hold,0,779,7.799999999999363,4,1,1,2,2,0,0,0,0,-0.36763797541140786,0,-3.0618950329695789,6.2848768110447306,-13.190634080818096,-3.0484284149164615,6.2838470738080296,-12.393960521482805,-0.64735224526684998,0.15213932430850277,0.20585326174612992,-0.56232511723584999,-0.028974771123646898,0.1769250264168816,0,0,0,0,0,0,-0,-0,-0,-0,-0,-0
hold,0,780,7.8099999999993619,4,1,1,2,2,0,0,0,0,-0.36762862080841691,0,-3.0683741779330322,6.2860268281797342,-13.189156770036259,-3.0541126625191559,6.2834002415583843,-12.392381348731817,-0.64673584098425907,0.088500738920249331,0.11282097537468115,-0.57266724751986897,-0.053968972608352574,0.14601347012159888,0,0,0,0,0,0,-0,-0,-0,-0,-0,-0
hold,0,781,7.8199999999993608,4,1,1,2,2,0,0,0,0,-0.36761807841351057,0,-3.0747890355495304,6.2866128500565939,-13.188018534438998,-3.059908551868066,6.28276606581937,-12.391075037567026,-0.63727279419054306,0.032306039851451196,0.093879006541178894,-0.58484689268784573,-0.068001389992266251,0.12043183223025636,0,0,0,0,0,0,-0,-0,-0,-0,-0,-0
hold,0,782,7.8299999999993597,4,1,1,2,2,0,0,0,0,-0.36761256721409602,0,-3.0810894045128818,6.2864411818192707,-13.187718027693856,-3.0658556951453511,6.2820704980837494,-12.390020583110806,-0.62467022856397991,-0.040906767008951191,0.022795975983978804,-0.60095126196569693,-0.069993487480715724,0.09619809923331625,0,0,0,0,0,0,-0,-0,-0,-0,-0,-0
hold,0,783,7.8399999999993586,4,1,1,2,2,0,0,0,0,-0.36760670560463743,0,-3.0872666437485323,6.285645688800555,-13.187865257032051,-3.0719801268298523,6.2814223114677308,-12.389198251955726,-0.61375531459854193,-0.10680491324552363,-0.051693654051460605,-0.62093888935589192,-0.059306990117647326,0.072802789251564248,0,0,0,0,0,0,-0,-0,-0,-0,-0,-0
hold,0,784,7.8499999999993575,4,1,1,2,2,0,0,0,0,-0.36760209525455539,0,-3.0934158119467954,6.2845885341761214,-13.187975082671583,-3.0783201273946594,6.280940465798821,-12.388606375824674,-0.62167359488397611,-0.071140318105554157,0.095625382767100198,-0.6435756551378522,-0.038638174975719558,0.049899286377588413,0,0,0,0,0,0,-0,-0,-0,-0,-0,-0
hold,0,785,7.8599999999993564,4,1,1,2,2,0,0,0,0,-0.36759633195944375,0,-3.0997182343320633,6.2843105172444584,-13.185786680993971,-3.0848820810035673,6.2806902923775354,-12.388235623123379,-0.63864431984551362,0.011314728082160084,0.31999074692225793,-0.66678744639807097,-0.011780165303078911,0.027729016281711899,0,0,0,0,0,0,-0,-0,-0,-0,-0,-0
hold,0,786,7.8699999999993553,4,1,1,2,2,0,0,0,0,-0.36759137734582342,0,-3.1061137738269222,6.2843981861462535,-13.182618483801376,-3.0916749504026151,6.2807579890475882,-12.387998064526458,-0.63753144916489202,-0.0054896850212725855,0.28592071194102248,-0.68812299009633893,0.02844984601916082,0.049048888480134827,0,0,0,0,0,0,-0,-0,-0,-0,-0,-0
hold,0,787,7.8799999999993542,4,1,1,2,2,0,0,0,0,-0.36759303703343588,0,-3.11243419944029,6.2840549458349333,-13.180377247259669,-3.0986931394993791,6.2815775008016299,-12.386499642535975,-0.62984914683089466,-0.046638019548419861,0.19870957996536961,-0.70824442812880206,0.098768239675519828,0.16469258009435067,0,0,0,0,0,0,-0,-0,-0,-0,-0,-0
hold,0,788,7.8899999999993531,4,1,1,2,2,0,0,0,0,-0.36758739117399669,0,-3.1187189076148072,6.283476743803142,-13.178694205202826,-3.1058237179718686,6.2826217690363251,-12.385034654825338,-0.62715409684255496,-0.07167206177041488,0.12578488060193049,-0.71575213200121235,0.10786064928519004,0.13639633732203721,0,0,0,0,0,0,-0,-0,-0,-0,-0,-0
hold,0,789,7.899999999999352,4,1,1,2,2,0,0,0,0,-0.36757989271718577,0,-3.1249939336506349,6.2826619811019597,-13.177904846279668,-3.1129823021754746,6.2837018885284071,-12.38377927591328,-0.62885591220639625,-0.081778713468115785,0.059240571279847651,-0.71443262406210328,0.10614699691506768,0.1194199164770655,0,0,0,0,0,0,-0,-0,-0,-0,-0,-0
hold,0,790,7.9099999999993509,4,1,1,2,2,0,0,0,0,-0.3675697959116957,0,-3.1313236220500693,6.2818906994816164,-13.177644854327937,-3.1200731311408667,6.2846970910377511,-12.382644540856184,-0.6379016400457781,-0.062077947000780904,0.028327075897164843,-0.7044556188128166,0.093860303829697025,0.10941278853046338,0,0,0,0,0,0,-0,-0,-0,-0,-0,-0
hold,0,791,7.9199999999993498,4,1,1,2,2,0,0,0,0,-0.36756020319287008,0,-3.137749196851098,6.2812662463167186,-13.178022325632066,-3.1270147765204666,6.2855099092615898,-12.381551973661871,-0.648937304426353,-0.044700324072394007,-0.042870089309331068,-0.68683522627203164,0.072650717816353239,0.10775166178800066,0,0,0,0,0,0,-0,-0,-0,-0,-0,-0
hold,0,792,7.9299999999993487,4,1,1,2,2,0,0,0,0,-0.3675518397695211,0,-3.1443797684682053,6.2814275360932665,-13.177652049929202,-3.1337380392352059,6.286064183429664,-12.380438406581749,-0.6754074225916521,0.078141749236009805,0.14463080366682091,-0.66190507479300686,0.043255478327650781,0.1142586330536009,0,0,0,0,0,0,-0,-0,-0,-0,-0,-0
hold,0,793,7.9399999999993476,4,1,1,2,2,0,0,0,0,-0.36754325670068255,0,-3.1512103101244842,6.2825685358461083,-13.176042497613613,-3.1401941708350782,6.2863202848533888,-12.379270828900893,-0.68363063034845839,0.11698888064856058,0.12669472506140417,-0.63384293893766674,0.012917158132556041,0.12016890331676724,0,0,0,0,0,0,-0,-0,-0,-0,-0,-0
hold,0,794,7.9499999999993465,4,1,1,2,2,0,0,0,0,-0.36753529311357291,0,-3.1580117207029685,6.2837680644480365,-13.175056252945026,-3.1463495284269749,6.2862662032263383,-12.378020591016336,-0.67651249206989361,0.12385081169341766,0.094624515406943929,-0.60340475625646506,-0.016909355087138159,0.12740539341342899,0,0,0,0,0,0,-0,-0,-0,-0,-0,-0
hold,0,795,7.9599999999993454,4,1,1,2,2,0,0,0,0,-0.3675262830518502,0,-3.1646689379750566,6.2849755276260897,-13.174172404777831,-3.1521983686027486,6.2859377825478546,-12.376703473941548,-0.65625758546681501,0.11189773275800256,0.07465697427363098,-0.57219535412225231,-0.043397893026806217,0.13568166369243378,0,0,0,0,0,0,-0,-0,-0,-0,-0,-0
hold,0,796,7.9699999999993443,4,1,1,2,2,0,0,0,0,-0.36752004820109574,0,-3.1710432067949705,6.2858862178318073,-13.173624726787242,-3.1577330139456108,6.285369459776371,-12.375283336800345,-0.62331847606152802,0.071554194889165673,0.030961821127453486,-0.54096609106647342,-0.065140800802268944,0.14725926767976846,0,0,0,0,0,0,-0,-0,-0,-0,-0,-0
hold,0,797,7.9799999999993432,4,1,1,2,2,0,0,0,0,-0.36751739873388384,0,-3.1770346310278104,6.2862810343307274,-13.173605874909276,-3.1629657955236583,6.2846297589729989,-12.373738086632734,-0.58220034663295195,0.0099110762163912881,-0.041995701265365587,-0.51167954693121709,-0.078772029401672453,0.16147135757067094,0,0,0,0,0,0,-0,-0,-0,-0,-0,-0
hold,0,798,7.9899999999993421,4,1,1,2,2,0,0,0,0,-0.36751748704709508,0,-3.1825932397995036,6.2860214277449202,-13.174362363821771,-3.1679232896700187,6.2838102801760662,-12.372052606906543,-0.53834629267564993,-0.053388948181890036,-0.11244629007262963,-0.48574673877351709,-0.082329932934024505,0.17426478398982354,0,0,0,0,0,0,-0,-0,-0,-0,-0,-0
hold,0,799,7.999999999999341,4,1,1,2,2,0,0,0,0,-0.3675182335500059,0,-3.18772689173074,6.2851675803096132,-13.175852456739754,-3.1726438138189721,6.2830173706529724,-12.370249595605966,-0.49733837546932175,-0.10962917902614529,-0.18957609700664405,-0.46372648630293062,-0.075207046092358301,0.18545458408225737,0,0,0,0,0,0,-0,-0,-0,-0,-0,-0
hold,0,800,8.0099999999993443,4,1,1,2,2,0,0,0,0,-0.36751576037156625,0,-3.1925506073535308,6.2843169385122231,-13.176870877271901,-3.1771521463973089,6.2823238508659909,-12.36838687690188,-0.47551677046511104,-0.047800996926001933,0.0061599972364355868,-0.44195396639147144,-0.065897486412680173,0.18436454125289972,0,0,0,0,0,0,-0,-0,-0,-0,-0,-0
hold,0,801,8.0199999999993477,4,1,1,2,2,0,0,0,0,-0.36751781788368104,0,-3.1972807832312986,6.2846184028043588,-13.174888306480124,-3.1814971705043691,6.2818558433982261,-12.366428810669705,-0.46735854750398564,0.063590737539951259,0.28046984815804366,-0.42859776354826878,-0.035767896188496427,0.20030127158914221,0,0,0,0,0,0,-0,-0,-0,-0,-0,-0
hold,0,802,8.029999999999351,4,1,1,2,2,0,0,0,0,-0.36751823555235197,0,-3.2017364636040719,6.2850829212291828,-13.172436807316096,-3.1856780102456685,6.2816366015635161,-12.364409170881236,-0.43017370792222109,0.03084693519362959,0.21378378904161383,-0.41156629269524397,-0.011278820987687767,0.20431424413446814,0,0,0,0,0,0,-0,-0,-0,-0,-0,-0
hold,0,803,8.0399999999993543,4,1,1,2,2,0,0,0,0,-0.36751796054604435,0,-3.2057944452057061,6.2852043996427707,-13.170506825103134,-3.1896850087156929,6.2816708561615098,-12.362344943004841,-0.38957723211985318,0.0068896978920394017,0.20354057457240748,-0.39231657833435513,0.01106049120609497,0.20560506570194567,0,0,0,0,0,0,-0,-0,-0,-0,-0,-0
hold,0,804,8.0499999999993577,4,1,1,2,2,0,0,0,0,-0.36751572824296047,0,-3.2094415288680493,6.2851774437329055,-13.168366492841182,-3.1934786950238312,6.2818993732032649,-12.360282346840382,-0.34775828697225136,-0.015497475880558515,0.20042451567933997,-0.37131807288222279,0.032505853329540146,0.20960242341923802,0,0,0,0,0,0,-0,-0,-0,-0,-0,-0
hold,0,805,8.059999999999361,4,1,1,2,2,0,0,0,0,-0.36751938519890875,0,-3.2126642975786748,6.2847739277943564,-13.166771311815054,-3.1970676039996579,6.2823775601484613,-12.358092811485506,-0.3057677867797659,-0.052328349741010548,0.14436114642569756,-0.34963913652099338,0.056315371320678646,0.22431814744732365,0,0,0,0,0,0,-0,-0,-0,-0,-0,-0
hold,0,806,8.0699999999993643,4,1,1,2,2,0,0,0,0,-0.36752426711478847,0,-3.2154937379806299,6.2841680270659612,-13.165376179024777,-3.2004019536494059,6.2830290462760043,-12.355776442947514,-0.26806401712007177,-0.068140283497022752,0.1257202689015246,-0.32228006375298374,0.070882572110397987,0.2386107393263257,0,0,0,0,0,0,-0,-0,-0,-0,-0,-0
hold,0,807,8.0799999999993677,4,1,1,2,2,0,0,0,0,-0.36753152346217816,0,-3.2179729377640292,6.2834173725342133,-13.164339333689366,-3.2034377939422294,6.2837950803211911,-12.353267265328489,-0.23605362249895839,-0.070218794800579076,0.11048133267759663,-0.28994480352897667,0.077859243570785053,0.2563426017164871,0,0,0,0,0,0,-0,-0,-0,-0,-0,-0
hold,0,808,8.089999999999371,4,1,1,2,2,0,0,0,0,-0.36753970882005776,0,-3.2201657335227538,6.2827047911161173,-13.163519331758504,-3.2061182092810219,6.2845821275246134,-12.350544036219597,-0.20882806501312157,-0.070285418240951095,0.063190406614170497,-0.25266667132686166,0.078041701293240243,0.283621261462769,0,0,0,0,0,0,-0,-0,-0,-0,-0,-0
hold,0,809,8.0999999999993744,4,1,1,2,2,0,0,0,0,-0.36754891085430091,0,-3.2221296726040447,6.2821404404977539,-13.162975882175202,-3.2083925313146207,6.2853108293667237,-12.347559220157789,-0.18876113019460067,-0.045784135175896148,0.048079372489333465,-0.20997350691669209,0.068384324035886332,0.30894074972816338,0,0,0,0,0,0,-0,-0,-0,-0,-0,-0
hold,0,810,8.1099999999993777,4,1,1,2,2,0,0,0,0,-0.36755790037665087,0,-3.2239237415657245,6.2819223013178398,-13.162469054421146,-3.2102147561775438,6.2859006224917167,-12.344315511867737,-0.17405487982953646,-0.0011394381102459977,0.062385993107803801,-0.16337504206037076,0.052249627942496775,0.33445100064919991,0,0,0,0,0,0,-0,-0,-0,-0,-0,-0
hold,0,811,8.119999999999381,4,1,1,2,2,0,0,0,0,-0.36756692146890635,0,-3.2255726610688402,6.2821573200465703,-13.161829835353194,-3.2115537014194748,6.2863115765899646,-12.340761516745204,-0.15730268969825598,0.031682366680426288,0.046186450548594493,-0.11371315075864803,0.033271011889448761,0.37276806954226993,0,0,0,0,0,0,-0,-0,-0,-0,-0,-0
hold,0,812,8.1299999999993844,4,1,1,2,2,0,0,0,0,-0.3675781408834814,0,-3.2270293850465226,6.2826742870233705,-13.161340815436899,-3.2123857878268991,6.2865417661841203,-12.336730288130189,-0.13586421969130308,0.054516391673248801,0.028161422238979841,-0.062569617254037979,0.01638572600854396,0.42707300860468833,0,0,0,0,0,0,-0,-0,-0,-0,-0,-0
hold,0,813,8.1399999999993877,4,1,1,2,2,0,0,0,0,-0.36758865278085506,0,-3.2282435204765294,6.2834351685216099,-13.160786636985074,-3.2127068678632771,6.2866334444419394,-12.332069294963548,-0.10898340792924902,0.075614089199397772,0.040785204375871541,-0.011560636571557006,0.0047913425855386407,0.49685621772754501,0,0,0,0,0,0,-0,-0,-0,-0,-0,-0
hold,0,814,8.1499999999993911,4,1,1,2,2,0,0,0,0,-0.36759828310960918,0,-3.2291289711413853,6.2842184138422734,-13.160330956866103,-3.212491814095614,6.286520280827073,-12.326827502987589,-0.074573801282870125,0.081326003132221533,0.056738335313596622,0.045413961915354746,-0.030854235830438989,0.52465686431301262,0,0,0,0,0,0,-0,-0,-0,-0,-0,-0
hold,0,815,8.1599999999993944,4,1,1,2,2,0,0,0,0,-0.36760339669632175,0,-3.2296300359233534,6.2849145957115677,-13.159897809381613,-3.2116776814831747,6.2859011988125726,-12.321579929109872,-0.033642203474784103,0.06631152399483721,0.051718148194225155,0.10464202461171684,-0.080670528570496045,0.52611893010394439,0,0,0,0,0,0,-0,-0,-0,-0,-0,-0
hold,0,816,8.1699999999993977,4,1,1,2,2,0,0,0,0,-0.36760755467521633,0,-3.2296959497614468,6.2854364231869635,-13.159391224923814,-3.2103040443363522,6.2848575254570633,-12.316262272626648,0.011156775696004607,0.050177172237652556,0.074519612675057176,0.15811637844834356,-0.11778304462939183,0.53593842119430579,0,0,0,0,0,0,-0,-0,-0,-0,-0,-0
hold,0,817,8.1799999999994011,4,1,1,2,2,0,0,0,0,-0.36761208237795701,0,-3.229296795581388,6.2857807762093802,-13.158564175153245,-3.2084443478784475,6.2835415630228031,-12.310813225781997,0.059079073908027802,0.026097743759715849,0.096789991667152755,0.20339889745511208,-0.13854110366714051,0.55128380962175461,0,0,0,0,0,0,-0,-0,-0,-0,-0,-0
hold,0,818,8.1899999999994044,4,1,1,2,2,0,0,0,0,-0.3676183022358116,0,-3.2284090284231421,6.2858421733283478,-13.157554548343617,-3.2061896335705367,6.2821295157176689,-12.305186869561615,0.1088959074593788,-0.010277991046843085,0.095915687191744856,0.23873785934927591,-0.14023964475851644,0.57074086836558613,0,0,0,0,0,0,-0,-0,-0,-0,-0,-0
hold,0,819,8.1999999999994078,4,1,1,2,2,0,0,0,0,-0.36762661926710516,0,-3.2270283497471675,6.2855278093555373,-13.156582705748734,-3.2036360109600501,6.28077674924387,-12.299446671025471,0.15756419057854049,-0.046049700126793269,0.096865512067656021,0.26735147648088908,-0.14239363026309237,0.5440769333427532,0,0,0,0,0,0,-0,-0,-0,-0,-0,-0
hold,0,820,8.2099999999994111,4,1,1,2,2,0,0,0,0,-0.36763823456806777,0,-3.2251878157032605,6.2849920978364811,-13.155278641228056,-3.2007651506488353,6.27899175160311,-12.295227394650308,0.20236424801708058,-0.067934601237561648,0.12455233109688398,0.2984985684766191,-0.19938487748330286,0.34226716515724764,0,0,0,0,0,0,-0,-0,-0,-0,-0,-0
hold,0,821,8.2199999999994144,4,1,1,2,2,0,0,0,0,-0.367651011719622,0,-3.2229176991859712,6.2841222877447542,-13.154181915733252,-3.1976666439170276,6.276791070346146,-12.292969680457249,0.24069178587630205,-0.087360090476578445,0.12637661084872726,0.31539745932693514,-0.23015721724879193,0.14853826054960212,0,0,0,0,0,0,-0,-0,-0,-0,-0,-0
hold,0,822,8.2299999999994178,4,1,1,2,2,0,0,0,0,-0.36766140284629795,0,-3.2203461789807486,6.2832764397823802,-13.152779031105878,-3.1945349540799759,6.2745687377751818,-12.292495993780983,0.26606381236797216,-0.073934514355285419,0.16748801799709961,0.31095252770525017,-0.21801130520430764,-0.028938707303325664,0,0,0,0,0,0,-0,-0,-0,-0,-0,-0
hold,0,823,8.2399999999994211,4,1,1,2,2,0,0,0,0,-0.36767135129599043,0,-3.2175396215565528,6.2824739279918198,-13.151402027987592,-3.1914923813320986,6.2724914974397947,-12.294005536954435,0.28821937303814366,-0.075875426620865993,0.13579563994092947,0.29767071756442393,-0.19774125250927665,-0.23467194342551576,0,0,0,0,0,0,-0,-0,-0,-0,-0,-0
hold,0,824,8.2499999999994245,4,1,1,2,2,0,0,0,0,-0.36767939565579599,0,-3.2145753863229869,6.2818063199491423,-13.150138403271487,-3.1887305975962121,6.2709292209607845,-12.297415899723791,0.30029759260866545,-0.053407559736328727,0.13446027852146589,0.26553483099725639,-0.14079884401335102,-0.43092792782795347,0,0,0,0,0,0,-0,-0,-0,-0,-0,-0
hold,0,825,8.2599999999994278,4,1,1,2,2,0,0,0,0,-0.36769157032874222,0,-3.2115470605357039,6.2815842081247659,-13.148474976793985,-3.1862586401543238,6.2697705332094262,-12.30314123624982,0.30463261168843231,-0.0041520273356907729,0.17861834117437778,0.23540828885893769,-0.10042717779628564,-0.66737727377414191,0,0,0,0,0,0,-0,-0,-0,-0,-0,-0
hold,0,826,8.2699999999994311,4,1,1,2,2,0,0,0,0,-0.36769654917511974,0,-3.2084547769388583,6.2816497381456369,-13.146843954021572,-3.1843805922508444,6.2698990062394664,-12.310011808476668,0.31183873510342502,0.015767640805426836,0.16276795896080865,0.14483158094033974,0.11917503239605731,-0.66595944368105775,0,0,0,0,0,0,-0,-0,-0,-0,-0,-0
hold,0,827,8.2799999999994345,4,1,1,2,2,0,0,0,0,-0.36769053619372993,0,-3.2052881747080066,6.2818967214531352,-13.145318138704859,-3.183488819675989,6.272481734343522,-12.316474301714718,0.3192439249464657,0.035339787682218939,0.1608495633314915,0.052735756772079909,0.34824944941024455,-0.63664997406607859,0,0,0,0,0,0,-0,-0,-0,-0,-0,-0
hold,0,828,8.2899999999994378,4,1,1,2,2,0,0,0,0,-0.367684259879206,0,-3.2020471698212969,6.2823955271594496,-13.143553541665975,-3.1833734339501731,6.2770301546250771,-12.32273039554504,0.3284416362291791,0.054946253608987153,0.17725634510709801,-0.0088532826021931552,0.51199153436621603,-0.61756306474361489,0,0,0,0,0,0,-0,-0,-0,-0,-0,-0
hold,0,829,8.2999999999994412,4,1,1,2,2,0,0,0,0,-0.3676775161646717,0,-3.1986835747796025,6.2830062991568276,-13.141700777649742,-3.1835764540174649,6.2826232937435496,-12.328760528771081,0.3426447349596628,0.061878776985165133,0.1856324790604981,-0.020695061975335188,0.57674604317269673,-0.59157916229831498,0,0,0,0,0,0,-0,-0,-0,-0,-0,-0
hold,0,830,8.3099999999994445,4,1,1,2,2,0,0,0,0,-0.36767064089403012,0,-3.1951533685168831,6.283654207062062,-13.139685724031848,-3.1835654949650509,6.2882099473300457,-12.334449228967465,0.36139209758531643,0.061099080165075634,0.20120717973209729,0.023139142395177795,0.53229475344893851,-0.55116194711902822,0,0,0,0,0,0,-0,-0,-0,-0,-0,-0
hold,0,831,8.3199999999994478,4,1,1,2,2,0,0,0,0,-0.36766182185483137,0,-3.191389803236234,6.2841406055129063,-13.13774897428631,-3.1828011496044111,6.2927451834873978,-12.339630504932998,0.38679325433740575,0.039553217741246829,0.18970275612179835,0.11805218887829208,0.38908920422927118,-0.49427345040626719,0,0,0,0,0,0,-0,-0,-0,-0,-0,-0
hold,0,832,8.3299999999994512,4,1,1,2,2,0,0,0,0,-0.36765419350396833,0,-3.1873665371311066,6.284441331668372,-13.13574354748361,-3.1808340266597184,6.2953456866303323,-12.344176010798057,0.41353512531786213,0.020380333234381015,0.2017395843282164,0.25152528442713645,0.16929455764686163,-0.42746944439276235,0,0,0,0,0,0,-0,-0,-0,-0,-0,-0
hold,0,833,8.3399999999994545,4,1,1,2,2,0,0,0,0,-0.36764952054397221,0,-3.18307133500802,6.2845516499846639,-13.133540474990163,-3.1774235930178385,6.295518232121184,-12.348051369343986,0.43969025266225503,0.0072848765107611227,0.2394013607208724,0.40192018117246597,-0.08717494005354659,-0.36183007278307761,0,0,0,0,0,0,-0,-0,-0,-0,-0,-0
hold,0,834,8.3499999999994579,4,1,1,2,2,0,0,0,0,-0.36765083378039748,0,-3.1785278744253702,6.2845964358753168,-13.130757713192612,-3.1725742828806833,6.2933169605846384,-12.350982709176607,0.46406437871352668,0.0028768415790466914,0.30646184790441883,0.53384929282600668,-0.28885625139847088,-0.22043326626105189,0,0,0,0,0,0,-0,-0,-0,-0,-0,-0
hold,0,835,8.3599999999994612,4,1,1,2,2,0,0,0,0,-0.36765508098951433,0,-3.1737245977764785,6.2844891597076007,-13.127514277532114,-3.1666552458496833,6.2896535053471645,-12.352257703742774,0.49161652979164627,-0.02345208195806147,0.32809450840257509,0.62538069411654262,-0.40996637128017915,-0.073071314421443254,0,0,0,0,0,0,-0,-0,-0,-0,-0,-0
hold,0,836,8.3699999999994645,4,1,1,2,2,0,0,0,0,-0.36765908837961569,0,-3.1686876771628412,6.2842363863902779,-13.12379694464442,-3.1600205713634795,6.2851112743965363,-12.352199580409547,0.51283809480789655,-0.034068306321582607,0.38231722373906973,0.68213368379679362,-0.47329891563064169,0.048513824335072522,0,0,0,0,0,0,-0,-0,-0,-0,-0,-0
hold,0,837,8.3799999999994679,4,1,1,2,2,0,0,0,0,-0.36766538227883905,0,-3.1634944233920028,6.2840262059909495,-13.119251632270224,-3.1531083355400611,6.2804476703628414,-12.351040865687557,0.52627185529003284,-0.031475297779573037,0.45187472077465524,0.69058683352508954,-0.45089980148658687,0.15310354580548904,0,0,0,0,0,0,-0,-0,-0,-0,-0,-0
hold,0,838,8.3899999999994712,4,1,1,2,2,0,0,0,0,-0.36766461960778662,0,-3.1580710563569987,6.2831627282957534,-13.115717196281233,-3.1463524033218473,6.2763643822988477,-12.349233249975478,0.55194757855366761,-0.12226890481179187,0.28633988905853841,0.65952074091268253,-0.36930485477471553,0.19692306180266428,0,0,0,0,0,0,-0,-0,-0,-0,-0,-0
hold,0,839,8.3999999999994746,4,1,1,2,2,0,0,0,0,-0.36765858412863023,0,-3.1524556357352091,6.2815039167432776,-13.113730459951631,-3.1401319164521673,6.2734807262350749,-12.3471001293334,0.56605429089524273,-0.19149580776872252,0.14217908104615196,0.5931714993683439,-0.22766243814948589,0.22299600859825053,0,0,0,0,0,0,-0,-0,-0,-0,-0,-0
hold,0,840,8.4099999999994779,4,1,1,2,2,0,0,0,0,-0.36765172111263211,0,-3.146782004931854,6.2792879778935724,-13.113175951684607,-3.1347292796511441,6.2722802813424394,-12.344743976876018,0.56731748956774697,-0.24378736887054275,-0.014246846639715274,0.50046117255449751,-0.04005775893202973,0.24413178207758129,0,0,0,0,0,0,-0,-0,-0,-0,-0,-0
hold,0,841,8.4199999999994812,4,1,1,2,2,0,0,0,0,-0.36765066235549637,0,-3.1411615449940333,6.2765790939365633,-13.114438041380653,-3.1303644927654664,6.2731610365500678,-12.342120423601974,0.5543335182589284,-0.27754536009480263,-0.18766911826372296,0.39700988606757076,0.16774744024677737,0.27803599786047334,0,0,0,0,0,0,-0,-0,-0,-0,-0,-0
hold,0,842,8.4299999999994846,4,1,1,2,2,0,0,0,0,-0.36765019413489369,0,-3.1357732614216527,6.2737426270948369,-13.11733354124628,-3.1269543825398425,6.275962305383409,-12.3390658764381,0.52618494954245842,-0.27852069691445508,-0.33800869240896914,0.30755958445186965,0.33986860489122661,0.29818795438720541,0,0,0,0,0,0,-0,-0,-0,-0,-0,-0
hold,0,843,8.4399999999994879,4,1,1,2,2,0,0,0,0,-0.36763763312138709,0,-3.1306537216063046,6.2709841964361939,-13.121220475443691,-3.1242743282162109,6.2798287372131139,-12.336895040063034,0.50578359606578116,-0.28320539377590798,-0.43088231236552454,0.24626922037737259,0.40892531884679179,0.16722333448323601,0,0,0,0,0,0,-0,-0,-0,-0,-0,-0
hold,0,844,8.4499999999994913,4,1,1,2,2,0,0,0,0,-0.36761801519716275,0,-3.1258960266204459,6.2686709889933496,-13.125365343557007,-3.1219005322927229,6.2838469122096718,-12.335687594631322,0.45543364387606405,-0.18969099308628154,-0.37979257608771583,0.23765507644868736,0.38565845874839833,0.09488722073674212,0,0,0,0,0,0,-0,-0,-0,-0,-0,-0
hold,0,845,8.4599999999994946,4,1,1,2,2,0,0,0,0,-0.36759602693533661,0,-3.1217001462848333,6.2674227926400885,-13.128973189383832,-3.1193476267044664,6.2871552252678171,-12.334954244241523,0.39632266311981973,-0.082240142984266934,-0.34526994904198838,0.27230947074929113,0.28462428231567477,0.063306228638105047,0,0,0,0,0,0,-0,-0,-0,-0,-0,-0
hold,0,846,8.4699999999994979,4,1,1,2,2,0,0,0,0,-0.36758618967150758,0,-3.1182730865906589,6.2675971423254708,-13.132256276212503,-3.1162367427049347,6.2887051205824172,-12.335718373758734,0.30056041316292204,0.098517823811670319,-0.30994587843704818,0.33995280341532752,0.049595586929379896,-0.21581335445889155,0,0,0,0,0,0,-0,-0,-0,-0,-0,-0
hold,0,847,8.4799999999995013,4,1,1,2,2,0,0,0,0,-0.36758994252852584,0,-3.1158114416983445,6.2695631109569021,-13.135265813788155,-3.1124203987196166,6.2879121012560084,-12.338904692707231,0.22423561268531125,0.23693191478124889,-0.27843284114241296,0.40971459578038871,-0.14722331744790323,-0.31528417264289249,0,0,0,0,0,0,-0,-0,-0,-0,-0,-0
hold,0,848,8.4899999999995046,4,1,1,2,2,0,0,0,0,-0.36758439075174804,0,-3.1138452729623074,6.2723938530248251,-13.137818356206228,-3.1079911319703251,6.2856352631564416,-12.341889568766689,0.17728094383961426,0.31127193622489047,-0.25521803938677701,0.46040565674150358,-0.27280600392919918,-0.29063258715503237,0,0,0,0,0,0,-0,-0,-0,-0,-0,-0
hold,0,849,8.4999999999995079,4,1,1,2,2,0,0,0,0,-0.36757629540489595,0,-3.1122898005346609,6.275866213579242,-13.139999815153987,-3.1032532091221352,6.2824383208041485,-12.344833679760118,0.1416091818907218,0.36839406982272116,-0.1985622122114524,0.47720496509748528,-0.34123818522816557,-0.30106840686852898,0,0,0,0,0,0,-0,-0,-0,-0,-0,-0
hold,0,850,8.5099999999995113,4,1,1,2,2,0,0,0,0,-0.36756956679471164,0,-3.1110437611677977,6.2797842223659526,-13.141664014430507,-3.0985974396153111,6.2789922867562495,-12.348082913469543,0.11438340095660351,0.40197426232245309,-0.15594666186010786,0.45263316205790816,-0.33735332678218111,-0.34362810096660207,0,0,0,0,0,0,-0,-0,-0,-0,-0,-0
hold,0,851,8.5199999999995146,4,1,1,2,2,0,0,0,0,-0.36756218146690534,0,-3.1099958520019002,6.28378397170904,-13.143246398917471,-3.0944012510300176,6.2759916983157815,-12.351816973972548,0.10070293793786866,0.39395901849784598,-0.15905319274663621,0.39296560053140139,-0.26101568165093147,-0.37518803534206291,0,0,0,0,0,0,-0,-0,-0,-0,-0,-0
hold,0,852,8.529999999999518,4,1,1,2,2,0,0,0,0,-0.36755958835858343,0,-3.1089891605905562,6.2875618020907247,-13.144626327318225,-3.0910015902727075,6.274348291524289,-12.355151271266658,0.10228297634844397,0.36549238536805595,-0.11601024693794428,0.30155467347279796,-0.095189948649307604,-0.31039654867744587,0,0,0,0,0,0,-0,-0,-0,-0,-0,-0
hold,0,853,8.5399999999995213,4,1,1,2,2,0,0,0,0,-0.36756228188210427,0,-3.1078813800521803,6.2909309301202825,-13.14536265305871,-3.0885958013372177,6.2744656220325261,-12.358026701006281,0.11914412548650086,0.3125769146725485,-0.044809867316210929,0.20033273363775425,0.081342528664927694,-0.2752416637473068,0,0,0,0,0,0,-0,-0,-0,-0,-0,-0
hold,0,854,8.5499999999995246,4,1,1,2,2,0,0,0,0,-0.36756873067386253,0,-3.1065620781460894,6.293760583861955,-13.145075646954457,-3.0871880696487248,6.2762897536075535,-12.360626628589394,0.14205321064546389,0.26040056939790229,0.078973282323646254,0.10371721535463203,0.24419270733591605,-0.25056211154578495,0,0,0,0,0,0,-0,-0,-0,-0,-0,-0
hold,0,855,8.559999999999528,4,1,1,2,2,0,0,0,0,-0.36757165478362031,0,-3.1047681045605411,6.2954253901931558,-13.144167807087385,-3.0865100790044533,6.279266039980655,-12.363034219552516,0.20540033413738368,0.102097800345766,0.10092393106472101,0.047552374733976506,0.32603616199829272,-0.23319776633177464,0,0,0,0,0,0,-0,-0,-0,-0,-0,-0
hold,0,856,8.5699999999995313,4,1,1,2,2,0,0,0,0,-0.36757100411954607,0,-3.1023149864161885,6.295471776706,-13.142963310057418,-3.0862157460843838,6.2827171382324369,-12.365205680153533,0.27160660771976242,-0.059506976392484916,0.13434546718359924,0.021664869987812013,0.34960815561152475,-0.20453895304216035,0,0,0,0,0,0,-0,-0,-0,-0,-0,-0
hold,0,857,8.5799999999995347,4,1,1,2,2,0,0,0,0,-0.36757070313943419,0,-3.0992559374013027,6.2940405727360087,-13.141319039528312,-3.0859841020290215,6.2860327071275943,-12.366986942816398,0.32554322950080783,-0.19074111798472945,0.19095487386363857,0.028473701102080601,0.31147984337691415,-0.15743012067735648,0,0,0,0,0,0,-0,-0,-0,-0,-0,-0
hold,0,858,8.589999999999538,4,1,1,2,2,0,0,0,0,-0.36757342081044303,0,-3.0957760940484862,6.2915817238321541,-13.138927817394853,-3.0854920684648945,6.2886065022083439,-12.368173606448858,0.36311094043502623,-0.2851255804508912,0.26267834810411717,0.066139309890309014,0.21516856962227818,-0.092460424734658889,0,0,0,0,0,0,-0,-0,-0,-0,-0,-0
hold,0,859,8.5999999999995413,4,1,1,2,2,0,0,0,0,-0.36757882967772049,0,-3.092044674321901,6.2884749027997202,-13.135634761512874,-3.0844696810480885,6.2899289676853858,-12.368605447160755,0.38263335773495649,-0.33965365451554991,0.34933929794483504,0.12627023575400262,0.076231518994161432,-0.013886712231673322,0,0,0,0,0,0,-0,-0,-0,-0,-0,-0
hold,0,860,8.6099999999995447,4,1,1,2,2,0,0,0,0,-0.36758279411327965,0,-3.0881366284639054,6.2847532818799667,-13.13186364527226,-3.0828299602916283,6.2898074585872266,-12.3683243909658,0.39174166576823083,-0.38046105865912916,0.41271208556705957,0.19023170412068335,-0.075009973652856665,0.051283022010833526,0,0,0,0,0,0,-0,-0,-0,-0,-0,-0
hold,0,861,8.619999999999548,4,1,1,2,2,0,0,0,0,-0.36758911802727934,0,-3.0841952521706029,6.280381224347849,-13.128750473623642,-3.0805843934564043,6.2882376763651582,-12.367358505829095,0.39297537538749161,-0.47096433276869404,0.24072802220541603,0.24591287631038736,-0.2087614772275026,0.12728813161295546,0,0,0,0,0,0,-0,-0,-0,-0,-0,-0
hold,0,862,8.6299999999995514,4,1,1,2,2,0,0,0,0,-0.36759671647797393,0,-3.0803800800625187,6.2753554670888558,-13.127350680008965,-3.0779025348270928,6.2855464240170686,-12.365674002702521,0.37017391206005729,-0.51523602271828983,0.07821177485432694,0.27835436429144333,-0.30120015683883233,0.19247711916680982,0,0,0,0,0,0,-0,-0,-0,-0,-0,-0
hold,0,863,8.6399999999995547,4,1,1,2,2,0,0,0,0,-0.36760070819763424,0,-3.077083685152826,6.2708023236679864,-13.126274782884355,-3.0751064634317085,6.2822919507172728,-12.363508455213619,0.29978113534437406,-0.40842163494694056,0.13178042976100598,0.27595887546525016,-0.33325821659813387,0.2314966874980354,0,0,0,0,0,0,-0,-0,-0,-0,-0,-0
hold,0,864,8.649999999999558,4,1,1,2,2,0,0,0,0,-0.36760269639499554,0,-3.074651773345416,6.2675943808003609,-13.124825119560217,-3.0725333399423347,6.2790754964680549,-12.361048515268765,0.20435291470328434,-0.25848600085471907,0.16089190302110504,0.24006303344842742,-0.30478395783340778,0.25465436746433751,0,0,0,0,0,0,-0,-0,-0,-0,-0,-0
hold,0,865,8.6599999999995614,4,1,1,2,2,0,0,0,0,-0.36760326393103832,0,-3.0733310439034787,6.2660927599148426,-13.123454638948898,-3.0704817867031267,6.2764297207963775,-12.358461920160703,0.082522969390249931,-0.075622836367354312,0.12063234973600295,0.17852140414402717,-0.23155660957288574,0.26006692081936245,0,0,0,0,0,0,-0,-0,-0,-0,-0,-0
hold,0,866,8.6699999999995647,4,1,1,2,2,0,0,0,0,-0.36760617669896334,0,-3.0732153091911698,6.2664418688687551,-13.122265804868437,-3.0692053862739703,6.2748227817186812,-12.355849637888344,-0.031526829059222841,0.10526436252219318,0.13730805310996858,0.08919162498043498,-0.10418658325894825,0.26288706832883779,0,0,0,0,0,0,-0,-0,-0,-0,-0,-0
hold,0,867,8.6799999999995681,4,1,1,2,2,0,0,0,0,-0.36761447409429604,0,-3.0742159956108299,6.2685497002903023,-13.120915379473931,-3.0688914261341234,6.2746214867397114,-12.353225834147182,-0.14073504070092974,0.27683870441977476,0.15547075681709974,-0.0097382091228260317,0.041018470701086232,0.26169746583613523,0,0,0,0,0,0,-0,-0,-0,-0,-0,-0
hold,0,868,8.6899999999995714,4,1,1,2,2,0,0,0,0,-0.36762808681261427,0,-3.0760877363630135,6.2715749679776227,-13.120707298275974,-3.0695858129376701,6.2759374174301108,-12.350529482437947,-0.21822447641549136,0.32194384087429856,-0.059976119012996827,-0.10643743768917693,0.18703177528540174,0.27687859474228771,0,0,0,0,0,0,-0,-0,-0,-0,-0,-0
hold,0,869,8.6999999999995747,4,1,1,2,2,0,0,0,0,-0.36764114261553504,0,-3.0787092623679007,6.2751033446990263,-13.122258050523829,-3.0711030633041245,6.2784713648701089,-12.347541336711062,-0.28295535510617259,0.35272810527113135,-0.23373635190180173,-0.18147272027169001,0.29810441031402884,0.31751460139013149,0,0,0,0,0,0,-0,-0,-0,-0,-0,-0
hold,0,870,8.7099999999995781,4,1,1,2,2,0,0,0,0,-0.3676558031140002,0,-3.0818923899266712,6.2790847169889172,-13.124406833305514,-3.0732141562871473,6.2818775919295096,-12.343927553198217,-0.33900723316440029,0.43530140183208743,-0.15759112154093988,-0.22775541170205474,0.36477106919198582,0.39705463769256577,0,0,0,0,0,0,-0,-0,-0,-0,-0,-0
hold,0,871,8.7199999999995814,4,1,1,2,2,0,0,0,0,-0.36766563178882705,0,-3.085484100535409,6.2836958464805175,-13.125502854030358,-3.0755590045975851,6.285439599908905,-12.339760667726658,-0.36875457636148545,0.4738765307911505,-0.064960364063623516,-0.23160549225725072,0.32560618750308146,0.39350774985967513,0,0,0,0,0,0,-0,-0,-0,-0,-0,-0
hold,0,872,8.7299999999995848,4,1,1,2,2,0,0,0,0,-0.36766397619602548,0,-3.0892184527690452,6.2884071767272118,-13.125644518871011,-3.0776857192061144,6.2879792300028967,-12.336075894150245,-0.37200358834687297,0.45754493846321465,0.0073146114709860995,-0.19699398190138662,0.20251913584764195,0.35861818841731441,0,0,0,0,0,0,-0,-0,-0,-0,-0,-0
hold,0,873,8.7399999999995881,4,1,1,2,2,0,0,0,0,-0.36765598574312075,0,-3.0927735396242566,6.2923579089214456,-13.125786495175154,-3.0793552844100596,6.2891547367526375,-12.332500404573079,-0.34056446711627192,0.34225254962407731,-0.041309488754494368,-0.14538998867182068,0.059171045646463222,0.36021249751554063,0,0,0,0,0,0,-0,-0,-0,-0,-0,-0
hold,0,874,8.7499999999995914,4,1,1,2,2,0,0,0,0,-0.36765289647164906,0,-3.0959677278446724,6.2950200063755002,-13.126587544336413,-3.0804315093770223,6.2887860902705501,-12.32877961807122,-0.30343050575479424,0.22457552591799906,-0.058874332255402048,-0.08397415919832607,-0.096773683577620076,0.38173093690300858,0,0,0,0,0,0,-0,-0,-0,-0,-0,-0
hold,0,875,8.7599999999995948,4,1,1,2,2,0,0,0,0,-0.36765823399996439,0,-3.0987475490769469,6.2968155670536561,-13.126151904700786,-3.0809460103448503,6.2868866273778803,-12.325206543111399,-0.25317374727782149,0.13842792261523806,0.12461960437000087,-0.030659446776636939,-0.26776942758266886,0.27122425789021976,0,0,0,0,0,0,-0,-0,-0,-0,-0,-0
hold,0,876,8.7699999999995981,4,1,1,2,2,0,0,0,0,-0.36767621059535277,0,-3.1006116230021297,6.2967775283261069,-13.124585553719131,-3.0810572622480299,6.2832487415745817,-12.323926330877658,-0.1485456406056124,-0.097603491203443776,0.13580488508953173,-0.0031443342148547819,-0.40870468102484309,0.070869426865732013,0,0,0,0,0,0,-0,-0,-0,-0,-0,-0
hold,0,877,8.7799999999996015,4,1,1,2,2,0,0,0,0,-0.3676874577299743,0,-3.101842454973287,6.2952108848449964,-13.122725228274559,-3.0812013874888335,6.2792370849381669,-12.322945295756121,-0.10509393108729895,-0.1996818879447026,0.21249909707988415,-0.027438263609162936,-0.38568548329947289,0.11140975005791223,0,0,0,0,0,0,-0,-0,-0,-0,-0,-0
hold,0,878,8.7899999999996048,4,1,1,2,2,0,0,0,0,-0.36769072257916158,0,-3.102651558462274,6.2926063395782545,-13.120288974029977,-3.0818285187560073,6.2759063818180731,-12.321752705466944,-0.063994656077217563,-0.31666597202440122,0.21141198191424013,-0.091733305863454018,-0.28784547945789907,0.12063937425526255,0,0,0,0,0,0,-0,-0,-0,-0,-0,-0
hold,0,879,8.7999999999996081,4,1,1,2,2,0,0,0,0,-0.36769312068768911,0,-3.1031953947739535,6.2892647513376563,-13.117322911232131,-3.0833070411905279,6.2739375422113177,-12.320612320663638,-0.048006261695160111,-0.34730824057082421,0.34547270293682064,-0.18711941293514095,-0.13251903140174215,0.10828419378541686,0,0,0,0,0,0,-0,-0,-0,-0,-0,-0
hold,0,880,8.8099999999996115,4,1,1,2,2,0,0,0,0,-0.36769740053823174,0,-3.103598770704707,6.2853021169183414,-13.114381535749365,-3.0858321841998655,6.2737138626573028,-12.319601924373716,-0.037505110549688477,-0.40815832861164242,0.31730199871305309,-0.29055357237525781,0.046986051474482683,0.11861602844946931,0,0,0,0,0,0,-0,-0,-0,-0,-0,-0
hold,0,881,8.8199999999996148,4,1,1,2,2,0,0,0,0,-0.36770291479276351,0,-3.1040371206169191,6.2811907206290272,-13.111087064427705,-3.0893599317410865,6.2752166862563197,-12.318553359185994,-0.050797470129056416,-0.40466659549108663,0.34614463613379182,-0.3889439999094268,0.20993063391792338,0.098933236608608199,0,0,0,0,0,0,-0,-0,-0,-0,-0,-0
hold,0,882,8.8299999999996182,4,1,1,2,2,0,0,0,0,-0.367706343204662,0,-3.1047099022389522,6.277247321436267,-13.107837347426456,-3.0937167057405941,6.2780797178873673,-12.317599143840946,-0.084101456481107548,-0.35983859283389014,0.36915269294992753,-0.46265897095777964,0.32991377571224645,0.095819284288837084,0,0,0,0,0,0,-0,-0,-0,-0,-0,-0
hold,0,883,8.8399999999996215,4,1,1,2,2,0,0,0,0,-0.36770825096819337,0,-3.1058176235195525,6.2737865459851445,-13.105079138964507,-3.0986029644864006,6.2817771522690862,-12.316546141729638,-0.13276023846142948,-0.32619082841091729,0.22143568766169131,-0.50055151650838381,0.38680500493974168,0.114827191779238,0,0,0,0,0,0,-0,-0,-0,-0,-0,-0
hold,0,884,8.8499999999996248,4,1,1,2,2,0,0,0,0,-0.36770848099686543,0,-3.1076093894058348,6.2714769130965475,-13.102295457552504,-3.1036420296724727,6.2856479248339774,-12.315154501159745,-0.20758064598096232,-0.16579214657066552,0.33987022797454253,-0.50136230411019644,0.37913898595513684,0.1599751674971126,0,0,0,0,0,0,-0,-0,-0,-0,-0,-0
hold,0,885,8.8599999999996282,4,1,1,2,2,0,0,0,0,-0.36771029564608865,0,-3.1101134650938342,6.2702759345090779,-13.100019375277407,-3.1084865239374944,6.2890914347566511,-12.313169370270607,-0.28704080917348368,-0.067303173329297042,0.17546839043451903,-0.4704362516245813,0.31634881383012076,0.224769155192826,0,0,0,0,0,0,-0,-0,-0,-0,-0,-0
hold,0,886,8.8699999999996315,4,1,1,2,2,0,0,0,0,-0.36772136025166108,0,-3.1135568562297671,6.2703255526857564,-13.099548256257439,-3.1128175320144686,6.2910363625737826,-12.312333861761347,-0.39423823571565308,0.094841987450853135,0.029246285944870522,-0.41025675842788861,0.12094934208632298,0.0034335253360090259,0,0,0,0,0,0,-0,-0,-0,-0,-0,-0
hold,0,887,8.8799999999996349,4,1,1,2,2,0,0,0,0,-0.36773266967310758,0,-3.1181502867649042,6.2727112836650143,-13.098535469822476,-3.1165155580980608,6.2912522364577175,-12.312655106257665,-0.49418541488310441,0.31412993850754689,0.13465729829156076,-0.34206483745953137,-0.028276146942198509,0.0091409402643493169,0,0,0,0,0,0,-0,-0,-0,-0,-0,-0
hold,0,888,8.8899999999996382,4,1,1,2,2,0,0,0,0,-0.36773403863700838,0,-3.123362655299692,6.2760503602640103,-13.098339424738192,-3.1194991836332386,6.2902580510993271,-12.311749775982108,-0.5367344182638305,0.34296183297224597,-0.05374612506238137,-0.27042828357727072,-0.14429266369661592,0.14256960676947047,0,0,0,0,0,0,-0,-0,-0,-0,-0,-0
hold,0,889,8.8999999999996415,4,1,1,2,2,0,0,0,0,-0.36773017735062608,0,-3.1289565954491421,6.2798187810542476,-13.099203337570028,-3.1218756612711855,6.2883151001677291,-12.309658490310445,-0.57363005024622116,0.4117852074934939,-0.057784442601791136,-0.21786707097795002,-0.22342042102363729,0.2514274514655942,0,0,0,0,0,0,-0,-0,-0,-0,-0,-0
hold,0,890,8.9099999999996449,4,1,1,2,2,0,0,0,0,-0.36772306583894121,0,-3.1347941603149638,6.2842977778524638,-13.099208856924353,-3.1238315338605194,6.2857927600215238,-12.306569133100121,-0.58320956846375049,0.44065395400272772,-0.027275787289404524,-0.18395036185093588,-0.26514376137452217,0.34477839388259984,0,0,0,0,0,0,-0,-0,-0,-0,-0,-0
hold,0,891,8.9199999999996482,4,1,1,2,2,0,0,0,0,-0.36771893162150515,0,-3.1404886130447709,6.2882795583153062,-13.100076792689796,-3.1255670084124909,6.283098638676428,-12.302579598093608,-0.55909201519161966,0.38794751184883575,-0.051983988199610268,-0.16948583702604203,-0.26681588394115474,0.43064572851858285,0,0,0,0,0,0,-0,-0,-0,-0,-0,-0
hold,0,892,8.9299999999996515,4,1,1,2,2,0,0,0,0,-0.36771482802178046,0,-3.1457826243950677,6.291892878335025,-13.099555323146067,-3.1272298667571308,6.2803674576249264,-12.29848307202745,-0.49924523686282879,0.30823681865998842,0.062000199778316806,-0.16241646129327114,-0.29554135623331973,0.33753749982746201,0,0,0,0,0,0,-0,-0,-0,-0,-0,-0
hold,0,893,8.9399999999996549,4,1,1,2,2,0,0,0,0,-0.36772081380329108,0,-3.1501933343453947,6.2937226027540927,-13.099506956223046,-3.128855587168061,6.2771383873884989,-12.296394307242506,-0.40527299915415177,0.12200638672707186,0.030103687689493661,-0.16589194140360047,-0.33582176483987042,0.11922546271745277,0,0,0,0,0,0,-0,-0,-0,-0,-0,-0
hold,0,894,8.9499999999996582,4,1,1,2,2,0,0,0,0,-0.36772194117448298,0,-3.153849969380202,6.2945723368704929,-13.097854358238989,-3.1308545070626073,6.2746731414762209,-12.294641250032951,-0.34011779745566745,0.049458724700460213,0.20739477961522235,-0.22791674028797518,-0.17684767496012707,0.20938450464574015,0,0,0,0,0,0,-0,-0,-0,-0,-0,-0
hold,0,895,8.9599999999996616,4,1,1,2,2,0,0,0,0,-0.36771674601595317,0,-3.1567267856366019,6.2938861487424358,-13.096551915078754,-3.1335641239260239,6.2739644957669167,-12.292148050195014,-0.25149595424454624,-0.14599231128921775,0.092260622122701613,-0.29844355114723231,-0.0025885862951089134,0.2733228127372016,0,0,0,0,0,0,-0,-0,-0,-0,-0,-0
hold,0,896,8.9699999999996649,4,1,1,2,2,0,0,0,0,-0.36771313606074263,0,-3.158679337770395,6.2917655328845132,-13.094311057970533,-3.1367019559244369,6.2740356309063969,-12.29069341727522,-0.15731671369825267,-0.25940283721323965,0.29793315681421734,-0.32192422188713327,0.011377526014663042,0.067102899883824008,0,0,0,0,0,0,-0,-0,-0,-0,-0,-0
hold,0,897,8.9799999999996682,4,1,1,2,2,0,0,0,0,-0.3677077210345035,0,-3.1597547609479646,6.2881859686936465,-13.0917715187884,-3.1401426850419654,6.2745906875271658,-12.290499620260276,-0.083855474802313895,-0.41199323004520411,0.2021481765162749,-0.36997406938512978,0.12137725531038579,0.043694285638419525,0,0,0,0,0,0,-0,-0,-0,-0,-0,-0
hold,0,898,8.9899999999996716,4,1,1,2,2,0,0,0,0,-0.36769319931224931,0,-3.1603978540214657,6.2841084943655865,-13.088640687163688,-3.1440773916889664,6.2765336295733256,-12.289637948677537,-0.056298356797825459,-0.39577985893640993,0.38143927069744332,-0.4073291706094247,0.23929418321877555,0.11339065311081606,0,0,0,0,0,0,-0,-0,-0,-0,-0,-0
hold,0,899,8.9999999999996749,4,1,1,2,2,0,0,0,0,-0.36768080928066338,0,-3.1609231959331998,6.2801876347772154,-13.084996810015586,-3.1482164517277673,6.2790589197286639,-12.289084544139667,-0.053425801240982146,-0.39251138578996958,0.31681588684522988,-0.41382348769748295,0.24407997259174369,-0.014003349886152448,0,0,0,0,0,0,-0,-0,-0,-0,-0,-0
hold,0,900,9.0099999999996783,4,1,1,2,2,0,0,0,0,-0.36767175833301918,0,-3.1616498292415942,6.2767012568023919,-13.082237402928989,-3.1523111958954675,6.2814073692452652,-12.289817982617317,-0.08921911395951132,-0.31242285526055247,0.24775507434147528,-0.40950320207749696,0.24751582280629369,-0.063668030968658487,0,0,0,0,0,0,-0,-0,-0,-0,-0,-0
hold,0,901,9.0199999999996816,4,1,1,2,2,0,0,0,0,-0.36766029101518422,0,-3.1627946396146189,6.2739691553697181,-13.080763489971011,-3.1564101762534329,6.2842401762145954,-12.289729103364564,-0.13389982313941423,-0.24197754145223926,0.079401321662676522,-0.40707952598240732,0.30128571894769057,0.056682533512382387,0,0,0,0,0,0,-0,-0,-0,-0,-0,-0
hold,0,902,9.0299999999996849,4,1,1,2,2,0,0,0,0,-0.36765010453708907,0,-3.1647644759584672,6.2732613042857928,-13.078983494256457,-3.1603135796845967,6.2869937646723795,-12.28954688719452,-0.23860107551160864,0.048022600756455376,0.26327186116991874,-0.37465287479355586,0.2393544315679311,-0.042747857969388355,0,0,0,0,0,0,-0,-0,-0,-0,-0,-0
hold,0,903,9.0399999999996883,4,1,1,2,2,0,0,0,0,-0.36764685786109119,0,-3.1675767130337351,6.2745044211658403,-13.077453037972345,-3.1637917293177988,6.2890007365859457,-12.290072533597739,-0.30228900665932273,0.15970612810232473,0.078040314822059295,-0.32873589271428055,0.18953569983673785,0.0029420760480017363,0,0,0,0,0,0,-0,-0,-0,-0,-0,-0
hold,0,904,9.0499999999996916,4,1,1,2,2,0,0,0,0,-0.36763768617141074,0,-3.1709423215926251,6.2768383087930015,-13.077259775859527,-3.166771417638699,6.2906718935511243,-12.289347789715025,-0.35229114526350674,0.2597377624822369,-0.052480738752759569,-0.27307419792633059,0.13459881480473904,0.084444772172505206,0,0,0,0,0,0,-0,-0,-0,-0,-0,-0
hold,0,905,9.059999999999695,4,1,1,2,2,0,0,0,0,-0.36763622641980914,0,-3.1746621601028595,6.2798181986191945,-13.078656116520579,-3.1691059055588005,6.2912516309251725,-12.289222801019086,-0.38323108887232371,0.32797299610087632,-0.16860632934811495,-0.20872372507183562,0.021027867653683651,0.0036460198888977752,0,0,0,0,0,0,-0,-0,-0,-0,-0,-0
hold,0,906,9.0699999999996983,4,1,1,2,2,0,0,0,0,-0.36762652366306603,0,-3.1785066617318298,6.283298245124513,-13.08057718894856,-3.1708016732611437,6.2911684556288687,-12.288248400217695,-0.38514372299491423,0.37928384427630363,-0.14302862874742714,-0.14573761205848762,-0.024864329746537045,0.15091766339153617,0,0,0,0,0,0,-0,-0,-0,-0,-0,-0
hold,0,907,9.0799999999997016,4,1,1,2,2,0,0,0,0,-0.36761642864538596,0,-3.1822353958576084,6.2873891811091713,-13.080982477940237,-3.1718738910673259,6.2904674182630878,-12.286541355509337,-0.35426865664330659,0.3859768262484341,-0.057101310019203148,-0.080001831949999463,-0.11775425936301825,0.12918515513149573,0,0,0,0,0,0,-0,-0,-0,-0,-0,-0
hold,0,908,9.089999999999705,4,1,1,2,2,0,0,0,0,-0.3676184622751143,0,-3.1853119449631548,6.2903869427507981,-13.082315991969887,-3.1722777867860694,6.2885820136132224,-12.285946608878579,-0.27451518692681198,0.25425638399357137,-0.12481935073174427,-0.017095430395214044,-0.21927746632121939,0.049692490347589699,0,0,0,0,0,0,-0,-0,-0,-0,-0,-0
hold,0,909,9.0999999999997083,4,1,1,2,2,0,0,0,0,-0.36761443894141987,0,-3.1876645732804443,6.2929148742595693,-13.081718925069016,-3.1721505506870695,6.286342348526011,-12.28444291532238,-0.19541307698358257,0.20949765338330911,0.12026687744333746,0.029090714840209999,-0.22287456438094347,0.20149326434463974,0,0,0,0,0,0,-0,-0,-0,-0,-0,-0
hold,0,910,9.1099999999997117,4,1,1,2,2,0,0,0,0,-0.36760452370290525,0,-3.1889027701887103,6.293809812479374,-13.080769802272576,-3.1716527215406014,6.284115481045367,-12.282025000211563,-0.071657455052262287,0.0022124844520192144,0.084039379046913984,0.064648836635497711,-0.23737605507610871,0.21965898451217886,0,0,0,0,0,0,-0,-0,-0,-0,-0,-0
hold,0,911,9.119999999999715,4,1,1,2,2,0,0,0,0,-0.36759665127326968,0,-3.1887685720088301,6.2925666338027515,-13.079459922338755,-3.1708026953769139,6.281455475362808,-12.280574437966346,0.066877247929690867,-0.20646644196065123,0.14710302379484624,0.097252351890095193,-0.28344140232609033,0.093520568335707752,0,0,0,0,0,0,-0,-0,-0,-0,-0,-0
hold,0,912,9.1299999999997183,4,1,1,2,2,0,0,0,0,-0.36759518688200921,0,-3.1874943332026326,6.2894282821467655,-13.07853183052767,-3.1697755717927332,6.2787415894279945,-12.279859224821031,0.16149206779334993,-0.36964096086561105,0.070406149301788915,0.099660190480458502,-0.23491181267687303,0.11359126450500728,0,0,0,0,0,0,-0,-0,-0,-0,-0,-0
hold,0,913,9.1399999999997217,4,1,1,2,2,0,0,0,0,-0.36759349963069488,0,-3.1855577065101048,6.2853043230191403,-13.077987449084528,-3.1689353711947312,6.277187279119099,-12.277975550953366,0.20483207688149499,-0.39395688247107763,0.14339534601295828,0.071575105858472307,-0.099264157623343896,0.23527650413175849,0,0,0,0,0,0,-0,-0,-0,-0,-0,-0
hold,0,914,9.149999999999725,4,1,1,2,2,0,0,0,0,-0.36759361380997696,0,-3.183423303663572,6.2818476610796932,-13.07523248104385,-3.1682043300905418,6.2762171167109884,-12.276526415725947,0.21754822179215297,-0.33077300932640497,0.28832251228712913,0.071829677107077189,-0.092432868797657677,0.082754684871370388,0,0,0,0,0,0,-0,-0,-0,-0,-0,-0
hold,0,915,9.1599999999997284,4,1,1,2,2,0,0,0,0,-0.36760036685455555,0,-3.1812502346644811,6.2785226139324362,-13.073451148934288,-3.167553485613027,6.2754294501860297,-12.276667616345755,0.21272033086936645,-0.32557098488461678,0.10409516047548119,0.059965215249331731,-0.068738863103519829,-0.078556678752906603,0,0,0,0,0,0,-0,-0,-0,-0,-0,-0
hold,0,916,9.1699999999997317,4,1,1,2,2,0,0,0,0,-0.36760359507583679,0,-3.1793489804644306,6.275778119876918,-13.073139236232068,-3.1670798415974803,6.2751600129794483,-12.27776872636611,0.17158552012714581,-0.22978895015016607,-0.002754197931312978,0.033277137192030209,0.027292327268009092,-0.074925838964227692,0,0,0,0,0,0,-0,-0,-0,-0,-0,-0
hold,0,917,9.179999999999735,4,1,1,2,2,0,0,0,0,-0.36759541722308109,0,-3.1780891888741092,6.2749245531995772,-13.072133469909341,-3.1669471099264443,6.276243762032486,-12.277934985452118,0.095829138192655622,-0.0011077572930211083,0.12517551159741139,0.0014967480396559929,0.15848459671732984,0.01883090803465487,0,0,0,0,0,0,-0,-0,-0,-0,-0,-0
hold,0,918,9.1899999999997384,4,1,1,2,2,0,0,0,0,-0.3675896832402642,0,-3.1775085324282295,6.275720220465054,-13.071643404889421,-3.1670424009553311,6.2782872673347629,-12.277801592820959,0.031966184478293622,0.13516141798963355,-0.0019716324867031787,-0.010552086933022524,0.20909483754364028,-0.039179307296141497,0,0,0,0,0,0,-0,-0,-0,-0,-0,-0
hold,0,919,9.1999999999997417,4,1,1,2,2,0,0,0,0,-0.36759007986794479,0,-3.1775731558548781,6.278013411062803,-13.071977536659483,-3.1670926865147844,6.2803017138277504,-12.278989086601516,-0.03030776443742856,0.29263980684090218,-0.039783828615296793,0.00033077115964839617,0.1938409515912296,-0.16867333121819891,0,0,0,0,0,0,-0,-0,-0,-0,-0,-0
hold,0,920,9.2099999999997451,4,1,1,2,2,0,0,0,0,-0.36759521681539631,0,-3.178003955284618,6.2812226391405712,-13.073201232586324,-3.1670234543923268,6.2821960685792551,-12.281237668305884,-0.049715433384728759,0.34711340447683436,-0.13603385712404623,0.0099787064054241287,0.20435368792040268,-0.20695936487330682,0,0,0,0,0,0,-0,-0,-0,-0,-0,-0
hold,0,921,9.2199999999997484,4,1,1,2,2,0,0,0,0,-0.36759522792726468,0,-3.1784248180845287,6.2846147775181969,-13.075186147393545,-3.1668788959858265,6.2846268304410717,-12.282454423996048,-0.03472632522063674,0.34035939643977853,-0.20117438375491375,0.020592276877767816,0.26083167509143002,-0.074551075081327023,0,0,0,0,0,0,-0,-0,-0,-0,-0,-0
hold,0,922,9.2299999999997517,4,1,1,2,2,0,0,0,0,-0.36759589143297344,0,-3.178514469383678,6.2876269030910414,-13.077664756277546,-3.1664897133493408,6.2871823841004613,-12.283008136388856,0.013053337849294199,0.27373931138736518,-0.25027634880180916,0.055177785337268803,0.23010114946493287,-0.096289610953446986,0,0,0,0,0,0,-0,-0,-0,-0,-0,-0
hold,0,923,9.2399999999997551,4,1,1,2,2,0,0,0,0,-0.36759995631496023,0,-3.1779325378788972,6.2897692190359109,-13.08000805914927,-3.1656493946250888,6.2889813107699126,-12.284686370559559,0.090983139950124498,0.16109343219595906,-0.25266446142567744,0.10577342457198538,0.14020856911031296,-0.21796743500280591,0,0,0,0,0,0,-0,-0,-0,-0,-0,-0
hold,0,924,9.2499999999997584,4,1,1,2,2,0,0,0,0,-0.36760300744281921,0,-3.1765203658609389,6.2907431549044475,-13.082120331146145,-3.164276712401096,6.2901275970642239,-12.286429167898552,0.17235205619070165,0.07231842759623365,-0.13653781793514863,0.15818136890880335,0.10568119633218423,-0.11613246487056736,0,0,0,0,0,0,-0,-0,-0,-0,-0,-0
hold,0,925,9.2599999999997618,4,1,1,2,2,0,0,0,0,-0.36760382779081457,0,-3.1743969376089591,6.2913183643673829,-13.082002280650141,-3.1623235448168625,6.290942971736678,-12.286667931335604,0.23738917467236118,0.038159397499340601,0.06462407853574588,0.22346962465792039,0.06000913175538708,0.044940961189862121,0,0,0,0,0,0,-0,-0,-0,-0,-0,-0
hold,0,926,9.2699999999997651,4,1,1,2,2,0,0,0,0,-0.36761796574839528,0,-3.1714370681867248,6.2905981559207369,-13.082025309370499,-3.1596548927869028,6.2907011660868193,-12.287052533201614,0.33512231118858221,-0.14201462639153917,-0.031517574143081539,0.29458826500052365,-0.077649322580756991,-0.091310427292355376,0,0,0,0,0,0,-0,-0,-0,-0,-0,-0
hold,0,927,9.2799999999997684,4,1,1,2,2,0,0,0,0,-0.36762844658104099,0,-3.1675671126719944,6.2884234249511515,-13.082147593237899,-3.1563684810553383,6.289474253015797,-12.287968002621819,0.41546101113304057,-0.25764788434967067,-0.0046029973391845183,0.35029782241315288,-0.13760346540489721,-0.040802596607177055,0,0,0,0,0,0,-0,-0,-0,-0,-0,-0
hold,0,928,9.2899999999997718,4,1,1,2,2,0,0,0,0,-0.36763451496769128,0,-3.1631272598400297,6.2853584563364144,-13.082625118508998,-3.1525463227495729,6.2879242089126812,-12.287410671008304,0.45627355768861388,-0.30973200027502379,-0.014453210461237334,0.40174439356582153,-0.16418487405562146,0.11728815134523903,0,0,0,0,0,0,-0,-0,-0,-0,-0,-0
hold,0,929,9.2999999999997751,4,1,1,2,2,0,0,0,0,-0.36764405242108666,0,-3.1584918056883278,6.2826853624799579,-13.081409456303698,-3.1482730813289255,6.2857444784909298,-12.287081251711236,0.4650573708661947,-0.23940712944199047,0.18786541152433248,0.44353516757234074,-0.25360127751755046,-0.02449782232840219,0,0,0,0,0,0,-0,-0,-0,-0,-0,-0
hold,0,930,9.3099999999997785,4,1,1,2,2,0,0,0,0,-0.36765738745376514,0,-3.1538256441231489,6.280223440716739,-13.080320313907308,-3.1436653416951774,6.2828690137973524,-12.287886126447587,0.46416028105182772,-0.24065161992266446,0.072232802375296001,0.46611630065935261,-0.28195791862209812,-0.05558317789577686,0,0,0,0,0,0,-0,-0,-0,-0,-0,-0
hold,0,931,9.3199999999997818,4,1,1,2,2,0,0,0,0,-0.36766174474748237,0,-3.1493036733130064,6.2780479189823186,-13.080122575479296,-3.1390346400556792,6.2804442207962694,-12.287699144046382,0.44399008268075868,-0.20835652033439556,-0.036754186068509921,0.45750362618255591,-0.20984340672931032,0.067483211265938481,0,0,0,0,0,0,-0,-0,-0,-0,-0,-0
hold,0,932,9.3299999999997851,4,1,1,2,2,0,0,0,0,-0.36766443274350463,0,-3.1451306570004296,6.2765057555068342,-13.080870899079768,-3.1345498676170749,6.2787087835770716,-12.286794444431598,0.39889296265580226,-0.12418631618385589,-0.12606772288430756,0.44398856158669531,-0.16780971083487753,0.050324638394758058,0,0,0,0,0,0,-0,-0,-0,-0,-0,-0
hold,0,933,9.3399999999997885,4,1,1,2,2,0,0,0,0,-0.3676783895175641,0,-3.1414528983927168,6.2756932243783083,-13.083170312558345,-3.1301896717343363,6.2769656297146579,-12.28744990943262,0.33992090996749602,-0.028651215270507444,-0.26220652306547637,0.43170317364103472,-0.17870605655968988,-0.13397081417769785,0,0,0,0,0,0,-0,-0,-0,-0,-0,-0
hold,0,934,9.3499999999997918,4,1,1,2,2,0,0,0,0,-0.36768885121784867,0,-3.1385111828283154,6.2767074309858266,-13.084612211929155,-3.1260988961737155,6.2756133763494653,-12.289074548734581,0.27110915055268042,0.17554415679539004,-0.051878191680605402,0.38064903389797627,-0.065376503190817295,-0.1250478791836355,0,0,0,0,0,0,-0,-0,-0,-0,-0,-0
hold,0,935,9.3599999999997952,4,1,1,2,2,0,0,0,0,-0.36769428941118143,0,-3.1360549504772326,6.2789218770611885,-13.085537736417926,-3.1226722868777212,6.275912631690483,-12.289792375831894,0.2341562301729396,0.22993056452067501,-0.15720384532655685,0.31571791932113735,0.096031637969573785,-0.037567535538744867,0,0,0,0,0,0,-0,-0,-0,-0,-0,-0
hold,0,936,9.3699999999997985,4,1,1,2,2,0,0,0,0,-0.36770404954101088,0,-3.1338355709753571,6.2812394203119943,-13.088074126794915,-3.1197581923040492,6.2772155004078698,-12.290869127430721,0.21570588156384507,0.22833169036100504,-0.32041800699726408,0.28092483805771884,0.13039970814820398,-0.19494477597777282,0,0,0,0,0,0,-0,-0,-0,-0,-0,-0
hold,0,937,9.3799999999998018,4,1,1,2,2,0,0,0,0,-0.36771719851189089,0,-3.1317229838923026,6.2835018140336398,-13.091756268374311,-3.1170873290943453,6.2785948292108458,-12.293651224202383,0.20810463503280399,0.23774765782381738,-0.34880076293861673,0.25138002743503207,0.1714234393073984,-0.27222782407109014,0,0,0,0,0,0,-0,-0,-0,-0,-0,-0
hold,0,938,9.3899999999998052,4,1,1,2,2,0,0,0,0,-0.3677188794127782,0,-3.1296629429770837,6.2862183515044716,-13.094177017866762,-3.1147729459527813,6.2808809500888412,-12.29577514991294,0.20551858901563499,0.29500751235395201,-0.1596486781312865,0.21879847082234005,0.26538119603904553,-0.17144860708687329,0,0,0,0,0,0,-0,-0,-0,-0,-0,-0
hold,0,939,9.3999999999998085,4,1,1,2,2,0,0,0,0,-0.36772252920148585,0,-3.1274581532672081,6.2889578495828431,-13.095489047492629,-3.1126303336005967,6.2835924930239173,-12.297651543471405,0.2402627555746176,0.22596224409963253,-0.1669935658511624,0.21896782576791132,0.24427410257067061,-0.25677994663272535,0,0,0,0,0,0,-0,-0,-0,-0,-0,-0
hold,0,940,9.4099999999998118,4,1,1,2,2,0,0,0,0,-0.36773125211097424,0,-3.1247424982574796,6.2903210056872112,-13.098121614971891,-3.1103322377686884,6.285689578896978,-12.300647784167953,0.29111847303593341,0.085958737389538839,-0.29838128905852773,0.23560706339494172,0.20738624314500331,-0.25962497953523955,0,0,0,0,0,0,-0,-0,-0,-0,-0,-0
hold,0,941,9.4199999999998152,4,1,1,2,2,0,0,0,0,-0.36772843111307291,0,-3.1215788912242308,6.2909538979029271,-13.099979198451109,-3.1078371633543602,6.2876734463129402,-12.302483906434423,0.33792420199023215,0.037963450180571096,-0.11637862866782049,0.25850007821243481,0.19678681256893546,-0.11994422434245688,0,0,0,0,0,0,-0,-0,-0,-0,-0,-0
hold,0,942,9.4299999999998185,4,1,1,2,2,0,0,0,0,-0.36772956316656041,0,-3.1178644172616119,6.290798870337273,-13.10056719397377,-3.1049748343845058,6.2889030917336992,-12.304307749707203,0.39994976806133392,-0.077671461740961928,-0.073488667772274058,0.30633155298208509,0.060461204024253895,-0.26011204520623654,0,0,0,0,0,0,-0,-0,-0,-0,-0,-0
hold,0,943,9.4399999999998219,4,1,1,2,2,0,0,0,0,-0.36773374251562108,0,-3.1135723439855472,6.2891968613393008,-13.101999689848263,-3.1015881947814679,6.28884803684935,-12.306731008501854,0.44431039288222418,-0.19530469273738255,-0.1452118428150769,0.35815425157793224,-0.033714425176397375,-0.18584082873879168,0,0,0,0,0,0,-0,-0,-0,-0,-0,-0
hold,0,944,9.4499999999998252,4,1,1,2,2,0,0,0,0,-0.36772950503732327,0,-3.1090249693397456,6.2872338481737149,-13.102437483284406,-3.0977300025442918,6.2880889975358194,-12.307832687869707,0.46101181700055183,-0.19866794555699885,0.012072425569655831,0.40275138232995616,-0.102275648680185,-0.063646263765105168,0,0,0,0,0,0,-0,-0,-0,-0,-0,-0
hold,0,945,9.4599999999998285,4,1,1,2,2,0,0,0,0,-0.3677199680336703,0,-3.104311495231233,6.2849587027673621,-13.102313291249272,-3.093508225709706,6.2867509290758665,-12.307883142952102,0.47711013815430725,-0.25050691538698266,-0.0070603656678361153,0.43341022840210525,-0.15250079382760864,0.031708870367829309,0,0,0,0,0,0,-0,-0,-0,-0,-0,-0
hold,0,946,9.4699999999998319,4,1,1,2,2,0,0,0,0,-0.36771788972164254,0,-3.0995132864012049,6.2821041163877265,-13.103075711654947,-3.0890056114069377,6.2846100957886666,-12.308207957102654,0.47737291247637187,-0.29136587218105742,-0.086598563127361333,0.4596389616519902,-0.2585022452222257,-0.098038615219051717,0,0,0,0,0,0,-0,-0,-0,-0,-0,-0
hold,0,947,9.4799999999998352,4,1,1,2,2,0,0,0,0,-0.36771702126743122,0,-3.0949118174632946,6.2796115369051506,-13.103095399057112,-3.084435029454589,6.2820801105447419,-12.308594433451109,0.44974335169152779,-0.23731119747438281,0.0025747184608121143,0.45144234809048239,-0.24312352992152353,-0.0039370082796900546,0,0,0,0,0,0,-0,-0,-0,-0,-0,-0
hold,0,948,9.4899999999998386,4,1,1,2,2,0,0,0,0,-0.36771721818154401,0,-3.0906239457250786,6.2773114324068082,-13.103742945538421,-3.0800402415512549,6.2796393837340361,-12.308946378578408,0.40543879962227886,-0.19216967948415067,-0.057119735275058807,0.43481681267994848,-0.26798624637267643,-0.11848124708842753,0,0,0,0,0,0,-0,-0,-0,-0,-0,-0
hold,0,949,9.4999999999998419,4,1,1,2,2,0,0,0,0,-0.36771700681139508,0,-3.0868284745197396,6.2757433921732453,-13.104164613957268,-3.0760696902902982,6.2776075591647889,-12.309747319153688,0.36504627182981958,-0.1581555154110556,-0.10334138163970658,0.36867698546519739,-0.15507776224524372,-0.059474657233657274,0,0,0,0,0,0,-0,-0,-0,-0,-0,-0
hold,0,950,9.5099999999998452,4,1,1,2,2,0,0,0,0,-0.36771180148820032,0,-3.0835258256621989,6.2745676926245366,-13.105434794295991,-3.0728152834384064,6.2767274477602957,-12.310260149121689,0.30090264031519481,-0.067102967740815339,-0.1022221731532946,0.30034058011451209,-0.061932265443173762,-0.087922688755080511,0,0,0,0,0,0,-0,-0,-0,-0,-0,-0
hold,0,951,9.5199999999998486,4,1,1,2,2,0,0,0,0,-0.36771089210923336,0,-3.0808905288510688,6.2744659968892869,-13.106240346017994,-3.0702774005305153,6.2766558883677401,-12.311671715914143,0.2420272679328756,0.0035429683851302407,-0.12873876153466085,0.21890752130211757,0.04917709465607973,-0.12906200266451548,0,0,0,0,0,0,-0,-0,-0,-0,-0,-0
hold,0,952,9.5299999999998519,4,1,1,2,2,0,0,0,0,-0.36770968753336059,0,-3.0788468132476616,6.2747894765380625,-13.108330928047945,-3.0684705034430886,6.2774350196650346,-12.3138187173071,0.17908658467927499,0.065437546219616241,-0.20829989219511935,0.15217934425616536,0.10935539832269667,-0.24482588013310863,0,0,0,0,0,0,-0,-0,-0,-0,-0,-0
hold,0,953,9.5399999999998553,4,1,1,2,2,0,0,0,0,-0.36770197310659447,0,-3.0774379616217216,6.276060101821388,-13.109972142662388,-3.0673780710833451,6.2791688247075044,-12.316081903498134,0.11522347419231779,0.16446875698302646,-0.15105166190800895,0.084535823948738417,0.20822277176675005,-0.21467473403162268,0,0,0,0,0,0,-0,-0,-0,-0,-0,-0
hold,0,954,9.5499999999998586,4,1,1,2,2,0,0,0,0,-0.36769049201492043,0,-3.0765591921955204,6.2779297876237035,-13.111680157666914,-3.0668423855084725,6.28164590768605,-12.318059471603883,0.074195650396463586,0.18018675699504225,-0.2308511211183267,0.036378731743066613,0.26715340560155282,-0.18580912436856811,0,0,0,0,0,0,-0,-0,-0,-0,-0,-0
hold,0,955,9.5599999999998619,4,1,1,2,2,0,0,0,0,-0.36768428500990924,0,-3.0760223819675137,6.2797720477932728,-13.11433067049146,-3.0665943832426836,6.2842216136214386,-12.320127594902349,0.034737102404544987,0.21249350240582626,-0.23471016551837975,0.025330744972997036,0.21801540099480057,-0.28564381773234321,0,0,0,0,0,0,-0,-0,-0,-0,-0,-0
hold,0,956,9.5699999999998653,4,1,1,2,2,0,0,0,0,-0.36768449221897392,0,-3.0758846200761107,6.2822140739372987,-13.116043502547162,-3.0662766276272113,6.285888082466677,-12.323341773033802,0.0051547920796830146,0.23855821935328431,-0.18832462589677176,0.035863190694448821,0.14613233045806559,-0.2943109840391876,0,0,0,0,0,0,-0,-0,-0,-0,-0,-0
hold,0,957,9.5799999999998686,4,1,1,2,2,0,0,0,0,-0.3676766125097598,0,-3.0758961953019641,6.2842505184526249,-13.118651130767754,-3.0657854714812185,6.2868960301685597,-12.325912319087626,-0.0054297472052465285,0.18690419780105633,-0.28420462293849702,0.059334385869353516,0.067689282007386387,-0.23332609190641387,0,0,0,0,0,0,-0,-0,-0,-0,-0,-0
hold,0,958,9.589999999999872,4,1,1,2,2,0,0,0,0,-0.36766469806088264,0,-3.0760363390260532,6.2861694016435496,-13.120887540821519,-3.0650139566359185,6.2870200710819262,-12.327921206931977,-0.020058712278131399,0.19887150276529106,-0.17211004095881494,0.09016273309457562,-0.027168242903113832,-0.18014425789527364,0,0,0,0,0,0,-0,-0,-0,-0,-0,-0
hold,0,959,9.5999999999998753,4,1,1,2,2,0,0,0,0,-0.36765107635966665,0,-3.0762409038039187,6.2879763612231478,-13.122289024778704,-3.0639560989856407,6.2862250551700996,-12.32945664631433,-0.021665620282949341,0.17365295207215983,-0.10557494800281458,0.11586433226292971,-0.11441905925862594,-0.13739198938054309,0,0,0,0,0,0,-0,-0,-0,-0,-0,-0
hold,0,960,9.6099999999998786,4,1,1,2,2,0,0,0,0,-0.36764057984411286,0,-3.0764294532495997,6.2893237210932096,-13.123516983461464,-3.06269093495058,6.2846238447800218,-12.330646822338709,-0.013740173487192508,0.09329786592160845,-0.16645730094875844,0.13110742401959327,-0.18617654079254753,-0.10881646144630261,0,0,0,0,0,0,-0,-0,-0,-0,-0,-0
hold,0,961,9.619999999999882,4,1,1,2,2,0,0,0,0,-0.36763272887461568,0,-3.0765181208441135,6.2897641755338576,-13.12550684494119,-3.0613985892214197,6.2825169929013658,-12.331663822391812,-0.0095915601912796543,0.031498697862565414,-0.1724820689850792,0.12475326987619365,-0.22177694373006351,-0.1000911268740947,0,0,0,0,0,0,-0,-0,-0,-0,-0,-0
hold,0,962,9.6299999999998853,4,1,1,2,2,0,0,0,0,-0.36762683476381891,0,-3.0766280619951258,6.2899990821740825,-13.126466520704767,-3.0603223287106811,6.2803176739877955,-12.332716158752584,-0.012138892294008817,0.018171859039003917,-0.046319893761962425,0.092521824295112826,-0.21232317021673097,-0.11165498509007651,0,0,0,0,0,0,-0,-0,-0,-0,-0,-0
hold,0,963,9.6399999999998887,4,1,1,2,2,0,0,0,0,-0.36762251550470054,0,-3.0767771019936987,6.2900449215593817,-13.126457700586611,-3.059733719781069,6.2784943323382265,-12.334026564130083,-0.0135683837885673,-0.026736497788161728,-0.02687003150678351,0.03326596448825557,-0.1569176777265629,-0.14663453114459821,0,0,0,0,0,0,-0,-0,-0,-0,-0,-0
hold,0,964,9.649999999999892,4,1,1,2,2,0,0,0,0,-0.36761788947498075,0,-3.0768590415344441,6.2891491268665884,-13.127426693759405,-3.0598443030372007,6.2774117087139221,-12.335773869870126,-0.0046693126363283885,-0.12962013071186113,-0.13616333224723234,-0.041991240838499325,-0.073380808921604174,-0.19475955128133082,0,0,0,0,0,0,-0,-0,-0,-0,-0,-0
hold,0,965,9.6599999999998953,4,1,1,2,2,0,0,0,0,-0.36761239477185231,0,-3.0769382226512922,6.2877654628189106,-13.128091934695469,-3.0607534307872992,6.2772407553266909,-12.338059719277378,-0.012940996015930316,-0.13581345726575228,-0.010546777089674865,-0.12525047378731033,0.022739043213935509,-0.25430053611025505,0,0,0,0,0,0,-0,-0,-0,-0,-0,-0
hold,0,966,9.6699999999998987,4,1,1,2,2,0,0,0,0,-0.36760540941716024,0,-3.0770790063705009,6.28619133591741,-13.127894111123995,-3.0624471939361149,6.2779471191194123,-12.340917997868454,-0.016618720366162354,-0.16681137529708487,0.045496138443398081,-0.19835391374506714,0.10126807322463807,-0.30818164707716617,0,0,0,0,0,0,-0,-0,-0,-0,-0,-0
hold,0,967,9.679999999999902,4,1,1,2,2,0,0,0,0,-0.36759909522704348,0,-3.0773162797519338,6.2844570716063082,-13.127030516687118,-3.0648222800735603,6.2793293064868454,-12.344350341555058,-0.027476979633063975,-0.18585338693438563,0.090105270924889055,-0.26077898185881576,0.1578061162505256,-0.36504281972091046,0,0,0,0,0,0,-0,-0,-0,-0,-0,-0
hold,0,968,9.6899999999999054,4,1,1,2,2,0,0,0,0,-0.36759434330604357,0,-3.0776350597283719,6.2821816554086336,-13.126842124678566,-3.067709662574976,6.2810636251257481,-12.348329811890103,-0.0356049816482693,-0.25344733943426018,-0.027611638109960146,-0.30447377867366948,0.17824769297372492,-0.41964182162913716,0,0,0,0,0,0,-0,-0,-0,-0,-0,-0
hold,0,969,9.6999999999999087,4,1,1,2,2,0,0,0,0,-0.36759223132156599,0,-3.0781399439287256,6.2797013359871023,-13.126867106518468,-3.070909067862031,6.2827837626427065,-12.352766333159387,-0.062931466700956368,-0.23709777764463294,0.019815192111709949,-0.32844198438961791,0.17050791281566244,-0.43793550514408142,0,0,0,0,0,0,-0,-0,-0,-0,-0,-0
hold,0,970,9.709999999999912,4,1,1,2,2,0,0,0,0,-0.36759524255175241,0,-3.0790068438766021,6.277660396434948,-13.126142683661257,-3.0742729042303134,6.2845134219643057,-12.356567468761558,-0.10326362258515077,-0.18095425697887554,0.10530023992086673,-0.339539065451674,0.17230074027407419,-0.33552173058807988,0,0,0,0,0,0,-0,-0,-0,-0,-0,-0
hold,0,971,9.7199999999999154,4,1,1,2,2,0,0,0,0,-0.3676006542620156,0,-3.0802919688843793,6.2761059455769264,-13.125001905214004,-3.0776407426053018,6.2860746755111965,-12.359283939942614,-0.14324129888845513,-0.15963518901011226,0.055312711032695389,-0.33253928258107612,0.14000748660999449,-0.23180805822763548,0,0,0,0,0,0,-0,-0,-0,-0,-0,-0
hold,0,972,9.7299999999999187,4,1,1,2,2,0,0,0,0,-0.36760422640153828,0,-3.081977102819887,6.2744924643402467,-13.125378634453719,-3.0808458158020962,6.2871141341182106,-12.36104571773428,-0.18443914025540931,-0.16505092007101246,-0.10297035387424441,-0.31034871053103352,0.07623347022830311,-0.1375088910760662,0,0,0,0,0,0,-0,-0,-0,-0,-0,-0
hold,0,973,9.7399999999999221,4,1,1,2,2,0,0,0,0,-0.36760981424049222,0,-3.084152933705858,6.2734517791006592,-13.125614276632549,-3.0837524820474318,6.2873824159637586,-12.361823946845821,-0.23998919825823217,-0.062731219314610523,0.026951862950178995,-0.27683715656735025,-0.0075143230471318885,-0.038716869654133235,0,0,0,0,0,0,-0,-0,-0,-0,-0,-0
hold,0,974,9.7499999999999254,4,1,1,2,2,0,0,0,0,-0.36761523897756565,0,-3.0868986657263791,6.2733857220482907,-13.124932300688535,-3.086322376685418,6.286800572848902,-12.361680544520858,-0.29479439547321395,0.012859115842562106,0.048253616495995334,-0.24440065075792067,-0.090774628145627492,0.048670443243423386,0,0,0,0,0,0,-0,-0,-0,-0,-0,-0
hold,0,975,9.7599999999999287,4,1,1,2,2,0,0,0,0,-0.36761966862008355,0,-3.0900955676199722,6.2734675787107221,-13.125585140914051,-3.0886147213240731,6.2854732608350599,-12.360718368772712,-0.34095409398596499,0.022480701789945677,-0.10958866308805582,-0.22152877740254748,-0.15699525386119298,0.12313178945649175,0,0,0,0,0,0,-0,-0,-0,-0,-0,-0
hold,0,976,9.7699999999999321,4,1,1,2,2,0,0,0,0,-0.36761856988739,0,-3.0939040242415663,6.2742797116629152,-13.126576954297859,-3.0907830693747851,6.2836586775746675,-12.359172924817747,-0.40577604162839903,0.1194250738068261,-0.084855941748298164,-0.21570001347621198,-0.19348926358067101,0.17574369617526792,0,0,0,0,0,0,-0,-0,-0,-0,-0,-0
hold,0,977,9.7799999999999354,4,1,1,2,2,0,0,0,0,-0.36761638663722535,0,-3.0983108903167782,6.2759822777895824,-13.127304455061248,-3.0929937635088978,6.2816788977449161,-12.357145254534807,-0.46248705484154917,0.20140436609139301,-0.064989172791383096,-0.22689738493880346,-0.19649262755529284,0.21984745645712456,0,0,0,0,0,0,-0,-0,-0,-0,-0,-0
hold,0,978,9.7899999999999388,4,1,1,2,2,0,0,0,0,-0.36761473201931083,0,-3.1032138599719188,6.278376581180229,-13.127820880569255,-3.0954200047104203,6.2798770343317187,-12.354715030598653,-0.50677141332243059,0.26101137178739248,-0.042422531287753355,-0.25513490728398164,-0.16503884948765463,0.25832272189863636,0,0,0,0,0,0,-0,-0,-0,-0,-0,-0
hold,0,979,9.7999999999999421,4,1,1,2,2,0,0,0,0,-0.36761648397208307,0,-3.1084328602562001,6.2810311787491422,-13.12845181702931,-3.0982312194652466,6.2786100866349503,-12.351891824195715,-0.52605467238289005,0.24283136692696611,-0.12851673730309396,-0.30153957717100466,-0.094367011308667786,0.29950287375395263,0,0,0,0,0,0,-0,-0,-0,-0,-0,-0
hold,0,980,9.8099999999999454,4,1,1,2,2,0,0,0,0,-0.36762083437506221,0,-3.113745595977945,6.2832863432720245,-13.130025326567013,-3.1015503825837434,6.2781652853381935,-12.348612515021379,-0.53490117452418084,0.22324382978649751,-0.14525333456134659,-0.35081984963171403,-0.01296239999332478,0.34830674608674023,0,0,0,0,0,0,-0,-0,-0,-0,-0,-0
hold,0,981,9.8199999999999488,4,1,1,2,2,0,0,0,0,-0.36762082110078587,0,-3.1190851495322431,6.285375472515371,-13.131291389432747,-3.1053355460339862,6.2785296806284343,-12.344750820363476,-0.53121873899013083,0.19578296361564376,-0.11374990926615017,-0.3963076644329126,0.069321950267425894,0.41436309245095321,0,0,0,0,0,0,-0,-0,-0,-0,-0,-0
hold,0,982,9.8299999999999521,4,1,1,2,2,0,0,0,0,-0.3676129141486803,0,-3.1243513668058061,6.2871286196260083,-13.13221721953091,-3.1095510016066532,6.2793779810728836,-12.341305044414497,-0.52234107251018247,0.15979568383566278,-0.078213749301959429,-0.43685169476711178,0.09365630441265374,0.30288593955602344,0,0,0,0,0,0,-0,-0,-0,-0,-0,-0
hold,0,983,9.8399999999999554,4,1,1,2,2,0,0,0,0,-0.36760372836834265,0,-3.1295234524246545,6.2886144395625454,-13.132463699752659,-3.114123222778769,6.280416601216638,-12.338835389491392,-0.50981899974553024,0.12913994109725613,-0.0075181760108963607,-0.46771940198189327,0.10706757230586178,0.21625081409249178,0,0,0,0,0,0,-0,-0,-0,-0,-0,-0
hold,0,984,9.8499999999999588,4,1,1,2,2,0,0,0,0,-0.36759715328549614,0,-3.1345304228783917,6.2897380017427746,-13.131998007212372,-3.1189204418534198,6.281482110101372,-12.337080048698773,-0.49012634432232344,0.088042136659472442,0.063607257770926115,-0.48488036370526816,0.10289886313235985,0.15384544079501108,0,0,0,0,0,0,-0,-0,-0,-0,-0,-0
hold,0,985,9.8599999999999621,4,1,1,2,2,0,0,0,0,-0.36759231695609168,0,-3.1392631308260661,6.2902654812805547,-13.131030607712963,-3.1237989381827589,6.2823920997967111,-12.33579970651329,-0.46134559995424551,0.028339503355120359,0.11879433248994083,-0.48833738737333848,0.081152333897600779,0.11299721393641866,0,0,0,0,0,0,-0,-0,-0,-0,-0,-0
hold,0,986,9.8699999999999655,4,1,1,2,2,0,0,0,0,-0.36759254967397231,0,-3.1437225931454567,6.2902318225113483,-13.129548592301859,-3.1286560627569147,6.2830058418027761,-12.33486197316342,-0.4334203674712499,-0.037989388422057846,0.13257626875976863,-0.48288983871227048,0.04693220870159398,0.082570043395810422,0,0,0,0,0,0,-0,-0,-0,-0,-0,-0
hold,0,987,9.8799999999999688,4,1,1,2,2,0,0,0,0,-0.36759669607708573,0,-3.1478431899773014,6.2891708267679736,-13.128894707298095,-3.1334181912750072,6.2832344050775877,-12.334162478719474,-0.39915764709590268,-0.1497191870127445,0.016734115801125032,-0.47135307098726825,0.0063088854499989862,0.061908713761833462,0,0,0,0,0,0,-0,-0,-0,-0,-0,-0
hold,0,988,9.8899999999999721,4,1,1,2,2,0,0,0,0,-0.36760361832095922,0,-3.1517184912205005,6.287578745397445,-13.127987899166667,-3.138052212125845,6.2830620129520298,-12.333628644243554,-0.38146836057177946,-0.16030543147685045,0.14438876667306011,-0.45831711237256589,-0.03221564717778172,0.047752453357709161,0,0,0,0,0,0,-0,-0,-0,-0,-0,-0
hold,0,989,9.8999999999999755,4,1,1,2,2,0,0,0,0,-0.36760920410383779,0,-3.1554074959144716,6.2858143346840034,-13.126118337295136,-3.1425668683984997,6.2825608808052742,-12.33319927674323,-0.36229444836207819,-0.18172991119962315,0.22157652211347881,-0.44766619803105473,-0.060369496684468574,0.039291930265667512,0,0,0,0,0,0,-0,-0,-0,-0,-0,-0
hold,0,990,9.9099999999999788,4,1,1,2,2,0,0,0,0,-0.36761373686117993,0,-3.1588994010419382,6.2836083509663858,-13.124350304937193,-3.1470091742879966,6.2818635698813026,-12.332856312934656,-0.34073039070651506,-0.25137530584708168,0.12692769044143853,-0.44314136703643353,-0.073628563242916584,0.030001914499595408,0,0,0,0,0,0,-0,-0,-0,-0,-0,-0
hold,0,991,9.9199999999999822,4,1,1,2,2,0,0,0,0,-0.36761930485707017,0,-3.1622951131102743,6.2812427081224023,-13.12243916592821,-3.1514534618679946,6.2811366683482852,-12.33262928447291,-0.33936455745475763,-0.22704211891309536,0.22543450041441299,-0.4460621543928972,-0.069917389752735773,0.018107488248464552,0,0,0,0,0,0,-0,-0,-0,-0,-0,-0
hold,0,992,9.9299999999999855,4,1,1,2,2,0,0,0,0,-0.36762669640905099,0,-3.165665447692338,6.2788493447051401,-13.120552015428732,-3.155979471903438,6.280556430362001,-12.332556054391672,-0.33656259095302993,-0.24855183841400535,0.15118103920717801,-0.45698176837839116,-0.04906516041977322,0.0013394333304794545,0,0,0,0,0,0,-0,-0,-0,-0,-0,-0
hold,0,993,9.9399999999999888,4,1,1,2,2,0,0,0,0,-0.36762934320366747,0,-3.1691365861605467,6.2766754232012634,-13.118823586178483,-3.160609317643881,6.280217008201781,-12.332596194353581,-0.35499138087837268,-0.19097483533652221,0.20116576604965267,-0.46817037143505713,-0.021773970186126153,-0.0092054950887326195,0,0,0,0,0,0,-0,-0,-0,-0,-0,-0
hold,0,994,9.9499999999999922,4,1,1,2,2,0,0,0,0,-0.36763194911438407,0,-3.1728379841352128,6.2752077377733357,-13.116534578162884,-3.165369605417423,6.2801971237246619,-12.332762515096427,-0.37972793820848161,-0.12095709352175263,0.23615227891731747,-0.48160904016954664,0.01200225061123417,-0.022294287886933255,0,0,0,0,0,0,-0,-0,-0,-0,-0,-0
hold,0,995,9.9599999999999955,4,1,1,2,2,0,0,0,0,-0.36763506106401544,0,-3.1767546883552531,6.2740788896006023,-13.115069439719045,-3.1702536804600077,6.280513392891816,-12.333055532032768,-0.39996584932327917,-0.10622482309161796,0.088261345974435579,-0.49238892397483203,0.044086571169214349,-0.033765700706348691,0,0,0,0,0,0,-0,-0,-0,-0,-0,-0
hold,0,996,9.9699999999999989,4,1,1,2,2,0,0,0,0,-0.36763763211419259,0,-3.1809618354741405,6.2734801495109362,-13.114363855978791,-3.1752053706746661,6.2811007194874406,-12.333431079270884,-0.43676113575795678,-0.016972860210515864,0.084009853023898004,-0.49603896364322997,0.067184757608533791,-0.039439469116200179,0,0,0,0,0,0,-0,-0,-0,-0,-0,-0
hold,0,997,9.9800000000000022,4,1,1,2,2,0,0,0,0,-0.3676418782898917,0,-3.1855285725710405,6.2739887449856209,-13.112941227109086,-3.1801591829715514,6.2818666331904804,-12.333869334020807,-0.4702827703318796,0.095201902717915593,0.17234471122699704,-0.49337478969289494,0.08066097277874465,-0.045415551139050686,0,0,0,0,0,0,-0,-0,-0,-0,-0,-0
hold,0,998,9.9900000000000055,4,1,1,2,2,0,0,0,0,-0.36764994774628712,0,-3.1902631731164077,6.2748271914422045,-13.112432302596897,-3.1850313704355857,6.282680794884552,-12.334355385872607,-0.47459749064265,0.075183144913564204,-0.026754913634398851,-0.48170872728367331,0.079774175713616877,-0.050127276071905778,0,0,0,0,0,0,-0,-0,-0,-0,-0,-0
hold,0,999,10.000000000000009,4,1,1,2,2,0,0,0,0,-0.36765743859084149,0,-3.1951552851725937,6.2762202648079537,-13.112002380615925,-3.1897208052312767,6.2833967816514136,-12.334830537459123,-0.49839866793391968,0.17940551335396637,0.079469770176604518,-0.45919046691489179,0.064604194659660497,-0.044529749849894412,0,0,0,0,0,0,-0,-0,-0,-0,-0,-0
