tick,time_s,case_id,gain_id,activation,model_status,controller_status,solver_status,iterations,wbc_time_s,hard,primal,dual,stationarity,contact_left,contact_right,normal_left,normal_right,planner_xi,planner_dxi,planner_ddxi,desired_ddxi_left,desired_ddxi_right,xi_left,xi_right,dxi_left,dxi_right,xi_common,xi_differential,dxi_common,dxi_differential,zeta_left,zeta_right,dzeta_left,dzeta_right,raw_wheel_p0_0,raw_wheel_v0_0,raw_wheel_p0_1,raw_wheel_v0_1,raw_wheel_p0_2,raw_wheel_v0_2,raw_wheel_p1_0,raw_wheel_v1_0,raw_wheel_p1_1,raw_wheel_v1_1,raw_wheel_p1_2,raw_wheel_v1_2,physical_ddxi_left,physical_ddxi_right,q0,dq0,qeq0,delta0,lower_margin0,upper_margin0,signed_margin0,q1,dq1,qeq1,delta1,lower_margin1,upper_margin1,signed_margin1,q2,dq2,qeq2,delta2,lower_margin2,upper_margin2,signed_margin2,q3,dq3,qeq3,delta3,lower_margin3,upper_margin3,signed_margin3,q4,dq4,qeq4,delta4,lower_margin4,upper_margin4,signed_margin4,q5,dq5,qeq5,delta5,lower_margin5,upper_margin5,signed_margin5,minimum_margin_index,first_failed_index,raw_q0,raw_dq0,raw_q1,raw_dq1,raw_q2,raw_dq2,raw_q3,raw_dq3,raw_q4,raw_dq4,raw_q5,raw_dq5,raw_q6,raw_dq6,raw_q7,raw_dq7,raw_q8,raw_dq8,raw_q9,raw_dq9,wheel_mesh_phase_left,wheel_mesh_phase_right,base_p0,base_p1,base_p2,base_q0,base_q1,base_q2,base_q3,base_rotvec0,base_rotvec1,base_rotvec2,base_v0,base_omega0,base_v1,base_omega1,base_v2,base_omega2,requested_wrench0,realized_wrench0,slack0,wrench_residual0,requested_wrench1,realized_wrench1,slack1,wrench_residual1,requested_wrench2,realized_wrench2,slack2,wrench_residual2,requested_wrench3,realized_wrench3,slack3,wrench_residual3,requested_wrench4,realized_wrench4,slack4,wrench_residual4,requested_wrench5,realized_wrench5,slack5,wrench_residual5,requested_wrench6,realized_wrench6,slack6,wrench_residual6,requested_wrench7,realized_wrench7,slack7,wrench_residual7,requested_wrench8,realized_wrench8,slack8,wrench_residual8,requested_wrench9,realized_wrench9,slack9,wrench_residual9,requested_wrench10,realized_wrench10,slack10,wrench_residual10,requested_wrench11,realized_wrench11,slack11,wrench_residual11,tau0,tau_margin0,tau1,tau_margin1,tau2,tau_margin2,tau3,tau_margin3,tau4,tau_margin4,tau5,tau_margin5,maximum_normalized_slack
0,0,tracking_ramp_g3_5hz,g3_5hz,0,0,0,0,5,0.00085702200000000004,8.0973083793622891e-10,8.0973072691392645e-10,1.4120591275867246e-09,1.4120591273434348e-09,1,1,9.7963317547296285,9.8572322675534938,-0.011157172669780779,0,0,0,0,-0.0095736494956501217,-0.012740695843911437,0,0,-0.011157172669780779,-0.0015835231741306577,0,0,-0.26587051502608749,-0.26574406892872393,0,0,-0.0095736494956501217,0,0.21229919000000008,0,-0.26587051502608744,0,-0.012740695843911437,0,-0.21230080999999992,0,-0.26574406892872388,0,1.4157854713082747e-10,2.4564832396808739e-10,-0.97199891583533837,-0,-0.97199891583533837,0,0.65000000000000002,0.65000000000000002,0.65000000000000002,1.6393957458903228,-0,1.6393957458903228,0,0.75,0.75,0.75,0,-0,0,0,1,1,1,-0.98339093564557467,-0,-0.98339093564557467,0,0.65000000000000002,0.65000000000000002,0.65000000000000002,1.6394010277077622,-0,1.6394010277077622,0,0.75,0.75,0.75,0,-0,0,0,1,1,1,0,-1,-0.35472149355205396,0,0.56940450899640016,0,0,0,-0.34332947374181766,0,0.56939922717896074,0,0,0,0.57259793095695366,0,-0.57303458598129986,0,-0.572545089643551,0,-0.57298754806458774,0,0,0,-0.077378152000000006,8.0999999999999997e-07,0.31543998403249462,1,0,0,0,0,0,0,0,0,0,0,0,0,0,-6.6011238618313038e-06,-3.3005493937525438e-06,-3.30057446807876e-06,0,-7.0747373378260168e-06,-3.5373689789624701e-06,-3.5373683588635467e-06,27.675229491866027,27.675141361763114,-4.4065134177574737e-05,-4.4064968735622824e-05,0.11327183296816838,0.11327199144413029,7.9237985147495458e-08,7.9237976761381681e-08,0,2.0013464271917934e-07,1.0006720746575099e-07,1.0006743525342835e-07,0,-2.2586230031470131e-09,-1.129317710072391e-09,-1.1293052930746221e-09,0,-6.7341128546694024e-06,-3.3670449570150963e-06,-3.3670678976543061e-06,0,9.8939971048928237e-06,4.9469982648988111e-06,4.9469988399940126e-06,28.714612508133982,28.714525477076556,-4.3515612225811367e-05,-4.3515445199879138e-05,0.11327183296816838,0.11327114445496578,-3.442565978479104e-07,-3.4425660475619147e-07,0,2.1155565859922636e-07,1.0577771536501582e-07,1.0577794323421054e-07,0,-2.2595499412699388e-09,-1.1297812338571474e-09,-1.1297687074127914e-09,-0.043318239381357912,9.9566817606186415,-3.1437734981156691,6.8562265018843309,2.0013469629107204e-07,1.9999997998653036,0.040224951165823877,9.9597750488341763,-3.239377422853265,6.7606225771467354,2.1155571215053248e-07,1.9999997884442879,8.8130268355149471e-07
1,0.01,tracking_ramp_g3_5hz,g3_5hz,0,0,0,0,2,0.00049216600000000004,1.7027268484071101e-11,1.7027268484071101e-11,3.1848274187345394e-11,3.1848274415991376e-11,1,1,31.038054192606538,32.081876161934595,-0.011157172669780779,0,0,-0.0014899244170628496,-0.0010379910210419458,-0.0095735251649869072,-0.012740613571506371,2.1759902090047233e-05,1.5227808271658315e-05,-0.01115706936824664,-0.0015835442032597321,1.8493855180852776e-05,-3.2660469091944588e-06,-0.26587156841007475,-0.26574305344611743,-0.00017016781329844678,0.00016404511471279252,-0.0095735251649867702,2.175990209004726e-05,0.21229919000000017,5.6161427689287814e-20,-0.2658715684100747,-0.00017016781329844664,-0.012740613571506429,1.5227808271658205e-05,-0.21230080999999992,-1.2829881493427167e-20,-0.26574305344611737,0.00016404511471279252,-0.0014899236848019174,-0.0010379911105420016,-0.97199388013955001,0.00081925967579698068,-0.97199891583533837,5.0356957883579412e-06,0.65000503569578838,0.64999496430421166,0.64999496430421166,1.6393885222084064,-0.0011665521938243656,1.6393957458903228,-7.2236819164128718e-06,0.74999277631808359,0.75000722368191641,0.74999277631808359,1.7455525413181028e-06,0.0002374913170083672,0,1.7455525413181028e-06,1.0000017455525414,0.99999825444745871,0.99999825444745871,-0.98339513717268023,-0.00067215093462651132,-0.98339093564557467,-4.2015271055628745e-06,0.64999579847289446,0.65000420152710559,0.64999579847289446,1.6394080420200612,0.0011337233175052217,1.6394010277077622,7.0143122989918538e-06,0.75000701431229899,0.74999298568770101,0.74999298568770101,-6.5017566690781866e-06,-0.0010922894988061259,0,-6.5017566690781866e-06,0.99999349824333095,1.0000065017566691,0.99999349824333095,0,-1,-0.35472652924784226,-0.00081925967579698068,0.56941173267831657,0.0011665521938243656,-1.7455525413181028e-06,-0.0002374913170083672,-0.3433252722147121,0.00067215093462651132,0.56939221286666175,-0.0011337233175052217,6.5017566690781866e-06,0.0010922894988061259,0.57260545226551296,0.0012089810908001936,-0.57304209278113638,-0.001207052153476749,-0.57253780138182286,0.0011720861610157954,-0.57298025768441307,0.0011727399042671105,-1.7455525413181028e-06,6.5017566690781866e-06,-0.077378165116175693,-4.0944718672666598e-07,0.31543997868206175,0.99999999999769529,2.1345599527496333e-06,-2.037798919836993e-08,2.2984113281885584e-07,4.2691199055025455e-06,-4.0755978396771168e-08,4.5968226563806479e-07,-2.2046531928727085e-06,0.00069843618288601306,-0.00020194738123882394,-6.8465414877210756e-06,-8.9852517644281708e-07,7.3355226006887513e-05,0,-7.9870837083110262e-06,-3.9935417763599127e-06,-3.9935419319511135e-06,0,1.9941756795964917e-05,9.9708783552909067e-06,9.9708784406740098e-06,27.675229491866027,27.675162625666186,-3.3433098129544383e-05,-3.3433101711542498e-05,0.11327183296816838,0.11327223510453516,2.0106818402974297e-07,2.0106818274580879e-07,0,2.0091649043324587e-07,1.0045824513206962e-07,1.0045824530117625e-07,0,1.3444883678399846e-08,6.722441242129497e-09,6.7224424362703488e-09,0,-5.4527022665424474e-06,-2.7263511568633016e-06,-2.7263511096791458e-06,0,3.6877993401115443e-05,1.8438996658601642e-05,1.8438996742513801e-05,28.714612508133982,28.714505358864248,-5.3574633184891921e-05,-5.3574636549316098e-05,0.11327183296816838,0.11327138812049686,-2.2242383515741662e-07,-2.2242383636111682e-07,0,2.1231734048039502e-07,1.0615867014565592e-07,1.0615867033473911e-07,0,1.3444656026541743e-08,6.722327416193919e-09,6.7223286103478238e-09,-0.043362177029283022,9.9566378229707162,-3.1437909431545696,6.8562090568454304,2.0091649048165208e-07,1.9999997990835094,0.040225687920706119,9.9597743120792934,-3.2393841920300428,6.7606158079699572,2.1231734034386541e-07,1.9999997876826596,1.0714926636978385e-06
2,0.020000000000000004,tracking_ramp_g3_5hz,g3_5hz,0,0,0,0,2,0.00043476399999999997,1.8195667195186616e-11,1.8195556172884153e-11,3.4551061433871539e-11,3.4551068594599935e-11,1,1,31.038866575357993,32.080905537751228,-0.011157172669780779,0,0,-0.0028736677033415607,-0.0023562209932319043,-0.0095732129079142639,-0.012740369431402694,3.8877937860944017e-05,3.2373146111447644e-05,-0.011156791169658479,-0.0015835782617442153,3.5625541986195831e-05,-3.2523958747481864e-06,-0.26587412684571604,-0.2657405798627126,-0.00031014042105054858,0.00030025307164269324,-0.0095732129079144062,3.8877937860943943e-05,0.21229919000000017,9.0155242142767039e-20,-0.26587412684571626,-0.00031014042105054901,-0.0127403694314027,3.2373146111447563e-05,-0.21230081000000003,-6.2392579243649771e-20,-0.26574057986271282,0.00030025307164269362,-0.0028736662867395852,-0.0023562217125031337,-0.9719816140862122,0.0014904590655458079,-0.97199891583533837,1.7301749126175103e-05,0.6500173017491262,0.64998269825087385,0.64998269825087385,1.6393709797954679,-0.0021263070935232482,1.6393957458903228,-2.4766094854911103e-05,0.74997523390514509,0.75002476609485491,0.74997523390514509,3.7346274432954179e-06,0.00012324497005052241,0,3.7346274432954179e-06,1.0000037346274433,0.9999962653725567,0.9999962653725567,-0.98340522295777932,-0.0012149465411832863,-0.98339093564557467,-1.4287312204652736e-05,0.64998571268779537,0.65001428731220467,0.64998571268779537,1.6394251415391072,0.0020764527365353096,1.6394010277077622,2.4113831345040637e-05,0.75002411383134504,0.74997588616865496,0.74997588616865496,-2.4641831850442943e-05,-0.0023219651797690903,0,-2.4641831850442943e-05,0.99997535816814953,1.0000246418318504,0.99997535816814953,0,-1,-0.35473879530118013,-0.0014904590655458079,0.56942927509125496,0.0021263070935232482,-3.7346274432954179e-06,-0.00012324497005052241,-0.34331518642961301,0.0012149465411832863,0.56937511334761559,-0.0020764527365353096,2.4641831850442943e-05,0.0023219651797690903,0.57262348059342449,0.0021763213829523414,-0.57306010126408768,-0.0021743581132036833,-0.57252028311549685,0.0021178801809386139,-0.57296272333041631,0.0021201386637491218,-3.7346274432954179e-06,2.4641831850442943e-05,-0.077378197957418918,-3.5829680657279786e-06,0.31543996372401528,0.99999999997147282,7.5135947070284611e-06,-1.9893955515254394e-07,7.4889397942032074e-07,1.5027189414199817e-05,-3.9787911030887132e-07,1.4977879588548839e-06,-4.037681540395826e-06,0.0013191424559781512,-0.00039264297705230393,-5.5047693987053903e-05,-1.9028823201537175e-06,0.00012174438865730709,0,-9.7593071592488305e-06,-4.8796535634205682e-06,-4.8796535958282622e-06,0,6.2545483826729526e-05,3.1272741967750709e-05,3.1272741858978817e-05,27.675229491866027,27.675195254054394,-1.7118904032315968e-05,-1.7118907600604089e-05,0.11327183296816838,0.11327261935569959,3.9319376473743507e-07,3.9319376646675617e-07,0,2.0095456909288321e-07,1.004772847116444e-07,1.0047728438123881e-07,0,3.4611204067347917e-08,1.7305601889240098e-08,1.730560217810782e-08,0,-3.6305248520446447e-06,-1.8152624345518516e-06,-1.8152624174927931e-06,0,7.9433950721708509e-05,3.9716975415495306e-05,3.9716975306213203e-05,28.714612508133982,28.714472726805838,-6.98906621501767e-05,-6.9890665994118303e-05,0.11327183296816838,0.11327177237165736,-3.0298256346760307e-08,-3.029825467054759e-08,0,2.1235614929866883e-07,1.0617807481501818e-07,1.0617807448365065e-07,0,3.4610950025391416e-08,1.7305474868148566e-08,1.730547515724285e-08,-0.043387413444382308,9.9566125865556181,-3.1437870752607315,6.8562129247392685,2.0095456915153985e-07,1.9999997990454308,0.040203886746309717,9.9597961132536899,-3.239415445552507,6.760584554447493,2.1235614942719412e-07,1.9999997876438507,1.3978132430035341e-06
3,0.030000000000000013,tracking_ramp_g3_5hz,g3_5hz,0,0,0,0,2,0.00041409299999999998,2.0361157204717983e-11,2.0361046182415521e-11,4.0170679489284382e-11,4.0170664914881711e-11,1,1,31.039199406538021,32.080364225393133,-0.011157172669780779,0,0,-0.0042737364032083931,-0.0039809470020617894,-0.0095727442180115318,-0.012739943943414036,5.3798559509973626e-05,5.1547913962174781e-05,-0.011156344080712784,-0.0015835998627012522,5.26732367360742e-05,-1.1253227738994223e-06,-0.26587797227251142,-0.26573684285283772,-0.00043228714692652417,0.00042098004182383178,-0.0095727442180115387,5.3798559509973714e-05,0.21229919000000039,-1.66956480476478e-19,-0.2658779722725117,-0.00043228714692652509,-0.012739943943414071,5.1547913962174571e-05,-0.21230081000000023,1.7076151129422193e-19,-0.26573684285283805,0.0004209800418238327,-0.0042737340943090471,-0.0039809485525324198,-0.97196317991297687,0.0020761243054720907,-0.97199891583533837,3.5735922361501693e-05,0.65003573592236152,0.64996426407763852,0.64996426407763852,1.6393446124563529,-0.0029638668176021525,1.6393957458903228,-5.1133433969896558e-05,0.7499488665660301,0.7500511334339699,0.7499488665660301,2.4195835257816051e-06,-0.00035292915416292535,0,2.4195835257816051e-06,1.0000024195835258,0.99999758041647424,0.99999758041647424,-0.98342026771486557,-0.0016825257861369906,-0.98339093564557467,-2.9332069290899376e-05,0.64997066793070912,0.65002933206929092,0.64997066793070912,1.6394509923821063,0.0029132504486578492,1.6394010277077622,4.9964674344149529e-05,0.75004996467434415,0.74995003532565585,0.74995003532565585,-5.6397601341396365e-05,-0.0037846085272069648,0,-5.6397601341396365e-05,0.99994360239865865,1.0000563976013415,0.99994360239865865,0,-1,-0.35475722947441551,-0.0020761243054720907,0.56945564243037006,0.0029638668176021525,-2.4195835257816051e-06,0.00035292915416292535,-0.34330014167252682,0.0016825257861369906,0.56934926250461659,-0.0029132504486578492,5.6397601341396365e-05,0.0037846085272069648,0.57265032278505978,0.0030088488079571532,-0.57308692431626218,-0.0030069321799455727,-0.57249407189256174,0.0029447839355014067,-0.57293648068281411,0.0029484942601545028,-2.4195835257816051e-06,5.6397601341396365e-05,-0.077378247270662698,-8.5835669224196628e-06,0.3154399380584012,0.9999999998735094,1.582032629847692e-05,-7.5415245028198109e-07,1.4595295036262273e-06,3.1640652598287918e-05,-1.5083049006275574e-06,2.9190590073755318e-06,-5.5817953874552353e-06,0.0018825323144582972,-0.00056981267396820194,-0.00014850027768595708,-3.0202077093294478e-06,0.00015375280858807521,0,-1.2079669658167572e-05,-6.0398348569586367e-06,-6.0398348012089356e-06,0,0.00012060513024518351,6.030256525573292e-05,6.0302564989450589e-05,27.675229491866027,27.675239715313111,5.1117254413586532e-06,5.1117216430977853e-06,0.11327183296816838,0.11327314296706852,6.5499944807684218e-07,6.5499945205732613e-07,0,2.0124952295098733e-07,1.0062476182966643e-07,1.0062476112132091e-07,0,6.1934136369362422e-08,3.0967068373206618e-08,3.0967067996155804e-08,0,-1.3113845498660408e-06,-6.5569227118734224e-07,-6.5569227867869856e-07,0,0.00013742761325845283,6.8713806762285196e-05,6.8713806496167637e-05,28.714612508133982,28.714428259166493,-9.2124481497024829e-05,-9.2124485992228517e-05,0.11327183296816838,0.1132722959829861,2.3150740685893588e-07,2.315074108636598e-07,0,2.1266818922408871e-07,1.0633409497569627e-07,1.0633409424839244e-07,0,6.1933849483540893e-08,3.0966924929890224e-08,3.0966924553650669e-08,-0.043399648253526761,9.9566003517464736,-3.143766912127103,6.856233087872897,2.0124952319676265e-07,1.9999997987504767,0.040162771279396436,9.9598372287206036,-3.2394677731833048,6.7605322268166947,2.1266818928961185e-07,1.9999997873318107,1.8424896299404966e-06
4,0.040000000000000022,tracking_ramp_g3_5hz,g3_5hz,0,0,0,0,2,0.00042151100000000001,2.3170687590834405e-11,2.3170687590834405e-11,4.6751897992288134e-11,4.6751893927977166e-11,1,1,31.039344387348521,32.079956359721109,-0.011157172669780779,0,0,-0.0057622489372335496,-0.0059355151971847561,-0.0095721329690428916,-0.012739316697187223,6.7887495927450536e-05,7.2803072257855516e-05,-0.011155724833115058,-0.0015835918640721659,7.0345284092653026e-05,2.4577881652024897e-06,-0.26588295647240379,-0.26573196657200188,-0.00054097861097644338,0.00053070228890695086,-0.0095721329690429818,6.7887495927450563e-05,0.21229919000000033,-8.9315653821025716e-20,-0.26588295647240401,-0.00054097861097644469,-0.012739316697187286,7.2803072257855177e-05,-0.21230081000000031,2.9039664328776632e-19,-0.26573196657200221,0.00053070228890695194,-0.0057622455347833539,-0.005935517771544367,-0.97193927364886845,0.0026000790189122163,-0.97199891583533837,5.9642186469921477e-05,0.65005964218646994,0.6499403578135301,0.6499403578135301,1.6393104371713698,-0.0037090097350257704,1.6393957458903228,-8.5308718952958884e-05,0.74991469128104704,0.75008530871895296,0.74991469128104704,-6.0079064259539552e-06,-0.0012253003903531503,0,-6.0079064259539552e-06,0.99999399209357409,1.0000060079064259,0.99999399209357409,-0.98343965413297962,-0.0020944639568403361,-0.98339093564557467,-4.8718487404952882e-05,0.64995128151259507,0.65004871848740498,0.64995128151259507,1.6394847461994488,0.003674932139717041,1.6394010277077622,8.3718491686646246e-05,0.75008371849168665,0.74991628150831335,0.74991628150831335,-0.00010455264614881514,-0.0055539840805276033,0,-0.00010455264614881514,0.99989544735385116,1.0001045526461487,0.99989544735385116,0,-1,-0.35478113573852388,-0.0026000790189122163,0.56948981771535312,0.0037090097350257704,6.0079064259539552e-06,0.0012253003903531503,-0.34328075525441271,0.0020944639568403361,0.56931550868727421,-0.003674932139717041,0.00010455264614881514,0.0055539840805276033,0.57268489710254411,0.0037455035904260642,-0.57312147852866602,-0.0037433926073719018,-0.5724600838744397,0.0036928212649776186,-0.57290244799477974,0.0036977953960667079,6.0079064259539552e-06,0.00010455264614881514,-0.077378310704844661,-1.5266867657524854e-05,0.31543990050655302,0.99999999963677222,2.6785318797780528e-05,-1.9309807008430338e-06,2.296536504004268e-06,5.3570637602047159e-05,-3.8619614021536577e-06,4.5930730085646462e-06,-6.9334020927415282e-06,0.0023932855787813078,-0.00073202111667093758,-0.00029344058692467754,-4.2590574938234908e-06,0.00017475116383790527,0,-1.4929300308867931e-05,-7.4646502164706273e-06,-7.4646500923973039e-06,0,0.00019322117836526956,9.6610589384006537e-05,9.6610588981263024e-05,27.675229491866027,27.675295319374055,3.2913756115306361e-05,3.2913751912331899e-05,0.11327183296816838,0.1132737978140875,9.8242295651081651e-07,9.8242296260879008e-07,0,2.0172233659263321e-07,1.0086116879932475e-07,1.0086116779330846e-07,0,9.5311473960585146e-08,4.7655737445381781e-08,4.7655736515203365e-08,0,1.5062919195468092e-06,7.5314597614277201e-07,7.531459434040372e-07,0,0.00020995740894220368,0.00010497870467212447,0.00010497870427007921,28.714612508133982,28.714372645652393,-0.00011993123817190158,-0.00011993124341701341,0.11327183296816838,0.11327295082993406,5.5893087982235692e-07,5.5893088585915904e-07,0,2.1317208547807576e-07,1.0658604325746307e-07,1.0658604222061269e-07,0,9.531114809142914e-08,4.765557450989603e-08,4.765557358153311e-08,-0.043401886661120249,9.9565981133388792,-3.143733266358455,6.8562667336415455,2.0172233679832457e-07,1.9999997982776632,0.040103713834974415,9.9598962861650264,-3.2395394466003284,6.7604605533996711,2.1317208533877346e-07,1.9999997868279147,2.3986247634380316e-06
5,0.050000000000000031,tracking_ramp_g3_5hz,g3_5hz,0,0,0,0,2,0.00041669899999999998,2.6505686534505912e-11,2.6505686534505912e-11,5.4114029884850107e-11,5.4114011317946672e-11,1,1,31.039424869614937,32.079551552844052,-0.011157172669780779,0,0,-0.0073967432425675371,-0.0082402407482926685,-0.0095713819441422474,-0.01273846711326424,8.210420918976112e-05,9.613868559549141e-05,-0.011154924528703244,-0.0015835425845609962,8.9121447392626258e-05,7.0172382028651448e-06,-0.26588895392690909,-0.26572605113756553,-0.00063748387062071202,0.00063083951731213856,-0.0095713819441423358,8.2104209189761147e-05,0.21229919000000028,-3.1461980034576918e-19,-0.26588895392690942,-0.00063748387062071354,-0.012738467113264219,9.6138685595491356e-05,-0.21230081000000026,2.1138765989915133e-19,-0.26572605113756609,0.00063083951731213964,-0.0073967385568606521,-0.008240244525930529,-0.97191045381338903,0.0030711805612811532,-0.97199891583533837,8.8462021949342606e-05,0.65008846202194936,0.64991153797805068,0.64991153797805068,1.6392693171862414,-0.0043702516924252182,1.6393957458903228,-0.00012642870408141604,0.74987357129591858,0.75012642870408142,0.74987357129591858,-2.5790617415206552e-05,-0.0025424944241915388,0,-2.5790617415206552e-05,0.99997420938258474,1.0000257906174153,0.99997420938258474,-0.98346287036325064,-0.0024570221404834288,-0.98339093564557467,-7.1934717675969928e-05,0.64992806528232405,0.65007193471767599,0.64992806528232405,1.6395257200754161,0.0043712641054639741,1.6394010277077622,0.00012469236765388914,0.75012469236765389,0.74987530763234611,0.74987530763234611,-0.00017257965762211433,-0.0076973380203050517,0,-0.00017257965762211433,0.99982742034237793,1.0001725796576222,0.99982742034237793,0,-1,-0.3548099555740033,-0.0030711805612811532,0.56953093770048158,0.0043702516924252182,2.5790617415206552e-05,0.0025424944241915388,-0.34325753902414163,0.0024570221404834288,0.56927453481130685,-0.0043712641054639741,0.00017257965762211433,0.0076973380203050517,0.57272633084144342,0.0043985276483276079,-0.57316288891109357,-0.0043960160521180165,-0.57241901451086141,0.0043754520825697672,-0.57286132166498882,0.0043816591970642499,2.5790617415206552e-05,0.00017257965762211433,-0.077378387069996696,-2.3477652253331148e-05,0.31543984978895057,0.99999999918087801,4.0147405229326827e-05,-4.0102348029276307e-06,3.2168676221391384e-06,8.02948104805774e-05,-8.0204696080451752e-06,6.4337352460349478e-06,-8.2230583245135951e-06,0.0028518511592714999,-0.00087839844378254941,-0.00049766125308753177,-5.6306845895640605e-06,0.00018863471366306896,0,-1.8273913975448069e-05,-9.1369570758291218e-06,-9.1369568996189468e-06,0,0.00027928272820821519,0.00013964136436504283,0.00013964136384317236,27.675229491866027,27.675361214152559,6.5861145630049468e-05,6.5861140902415737e-05,0.11327183296816838,0.11327457386177303,1.3704467983440027e-06,1.370446806305683e-06,0,2.0230208253355737e-07,1.0115104188111176e-07,1.0115104065244561e-07,0,1.3444760866228764e-07,6.7223805031724244e-08,6.7223803630563401e-08,0,4.8066331113015041e-06,2.4033165857693273e-06,2.4033165255321769e-06,0,0.00029591035795579904,0.00014795517923827235,0.00014795517871752669,28.714612508133982,28.714306738418486,-0.00015288485471672068,-0.00015288486077906434,0.11327183296816838,0.1132737268775227,9.4695467323190407e-07,9.469546810849765e-07,0,2.1379513448195825e-07,1.068975678764601e-07,1.0689756660549815e-07,0,1.3444723808156247e-07,6.7223619739706965e-08,6.7223618341855507e-08,-0.043396516271555365,9.9566034837284452,-3.1436884154146689,6.8563115845853311,2.0230208254004665e-07,1.9999997976979174,0.040027738392296168,9.9599722616077031,-3.2396291829648707,6.7603708170351293,2.1379513458656407e-07,1.9999997862048655,3.0576970943344135e-06
6,0.060000000000000039,tracking_ramp_g3_5hz,g3_5hz,0,0,0,0,2,0.00041971,3.0382363291892034e-11,3.0382252269589571e-11,6.2311567316240502e-11,6.2311577776347819e-11,1,1,31.039483789756893,32.079098449308461,-0.011157172669780779,0,0,-0.0092323957373646095,-0.010920485122583203,-0.0095704854403337418,-0.012737374253922755,9.7237277130771772e-05,0.00012162950528867564,-0.011153929847128249,-0.0015834444067945068,0.00010943339120972371,1.2196114078951936e-05,-0.2658958443575325,-0.26571918971952957,-0.00072199787209401153,0.00072177118563229183,-0.009570485440333688,9.7237277130772287e-05,0.21229919000000017,-3.3412802791221979e-19,-0.26589584435753266,-0.00072199787209401207,-0.012737374253922759,0.00012162950528867524,-0.21230081000000009,2.3558103845510228e-19,-0.26571918971952962,0.00072177118563229248,-0.009232389593768613,-0.010920490265944084,-0.97187722676401411,0.0034929986664281511,-0.97199891583533837,0.00012168907132426021,0.65012168907132428,0.64987831092867576,0.64987831092867576,1.6392220816415937,-0.0049487505086893858,1.6393957458903228,-0.00017366424872911068,0.74982633575127089,0.75017366424872911,0.74982633575127089,-6.172226696140161e-05,-0.004363631265039079,0,-6.172226696140161e-05,0.99993827773303856,1.0000617222669614,0.99993827773303856,-0.98348943396532873,-0.0027716179561308421,-0.98339093564557467,-9.8498319754058983e-05,0.64990150168024596,0.65009849831975408,0.64990150168024596,1.6395732789863817,0.005004878788952386,1.6394010277077622,0.00017225127861952849,0.75017225127861953,0.74982774872138047,0.74982774872138047,-0.00026463194073894793,-0.010284211738010408,0,-0.00026463194073894793,0.999735368059261,1.0002646319407389,0.999735368059261,0,-1,-0.35484318262337822,-0.0034929986664281511,0.56957817324512916,0.0049487505086893858,6.172226696140161e-05,0.004363631265039079,-0.3432309754220636,0.0027716179561308421,0.56922697590034121,-0.005004878788952386,0.00026463194073894793,0.010284211738010408,0.57277380720630799,0.0049704885020341056,-0.57321033698788681,-0.0049674285168363917,-0.57237149028309198,0.004996621407248378,-0.57281372769506833,0.0050041533863113864,6.172226696140161e-05,0.00026463194073894793,-0.077378476761160303,-3.3054848728889617e-05,0.31543978449937005,0.99999999841624332,5.5645353525763127e-05,-7.3156189681021692e-06,4.1940159561484703e-06,0.00011129070711027872,-1.4631237943928447e-05,8.3880319167251408e-06,-9.6293458574693241e-06,0.0032581719084585864,-0.0010085417757160415,-0.00077026629307719514,-7.148838669522353e-06,0.00019835226670889293,0,-2.2067297745469058e-05,-1.1033648979628649e-05,-1.1033648765840409e-05,0,0.00037750169188257795,0.00018875084625426413,0.00018875084562831383,27.675229491866027,27.675436411865803,0.00010346000258486247,0.00010345999719142691,0.11327183296816838,0.11327545947535755,1.8132535898542054e-06,1.8132535993180291e-06,0,2.0291621701321039e-07,1.0145810919411944e-07,1.0145810781909094e-07,0,1.7890989707297962e-07,8.9454949442057829e-08,8.9454947630921791e-08,0,8.5624153632179995e-06,4.281207727580511e-06,4.2812076356374885e-06,0,0.00039399639865252156,0.00019699819963850282,0.00019699819901401874,28.714612508133982,28.714231525619613,-0.00019049125368196681,-0.00019049126068638859,0.11327183296816838,0.11327461249099041,1.3897614062939113e-06,1.3897614157361781e-06,0,2.1446337098717807e-07,1.0723168620872535e-07,1.0723168477845272e-07,0,1.7890947652543858e-07,8.9454739165613796e-08,8.9454737359824786e-08,-0.043385667645317663,9.9566143323546825,-3.1436344564176784,6.8563655435823216,2.0291621713192295e-07,1.9999997970837828,0.039935544408770243,9.9600644555912297,-3.2397359630071758,6.7602640369928242,2.1446337107624252e-07,1.9999997855366289,3.9399639927700565e-06
7,0.070000000000000048,tracking_ramp_g3_5hz,g3_5hz,0,0,0,0,2,0.000414738,3.4899416689881946e-11,3.4899305667579483e-11,7.1552802763475042e-11,7.1552773605135137e-11,1,1,31.039526923684839,32.078580530494065,-0.011157172669780779,0,0,-0.01132752210031783,-0.014013279625234659,-0.0095694303516749603,-0.012736015577680823,0.00011400895494080359,0.00014951082209379869,-0.011152722964677892,-0.0015832926130029314,0.00013175988851730114,1.7750933576497546e-05,-0.26590350767622645,-0.26571147323325989,-0.00079449272948728053,0.00080369051548769585,-0.0095694303516749082,0.0001140089549408038,0.21229919000000017,-3.1312425779827331e-19,-0.2659035076762265,-0.00079449272948728129,-0.01273601557768091,0.00014951082209379833,-0.21230081000000001,-8.1905439021530673e-19,-0.26571147323326005,0.00080369051548769628,-0.011327514343043599,-0.014013286275687195,-0.97184007252272586,0.0038678990636157079,-0.97199891583533837,0.00015884331261251106,0.65015884331261253,0.64984115668738751,0.64984115668738751,1.6391695601106542,-0.0054441430194865177,1.6393957458903228,-0.00022618577966859732,0.7497738142203314,0.7502261857796686,0.7497738142203314,-0.00011924672539710881,-0.0067576954333325575,0,-0.00011924672539710881,0.99988075327460291,1.0001192467253972,0.99988075327460291,-0.98351886697357926,-0.0030383022666875714,-0.98339093564557467,-0.0001279313280045935,0.64987206867199543,0.65012793132800462,0.64987206867199543,1.6396268039116433,0.0055771786988479382,1.6394010277077622,0.00022577620388108954,0.75022577620388109,0.74977422379611891,0.74977422379611891,-0.00038560181697911236,-0.01339208365767949,0,-0.00038560181697911236,0.99961439818302089,1.0003856018169792,0.99961439818302089,0,-1,-0.35488033686466641,-0.0038678990636157079,0.56963069477606865,0.0054441430194865177,0.00011924672539710881,0.0067576954333325575,-0.34320154241381307,0.0030383022666875714,0.56917345097507954,-0.0055771786988479382,0.00038560181697911236,0.01339208365767949,0.57282651649991556,0.0054614527454033071,-0.57326301171145477,-0.0054577109478849226,-0.57231811541811217,0.0055580145692794439,-0.5727602689660326,0.0055670279858161167,0.00011924672539710881,0.00038560181697911236,-0.077378582302074631,-4.3835966943694991e-05,0.31543970307759062,0.9999999972458119,7.3019510966502792e-05,-1.2220505148427236e-05,5.2140898004135241e-06,0.00014603902206707854,-2.444101031929285e-05,1.042817961040077e-05,-1.1389633541293819e-05,0.0036128992925598537,-0.0011224810190124744,-0.0011217436133300416,-8.8301580430145208e-06,0.00020615800309304022,0,-2.6249255040459982e-05,-1.3124627639355859e-05,-1.3124627401104123e-05,0,0.00048639824467199314,0.0002431991226948277,0.00024319912197716544,27.675229491866027,27.675519777982537,0.00014514306135075415,0.0001451430551589651,0.11327183296816838,0.11327644129032324,2.3041610720337459e-06,2.3041610828277646e-06,0,2.0348600323239364e-07,1.0174300233849325e-07,1.0174300089390039e-07,0,2.2811213487926854e-07,1.140560685323057e-07,1.1405606634696284e-07,0,1.2734310361317623e-05,6.3671552460066071e-06,6.3671551153110158e-06,0,0.00050273409431254433,0.00025136704751422623,0.0002513670467983181,28.714612508133982,28.714148142428925,-0.0002321828485065596,-0.00023218285654992018,0.11327183296816838,0.113275594305822,1.8806688213225912e-06,1.8806688322957107e-06,0,2.1509704505390183e-07,1.0754852328147421e-07,1.0754852177242762e-07,0,2.2811165961985281e-07,1.1405583089859375e-07,1.1405582872125906e-07,-0.043371237703793336,9.9566287622962069,-3.143573363947473,6.856426636052527,2.0348600314076985e-07,1.9999997965139968,0.039827324986381134,9.9601726750136184,-3.2398590881484219,6.7601409118515781,2.1509704501598014e-07,1.9999997849029549,5.027340950284525e-06
8,0.080000000000000057,tracking_ramp_g3_5hz,g3_5hz,0,0,0,0,2,0.00040638300000000002,4.0208281149034519e-11,4.0208503193639444e-11,8.2145799793111208e-11,8.2145828069663204e-11,1,1,31.039543734128699,32.077994354271162,-0.011157172669780779,0,0,-0.013747223233005115,-0.017571625534867439,-0.0095681964690336359,-0.012734365107557908,0.00013313791134114401,0.00018021813210308845,-0.011151280788295772,-0.0015830843192621361,0.00015667802172211623,2.354011038097222e-05,-0.2659118241175859,-0.26570298981554386,-0.00085506934975625019,0.00087695987657861229,-0.0095681964690336133,0.0001331379113411445,0.21229919000000025,-5.4294811919000652e-19,-0.26591182411758618,-0.00085506934975625203,-0.012734365107557944,0.00018021813210308805,-0.21230081000000017,-1.8115917159401349e-19,-0.26570298981554408,0.00087695987657861315,-0.013747213728577403,-0.017571633808708565,-0.97179944523881012,0.0041987976841057683,-0.97199891583533837,0.00019947059652825061,0.65019947059652827,0.64980052940347177,0.64980052940347177,1.6391125816388703,-0.0058569519124268849,1.6393957458903228,-0.00028316425145247237,0.74971683574854753,0.75028316425145247,0.74971683574854753,-0.00020456282909317217,-0.0098047504582051744,0,-0.00020456282909317217,0.9997954371709068,1.0002045628290932,0.9997954371709068,-0.98355069198925715,-0.0032571923532507879,-0.98339093564557467,-0.00015975634368248226,0.64984024365631754,0.6501597563436825,0.64984024365631754,1.6396856960250061,0.0060907940912029003,1.6394010277077622,0.00028466831724394126,0.75028466831724394,0.74971533168275606,0.74971533168275606,-0.00054122577756965373,-0.017110567660480375,0,-0.00054122577756965373,0.99945877422243035,1.0005412257775697,0.99945877422243035,0,-1,-0.35492096414858215,-0.0041987976841057683,0.56968767324785252,0.0058569519124268849,0.00020456282909317217,0.0098047504582051744,-0.34316971739813518,0.0032571923532507879,0.56911455886171691,-0.0060907940912029003,0.00054122577756965373,0.017110567660480375,0.57288365121248086,0.005871985197702401,-0.57332010411855494,-0.0058674036220476176,-0.57225947400605304,0.0060621162217180764,-0.57270152780298222,0.0060727982573525558,0.00020456282909317217,0.00054122577756965373,-0.077378708990188352,-5.5661357918796558e-05,0.31543960377621644,0.99999999556331565,9.2016739345431199e-05,-1.9155653243559101e-05,6.2729303652127184e-06,0.00018403347896302853,-3.8311306543776589e-05,1.2545860748979443e-05,-1.3809848173087762e-05,0.0039178007938389147,-0.0012206694014924194,-0.0015642321997503192,-1.0694899361246639e-05,0.00021380017505376038,0,-3.0745321491833011e-05,-1.5372660871390782e-05,-1.5372660620442228e-05,0,0.00060432264532394198,0.00030216132306197822,0.00030216132226196376,27.675229491866027,27.67561004800498,0.00019027807305822849,0.00019027806589515221,0.11327183296816838,0.11327750441011651,2.8357209679613211e-06,2.8357209801683085e-06,0,2.0392442723755596e-07,1.0196221433528351e-07,1.0196221290227245e-07,0,2.8131511129548017e-07,1.4065755692336326e-07,1.4065755437211691e-07,0,1.7271261168587128e-05,8.6356306741914405e-06,8.635630494395687e-06,0,0.00062047265650108944,0.00031023632864954218,0.00031023632785154726,28.714612508133982,28.714057854237041,-0.00027732694385337495,-0.00027732695308782908,0.11327183296816838,0.11327665742546796,2.4122286437716205e-06,2.4122286558020829e-06,0,2.1560858093076416e-07,1.0780429121845632e-07,1.0780428971230784e-07,0,2.8131457709943902e-07,1.4065728981962058e-07,1.4065728727981844e-07,-0.043354900854884436,9.9566450991451152,-3.143506998371735,6.856493001628265,2.0392442711599355e-07,1.9999997960755729,0.039702639812965949,9.9602973601870346,-3.2399982568517895,6.7600017431482105,2.1560858080881407e-07,1.9999997843914192,6.2047265729908434e-06
9,0.090000000000000066,tracking_ramp_g3_5hz,g3_5hz,0,0,0,0,2,0.00040119500000000002,4.6500581163400057e-11,4.6500581163400057e-11,9.4474205191065321e-11,9.4474111345895124e-11,1,1,31.039516878953307,32.077339308055763,-0.011157172669780779,0,0,-0.016566513446997874,-0.02166739663573166,-0.0095667562544112291,-0.012732391362262938,0.00015538547031118449,0.00021440083515696681,-0.011149573808337084,-0.0015828175539258542,0.00018489315273407565,2.950768242289116e-05,-0.26592067645316358,-0.2656938221846768,-0.00090409404093911964,0.000942250734276093,-0.0095667562544111805,0.00015538547031118474,0.21229919000000033,-4.9620248841340982e-19,-0.26592067645316386,-0.00090409404093912094,-0.012732391362262891,0.0002144008351569664,-0.21230081000000017,-2.4458076351967922e-20,-0.26569382218467719,0.00094225073427609452,-0.016566502086879736,-0.021667406620909348,-0.97175576273293851,0.0044899176566840279,-0.97199891583533837,0.00024315310239986232,0.65024315310239988,0.64975684689760016,0.64975684689760016,1.6390519595645694,-0.0061895161675097621,1.6393957458903228,-0.00034378632575338131,0.74965621367424662,0.75034378632575338,0.74965621367424662,-0.0003247485334537499,-0.013598291837340031,0,-0.0003247485334537499,0.99967525146654623,1.0003247485334537,0.99967525146654623,-0.98358443680080621,-0.0034290424945953857,-0.98339093564557467,-0.00019350115523153466,0.64980649884476849,0.65019350115523156,0.64980649884476849,1.6397493955165436,0.0065505496741728626,1.6394010277077622,0.0003483678087814468,0.75034836780878145,0.74965163219121855,0.74965163219121855,-0.00073822818177087391,-0.021545125672303773,0,-0.00073822818177087391,0.99926177181822917,1.0007382281817709,0.99926177181822917,0,-1,-0.35496464665445382,-0.0044899176566840279,0.56974829532215365,0.0061895161675097621,0.0003247485334537499,0.013598291837340031,-0.34313597258658618,0.0034290424945953857,0.56905085937017941,-0.0065505496741728626,0.00073822818177087391,0.021545125672303773,0.57294441908810367,0.0062043452132787393,-0.57338082010697478,-0.006198718803278499,-0.57219611367575562,0.006513446020756479,-0.57263804983921374,0.0065260047672296671,0.0003247485334537499,0.00073822818177087391,-0.077378865641138717,-6.837844609403869e-05,0.31543948461893756,0.99999999324681144,0.00011239649721302092,-2.861866346671408e-05,7.3740794422615299e-06,0.00022479299493206498,-5.7237327062272977e-05,1.4748158917722093e-05,-1.7274603516776309e-05,0.0041759096144531778,-0.0013039842346510959,-0.0021119214472652146,-1.2767883582086168e-05,0.00022268030682052786,0,-3.5468394108403552e-05,-1.7734197180688932e-05,-1.773419692771462e-05,0,0.00072950677995366295,0.00036475339041488596,0.00036475338953877699,27.675229491866027,27.675705866987567,0.00023818756494886783,0.00023818755659110581,0.11327183296816838,0.11327863287163416,3.3999517262840504e-06,3.399951739492141e-06,0,2.0413508747577861e-07,1.020675444038257e-07,1.0206754307195292e-07,0,3.3764817889517726e-07,1.6882409091548013e-07,1.6882408797969713e-07,0,2.2112514671902015e-05,1.1056257457311032e-05,1.1056257214590983e-05,0,0.00074544361128409001,0.00037272180607894926,0.00037272180520514075,28.714612508133982,28.713962017112468,-0.00032524550545236903,-0.00032524551606111945,0.11327183296816838,0.11327778588682655,2.9764593224466602e-06,2.9764593357202789e-06,0,2.1590147126945543e-07,1.07950736341428e-07,1.0795073492802743e-07,0,3.376475820377967e-07,1.6882379247894257e-07,1.6882378955885413e-07,-0.043338150568184332,9.956661849431816,-3.1434371152863951,6.8565628847136049,2.0413508748156403e-07,1.9999997958649125,0.039560348950260844,9.9604396510497395,-3.2401536264401658,6.7598463735598342,2.159014712896915e-07,1.9999997840985286,7.4544361215789853e-06
10,0.10000000000000007,tracking_ramp_g3_5hz,g3_5hz,0,0,0,0,2,0.00041518499999999999,5.400413449763164e-11,5.400413449763164e-11,1.0898778355953607e-10,1.0898782004022772e-10,1,1,31.039426088545738,32.076613033066721,-0.011157172669780779,0,0,-0.019873342790200026,-0.026393787157520325,-0.0095650742038755031,-0.012730055206768663,0.0001815937058743611,0.00025292743191722758,-0.011147564705322084,-0.0015824905014465802,0.00021726056889579434,3.5666863021433242e-05,-0.26592995296590083,-0.26568404420737163,-0.00094224481864560385,0.0010005933617303953,-0.009565074203875536,0.0001815937058743614,0.21229919000000028,-1.2970192004831474e-19,-0.26592995296590111,-0.00094224481864560504,-0.012730055206768728,0.00025292743191722747,-0.21230081000000015,4.6787982423959415e-19,-0.26568404420737196,0.0010005933617303964,-0.019873329492335473,-0.026393798911319061,-0.97170939129728695,0.0047471233047504642,-0.97199891583533837,0.0002895245380514222,0.65028952453805144,0.6497104754619486,0.6497104754619486,1.6389884711947973,-0.0064463017771437753,1.6393957458903228,-0.00040727469552548357,0.74959272530447452,0.75040727469552548,0.74959272530447452,-0.00048791361329739803,-0.018248412533719723,0,-0.00048791361329739803,0.99951208638670264,1.0004879136132974,0.99951208638670264,-0.98361964222536247,-0.0035554451168723082,-0.98339093564557467,-0.00022870657978779629,0.64977129342021223,0.65022870657978782,0.64977129342021223,1.6398174058903168,0.0069638074890490545,1.6394010277077622,0.00041637818255457759,0.75041637818255458,0.74958362181744542,0.74958362181744542,-0.0009845021716778507,-0.026820847091708049,0,-0.0009845021716778507,0.99901549782832211,1.0009845021716779,0.99901549782832211,0,-1,-0.35501101809010538,-0.0047471233047504642,0.56981178369192564,0.0064463017771437753,0.00048791361329739803,0.018248412533719723,-0.34310076716202992,0.0035554451168723082,0.56898284899640617,-0.0069638074890490545,0.0009845021716778507,0.026820847091708049,0.57300806301355389,0.0064629148628600006,-0.57344440017340292,-0.0064559804249551891,-0.57212852211457232,0.0069190174943106163,-0.57257032053354173,0.0069336876419990078,0.00048791361329739803,0.0009845021716778507,-0.077379065441860462,-8.1846001746387623e-05,0.31543934334835133,0.99999999014589636,0.0001339373935685899,-4.1185737026556084e-05,8.5274550844175798e-06,0.0002678747880170684,-8.2371474323677843e-05,1.7054910224855442e-05,-2.225862537947242e-05,0.0043915948145506981,-0.0013737327645085154,-0.0027815544270995505,-1.5079608156454298e-05,0.00023398334099529466,0,-4.0321254660550198e-05,-2.0160627452806661e-05,-2.0160627207743536e-05,0,0.00086012762206752783,0.00043006381150827438,0.00043006381055925346,27.675229491866027,27.675805838149657,0.00028817314671127667,0.00028817313691862603,0.11327183296816838,0.11327981021779771,3.9886248074723853e-06,3.988624821851061e-06,0,2.0401121320572481e-07,1.0200560716999805e-07,1.0200560603572676e-07,0,3.9614113198263119e-07,1.9807056767356835e-07,1.9807056430906285e-07,0,2.719051090516964e-05,1.3595255614115301e-05,1.359525529105434e-05,0,0.00087582430385653692,0.00043791215240146915,0.00043791215145506777,28.714612508133982,28.713862029167846,-0.00037523947695620026,-0.00037523948917991416,0.11327183296816838,0.11327896323282055,3.5651323189537969e-06,3.5651323332154634e-06,0,2.1586928446588579e-07,1.079346428459949e-07,1.0793464161989089e-07,0,3.9614046918752299e-07,1.9807023626553981e-07,1.9807023292198318e-07,-0.043322357230917465,9.9566776427690833,-3.1433653788966853,6.8566346211033142,2.0401121308872129e-07,1.999999795988787,0.039398571128120778,9.9606014288718789,-3.2403258684330982,6.7596741315669018,2.1586928466990098e-07,1.9999997841307153,8.7582430480293833e-06
11,0.11000000000000008,tracking_ramp_g3_5hz,g3_5hz,0,0,0,0,2,0.00042643200000000003,6.2985283655336843e-11,6.2985283655336843e-11,1.2620597225451533e-10,1.2620579120864507e-10,1,1,31.039249324205308,32.075809454268345,-0.011157172669780779,0,0,-0.023771712943794751,-0.031867940386080859,-0.0095631058569303744,-0.012727307644607694,0.00021271947235635205,0.00029689268097309604,-0.011145206750769035,-0.0015821008938386597,0.00025480607666472405,4.2086604308371996e-05,-0.26593955065217967,-0.26567371720321875,-0.00097052330034085878,0.0010533922234986233,-0.0095631058569304924,0.0002127194723563523,0.21229919000000042,-1.1254950286641516e-19,-0.26593955065218006,-0.00097052330034086149,-0.012727307644607704,0.00029689268097309691,-0.21230081000000034,6.3956281473620015e-19,-0.26567371720321931,0.0010533922234986261,-0.023771697653058785,-0.031867953933773029,-0.97166062827973709,0.0049780896408666087,-0.97199891583533837,0.00033828755560127988,0.6503382875556013,0.64966171244439874,0.64966171244439874,1.6389228359882164,-0.0066339765551155583,1.6393957458903228,-0.00047290990210635542,0.74952709009789364,0.75047290990210636,0.74952709009789364,-0.00070338824304593884,-0.023885667886977428,0,-0.00070338824304593884,0.99929661175695406,1.0007033882430458,0.99929661175695406,-0.98365587090414253,-0.0036388736781046969,-0.98339093564557467,-0.00026493525856785549,0.64973506474143217,0.65026493525856788,0.64973506474143217,1.639889320077125,0.0073405740204542051,1.6394010277077622,0.00048829236936276388,0.75048829236936276,0.74951170763063724,0.74951170763063724,-0.0012893305996711044,-0.033086633133969895,0,-0.0012893305996711044,0.99871066940032893,1.0012893305996711,0.99871066940032893,0,-1,-0.35505978110765518,-0.0049780896408666087,0.56987741889850652,0.0066339765551155583,0.00070338824304593884,0.023885667886977428,-0.3430645384832498,0.0036388736781046969,0.56891093480959809,-0.0073405740204542051,0.0012893305996711044,0.033086633133969895,0.57307388312276941,0.0066543229081528158,-0.57351014144304702,-0.0066457532355873308,-0.57205710108597152,0.007288489513417107,-0.57249873907959004,0.0073055458349269272,0.00070338824304593884,0.0012893305996711044,-0.077379326929590125,-9.593849443308077e-05,0.31543917736173749,0.9999999860604829,0.00015644401857824576,-5.7526242739455785e-05,9.7485921073508296e-06,0.00031288803861032754,-0.00011505248601350358,1.9497184305295434e-05,-2.9340199829428148e-05,0.0045706113710663665,-0.0014316617412214107,-0.0035930277324376174,-1.766751451756541e-05,0.00024877923266378627,0,-4.519919433959563e-05,-2.2599597283567249e-05,-2.2599597056028381e-05,0,0.00099437075757026093,0.00049718537929605586,0.00049718537827420507,27.675229491866027,27.675908571501473,0.00033953982348171145,0.00033953981196484413,0.11327183296816838,0.11328102007026637,4.5935510412558092e-06,4.5935510567347535e-06,0,2.0343435677813628e-07,1.0171717880710241e-07,1.0171717797103388e-07,0,4.5575777484452009e-07,2.2787888935311712e-07,2.2787888549140297e-07,0,3.2433958077342348e-05,1.6216979250975388e-05,1.621697882636696e-05,0,0.0010098013972757258,0.00050490069914728539,0.00050490069812844044,28.714612508133982,28.713759281915788,-0.00042661310202944495,-0.00042661311616428062,0.11327183296816838,0.11328017308510874,4.1700584624586425e-06,4.1700584778971038e-06,0,2.1539435025681925e-07,1.0769717559650971e-07,1.0769717466030955e-07,0,4.5575704320141561e-07,2.2787852351790635e-07,2.2787851968350927e-07,-0.043308827221891291,9.9566911727781093,-3.1432933750219716,6.8567066249780284,2.0343435665466614e-07,1.9999997965656433,0.039214637605870441,9.9607853623941303,-3.2405162289877936,6.7594837710122064,2.15394350307833e-07,1.9999997846056496,1.0098013982945707e-05
12,0.12000000000000009,tracking_ramp_g3_5hz,g3_5hz,0,0,0,0,2,0.00042639199999999999,7.3752559615058999e-11,7.3752670637361462e-11,1.467285816042728e-10,1.4672851916883444e-10,1,1,31.038962656013997,32.074917854085015,-0.011157172669780779,0,0,-0.028385044289798902,-0.038234133316851361,-0.0095607964766157936,-0.012724087501302413,0.00024986725998691261,0.00034763189557708053,-0.011142441988959103,-0.0015816455123433097,0.00029874957778199657,4.888231779508396e-05,-0.26594937847485128,-0.26566288616657496,-0.00099025748031593766,0.0011024314981929826,-0.0095607964766159133,0.00024986725998691305,0.21229919000000047,-1.068955579434927e-18,-0.26594937847485178,-0.00099025748031594048,-0.012724087501302425,0.00034763189557708026,-0.21230081000000045,6.3686289721682707e-19,-0.26566288616657546,0.0011024314981929863,-0.028385026977450805,-0.038234148651199396,-0.97160968330841113,0.0051924279295444574,-0.97199891583533837,0.0003892325269272412,0.65038923252692726,0.64961076747307278,0.64961076747307278,1.6388556934550325,-0.0067614224816334697,1.6393957458903228,-0.00054005243529031688,0.74945994756470968,0.75054005243529032,0.74945994756470968,-0.00098195442686634712,-0.03066564665086528,0,-0.00098195442686634712,0.99901804557313367,1.0009819544268663,0.99901804557313367,-0.98369271608477216,-0.0036826576360685088,-0.98339093564557467,-0.00030178043919748543,0.64969821956080254,0.65030178043919751,0.64969821956080254,1.6399648471388855,0.0076935415417546098,1.6394010277077622,0.00056381943112326915,0.75056381943112327,0.74943618056887673,0.74943618056887673,-0.0016636524390886975,-0.040520015604883268,0,-0.0016636524390886975,0.99833634756091127,1.0016636524390887,0.99833634756091127,0,-1,-0.35511072607898125,-0.0051924279295444574,0.56994456143169059,0.0067614224816334697,0.00098195442686634712,0.03066564665086528,-0.34302769330262017,0.0036826576360685088,0.56883540774783747,-0.0076935415417546098,0.0016636524390886975,0.040520015604883268,0.57314125947134731,0.0067874755858319249,-0.57357742029273451,-0.0067768743449275071,-0.57198213963189004,0.0076342187915166082,-0.57242359145059607,0.0076539930443736632,0.00098195442686634712,0.0016636524390886975,-0.077379675120781505,-0.00011055056568144265,0.31543898363316297,0.99999998070820784,0.00017975402534986068,-7.8420589668244827e-05,1.1058317548353535e-05,0.00035950805301157281,-0.00015684118034507209,2.2116635238930241e-05,-3.9217286439325073e-05,0.004720152403948125,-0.0014799710282554341,-0.004570093645466026,-2.0577421576288157e-05,0.00026810020098736381,0,-4.9992310560035647e-05,-2.4996155380146279e-05,-2.4996155179889367e-05,0,0.0011304886025038906,0.00056524430180085396,0.00056524430070303659,27.675229491866027,27.676012728367674,0.00039161825763486862,0.00039161824401204255,0.11327183296816838,0.11328224665380315,5.2068428090964834e-06,5.2068428256754796e-06,0,2.022725131001755e-07,1.0113625675998197e-07,1.0113625634019353e-07,0,5.154265316508495e-07,2.5771326805113537e-07,2.5771326359971412e-07,0,3.7770732736560459e-05,1.8885366644061404e-05,1.8885366092499055e-05,0,0.0011456289991933716,0.00057281450014386062,0.00057281449904951097,28.714612508133982,28.713655115732209,-0.00047869619266554012,-0.00047869620910740947,0.11327183296816838,0.11328139966845291,4.7833501339407513e-06,4.7833501505865784e-06,0,2.1434588764917867e-07,1.0717294409134383e-07,1.0717294355783484e-07,0,5.1542572850221464e-07,2.577128664593193e-07,2.5771286204289534e-07,-0.043298855978785682,9.9567011440212152,-3.1432226209868173,6.8567773790131827,2.0227251316584493e-07,1.9999997977274868,0.039005025321281354,9.9609949746787194,-3.2407266021968741,6.7592733978031259,2.1434588785342407e-07,1.9999997856541121,1.1456290002877212e-05
13,0.13000000000000009,tracking_ramp_g3_5hz,g3_5hz,0,0,0,0,2,0.00051410300000000002,8.666667383749882e-11,8.6666562815196357e-11,1.7125056340812872e-10,1.7125026336601104e-10,1,1,31.038539527282907,32.073922219526366,-0.011157172669780779,0,0,-0.033859940762957327,-0.045667735800865208,-0.0095580793990645545,-0.01272031891497259,0.00029432318927783579,0.00040674453796723034,-0.011139199157018572,-0.0015811197579540179,0.00035053386362253307,5.6210674344697275e-05,-0.26595936065311587,-0.26565157593646449,-0.0010031070953451799,0.0011498808131377876,-0.0095580793990647072,0.00029432318927783525,0.21229919000000066,-1.5781282598531683e-18,-0.26595936065311671,-0.0010031070953451845,-0.012720318914972583,0.00040674453796723273,-0.21230081000000067,1.7937510844885911e-18,-0.26565157593646543,0.0011498808131377937,-0.033859921425224884,-0.045667752882320917,-0.97155665821396298,0.0054018264992144564,-0.97199891583533837,0.00044225762137539704,0.65044225762137542,0.64955774237862463,0.64955774237862463,1.6387875808710284,-0.0068397656704890638,1.6393957458903228,-0.00060816501929439326,0.74939183498070561,0.75060816501929439,0.74939183498070561,-0.0013361277553189718,-0.038774324009727856,0,-0.0013361277553189718,0.99866387224468101,1.001336127755319,0.99866387224468101,-0.98372980996864157,-0.0036909265655348943,-0.98339093564557467,-0.00033887432306689558,0.64966112567693313,0.65033887432306692,0.64966112567693313,1.6400438393789396,0.0080381336626651305,1.6394010277077622,0.00064281167117741234,0.75064281167117741,0.74935718832882259,0.74935718832882259,-0.0021203821250890976,-0.049332791317180928,0,-0.0021203821250890976,0.99787961787491086,1.002120382125089,0.99787961787491086,0,-1,-0.35516375117342935,-0.0054018264992144564,0.57001267401569466,0.0068397656704890638,0.0013361277553189718,0.038774324009727856,-0.34299059941875071,0.0036909265655348943,0.56875641550778344,-0.0080381336626651305,0.0021203821250890976,0.049332791317180928,0.57320967499515629,0.0068735923156709863,-0.57364571524973751,-0.0068604872407095506,-0.57190378685601151,0.0079713018768333439,-0.57234502300373569,0.0079942012645057917,0.0013361277553189718,0.0021203821250890976,-0.077380142820341044,-0.00012560166806346236,0.315438758620113,0.99999997367634474,0.00020374550909245905,-0.00010478196038461805,1.2482757639939838e-05,0.00040749102176046903,-0.00020956392260806551,2.4965515498940876e-05,-5.2726936210151446e-05,0.0048489146914146939,-0.0015213324650047064,-0.0057411789684744712,-2.3865147957359502e-05,0.00029299956272680244,0,-5.4587286582704437e-05,-2.7293643372644319e-05,-2.7293643210060119e-05,0,0.0012668519696999872,0.00063342598544019523,0.00063342598425979201,27.675229491866027,27.676117060776544,0.00044378446332635929,0.00044378444719108518,0.11327183296816838,0.11328347526015581,5.8211459848158926e-06,5.8211460026106081e-06,0,2.0037751752917821e-07,1.0018875870102625e-07,1.0018875882815197e-07,0,5.7406612159823604e-07,2.870330633784739e-07,2.8703305821976214e-07,0,4.3130458528376349e-05,2.1565229618588718e-05,2.1565228909787631e-05,0,0.0012816800786742506,0.00064084003992529587,0.00064084003874895473,28.714612508133982,28.7135507804574,-0.00053086382871110789,-0.00053086384787097256,0.11327183296816838,0.11328262827459887,5.3976532062775048e-06,5.3976532242085909e-06,0,2.1257743043333354e-07,1.062887152157868e-07,1.0628871521754675e-07,0,5.7406524439405313e-07,2.8703262475426541e-07,2.8703261963978772e-07,-0.043293773608433742,9.9567062263915656,-3.1431545716957636,6.8568454283042364,2.0037751758311005e-07,1.9999997996224823,0.038765261510407253,9.9612347384895923,-3.2409596205842082,6.7590403794157918,2.1257743033797158e-07,1.9999997874225697,1.2816800798505917e-05
14,0.1400000000000001,tracking_ramp_g3_5hz,g3_5hz,0,0,0,0,2,0.000265507,1.0214684653675477e-10,1.0214684653675477e-10,2.0058050349894287e-10,2.0058042770997632e-10,1,1,31.037949674542276,32.072800489141109,-0.011157172669780779,0,0,-0.040370490732545228,-0.054380085846629178,-0.0095548740307454371,-0.012715908537394469,0.00034759200245156204,0.00047612784654533754,-0.011135391284069953,-0.0015805172533245159,0.00041185992449844979,6.4267922046887748e-05,-0.26596944005397238,-0.26563978728762649,-0.0010110776194068535,0.0011983047467819599,-0.009554874030745392,0.00034759200245156215,0.21229919000000053,-6.6169155048321875e-19,-0.26596944005397305,-0.0010110776194068567,-0.012715908537394431,0.00047612784654533792,-0.2123008100000004,1.3713463416047122e-18,-0.26563978728762716,0.0011983047467819647,-0.040370469388461817,-0.054380104604075434,-0.97150152529163636,0.0056202396128279064,-0.97199891583533837,0.0004973905437020143,0.65049739054370204,0.64950260945629801,0.64950260945629801,1.638718910364561,-0.0068824651285002963,1.6393957458903228,-0.00067683552576180972,0.74932316447423819,0.75067683552576181,0.74932316447423819,-0.0017804979915408575,-0.048434315046579648,0,-0.0017804979915408575,0.9982195020084591,1.0017804979915408,0.9982195020084591,-0.98376683141083554,-0.0036685365320693478,-0.98339093564557467,-0.00037589576526086965,0.64962410423473915,0.65037589576526089,0.64962410423473915,1.6401263200714933,0.0083925797143326684,1.6394010277077622,0.0007252923637310893,0.75072529236373109,0.74927470763626891,0.74927470763626891,-0.0026747909824464599,-0.059777638969628649,0,-0.0026747909824464599,0.9973252090175535,1.0026747909824465,0.9973252090175535,0,-1,-0.35521888409575592,-0.0056202396128279064,0.57008134452216197,0.0068824651285002963,0.0017804979915408575,0.048434315046579648,-0.34295357797655679,0.0036685365320693478,0.56867393481522976,-0.0083925797143326684,0.0026747909824464599,0.059777638969628649,0.57327873912422067,0.0069262961634302461,-0.57371463052086125,-0.0069101293307058881,-0.57182202416344374,0.0083176401362290119,-0.5722630105283012,0.0083441669819243978,0.0017804979915408575,0.0026747909824464599,-0.0773807721483145,-0.00014104093362282252,0.31543849815257002,0.99999996435233751,0.00022834477560237826,-0.00013768254943231526,1.4053602231593413e-05,0.00045668955663139482,-0.00027536510213667121,2.8107204797172206e-05,-7.0868709651616604e-05,0.0049671858740408656,-0.0015589157920363461,-0.0071403409523217373,-2.7598352377877097e-05,0.00032459793765694621,0,-5.8868578331298222e-05,-2.943428922228252e-05,-2.9434289109015702e-05,0,0.0014019956229097891,0.00070099781209160769,0.00070099781081818145,27.675229491866027,27.676220446201146,0.00049547717714324866,0.00049547715797594984,0.11327183296816838,0.11328469265717564,6.4298444940291164e-06,6.4298445132288631e-06,0,1.9758160640074738e-07,9.8790802787453177e-08,9.8790803613294207e-08,0,6.3060560719726726e-07,3.1530280660402082e-07,3.1530280059324643e-07,0,4.8446721454940985e-05,2.4223361178558932e-05,2.4223360276382053e-05,0,0.0014164918182809792,0.00070824590977481509,0.0007082459085061641,28.714612508133982,28.713447400648299,-0.00058255373162365855,-0.00058255375405922281,0.11327183296816838,0.11328384567139395,6.0063516031976557e-06,6.0063516223691453e-06,0,2.0992343543845124e-07,1.0496171737693246e-07,1.0496171806151878e-07,0,6.306046533146272e-07,3.153023296350665e-07,3.153023236795607e-07,-0.043294984350382627,9.956705015649618,-3.143090622191131,6.8569093778088686,1.975816063658293e-07,1.9999998024183936,0.038489796104197352,9.9615102038958021,-3.2412187653138993,6.7587812346861007,2.0992343541779049e-07,1.9999997900765645,1.4164918195496302e-05
15,0.15000000000000011,tracking_ramp_g3_5hz,g3_5hz,0,0,0,0,2,0.00025943199999999998,1.2068346322280377e-10,1.2068324117819884e-10,2.3566018333250908e-10,2.3566024241552272e-10,1,1,31.037157768635289,32.071523508353202,-0.011157172669780779,0,0,-0.048123233483471146,-0.06462439467968184,-0.0095510834553622168,-0.012710742344692379,0.00041143851670053183,0.00055802072027981214,-0.011130912900027299,-0.0015798294446650813,0.00048472961849017199,7.3291101789640153e-05,-0.26597958179706949,-0.26562749289964899,-0.0010165470603258123,0.0012506767340831823,-0.0095510834553622567,0.00041143851670053324,0.21229919000000072,-1.089919644879471e-18,-0.26597958179707032,-0.0010165470603258162,-0.012710742344692369,0.00055802072027981398,-0.21230081000000051,1.7790868265892511e-18,-0.26562749289964971,0.0012506767340831871,-0.048123210172069324,-0.064624415011575065,-0.97144410328303321,0.0058641476933460664,-0.97199891583533837,0.00055481255230516169,0.65055481255230518,0.64944518744769486,0.64944518744769486,1.6386499446143159,-0.0069054887586331047,1.6393957458903228,-0.0007458012760068744,0.74925419872399313,0.75074580127600687,0.74925419872399313,-0.0023321383570841054,-0.059912176491968949,0,-0.0023321383570841054,0.99766786164291588,1.002332138357084,0.99766786164291588,-0.98380351281664491,-0.0036209806368988919,-0.98339093564557467,-0.00041257717107023861,0.64958742282892978,0.65041257717107026,0.64958742282892978,1.6402125121352076,0.0087780223060714025,1.6394010277077622,0.00081148442744538585,0.75081148442744539,0.74918851557255461,0.74918851557255461,-0.0033449615804277593,-0.07215588930495101,0,-0.0033449615804277593,0.99665503841957226,1.0033449615804277,0.99665503841957226,0,-1,-0.35527630610435917,-0.0058641476933460664,0.57015031027240703,0.0069054887586331047,0.0023321383570841054,0.059912176491968949,-0.34291689657074742,0.0036209806368988919,0.56858774275151547,-0.0087780223060714025,0.0033449615804277593,0.07215588930495101,0.57334821280065773,0.0069617915919882303,-0.57378392089250674,-0.0069419061797890225,-0.57173663666299757,0.0086940361718289075,-0.57217733344211585,0.0087248092548088754,0.0023321383570841054,0.0033449615804277593,-0.077381616328693184,-0.0001568523558053565,0.3154381973021399,0.9999999518245225,0.00025353463262722733,-0.00017838506819143555,1.5808578439709348e-05,0.00050706927339722258,-0.00035677014211206166,3.161715738714257e-05,-9.4832888504074625e-05,0.0050869618374823414,-0.0015964239615008219,-0.0088083855750212565,-3.1858625224984048e-05,0.00036412156714176142,0,-6.2718963354341413e-05,-3.1359481702305867e-05,-3.1359481652035546e-05,0,0.0015346592465601315,0.00076732962397069301,0.00076732962258943853,27.675229491866027,27.676321918739323,0.00054621344805014455,0.00054621342524554866,0.11327183296816838,0.11328588745598894,7.0272438998563447e-06,7.0272439207048342e-06,0,1.9369301629523208e-07,9.6846507293552654e-08,9.6846509001679427e-08,0,6.8399848853659808e-07,3.4199924778749499e-07,3.4199924074910309e-07,0,5.3658910900205572e-05,2.68294560195643e-05,2.6829454880641272e-05,0,0.0015488063362699446,0.00077440316882277174,0.00077440316744717289,28.714612508133982,28.71334594439239,-0.00063328185761957613,-0.0006332818839718216,0.11327183296816838,0.11328504046996055,6.6037508856381561e-06,6.6037509065264104e-06,0,2.0619494965677752e-07,1.0309747405444586e-07,1.0309747560233166e-07,0,6.8399745505960689e-07,3.4199873101477715e-07,3.4199872404482974e-07,-0.043304001943880663,9.9566959980561194,-3.1430321070894998,6.8569678929105002,1.9369301629319184e-07,1.9999998063069837,0.03817183953137214,9.9618281604686274,-3.2415084979999143,6.7584915020000853,2.0619495004525435e-07,1.99999979380505,1.5488063376455435e-05
16,0.16000000000000011,tracking_ramp_g3_5hz,g3_5hz,0,0,0,0,2,0.00026771299999999999,1.4284873284253763e-10,1.4284873284253763e-10,2.7758830367586274e-10,2.775887075304708e-10,1,1,31.036121735347141,32.070053569306182,-0.011157172669780779,0,0,-0.057362912271069516,-0.076702792015209437,-0.0095465915997266053,-0.0127046819551746,0.00048793466853415011,0.00065505800840275985,-0.011125636777450602,-0.0015790451777239973,0.00057149633846845498,8.3561669934304871e-05,-0.26598977722577583,-0.26561463316390266,-0.001022309791865261,0.0013103966073731953,-0.0095465915997266192,0.00048793466853415147,0.21229919000000064,-7.6540014696266714e-19,-0.26598977722577638,-0.0010223097918652642,-0.012704681955174617,0.00065505800840276321,-0.21230081000000048,2.1296525876341246e-18,-0.26561463316390332,0.0013103966073732005,-0.05736288704801517,-0.076702813790995611,-0.97138403023470599,0.0061529113102484064,-0.97199891583533837,0.00061488560063238662,0.65061488560063241,0.64938511439936764,0.64938511439936764,1.6385807701155479,-0.0069276055977436756,1.6393957458903228,-0.00081497577477485095,0.74918502422522515,0.75081497577477485,0.74918502422522515,-0.003011095006600917,-0.073526927438411105,0,-0.003011095006600917,0.99698890499339909,1.0030110950066009,0.99698890499339909,-0.98383964605927632,-0.003554279664264969,-0.98339093564557467,-0.00044871041370164733,0.64955128958629837,0.65044871041370167,0.64955128958629837,1.6403028680561103,0.009218652657649748,1.6394010277077622,0.00090184034834805971,0.75090184034834806,0.74909815965165194,0.74909815965165194,-0.004152327637328093,-0.086826632440872076,0,-0.004152327637328093,0.99584767236267191,1.0041523276373281,0.99584767236267191,0,-1,-0.35533637915268634,-0.0061529113102484064,0.5702194847711749,0.0069276055977436756,0.003011095006600917,0.073526927438411105,-0.34288076332811601,0.003554279664264969,0.56849738683061257,-0.009218652657649748,0.004152327637328093,0.086826632440872076,0.57341803595557317,0.0069991603220082854,-0.57385351905223614,-0.0069747834806054938,-0.57164718343232745,0.0091243180586248716,-0.57208754382972826,0.0091600963978751906,0.003011095006600917,0.004152327637328093,-0.077382741793732904,-0.00017306039545764824,0.31543785022847398,0.99999993474096149,0.00027936338338597848,-0.00022838041643697386,1.7792105044352213e-05,0.00055872677892594767,-0.00045676084280987209,3.5584210862768215e-05,-0.00012603440725317505,0.0052221039652668288,-0.0016381406950901386,-0.010794177699794797,-3.6743865444307951e-05,0.00041293617092559619,0,-6.6019390137932437e-05,-3.3009695054255892e-05,-3.3009695083676545e-05,0,0.0016638254949524324,0.0008319127482306366,0.00083191274672179581,27.675229491866027,27.67642069799475,0.00059560307793761263,0.00059560305078575288,0.11327183296816838,0.11328705045110815,7.6087414584800262e-06,7.6087414812894071e-06,0,1.8849046728850643e-07,9.4245232239316046e-08,9.424523504919038e-08,0,7.332303579933629e-07,3.6661518313524102e-07,3.6661517485812188e-07,0,5.871366547003298e-05,2.9356833449033572e-05,2.9356832020999408e-05,0,0.0016776084494756634,0.00083880422548889499,0.00083880422398676844,28.714612508133982,28.71324719441796,-0.00068265684250812047,-0.00068265687351376709,0.11327183296816838,0.11328620346480529,7.1852483070699101e-06,7.1852483298419013e-06,0,2.0117418201683946e-07,1.0058708969367782e-07,1.0058709232316164e-07,0,7.3322924144538401e-07,3.6661462481918035e-07,3.6661461662620366e-07,-0.043322482610380506,9.95667751738962,-3.142980296811388,6.8570197031886124,1.8849046745123212e-07,1.9999998115095325,0.03780316340431282,9.9621968365956874,-3.2418344160358203,6.7581655839641801,2.0117418197464457e-07,1.999999798825818,1.6776084509777899e-05
17,0.17000000000000012,tracking_ramp_g3_5hz,g3_5hz,0,0,0,0,2,0.00026053200000000001,1.6930978841145361e-10,1.6930978841145361e-10,3.276448934437469e-10,3.2764465605055626e-10,1,1,31.034790649951745,32.068342417549076,-0.011157172669780779,0,0,-0.068379124914772021,-0.090974627589588269,-0.0095412598984357059,-0.012697560350012373,0.00057951297014072244,0.0007703354139714136,-0.01111941012422404,-0.0015781502257883337,0.00067492419205606802,9.5411221915345582e-05,-0.26600004844590625,-0.26560111180131252,-0.0010316428217212305,0.0013813100809545067,-0.0095412598984357735,0.00057951297014072461,0.21229919000000066,-1.2306329932420916e-18,-0.26600004844590697,-0.001031642821721235,-0.012697560350012389,0.00077033541397141718,-0.21230081000000051,1.1124718971001167e-18,-0.26560111180131335,0.0013813100809545132,-0.068379097848506362,-0.090974650651276079,-0.97132073214536963,0.0065092453730836919,-0.97199891583533837,0.00067818368996874767,0.65067818368996877,0.64932181631003127,0.64932181631003127,1.6385112666386241,-0.0069708314449266826,1.6393957458903228,-0.00088447925169865549,0.74911552074830134,0.75088447925169866,0.74911552074830134,-0.003840970004551652,-0.089659978692107331,0,-0.003840970004551652,0.99615902999544836,1.0038409700045516,0.99615902999544836,-0.9838750871762505,-0.0034748444099357619,-0.98339093564557467,-0.00048415153067582484,0.6495158484693242,0.65048415153067585,0.6495158484693242,1.6403981012718769,0.0097418619017192454,1.6394010277077622,0.00099707356411471437,0.75099707356411471,0.74900292643588529,0.74900292643588529,-0.0051223140317933945,-0.10421736230203814,0,-0.0051223140317933945,0.99487768596820658,1.0051223140317933,0.99487768596820658,0,-1,-0.35539967724202276,-0.0065092453730836919,0.57028898824809882,0.0069708314449266826,0.003840970004551652,0.089659978692107331,-0.34284532221114189,0.0034748444099357619,0.56840215361484603,-0.0097418619017192454,0.0051223140317933945,0.10421736230203814,0.57348835884488591,0.0070608132099992185,-0.57392356672816736,-0.0070310346644520171,-0.57155296642876752,0.0096354802822383092,-0.57199293509637406,0.009677190303497351,0.003840970004551652,0.0051223140317933945,-0.077384230667431428,-0.0001897361538035078,0.31543744999988543,0.99999991110910713,0.00030595475532251042,-0.00028943258084243898,2.0056112376659216e-05,0.00061190952877608216,-0.00057886517883682536,4.0112225941855616e-05,-0.00016615359473096466,0.0053885478225110311,-0.0016889937885174616,-0.013156176745799497,-4.2370975214660209e-05,0.00047257847831806547,0,-6.8648022379696116e-05,-3.4324011124745865e-05,-3.4324011254950251e-05,0,0.0017887568474084427,0.00089437842453518937,0.00089437842287325338,27.675229491866027,27.676516216961165,0.00064336256374444042,0.00064336253139361224,0.11327183296816838,0.1132881749488282,8.1709903174092149e-06,8.1709903424110728e-06,0,1.8171632895413797e-07,9.0858162382012902e-08,9.0858166572125068e-08,0,7.7731917657064213e-07,3.8865959316966514e-07,3.8865958340097699e-07,0,6.3565869184069789e-05,3.1782935482529245e-05,3.1782933701540545e-05,0,0.0018021622084176646,0.00090108110503581097,0.00090108110338185362,28.714612508133982,28.713151720193753,-0.00073039395181621924,-0.00073039398841219484,0.11327183296816838,0.11328732796221566,7.7474970111597286e-06,7.7474970361201023e-06,0,1.9460777973465387e-07,9.7303887876695878e-08,9.7303891857957989e-08,0,7.7731797258692494e-07,3.8865899112638095e-07,3.8865898146054399e-07,-0.043352256499986259,9.9566477435000138,-3.1429363896644498,6.8570636103355502,1.8171632895326426e-07,1.9999998182836711,0.03737386078268104,9.9626261392173188,-3.242203433648629,6.757796566351371,1.9460777962622176e-07,1.9999998053922203,1.8021622100716219e-05
18,0.18000000000000013,tracking_ramp_g3_5hz,g3_5hz,0,0,0,0,2,0.000265524,2.0084356400218439e-10,2.0084367502448686e-10,3.8731753300797718e-10,3.8731796017121798e-10,1,1,31.03310204973053,32.066328579480057,-0.011157172669780779,0,0,-0.081513967641071994,-0.10786614824130641,-0.0095349233908970758,-0.012689176890201067,0.00068902685713933924,0.00090748523600304217,-0.011112050140549071,-0.0015771267496519957,0.00079825604657119071,0.00010922918943185147,-0.26601045369885612,-0.26558679128668644,-0.0010484018866036785,0.0014677274921790773,-0.0095349233908970862,0.00068902685713933924,0.21229919000000064,-1.2986073872592492e-18,-0.26601045369885695,-0.0010484018866036824,-0.012689176890201029,0.00090748523600304423,-0.21230081000000045,1.0626028323305198e-18,-0.26558679128668711,0.0014677274921790829,-0.081513938808517969,-0.10786617240508636,-0.97125338600624178,0.0069598475026488487,-0.97199891583533837,0.00074552982909659171,0.65074552982909661,0.64925447017090343,0.64925447017090343,1.6384410710533959,-0.0070610789040288866,1.6393957458903228,-0.00095467483692690536,0.74904532516307309,0.75095467483692691,0.74904532516307309,-0.0048496131081153171,-0.10876667539502528,0,-0.0048496131081153171,0.99515038689188473,1.0048496131081153,0.99515038689188473,-0.98390975949134063,-0.0033892967323089166,-0.98339093564557467,-0.00051882384576595886,0.64948117615423406,0.65051882384576598,0.64948117615423406,1.6404992190714736,0.010378389619298803,1.6394010277077622,0.0010981913637113649,0.75109819136371136,0.74890180863628864,0.74890180863628864,-0.0062850935649612256,-0.12483637217710954,0,-0.0062850935649612256,0.99371490643503879,1.0062850935649612,0.99371490643503879,0,-1,-0.35546702338115049,-0.0069598475026488487,0.57035918383332707,0.0070610789040288866,0.0048496131081153171,0.10876667539502528,-0.34281064989605176,0.0033892967323089166,0.56830103581524927,-0.010378389619298803,0.0062850935649612256,0.12483637217710954,0.57355957909858035,0.007173149427628988,-0.57399445149635264,-0.0071368953315195782,-0.57145299798278515,0.010257822913976797,-0.57189250916482604,0.010306590005117388,0.0048496131081153171,0.0062850935649612256,-0.077386183703899797,-0.00020700429491906836,0.3154369883847371,0.9999998780116337,0.00033351906220159755,-0.00036363200091150483,2.266101946294884e-05,0.00066703815152682647,-0.0007272640313955933,4.532204076881825e-05,-0.00021718501211297377,0.0056045773437973156,-0.0017546384560818203,-0.015964235527009502,-4.887889963595042e-05,0.00054478635902386198,0,-7.0478309368766836e-05,-3.5239154555223585e-05,-3.523915481354325e-05,0,0.001909033085752701,0.00095451654379995166,0.00095451654195274937,27.675229491866027,27.676608150268038,0.00068932922026963242,0.00068932918174138022,0.11327183296816838,0.11328925709993928,8.7120658715447628e-06,8.7120658993569779e-06,0,1.7306820612690349e-07,8.6534100103098234e-08,8.6534106023805252e-08,0,8.153065641157184e-07,4.076532878393693e-07,4.076532762763491e-07,0,6.8179093254652073e-05,3.4089547733533271e-05,3.4089545521118802e-05,0,0.0019220480229246613,0.00096102401238118483,0.00096102401054347646,28.714612508133982,28.713059849656574,-0.00077632921707959429,-0.00077632926032833677,0.11327183296816838,0.11328841011297257,8.2885723881767808e-06,8.2885724160094804e-06,0,1.8619854885511982e-07,9.3099271586497454e-08,9.3099277268622369e-08,0,8.1530526703955326e-07,4.0765263923869724e-07,4.0765262780085602e-07,-0.043395357278111509,9.9566046427218886,-3.1429014976639813,6.8570985023360187,1.7306820615264334e-07,1.9999998269317938,0.036872061773298367,9.9631279382267017,-3.2426239911539945,6.7573760088460055,1.8619854895993671e-07,1.999999813801451,1.9220480247623698e-05
19,0.19000000000000014,tracking_ramp_g3_5hz,g3_5hz,0,0,0,0,2,0.000255233,2.3834811901934927e-10,2.3834800799704681e-10,4.583260576561435e-10,4.5832595350356356e-10,1,1,31.030978455684405,32.063933813138419,-0.011157172669780779,0,0,-0.097170741168990896,-0.12788166149685129,-0.0095273861819482539,-0.01267929152170774,0.00081981794581227792,0.001070763018133877,-0.011103338851827998,-0.0015759526698797431,0.00094529048197307744,0.00012547253616079952,-0.26602109392604284,-0.26557148811012748,-0.0010771575922873522,0.001574437714955063,-0.0095273861819482365,0.00081981794581227651,0.21229919000000055,-7.8519954210473641e-19,-0.26602109392604334,-0.0010771575922873555,-0.012679291521707726,0.0010707630181338787,-0.21230081000000034,6.3866284222974246e-19,-0.26557148811012804,0.0015744377149550682,-0.097170710650874903,-0.12788168655465262,-0.97118087543698439,0.0075362253116434061,-0.97199891583533837,0.00081804039835398079,0.650818040398354,0.64918195960164604,0.64918195960164604,1.6383695330697425,-0.0072290825495080775,1.6393957458903228,-0.0010262128205802412,0.74897378717941976,0.75102621282058024,0.74897378717941976,-0.0060699397652375954,-0.1313896660307601,0,-0.0060699397652375954,0.99393006023476238,1.0060699397652375,0.99393006023476238,-0.98394365464610156,-0.0033042306215013213,-0.98339093564557467,-0.00055271900052689116,0.64944728099947313,0.65055271900052691,0.64944728099947313,1.6406075568213723,0.011162441102224537,1.6394010277077622,0.0012065291136100775,0.75120652911361008,0.74879347088638992,0.74879347088638992,-0.0076764793075475559,-0.14928712245988981,0,-0.0076764793075475559,0.99232352069245244,1.0076764793075474,0.99232352069245244,0,-1,-0.35553953395040799,-0.0075362253116434061,0.57043072181698029,0.0072290825495080775,0.0060699397652375954,0.1313896660307601,-0.34277675474129082,0.0033042306215013213,0.56819269806535067,-0.011162441102224537,0.0076764793075475559,0.14928712245988981,0.57363238696225338,0.0073674937035572777,-0.57406685172932859,-0.0073234951157891597,-0.57134596705160923,0.011025060729190697,-0.57178494238232547,0.011082246245213732,0.0060699397652375954,0.0076764793075475559,-0.077388723770639017,-0.00022505094908360464,0.315436455609931,0.99999983120332381,0.00036236597751950508,-0.0004534588424522738,2.5676861168709608e-05,0.00072473199581646114,-0.000906917735932781,5.1353725226865277e-05,-0.0002814959040665865,0.0058911819004886859,-0.0018415660296831561,-0.019301703700116066,-5.6432028121623653e-05,0.00063152726771901026,0,-7.1375828582356197e-05,-3.568791407991852e-05,-3.5687914502437677e-05,0,0.0020245914273342271,0.0010122957147032999,0.0010122957126309272,27.675229491866027,27.676696444289313,0.00073347623457753648,0.00073347618870822466,0.11327183296816838,0.11329029625451562,9.2316431579907884e-06,9.231643189243143e-06,0,1.6218860598022885e-07,8.1094298938233548e-08,8.1094307041995298e-08,0,8.462375861718954e-07,4.2311879994562184e-07,4.2311878622627356e-07,0,7.2525309021637639e-05,3.6262655881347456e-05,3.6262653140290183e-05,0,0.0020372024082516813,0.0010186012051563965,0.0010186012030952848,28.714612508133982,28.712971639049243,-0.0008204345167890975,-0.00082043456794938575,0.11327183296816838,0.11328944926713766,8.8081494690416776e-06,8.8081495002362883e-06,0,1.755952838945426e-07,8.7797638033438915e-08,8.7797645861103686e-08,0,8.4623618856053933e-07,4.2311810106425659e-07,4.2311808749628273e-07,-0.043454048048207947,9.9565459519517923,-3.1428766224058915,6.8571233775941085,1.6218860592591696e-07,1.9999998378113941,0.036283599410880364,9.963716400589119,-3.2431062949568012,6.7568937050431988,1.7559528385909284e-07,1.9999998244047161,2.0372024103127928e-05
20,0.20000000000000015,tracking_ramp_g3_5hz,g3_5hz,0,0,0,0,2,0.00025540300000000002,2.8285807029959642e-10,2.8285795927729396e-10,5.4265423317082431e-10,5.426544337913762e-10,1,1,31.028322829186223,32.061058414580685,-0.011157172669780779,0,0,-0.11582374070589904,-0.15161626678018406,-0.0095184162008135065,-0.012667618062265591,0.00097578951961243329,0.0012651447213244292,-0.011093017131539549,-0.001574600930726042,0.0011204671204684312,0.00014467760085599794,-0.26603212100595186,-0.26555496795858674,-0.0011233856767806007,0.001706711110608811,-0.0095184162008135412,0.00097578951961243621,0.21229919000000058,-1.1208363474542529e-18,-0.26603212100595236,-0.001123385676780605,-0.01266761806226563,0.001265144721324435,-0.21230081000000031,1.0424857998332301e-18,-0.26555496795858741,0.0017067111106088143,-0.11582370858173816,-0.15161629250105554,-0.97110173658801313,0.0082757817796313814,-0.97199891583533837,0.00089717924732524157,0.65089717924732526,0.64910282075267478,0.64910282075267478,1.6382956595828433,-0.0075116968342260285,1.6393957458903228,-0.0011000863074794864,0.74889991369252051,0.75110008630747949,0.74889991369252051,-0.0075408948635510183,-0.15817430809269595,0,-0.0075408948635510183,0.99245910513644897,1.0075408948635509,0.99245910513644897,-0.98397683079336207,-0.00322588691805273,-0.98339093564557467,-0.00058589514778739638,0.64941410485221263,0.65058589514778742,0.64941410485221263,1.6407248129627721,0.012131730450143197,1.6394010277077622,0.0013237852550098683,0.75132378525500987,0.74867621474499013,0.74867621474499013,-0.0093389735506449918,-0.17828479496124702,0,-0.0093389735506449918,0.99066102644935505,1.0093389735506451,0.99066102644935505,0,-1,-0.3556186727993792,-0.0082757817796313814,0.57050459530387954,0.0075116968342260285,0.0075408948635510183,0.15817430809269595,-0.34274357859403026,0.00322588691805273,0.56807544192395087,-0.012131730450143197,0.0093389735506449918,0.17828479496124702,0.57370782207151971,0.0076814092103066889,-0.5741417930192011,-0.0076281644138976035,-0.57123020477437725,0.011974359761418923,-0.57166855066794864,0.012041604606414194,0.0075408948635510183,0.0093389735506449918,-0.077391999983567675,-0.00024413288924743235,0.31543584008271652,0.99999976453916395,0.00039291939655228405,-0.00056185783528975796,2.9184552531850701e-05,0.00078583885478266009,-0.0011237157587765344,5.8369109644914577e-05,-0.0003618960490740493,0.0062725179670538979,-0.0019572446598649269,-0.023267880389593289,-6.5223956227787296e-05,0.00073502334640383575,0,-7.1193531273085631e-05,-3.5596765319081162e-05,-3.5596765954004469e-05,0,0.0021357717503537421,0.0010678858763501216,0.0010678858740036205,27.675229491866027,27.676781350904996,0.00077592954677171045,0.00077592949219721752,0.11327183296816838,0.11329129535988032,9.7311958383013257e-06,9.7311958736372058e-06,0,1.4865225348429561e-07,7.4326121301643165e-08,7.432613218265244e-08,0,8.6912527319843224e-07,4.345626447540543e-07,4.3456262844437794e-07,0,7.6583600832074057e-05,3.829180211162208e-05,3.8291798720451977e-05,0,0.0021479627768946161,0.001073981389613889,0.0010739813872807271,28.714612508133982,28.712886839075694,-0.00086283449886352421,-0.00086283455942477965,0.11327183296816838,0.11329044837201846,9.3077019073643818e-06,9.307701942713601e-06,0,1.623802786744925e-07,8.1190134057696653e-08,8.1190144616795847e-08,0,8.6912376520027881e-07,4.3456189066343736e-07,4.3456187453684145e-07,-0.04353083986424499,9.9564691601357556,-3.1428626151773047,6.8571373848226953,1.4865225343736003e-07,1.9999998513477466,0.035591620268992971,9.9644083797310063,-3.2436625905256578,6.7563374094743427,1.6238027867382207e-07,1.9999998376197212,2.147962779227778e-05
21,0.21000000000000016,tracking_ramp_g3_5hz,g3_5hz,0,0,0,0,2,0.00026549199999999998,3.3555547229724425e-10,3.3555536127494179e-10,6.4256257986806316e-10,6.4256297892811407e-10,1,1,31.025012604484576,32.057575022440403,-0.011157172669780779,0,0,-0.13802907043656845,-0.17977017116140628,-0.0095077392056433455,-0.012653816471617405,0.0011614844706296229,0.0014964331473442697,-0.011080777838630375,-0.0015730386329870297,0.0013289588089869463,0.00016747433835732342,-0.26604374831601019,-0.26553694097882985,-0.0011937307085706664,0.0018702824280945865,-0.009507739205643382,0.001161484470629624,0.21229919000000033,-3.14460981668159e-19,-0.26604374831601058,-0.0011937307085706692,-0.01265381647161736,0.0014964331473442739,-0.21230081000000028,1.0306273385716699e-18,-0.26553694097883018,0.00187028242809459,-0.13802903677938197,-0.17977019729260293,-0.9710140912761227,0.0092232369834094365,-0.97199891583533837,0.00098482455921566903,0.65098482455921569,0.64901517544078435,0.64901517544078435,1.6382180431254223,-0.0079537008969433349,1.6393957458903228,-0.001177702764900479,0.74882229723509952,0.75117770276490048,0.74882229723509952,-0.0093085837578516777,-0.18988629879160299,0,-0.0093085837578516777,0.99069141624214829,1.0093085837578517,0.99069141624214829,-0.98400940688139116,-0.0031597051369600983,-0.98339093564557467,-0.00061847123581648678,0.64938152876418354,0.65061847123581651,0.64938152876418354,1.6408530836770332,0.013327385857478297,1.6394010277077622,0.0014520559692710044,0.751452055969271,0.748547944030729,0.748547944030729,-0.011322996367638137,-0.21267521840290612,0,-0.011322996367638137,0.98867700363236188,1.0113229963676382,0.98867700363236188,0,-1,-0.35570631811126968,-0.0092232369834094365,0.57058221176130064,0.0079537008969433349,0.0093085837578516777,0.18988629879160299,-0.34271100250600117,0.0031597051369600983,0.56794717120968974,-0.013327385857478297,0.011322996367638137,0.21267521840290612,0.57378734628542449,0.0081605201616715296,-0.57422072059272766,-0.0080962499022670734,-0.57110365041152822,0.013146238394635934,-0.57154125497144492,0.013225514380668598,0.0093085837578516777,0.011322996367638137,-0.077396192620477297,-0.00026458834951115061,0.31543512807213625,0.99999966916308403,0.00042573498942619759,-0.00069232655986982211,3.3277263907524713e-05,0.00085147007275164141,-0.0013846532724377868,6.6554535154615284e-05,-0.00046172110876907053,0.0067765028507490287,-0.0021103004255120031,-0.027980862267820036,-7.5481578287122877e-05,0.00085776977952607691,0,-6.9764859808205473e-05,-3.4882429447875775e-05,-3.4882430360329698e-05,0,0.002243369983620176,0.0011216849931501721,0.0011216849904700039,27.675229491866027,27.676863467133881,0.00081698766636065625,0.00081698760149337022,0.11327183296816838,0.11329226142805536,1.021422992329023e-05,1.0214229963688382e-05,0,1.3195051157483331e-07,6.5975248567704133e-08,6.597526300712918e-08,0,8.8289431942909576e-07,4.4144716942476222e-07,4.4144715000433354e-07,0,8.0337465448112981e-05,4.0168734821205436e-05,4.0168730626907545e-05,0,0.0022551203247981847,0.0011275601637313064,0.0011275601610668783,28.714612508133982,28.71280485512294,-0.00090382646967529978,-0.00090382654136672103,0.11327183296816838,0.11329141443961635,9.790735703869756e-06,9.7907357440988676e-06,0,1.4605398069105998e-07,7.3026983312845982e-08,7.3026997378214e-08,0,8.8289268800714917e-07,4.4144635360371779e-07,4.4144633440343138e-07,-0.043628496399771829,9.9563715036002289,-3.1428601125177713,6.8571398874822282,1.3195051157528822e-07,1.9999998680494884,0.034776134274145928,9.9652238657258536,-3.2443074696567811,6.7556925303432189,1.4605398062310335e-07,1.9999998539460193,2.2551203274626127e-05
22,0.22000000000000017,tracking_ramp_g3_5hz,g3_5hz,0,0,0,0,2,0.00025753000000000001,3.9777536819940451e-10,3.9777536819940451e-10,7.6061510454891186e-10,7.6061558418721097e-10,1,1,31.020891828404878,32.05332045322082,-0.011157172669780779,0,0,-0.16443628949328348,-0.21316449000565152,-0.0094950320074575819,-0.012637484027572208,0.0013821642129077695,0.0017713708077313241,-0.011066258017514895,-0.0015712260100573128,0.0015767675103195468,0.00019460329741177729,-0.26605626450542158,-0.26551705739771242,-0.0012963696101773996,0.002071300430119845,-0.0094950320074576426,0.0013821642129077693,0.21229919000000028,-9.8255821881498839e-20,-0.26605626450542175,-0.0012963696101774016,-0.012637484027572215,0.0017713708077313245,-0.21230081000000003,-9.7366437286881824e-19,-0.26551705739771264,0.0020713004301198472,-0.16443625436410481,-0.21316451627329297,-0.97091556339019469,0.01043248943598441,-0.97199891583533837,0.0010833524451436816,0.6510833524451437,0.64891664755485634,0.64891664755485634,1.6381347683028329,-0.0086102939344378342,1.6393957458903228,-0.0012609775874898865,0.74873902241251011,0.75126097758748989,0.74873902241251011,-0.011427593704266185,-0.2274316665865673,0,-0.011427593704266185,0.98857240629573384,1.0114275937042663,0.98857240629573384,-0.98404155151293349,-0.00310970261713654,-0.98339093564557467,-0.00065061586735881693,0.64934938413264121,0.65065061586735884,0.64934938413264121,1.6409948953135145,0.014793624344055607,1.6394010277077622,0.0015938676057523082,0.75159386760575231,0.74840613239424769,0.74840613239424769,-0.013688318278785718,-0.25345628322684916,0,-0.013688318278785718,0.98631168172121431,1.0136883182787857,0.98631168172121431,0,-1,-0.35580484599719764,-0.01043248943598441,0.57066548658388994,0.0086102939344378342,0.011427593704266185,0.2274316665865673,-0.34267885787445884,0.00310970261713654,0.56780535957320843,-0.014793624344055607,0.013688318278785718,0.25345628322684916,0.57387293872995637,0.0088610276060658126,-0.57430559385957469,-0.0087836222190225046,-0.57096381954357023,0.014584241547670247,-0.57140054890631919,0.014677911787408422,0.011427593704266185,0.013688318278785718,-0.077401518962919691,-0.00028684995208019663,0.31543430334687472,0.99999953235774386,0.0004615212067219507,-0.00084901929596479598,3.8061856146051535e-05,0.00092304255732847385,-0.001698038856621174,7.6123724158326799e-05,-0.00058493194149569956,0.0074355755714544227,-0.0023107495937100546,-0.033580832433323674,-8.7469439239426188e-05,0.0010025405764313693,0,-6.689397154771657e-05,-3.3446985134673155e-05,-3.3446986413043415e-05,0,0.0023487036481492974,0.0011743518256175473,0.0011743518225317501,27.675229491866027,27.676943783501553,0.00085714585626844473,0.00085714577925772141,0.11327183296816838,0.11329320610649737,1.0686569141344997e-05,1.068656918764724e-05,0,1.1147221486336196e-07,5.5736097912335156e-08,5.5736116951026803e-08,0,8.8629580595705175e-07,4.4314791455723327e-07,4.4314789139981847e-07,0,8.3770075827991827e-05,4.1885040509678805e-05,4.1885035318313022e-05,0,0.0023599849579933612,0.0011799924805303281,0.001179992477463033,28.714612508133982,28.712724698671749,-0.00094390468867978764,-0.0009439047735525384,0.11327183296816838,0.11329235911736041,1.0263074572833726e-05,1.026307461919294e-05,0,1.2601610557567283e-07,6.3008043487983597e-08,6.3008062087689235e-08,0,8.8629403390062572e-07,4.4314702839673034e-07,4.4314700550389538e-07,-0.043750014485208696,9.9562499855147912,-3.1428694342357915,6.8571305657642085,1.1147221466656158e-07,1.9999998885277854,0.033813499003575748,9.9661865009964234,-3.2450582115534559,6.7549417884465441,1.2601610553083393e-07,1.9999998739838944,2.3599849610606561e-05
23,0.23000000000000018,tracking_ramp_g3_5hz,g3_5hz,0,0,0,0,2,0.00026161000000000001,4.7100634503749461e-10,4.7100634503749461e-10,8.9966971953170881e-10,8.9967076392062738e-10,1,1,31.015760800457269,32.048084969229315,-0.011157172669780779,0,0,-0.19580048359371693,-0.25275823901632821,-0.0094799149357000546,-0.012618145370831658,0.0016438824577393474,0.002097753985058199,-0.011049030153265856,-0.0015691152175658016,0.0018708182213987732,0.00022693576365942578,-0.26607005168396003,-0.26549490394038505,-0.0014415109234526163,0.0023162253797077721,-0.0094799149357000564,0.0016438824577393459,0.21229919000000025,-5.677238328971948e-19,-0.26607005168396025,-0.0014415109234526169,-0.012618145370831772,0.0020977539850581986,-0.21230081000000015,-3.8963515573697816e-20,-0.26549490394038533,0.0023162253797077742,-0.19580044703601929,-0.25275826512547628,-0.97080317337820099,0.011969052769907148,-0.97199891583533837,0.0011957424571373831,0.65119574245713741,0.64880425754286264,0.64880425754286264,1.6380432878657147,-0.0095505315764491967,1.6393957458903228,-0.0013524580246080387,0.74864754197539196,0.75135245802460804,0.74864754197539196,-0.013962529635285648,-0.27187915920486083,0,-0.013962529635285648,0.98603747036471434,1.0139625296352857,0.98603747036471434,-0.98407346426380227,-0.00307761444690918,-0.98339093564557467,-0.00068252861822759581,0.64931747138177243,0.65068252861822762,0.64931747138177243,1.6411532315182802,0.016577063440057604,1.6394010277077622,0.0017522038105179938,0.75175220381051799,0.74824779618948201,0.74824779618948201,-0.016505722011904984,-0.30180184129435261,0,-0.016505722011904984,0.98349427798809497,1.0165057220119049,0.98349427798809497,0,-1,-0.35591723600919134,-0.011969052769907148,0.5707569670210082,0.0095505315764491967,0.013962529635285648,0.27187915920486083,-0.34264694512359006,0.00307761444690918,0.56764702336844275,-0.016577063440057604,0.016505722011904984,0.30180184129435261,0.57396722142118384,0.00985316851840181,-0.57439901145257888,-0.0097601258648996204,-0.57080777754254863,0.016334257558280683,-0.57124347155786981,0.016445147148300306,0.013962529635285648,0.016505722011904984,-0.077408240243946602,-0.00031146033453288198,0.31543334676719248,0.99999933591522983,0.00050116470344878643,-0.0010368687569297507,4.3660285143919732e-05,0.0010023296287748631,-0.0020737379729054567,8.7320589617264881e-05,-0.00073623277088654684,0.0082876700959840545,-0.0025702958756187761,-0.040233829957944021,-0.00010149421493676497,0.0011723724634088661,0,-6.2341960088166566e-05,-3.117097916177611e-05,-3.1170980926390457e-05,0,0.0024536947828966626,0.0012268473932373161,0.0012268473896593465,27.675229491866027,27.677023744837047,0.00089712653114579623,0.00089712643987463069,0.11327183296816838,0.11329414639591642,1.1156713847091152e-05,1.1156713900950196e-05,0,8.648006053304548e-08,4.324001775071616e-08,4.324004278232932e-08,0,8.777808903918851e-07,4.3889045902029296e-07,4.3889043137159215e-07,0,8.6856567354051499e-05,4.3428286895036324e-05,4.3428280459015175e-05,0,0.0024644674250385158,0.0012322337142974189,0.0012322337107410969,28.714612508133982,28.71264492615127,-0.00098379094116389336,-0.00098379104154751491,0.11327183296816838,0.11329329940592264,1.0733218850246421e-05,1.0733218904014737e-05,0,1.0154236483543425e-07,5.0771170161135551e-08,5.0771194674298704e-08,0,8.7777895507069875e-07,4.3888949120125158e-07,4.3888946386944718e-07,-0.043898564565464433,9.956101435434535,-3.1428904248489467,6.8571095751510533,8.6480060309835795e-08,1.9999999135199398,0.032675835679762899,9.967324164320237,-3.2459351542027215,6.7540648457972789,1.0154236465137213e-07,1.9999998984576353,2.4644674285948376e-05
24,0.24000000000000019,tracking_ramp_g3_5hz,g3_5hz,0,0,0,0,2,0.00024862099999999998,5.5687410238647317e-10,5.5687421340877563e-10,1.0628596512299449e-09,1.0628601416705314e-09,1,1,31.009362438529052,32.041598233501475,-0.011157172669780779,0,0,-0.23299402754374388,-0.2996659195856658,-0.0094619436490910869,-0.012595241453169479,0.001953543784883157,0.0024845390108871601,-0.011028592551130284,-0.0015666489020391963,0.0022190413978851586,0.00026549761300200155,-0.26608560966431388,-0.26547000171912,-0.001642078435044441,0.0026116480098524065,-0.0094619436490911771,0.0019535437848831622,0.21229919000000028,-1.2233273340720233e-18,-0.26608560966431422,-0.0016420784350444433,-0.01259524145316949,0.0024845390108871666,-0.21230081000000012,1.1430709623196783e-18,-0.26547000171912033,0.0026116480098524104,-0.23299398957795742,-0.29966594521962997,-0.9706732040195285,0.013913245210769828,-0.97199891583533837,0.0013257118158098713,0.65132571181580989,0.64867428818419015,0.64867428818419015,1.6379402570557711,-0.010862042967262994,1.6393957458903228,-0.0014554888345517103,0.74854451116544829,0.75145548883455171,0.74854451116544829,-0.016989787611374402,-0.32448489264218305,0,-0.016989787611374402,0.98301021238862563,1.0169897876113745,0.98301021238862563,-0.98410534655287651,-0.0030617069801941511,-0.98339093564557467,-0.00071441090730184342,0.64928558909269818,0.65071441090730187,0.64928558909269818,1.6413315503721346,0.018725484391029432,1.6394010277077622,0.001930522664372436,0.75193052266437244,0.74806947733562756,0.74806947733562756,-0.019858917157005048,-0.35908788052798929,0,-0.019858917157005048,0.98014108284299495,1.0198589171570049,0.98014108284299495,0,-1,-0.35604720536786388,-0.013913245210769828,0.57085999783095187,0.010862042967262994,0.016989787611374402,0.32448489264218305,-0.34261506283451582,0.0030617069801941511,0.56746870451458831,-0.018725484391029432,0.019858917157005048,0.35908788052798929,0.57407362685177632,0.011225957284521616,-0.57450437813319621,-0.01111431047662983,-0.57063212293221643,0.01844329554291875,-0.57106659007022109,0.01857477367221242,0.016989787611374402,0.019858917157005048,-0.077416669911319569,-0.00033909123150788071,0.31543223583020796,0.99999905383221299,0.00054576141132999044,-0.0012617281936546829,5.0210822537782469e-05,0.0010915231669146887,-0.0025234571831807152,0.00010042167674748548,-0.00092121159687614455,0.0093774594865679087,-0.0029027106349034447,-0.048136027128167086,-0.0001179091116268547,0.0013705124415163083,0,-5.5807448547036051e-05,-2.7903723066177239e-05,-2.7903725480858812e-05,0,0.0025609770870435927,0.0012804885456087559,0.0012804885414348368,27.675229491866027,27.677105328245339,0.00093791824363593894,0.00093791813567660649,0.11327183296816838,0.11329510557139506,1.1636301581932496e-05,1.1636301644749181e-05,0,5.6081493112185993e-08,2.8040730108945129e-08,2.8040763003240864e-08,0,8.5531549915719967e-07,4.2765776610488714e-07,4.2765773305231253e-07,0,8.9551916177592339e-05,4.4775962087904675e-05,4.4775954089687664e-05,0,0.0025711853825603542,0.0012855926933545614,0.0012855926892057928,28.714612508133982,28.712563560435701,-0.0010244737898478611,-0.0010244739084331507,0.11327183296816838,0.11329425858033394,1.1212806051415183e-05,1.1212806114145643e-05,0,7.1755755383818166e-08,3.587786155056868e-08,3.5877893833249486e-08,0,8.5531337094862025e-07,4.2765670181098799e-07,4.2765666913763226e-07,-0.044077366726061044,9.9559226332739392,-3.1429222107191093,6.8570777892808907,5.6081492792681261e-08,1.9999999439185072,0.031330377538105636,9.9686696224618938,-3.2469620877730891,6.7530379122269109,7.1755754986996954e-08,1.9999999282442451,2.5711853867091228e-05
25,0.25000000000000017,tracking_ramp_g3_5hz,g3_5hz,0,0,0,0,2,0.00025296200000000002,6.5710648033956431e-10,6.5710636931726185e-10,1.2535297431267133e-09,1.2535305530334046e-09,1,1,31.001364400044359,32.03351105132392,-0.011157172669780779,0,0,-0.27701680910635751,-0.35517464267993071,-0.0094406005261255151,-0.012568117541142248,0.0023189311227511077,0.0029419263635974725,-0.011004359033633882,-0.0015637585075083662,0.0026304287431742901,0.00031149762042318244,-0.26610358847849525,-0.26544180658579491,-0.0019146444705061493,0.0029639938457776079,-0.0094406005261254127,0.0023189311227511077,0.21229919000000039,-1.2150687628362938e-18,-0.26610358847849569,-0.0019146444705061552,-0.012568117541142201,0.0029419263635974721,-0.21230081000000028,2.8841471854008927e-19,-0.26544180658579547,0.0029639938457776153,-0.27701676972477618,-0.35517466749854049,-0.97052102859411959,0.016364361894395139,-0.97199891583533837,0.0014778872412187782,0.6514778872412188,0.64852211275878124,0.64852211275878124,1.6378213107829716,-0.01265748593174181,1.6393957458903228,-0.0015744351073512242,0.74842556489264878,0.75157443510735122,0.74842556489264878,-0.020599586389146839,-0.38671885182801347,0,-0.020599586389146839,0.97940041361085317,1.0205995863891468,0.97940041361085317,-0.98413735812858683,-0.0030551531564169303,-0.98339093564557467,-0.00074642248301215464,0.64925357751698787,0.65074642248301218,0.64925357751698787,1.6415337845945452,0.02128579270721899,1.6394010277077622,0.0021327568867830493,0.75213275688678305,0.74786724311321695,0.74786724311321695,-0.023846727584072358,-0.42692044051141209,0,-0.023846727584072358,0.97615327241592764,1.0238467275840724,0.97615327241592764,0,-1,-0.35619938079327274,-0.016364361894395139,0.57097894410375138,0.01265748593174181,0.020599586389146839,0.38671885182801347,-0.3425830512588055,0.0030551531564169303,0.56726647029217758,-0.02128579270721899,0.023846727584072358,0.42692044051141209,0.57419662299325092,0.01309366590154905,-0.57462612900549137,-0.012959900039110444,-0.57043298746403603,0.020957473778208807,-0.57086599882997846,0.021113548052046623,0.020599586389146839,0.023846727584072358,-0.077427183453618917,-0.00037056697571624322,0.31543094417019207,0.99999864905533453,0.00059665483166010305,-0.0015305364141963305,5.7868843233992643e-05,0.0011933102006856041,-0.003061074206840075,0.00011573773858641681,-0.0011465068181593086,0.01075794690910041,-0.0033243193839074059,-0.057518517055214331,-0.00013711787791615009,0.0016003070204918361,0,-4.6899143726257878e-05,-2.3449570219271617e-05,-2.3449573506986261e-05,0,0.0026740360025928299,0.0013370180037434315,0.0013370179988493984,27.675229491866027,27.677191144167509,0.00098082621445006336,0.00098082608703175655,0.11327183296816838,0.11329611437683063,1.2140704294286842e-05,1.2140704367957089e-05,0,1.9192784699094238e-08,9.5963707150758061e-09,9.5964139840184321e-09,0,8.1610896257671404e-07,4.0805450107003933e-07,4.0805446150667471e-07,0,9.1772218225935967e-05,4.5886114097818495e-05,4.5886104128117472e-05,0,0.0026836019562980519,0.0013418009805815062,0.0013418009757165457,28.714612508133982,28.712477989000039,-0.0010672594970341533,-0.0010672596369086494,0.11327183296816838,0.11329526738442137,1.1717208089662661e-05,1.1717208163330479e-05,0,3.5591127932555139e-08,1.7795542693319485e-08,1.7795585239235654e-08,0,8.1610660286822966e-07,4.0805332098869045e-07,4.0805328187953921e-07,-0.044289465367814113,9.9557105346321855,-3.1429628325738497,6.8570371674261503,1.9192784647953013e-08,1.9999999808072153,0.029738756587551419,9.9702612434124482,-3.2481666547839438,6.7518333452160562,3.5591127757621574e-08,1.9999999644088722,2.6836019611630122e-05
26,0.26000000000000018,tracking_ramp_g3_5hz,g3_5hz,0,0,0,0,2,0.00025590699999999999,7.7346340443540385e-10,7.7346351545770631e-10,1.4751245370028421e-09,1.47512700419132e-09,1,1,30.991335775364441,32.023371854334954,-0.011157172669780779,0,0,-0.32900296257595296,-0.42075908384608318,-0.0094152860713704462,-0.012536010610149409,0.0027486779270123295,0.0034814006710666631,-0.010975648340759928,-0.0015603622693894812,0.0031150392990394963,0.00036636137202716683,-0.26612483216684735,-0.26540971337419117,-0.0022806996341272691,0.0033790644124141339,-0.0094152860713704201,0.0027486779270123182,0.2122991900000003,4.1589317710186147e-19,-0.2661248321668474,-0.0022806996341272717,-0.012536010610149414,0.0034814006710666627,-0.21230081000000006,9.1733668187640727e-19,-0.26540971337419123,0.0033790644124141352,-0.32900292173854073,-0.42075910748253348,-0.97034088986347777,0.019446124802566141,-0.97199891583533837,0.0016580259718605994,0.65165802597186062,0.64834197402813942,0.64834197402813942,1.6376807627370733,-0.015083349613421379,1.6393957458903228,-0.0017149831532494719,0.74828501684675053,0.75171498315324947,0.74828501684675053,-0.024898271095423811,-0.46029241754017503,0,-0.024898271095423811,0.97510172890457614,1.0248982710954238,0.97510172890457614,-0.98416955393537608,-0.0030438292882368936,-0.98339093564557467,-0.00077861828980141379,0.64922138171019861,0.65077861828980144,0.64922138171019861,1.6417643148240519,0.024300835024060222,1.6394010277077622,0.0023632871162897473,0.75236328711628975,0.74763671288371025,0.74763671288371025,-0.028585563389900304,-0.50716424886053846,0,-0.028585563389900304,0.97141443661009974,1.0285855633899004,0.97141443661009974,0,-1,-0.35637951952391456,-0.019446124802566141,0.57111949214964963,0.015083349613421379,0.024898271095423811,0.46029241754017503,-0.3425508554520163,0.0030438292882368936,0.567035940062671,-0.024300835024060222,0.028585563389900304,0.50716424886053846,0.574342016607159,0.015604650543648513,-0.57477003192697385,-0.01544460822528697,-0.57020606272347407,0.023918884771630802,-0.57063734505694119,0.024104307833168751,0.024898271095423811,0.028585563389900304,-0.077440230081109507,-0.00040689365659429637,0.31542944101889647,0.99999806889599108,0.00065548356340042332,-0.0018515081529427615,6.6806784984823654e-05,0.0013109679706727897,-0.0037030186895239087,0.00013361365597694728,-0.0014200047201440109,0.012492501461807345,-0.0038546247676206741,-0.068652572642051463,-0.00015957801432739391,0.0018650000793967204,0,-3.5096727377803907e-05,-1.7548361457417873e-05,-1.7548365920386035e-05,0,0.0027973923541443164,0.0013986961799533888,0.0013986961741909276,27.675229491866027,27.677284567405977,0.0010275378449465797,0.0010275376950031891,0.11327183296816838,0.11329721257438977,1.268980306727643e-05,1.2689803154108146e-05,0,-2.550523721151117e-08,-1.2752647114489721e-08,-1.2752590097021448e-08,0,7.5621537368139081e-07,3.7810771055162612e-07,3.7810766312976469e-07,0,9.3365982143449669e-05,4.6682997306731574e-05,4.6682984836718095e-05,0,0.0028062071705058228,0.0014031035881174906,0.0014031035823883322,28.714612508133982,28.712384831740465,-0.0011138381144489024,-0.0011138382790678285,0.11327183296816838,0.11329636558025238,1.2266305998584714e-05,1.2266306085417545e-05,0,-8.2484925303894993e-09,-4.1242743463719991e-09,-4.1242181840175002e-09,0,7.562127324131781e-07,3.7810638964663439e-07,3.781063427665437e-07,-0.044537346734888406,9.955462653265112,-3.1430086948749398,6.8569913051250602,-2.5505237603206144e-08,1.9999999744947623,0.027856241987067789,9.9721437580129315,-3.2495807322429711,6.7504192677570289,-8.2484928142792603e-09,1.9999999917515072,2.8062071762349813e-05
27,0.27000000000000018,tracking_ramp_g3_5hz,g3_5hz,0,0,0,0,2,0.00026102299999999998,9.0762231064189791e-10,9.0762219961959545e-10,1.7309854948795064e-09,1.730985435548341e-09,1,1,30.97871695572621,32.010596774035101,-0.011157172669780779,0,0,-0.39022114301990729,-0.49809168398490267,-0.0093853110750930814,-0.012498036733048345,0.0032521493890052579,0.0041156949618457415,-0.010941673904070713,-0.0015563628289776317,0.0036839221754254997,0.00043177278642024183,-0.26615043786265186,-0.26537306603176292,-0.0027683725486539103,0.0038613516467258706,-0.0093853110750931404,0.0032521493890052527,0.21229919000000017,3.0408482806429382e-19,-0.26615043786265202,-0.0027683725486539116,-0.012498036733048376,0.0041156949618457398,-0.21230081000000015,2.2310847830678271e-18,-0.26537306603176308,0.0038613516467258767,-0.39022110065190485,-0.49809170604051484,-0.9701256148532249,0.023313782038986524,-0.97199891583533837,0.0018733009821134683,0.65187330098211349,0.64812669901788655,0.64812669901788655,1.6375111983310335,-0.018331904691999277,1.6393957458903228,-0.0018845475592892402,0.74811545244071076,0.75188454755928924,0.74811545244071076,-0.030010891304117666,-0.5471854914984039,0,-0.030010891304117666,0.96998910869588229,1.0300108913041177,0.96998910869588229,-0.98420179450393142,-0.0030033599169275137,-0.98339093564557467,-0.00081085885835674443,0.64918914114164328,0.65081085885835677,0.64918914114164328,1.6420279019535242,0.027804624475185735,1.6394010277077622,0.0026268742457620231,0.75262687424576202,0.74737312575423798,0.74737312575423798,-0.034212174959886849,-0.60197036349947675,0,-0.034212174959886849,0.96578782504011318,1.0342121749598869,0.96578782504011318,0,-1,-0.35659479453416748,-0.023313782038986524,0.5712890565556894,0.018331904691999277,0.030010891304117666,0.5471854914984039,-0.34251861488346086,0.0030033599169275137,0.56677235293319872,-0.027804624475185735,0.034212174959886849,0.60197036349947675,0.57451736294043398,0.018953321849574732,-0.57494359619450652,-0.018762098211031641,-0.56994666703219921,0.027360898336690111,-0.57037589457364013,0.027581285614156834,0.030010891304117666,0.034212174959886849,-0.077456346605493373,-0.00044929552610628218,0.31542769063519721,0.99999723858898992,0.00072424064627343539,-0.0022343518266469656,7.7212667464156921e-05,0.0014484826258324066,-0.0044687077666076304,0.00015442547707241087,-0.0017510732954572671,0.014657463209585752,-0.004517104587454494,-0.081855271014427439,-0.00018580266958465627,0.0021673902630037268,0,-1.9694564040165924e-05,-9.8472789971128007e-06,-9.8472850430531231e-06,0,0.002936841227851537,0.0014684206173298257,0.0014684206105217113,27.675229491866027,27.677389905027056,0.0010802066684411965,0.0010802064925876881,0.11327183296816838,0.11329845093116947,1.330898144920379e-05,1.3308981551884417e-05,0,-7.9621600795789626e-08,-3.981083804227499e-08,-3.9810762753514635e-08,0,6.6994415602840082e-07,3.3497210647833507e-07,3.3497204955006575e-07,0,9.4070154837198536e-05,4.7035085245912461e-05,4.7035069591286075e-05,0,0.0029447535633082304,0.0014723767850393285,0.0014723767782689019,28.714612508133982,28.712279771407591,-0.0011663682665909913,-0.0011663684598000135,0.11327183296816838,0.11329760393478454,1.2885483256721974e-05,1.2885483359434547e-05,0,-6.134559019473811e-08,-3.0672832234137038e-08,-3.0672757960601071e-08,0,6.699411686933172e-07,3.3497061248779207e-07,3.3497055620552513e-07,-0.044822315041696759,9.9551776849583025,-3.1430537470504252,6.8569462529495748,-7.9621601231933309e-08,1.9999999203783987,0.025630951158002645,9.9743690488419965,-3.2512407590442978,6.7487592409557022,-6.1345590613459159e-08,1.9999999386544094,2.9447535700786571e-05
28,0.28000000000000019,tracking_ramp_g3_5hz,g3_5hz,0,0,0,0,2,0.000266316,7.3699666369719807e-09,7.3699667479942832e-09,1.5542824647667324e-08,1.5542826741708873e-08,1,1,31.101915702435047,31.983185079118464,-0.011157172669780779,0,0,0.49660010682231426,-0.29118463433735453,-0.0094200007065921645,-0.012465425748997864,-0.010317145708760675,0.00031041485105238673,-0.010942713227795015,-0.0015227125212028498,-0.0050033654288541441,0.0053137802799065308,-0.26618610634388062,-0.26533693280652099,-0.0039049305777935361,0.0028262951730200912,-0.0094200007065921385,-0.010317145708760666,0.21229919000000014,6.1494591970662205e-19,-0.26618610634388062,-0.0039049305777935387,-0.012465425748997895,0.0003104148510524006,-0.21230081000000001,-9.2919514313796747e-19,-0.26533693280652099,0.0028262951730200917,0.49659982098910649,-0.29118435131847942,-0.9700891445949823,-0.018463868195006582,-0.97199891583533837,0.0019097712403560729,0.6519097712403561,0.64809022875964395,0.64809022875964395,1.6372574159744504,-0.029287129548318549,1.6393957458903228,-0.0021383299158723723,0.74786167008412763,0.75213832991587237,0.74786167008412763,-0.034229401492199933,-0.282058977708806,0,-0.034229401492199933,0.96577059850780012,1.0342294014922,0.96577059850780012,-0.98424996981687474,-0.011397180858545745,-0.98339093564557467,-0.00085903417130006599,0.64914096582869996,0.65085903417130009,0.64914096582869996,1.6422862527584408,0.019521081933715191,1.6394010277077622,0.0028852250506785637,0.75288522505067856,0.74711477494932144,0.74711477494932144,-0.040663500825687503,-0.61156661444257709,0,-0.040663500825687503,0.95933649917431252,1.0406635008256875,0.95933649917431252,0,-1,-0.35663126479241003,0.018463868195006582,0.57154283891227242,0.029287129548318549,0.034229401492199933,0.282058977708806,-0.34247043957051759,0.011397180858545745,0.56651400212828229,-0.019521081933715191,0.040663500825687503,0.61156661444257709,0.57475703501662356,0.026361507829237858,-0.57518597659891813,-0.027013071726691606,-0.56969552134129731,0.019315522224388881,-0.57012282141458692,0.019295763069368921,0.034229401492199933,0.040663500825687503,-0.077475709037873694,-0.00049304984039072724,0.31542590814285026,0.9999960617694682,0.0007946460149229409,-0.0026897918489600684,0.0001000153709729167,0.0015892941161819668,-0.005379590759944851,0.00020003100453530546,-0.0020447277533881788,0.012366448264215759,-0.0039165562777859495,-0.097166107956658851,-0.00015894780812874813,0.0059233156419328708,0,0.00084939508199839697,0.00042469742368467911,0.00042469765831371786,0,-0.012843223347167835,-0.0064216115690688188,-0.0064216117780990165,27.675229491866027,27.665289232660278,-0.0049701304857996779,-0.0049701287199490247,0.11327183296816838,0.11315600471034494,-5.7914130477774284e-05,-5.7914127345667243e-05,0,2.4731922264385579e-08,1.2366230727372964e-08,1.2365691537012616e-08,0,-9.8422833722546757e-06,-4.9211407182157654e-06,-4.9211426540389103e-06,0,-0.00082282896270187422,-0.00041141443438192629,-0.00041141452831994793,0,-0.012774858986177643,-0.0063874293892201084,-0.0063874295969575346,28.714612508133982,28.724371762460457,0.0048796265463511438,0.0048796277801241425,0.11327183296816838,0.11315515759474395,-5.833768827824233e-05,-5.8337685146184579e-05,0,7.6569890191465102e-08,3.8285231415083883e-08,3.828465877638122e-08,0,-9.8422740397275201e-06,-4.9211360523358411e-06,-4.9211379873916791e-06,-0.00045288680531491886,9.9995471131946854,-3.1173336776761302,6.8826663223238693,2.4731924961300572e-08,1.999999975268075,-0.00024983727396394413,9.9997501627260359,-3.2671048134610525,6.732895186538947,7.6569893017041323e-08,1.9999999234301069,0.00012843223138137637
29,0.2900000000000002,tracking_ramp_g3_5hz,g3_5hz,0,0,0,0,2,0.00025815199999999999,1.1597780957828263e-08,1.1597780846805961e-08,2.1874682804822579e-08,2.1874685921590188e-08,1,1,31.196059993868207,32.14079034493939,-0.011157172669780779,0,0,1.2626428974931754,0.67185954023793315,-0.0095813754923800114,-0.012547705294080268,-0.019974226176749803,-0.013724465157040785,-0.011064540393230141,-0.0014831649008501284,-0.016849345666895294,0.0031248805098545093,-0.2662202804107926,-0.26532750474677042,-0.0029609641282471498,-3.8015804324938868e-05,-0.0095813754923800183,-0.019974226176749831,0.21229919000000047,2.3090118142152227e-18,-0.26622028041079293,-0.0029609641282471559,-0.012547705294080249,-0.01372446515704082,-0.21230081000000031,1.8632077861634438e-18,-0.2653275047467708,-3.8015804324943489e-05,1.2626426966901114,0.67185970186326205,-0.97049533883306149,-0.055794802466361287,-0.97199891583533837,0.0015035770022768791,0.6515035770022769,0.64849642299772314,0.64849642299772314,1.6369844162927107,-0.025085514878087922,1.6393957458903228,-0.002411329597612033,0.74758867040238797,0.75241132959761203,0.74758867040238797,-0.035322576945769839,0.0032426240589981462,0,-0.035322576945769839,0.96467742305423021,1.0353225769457699,0.96467742305423021,-0.98457172902604295,-0.046563540808156459,-0.98339093564557467,-0.0011807933804682813,0.64881920661953174,0.6511807933804683,0.64881920661953174,1.642325825034314,-0.0044836115040208565,1.6394010277077622,0.0029247973265518201,0.75292479732655182,0.74707520267344818,0.74707520267344818,-0.044624531453296715,-0.25910138143851702,0,-0.044624531453296715,0.9553754685467033,1.0446245314532967,0.9553754685467033,0,-1,-0.35622507055433084,0.055794802466361287,0.57181583859401219,0.025085514878087922,0.035322576945769839,-0.0032426240589981462,-0.34214868036134943,0.046563540808156459,0.56647442985240892,0.0044836115040208565,0.044624531453296715,0.25910138143851702,0.57499219304729932,0.021065015902540507,-0.575429791401871,-0.022014470665261618,-0.56964413206780851,-0.0027370991912416182,-0.57007724575642515,-0.0035712828351362846,0.035322576945769839,0.044624531453296715,-0.077499252542095373,-0.00051999416248218913,0.31542487991250201,0.99999462154482177,0.00083529739385314295,-0.0031681763470225092,0.00014771028128219698,0.0016705977827857915,-0.0063363640539991096,0.00029542109220095149,-0.0025692490366962376,0.0053742052613929342,-0.0018786089721287336,-0.094687082351914337,-6.6524395144402457e-05,0.011753722483426706,0,0.00050539716040828159,0.00025269857505277969,0.0002526985853555019,0,-0.0077731753771396132,-0.0038865877193158412,-0.003886587657823772,27.675229491866027,27.669164251023329,-0.0030326215627033944,-0.0030326192799948219,0.11327183296816838,0.11320178430243788,-3.5024332405873364e-05,-3.502433332462825e-05,0,2.8970378617256595e-08,1.4485407120089077e-08,1.4484971497167518e-08,0,-6.0728760463434376e-06,-3.0364383977148616e-06,-3.036437648628576e-06,0,-0.00052649134737450115,-0.00026324574235320604,-0.00026324560502129511,0,-0.0077239203243425342,-0.003861960192639602,-0.0038619601317029322,28.714612508133982,28.720471745541651,0.0029296174847856338,0.0029296199228839481,0.11327183296816838,0.11320093719055714,-3.5447888346093282e-05,-3.5447889265147381e-05,0,7.1521562261837521e-08,3.5760994339534146e-08,3.5760567922303375e-08,0,-6.0728584841497407e-06,-3.036429617021347e-06,-3.0364288671283937e-06,0.005210598285441877,9.9947894017145575,-3.1139362321678288,6.8860637678321712,2.8970380748170884e-08,1.9999999710296192,0.023895209535532105,9.9761047904644684,-3.2533028232821177,6.7466971767178823,7.152156438935319e-08,1.9999999284784356,7.773175438631682e-05
30,0.30000000000000021,tracking_ramp_g3_5hz,g3_5hz,0,0,0,0,2,0.00026051600000000002,5.0218261771206585e-09,5.0218263991652634e-09,9.4821764512337987e-09,9.4821860565598226e-09,1,1,31.215940271996892,32.19554053548012,-0.011157172669780779,0,0,1.5947630340231855,1.0860667625797893,-0.0097925920726611802,-0.012709616960707798,-0.021942300035022063,-0.01777347533501019,-0.011251104516684488,-0.0014585124440233089,-0.019857887685016125,0.0020844123500059365,-0.26624291793966115,-0.26533997818208527,-0.0017818202676231248,-0.0019607063836002349,-0.0097925920726612097,-0.02194230003502206,0.21229919000000022,-1.937587866844212e-18,-0.26624291793966121,-0.0017818202676231265,-0.012709616960707801,-0.01777347533501019,-0.21230081000000009,-1.6559494118821572e-18,-0.26533997818208532,-0.0019607063836002358,1.5947628676662411,1.0860668766497434,-0.97112287071401782,-0.067642972730510037,-0.97199891583533837,0.00087604512132055667,0.65087604512132058,0.64912395487867947,0.64912395487867947,1.636778374693622,-0.01753421739510648,1.6393957458903228,-0.0026173711967008018,0.7473826288032992,0.7526173711967008,0.7473826288032992,-0.033642259417560175,0.27890496978423546,0,-0.033642259417560175,0.96635774058243984,1.0336422594175603,0.96635774058243984,-0.98506781032235302,-0.051821465521610106,-0.98339093564557467,-0.0016768746767783504,0.64832312532322167,0.65167687467677837,0.64832312532322167,1.642189955166256,-0.019015938297616497,1.6394010277077622,0.0027889274584937951,0.7527889274584938,0.7472110725415062,0.7472110725415062,-0.045390607002782545,0.043240860052262874,0,-0.045390607002782545,0.95460939299721748,1.0453906070027825,0.95460939299721748,3,-1,-0.35559753867337451,0.067642972730510037,0.57202188019310085,0.01753421739510648,0.033642259417560175,-0.27890496978423546,-0.34165259906503931,0.051821465521610106,0.56661029972046695,0.019015938297616497,0.045390607002782545,-0.043240860052262874,0.57516079664690345,0.014024159827796151,-0.57560795609188853,-0.014965160810530741,-0.56975999007390177,-0.016958029256755464,-0.57020261761320734,-0.017943050329736466,0.033642259417560175,0.045390607002782545,-0.077530692479127597,-0.00052658615629845812,0.31542488467903168,0.99999332272121966,0.00084251445471618879,-0.0035492859452255815,0.00021737444038809182,0.001685032659911655,-0.0070985876902078474,0.00043474984842526023,-0.0035284472149642561,-0.0011859777679396513,0.00015006584974395313,-0.063905681858896252,4.5957121618073136e-05,0.015229926601584044,0,0.00041089212153183965,0.00020544607754757792,0.00020544604398426173,0,-0.0057539086411692655,-0.002876954333722532,-0.0028769543074467336,27.675229491866027,27.670710194412052,-0.0022596492222345345,-0.0022596482317399679,0.11327183296816838,0.11322001246113,-2.5910253323992555e-05,-2.591025371438504e-05,0,-3.4759100597288187e-07,-1.7379559678562528e-07,-1.7379540918725659e-07,0,-4.6127039351897365e-06,-2.3063521248444521e-06,-2.3063518103452845e-06,0,-0.00037307747177895909,-0.00018653874584656524,-0.00018653872593239385,0,-0.0057127763761227772,-0.002856388201087458,-0.0028563881750353192,28.714612508133982,28.718921436965942,0.0021544638875070242,0.0021544649444536325,0.11327183296816838,0.11321916540109697,-2.6333783340502215e-05,-2.6333783730907744e-05,0,-3.0882733506520043e-07,-1.5441376322061022e-07,-1.5441357184459021e-07,0,-4.6126854859036652e-06,-2.3063429005231949e-06,-2.3063425853804703e-06,0.0082169453778843573,9.9917830546221165,-3.1116544825258603,6.8883455174741393,-3.4759100746601604e-07,1.9999996524089925,0.034432717990741976,9.9655672820092587,-3.2467395453732326,6.7532604546267674,-3.0882733659840031e-07,1.9999996911726634,5.7539086674450636e-05
31,0.31000000000000022,tracking_ramp_g3_5hz,g3_5hz,0,0,0,0,2,0.00026591499999999998,1.735863495598649e-09,1.7358634957926196e-09,4.7169208172404e-09,4.7169250942152839e-09,1,1,31.328308931571968,32.201372069825837,-0.011157172669780779,0,0,1.214048893772131,1.2171010201128891,-0.0099816582226305416,-0.012884893448118342,-0.012913202163497131,-0.017105713689107137,-0.011433275835374443,-0.0014516176127439004,-0.015009457926302134,-0.0020962557628050032,-0.26624970162594358,-0.26536904885028695,0.000818070019716535,-0.0033526546802487957,-0.0099816582226304931,-0.012913202163497148,0.21229919000000039,1.7074066634278559e-18,-0.2662497016259438,0.00081807001971653543,-0.012884893448118381,-0.017105713689107183,-0.21230081000000015,1.6534083130403943e-18,-0.26536904885028734,-0.0033526546802488009,1.2140489696581984,1.2171008983869733,-0.97174293684747692,-0.047943838896875993,-0.97199891583533837,0.00025597898786144935,0.65025597898786147,0.64974402101213857,0.64974402101213857,1.636685918785219,0.0024881149839860875,1.6393957458903228,-0.0027098271051038125,0.74729017289489619,0.75270982710510381,0.74729017289489619,-0.029797987321987539,0.34697901731863173,0,-0.029797987321987539,0.97020201267801243,1.0297979873219876,0.97020201267801243,-0.9855356103391355,-0.043347975837845013,-0.98339093564557467,-0.002144674693560833,0.64785532530643919,0.65214467469356086,0.64785532530643919,1.641935126193119,-0.028451390307251408,1.6394010277077622,0.0025340984853567949,0.75253409848535679,0.74746590151464321,0.74746590151464321,-0.043213431361419613,0.33469185985423355,0,-0.043213431361419613,0.95678656863858036,1.0432134313614196,0.95678656863858036,3,-1,-0.35497747253991541,0.047943838896875993,0.57211433610150386,-0.0024881149839860875,0.029797987321987539,-0.34697901731863173,-0.34118479904825683,0.043347975837845013,0.56686512869360395,0.028451390307251408,0.043213431361419613,-0.33469185985423355,0.57523112477783223,-0.0024993234197529871,-0.57568545247948311,0.0022029513814222201,-0.56999293469046242,-0.025910044576004248,-0.57044509727415926,-0.02683967806421831,0.029797987321987539,0.043213431361419613,-0.077572922159496807,-0.0005144422650711542,0.31542593234351896,0.99999263452933063,0.00082024376933761034,-0.0037376822865017689,0.00029634164937118837,0.0016404915663413698,-0.0074753829262504436,0.0005926847538771481,-0.0047072576998947006,-0.0059015054385301293,0.0017003899320616133,-0.020267194513264121,0.00012988612432673777,0.014462005547525369,0,-0.00015788833980124803,-7.8944066714109086e-05,-7.8944273087138943e-05,0,0.006387084371596791,0.0031935421061308126,0.0031935422654659784,27.675229491866027,27.680011463405513,0.0023909860420202001,0.0023909854974663624,0.11327183296816838,0.11332956950761248,2.8868270912803698e-05,2.8868268531299477e-05,0,-8.7457684963050024e-07,-4.3728878309873852e-07,-4.3728806653176172e-07,0,2.7631771152726711e-06,1.3815878015517472e-06,1.3815893137209238e-06,0,0.00031112873717511341,0.00015556434335830445,0.00015556439381680896,0,0.0063805674040760662,0.0031902836228282242,0.0031902837812478419,28.714612508133982,28.709615327244183,-0.0024985903750693746,-0.002498590514729239,0.11327183296816838,0.11332872253039286,2.8444782302902153e-05,2.8444779921577564e-05,0,-8.6066968578020725e-07,-4.3033521356045711e-07,-4.3033447221975014e-07,0,2.7631860970497445e-06,1.3815922922793542e-06,1.3815938047703902e-06,-0.019284336249283933,9.9807156637507166,-3.1268916030343341,6.8731083969656659,-8.7457685385656806e-07,1.9999991254231462,0.058627329487457192,9.9413726705125427,-3.2316973456406313,6.7683026543593687,-8.6066969018895519e-07,1.9999991393303098,6.3870842122616252e-05
32,0.32000000000000023,tracking_ramp_g3_5hz,g3_5hz,0,0,0,0,2,0.00025981600000000001,6.809214303515887e-09,6.809214303515887e-09,1.6062947123400338e-08,1.6062947044857273e-08,1,1,31.055936162996453,32.536214229044845,-0.011157172669780779,0,0,0.13605848960862132,1.2893660793164834,-0.010004871698929234,-0.013046244245378756,0.0046081844123493842,-0.015721355430994344,-0.011525557972153995,-0.0015206862732247608,-0.0055565855093224793,-0.010164769921671864,-0.26622445554253094,-0.26540870202498879,0.0032657308152070812,-0.0044289512999942469,-0.01000487169892918,0.0046081844123493877,0.21229919000000008,5.9292306307801024e-19,-0.26622445554253105,0.0032657308152070842,-0.013046244245378789,-0.015721355430994347,-0.21230081000000009,1.7025362239811437e-19,-0.26540870202498884,-0.0044289512999942477,0.13605912254300925,1.2893654207805993,-0.97193329257729966,0.0015211523857418495,-0.97199891583533837,6.5623258038716159e-05,0.65006562325803874,0.64993437674196131,0.64993437674196131,1.6368542700879334,0.02363712291562833,1.6393957458903228,-0.0025414758023893924,0.74745852419761061,0.75254147580238939,0.74745852419761061,-0.02753800171257028,0.15207864983561725,0,-0.02753800171257028,0.97246199828742974,1.0275380017125704,0.97246199828742974,-0.98590876861495269,-0.033834332420812588,-0.98339093564557467,-0.0025178329693780199,0.647482167030622,0.65251783296937804,0.647482167030622,1.6416112268865473,-0.035478753880554548,1.6394010277077622,0.0022101991787850661,0.75221019917878507,0.74778980082121493,0.74778980082121493,-0.038140511408374336,0.627051173165875,0,-0.038140511408374336,0.96185948859162562,1.0381405114083744,0.96185948859162562,3,-1,-0.35478711681009267,-0.0015211523857418495,0.57194598479878966,-0.02363712291562833,0.02753800171257028,-0.15207864983561725,-0.34081164077243964,0.033834332420812588,0.56718902800017568,0.035478753880554548,0.038140511408374336,-0.627051173165875,0.5750866715486701,-0.020330958086933137,-0.5755385664448357,0.020836580892813573,-0.57028644954188301,-0.032275910863173919,-0.57074719913196903,-0.033092078873747606,0.02753800171257028,0.038140511408374336,-0.077627012484345809,-0.00049214713491988631,0.3154274147035227,0.99999272601306233,0.00078273597178786308,-0.0037175156990565412,0.00033959150529419015,0.0015654757393275931,-0.0074350494256059576,0.00067918465738262088,-0.0058686466904485559,-0.0086460943271313064,0.0025771913573350911,0.020243172958823621,0.00016404065471824293,0.0049726724491327041,0,-0.0016041080010841778,-0.00080205380270039503,-0.00080205419838378278,0,0.033797641911857065,0.016898820777616532,0.016898821134240533,27.675229491866027,27.7010155247097,0.012893017340396279,0.012893015503276479,0.11327183296816838,0.11357696905729193,0.0001525680472278622,0.00015256804189569108,0,-1.2785776965318981e-06,-6.3928931132753858e-07,-6.3928838520435948e-07,0,2.0419034726879964e-05,1.0209515689158653e-05,1.0209519037721311e-05,0,0.0018645395513774907,0.00093226968934275378,0.00093226986203473689,0,0.033690256380181395,0.016845128012943716,0.016845128367237679,28.714612508133982,28.688601424073404,-0.013005541564643655,-0.013005542495933961,0.11327183296816838,0.11357612222878966,0.00015214463297672209,0.00015214462764455173,0,-1.321319899685446e-06,-6.6066044114160321e-07,-6.6065945854384278e-07,0,2.0419022800046338e-05,1.0209509725754296e-05,1.0209513074292042e-05,-0.087292798846200434,9.9127072011538004,-3.1660830186690641,6.8339169813309359,-1.2785777013847671e-06,1.9999987214222985,0.11010690962111458,9.8898930903788855,-3.2004476708964362,6.7995523291035642,-1.3213199049614154e-06,1.999998678680095,0.00033797641555233064
33,0.33000000000000024,tracking_ramp_g3_5hz,g3_5hz,0,0,0,0,2,0.00026337600000000001,1.3425936473687727e-08,1.3425936362665425e-08,2.640751728975429e-08,2.6407517289722037e-08,1,1,30.961083921843006,32.145240022910059,-0.011157172669780779,0,0,-0.5859243950209776,0.023869067335711203,-0.0098995631828426214,-0.013077652750728785,0.014444716601513283,0.0049130187098214307,-0.011488607966785703,-0.0015890447839430819,0.0096788676556673579,-0.0047658489458459264,-0.26619079873883478,-0.26542763411407333,0.0032726688362712457,-0.00080167404213045716,-0.0098995631828427046,0.014444716601513283,0.21229919000000011,1.8380614955418317e-19,-0.26619079873883478,0.0032726688362712444,-0.013077652750728787,0.0049130187098214307,-0.21230080999999998,1.1161776662443543e-18,-0.26542763411407339,-0.00080167404213045662,-0.58592400272081524,0.023868692797439747,-0.97171886951928443,0.03531654256752069,-0.97199891583533837,0.00028004631605393904,0.65028004631605396,0.64971995368394608,0.64971995368394608,1.6371118683841361,0.026051027803980515,1.6393957458903228,-0.0022838775061866379,0.74771612249381336,0.75228387750618664,0.74771612249381336,-0.026688036342597424,0.043390944476770173,0,-0.026688036342597424,0.97331196365740258,1.0266880363425974,0.97331196365740258,-0.98593183314644539,0.020218860704863992,-0.98339093564557467,-0.0025408975008707202,0.6474591024991293,0.65254089750087074,0.6474591024991293,1.6414710060382731,-0.0039358409259559737,1.6394010277077622,0.0020699783305109243,0.75206997833051092,0.74793002166948908,0.74793002166948908,-0.033693804750405128,0.33355979674455161,0,-0.033693804750405128,0.96630619524959482,1.0336938047504052,0.96630619524959482,3,-1,-0.35500153986810795,-0.03531654256752069,0.57168838650258691,-0.026051027803980515,0.026688036342597424,-0.043390944476770173,-0.34078857624094694,-0.020218860704863992,0.56732924884844982,0.0039358409259559737,0.033693804750405128,-0.33355979674455161,0.57486448744027974,-0.022584914187170436,-0.57531028620244484,0.023230770952267887,-0.57042425457483259,-0.004982195330747027,-0.57088468078725696,-0.0045256223043832668,0.026688036342597424,0.033693804750405128,-0.077691918672687849,-0.00046728139712429791,0.31542869059901935,0.99999339521968145,0.00074133667473787028,-0.0035425944437937184,0.00033160451691877497,0.0014826766137282835,-0.0070852044863340194,0.00066321049395806544,-0.0068975000170698056,-0.0080404797282523279,0.0024098132574904571,0.04481923567889827,0.00010756977640070175,-0.0056534857909340827,0,-0.00087174133484497346,-0.00043587068849076157,-0.00043587064635421189,0,0.020286306617592141,0.010143153394895717,0.010143153222696424,27.675229491866027,27.690679453386888,0.0077249820171386716,0.00772497950372275,0.11327183296816838,0.11345506546433408,9.1616246797026051e-05,9.1616249368671205e-05,0,-1.6557278947984554e-06,-8.2786429217584373e-07,-8.2786360262261172e-07,0,1.259017245218384e-05,6.2950871241098944e-06,6.2950853280739454e-06,0,0.0012667488569234782,0.00063337455970530578,0.00063337429721817241,0,0.020231384677076192,0.010115692423891955,0.010115692253184237,28.714612508133982,28.698968458124551,-0.0078220235302697665,-0.0078220264791614875,0.11327183296816838,0.11345421863475941,9.1192832009520867e-05,9.1192834581504752e-05,0,-1.6725848094934002e-06,-8.3629273666483188e-07,-8.3629207282856835e-07,0,1.2590157218157831e-05,6.2950795072493432e-06,6.2950777109084876e-06,-0.078057789399785499,9.9219422106002142,-3.1605456951081119,6.8394543048918877,-1.6557278986935775e-06,1.9999983442721012,0.067141022464801428,9.932858977535199,-3.2246872146714227,6.7753127853285768,-1.6725848130644877e-06,1.9999983274151869,0.00020286306789791435
34,0.34000000000000025,tracking_ramp_g3_5hz,g3_5hz,0,0,0,0,2,0.00025513000000000001,5.64251789736403e-09,5.6425180083863324e-09,1.1307527047188215e-08,1.1307527817601189e-08,1,1,30.928380759216825,31.992220531124772,-0.011157172669780779,0,0,-0.85781545565992667,-0.54191829951242143,-0.0097436209384492503,-0.012982319451734493,0.016322462182979391,0.012420312368289475,-0.011362970195091871,-0.0016193492566426212,0.014371387275634433,-0.0019510749073449584,-0.26616040929807228,-0.26542728897922696,0.0028281861120639743,0.00035806917898312772,-0.0097436209384491931,0.016322462182979381,0.21229919,-2.7393045514204073e-18,-0.26616040929807216,0.0028281861120639739,-0.012982319451734572,0.012420312368289473,-0.21230080999999995,-7.9822267366877128e-19,-0.26542728897922696,0.00035806917898312376,-0.85781520254348886,-0.54191851958176307,-0.97131569609743562,0.043771179764930244,-0.97199891583533837,0.00068321973790275159,0.65068321973790277,0.64931678026209727,0.64931678026209727,1.6373587416442748,0.02337729317761755,1.6393957458903228,-0.0020370042460480242,0.74796299575395198,0.75203700424604802,0.74796299575395198,-0.026856234622825992,-0.055346816627096201,0,-0.026856234622825992,0.97314376537717395,1.026856234622826,0.97314376537717395,-0.98560962778520367,0.040605757497195666,-0.98339093564557467,-0.0022186921396289971,0.64778130786037103,0.65221869213962902,0.64778130786037103,1.6415038446725252,0.0064163294436981209,1.6394010277077622,0.0021028169647629991,0.752102816964763,0.747897183035237,0.747897183035237,-0.031608387866264312,0.13052102721050302,0,-0.031608387866264312,0.9683916121337357,1.0316083878662643,0.9683916121337357,3,-1,-0.35540471328995665,-0.043771179764930244,0.57144151324244807,-0.02337729317761755,0.026856234622825992,0.055346816627096201,-0.34111078160218866,-0.040605757497195666,0.56729641021419774,-0.0064163294436981209,0.031608387866264312,-0.13052102721050302,0.57464570435455986,-0.02098115261634639,-0.57508513787259796,0.021595371916326402,-0.57041014631658638,0.0042717730478381098,-0.57086324644380537,0.0051205589225067748,0.026856234622825992,0.031608387866264312,-0.077764228766217774,-0.00044481201027060923,0.31542928588122182,0.99999413087809896,0.00070386899942310229,-0.0033404297176168043,0.00029035683006277234,0.0014077407529146434,-0.0066808725055237687,0.00058071479622129882,-0.0074511881182629117,-0.0070566445058535083,0.002118998106029005,0.037504206359105938,2.873241351114343e-05,-0.0098543073527078019,0,-0.00046740619665099417,-0.00023370313220442209,-0.00023370306444657208,0,0.012890507579606161,0.0064452538357793934,0.0064452537438267673,27.675229491866027,27.68501362507773,0.0048920671222895309,0.0048920660894132637,0.11327183296816838,0.11338832239280405,5.8244711632161842e-05,5.8244713003509404e-05,0,-1.5107408096917793e-06,-7.5537039135321767e-07,-7.5537041833856166e-07,0,7.7905477338348014e-06,3.895274341954888e-06,3.8952733918799134e-06,0,0.00085574095384848697,0.00042787052367363951,0.00042787043017484747,0,0.01286327218443058,0.0064316361377789455,0.0064316360466516349,28.714612508133982,28.704638185819224,-0.0049871605245836049,-0.0049871617901740949,0.11327183296816838,0.11338747548344334,5.7821256951748826e-05,5.7821258323211896e-05,0,-1.5136000150682268e-06,-7.5679998705585945e-07,-7.5680002801236731e-07,0,7.7905354960369495e-06,3.8952682232285001e-06,3.8952672728084494e-06,-0.071166475281847594,9.9288335247181525,-3.1569258552842125,6.8430741447157875,-1.5107408091023662e-06,1.9999984892591909,0.045472570440354763,9.9545274295596453,-3.2374445892710586,6.7625554107289414,-1.5136000146578283e-06,1.9999984863999853,0.00012890507671558786
35,0.35000000000000026,tracking_ramp_g3_5hz,g3_5hz,0,0,0,0,2,0.000256032,1.8123453848772897e-09,1.8123453848772897e-09,3.8394879454622994e-09,3.839493085503609e-09,1,1,30.92761878434867,31.949862889019201,-0.011157172669780779,0,0,-0.91401266392325553,-0.75642729607861292,-0.0095894142331461457,-0.012849541264804263,0.01479459526871413,0.013748654199323725,-0.011219477748975203,-0.0016300635158290585,0.014271624734018927,-0.00052297053469520238,-0.26613547756086192,-0.26542140876503073,0.0022570715135781655,0.00067589386581231843,-0.0095894142331460555,0.014794595268714104,0.2122991899999998,-3.8247772733267932e-18,-0.26613547756086164,0.0022570715135781655,-0.012849541264804363,0.013748654199323692,-0.21230080999999959,-2.3810096147318383e-18,-0.26542140876503045,0.00067589386581231215,-0.91401248978244509,-0.75642743269784019,-0.97089409906936197,0.041061479613906098,-0.97199891583533837,0.0011048167659764019,0.65110481676597642,0.64889518323402362,0.64889518323402362,1.6375669793817704,0.019020056337382556,1.6393957458903228,-0.0018287665085523486,0.74817123349144765,0.75182876650855235,0.74817123349144765,-0.027987699819738764,-0.15099876659430977,0,-0.027987699819738764,0.97201230018026119,1.0279876998197388,0.97201230018026119,-0.98518443894336016,0.043746972826599007,-0.98339093564557467,-0.0017935032977854926,0.64820649670221453,0.65179350329778551,0.64820649670221453,1.6415863295347877,0.0089791415808528133,1.6394010277077622,0.0021853018270254765,0.75218530182702548,0.74781469817297452,0.74781469817297452,-0.031261935300596164,-0.026636847278714369,0,-0.031261935300596164,0.96873806469940382,1.0312619353005961,0.96873806469940382,3,-1,-0.35582631031803036,-0.041061479613906098,0.57123327550495251,-0.019020056337382556,0.027987699819738764,0.15099876659430977,-0.34153597044403211,-0.043746972826599007,0.56721392535193527,-0.0089791415808528133,0.031261935300596164,0.026636847278714369,0.5744552476430822,-0.017579265449848277,-0.57488908998431543,0.018096628225111076,-0.57034936539856695,0.0068929893240966015,-0.57079385213794542,0.007736423418034627,0.027987699819738764,0.031261935300596164,-0.077840901715577546,-0.00042608836910782062,0.31542909698424282,0.9999945707157416,0.00067264906153763012,-0.0032170639523327427,0.00023786930362739662,0.0013453005577491889,-0.006434139548927225,0.00047573946823004033,-0.0078135008144588833,-0.0056008301430047619,0.0016884665027576491,0.016110540642933227,-5.0799423564225705e-05,-0.010910086061546719,0,-0.00026145009641098324,-0.00013072508174070149,-0.00013072501467028175,0,0.0088283034848595857,0.0044141517668971142,0.0044141517179624714,27.675229491866027,27.681902382513194,0.0033364454777458606,0.0033364451694208354,0.11327183296816838,0.11335165886757438,3.9912949338725585e-05,3.9912950067274127e-05,0,-1.19822444051115e-06,-5.991120766771411e-07,-5.9911236383400893e-07,0,5.0275974160655967e-06,2.5137989565761793e-06,2.5137984594894173e-06,0,0.0005924062095744656,0.0002962031134728897,0.0002962030961015759,0,0.0088159638150141981,0.0044079819317550586,0.0044079818832591395,28.714612508133982,28.707754142695055,-0.0034291825033047848,-0.0034291829356216988,0.11327183296816838,0.11335081191482024,3.9489472961549198e-05,3.948947369031225e-05,0,-1.1934786045525556e-06,-5.9673915490112594e-07,-5.9673944965142964e-07,0,5.0275879026939524e-06,2.5137941999949933e-06,2.5137937026989591e-06,-0.065973494131547836,9.9340265058684523,-3.1544562528447289,6.8455437471552711,-1.1982244387066639e-06,1.9999988017755612,0.034978953467354718,9.9650210465326445,-3.2440106642926771,6.7559893357073229,-1.1934786025970851e-06,1.9999988065213974,8.8283035337942284e-05
36,0.36000000000000026,tracking_ramp_g3_5hz,g3_5hz,0,0,0,0,2,0.000266471,2.8373468174833016e-10,2.8373468179661103e-10,5.2012336914764371e-10,5.2012367743924643e-10,1,1,30.93507509671123,31.950300761153336,-0.011157172669780779,0,0,-0.88210145829680886,-0.81024982656546396,-0.0094569694481971209,-0.012718991869248063,0.012206274840156357,0.012554601266943662,-0.011087980658722591,-0.0016310112105254711,0.012380438053550009,0.00017416321339365232,-0.26611650309187007,-0.26541359476193321,0.0016565622661041568,0.00085478425754929822,-0.009456969448197107,0.012206274840156314,0.2122991899999995,-1.6364676540953083e-18,-0.26611650309186935,0.0016565622661041484,-0.012718991869247988,0.012554601266943601,-0.21230080999999948,1.232432938255007e-19,-0.2654135947619326,0.00085478425754929443,-0.88210132891245729,-0.81024991850520234,-0.97052094430618485,0.034809517883198811,-0.97199891583533837,0.0014779715291535211,0.65147797152915354,0.6485220284708465,0.6485220284708465,1.6377285455296349,0.01423485055235936,1.6393957458903228,-0.0016672003606879038,0.7483327996393121,0.7516672003606879,0.7483327996393121,-0.030080130079736794,-0.24805992424235643,0,-0.030080130079736794,0.96991986992026324,1.0300801300797369,0.96991986992026324,-0.98477504895837209,0.038928994068581038,-0.98339093564557467,-0.0013841133127974192,0.6486158866872026,0.65138411331279744,0.6486158866872026,1.6416809773138825,0.0097921069360074366,1.6394010277077622,0.0022799496061203239,0.75227994960612032,0.74772005039387968,0.74772005039387968,-0.032347389028813907,-0.16210406195532531,0,-0.032347389028813907,0.96765261097118604,1.032347389028814,0.96765261097118604,0,-1,-0.35619946508120753,-0.034809517883198811,0.57107170935708795,-0.01423485055235936,0.030080130079736794,0.24805992424235643,-0.34194536042902024,-0.038928994068581038,0.56711927757284042,-0.0097921069360074366,0.032347389028813907,0.16210406195532531,0.57430423188842761,-0.013373952246997646,-0.57473350910777288,0.01379059433034016,-0.57027345055028533,0.008089076650405291,-0.57071032954291445,0.0087895319658954779,0.030080130079736794,0.032347389028813907,-0.077920939225967337,-0.00041252811582255788,0.31542816130408496,0.99999459993511586,0.00065008230451298141,-0.0032161155804558725,0.00018464608616026605,0.0013001669493554347,-0.0064322427390919616,0.00036929283705586528,-0.0081361748874804497,-0.003673586568270916,0.0011148139663028015,-0.010432940255864829,-0.00012278890448184798,-0.010512152226287565,0,-0.00016227761917654918,-8.1138837491820246e-05,-8.113878168472893e-05,0,0.006587600502566124,0.0032938002643805322,0.0032938002381855918,27.675229491866027,27.680186926224,0.0024787171763704127,0.0024787171816023881,0.11327183296816838,0.11333143543341634,2.9801232429320102e-05,2.980123281863699e-05,0,-8.8487357411412906e-07,-4.4243662144543616e-07,-4.424369526686929e-07,0,3.4810752138248629e-06,1.740537736563967e-06,1.7405374772608959e-06,0,0.00042893550339413722,0.00021446774583822652,0.00021446775755591069,0,0.0065833170776781174,0.0032916585518223025,0.0032916585258558149,28.714612508133982,28.709473771118542,-0.0025693684770973714,-0.0025693685383420604,0.11327183296816838,0.11333058845889374,2.9377745167986022e-05,2.9377745557370774e-05,0,-8.759333889939516e-07,-4.3796652679309298e-07,-4.3796686220085861e-07,0,3.4810679766046268e-06,1.7405341179539108e-06,1.740533858650716e-06,-0.062114596740960593,9.93788540325904,-3.1527467377882141,6.8472532622117859,-8.848735720634516e-07,1.999999115126428,0.030080666750062296,9.969919333249937,-3.2473817139048884,6.7526182860951121,-8.7593338669573564e-07,1.9999991240666133,6.5876005287610645e-05
37,0.37000000000000027,tracking_ramp_g3_5hz,g3_5hz,0,0,0,0,2,0.00026221399999999998,4.2402603650515402e-10,4.2402614752745649e-10,9.1863864502062307e-10,9.186341071116628e-10,1,1,30.940730134878695,31.961593870251747,-0.011157172669780779,0,0,-0.82849592058373012,-0.80432964373112714,-0.0093501959954779799,-0.012604820360111135,0.0096759227364384692,0.010666976758965253,-0.010977508177794557,-0.0016273121823165773,0.010171449747701861,0.00049552701126339208,-0.26610372290216916,-0.26540341682896379,0.0010227237342342538,0.0011513181400816517,-0.0093501959954779661,0.0096759227364384293,0.21229918999999944,-9.391477802682055e-19,-0.26610372290216844,0.0010227237342342503,-0.012604820360111058,0.0106669767589652,-0.2123008099999992,-1.6157153468875779e-18,-0.26540341682896301,0.0011513181400816467,-0.82849581655743942,-0.80432971168974821,-0.9702088597308931,0.028883530400797462,-0.97199891583533837,0.0017900561044452701,0.65179005610444529,0.64820994389555475,0.64820994389555475,1.6378411351579327,0.0092569110836763641,1.6393957458903228,-0.0015546107323900493,0.74844538926760995,0.75155461073239005,0.74844538926760995,-0.033169107413111867,-0.34999277775534887,0,-0.033169107413111867,0.96683089258688815,1.033169107413112,0.96683089258688815,-0.9844315114307256,0.031224386158339234,-0.98339093564557467,-0.0010405757851509323,0.64895942421484909,0.65104057578515095,0.64895942421484909,1.6417863955528755,0.011211711340620083,1.6394010277077622,0.0023853678451133398,0.75238536784511334,0.74761463215488666,0.74761463215488666,-0.034735379117905744,-0.28994237323919952,0,-0.034735379117905744,0.9652646208820943,1.0347353791179057,0.9652646208820943,0,-1,-0.35651154965649923,-0.028883530400797462,0.57095911972879021,-0.0092569110836763641,0.033169107413111867,0.34999277775534887,-0.34228889795666673,-0.031224386158339234,0.56701385933384751,-0.011211711340620083,0.034735379117905744,0.28994237323919952,0.57419843453776576,-0.0086573933682895701,-0.57462402575988614,0.0089969543123288812,-0.5701827051988192,0.0099026760217712281,-0.57061353912770751,0.01044710879247821,0.033169107413111867,0.034735379117905744,-0.078004425210332698,-0.00040558977126568129,0.31542656186990603,0.99999417153753856,0.00063855495603633045,-0.0033512428650745146,0.00013531362863983964,0.0012771123932741734,-0.0067024987519082157,0.00027062778306117521,-0.0084987407840769122,-0.0012700160419075492,0.00039259073057877327,-0.038094637098221751,-0.00018555520935749023,-0.0095148734208639479,0,-0.00011506045646441851,-5.7530248922833409e-05,-5.75302075415851e-05,0,0.0053509321175028149,0.0026754660660074422,0.0026754660514953727,27.675229491866027,27.679240522598654,0.0020055153144862689,0.0020055154181410498,0.11327183296816838,0.11332027363651326,2.4220334064802644e-05,2.4220334280073615e-05,0,-6.3905298695849473e-07,-3.1952635374965895e-07,-3.1952663320883578e-07,0,2.6174242938557519e-06,1.3087122162282003e-06,1.3087120776275516e-06,0,0.00032949437364354281,0.00016474717792239801,0.0001647471957211448,0,0.0053509720700812982,0.0026754860422366794,0.0026754860278446189,28.714612508133982,28.710423368416279,-0.0020945698922316858,-0.0020945698254708311,0.11327183296816838,0.11331942665199994,2.3796841808115376e-05,2.3796842023443999e-05,0,-6.2768830316639493e-07,-3.1384401064436808e-07,-3.1384429252202684e-07,0,2.6174188360191225e-06,1.3087094871955948e-06,1.3087093488235277e-06,-0.059341737343678425,9.9406582626563207,-3.1515811150042774,6.8484188849957226,-6.3905298529159816e-07,1.9999993609470148,0.027751704300004287,9.9722482956999965,-3.2492336744313626,6.7507663255686374,-6.2768830138267176e-07,1.9999993723116987,5.3509720844733587e-05
38,0.38000000000000028,tracking_ramp_g3_5hz,g3_5hz,0,0,0,0,2,0.00026281600000000003,7.3787712606687705e-09,7.3787710386241656e-09,1.6313954614900238e-08,1.6313955363542377e-08,1,1,31.020111520916473,31.965700344468907,-0.011157172669780779,0,0,0.17773129808971677,-0.72061735984156605,-0.0093368479282942458,-0.012513988987802191,-0.0065483517851305968,0.0079078785213054018,-0.010925418458048218,-0.0015885705297539725,0.00067976336808740247,0.0072281151532179993,-0.26610506716719129,-0.26539334856537,-0.00092287422520118123,0.00080826401473323899,-0.0093368479282942042,-0.0065483517851305725,0.21229918999999947,1.892271604166107e-18,-0.26610506716719046,-0.00092287422520117798,-0.0125139889878022,0.0079078785213053653,-0.21230080999999934,-1.6875013891673799e-18,-0.26539334856536928,0.00080826401473323498,0.17773094006957693,-0.72061698844729405,-0.97015696672361296,-0.01854004634614774,-0.97199891583533837,0.0018419491117254161,0.65184194911172544,0.64815805088827461,0.64815805088827461,1.6378349194719086,-0.0078524136358651478,1.6393957458903228,-0.0015608264184141518,0.74843917358158585,0.75156082641841415,0.74843917358158585,-0.035420591463664372,-0.082476120224320812,0,-0.035420591463664372,0.96457940853633561,1.0354205914636643,0.96457940853633561,-0.98416671657187305,0.023361254569320169,-0.98339093564557467,-0.00077578092629837503,0.64922421907370165,0.6507757809262984,0.64922421907370165,1.6418835812360879,0.0079826546776638006,1.6394010277077622,0.002482553528325715,0.75248255352832571,0.74751744647167429,0.74751744647167429,-0.03837380823122221,-0.41280046408782689,0,-0.03837380823122221,0.96162619176877784,1.0383738082312222,0.96162619176877784,0,-1,-0.35656344266377943,0.01854004634614774,0.57096533541481431,0.0078524136358651478,0.035420591463664372,0.082476120224320812,-0.34255369281551923,-0.023361254569320169,0.56691667365063503,-0.0079826546776638006,0.03837380823122221,0.41280046408782689,0.5741886219199176,0.0045907137092316835,-0.57461588031259103,-0.0051715400013739293,-0.57010120449822377,0.0061972192958137488,-0.5705272812082407,0.0066334558291592342,0.035420591463664372,0.03837380823122221,-0.078091572623943159,-0.00040137865998504207,0.31542463042150382,0.99999323183820987,0.00063140742001996765,-0.0036231059502301092,0.00010346842377335893,0.0012628176890260316,-0.0072462282483493146,0.00020693731440867003,-0.008854991373615782,-0.0019950230761041814,0.00059835767192531366,-0.065187769199417947,-0.00019160436174749337,-0.0036600633724780331,0,0.0011398896090756075,0.00056994463592768049,0.000569944973147927,0,-0.016914220400961563,-0.008457110058989973,-0.0084571103419715903,27.675229491866027,27.662173361600082,-0.0065280660628567171,-0.0065280642030877151,0.11327183296816838,0.11311928755144135,-7.6272710479924666e-05,-7.6272706247107146e-05,0,-3.6484492778456968e-07,-1.8242201951315247e-07,-1.824229082714172e-07,0,-1.2640516880860312e-05,-6.3202570825839371e-06,-6.3202597982763745e-06,0,-0.0010077195365857244,-0.00050385970641415455,-0.00050385983017156989,0,-0.016837706743474491,-0.0084188532313680311,-0.0084188535121064601,28.714612508133982,28.727491316973246,0.0064394038493943376,0.006439404989870284,0.11327183296816838,0.11311844041283135,-7.6696279784925966e-05,-7.6696275552102592e-05,0,-3.0813004686720716e-07,-1.5406455645589775e-07,-1.5406549041130941e-07,0,-1.2640504161542173e-05,-6.3202507231520318e-06,-6.320253438390141e-06,-0.002746601233452101,9.9972533987665475,-3.1192017668325449,6.8807982331674555,-3.6484492297964071e-07,1.9999996351550771,-0.010683987294875224,9.9893160127051246,-3.2724347485656082,6.7275652514343918,-3.0813004194616644e-07,1.9999996918699581,0.00016914220117979946
39,0.39000000000000029,tracking_ramp_g3_5hz,g3_5hz,0,0,0,0,2,0.00026128799999999998,8.8543850029765281e-09,8.8543851139988305e-09,1.7511245353327584e-08,1.7511249518895646e-08,1,1,31.161814974164816,31.951539233978828,-0.011157172669780779,0,0,1.059747358788202,-0.28792651161497385,-0.0094718907692173462,-0.012460335201116068,-0.018464825394971573,0.00017859807826468843,-0.010966112985166707,-0.0014942222159493607,-0.0091431136583534425,0.009321711736618131,-0.26611787066769327,-0.26539348976209515,-0.0011208599935794768,-0.0013515507680423079,-0.0094718907692173063,-0.018464825394971528,0.21229918999999958,3.9831724344633473e-18,-0.2661178706676926,-0.0011208599935794705,-0.012460335201116054,0.0001785980782646858,-0.21230080999999937,1.9297528120821097e-18,-0.26539348976209448,-0.0013515507680423001,1.0597467781424235,-0.28792594391830933,-0.97056637007312563,-0.058710606029823476,-0.97199891583533837,0.0014325457622127447,0.65143254576221277,0.64856745423778728,0.64856745423778728,1.6377156718509907,-0.011996491395591134,1.6393957458903228,-0.0016800740393321245,0.74831992596066788,0.75168007403933212,0.74831992596066788,-0.03447979818583715,0.21063758091458007,0,-0.03447979818583715,0.96552020181416287,1.0344797981858371,0.96552020181416287,-0.9839833968565761,0.0065644358478241602,-0.98339093564557467,-0.00059246121100142712,0.6494075387889986,0.65059246121100145,0.6494075387889986,1.6418990361818389,-0.0092368071828910978,1.6394010277077622,0.0024980084740766628,0.75249800847407666,0.74750199152592334,0.74750199152592334,-0.042494753314987921,-0.31570595333241908,0,-0.042494753314987921,0.95750524668501202,1.042494753314988,0.95750524668501202,0,-1,-0.3561540393142667,0.058710606029823476,0.57108458303573228,0.011996491395591134,0.03447979818583715,-0.21063758091458007,-0.34273701253081618,-0.0065644358478241602,0.56690121870488397,0.0092368071828910978,0.042494753314987921,0.31570595333241908,0.57426485195795796,0.0074692235979599573,-0.57470049377519761,-0.0084161324770325036,-0.57010062892712177,-0.0093784664713922831,-0.57052478038988164,-0.0095901503534008749,0.03447979818583715,0.042494753314987921,-0.078183833056216803,-0.00039155176054542619,0.3154229352307712,0.99999188787491622,0.00061573255677370192,-0.003978607726025471,0.00012545254563852987,0.0012314684434912217,-0.0079572369687631178,0.00025090576973708949,-0.0094592972021083736,-0.0049478340634538783,0.0015024140573801242,-0.074973868158407106,-0.00014303871907270755,0.0080861402925210563,0,0.0016033043546818428,0.00080165207660833483,0.00080165227807350793,0,-0.027894840323755998,-0.01394742009304021,-0.013947420230715789,27.675229491866027,27.653760335467229,-0.010734579187474622,-0.010734577211323029,0.11327183296816838,0.11302024635732381,-0.00012579330645220077,-0.00012579330439236669,0,-2.7392553051378997e-07,-1.3696240737390668e-07,-1.3696312313988329e-07,0,-1.8402966639705418e-05,-9.2014826903570621e-06,-9.2014839493483559e-06,0,-0.0015234401714891918,-0.00076172007962359517,-0.00076172009186559664,0,-0.027782920908154027,-0.013891460385694368,-0.013891460522459658,28.714612508133982,28.735899214200121,0.010643352220153213,0.010643353845985592,0.11327183296816838,0.11301939918512149,-0.00012621689255335855,-0.00012621689049352903,0,-1.9450173536499798e-07,-9.7250498460649452e-08,-9.7251236904348528e-08,0,-1.8402941726058751e-05,-9.2014702338338174e-06,-9.2014714922249341e-06,0.033246038692618697,9.966753961307381,-3.0983566571172085,6.9016433428827915,-2.7392552701261755e-07,1.9999997260744731,-0.024265044747591828,9.9757349552524079,-3.2808937972646124,6.7191062027353876,-1.9450173162259725e-07,1.9999998054982684,0.00027894840186080418
40,0.4000000000000003,tracking_ramp_g3_5hz,g3_5hz,0,0,0,0,2,0.00025770200000000001,4.4710187411813838e-09,4.4710187411280207e-09,7.919961755533874e-09,7.9199606138013081e-09,1,1,31.182784565780054,32.134436193428961,-0.011157172669780779,0,0,0.55092376542724331,0.52551426794905043,-0.0096096695188373042,-0.012531302227280817,-0.0082024228523196289,-0.011652966579517787,-0.011070485873059061,-0.0014608163542217563,-0.0099276947159187071,-0.001725271863599079,-0.26611034808315392,-0.26542234885474314,0.0021529361316763996,-0.0035100996670524602,-0.0096096695188373736,-0.0082024228523196116,0.21229918999999947,-1.771145892708742e-18,-0.26611034808315331,0.0021529361316763927,-0.012531302227280744,-0.011652966579517735,-0.21230080999999942,6.0605207376045189e-18,-0.26542234885474242,-0.0035100996670524489,0.55092381208628971,0.52551420232369439,-0.97107379643762748,-0.037661433008244351,-0.97199891583533837,0.00092511939771089402,0.65092511939771092,0.64907488060228913,0.64907488060228913,1.6377353858735835,0.01290831080249182,1.6393957458903228,-0.001660360016739304,0.7483396399832607,0.7516603600167393,0.7483396399832607,-0.032884284022387515,0.06057022001382753,0,-0.032884284022387515,0.96711571597761248,1.0328842840223875,0.96711571597761248,-0.98409782900844678,-0.024194462928781506,-0.98339093564557467,-0.00070689336287210747,0.64929310663712791,0.65070689336287213,0.64929310663712791,1.6416788918824461,-0.027712774871476373,1.6394010277077622,0.0022778641746838968,0.7522778641746839,0.7477221358253161,0.7477221358253161,-0.043433269692358646,0.049870335764964024,0,-0.043433269692358646,0.95656673030764139,1.0434332696923587,0.95656673030764139,0,-1,-0.35564661294976485,0.037661433008244351,0.57106486901313958,-0.01290831080249182,0.032884284022387515,-0.06057022001382753,-0.34262258037894561,0.024194462928781506,0.56712136300427685,0.027712774871476373,0.043433269692358646,-0.049870335764964024,0.57422554633823697,-0.012807254668546233,-0.57466579975729593,0.012775467853843146,-0.57030306182574186,-0.024948023473047275,-0.57073460316704094,-0.025935613091644497,0.032884284022387515,0.043433269692358646,-0.078284197313283524,-0.00037102076315143664,0.31542181174485417,0.99999048503955135,0.00058277680980072411,-0.0043192728396223515,0.00018461768237057282,0.0011655573163477154,-0.0086385730778224742,0.00036923653583223351,-0.010440677466512893,-0.007180283778797281,0.0022622433087129794,-0.063620237209854991,-0.00010055257814167655,0.013052915213777156,0,-6.7817587071972163e-05,-3.3908604567875567e-05,-3.3908982504096596e-05,0,0.0038189141456322238,0.001909456867308723,0.0019094572783235008,27.675229491866027,27.678055383862876,0.0014129460565627337,0.0014129459402866165,0.11327183296816838,0.11330645142760618,1.7309232792777341e-05,1.7309226645016173e-05,0,-4.6544584358649936e-07,-2.3272311202056257e-07,-2.3272273156593679e-07,0,1.4315284879137574e-06,7.157621990006685e-07,7.1576628891308891e-07,0,0.00017521727711761539,8.7608480471658518e-05,8.7608796645956876e-05,0,0.0038247301044977452,0.0019123648482816252,0.00191236525621612,28.714612508133982,28.711586032335781,-0.0015132383627348841,-0.0015132374354661496,0.11327183296816838,0.11330560442512438,1.6885731551921134e-05,1.6885725404081565e-05,0,-4.5011784130115405e-07,-2.2505914279078293e-07,-2.2505869851037112e-07,0,1.4315360422646197e-06,7.1576597588010473e-07,7.1577006638451498e-07,-0.030210778930230279,9.9697892210697692,-3.1349057072178921,6.8650942927821079,-4.6544584554295542e-07,1.9999995345541544,0.04483126092140511,9.9551687390785943,-3.240128038885008,6.7598719611149924,-4.5011784384014791e-07,1.9999995498821561,3.8247296965632506e-05
41,0.41000000000000031,tracking_ramp_g3_5hz,g3_5hz,0,0,0,0,2,0.00026102800000000001,3.7840633987133037e-09,3.7840633986926573e-09,5.4601896135843991e-09,5.4601896387023298e-09,1,1,31.007540386889509,32.515020527706554,-0.011157172669780779,0,0,-0.081903697800881636,1.0098186803867781,-0.0096291436161039801,-0.012679437199426118,0.0021752374419278415,-0.017034011998428803,-0.011154290407765048,-0.001525146791661069,-0.0074293872782504808,-0.0096046247201783223,-0.26607840965269841,-0.26546286862027679,0.0036299591338757068,-0.0043280216226209275,-0.00962914361610402,0.0021752374419278324,0.21229918999999947,-6.0656029352880447e-18,-0.26607840965269763,0.003629959133875693,-0.012679437199426073,-0.017034011998428723,-0.21230080999999934,7.4665954300466575e-18,-0.26546286862027618,-0.0043280216226209128,-0.081903114112411329,1.0098180804589509,-0.97128060073571254,-0.0083943656261748177,-0.97199891583533837,0.00071831509962583251,0.65071831509962585,0.64928168490037419,0.64928168490037419,1.6379508642469747,0.025521089032558539,1.6393957458903228,-0.001444881643348106,0.74855511835665189,0.75144488164334811,0.74855511835665189,-0.033306159186388469,-0.1068487322362493,0,-0.033306159186388469,0.96669384081361154,1.0333061591863886,0.96669384081361154,-0.98442321228837715,-0.038847022907545027,-0.98339093564557467,-0.0010322766428024766,0.64896772335719755,0.6510322766428025,0.64896772335719755,1.6413545106991152,-0.035055375151615609,1.6394010277077622,0.0019534829913530061,0.75195348299135301,0.74804651700864699,0.74804651700864699,-0.04114243386686546,0.34975671974674,0,-0.04114243386686546,0.95885756613313455,1.0411424338668656,0.95885756613313455,3,-1,-0.35543980865167979,0.0083943656261748177,0.57084939063974827,-0.025521089032558539,0.033306159186388469,0.1068487322362493,-0.34229719709901513,0.038847022907545027,0.56744574418760763,0.035055375151615609,0.04114243386686546,-0.34975671974674,0.57402890874480561,-0.022945717888856403,-0.57446636323865563,0.023376948703618443,-0.5705904769150737,-0.031050517177555088,-0.57103276679228654,-0.032150172027062072,0.033306159186388469,0.04114243386686546,-0.0783951924180364,-0.00034539258398632,0.31542099851228961,0.99998930744677461,0.0005417010733166401,-0.0045871242671303349,0.00022325551310409378,0.0010834060080948352,-0.0091742812331141125,0.00044651261766263229,-0.011540043713937239,-0.0089197198645803583,0.0027565318538685462,-0.046864331246089297,-6.6803511314164163e-05,0.0042910003024126614,0,-0.0014877538508139519,-0.00074387674966494436,-0.00074387710114900757,0,0.030552178094801079,0.015276088873464077,0.015276089221337002,27.675229491866027,27.698534587327611,0.01165254805592787,0.011652547405656232,0.11327183296816838,0.11354771593078282,0.00013794148390668362,0.00013794147870775406,0,-7.2154132020678082e-07,-3.6077095438869028e-07,-3.6077036581809054e-07,0,1.8463701670170862e-05,9.2318491223600682e-06,9.2318525478107939e-06,0,0.0016490239059822678,0.00082451183807939624,0.00082451206790287159,0,0.030478729867060655,0.015239364761040529,0.015239365106020126,28.714612508133982,28.691089428799572,-0.01176153978347287,-0.011761539550937243,0.11327183296816838,0.11354686906423477,0.00013751805063270465,0.0001375180454336787,0,-7.611788137585067e-07,-3.8058972856833255e-07,-3.8058908519017415e-07,0,1.8463693222411579e-05,9.2318448982496827e-06,9.2318483241618958e-06,-0.089304358020958124,9.9106956419790411,-3.1692363066678193,6.8307636933321803,-7.2154132333590825e-07,1.9999992784586766,0.10182806375154939,9.8981719362484508,-3.2060339292384281,6.7939660707615719,-7.6117881751006973e-07,1.9999992388211825,0.00030552177746928156
42,0.42000000000000032,tracking_ramp_g3_5hz,g3_5hz,0,0,0,0,2,0.00025637300000000001,1.0477961165378247e-08,1.0477961165378247e-08,2.0832584895026177e-08,2.0832585172229554e-08,1,1,30.948040565635811,32.160896902378674,-0.011157172669780779,0,0,-0.60915649605110367,-0.018683960468104721,-0.0095634535891802042,-0.012744017337538559,0.0095348698219942692,0.00034953836639280752,-0.011153735463359382,-0.0015902818741791776,0.0049422040941935388,-0.0045926657278007304,-0.26604479857800756,-0.26547905905894564,0.0030750098084152827,-0.00034747673660515902,-0.0095634535891802493,0.0095348698219942379,0.21229918999999958,-4.8416403265055807e-18,-0.266044798578007,0.0030750098084152684,-0.012744017337538514,0.00034953836639280622,-0.21230080999999942,3.084788114781755e-19,-0.26547905905894503,-0.00034747673660515588,-0.60915613746903285,-0.018684299932761921,-0.97120143344940479,0.019391041762422741,-0.97199891583533837,0.0007974823859335789,0.6507974823859336,0.64920251761406644,0.64920251761406644,1.6381978261251198,0.023411852311825812,1.6393957458903228,-0.0011979197652030038,0.748802080234797,0.751197919765203,0.748802080234797,-0.035012733874634341,-0.21203676995327625,0,-0.035012733874634341,0.96498726612536567,1.0350127338746344,0.96498726612536567,-0.98457140481983374,0.0027210998052029402,-0.98339093564557467,-0.0011804691742590689,0.64881953082574095,0.65118046917425909,0.64881953082574095,1.641223052936331,-0.0022801580486052474,1.6394010277077622,0.0018220252285687799,0.75182202522856878,0.74817797477143122,0.74817797477143122,-0.03937033228524181,0.07056528530463517,0,-0.03937033228524181,0.96062966771475822,1.0393703322852419,0.96062966771475822,3,-1,-0.35551897593798748,-0.019391041762422741,0.57060242876160316,-0.023411852311825812,0.035012733874634341,0.21203676995327625,-0.34214900456755853,-0.0027210998052029402,0.56757720195039207,0.0022801580486052474,0.03937033228524181,-0.07056528530463517,0.57381048291429992,-0.020561365596158458,-0.5742432391927228,0.021043262199897654,-0.57070978390137239,-0.0023240391872717146,-0.57115502294521703,-0.0022032196181006091,0.035012733874634341,0.03937033228524181,-0.078517889244158035,-0.00032201367241711489,0.31542006137723111,0.99998843498133105,0.00050398518600172019,-0.0047780903994026026,0.00021390337743959156,0.0010079742577534729,-0.0095562176381120741,0.00042780840408451483,-0.012757465195836835,-0.0065699066391791128,0.0020386349778533288,-0.032403324345733744,-0.00010844572324830056,-0.0057680624118913943,0,-0.00080593557822510736,-0.00040296779311275804,-0.00040296778511234933,0,0.018070502137784217,0.0090352511478941373,0.0090352509898900795,27.675229491866027,27.688986341537785,0.0068784258007690176,0.0068784238709887029,0.11327183296816838,0.11343510096346007,8.1633996464857469e-05,8.1633998826833535e-05,0,-1.1831341386395189e-06,-5.9156757203108714e-07,-5.9156656660843174e-07,0,1.1269945408885133e-05,5.6349735480818399e-06,5.6349718608032933e-06,0,0.00110858691104887,0.00055429359459277126,0.00055429331645609871,0,0.018036219921798644,0.0090181100390980679,0.0090181098827005757,28.714612508133982,28.700666661147235,-0.0069729223287372721,-0.0069729246580097848,0.11327183296816838,0.11343425411584729,8.1210572658366978e-05,8.1210575020539718e-05,0,-1.1988536522284114e-06,-5.9942731694506454e-07,-5.9942633528334688e-07,0,1.1269933543436622e-05,5.6349676152016635e-06,5.6349659282349588e-06,-0.078452254144382727,9.9215477458556176,-3.1628064546390293,6.8371935453609707,-1.1831341440381619e-06,1.999998816865856,0.064708276528310071,9.9352917234716891,-3.2268936270834758,6.7731063729165246,-1.1988536574589756e-06,1.9999988011463425,0.00018070502295788275
43,0.43000000000000033,tracking_ramp_g3_5hz,g3_5hz,0,0,0,0,2,0.00025977999999999998,3.170189200386388e-09,3.1701892002906733e-09,3.8113459591810402e-09,3.8113455298985585e-09,1,1,30.9307159117647,32.00641090264336,-0.011157172669780779,0,0,-0.10812118669401724,-0.45979809793564252,-0.0095004018207158706,-0.01270030064544932,0.00057023034420158186,0.0066833877174264644,-0.011100351233082596,-0.0015999494123667248,0.0036268090308140231,0.0030565786866124413,-0.26602482964270752,-0.26547357194483528,0.00088184843105415457,0.00072993674488813255,-0.0095004018207157977,0.00057023034420157514,0.2122991899999995,-3.2863819562282785e-18,-0.26602482964270668,0.00088184843105414872,-0.012700300645449324,0.0066833877174264323,-0.21230080999999934,-3.5635734882172483e-18,-0.26547357194483456,0.00072993674488812962,-0.10812129612423034,-0.45979797223897972,-0.97107155761908637,-0.0018921077555302951,-0.97199891583533837,0.00092735821625200554,0.65092735821625203,0.64907264178374802,0.64907264178374802,1.6383500727317459,0.0062070097614136373,1.6393957458903228,-0.0010456731585768431,0.74895432684142316,0.75104567315857684,0.74895432684142316,-0.036622615465992249,-0.031226150110338996,0,-0.036622615465992249,0.96337738453400779,1.0366226154659923,0.96337738453400779,-0.98444696092988315,0.019508234838842082,-0.98339093564557467,-0.0010560252843084816,0.64894397471569154,0.6510560252843085,0.64894397471569154,1.6412744213283106,0.0071004791458024984,1.6394010277077622,0.0018733936205483914,0.75187339362054839,0.74812660637945161,0.74812660637945161,-0.039911867560584999,-0.13213605662501732,0,-0.039911867560584999,0.96008813243941504,1.039911867560585,0.96008813243941504,3,-1,-0.35564885176830596,0.0018921077555302951,0.570450182154977,-0.0062070097614136373,0.036622615465992249,0.031226150110338996,-0.34227344845750918,-0.019508234838842082,0.56752583355841224,-0.0071004791458024984,0.039911867560584999,0.13213605662501732,0.57366783593685988,-0.007384798534570294,-0.57409880808778757,0.0071434272067643339,-0.57067098764991953,0.0051095285514013789,-0.57111186254601076,0.0056984729332458595,0.036622615465992249,0.039911867560584999,-0.07865059436049697,-0.00030351339880873158,0.31541875832643856,0.99998751735703695,0.00047382431393858153,-0.0049707412004157958,0.00017986813668606304,0.00094765257095001014,-0.0099415237663632462,0.00035973777019942041,-0.013596985393941555,-0.0064192639522619764,0.0019655050703730262,-0.042549241992913656,-0.00013169889969139316,-0.0063028835068418962,0,0.00049778656132295346,0.00024889314160448148,0.00024889341971847198,0,-0.0049653478561147348,-0.0024826737822677431,-0.0024826740738469917,27.675229491866027,27.671330770730354,-0.0019493607977345928,-0.0019493603379387625,0.11327183296816838,0.11322718156693691,-2.2325702793498457e-05,-2.232569843797292e-05,0,-1.1327409807119983e-06,-5.663703341844508e-07,-5.6637064652754749e-07,0,-4.121734735551422e-06,-2.0608659051892859e-06,-2.0608688303621361e-06,0,-0.00020261152549141959,-0.00010130565359939507,-0.00010130587189202451,0,-0.0049332201664085765,-0.0024666099388036627,-0.0024666102276049138,28.714612508133982,28.718323421274096,0.0018554567098516132,0.0018554564302629003,0.11327183296816838,0.11322633453616801,-2.2749218177976623e-05,-2.2749213822394336e-05,0,-1.1026334845695739e-06,-5.5131656327512897e-07,-5.5131692129444495e-07,0,-4.121729320028032e-06,-2.0608631975858167e-06,-2.0608661224422153e-06,-0.030599951010675631,9.9694000489893249,-3.1354470006841764,6.8645529993158236,-1.1327409792731926e-06,1.9999988672590208,0.017613624954586717,9.9823863750454134,-3.2546454797426576,6.7453545202573419,-1.1026334825250229e-06,1.9999988973665175,4.9653475645354863e-05
44,0.44000000000000034,tracking_ramp_g3_5hz,g3_5hz,0,0,0,0,2,0.00025777599999999998,1.3382392989361269e-09,1.3382392989328976e-09,3.577665032785063e-09,3.5776647770821403e-09,1,1,31.115532302752129,31.962705158987802,-0.011157172669780779,0,0,-0.0043241944091186313,-0.75398034651542378,-0.0095248093406987769,-0.012615184393030105,-0.00069835766846651666,0.010028440654056017,-0.01106999686686444,-0.0015451875261656639,0.0046650414927947503,0.005363399161261267,-0.26601745027050239,-0.26546496855796031,0.0013558206299890425,0.001061402655863375,-0.0095248093406987613,-0.00069835766846650484,0.21229918999999953,-3.1704443215728462e-18,-0.2660174502705015,0.0013558206299890375,-0.012615184393030112,0.010028440654055972,-0.21230080999999934,-2.5936148844926676e-18,-0.26546496855795954,0.0010614026558633705,-0.004324497917462606,-0.75398002174029299,-0.97118793462046105,-0.0083366277611320386,-0.97199891583533837,0.00081098121487732655,0.65081098121487735,0.6491890187851227,0.6491890187851227,1.6383952318695973,0.0091768524230077635,1.6393957458903228,-0.0010005140207254293,0.74899948597927457,0.75100051402072543,0.74899948597927457,-0.036259639197014276,-0.021201674899071113,0,-0.036259639197014276,0.96374036080298575,1.0362596391970142,0.96374036080298575,-0.98419538972172571,0.029437841309870802,-0.98339093564557467,-0.00080445407615103992,0.64919554592384898,0.65080445407615106,0.64919554592384898,1.6413599957839404,0.010400097335855554,1.6394010277077622,0.0019589680761782358,0.75195896807617824,0.74804103192382176,0.74804103192382176,-0.0421275812610553,-0.28154799521128016,0,-0.0421275812610553,0.95787241873894469,1.0421275812610553,0.95787241873894469,0,-1,-0.35553247476693123,0.0083366277611320386,0.57040502301712559,-0.0091768524230077635,0.036259639197014276,0.021201674899071113,-0.34252501966566662,-0.029437841309870802,0.56744025910278251,-0.010400097335855554,0.0421275812610553,0.28154799521128016,0.57360713955495002,-0.0094901072716693548,-0.57404110567183886,0.009437163066277161,-0.57060885390599148,0.0082754020407628283,-0.57104341480465548,0.0089099479834899749,0.036259639197014276,0.0421275812610553,-0.078791976678650552,-0.00028486736652662812,0.31541730152929853,0.99998630427435131,0.00044418900435579448,-0.0052119649651054143,0.00017140902662227684,0.00088838206439430072,-0.010423977518233036,0.00034281961830046249,-0.014529700426055978,-0.0046912126861342694,0.0015325964780664328,-0.052119698881947972,-0.00016938407830123891,-0.00025130719732820546,0,0.001023670439409867,0.00051183517150149409,0.00051183526790837288,0,-0.014872754128714978,-0.0074363770027975401,-0.007436377125917438,27.675229491866027,27.663743919989908,-0.005742785888698556,-0.0057427859874198718,0.11327183296816838,0.11313777868655406,-6.7027141727011915e-05,-6.702713988731173e-05,0,-1.1912824917993713e-06,-5.9564127170066328e-07,-5.9564122009870802e-07,0,-1.0195572650968209e-05,-5.097785694643876e-06,-5.0977869563243334e-06,0,-0.00070871649721419849,-0.00035435818980544928,-0.00035435830740874921,0,-0.014813518565791568,-0.0074067592219111619,-0.0074067593438804057,28.714612508133982,28.725920400261046,0.0056539462689134496,0.0056539458581507289,0.11327183296816838,0.11313693162363624,-6.7450673185980606e-05,-6.7450671346165034e-05,0,-1.1412383353268107e-06,-5.7061918351113124e-07,-5.7061915181567949e-07,0,-1.0195564448956115e-05,-5.0977815938403881e-06,-5.0977828551157266e-06,-0.010889880974539017,9.9891101190254616,-3.1239931376975498,6.8760068623024502,-1.1912824920603652e-06,1.999998808717508,-0.0054661548121885308,9.9945338451878118,-3.2683799080382854,6.7316200919617142,-1.1412383355120314e-06,1.9999988587616644,0.00014872754005595081
45,0.45000000000000034,tracking_ramp_g3_5hz,g3_5hz,0,0,0,0,2,0.00026069199999999998,2.9717487523040853e-09,2.9717487522808978e-09,4.664755628281563e-09,4.6647549099708603e-09,1,1,30.826681749300612,31.943928301971805,-0.011157172669780779,0,0,-0.36802523866423903,-0.23862038695761806,-0.0094975099720556785,-0.012548700268340863,0.0046613067517381548,0.00078190196200926196,-0.01102310512019827,-0.0015255951481425922,0.0027216043568737084,-0.0019397023948644464,-0.26599809365582477,-0.26546189650459218,0.0023278558635785309,-0.00092631281623823552,-0.0094975099720555518,0.004661306751738141,0.21229918999999944,-3.1484214649442344e-18,-0.26599809365582411,0.0023278558635785205,-0.012548700268340844,0.00078190196200925502,-0.2123008099999994,1.3779108469459331e-18,-0.2654618965045914,-0.00092631281623823281,-0.36802511748262534,-0.23862049150896636,-0.9711785269733485,0.0058827577553567873,-0.97199891583533837,0.0008203888619898736,0.6508203888619899,0.64917961113801015,0.64917961113801015,1.6385349078493054,0.017115905214850687,1.6393957458903228,-0.00086083804101733108,0.74913916195898267,0.75086083804101733,0.74913916195898267,-0.037612944249341924,-0.20839792186390471,0,-0.037612944249341924,0.96238705575065808,1.037612944249342,0.96238705575065808,-0.98398270980343883,0.0067446376922672396,-0.98339093564557467,-0.00059177415786415555,0.64940822584213587,0.65059177415786418,0.64940822584213587,1.6414016282235857,-0.0061288147892685366,1.6394010277077622,0.0020006005158235141,0.75200060051582351,0.74799939948417649,0.74799939948417649,-0.044538827677638719,-0.11682508439292508,0,-0.044538827677638719,0.95546117232236127,1.0445388276776386,0.95546117232236127,0,-1,-0.35554188241404383,-0.0058827577553567873,0.57026534703741749,-0.017115905214850687,0.037612944249341924,0.20839792186390471,-0.34273769958395345,-0.0067446376922672396,0.56739862666313712,0.0061288147892685366,0.044538827677638719,0.11682508439292508,0.57347494459090687,-0.015839969307913385,-0.57390638004908057,0.016244943301470069,-0.57057353081749129,-0.0049659546806601696,-0.5710052967468866,-0.0051367625102433099,0.037612944249341924,0.044538827677638719,-0.078942919463802816,-0.00027237346340599908,0.31541539282489633,0.99998470801314565,0.00042552922417946168,-0.005510877700967285,0.0001813607098950206,0.00085106278651032744,-0.011021811583791133,0.0003627232687117452,-0.015457093006938273,-0.0040598272143160365,0.0013193186192434767,-0.064827382101069767,-0.00019244605272058981,0.0019768618549687207,0,-0.00014193125434704135,-7.0965511274719755e-05,-7.0965743072321592e-05,0,0.006305080863648979,0.0031525402951804661,0.0031525405684685128,27.675229491866027,27.679966667035547,0.0023685876573353356,0.002368587512184878,0.11327183296816838,0.11332892522945662,2.8546132686443702e-05,2.8546128601792044e-05,0,-1.0700821075139725e-06,-5.350410572468123e-07,-5.3504105026716023e-07,0,3.3365052737029197e-06,1.6682512456609727e-06,1.6682540280419471e-06,0,0.00042475880408258254,0.00021237928186540437,0.00021237952221717817,0,0.0063057669029869309,0.0031528833161064739,0.003152883586880457,28.714612508133982,28.709679690447576,-0.0024664091171435641,-0.0024664085692622907,0.11327183296816838,0.11332807825170355,2.8122643809929257e-05,2.8122639725234747e-05,0,-1.0626247816986512e-06,-5.3131241553539262e-07,-5.3131236616325858e-07,0,3.3365051487304048e-06,1.6682511829170202e-06,1.6682539658133845e-06,-0.053782147355686462,9.9462178526443132,-3.1491330025350326,6.8508669974649674,-1.0700821073629307e-06,1.9999989299178926,0.039730362727396565,9.9602696372726029,-3.2422947058595852,6.7577052941404148,-1.0626247818227851e-06,1.9999989373752183,6.3057666322129474e-05
46,0.46000000000000035,tracking_ramp_g3_5hz,g3_5hz,0,0,0,0,2,0.00025886300000000002,1.1576756331344029e-08,1.1576756553388634e-08,2.1709011745715045e-08,2.170901337072273e-08,1,1,31.188784323519542,32.412114694707697,-0.011157172669780779,0,0,0.41957377843817867,0.69451019421003946,-0.0095376668656040678,-0.012623930738801135,-0.0072429379140655798,-0.012887615025674811,-0.011080798802202602,-0.0015431319365985336,-0.010065276469870196,-0.0028223385558046156,-0.26598275899942275,-0.26548847000050907,0.0018157081543600023,-0.0034027328402508436,-0.0095376668656040539,-0.0072429379140655616,0.2122991899999995,-4.0505115537700642e-18,-0.26598275899942209,0.0018157081543599958,-0.012623930738801064,-0.012887615025674757,-0.21230080999999942,3.953949797783074e-18,-0.26548847000050851,-0.0034027328402508315,0.41957394858112257,0.69451000280529906,-0.97138397702384549,-0.032899210758046762,-0.97199891583533837,0.00061493881149288221,0.6506149388114929,0.64938506118850714,0.64938506118850714,1.638631190525657,0.010817834701804342,1.6393957458903228,-0.00076455536466579765,0.7492354446353342,0.7507645553646658,0.7492354446353342,-0.037864143549227527,0.02472778400352494,0,-0.037864143549227527,0.96213585645077249,1.0378641435492275,0.96213585645077249,-0.98412151519251068,-0.028834859661616724,-0.98339093564557467,-0.00073057954693600546,0.64926942045306402,0.65073057954693603,0.64926942045306402,1.6411956854002945,-0.027388114612218534,1.6394010277077622,0.0017946576925322866,0.75179465769253229,0.74820534230746771,0.74820534230746771,-0.043849114059105507,0.19059238741226822,0,-0.043849114059105507,0.95615088594089448,1.0438491140591055,0.95615088594089448,3,-1,-0.35533643236354678,0.032899210758046762,0.57016906436106596,-0.010817834701804342,0.037864143549227527,-0.02472778400352494,-0.34259889419488171,0.028834859661616724,0.56760456948642835,0.027388114612218534,0.043849114059105507,-0.19059238741226822,0.57336900075632136,-0.011693065178563292,-0.57380191512598033,0.011463371394731251,-0.57075779424949435,-0.024607045304340144,-0.57119504093859552,-0.025343115182740617,0.037864143549227527,0.043849114059105507,-0.079102737972186005,-0.00025004448572481746,0.31541386271680749,0.99998270682011658,0.00038831772410025128,-0.005865264390053933,0.00018423813909018041,0.00077663992506364025,-0.011730596399957055,0.00036847840223724069,-0.016355607609524633,-0.0089253591217728044,0.0026630033310672285,-0.07496335197943961,-0.00013863078779591546,-0.0013485962178850011,0,-0.00036244574597947554,-0.00018122292212520034,-0.0001812228238542752,0,0.0096419378445026342,0.0048209688977197858,0.0048209689467828484,27.675229491866027,27.682508590559344,0.0036395482009090978,0.003639550492408012,0.11327183296816838,0.11335903779879901,4.3602415682675761e-05,4.3602414947951467e-05,0,-8.804755260411563e-07,-4.4023719611466287e-07,-4.4023832992649343e-07,0,5.4254166095783068e-06,2.7127079995975595e-06,2.7127086099807473e-06,0,0.00055924187344939813,0.00027962083590743697,0.00027962103754196116,0,0.0096349990618431053,0.0048174995066914113,0.004817499555151694,28.714612508133982,28.707107637213113,-0.0037524366678207406,-0.0037524342530479708,0.11327183296816838,0.11335819077423,4.317890339827032e-05,4.3178902663345152e-05,0,-8.8030038281522493e-07,-4.4014962814568915e-07,-4.4015075466953578e-07,0,5.4254274150017032e-06,2.7127134020054045e-06,2.7127140129962987e-06,-0.046994071269179399,9.9530059287308212,-3.1457705825988813,6.8542294174011182,-8.8047552026406401e-07,1.9999991195244797,0.062301852315127242,9.9376981476848734,-3.2292872744001389,6.7707127255998607,-8.8030037700128776e-07,1.999999119699623,9.6419377954395713e-05
47,0.47000000000000036,tracking_ramp_g3_5hz,g3_5hz,0,0,0,0,2,0.00025460899999999999,1.1578379699450636e-08,1.1578379699450636e-08,2.1808237204709111e-08,2.180823777862452e-08,1,1,31.016180894231283,32.126785389425322,-0.011157172669780779,0,0,-0.35025756224019988,-0.25536285759407662,-0.0095363802795342366,-0.012658024842069657,0.0049890987608109255,0.0027656330465616885,-0.011097202560801947,-0.0015608222812677104,0.003877365903686307,-0.0011117328571246185,-0.26595890166007063,-0.2654990480731832,0.0024943331471703268,5.4196080663948673e-05,-0.0095363802795342817,0.0049890987608109099,0.21229918999999969,-3.4542003589030368e-18,-0.26595890166007008,0.0024943331471703172,-0.01265802484206967,0.0027656330465616833,-0.21230080999999959,-2.2928123090989842e-19,-0.26549904807318259,5.4196080663949371e-05,-0.35025746387423573,-0.25536293527227483,-0.97148389300891824,0.0062830535484631744,-0.97199891583533837,0.00051502282642013064,0.65051502282642015,0.64948497717357989,0.64948497717357989,1.6387958044870907,0.018341368873242433,1.6393957458903228,-0.00059994140323205158,0.74940005859676795,0.75059994140323205,0.74940005859676795,-0.038677690329209209,-0.1482588561414683,0,-0.038677690329209209,0.9613223096707908,1.0386776903292092,0.9613223096707908,-0.98419083296794641,0.0091668667131617441,-0.98339093564557467,-0.00079989732237173428,0.64920010267762829,0.65079989732237176,0.64920010267762829,1.6411123761281332,0.001231022123317326,1.6394010277077622,0.0017113484203710172,0.75171134842037102,0.74828865157962898,0.74828865157962898,-0.043461587926481769,-0.055777829914752781,0,-0.043461587926481769,0.9565384120735182,1.0434615879264817,0.9565384120735182,3,-1,-0.35523651637847414,-0.0062830535484631744,0.5700044503996321,-0.018341368873242433,0.038677690329209209,0.1482588561414683,-0.34252957641944592,-0.0091668667131617441,0.56768787875858961,-0.001231022123317326,0.043461587926481769,0.055777829914752781,0.57321271762555115,-0.016796367040501001,-0.57364453654632763,0.017079908850805705,-0.57083726446633454,0.00056204040225815363,-0.57127589831671499,0.00073473275277177339,0.038677690329209209,0.043461587926481769,-0.079275567071594333,-0.00022884929769157039,0.315412192302091,0.99998076956453463,0.0003538277008267518,-0.0061891967685963317,0.00017073499412978722,0.00070765993786224156,-0.012378472885102385,0.0003414721771486027,-0.017904709567779106,-0.0055197995293612672,0.0017407311167920443,-0.057989873122302811,-0.00018230321754435637,-0.0036411760117776117,0,-3.9732457986899061e-05,-1.9866162284362156e-05,-1.9866295702536905e-05,0,0.0049285073344431454,0.0024642536962359782,0.0024642536382071673,27.675229491866027,27.67891890435833,0.0018447073855140247,0.00184470510678901,0.11327183296816838,0.11331650549973082,2.2336265346076106e-05,2.2336266216366335e-05,0,-1.4412868912637043e-06,-7.2064421911159493e-07,-7.2064267215210936e-07,0,2.6028419324887193e-06,1.3014213293089175e-06,1.3014206031798018e-06,0,0.0004023380592762249,0.00020116915782325936,0.00020116890145296555,0,0.0049340358075474523,0.0024670179324172994,0.002467017875130153,28.714612508133982,28.710740750375518,-0.0019358776670020787,-0.0019358800914620773,0.11327183296816838,0.11331565859708737,2.1912814024240998e-05,2.1912814894742674e-05,0,-1.4323707260646701e-06,-7.1618613217121819e-07,-7.1618459389345187e-07,0,2.6028364034975547e-06,1.3014185645445739e-06,1.3014178389529807e-06,-0.052701005404696258,9.9472989945953039,-3.1486429827921643,6.8513570172078353,-1.4412868995525889e-06,1.9999985587131004,0.039042129798759199,9.9609578702012413,-3.2420821152208621,6.7579178847791379,-1.4323707344003761e-06,1.9999985676292655,4.9340358648345985e-05
48,0.48000000000000037,tracking_ramp_g3_5hz,g3_5hz,0,0,0,0,2,0.00025763799999999998,2.6544783216607935e-09,2.6544783216641287e-09,2.7205374805863004e-09,2.7205329414546064e-09,1,1,31.141611138728404,31.998919714144979,-0.011157172669780779,0,0,0.032329864260177643,-0.65825570607616646,-0.0095246730028147718,-0.012597410681175342,-0.0012838667211003546,0.0082257468709461025,-0.011061041841995058,-0.0015363688391802849,0.0034709400749228739,0.0047548067960232285,-0.26594386330777925,-0.26549145491256848,0.0011702196947373645,0.0010526738720927197,-0.0095246730028147059,-0.001283866721100354,0.21229918999999969,-1.5220123270975709e-18,-0.26594386330777881,0.0011702196947373619,-0.012597410681175328,0.0082257468709460782,-0.21230080999999953,-1.2223744220063622e-18,-0.26549145491256804,0.0010526738720927156,0.032329572546247763,-0.65825539523859766,-0.97150931967512755,-0.0095428050086634447,-0.97199891583533837,0.00048959616021082564,0.65048959616021085,0.6495104038397892,0.6495104038397892,1.6389020992923604,0.0077602325479502309,1.6393957458903228,-0.00049364659796236054,0.74950635340203764,0.75049364659796236,0.74950635340203764,-0.03933405174254926,-0.01593323963811933,0,-0.03933405174254926,0.96066594825745077,1.0393340517425493,0.96066594825745077,-0.98401813544780814,0.023343089502585866,-0.98339093564557467,-0.00062719980223346905,0.64937280019776655,0.65062719980223349,0.64937280019776655,1.6411833587989246,0.009779455157180773,1.6394010277077622,0.0017823310911624368,0.75178233109116244,0.74821766890883756,0.74821766890883756,-0.045180466315155335,-0.24663613632739667,0,-0.045180466315155335,0.95481953368484462,1.0451804663151554,0.95481953368484462,3,-1,-0.35521108971226478,0.0095428050086634447,0.56989815559436241,-0.0077602325479502309,0.03933405174254926,0.01593323963811933,-0.34270227393958425,-0.023343089502585866,0.5676168960877982,-0.009779455157180773,0.045180466315155335,0.24663613632739667,0.57310494875673512,-0.0083915954222043548,-0.5735368036917341,0.0082725093402125048,-0.57078312167344425,0.0077782448193291429,-0.57121756711736282,0.0083117407755093423,0.03933405174254926,0.045180466315155335,-0.079461495297593276,-0.0002128892188086709,0.31541019440349277,0.99997874506493101,0.00032867156120143271,-0.0065096044893546588,0.00016261230602721975,0.00065734777970425675,-0.013019301220307387,0.0003252269162833674,-0.019061701660739325,-0.0046021622009773736,0.0014833636414637095,-0.068152789702983968,-0.00021265022238198467,-0.00050703405535822859,0,0.00098838383335234786,0.0004941918043598675,0.00049419202899248036,0,-0.014408210889611462,-0.0072041053227091395,-0.0072041055669023225,27.675229491866027,27.664097525883417,-0.0055659831365779261,-0.0055659828460321997,0.11327183296816838,0.11314198825297789,-6.4922359418060052e-05,-6.4922355772434068e-05,0,-1.480116044502613e-06,-7.400579531447022e-07,-7.4005809135791084e-07,0,-9.4238417878876536e-06,-4.7119196336616862e-06,-4.7119221542259675e-06,0,-0.0006128648606498685,-0.00030643232879977266,-0.00030643253185009585,0,-0.014356131829679934,-0.0071780657939602031,-0.0071780660357197304,28.714612508133982,28.72555872337718,0.0054731077856796919,0.0054731074575183622,0.11327183296816838,0.11314114119004373,-6.5345890885198029e-05,-6.5345887239452242e-05,0,-1.4326431604844744e-06,-7.1632149192570617e-07,-7.1632166855876822e-07,0,-9.4238311544380207e-06,-4.711914317204815e-06,-4.7119168372332057e-06,-0.012623933990173201,9.9873760660098263,-3.1256446140198246,6.8743553859801754,-1.4801160440479334e-06,1.999998519883956,-0.0015518347269007369,9.9984481652730999,-3.2659957834050504,6.7340042165949496,-1.4326431598775581e-06,1.9999985673568401,0.00014408210645418278
49,0.49000000000000038,tracking_ramp_g3_5hz,g3_5hz,0,0,0,0,2,0.000262167,2.1727424416370159e-09,2.1727424416022875e-09,4.8312188663170763e-09,4.8312189802158505e-09,1,1,30.892337602719198,31.947815776644713,-0.011157172669780779,0,0,-0.17452910347855727,-0.225674552219913,-0.0095033011645948122,-0.01253912626869797,0.0016726879530226009,0.00042547456819568355,-0.01102121371664639,-0.0015179125520515787,0.0010490812606091422,-0.00062360669241345867,-0.26592652273101253,-0.26548652990191501,0.0016915444532810998,-0.00081026641626518272,-0.009503301164594774,0.0016726879530225911,0.21229918999999964,-2.1880978609946714e-18,-0.26592652273101208,0.0016915444532810988,-0.012539126268698011,0.00042547456819568295,-0.21230080999999948,6.4522734757096328e-19,-0.26548652990191451,-0.00081026641626517437,-0.1745290858030816,-0.22567455628865066,-0.97151149341470355,-0.0016316436660567873,-0.97199891583533837,0.00048742242063481989,0.65048742242063484,0.6495125775793652,0.6495125775793652,1.6390264854573968,0.012037103129166879,1.6393957458903228,-0.00036926043292595523,0.74963073956707404,0.75036926043292596,0.74963073956707404,-0.040521193633679009,-0.11848462173102078,0,-0.040521193633679009,0.95947880636632099,1.0405211936336789,0.95947880636632099,-0.98384153156874254,0.0050200020941823806,-0.98339093564557467,-0.00045059592316787356,0.64954940407683215,0.6504505959231679,0.64954940407683215,1.64123518565196,-0.0054410615975829368,1.6394010277077622,0.001834157944197834,0.75183415794419783,0.74816584205580217,0.74816584205580217,-0.047374715540499233,-0.10293931196515449,0,-0.047374715540499233,0.95262528445950079,1.0473747155404993,0.95262528445950079,0,-1,-0.35520891597268883,0.0016316436660567873,0.569773769429326,-0.012037103129166879,0.040521193633679009,0.11848462173102078,-0.34287887781864979,-0.0050200020941823806,0.5675650692347628,0.0054410615975829368,0.047374715540499233,0.10293931196515449,0.57298458468299551,-0.012123595556839076,-0.57341475172129419,0.012243700826009583,-0.57073893489892036,-0.004750479657783674,-0.57117079777707103,-0.0048953400599848849,0.040521193633679009,0.047374715540499233,-0.079659520245553797,-0.0002009049393964958,0.31540783820339846,0.99997625203106066,0.00031051182424567548,-0.0068825594332583475,0.00017126577794470893,0.00062102856455482133,-0.013765227832090212,0.000342534267391425,-0.020269123962806525,-0.0046160584922083133,0.0014478898085411374,-0.078772424248402168,-0.00022873938007316946,0.0026511503798148811,0,0.00015981804930702281,7.99091055048275e-05,7.9908943802195313e-05,0,0.0010257319283362349,0.00051286586422377343,0.00051286606411246149,27.675229491866027,27.675919976735639,0.00034524240935273552,0.00034524246025891616,0.11327183296816838,0.11328129312323416,4.7300790254136488e-06,4.7300760403688119e-06,0,-1.3910161866854563e-06,-6.9550804662680938e-07,-6.9550814005864691e-07,0,1.750763088016619e-07,8.7537110943154299e-08,8.7539197858507597e-08,0,0.00018941752592982475,9.4708666748286846e-05,9.4708859181537902e-05,0,0.0010408503322198929,0.00052042506716772291,0.00052042526505217002,28.714612508133982,28.713722279993952,-0.00044511434865341645,-0.00044511379137617549,0.11327183296816838,0.11328044612308599,4.3065789514243186e-06,4.3065759661867359e-06,0,-1.3744725341701628e-06,-6.8723623575020512e-07,-6.8723629841995769e-07,0,1.7508124598226331e-07,8.753957921298978e-08,8.7541666769273533e-08,-0.042783833752956857,9.9572161662470435,-3.1433733247023965,6.8566266752976031,-1.391016186022765e-06,1.999998608983814,0.032205609029284522,9.967794390970715,-3.2466361992676762,6.7533638007323233,-1.3744725339371932e-06,1.999998625527466,1.0408501343354458e-05
50,0.50000000000000033,tracking_ramp_g3_5hz,g3_5hz,1,0,0,0,2,0.00026144299999999998,4.637703332477372e-09,4.6377032214550695e-09,9.8910475845390887e-09,9.8910479135715451e-09,1,1,31.069188391515908,32.299891223666791,-0.011157172669780779,0,0,-0.039543934166630629,0.3305554399084959,-0.0095212278855560523,-0.012599736115346859,-0.0001940754666124242,-0.0074751434612877702,-0.011060482000451455,-0.0015392541148954034,-0.0038346094639500972,-0.003640533997337673,-0.26590883179725644,-0.26550655391771588,0.0023830675617636399,-0.001570449053462262,-0.0095212278855560384,-0.00019407546661242119,0.21229918999999964,-1.8977773183232599e-18,-0.26590883179725594,0.0023830675617636334,-0.012599736115346816,-0.007475143461287745,-0.21230080999999959,9.714409113822757e-19,-0.26550655391771533,-0.0015704490534622587,-0.039543719783758417,0.33055522409412547,-0.97165065295562114,-0.011090798826584519,-0.97199891583533837,0.00034826287971723158,0.65034826287971725,0.64965173712028279,0.64965173712028279,1.6391441421938466,0.016364718447976479,1.6393957458903228,-0.00025160369647614367,0.74974839630352386,0.75025160369647614,0.74974839630352386,-0.041045263692266333,-0.10925818394037048,0,-0.041045263692266333,0.95895473630773365,1.0410452636922662,0.95895473630773365,-0.98395946987760241,-0.018504571964608297,-0.98339093564557467,-0.00056853423202773978,0.64943146576797228,0.65056853423202776,0.64943146576797228,1.6410788071657758,-0.013109118604102545,1.6394010277077622,0.0016777794580136174,0.75167777945801362,0.74832222054198638,0.74832222054198638,-0.04683795346337509,0.083263122590816419,0,-0.04683795346337509,0.95316204653662495,1.0468379534633752,0.95316204653662495,3,-1,-0.35506975643177119,0.011090798826584519,0.5696561126928763,-0.016364718447976479,0.041045263692266333,0.10925818394037048,-0.34276093950978992,0.018504571964608297,0.56772144772094713,0.013109118604102545,0.04683795346337509,-0.083263122590816419,0.57286284533762322,-0.015661977304788563,-0.57329344378325031,0.0158001536731485,-0.57087797327589518,-0.011630089889259383,-0.57131436077425446,-0.01203569412141077,0.041045263692266333,0.04683795346337509,-0.079869722590159439,-0.00018087609479390716,0.31540573256550203,0.99997331954214752,0.00027746076995320394,-0.007297385752605641,0.00017714557915052951,0.00055492647514599684,-0.014594901304991871,0.00035429430921812512,-0.021569907393763296,-0.006338107881895109,0.0019507296274452661,-0.085890444168059271,-0.00022333612920394022,-0.00028522465766022727,0,-0.00037289599751133551,-0.00018644796525544059,-0.00018644803225589492,0,0.011095029220470766,0.0055475145434865899,0.0055475146769841761,27.675229491866027,27.683627994886088,0.0041992511230307542,0.0041992518970300893,0.11327183296816838,0.11337216990133822,5.0168467581386605e-05,5.0168465588452887e-05,0,-1.4081295217959009e-06,-7.0406456790364806e-07,-7.0406495389225285e-07,0,6.3528847407900665e-06,3.1764416552262431e-06,3.1764430855638234e-06,0,0.0007063614967852197,0.00035318066056874898,0.00035318083621647072,0,0.011088052703079573,0.0055440262855090093,0.0055440264175705637,28.714612508133982,28.705996079845029,-0.0043082147003097255,-0.004308213588642979,0.11327183296816838,0.11337132293049727,4.9744982160984666e-05,4.9744980167906736e-05,0,-1.4122580118487629e-06,-7.0612882323247291e-07,-7.0612918861628995e-07,0,6.3528892221271344e-06,3.1764438955407139e-06,3.1764453265864205e-06,-0.058727608348321185,9.9412723916516796,-3.1528748299643725,6.8471251700356275,-1.4081295199558561e-06,1.9999985918704801,0.060019007991867171,9.9399809920081328,-3.2303494102310752,6.7696505897689248,-1.4122580103323005e-06,1.9999985877419897,0.0001109502908697318
51,0.51000000000000034,tracking_ramp_g3_5hz,g3_5hz,1,0,0,0,2,0.000255302,3.2088037782429524e-09,3.2088036672206499e-09,8.8032708381935128e-09,8.8032720015710709e-09,1,1,31.202588076748853,32.068533918668599,-0.01115401439637243,0.0003158273408348603,0.031582734083486032,0.16472852154370865,-0.35629099359974536,-0.0095161894797265757,-0.012601236933358373,-0.0026562234585951888,0.004348024044794261,-0.011058713206542475,-0.0015425237268158988,0.00084590029309953609,0.0035021237516947249,-0.2658909775589049,-0.26550571039972448,0.00083608872439414408,0.00063921181052803888,-0.0095161894797265324,-0.0026562234585951802,0.2122991899999995,-1.3093541177775381e-18,-0.26589097755890423,0.00083608872439413953,-0.012601236933358382,0.0043480240447942471,-0.2123008099999994,-1.4647317240394989e-18,-0.26550571039972376,0.00063921181052803628,0.1647282983782406,-0.35629075866979076,-0.97171136510676037,-0.012812974565500993,-0.97199891583533837,0.00028755072857800101,0.65028755072857802,0.64971244927142202,0.64971244927142202,1.6392682555339806,0.0051393253697571729,1.6393957458903228,-0.00012749035634218586,0.74987250964365781,0.75012749035634219,0.74987250964365781,-0.041956056485136381,0.018956012356621463,0,-0.041956056485136381,0.95804394351486366,1.0419560564851365,0.95804394351486366,-0.98396829483661907,0.011972710979588269,-0.98339093564557467,-0.00057735919104440203,0.64942264080895562,0.65057735919104442,0.64942264080895562,1.6410841443813586,0.005739155837866293,1.6394010277077622,0.0016831166735964409,0.75168311667359644,0.74831688332640356,0.74831688332640356,-0.047495446086519906,-0.15833864209720411,0,-0.047495446086519906,0.9525045539134801,1.04749544608652,0.9525045539134801,3,-1,-0.35500904428063201,0.012812974565500993,0.56953199935274235,-0.0051393253697571729,0.041956056485136381,-0.018956012356621463,-0.34275211455077331,-0.011972710979588269,0.56771611050536441,-0.005739155837866293,0.047495446086519906,0.15833864209720411,0.57274082453447583,-0.0064377559248688359,-0.57317102917616525,0.0061655362433143601,-0.57087771965560441,0.0041240232454027694,-0.57131312247975596,0.0044828338974589824,0.041956056485136381,0.047495446086519906,-0.080095101904571364,-0.00016454048642009029,0.31540328074514595,0.99997018963614193,0.00025137618682051873,-0.0077153504109883685,0.00017325445414628681,0.00050275736944433791,-0.015430854155407143,0.00034651235151917671,-0.023169436662878708,-0.0052888766674006769,0.0016644502225775992,-0.081991352300886652,-0.0002447691586556742,0.00010107554407175117,0,0.00079775558334262836,0.0003988776948105297,0.00039887788853209866,0,-0.010924380101967479,-0.0054621899115325674,-0.0054621901904349113,27.675229491866027,27.666765726803,-0.0042318823822485958,-0.0042318826807784442,0.11327183296816838,0.11317343861316015,-4.9197179585350805e-05,-4.9197175422881987e-05,0,-1.6831960149655883e-06,-8.4159822113493163e-07,-8.4159779383065668e-07,0,-6.9822045069505402e-06,-3.4911007705355094e-06,-3.4911037364150308e-06,0,-0.00038862393793393651,-0.00019431181423245207,-0.00019431212370148445,0,-0.010883608217665132,-0.005441803970887467,-0.0054418042467776649,28.714612508133982,28.722885250789698,0.0041363718299723649,0.0041363708257439492,0.11327183296816838,0.11317259158893694,-4.9620691697001463e-05,-4.9620687534436368e-05,0,-1.6438265310639798e-06,-8.2191345753693125e-07,-8.2191307352704858e-07,0,-6.9821941041446991e-06,-3.4910955694802688e-06,-3.4910985346644303e-06,-0.017719289454245408,9.9822807105457549,-3.1291875193794807,6.8708124806205193,-1.6831960171374581e-06,1.9999983168039828,0.010861397900548358,9.9891386020994517,-3.2588088060097196,6.7411911939902804,-1.6438265333467258e-06,1.9999983561734667,0.00010924379823065135
52,0.52000000000000035,tracking_ramp_g3_5hz,g3_5hz,1,0,0,0,2,0.00026132599999999998,3.4311384844443182e-09,3.4311383734220158e-09,8.0486713323601287e-09,8.048670604711236e-09,1,1,31.024295540714803,31.915842897707403,-0.01114538321028501,0.0008631186087420681,0.054729126790720777,-0.36800185744534231,-0.33221202555877571,-0.0094862164737017744,-0.012537679046314885,0.0064028848822073256,0.0040176863142369762,-0.01101194776000833,-0.0015257312863065555,0.0052102855982221509,-0.0011925992839851747,-0.26587443175192554,-0.26549644860997312,0.002113160298259832,0.00010602950529246005,-0.0094862164737017259,0.0064028848822072935,0.21229918999999942,-3.3506505811011986e-18,-0.26587443175192466,0.0021131602982598229,-0.012537679046314889,0.0040176863142369519,-0.21230080999999923,2.5212465070616284e-20,-0.26549644860997229,0.00010602950529245616,-0.36800180203584826,-0.33221205897432393,-0.97168038268838552,0.012836758624766666,-0.97199891583533837,0.00031853314695284851,0.65031853314695287,0.64968146685304717,0.64968146685304717,1.6393891401022138,0.016033935194494475,1.6393957458903228,-6.6057881089598425e-06,0.74999339421189104,0.75000660578810896,0.74999339421189104,-0.043076966973368901,-0.19521750183357975,0,-0.043076966973368901,0.95692303302663106,1.0430769669733688,0.95692303302663106,-0.98379287961752615,0.013204730756984848,-0.98339093564557467,-0.00040194397195147946,0.64959805602804854,0.6504019439719515,0.64959805602804854,1.6411674227221957,0.0019640818770324288,1.6394010277077622,0.0017663950144335416,0.75176639501443354,0.74823360498556646,0.74823360498556646,-0.049586526296323152,-0.1421420163938297,0,-0.049586526296323152,0.9504134737036769,1.0495865262963231,0.9504134737036769,3,-1,-0.35504002669900681,-0.012836758624766666,0.56941111478450901,-0.016033935194494475,0.043076966973368901,0.19521750183357975,-0.34292752976986624,-0.013204730756984848,0.56763283216452731,-0.0019640818770324288,0.049586526296323152,0.1421420163938297,0.57262487561537545,-0.014678108136091376,-0.57305368874442209,0.015029394289787746,-0.57080641699145063,0.0022014279113378539,-0.57123836021669838,0.0022553841664742589,0.043076966973368901,0.049586526296323152,-0.080336473768763447,-0.00015312649654006868,0.31540047744051225,0.99996684868253494,0.00023424384812004915,-0.0081371579870556706,0.00018255309490618787,0.00046849287330353131,-0.016274495814834592,0.00036511022444961295,-0.024770004650705623,-0.0031729008038382436,0.0010483716711273839,-0.085875147943121413,-0.00028939509076832527,0.001533609127607048,0,0.00011933719720613745,5.9668713351531076e-05,5.966848385460637e-05,0,0.0025495435052623472,0.001274771665699146,0.0012747718395632011,27.675229491866027,27.677089950271817,0.00093022966116875817,0.00093022874462165238,0.11327183296816838,0.11329505346778097,1.1610251102279512e-05,1.1610248510312249e-05,0,-1.7750102583534953e-06,-8.8750545418315569e-07,-8.8750480417033963e-07,0,1.1922018447741421e-06,5.9610002338205164e-07,5.9610182139209043e-07,0,0.00032176112495069936,0.00016088052461100122,0.00016088060033969814,0,0.0025615672142461289,0.001280783521091232,0.0012807836931548969,28.714612508133982,28.712554763044388,-0.0010288723068136703,-0.0010288727827805504,0.11327183296816838,0.11329420650765416,1.1186771038899002e-05,1.1186768446882577e-05,0,-1.7625196467092223e-06,-8.812601617233449e-07,-8.8125948498587745e-07,0,1.1922028627994329e-06,5.961005320350188e-07,5.9610233076441407e-07,-0.049934749279271051,9.9500652507207281,-3.1478375639481508,6.8521624360518487,-1.775010261630734e-06,1.9999982249897383,0.034234531224760251,9.9657654687752402,-3.2453269697329579,6.7546730302670426,-1.7625196499705194e-06,1.99999823748035,2.5615670421824641e-05
53,0.53000000000000036,tracking_ramp_g3_5hz,g3_5hz,1,0,0,0,2,0.00026175900000000003,9.2317928856999742e-09,9.2317928856999742e-09,1.6909718806253122e-08,1.6909718170586341e-08,1,1,30.977255829429538,32.262422713650182,-0.011129632629318986,0.0015750580966024425,0.071193948786037436,0.33795072432118856,0.33285912574531951,-0.0094708366618019325,-0.012565655690743575,-0.003852890119954426,-0.0049063988906113409,-0.011018246176272754,-0.0015474095144708214,-0.0043796445052828835,-0.00052675438532845745,-0.26585843120901548,-0.26550923202905646,0.00097128150494513415,-0.0013021566698777824,-0.0094708366618019672,-0.0038528901199544161,0.21229918999999939,-1.211998268402497e-18,-0.26585843120901459,0.00097128150494513014,-0.012565655690743518,-0.0049063988906113002,-0.21230080999999917,3.9186920513536137e-18,-0.26550923202905546,-0.0013021566698777755,0.33795074112612855,0.3328590998388789,-0.97169731230126188,-0.017533037750809052,-0.97199891583533837,0.00030160353407648888,0.65030160353407651,0.64969839646592353,0.64969839646592353,1.639502867967173,0.005795575132247233,1.6393957458903228,0.00010712207685026343,0.75010712207685026,0.74989287792314974,0.74989287792314974,-0.04414905389957955,0.013410038802290837,0,-0.04414905389957955,0.95585094610042043,1.0441490538995795,0.95585094610042043,-0.98383171613453269,-0.01095221677011159,-0.98339093564557467,-0.00044078048895801469,0.64955921951104201,0.65044078048895804,0.64955921951104201,1.6410709031331678,-0.010466502713120385,1.6394010277077622,0.0016698754254056425,0.75166987542540564,0.74833012457459436,0.74833012457459436,-0.049507643989852163,0.035183185079123276,0,-0.049507643989852163,0.95049235601014781,1.0495076439898521,0.95049235601014781,3,-1,-0.35502309708613045,0.017533037750809052,0.56929738691955001,-0.005795575132247233,0.04414905389957955,-0.013410038802290837,-0.34288869325285959,0.01095221677011159,0.56772935175355499,0.010466502713120385,0.049507643989852163,-0.035183185079123276,0.57250924722779217,-0.0075254652917591622,-0.57293789532098283,0.0072039621554140414,-0.57088981321435173,-0.0098229061362069617,-0.57132470014172843,-0.010085827239567999,0.04414905389957955,0.049507643989852163,-0.080592803519682552,-0.00013686840668847408,0.31539773799745746,0.99996296348556002,0.00020738223139170385,-0.0086020558930753367,0.00018243957302932305,0.00041476958333593863,-0.01720432418274212,0.00036488365074263543,-0.026222895322333583,-0.0067037255247059148,0.002019228576534728,-0.097736326248176769,-0.00026673541506120848,0.00071346852005666427,0,0.00013870471604322115,6.9352269993354669e-05,6.9352446049866486e-05,0,0.0013791600976730779,0.00068958005398672923,0.00068958004368634867,27.675229491866027,27.676179330281943,0.00047491826402555192,0.00047492015189100768,0.11327183296816838,0.11328448898968599,6.3280106842533675e-06,6.3280108333535516e-06,0,-1.5769715820313944e-06,-7.8848508158634727e-07,-7.884865004450471e-07,0,5.0947102598621844e-07,2.5473552102124578e-07,2.5473550496497266e-07,0,0.00022521654616270564,0.00011260818650574865,0.000112608359656957,0,0.0013937505198569088,0.00069687526507739744,0.00069687525477951141,28.714612508133982,28.713438599895444,-0.00058695504967369236,-0.00058695318886455364,0.11327183296816838,0.11328364194866311,5.9044901728883253e-06,5.9044903218407902e-06,0,-1.5626482077126403e-06,-7.8132339352398346e-07,-7.8132481418865685e-07,0,5.0948756707584275e-07,2.5474379116848936e-07,2.5474377590735339e-07,-0.036807211219928304,9.9631927887800718,-3.1408896882538344,6.859110311746166,-1.576971574853451e-06,1.9999984230284251,0.044306034772171224,9.9556939652278285,-3.239780680095941,6.760219319904059,-1.5626482007575465e-06,1.9999984373517992,1.3937505301547949e-05
54,0.54000000000000037,tracking_ramp_g3_5hz,g3_5hz,1,0,0,0,2,0.00026200099999999999,8.547031637995417e-09,8.547031637995417e-09,1.6758598808518265e-08,1.6758599560826284e-08,1,1,31.063751322291981,32.051358116958085,-0.011105642402363055,0.0023990226955931497,0.082396459899070726,-0.13564500068418422,-0.46708254091801699,-0.009470555510763836,-0.012533720637639459,0.005059299340718245,0.0087025292164054496,-0.011002138074201646,-0.0015315825634378112,0.0068809142785618473,0.0018216149378436023,-0.26584455255480471,-0.26550653814192249,0.0018896358375757453,0.0011032221728341355,-0.009470555510763758,0.0050592993407182277,0.21229918999999936,-4.1855074297387183e-18,-0.26584455255480383,0.0018896358375757329,-0.012533720637639433,0.0087025292164054028,-0.21230080999999923,-3.2835761595904987e-18,-0.2655065381419216,0.0011032221728341316,-0.13564513443753345,-0.46708238475421943,-0.97175702395491137,0.009185468437611196,-0.97199891583533837,0.00024189188042700316,0.65024189188042703,0.64975810811957302,0.64975810811957302,1.6395984848197247,0.014180302169760226,1.6393957458903228,0.00020273892940192439,0.75020273892940192,0.74979726107059808,0.74979726107059808,-0.044344583314520687,-0.10599769506609567,0,-0.044344583314520687,0.95565541668547926,1.0443445833145206,0.95565541668547926,-0.98373492893136993,0.024750498085806878,-0.98339093564557467,-0.00034399328579526323,0.64965600671420476,0.65034399328579529,0.64965600671420476,1.6410992545784031,0.010260945143751974,1.6394010277077622,0.0016982268706409176,0.75169822687064092,0.74830177312935908,0.74830177312935908,-0.050625452288085494,-0.20594653846154096,0,-0.050625452288085494,0.94937454771191454,1.0506254522880856,0.94937454771191454,3,-1,-0.35496338543248102,-0.009185468437611196,0.56920177006699824,-0.014180302169760226,0.044344583314520687,0.10599769506609567,-0.34298548045602245,-0.024750498085806878,0.56770100030831983,-0.010260945143751974,0.050625452288085494,0.20594653846154096,0.57240968820087623,-0.013153317687245267,-0.5728393938956523,0.013333318947250025,-0.57087096160718909,0.0088292012504053337,-0.57130401723283808,0.009235571853236646,0.044344583314520687,0.050625452288085494,-0.080866966175706975,-0.00012079945576887282,0.3153947956580499,0.99995890449799563,0.00018191170760538072,-0.0090619918625351181,0.00019111980897194972,0.00036382839912798464,-0.018124232000554616,0.00038224485413963506,-0.028236357836668603,-0.0034576344998729154,0.0011488322529469238,-0.088204600407223652,-0.00031925143456262351,0.0013746351144871601,0,0.00060824908918152842,0.00030412458684548282,0.00030412450233604561,0,-0.0068845966868678315,-0.0034422982916649299,-0.0034422983952029015,27.675229491866027,27.669864526160072,-0.0026824820510808812,-0.0026824836548735797,0.11327183296816838,0.11320990895887227,-3.096200542239406e-05,-3.0962003873716356e-05,0,-1.9987139787233286e-06,-9.9935775268824494e-07,-9.9935622603508362e-07,0,-4.2779135897757299e-06,-2.1389561889554812e-06,-2.1389574008202487e-06,0,-0.00011867649415968351,-5.9338102118022649e-05,-5.9338392041660861e-05,0,-0.0068539958588508627,-0.0034269978782917672,-0.0034269979805590955,28.714612508133982,28.719789679803458,0.0025885867670746212,0.002588584902402,0.11327183296816838,0.11320906198893678,-3.138549039016827e-05,-3.1385488841433972e-05,0,-1.9681990568558294e-06,-9.8410028369790083e-07,-9.8409877315792858e-07,0,-4.2779097923096991e-06,-2.1389542906047419e-06,-2.1389555017049572e-06,-0.030673726433628118,9.9693262735663719,-3.1370290812319586,6.8629709187680419,-1.998713986579109e-06,1.9999980012860135,0.016572054843670515,9.983427945156329,-3.2555756641957956,6.7444243358042044,-1.9681990644703265e-06,1.9999980318009356,6.8845965833298602e-05
55,0.55000000000000038,tracking_ramp_g3_5hz,g3_5hz,1,0,0,0,2,0.00025471499999999998,2.3948052212675283e-09,2.39480522125117e-09,3.527932876799727e-09,3.5279343716949473e-09,1,1,30.787921487518712,31.947420127863055,-0.01107270394339295,0.0032938458970105532,0.089482320141740346,-0.53720976525422737,-0.16617900793744833,-0.0093792151998472184,-0.012452124003241107,0.011540625090633121,0.004156778087111207,-0.010915669601544163,-0.0015364544016969444,0.0078487015888721642,-0.0036919235017609572,-0.26582300012695426,-0.26549768023165371,0.0023485406631427118,-9.1966139786849705e-05,-0.0093792151998471698,0.011540625090633061,0.21229918999999942,-4.3556551730184259e-18,-0.26582300012695353,0.002348540663142698,-0.012452124003241083,0.0041567780871111732,-0.21230080999999931,-2.1977196258798882e-19,-0.26549768023165299,-9.1966139786850193e-05,-0.53720954933394438,-0.16617920185397633,-0.97153616829276734,0.02955356954811619,-0.97199891583533837,0.00046274754257102924,0.65046274754257105,0.64953725245742899,0.64953725245742899,1.6397678956163075,0.018812473906018035,1.6393957458903228,0.00037214972598476059,0.75037214972598476,0.74962785027401524,0.74962785027401524,-0.04661686731076875,-0.30563186107164309,0,-0.04661686731076875,0.95338313268923125,1.0466168673107688,0.95338313268923125,-0.98349624771318056,0.01455661485827283,-0.98339093564557467,-0.0001053120676058894,0.64989468793239413,0.65010531206760591,0.64989468793239413,1.641185160055384,0.00063645490137717326,1.6394010277077622,0.0017841323476217585,0.75178413234762176,0.74821586765237824,0.74821586765237824,-0.052705565826608868,-0.11120317367797947,0,-0.052705565826608868,0.9472944341733911,1.0527055658266089,0.9472944341733911,0,-1,-0.35518424109462499,-0.02955356954811619,0.5690323592704154,-0.018812473906018035,0.04661686731076875,0.30563186107164309,-0.34322416167421177,-0.01455661485827283,0.56761509483133898,-0.00063645490137717326,0.052705565826608868,0.11120317367797947,0.57225852489884321,-0.016622300377383034,-0.57268386816769912,0.017183184321477963,-0.570789698529787,0.001711911269150827,-0.57122022683550167,0.0016182495750038817,0.04661686731076875,0.052705565826608868,-0.081160063895820506,-0.00011332104780160173,0.31539128011824608,0.99995450278267928,0.00017110927905093217,-0.0095354201913650134,0.00019709904138649103,0.00034222374819368827,-0.019071129611383478,0.00039420406118706268,-0.030017347650542085,-0.0022387101000574789,0.00073975994617268078,-0.09895221637087033,-0.00036002698751746786,-0.00029422150715874794,0,-0.00025853738637027224,-0.00012926858273437858,-0.00012926880363589365,0,0.010326449090710777,0.0051632244351272113,0.0051632246555835658,27.675229491866027,27.683044945910421,0.0039077272304305632,0.0039077268139634247,0.11327183296816838,0.11336524790107298,4.6707468095258835e-05,4.6707464809341954e-05,0,-1.8954391726595777e-06,-9.4771967273621536e-07,-9.4771949992336232e-07,0,5.8053874627533452e-06,2.9026925400163755e-06,2.9026949227369697e-06,0,0.00072772978052766668,0.00036386479853216843,0.00036386498199549825,0,0.010324141311898185,0.0051620705469693435,0.0051620707649288411,28.714612508133982,28.706588026801811,-0.0040122407367109226,-0.0040122405954603401,0.11327183296816838,0.11336440096355939,4.6283999338480129e-05,4.6283996052527334e-05,0,-1.8990746938226364e-06,-9.4953745031341519e-07,-9.4953724350922125e-07,0,5.8053882671133417e-06,2.9026929417925508e-06,2.9026953253207909e-06,-0.067410550254787441,9.9325894497452119,-3.158607137904577,6.8413928620954234,-1.89543917334002e-06,1.9999981045608266,0.051161701047027046,9.9488382989529729,-3.2358232224576842,6.7641767775423158,-1.8990746949959143e-06,1.9999981009253049,0.00010326448870254423
56,0.56000000000000039,tracking_ramp_g3_5hz,g3_5hz,1,0,0,0,2,0.00025786500000000003,8.5679464634225155e-09,8.567946574444818e-09,1.7631243525894228e-08,1.7631243444752002e-08,1,1,30.988355361918792,32.188836921467647,-0.011030428058292376,0.0042275885100574138,0.093374261304686068,0.40860396646860497,0.15682039914164592,-0.009349063737883398,-0.012454324276878759,-0.0023263332004003143,0.00071039751010922719,-0.010901694007381078,-0.0015526302694976804,-0.00080796784514554354,0.0015183653552547707,-0.26581078247585443,-0.26550767807409187,0.00058364032597684953,-0.00037973927104595828,-0.0093490637378833182,-0.0023263332004003134,0.21229918999999928,-1.2510411933149999e-18,-0.26581078247585344,0.00058364032597684411,-0.012454324276878755,0.00071039751010922394,-0.21230080999999912,9.5162828135040558e-19,-0.26550767807409081,-0.00037973927104595362,0.40860385326555165,0.15682050675388801,-0.97148552602290927,-0.010578867253055697,-0.97199891583533837,0.0005133898124290992,0.65051338981242912,0.64948661018757092,0.64948661018757092,1.6398589010670606,0.0034863758286375842,1.6393957458903228,0.00046315517673778395,0.75046315517673778,0.74953684482326222,0.74953684482326222,-0.047846162411909227,-0.0051513684971113763,0,-0.047846162411909227,0.9521538375880908,1.0478461624119093,0.9521538375880908,-0.98345967223252539,0.0040920850867528988,-0.98339093564557467,-6.8736586950723932e-05,0.6499312634130493,0.65006873658695075,0.6499312634130493,1.6411157338428106,-0.0023945903030206574,1.6394010277077622,0.0017147061350484272,0.75171470613504843,0.74828529386495157,0.74828529386495157,-0.052931888688452736,-0.069371096613049077,0,-0.052931888688452736,0.94706811131154722,1.0529318886884527,0.94706811131154722,0,-1,-0.35523488336448306,0.010578867253055697,0.56894135381966238,-0.0034863758286375842,0.047846162411909227,0.0051513684971113763,-0.34326073715486694,-0.0040920850867528988,0.5676845210439122,0.0023945903030206574,0.052931888688452736,0.069371096613049077,0.57216183265307463,-0.0053555763169280219,-0.57258781103608658,0.0049741308123156091,-0.57084842949712289,-0.002628440611799808,-0.57128128815424117,-0.0026439056532631842,0.047846162411909227,0.052931888688452736,-0.081470651999180646,-9.8706053768899516e-05,0.31538787900840581,0.99994929301377355,0.00014639911491600842,-0.010067497300773096,0.00018832591751625892,0.0002928031789043339,-0.020135334936747139,0.0003766582014547841,-0.031792258870189084,-0.0055846777650712899,0.0016781800155178162,-0.11148712733179134,-0.00034306030124518647,-0.0013805758575198607,0,0.00047653281520726454,0.00023826622186784243,0.00023826659333942211,0,-0.0051920334632310433,-0.0025960166346899504,-0.002596016828541093,27.675229491866027,27.671145353098421,-0.0020420703756649523,-0.0020420683919410969,0.11327183296816838,0.11322518490707843,-2.3324031986135324e-05,-2.3324029103813576e-05,0,-1.7215583803048226e-06,-8.6077834607376396e-07,-8.607800342310586e-07,0,-3.2400855337086452e-06,-1.620041752325898e-06,-1.6200437813827471e-06,0,-7.3966570741851312e-05,-3.6983298860076607e-05,-3.6983271881774704e-05,0,-0.0051653679677063982,-0.0025826838880128235,-0.0025826840796935747,28.714612508133982,28.718476415038921,0.0019319527061565499,0.0019319541987829903,0.11327183296816838,0.11322433784175083,-2.374756464988684e-05,-2.3747561767664764e-05,0,-1.6949250288284933e-06,-8.4746165528022821e-07,-8.474633735482651e-07,0,-3.2400632463696786e-06,-1.6200306091072574e-06,-1.6200326372624213e-06,-0.025550610204515212,9.9744493897954847,-3.1351262511068616,6.8648737488931388,-1.7215583720170909e-06,1.9999982784416279,0.03068025376282222,9.9693197462371774,-3.2480762046355371,6.7519237953644629,-1.6949250203830488e-06,1.9999983050749797,5.1920332693799008e-05
57,0.5700000000000004,tracking_ramp_g3_5hz,g3_5hz,1,0,0,0,2,0.00025950799999999998,7.109064004140464e-09,7.109064004140464e-09,1.3094477648980633e-08,1.3094477911647275e-08,1,1,31.077687763300673,31.890140951724991,-0.010978670818818415,0.0051757239473960229,0.094813543733860903,-0.11524187125735638,-0.37853498048439793,-0.0093270378685973189,-0.012378728123149352,0.0074489938482863623,0.009827424547118678,-0.010852882995873336,-0.0015258451272760166,0.0086382091977025201,0.0011892153494161579,-0.26580000345324251,-0.2655007425215577,0.0017356216698029944,0.00061152053678349878,-0.0093270378685972651,0.0074489938482863319,0.21229918999999928,-3.6451004093904747e-18,-0.26580000345324151,0.0017356216698029823,-0.012378728123149324,0.009827424547118619,-0.2123008099999992,-1.101883985259438e-18,-0.26550074252155687,0.00061152053678349802,-0.11524197999576165,-0.37853485105408208,-0.97145661761851465,0.018124991215643402,-0.97199891583533837,0.00054229821682372226,0.65054229821682374,0.6494577017831763,0.6494577017831763,1.6399381270370863,0.013644929922342511,1.6393957458903228,0.00054238114676352644,0.75054238114676353,0.74945761885323647,0.74945761885323647,-0.048388614727488594,-0.15062147923714334,0,-0.048388614727488594,0.95161138527251143,1.0483886147274886,0.95161138527251143,-0.98323284138335665,0.030773084935316729,-0.98339093564557467,0.00015809426221802259,0.65015809426221804,0.649841905737782,0.649841905737782,1.6411864391055333,0.0071874119815635625,1.6394010277077622,0.0017854113977711084,0.75178541139777111,0.74821458860222889,0.74821458860222889,-0.054866631041696076,-0.20673455320268674,0,-0.054866631041696076,0.94513336895830391,1.0548666310416961,0.94513336895830391,0,-1,-0.35526379176887773,-0.018124991215643402,0.56886212784963663,-0.013644929922342511,0.048388614727488594,0.15062147923714334,-0.34348756800403568,-0.030773084935316729,0.56761381578118963,-0.0071874119815635625,0.054866631041696076,0.20673455320268674,0.57207781678205261,-0.012612730765421522,-0.57250486905788234,0.012822352640886936,-0.57079058382819703,0.0065295740050703823,-0.57122055756709222,0.0067694584093789716,0.048388614727488594,0.054866631041696076,-0.081802338857332568,-8.6067295786353541e-05,0.31538418224251835,0.99994375678962677,0.00012641943574834725,-0.010603311913600057,0.00019248905322411588,0.00025284361175995123,-0.021207021412346462,0.0003849853240788193,-0.034098842809974439,-0.0030032732497438006,0.00098131657551592515,-0.10428942979170183,-0.00038543830442681854,0.00031895544087222843,0,0.00053541276367616297,0.00026770646526083207,0.0002677062984153309,0,-0.0056824180957294078,-0.0028412090455780499,-0.0028412090501513578,27.675229491866027,27.670784148476244,-0.0022226709766957073,-0.0022226724130871558,0.11327183296816838,0.11322076587594927,-2.5533546146211928e-05,-2.5533546072897283e-05,0,-2.0168275632807364e-06,-1.0084145239552118e-06,-1.0084130393255246e-06,0,-3.3897416959169412e-06,-1.6948707809476147e-06,-1.6948709149693265e-06,0,-4.0571894111329776e-05,-2.0285852368900809e-05,-2.0286041742428967e-05,0,-0.005655184643723719,-0.0028275923196514549,-0.0028275923240722641,28.714612508133982,28.71886538370584,0.0021264385094346351,0.002126437062423193,0.11327183296816838,0.11321991890455753,-2.5957031842126787e-05,-2.5957031768726036e-05,0,-1.989246268672756e-06,-9.9462387617404746e-07,-9.9462239249870853e-07,0,-3.3897352813950328e-06,-1.6948675741345211e-06,-1.6948677072605117e-06,-0.033392529279394338,9.9666074707206054,-3.1394340812520016,6.8605659187479979,-2.0168275705823582e-06,1.9999979831724295,0.020371412512822897,9.9796285874871771,-3.2539747280644487,6.7460252719355509,-1.9892462760999801e-06,1.9999980107537239,5.6824180911560997e-05
58,0.5800000000000004,tracking_ramp_g3_5hz,g3_5hz,1,0,0,0,2,0.000255381,3.5472640380618259e-09,3.5472641490841283e-09,8.2503062380312361e-09,8.2503057034079553e-09,1,1,30.888259160679322,32.224581023138512,-0.010917474193387962,0.0061196625430453315,0.094393859564930863,-0.10973957477913557,0.14402019628591181,-0.0092308073601908812,-0.012336896771738558,0.0077483702477264133,0.0027521487326148952,-0.01078385206596472,-0.0015530447057738386,0.0052502594901706542,-0.002498110757555759,-0.26578002471735857,-0.26550615591061799,0.0014111295542593447,-0.00052677333438351775,-0.0092308073601907459,0.0077483702477263924,0.21229918999999928,-3.0234311656650217e-18,-0.26578002471735757,0.0014111295542593432,-0.012336896771738586,0.0027521487326148618,-0.21230080999999923,1.471534457397135e-18,-0.26550615591061705,-0.00052677333438351948,-0.10973943116462306,0.14402005958001624,-0.97121169155569331,0.020592226522906404,-0.97199891583533837,0.00078722427964506014,0.65078722427964508,0.64921277572035496,0.64921277572035496,1.6400974643721551,0.011460409879165624,1.6393957458903228,0.00070171848183231411,0.75070171848183231,0.74929828151816769,0.74929828151816769,-0.050618784054892459,-0.17473270341223426,0,-0.050618784054892459,0.94938121594510749,1.0506187840548924,0.94938121594510749,-0.98306651631399689,0.011695306576531121,-0.98339093564557467,0.00032441933157778546,0.65032441933157781,0.64967558066842224,0.64967558066842224,1.6411618830992865,-0.0027903703656286171,1.6394010277077622,0.0017608553915242631,0.75176085539152426,0.74823914460847574,0.74823914460847574,-0.05554733260048348,-0.047553263705510149,0,-0.05554733260048348,0.9444526673995165,1.0555473326004834,0.9444526673995165,0,-1,-0.35550871783169902,-0.020592226522906404,0.56870279051456785,-0.011460409879165624,0.050618784054892459,0.17473270341223426,-0.34365389307339539,-0.011695306576531121,0.56763837178743659,0.0027903703656286171,0.05554733260048348,0.047553263705510149,0.57193070429372816,-0.011631383607213846,-0.5723545759308275,0.011721586171034888,-0.57080644737604547,-0.0024984829574489584,-0.57123791450624861,-0.002633700504373367,0.050618784054892459,0.05554733260048348,-0.082155886898722899,-7.4669253161886284e-05,0.3153802744168116,0.999937770076335,0.0001079569250757788,-0.011153913822830706,0.00018581307964238804,0.00021591832903051705,-0.022308290395317364,0.00037163386823250885,-0.036203650176446951,-0.0043930241456180338,0.0013474600370973334,-0.11401687623450767,-0.00039191308335385054,-0.00020675343145928589,0,-0.00010560861873767924,-5.2804272306553653e-05,-5.2804346431125585e-05,0,0.0070011653473944562,0.0035005825915189392,0.003500582755875517,27.675229491866027,27.680491562384987,0.0026310350034289237,0.0026310355155307369,0.11327183296816838,0.11333523754527955,3.1702289780820381e-05,3.1702287330347045e-05,0,-1.8296955318742409e-06,-9.148474192225457e-07,-9.1484811265169523e-07,0,3.8375648008325382e-06,1.9187814679332998e-06,1.9187833328992384e-06,0,0.00054641569424447589,0.00027320772598126114,0.00027320796826321475,0,0.0070064313590352083,0.0035032155983611966,0.0035032157606740117,28.714612508133982,28.709131545966471,-0.0027404815472539703,-0.0027404806202565133,0.11327183296816838,0.11333439056909324,3.1278801687701481e-05,3.1278799237154812e-05,0,-1.8274481946334872e-06,-9.137237632067393e-07,-9.1372443142674794e-07,0,3.8375761676707814e-06,1.918787150879293e-06,1.9187890167914885e-06,-0.055915470589596242,9.9440845294104037,-3.1529840765211943,6.8470159234788053,-1.8296955282245784e-06,1.9999981703044718,0.051464836218990666,9.9485351637810098,-3.2362761397330431,6.7637238602669569,-1.8274481914778173e-06,1.9999981725518086,7.006431196722393e-05
59,0.59000000000000041,tracking_ramp_g3_5hz,g3_5hz,1,0,0,0,2,0.00025959000000000003,2.2463549869683681e-09,2.2463549869348044e-09,6.2248379780154832e-09,6.2248384149628561e-09,1,1,31.1385119005494,31.895946161909958,-0.01084701866341258,0.0070455529975381233,0.092589045449279192,0.049563001483581393,-0.3497470398748439,-0.0091823114098410138,-0.012245511124189409,0.0064550972176210843,0.011179094797459051,-0.010713911267015212,-0.0015315998571741977,0.0088170960075400675,0.0023619987899189832,-0.26577241866432061,-0.26550123514202917,0.0012584595048155767,0.00042373867143847025,-0.0091823114098410104,0.0064550972176210782,0.21229919000000008,-6.0679322758929941e-19,-0.2657724186643205,0.0012584595048155799,-0.012245511124189461,0.011179094797459044,-0.21230080999999984,-5.7000023394294073e-19,-0.26550123514202906,0.0004237386714384708,0.049562815339869851,-0.34974683756909791,-0.97107742777943784,0.016799702915997146,-0.97199891583533837,0.00092148805590053229,0.65092148805590055,0.64907851194409949,0.64907851194409949,1.6401607248013488,0.010109973165622951,1.6393957458903228,0.00076497891102600413,0.750764978911026,0.749235021088974,0.749235021088974,-0.051364173852668796,-0.10978501554577688,0,-0.051364173852668796,0.94863582614733122,1.0513641738526689,0.94863582614733122,-0.98277684834648149,0.036228824267192164,-0.98339093564557467,0.00061408729909318005,0.6506140872990932,0.64938591270090684,0.64938591270090684,1.6412232552792587,0.0062693589780176374,1.6394010277077622,0.0018222275714965264,0.75182222757149653,0.74817777242850347,0.74817777242850347,-0.057449795063111528,-0.21581891390886696,0,-0.057449795063111528,0.94255020493688846,1.0574497950631114,0.94255020493688846,0,-1,-0.35564298160795443,-0.016799702915997146,0.56863953008537416,-0.010109973165622951,0.051364173852668796,0.10978501554577688,-0.34394356104091084,-0.036228824267192164,0.56757699960746422,-0.0062693589780176374,0.057449795063111528,0.21581891390886696,0.57185818632374363,-0.0098366283483425059,-0.57228360275859147,0.009848253265491021,-0.57075711236649196,0.0056232940425984847,-0.57118595342903522,0.0058811785841815806,0.051364173852668796,0.057449795063111528,-0.082532217082684892,-6.1860607583943831e-05,0.31537622151701172,0.9999311851199818,8.748174424778616e-05,-0.01172949650817552,0.00019048138411649224,0.00017496750196987004,-0.023459531140426704,0.00038097150710925999,-0.038609316251782017,-0.0035898765821960736,0.0011372103957752175,-0.11589433376834905,-0.00041860934005255037,-0.00071755516064053899,0,0.00069244839986226658,0.00034622412421642589,0.00034622427564584069,0,-0.009393308906148444,-0.0046966543496467844,-0.0046966545565016596,27.675229491866027,27.667937538254318,-0.0036459767135592473,-0.0036459768981498427,0.11327183296816838,0.11318727616120688,-4.2278405021228474e-05,-4.227840194026867e-05,0,-1.9358185026925449e-06,-9.6790943248902917e-07,-9.6790907020351571e-07,0,-5.3451423953043394e-06,-2.6725700208880231e-06,-2.6725723744163163e-06,0,-0.00021571399836148308,-0.0001078568752447671,-0.00010785712311671598,0,-0.0093606065995237974,-0.0046803031976069319,-0.0046803034019168655,28.714612508133982,28.721706628774683,0.0035470606737756827,0.0035470599669256797,0.11327183296816838,0.11318642914414578,-4.2701913551815071e-05,-4.270191047078287e-05,0,-1.9013901135265057e-06,-9.5069522191076051e-07,-9.5069489161574515e-07,0,-5.3451270554256665e-06,-2.6725623514322557e-06,-2.6725647039934108e-06,-0.025276350627436332,9.9747236493725637,-3.1355009695267384,6.8644990304732616,-1.9358185043726856e-06,1.9999980641814956,0.014825251663707406,9.9851747483362931,-3.2576935821451132,6.7423064178548868,-1.9013901153808467e-06,1.9999980986098846,9.3933086992935692e-05
60,0.60000000000000042,tracking_ramp_g3_5hz,g3_5hz,1,0,0,0,2,0.000252954,1.1450595719566189e-09,1.1450595719769477e-09,2.0143251875359078e-09,2.0143249232830829e-09,1,1,30.902215305017066,32.137562382096974,-0.010767585561137775,0.0079433102274805208,0.089775722994239748,-0.081003411384489854,-0.14897574083790999,-0.009082409323015744,-0.01216891093992695,0.0090645819735625383,0.0088812015146864723,-0.010625660131471346,-0.0015432508084556032,0.0089728917441245053,-9.1690229438032983e-05,-0.26575540163196865,-0.26550395731991455,0.0010962449042972808,0.00023910622991270595,-0.0090824093230158012,0.0090645819735625435,0.21229919000000019,-1.0257568991249577e-18,-0.26575540163196865,0.0010962449042972782,-0.012168910939926954,0.0088812015146864983,-0.21230081000000009,-9.5720016995656278e-19,-0.26550395731991461,0.00023910622991270758,-0.081003432750317336,-0.14897570540575653,-0.97080658165176703,0.026539842089269652,-0.97199891583533837,0.0011923341835713419,0.65119233418357136,0.64880766581642868,0.64880766581642868,1.6403001361266631,0.0095559279537699889,1.6393957458903228,0.00090439023634036886,0.75090439023634037,0.74909560976365963,0.74909560976365963,-0.05334727879634036,-0.1594829110401752,0,-0.05334727879634036,0.94665272120365962,1.0533472787963403,0.94665272120365962,-0.98250377890755636,0.02922259191422839,-0.98339093564557467,0.00088715673801831318,0.65088715673801834,0.64911284326198171,0.64911284326198171,1.6412274533924069,0.0042931307117855706,1.6394010277077622,0.0018264256846447502,0.75182642568464475,0.74817357431535525,0.74817357431535525,-0.058693206973374164,-0.1673986623945645,0,-0.058693206973374164,0.94130679302662579,1.0586932069733741,0.94130679302662579,0,-1,-0.35591382773562524,-0.026539842089269652,0.56850011876005968,-0.0095559279537699889,0.05334727879634036,0.1594829110401752,-0.34421663047983603,-0.02922259191422839,0.56757280149431599,-0.0042931307117855706,0.058693206973374164,0.1673986623945645,0.57172757158708831,-0.0098961760093114765,-0.57215071977947851,0.0099497632179021463,-0.57074982347669523,0.0034689887815527423,-0.57117883658951252,0.0036073893389400946,0.05334727879634036,0.058693206973374164,-0.082932876058662466,-5.0167567176660993e-05,0.31537193396561775,0.99992394398062645,6.8715374099908381e-05,-0.012331553162273431,0.00018528095614632562,0.00013743423245103216,-0.024663731602800179,0.00037057130706645694,-0.041057162836628511,-0.0037833523988645102,0.0011991480169120667,-0.1234598443313726,-0.00043655482163397518,0.0013453751453983982,0,0.00029720193092386271,0.00014860101002761442,0.00014860092089624829,0,-0.001313101099300008,-0.00065655060238142956,-0.00065655049691857844,27.675229491866027,27.674125936719754,-0.00055177755584114388,-0.00055177759043143957,0.11327183296816838,0.11326020483840257,-5.8140640976409562e-06,-5.8140656681678916e-06,0,-1.8445999957999288e-06,-9.2229994342416991e-07,-9.2230005237575887e-07,0,-8.1347700341865073e-07,-4.067391020618238e-07,-4.0673790135682693e-07,0,0.00015902252254772209,7.951120395703776e-05,7.9511318590684329e-05,0,-0.0012939493061753524,-0.00064697470515823132,-0.00064697460101712108,28.714612508133982,28.715509185529886,0.00044833858207478697,0.00044833881382903514,0.11327183296816838,0.11325935784328291,-6.2375616574631478e-06,-6.2375632280117164e-06,0,-1.8263078633836501e-06,-9.1315388522862267e-07,-9.1315397815502738e-07,0,-8.1346255872342781e-07,-4.0673188022696945e-07,-4.0673067849645836e-07,-0.04192919804725969,9.95807080195274,-3.1455064761299232,6.8544935238700768,-1.8445999949130681e-06,1.999998155400005,0.032215738591512701,9.9677842614084877,-3.247912183460846,6.752087816539154,-1.8263078629282777e-06,1.9999981736921371,1.3131012047628591e-05
61,0.61000000000000043,tracking_ramp_g3_5hz,g3_5hz,1,0,0,0,2,0.000250654,1.5254620899796123e-09,1.5254620899796123e-09,2.9914663431354348e-09,2.991466574737239e-09,1,1,31.179570511576024,31.978604132501175,-0.010679527280443118,0.008805828069465671,0.086251784198515008,0.060482528607747763,-0.067599801168129817,-0.0089922795612946971,-0.012062357304765285,0.0075866571670488367,0.0081019714755075495,-0.010527318433029991,-0.001535038871735294,0.0078443143212781931,0.00025765715422935639,-0.26574532446700427,-0.26550186584392155,0.00091385093165663239,-0.00081877799125576554,-0.0089922795612948116,0.007586657167048841,0.21229919000000003,1.757434546875063e-18,-0.26574532446700444,0.00091385093165663141,-0.012062357304765316,0.0081019714755075512,-0.21230081000000003,1.2051889175999605e-18,-0.26550186584392166,-0.00081877799125576977,0.060482471505798246,-0.067599734482084561,-0.97053902365532418,0.022241740280147488,-0.97199891583533837,0.0014598921800141884,0.65145989218001421,0.64854010781998583,0.64854010781998583,1.6403893861898766,0.0079556097234922164,1.6393957458903228,0.00099364029955384403,0.75099364029955384,0.74900635970044616,0.74900635970044616,-0.054861000199629306,-0.11392168743344938,0,-0.054861000199629306,0.94513899980037075,1.0548610001996293,0.94513899980037075,-0.98214965735916493,0.031238394972113927,-0.98339093564557467,0.0012412782864097416,0.65124127828640976,0.64875872171359028,0.64875872171359028,1.6412734753178473,-0.0032356862889455079,1.6394010277077622,0.0018724476100850929,0.75187244761008509,0.74812755238991491,0.74812755238991491,-0.060753522013276946,-0.13262504524862939,0,-0.060753522013276946,0.93924647798672301,1.0607535220132769,0.93924647798672301,0,-1,-0.3561813857320682,-0.022241740280147488,0.56841086869684632,-0.0079556097234922164,0.054861000199629306,0.11392168743344938,-0.3445707520282274,-0.031238394972113927,0.56752677956887576,0.0032356862889455079,0.060753522013276946,0.13262504524862939,0.57163593818253544,-0.0086522584203511527,-0.57205878283309142,0.0085681783797286245,-0.57071083123668176,-0.0029191158081794981,-0.57113807588683874,-0.0029857285574845134,0.054861000199629306,0.060753522013276946,-0.083359075582105743,-3.8632989520097092e-05,0.31536745101048491,0.99991586873032379,5.0391131090429818e-05,-0.012969782852603249,0.00019404837608928238,0.00010078508858920163,-0.025940293172553534,0.00038810763623568079,-0.043651520786220636,-0.0049114980439381919,0.0014797106792549617,-0.13037494230741295,-0.00043853117187609266,0.0011246931581238139,0,0.0003566349247018652,0.00017831742770054023,0.00017831749700132496,0,-0.0029681455572191928,-0.0014840727692251631,-0.0014840727879940297,27.675229491866027,27.672857055820014,-0.0011862181893104369,-0.0011862178567024566,0.11327183296816838,0.11324526759432192,-1.3282687061699618e-05,-1.3282686784760343e-05,0,-1.7227881431688464e-06,-8.6139383579853915e-07,-8.6139430737030726e-07,0,-1.6853909542061509e-06,-8.4269537764532333e-07,-8.4269557656082754e-07,0,7.0333636061320481e-05,3.5166800259972738e-05,3.5166835801347743e-05,0,-0.0029465116918382648,-0.0014732558366436536,-0.0014732558551946112,28.714612508133982,28.71677734861694,0.0010824200989468073,0.0010824203840115894,0.11327183296816838,0.11324442058601034,-1.3706191217424653e-05,-1.3706190940621103e-05,0,-1.7013267892578205e-06,-8.506631572787842e-07,-8.5066363197903632e-07,0,-1.6853719986978724e-06,-8.4268590043220882e-07,-8.4268609826566359e-07,-0.03702196225049887,9.962978037749501,-3.1431321314810128,6.8568678685189877,-1.7227881408444851e-06,1.9999982772118592,0.030579726995433043,9.9694202730045678,-3.2493047528093011,6.7506952471906985,-1.701326786856747e-06,1.9999982986732132,2.9681455384503262e-05
62,0.62000000000000044,tracking_ramp_g3_5hz,g3_5hz,1,0,0,0,2,0.00025668799999999998,2.9083925268125199e-09,2.9083924157902175e-09,5.4075957197593841e-09,5.4075945622312485e-09,1,1,31.100706935982533,32.113536964285018,-0.010583243852324552,0.0096283428118566078,0.08225147423909368,-0.15108895235503228,-0.29527162104047439,-0.0088872533512287383,-0.01197630514454438,0.011575438402606199,0.012645041241366436,-0.010431779247886559,-0.0015445258966578206,0.012110239821986318,0.00053480141938011885,-0.2657323474333948,-0.26550781773756044,0.0011521363897950886,0.00040834301995994237,-0.0088872533512287331,0.011575438402606183,0.21229918999999997,-1.9062873524652055e-18,-0.26573234743339463,0.0011521363897950877,-0.011976305144544406,0.012645041241366417,-0.21230081000000001,-1.719840842395753e-18,-0.26550781773756038,0.00040834301995993863,-0.1510890157982088,-0.29527153742519763,-0.97023243617055122,0.035015978105446682,-0.97199891583533837,0.0017664796647871572,0.65176647966478718,0.64823352033521286,0.64823352033521286,1.6405016262367647,0.010441144101543046,1.6393957458903228,0.0011058803464418787,0.75110588034644188,0.74889411965355812,0.74889411965355812,-0.056578738858750359,-0.17880743909188263,0,-0.056578738858750359,0.94342126114124969,1.0565787388587504,0.94342126114124969,-0.98182989854045144,0.041348315692912266,-0.98339093564557467,0.0015610371051232308,0.65156103710512325,0.64843896289487679,0.64843896289487679,1.6412578901375849,0.0065192860177138365,1.6394010277077622,0.0018568624298227476,0.75185686242982275,0.74814313757017725,0.74814313757017725,-0.061994792078705431,-0.21996501763628876,0,-0.061994792078705431,0.9380052079212946,1.0619947920787054,0.9380052079212946,0,-1,-0.35648797321684117,-0.035015978105446682,0.56829862864995817,-0.010441144101543046,0.056578738858750359,0.17880743909188263,-0.34489051084694089,-0.041348315692912266,0.567542364749138,-0.0065192860177138365,0.061994792078705431,0.21996501763628876,0.57152550051674278,-0.010212365968586894,-0.5719475173875519,0.010313427439222705,-0.57072512411284471,0.0053639848611644995,-0.57115265708130358,0.0056315855015435633,0.056578738858750359,0.061994792078705431,-0.08381248778361379,-2.428382131670775e-05,0.31536294785159069,0.99990703722286278,2.7021466534682171e-05,-0.013633696938122651,0.0001961882675685478,5.404460779202017e-05,-0.027268238858552823,0.00039238869439337003,-0.046503354575562143,-0.003845817423536629,0.0012272643873393748,-0.13447566640825939,-0.0004672719602040685,0.0016202847679779408,0,0.00039226349963304707,0.00019613178888912264,0.00019613171074392443,0,-0.0035709232154369479,-0.0017854616051535979,-0.00178546161028335,27.675229491866027,27.672400210782943,-0.0014146402499474048,-0.0014146408331367072,0.11327183296816838,0.11323983081882812,-1.6001074709579704e-05,-1.6001074630685869e-05,0,-1.7845974506051107e-06,-8.9229908805518154e-07,-8.9229836254992916e-07,0,-1.9454423265595445e-06,-9.7272111390784425e-07,-9.7272121265170026e-07,0,6.1798552857442179e-05,3.0899323838253742e-05,3.0899229019188437e-05,0,-0.0035486706046332309,-0.0017743352998088827,-0.0017743353048243482,28.714612508133982,28.717243768994607,0.0013156307281487324,0.0013156301324759743,0.11327183296816838,0.11323898383561908,-1.642456631407367e-05,-1.6424566235232656e-05,0,-1.7622715454543227e-06,-8.8113613502547814e-07,-8.8113541042884456e-07,0,-1.9454281917681169e-06,-9.7271404706959249e-07,-9.7271414469852444e-07,-0.040311281581838353,9.9596887184181622,-3.1452707741894677,6.8547292258105319,-1.7845974541428044e-06,1.999998215402546,0.02596341915893299,9.9740365808410676,-3.2520653439455156,6.7479346560544844,-1.7622715488633389e-06,1.9999982377284511,3.5709232103071957e-05
63,0.63000000000000045,tracking_ramp_g3_5hz,g3_5hz,1,0,0,0,2,0.00029504100000000001,1.7945991359624713e-09,1.7945991359624713e-09,4.7403689126311182e-09,4.740368688548887e-09,1,1,30.85777226523043,32.245168924072971,-0.010479164655344918,0.010407919697963477,0.077957688610686901,-0.22856908571468956,0.045544485579712107,-0.0087677431216787779,-0.011865062533425442,0.013277422096738926,0.0078195009551725037,-0.010316402827552109,-0.001548659705873332,0.010548461525955715,-0.0027289605707832114,-0.26571954682851556,-0.26551040205217702,0.0017430617360647558,-0.0010802322631677914,-0.0087677431216787831,0.013277422096738935,0.21229919000000025,-6.5046505520964905e-19,-0.26571954682851573,0.0017430617360647527,-0.011865062533425421,0.0078195009551725227,-0.21230081000000009,3.0370763370496964e-20,-0.26551040205217724,-0.0010802322631677989,-0.22856893891208155,0.045544352343356347,-0.96987473135240854,0.038355419581168573,-0.97199891583533837,0.0021241844829298362,0.65212418448292986,0.64787581551707019,0.64787581551707019,1.6406154784345643,0.014837675743378414,1.6393957458903228,0.0012197325442415696,0.75121973254424157,0.74878026745575843,0.74878026745575843,-0.058576146286152889,-0.24780771570403881,0,-0.058576146286152889,0.94142385371384707,1.0585761462861529,0.94142385371384707,-0.98143885893214866,0.031447866930201455,-0.98339093564557467,0.0019520767134260097,0.65195207671342603,0.64804792328657401,0.64804792328657401,1.6412726117201351,-0.0051556233458139433,1.6394010277077622,0.0018715840123728622,0.75187158401237286,0.74812841598762714,0.74812841598762714,-0.06385590663980717,-0.10007739508131654,0,-0.06385590663980717,0.93614409336019277,1.0638559066398072,0.93614409336019277,0,-1,-0.35684567803498374,-0.038355419581168573,0.56818477645215848,-0.014837675743378414,0.058576146286152889,0.24780771570403881,-0.34528155045524367,-0.031447866930201455,0.56752764316658788,0.0051556233458139433,0.06385590663980717,0.10007739508131654,0.57141580785336699,-0.013681362902465506,-0.5718364351802766,0.013954607796577659,-0.57071275389281029,-0.0041734314252858222,-0.57113929706553623,-0.0043309007531495778,0.058576146286152889,0.06385590663980717,-0.084294684866899214,-1.1103785195761802e-05,0.31535822069191133,0.99989714709333943,5.7233649343617366e-06,-0.01434065311170615,0.00020216373043508896,1.1447122328016004e-05,-0.028682289582439582,0.0004043413235253697,-0.049378566353605019,-0.0047720538223026488,0.0014641873853861698,-0.14602163694703024,-0.00047320842538840839,-0.00052547566485169265,0,-9.9639207270726948e-05,-4.9819565852542047e-05,-4.9819641418184901e-05,0,0.0067770142876290296,0.0033885070769414118,0.0033885072106876178,27.675229491866027,27.680322540427245,0.0025465241831749371,0.0025465243780427907,0.11327183296816838,0.11333320862548653,3.0687829654729777e-05,3.0687827663416982e-05,0,-1.600087296032475e-06,-8.0004338745135295e-07,-8.0004390858112209e-07,0,3.577770944505009e-06,1.7888846734001969e-06,1.7888862711048121e-06,0,0.00050836127407388743,0.00025418053925670863,0.00025418073481717879,0,0.0067844188550697298,0.0033922093615662398,0.00339220949350349,28.714612508133982,28.709307378091179,-0.0026525652874520226,-0.002652564755351063,0.11327183296816838,0.11333236166225438,3.0264348038733538e-05,3.0264346047267606e-05,0,-1.5980129177347062e-06,-7.9900620839390914e-07,-7.9900670934079702e-07,0,3.5777863866301267e-06,1.7888923938592412e-06,1.7888939927708855e-06,-0.059663362763831787,9.9403366372361681,-3.1568881988838333,6.8431118011161667,-1.6000872933535936e-06,1.9999983999127067,0.049181904450099692,9.9508180955499004,-3.2391425869765595,6.7608574130234409,-1.598012915183711e-06,1.9999984019870849,6.7844187231324801e-05
64,0.64000000000000046,tracking_ramp_g3_5hz,g3_5hz,1,0,0,0,2,0.00025972400000000002,3.1801100641715152e-09,3.1801099531492127e-09,8.0621991974332754e-09,8.0622013935132672e-09,1,1,31.095606804478486,32.140713621630212,-0.010367734259311423,0.011143039603349539,0.073511990538606228,-0.15063996019574855,-0.52051496933593455,-0.0086458069084268535,-0.011717872704294835,0.012536480975074732,0.016931273549992798,-0.010181839806360844,-0.0015360328979339907,0.014733877262533765,0.002197396287459033,-0.2656906525874399,-0.2655231840978276,0.0044383954412343055,-0.0015937184586973664,-0.0086458069084268865,0.012536480975074767,0.21229919000000044,3.8393356521077265e-18,-0.26569065258744018,0.0044383954412343194,-0.011717872704294929,0.01693127354999286,-0.2123008100000002,2.6308181597228526e-18,-0.26552318409782794,-0.0015937184586973746,-0.150640149914711,-0.52051475388988711,-0.96957853597930677,0.02406911082786875,-0.97199891583533837,0.002420379856031607,0.65242037985603163,0.64757962014396842,0.64757962014396842,1.6408402360301275,0.033187998849545944,1.6393957458903228,0.0014444901398047438,0.75144449013980474,0.74855550986019526,0.74855550986019526,-0.060712589713135576,-0.2261151480777995,0,-0.060712589713135576,0.93928741028686447,1.0607125897131355,0.93928741028686447,-0.98087997678634642,0.064848802962661656,-0.98339093564557467,0.0025109588592282517,0.65251095885922827,0.64748904114077177,0.64748904114077177,1.6412272290353924,-0.0061001141505708104,1.6394010277077622,0.001826201327630228,0.75182620132763023,0.74817379867236977,0.74817379867236977,-0.066526576641339055,-0.30944526217848589,0,-0.066526576641339055,0.9334734233586609,1.066526576641339,0.9334734233586609,3,-1,-0.35714187340808562,-0.02406911082786875,0.56796001885659542,-0.033187998849545944,0.060712589713135576,0.2261151480777995,-0.34584043260104591,-0.064848802962661656,0.56757302585133051,0.0061001141505708104,0.066526576641339055,0.30944526217848589,0.57119118083206188,-0.033353612260236205,-0.5716112377517516,0.033392616443810037,-0.57077134239626848,-0.0077905167432223118,-0.57119468182504074,-0.0075112656643441834,0.060712589713135576,0.066526576641339055,-0.08480738577706623,1.5916275313642796e-05,0.31535327777146194,0.99988603811505905,-3.9700780038910142e-05,-0.01509530632164631,0.00020232022885830151,-7.9404576465806596e-05,-0.030191759555282603,0.00040465582961375765,-0.052549962982930895,-0.01375961623355307,0.0040753343775707402,-0.15423968377443839,-0.00050859406744607543,-0.0013281674045416544,0,0.0006630760682925646,0.0003315379722377472,0.0003315380960548174,0,-0.0098558369085193376,-0.0049279183513929589,-0.0049279185571263788,27.675229491866027,27.667588244792071,-0.0038206233440771162,-0.0038206237298784099,0.11327183296816838,0.11318311786788721,-4.4357551670478148e-05,-4.4357548610697204e-05,0,-1.6426956241304505e-06,-8.2134816774620977e-07,-8.2134745638424068e-07,0,-5.2381833408703376e-06,-2.619090419543013e-06,-2.6190929213273245e-06,0,-0.00022676596325650611,-0.00011338283129794677,-0.00011338313195855934,0,-0.0098264874678271313,-0.0049132436324791431,-0.0049132438353479881,28.714612508133982,28.722063901426552,0.0037256970982991028,0.0037256961942706162,0.11327183296816838,0.11318227085662172,-4.4781057303282322e-05,-4.4781054243379838e-05,0,-1.6089938306703766e-06,-8.0449725530680018e-07,-8.0449657536357645e-07,0,-5.2381631412337778e-06,-2.6190803203564804e-06,-2.6190828208772974e-06,-0.031132465250218243,9.9688675347497817,-3.1410578510877238,6.8589421489122762,-1.6426956275025058e-06,1.9999983573043725,0.011725109628801959,9.9882748903711978,-3.2609193707528465,6.7390806292471535,-1.6089938340302247e-06,1.9999983910061661,9.8558367027859183e-05
65,0.65000000000000047,tracking_ramp_g3_5hz,g3_5hz,1,0,0,0,2,0.00026078599999999999,3.9892167347232999e-10,3.9892167347232999e-10,9.6211534141840393e-10,9.6211378434294553e-10,1,1,31.005922886556576,32.007681577130242,-0.010249401586934504,0.01183326723769181,0.069022763434227127,-0.15564882233377308,-0.46866890440427689,-0.0085172829343299981,-0.011554361456010433,0.013074894264768502,0.016015233753676021,-0.010035822195170217,-0.0015185392608402177,0.014545064009222262,0.0014701697444537594,-0.26562977299826246,-0.26554746218472386,0.0070218327611749967,-0.0031515858164919276,-0.008517282934329946,0.013074894264768509,0.2122991900000003,1.2946898598781981e-18,-0.26562977299826263,0.0070218327611750045,-0.011554361456010579,0.016015233753676073,-0.21230081000000012,-1.2043749718772083e-18,-0.26554746218472408,-0.0031515858164919458,-0.15564900036844548,-0.46866870224418655,-0.96939859176544996,0.014719635472469029,-0.97199891583533837,0.0026003240698884156,0.65260032406988844,0.64739967593011161,0.64739967593011161,1.6412860529914066,0.05102879477747372,1.6393957458903228,0.0018903071010838435,0.75189030710108384,0.74810969289891616,0.74810969289891616,-0.063273094675854388,-0.27560326962657544,0,-0.063273094675854388,0.9367269053241456,1.0632730946758544,0.9367269053241456,-0.98021444965282267,0.068603648396309599,-0.98339093564557467,0.0031764859927519984,0.65317648599275202,0.64682351400724802,0.64682351400724802,1.6411068602818029,-0.017143870762956301,1.6394010277077622,0.0017058325740406666,0.75170583257404067,0.74829416742595933,0.74829416742595933,-0.069777560708336406,-0.33574823904078227,0,-0.069777560708336406,0.93022243929166359,1.0697775607083364,0.93022243929166359,3,-1,-0.35732181762194232,-0.014719635472469029,0.56751420189531632,-0.05102879477747372,0.063273094675854388,0.27560326962657544,-0.34650595973456966,-0.068603648396309599,0.56769339460492019,0.017143870762956301,0.069777560708336406,0.33574823904078227,0.5707405578114394,-0.05161469678934081,-0.57115956372471277,0.051764502543274304,-0.57090932302493125,-0.018849000803072526,-0.57133080584424956,-0.018686814366633837,0.063273094675854388,0.069777560708336406,-0.085352146725173911,7.6879101330502712e-05,0.31534802342806839,0.99987329309739248,-0.00014172711506669445,-0.015916530803539313,0.00020423315320559083,-0.00028346620260936625,-0.031834406164770353,0.00040848355911910129,-0.055783901463421985,-0.024595066076987762,0.0074011126089402546,-0.17097319771577768,-0.00053537988045163608,0.00096434311999342751,0,0.0006266744725552803,0.00031333723334402098,0.00031333723921125932,0,-0.0093139920962065186,-0.0046569960581463619,-0.0046569960380601566,27.675229491866027,27.66800153342199,-0.0036139792494792387,-0.0036139791945581025,0.11327183296816838,0.11318801229158192,-4.1910338142494084e-05,-4.1910338443971664e-05,0,-1.4930572080463318e-06,-7.4652848005186652e-07,-7.4652872799446527e-07,0,-4.9863911242219953e-06,-2.4931956771746722e-06,-2.4931954470473231e-06,0,-0.00022028955857421317,-0.00011014480176794045,-0.00011014475680627273,0,-0.0092882117924565528,-0.0046441059061373977,-0.0046441058863191552,28.714612508133982,28.721646154695385,0.0035168232277961839,0.0035168233336071888,0.11327183296816838,0.1131871652605263,-4.2333853670298258e-05,-4.2333853971782167e-05,0,-1.4618841091427939e-06,-7.3094193184468521e-07,-7.3094217729810865e-07,0,-4.9863651655781237e-06,-2.4931826985490335e-06,-2.4931824670290902e-06,-0.033607698213756122,9.966392301786243,-3.1433970540675862,6.8566029459324138,-1.4930572064599973e-06,1.9999985069427935,0.01425045083231782,9.9857495491676822,-3.2598793204089089,6.7401206795910911,-1.4618841076156362e-06,1.9999985381158925,9.3139921162927245e-05
66,0.66000000000000048,tracking_ramp_g3_5hz,g3_5hz,1,0,0,0,2,0.00025823300000000002,1.8872792217905499e-10,1.8872781115675252e-10,4.8926031969958341e-10,4.8926093405778933e-10,1,1,30.975950771835354,31.964863867328944,-0.010124611730720632,0.012478985621387172,0.064571838369536186,-0.16329725432004968,-0.44726779802897498,-0.0083833973801365064,-0.011396341516765832,0.013628627661917726,0.015727527354469598,-0.0098898694484511693,-0.001506472068314663,0.014678077508193662,0.0010494498462759357,-0.26554891959638199,-0.26559264422941758,0.0087223576956541732,-0.0054667368227559049,-0.0083833973801365879,0.013628627661917726,0.21229919000000017,-1.7846984198648108e-18,-0.26554891959638199,0.0087223576956541732,-0.011396341516765836,0.015727527354469618,-0.21230080999999998,6.238397656527922e-19,-0.2655926442294177,-0.0054667368227559049,-0.1632974422161807,-0.44726758586109777,-0.96928657460977108,0.0092898355779934671,-0.97199891583533837,0.0027123412255672941,0.65271234122556732,0.64728765877443273,0.64728765877443273,1.6418698729925434,0.062783711954426655,1.6393957458903228,0.0024741271022206135,0.75247412710222061,0.74752587289777939,0.74752587289777939,-0.066310007019745029,-0.32266261259128404,0,-0.066310007019745029,0.93368999298025501,1.0663100070197451,0.93368999298025501,-0.97947549801557565,0.077821170185865499,-0.98339093564557467,0.003915437629999019,0.65391543762999904,0.646084562370001,0.646084562370001,1.6408404898490949,-0.03321597887422402,1.6394010277077622,0.0014394621413327258,0.75143946214133273,0.74856053785866727,0.74856053785866727,-0.073324199861061617,-0.36814248212698519,0,-0.073324199861061617,0.92667580013893835,1.0733241998610616,0.92667580013893835,3,-1,-0.35743383477762125,-0.0092898355779934671,0.56693038189417966,-0.062783711954426655,0.066310007019745029,0.32266261259128404,-0.34724491137181668,-0.077821170185865499,0.56795976503762802,0.03321597887422402,0.073324199861061617,0.36814248212698519,0.57015152771048472,-0.063224819258920414,-0.57056852751748099,0.063453795058275184,-0.57119050931136706,-0.034539753035582314,-0.57161022393565208,-0.034348762564940072,0.066310007019745029,0.073324199861061617,-0.085930536609877442,0.00016914752350511461,0.31534258269941851,0.99985843885527215,-0.00029378471729702186,-0.016821692633278176,0.00021586428454385505,-0.00058759716183134588,-0.033644972888498569,0.00043174894223815065,-0.059235300728864203,-0.034124215372736057,0.010399033800442416,-0.18781084983758198,-0.00054966629096958499,0.0024283356309514723,0,0.0006509121321089939,0.00032545606340533796,0.00032545606870365595,0,-0.0098513811790808328,-0.0049256905956956637,-0.0049256905833851691,27.675229491866027,27.667590482918865,-0.0038195044846715772,-0.0038195044624907185,0.11327183296816838,0.1131831640858057,-4.4334441088232162e-05,-4.4334441274450837e-05,0,-1.3830586014388431e-06,-6.9152921841749488e-07,-6.9152938302134823e-07,0,-5.3914306656686981e-06,-2.6957153945216813e-06,-2.6957152711470169e-06,0,-0.00026472327038488952,-0.00013236164833302022,-0.0001323616220518693,0,-0.0098294817542148773,-0.0049147408831876063,-0.0049147408710272711,28.714612508133982,28.722058664051325,0.0037230779318611794,0.0037230779854816988,0.11327183296816838,0.11318231705181182,-4.4757958085157053e-05,-4.475795827140137e-05,0,-1.35308537687858e-06,-6.7654260673198689e-07,-6.7654277014659307e-07,0,-5.391402087799352e-06,-2.6957011063556669e-06,-2.6957009814436851e-06,-0.035099890580729501,9.9649001094192702,-3.1453124353604744,6.8546875646395256,-1.3830586005416523e-06,1.9999986169413995,0.015245222106715481,9.9847547778932846,-3.2595412894604308,6.7404587105395688,-1.3530853758209102e-06,1.9999986469146243,9.8513811913913268e-05
67,0.67000000000000048,tracking_ramp_g3_5hz,g3_5hz,1,0,0,0,2,0.00025962700000000001,7.2051926682263028e-11,7.2051926743461158e-11,1.1039504382075099e-10,1.1039536555392551e-10,1,1,30.967678267069239,31.96006110646956,-0.0099937998869884213,0.013081184373221018,0.060219875183384515,-0.17765231392281361,-0.45349919735234551,-0.0082436487647507117,-0.011238316957305258,0.014249652156975878,0.01593218192236754,-0.0097409828610279837,-0.001497334096277273,0.015090917039671709,0.00084126488269583091,-0.26545379740352076,-0.26566170217703089,0.010002141059150305,-0.0078447796347434796,-0.0082436487647507845,0.014249652156975863,0.21229918999999989,-9.7578195523695399e-18,-0.26545379740352049,0.010002141059150295,-0.011238316957305247,0.015932181922367523,-0.21230080999999976,3.5016342039492776e-18,-0.26566170217703061,-0.0078447796347434692,-0.17765252885890939,-0.45349895727206446,-0.96921571758383973,0.0059424927573845749,-0.97199891583533837,0.002783198251498642,0.65278319825149866,0.64721680174850138,0.64721680174850138,1.6425524112380403,0.071644275664488194,1.6393957458903228,0.0031566653477175244,0.75315666534771752,0.74684333465228248,0.74684333465228248,-0.069827203586429701,-0.37167953672439891,0,-0.069827203586429701,0.93017279641357031,1.0698272035864298,0.93017279641357031,-0.9786313972141949,0.08898744732030664,-0.98339093564557467,0.0047595384313797728,0.6547595384313798,0.64524046156862025,0.64524046156862025,1.6404091846155029,-0.049591684083941448,1.6394010277077622,0.0010081569077406982,0.7510081569077407,0.7489918430922593,0.7489918430922593,-0.077245000971118805,-0.40928763646394545,0,-0.077245000971118805,0.92275499902888125,1.0772450009711187,0.92275499902888125,3,-1,-0.3575046918035526,-0.0059424927573845749,0.56624784364868264,-0.071644275664488194,0.069827203586429701,0.37167953672439891,-0.34808901217319743,-0.08898744732030664,0.56839107027122016,0.049591684083941448,0.077245000971118805,0.40928763646394545,0.56946653811889081,-0.071751689435200786,-0.56988098865443704,0.072020228974774086,-0.57163283466152393,-0.050560105202345669,-0.57205043547326917,-0.050337538215889974,0.069827203586429701,0.077245000971118805,-0.086544827437477989,0.0002893141802218852,0.31533702614375547,0.99984118987273529,-0.0004897827570356821,-0.017812927855378673,0.00023398278264657744,-0.00097961737234027787,-0.035627741746126276,0.00046799033942390841,-0.062919918159843907,-0.042448634387298081,0.013046763973294091,-0.20529091713795089,-0.0005595706074845515,0.0033854110537812261,0,0.00071698597355035476,0.00035849298571038774,0.00035849298783996702,0,-0.011254213603553966,-0.0056271068050575716,-0.0056271067984963946,27.675229491866027,27.666517067431656,-0.0043562122100699293,-0.0043562122243013283,0.11327183296816838,0.11317051346373719,-5.0659752165078049e-05,-5.0659752266115703e-05,0,-1.301190652728732e-06,-6.5059528829888788e-07,-6.5059536442984411e-07,0,-6.2461823667023676e-06,-3.1230912037166451e-06,-3.1230911629857224e-06,0,-0.00034369629610286889,-0.0001718481525944515,-0.00017184814350841739,0,-0.011238218005892482,-0.005619109006199218,-0.0056191089996932642,28.714612508133982,28.723133907879937,0.0042606998715427231,0.004260699874412726,0.11327183296816838,0.11316966642226196,-5.1083272902684817e-05,-5.1083273003733232e-05,0,-1.2714430863634797e-06,-6.35721505250305e-07,-6.3572158111317466e-07,0,-6.2461506945164433e-06,-3.1230753684663571e-06,-3.1230753260500862e-06,-0.03591539605597116,9.9640846039440287,-3.1469375457597581,6.8530624542402414,-1.3011906521780221e-06,1.9999986988093479,0.014975756631639772,9.9850242433683594,-3.2597307146665115,6.740269285333488,-1.27144308600475e-06,1.9999987285569141,0.00011254213610115143
68,0.68000000000000049,tracking_ramp_g3_5hz,g3_5hz,1,0,0,0,2,0.00025756500000000002,2.0773760489589677e-10,2.0773760489589677e-10,4.0100235757581376e-10,4.0100216266257804e-10,1,1,30.965188228033668,31.967985906174668,-0.0098573869707071163,0.013641291628130502,0.056010725490948481,-0.19894171563065788,-0.48237883610191246,-0.00809741229801339,-0.011076244708974458,0.014927292095912176,0.016481876360157161,-0.009586828503493924,-0.001489416205480534,0.015704584228034668,0.00077729213212249237,-0.26534752027381092,-0.26575327108090752,0.011016833557392284,-0.0099896114996562858,-0.0080974122980133744,0.014927292095912143,0.21229918999999975,-1.007291580874814e-17,-0.26534752027381053,0.011016833557392266,-0.011076244708974387,0.016481876360157133,-0.21230080999999956,1.2068525432479271e-17,-0.26575327108090718,-0.0099896114996562597,-0.19894197104222244,-0.48237855408941654,-0.96917013458777479,0.0039614206152826098,-0.97199891583533837,0.0028287812475635832,0.65282878124756361,0.64717121875243644,0.64717121875243644,1.6433122392052273,0.078679267104853942,1.6393957458903228,0.0039164933149045122,0.75391649331490451,0.74608350668509549,0.74608350668509549,-0.073860635643213754,-0.42526344323538412,0,-0.073860635643213754,0.92613936435678623,1.0738606356432137,0.92613936435678623,-0.97767441081310213,0.10030159215326034,-0.98339093564557467,0.005716524832472536,0.65571652483247256,0.64428347516752749,0.64428347516752749,1.6398233277338232,-0.064284114249209129,1.6394010277077622,0.00042230002606102879,0.75042230002606103,0.74957769997393897,0.74957769997393897,-0.081636785887017463,-0.46062196663464111,0,-0.081636785887017463,0.9183632141129825,1.0816367858870175,0.9183632141129825,3,-1,-0.3575502747996176,-0.0039614206152826098,0.56548801568149565,-0.078679267104853942,0.073860635643213754,0.42526344323538412,-0.34904599857429019,-0.10030159215326034,0.56897692715289971,0.064284114249209129,0.081636785887017463,0.46062196663464111,0.56870781236264434,-0.078427511297183491,-0.56911945482899917,0.0787153246820151,-0.5722268287538953,-0.065009275156937801,-0.57264211011852351,-0.064772670332046769,0.073860635643213754,0.081636785887017463,-0.087197434640087113,0.00043371109424021739,0.31533136843452114,0.99982117588291197,-0.00072364353837236388,-0.018895150743164786,0.00025666034590582625,-0.0014473733528606169,-0.037792554253235952,0.00051335129204031944,-0.066851465805445279,-0.049529895237816431,0.015315864297809002,-0.22398216742839192,-0.00056949963575778691,0.0040603920102646107,0,0.00080870306431130023,0.00040435153306463785,0.00040435153124666239,0,-0.013349312383299703,-0.006674656192809574,-0.006674656190490129,27.675229491866027,27.664914137154298,-0.005157677333119213,-0.0051576773786095173,0.11327183296816838,0.11315162594459346,-6.0103511768286396e-05,-6.0103511806630575e-05,0,-1.2419739378633247e-06,-6.2098697162269005e-07,-6.2098696624063466e-07,0,-7.3675951786301075e-06,-3.6837975778896029e-06,-3.6837976007405045e-06,0,-0.00044231101419944796,-0.00022115550426906409,-0.00022115550993038387,0,-0.013343119593222329,-0.0066715597977824786,-0.0066715597954398508,28.714612508133982,28.724738863052565,0.005063177478741401,0.005063177439841646,0.11327183296816838,0.11315077889249356,-6.0527037818261352e-05,-6.0527037856561607e-05,0,-1.2117111901302101e-06,-6.058555975033656e-07,-6.0585559262684445e-07,0,-7.3675599054805804e-06,-3.6837799422348086e-06,-3.6837799632457717e-06,-0.036241473399874324,9.9637585266001256,-3.1483635804618029,6.8516364195381971,-1.2419739377989422e-06,1.9999987580260623,0.013696050782409715,9.9863039492175911,-3.2603211350467109,6.7396788649532891,-1.2117111901346405e-06,1.9999987882888099,0.00013349312385619149
69,0.6900000000000005,tracking_ramp_g3_5hz,g3_5hz,1,0,0,0,2,0.00027318900000000002,3.5718072943780044e-10,3.5718061841549797e-10,6.762623365159627e-10,6.7626267131206769e-10,1,1,30.961919268875135,31.977536223916793,-0.0097157765579683978,0.014161041273871904,0.051974964574140123,-0.22679198072996595,-0.53008828413327846,-0.0079442241985772846,-0.010907337373064815,0.015644199470075934,0.017267935258134706,-0.0094257807858210488,-0.0014815565872437651,0.01645606736410532,0.00081186789402938608,-0.26523255389576639,-0.26586429783888871,0.011786195729255154,-0.011797213159022968,-0.0079442241985772134,0.015644199470075882,0.21229918999999975,-1.1146953585866592e-17,-0.26523255389576594,0.011786195729255135,-0.010907337373064714,0.017267935258134717,-0.21230080999999953,4.6790100006327551e-18,-0.26586429783888821,-0.011797213159022935,-0.22679228719584943,-0.53008794914021107,-0.96913733062080443,0.0031993745566447867,-0.97199891583533837,0.002861585214533946,0.65286158521453397,0.64713841478546608,0.64713841478546608,1.6441323579016487,0.08402170141063528,1.6393957458903228,0.0047366120113259136,0.75473661201132591,0.74526338798867409,0.74526338798867409,-0.078467841730647678,-0.48536893317758051,0,-0.078467841730647678,0.92153215826935231,1.0784678417306477,0.92153215826935231,-0.97660847642059223,0.11093833561221106,-0.98339093564557467,0.00678245922498244,0.65678245922498246,0.64321754077501758,0.64321754077501758,1.6391045007445344,-0.076612614263777246,1.6394010277077622,-0.00029652696322779448,0.74970347303677221,0.75029652696322779,0.74970347303677221,-0.086608592505647647,-0.523324144343286,0,-0.086608592505647647,0.91339140749435233,1.0866085925056477,0.91339140749435233,3,-1,-0.3575830787665879,-0.0031993745566447867,0.56466789698507414,-0.08402170141063528,0.078467841730647678,0.48536893317758051,-0.35011193296680015,-0.11093833561221106,0.56969575414218854,0.076612614263777246,0.086608592505647647,0.523324144343286,0.56789220078619007,-0.083443675847834395,-0.56830087413605401,0.083747072243129703,-0.57295198843268513,-0.077194482807430548,-0.57336487107620893,-0.076952075766465511,0.078467841730647678,0.086608592505647647,-0.087890918316668412,0.00059835875540080246,0.31532559337940275,0.99979792932127842,-0.00098891862290198941,-0.020075920115769034,0.00028283625286135291,-0.0019779704775444861,-0.040154544953359829,0.00056571061074507537,-0.071045073031180239,-0.055280731078970406,0.017173682789326825,-0.2443879967968593,-0.00058189877938041683,0.0046019655809535374,0,0.00091271747232710143,0.000456358739279755,0.00045635873304734643,0,-0.016003525004565942,-0.008001762501790629,-0.0080017625027753135,27.675229491866027,27.662883626054455,-0.0061729328699939908,-0.0061729329415776083,0.11327183296816838,0.11312770261974338,-7.2065174217657982e-05,-7.2065174207345403e-05,0,-1.2025606033982364e-06,-6.0128034267176628e-07,-6.0128026072647013e-07,0,-8.6027350658106523e-06,-4.3013674959505009e-06,-4.3013675698601514e-06,0,-0.00054793832179883539,-0.00027396915151935668,-0.00027396917027947871,0,-0.016012844266756265,-0.008006422132932128,-0.0080064221338241367,28.714612508133982,28.726771478806263,0.0060794853727247902,0.0060794852995567647,0.11327183296816838,0.11312685555520838,-7.2488706485185011e-05,-7.2488706474818982e-05,0,-1.1711932507252429e-06,-5.8559666579641852e-07,-5.8559658492882441e-07,0,-8.6026957230363882e-06,-4.3013478255662847e-06,-4.3013478974701035e-06,-0.036190992480929551,9.9638090075190711,-3.149644194134622,6.8503558058653784,-1.2025606035816521e-06,1.9999987974393965,0.011581203670556241,9.9884187963294444,-3.2612434636033152,6.7387565363966848,-1.1711932508548722e-06,1.9999988288067492,0.00016012844265864257
70,0.70000000000000051,tracking_ramp_g3_5hz,g3_5hz,1,0,0,0,2,0.00025884299999999997,4.9254123002384631e-10,4.9254123002384631e-10,9.6645758858437117e-10,9.6645899003556488e-10,1,1,30.95552325128169,31.984319555221326,-0.0095693528707034188,0.014642368726497816,0.048132745262591259,-0.26143357913300314,-0.59489000088060373,-0.0077837331822284807,-0.010729624833708594,0.016394745176832148,0.018227979105945272,-0.0092566790079685376,-0.0014729458257400564,0.01731136214138871,0.00091661696455656166,-0.26511153671874671,-0.26599124576924682,0.012275213247575488,-0.013246644474408466,-0.0077837331822284053,0.016394745176832096,0.21229918999999961,-2.0708261494473135e-17,-0.2651115367187461,0.012275213247575458,-0.010729624833708654,0.01822797910594523,-0.21230080999999942,1.7726705520137997e-17,-0.26599124576924621,-0.013246644474408436,-0.26143394510067369,-0.59488960403925584,-0.96910446231835912,0.0037875816566466654,-0.97199891583533837,0.0028944535169792562,0.65289445351697928,0.64710554648302077,0.64710554648302077,1.6449945681839619,0.08743110503234211,1.6393957458903228,0.0055988222936391718,0.75559882229363917,0.74440117770636083,0.74440117770636083,-0.08372523509485541,-0.55388949983721569,0,-0.08372523509485541,0.91627476490514459,1.0837252350948554,0.91627476490514459,-0.97544242077919385,0.12059512475641332,-0.98339093564557467,0.0079485148663808181,0.65794851486638084,0.6420514851336192,0.6420514851336192,1.6382773537641788,-0.086452454975752865,1.6394010277077622,-0.0011236739435833698,0.74887632605641663,0.75112367394358337,0.74887632605641663,-0.092282501256209251,-0.59883970693064248,0,-0.092282501256209251,0.90771749874379071,1.0922825012562092,0.90771749874379071,3,-1,-0.35761594706903327,-0.0037875816566466654,0.56380568670276099,-0.08743110503234211,0.08372523509485541,0.55388949983721569,-0.35127798860819842,-0.12059512475641332,0.57052290112254411,0.086452454975752865,0.092282501256209251,0.59883970693064248,0.56703749104907564,-0.086569741224798574,-0.567443010161362,0.086894331716214315,-0.57378449264175102,-0.086962941909633357,-0.5741949113250463,-0.086712047702132339,0.08372523509485541,0.092282501256209251,-0.088628004861908138,0.00077893773810439092,0.31531966607382872,0.99977087313896029,-0.001278658074552219,-0.021365133053008759,0.0003120033906858239,-0.0025575114836144191,-0.042733529955735164,0.00062405444464507876,-0.07551844131575973,-0.059597450258259944,0.018585602728498865,-0.26695310488992746,-0.00059834945565647747,0.0051069782784442823,0,0.0010181723566512757,0.00050908618405940613,0.00050908617259186957,0,-0.019116053323074839,-0.0095580266596182305,-0.0095580266634566081,27.675229491866027,27.660502384422941,-0.0073635536738552851,-0.0073635537692308553,0.11327183296816838,0.11309964901568526,-8.609197626777841e-05,-8.6091976215348047e-05,0,-1.1826796443795292e-06,-5.9133990282457563e-07,-5.9133974155495355e-07,0,-9.8243125895877519e-06,-4.9121562355540213e-06,-4.9121563540337306e-06,0,-0.00064981527117108362,-0.00032490761978840727,-0.00032490765138267635,0,-0.019148179419396234,-0.0095740897078593346,-0.0095740897115368997,28.714612508133982,28.729154814607575,0.0072711532887878814,0.0072711531848057877,0.11327183296816838,0.11309880193802588,-8.6515515097438181e-05,-8.6515515045065469e-05,0,-1.1497000309846077e-06,-5.7485009532533807e-07,-5.7484993565926964e-07,0,-9.8242687856266425e-06,-4.9121343346671682e-06,-4.9121344509594742e-06,-0.035830843691714451,9.9641691563082855,-3.1508040456721478,6.8491959543278522,-1.1826796449469803e-06,1.9999988173203551,0.0087183616232767002,9.9912816383767229,-3.2624796452413101,6.7375203547586899,-1.1497000315958807e-06,1.9999988502999684,0.0001914817941571867
71,0.71000000000000052,tracking_ramp_g3_5hz,g3_5hz,1,0,0,0,2,0.00025636300000000001,6.3209093514871029e-10,6.3209082412640782e-10,1.2677290524943379e-09,1.2677227559285245e-09,1,1,30.94527497874202,31.986684266270057,-0.0094184795735243517,0.015087329717906668,0.044496099140885204,-0.30399027332456563,-0.67705942945780295,-0.0076155656520254618,-0.010541534656923793,0.017187480794722584,0.019338226771814793,-0.009078550154474627,-0.0014629845024491657,0.018262853783268689,0.0010753729885461041,-0.26498759128499094,-0.2661305896629978,0.012429272894465264,-0.014349805526612691,-0.0076155656520254991,0.017187480794722577,0.21229918999999961,-2.0050963927403798e-17,-0.26498759128499039,0.012429272894465215,-0.010541534656923889,0.019338226771814723,-0.21230080999999951,1.9773137120704387e-17,-0.26613058966299724,-0.014349805526612641,-0.3039907056650763,-0.67705896345780425,-0.96905652291268396,0.0059909535385551027,-0.97199891583533837,0.0029423929226544132,0.65294239292265444,0.64705760707734561,0.64705760707734561,1.6458773656188681,0.088535894870374957,1.6393957458903228,0.0064816197285453292,0.75648161972854533,0.74351838027145467,0.74351838027145467,-0.089729597710017567,-0.63298682358041658,0,-0.089729597710017567,0.91027040228998246,1.0897295977100177,0.91027040228998246,-0.97418635426464306,0.12924542592539401,-0.98339093564557467,0.009204581380931609,0.65920458138093163,0.64079541861906841,0.64079541861906841,1.6373663350332137,-0.093892929407255646,1.6394010277077622,-0.0020346926745484772,0.74796530732545152,0.75203469267454848,0.74796530732545152,-0.09879804185731153,-0.68914591821355042,0,-0.09879804185731153,0.90120195814268844,1.0987980418573116,0.90120195814268844,3,-1,-0.35766388647470831,-0.0059909535385551027,0.56292288926785494,-0.088535894870374957,0.089729597710017567,0.63298682358041658,-0.35253405512274927,-0.12924542592539401,0.57143391985350933,0.093892929407255646,0.09879804185731153,0.68914591821355042,0.56616480629743093,-0.087424861997249415,-0.56656690243380714,0.087780357673970189,-0.57470047692363768,-0.094382815011138002,-0.57510829432789623,-0.094113753410716927,0.089729597710017567,0.09879804185731153,-0.08941161432949557,0.00097077974530303387,0.31531353725273559,0.99973930316436821,-0.0015853732644212283,-0.022774853718170306,0.00034400312661114432,-0.0031710220921069465,-0.045553666070675944,0.00068806604647520322,-0.080292071755623418,-0.062372639386175086,0.019516748130511956,-0.29210430703921147,-0.00062020883240835256,0.0056400843430955919,0,0.0011162032162216617,0.00055810161718059935,0.00055810159904106239,0,-0.022609833684617376,-0.011304916838998685,-0.011304916845618691,27.675229491866027,27.657828818480699,-0.0087003366326170676,-0.0087003367527111793,0.11327183296816838,0.11306815337032036,-0.00010183979897070252,-0.00010183979887731685,0,-1.1840549430450079e-06,-5.9202759784117747e-07,-5.9202734520383042e-07,0,-1.0925530980973337e-05,-5.4627654096765835e-06,-5.4627655712967531e-06,0,-0.0007386660806683043,-0.00036933301751290411,-0.00036933306315540019,0,-0.022673303738921603,-0.011336651866268276,-0.011336651872653328,28.714612508133982,28.731830386725367,0.0086089393634676981,0.0086089392279173182,0.11327183296816838,0.11306730627972893,-0.000102263344266443,-0.00010226334417301177,0,-1.1489835147621412e-06,-5.7449188267636391e-07,-5.7449163208577733e-07,0,-1.0925482424376876e-05,-5.4627411325776874e-06,-5.4627412917991885e-06,-0.035199070981358077,9.9648009290186419,-3.1518464220789055,6.848153577921094,-1.1840549442354913e-06,1.9999988159450557,0.0051185219054944798,9.9948814780945057,-3.2640520400837802,6.7359479599162198,-1.1489835160167671e-06,1.9999988510164839,0.00022673303732536552
72,0.72000000000000053,tracking_ramp_g3_5hz,g3_5hz,1,0,0,0,2,0.000267951,7.9097572935893368e-10,7.9097561833663121e-10,1.6131961352155312e-09,1.61320036796354e-09,1,1,30.930850726170767,31.9837853934165,-0.0092634991975807952,0.015498037594355593,0.041070787644892533,-0.35644333576328907,-0.77854168841467786,-0.0074391980977780584,-0.01034156855311918,0.018042540551091016,0.020602925276730466,-0.0088903833254486194,-0.0014511852276705606,0.019322732913910741,0.0012801923628197251,-0.26486443196097603,-0.266279013290322,0.012186875068733914,-0.015132476235525296,-0.0074391980977780471,0.018042540551091033,0.21229918999999975,-1.1431556656144037e-17,-0.26486443196097564,0.012186875068733906,-0.010341568553119195,0.020602925276730466,-0.2123008099999997,6.7491585237222651e-18,-0.26627901329032166,-0.015132476235525284,-0.35644384019155134,-0.77854114702223176,-0.9689754385396665,0.01014382534186928,-0.97199891583533837,0.0030234772956718725,0.65302347729567189,0.64697652270432815,0.64697652270432815,1.6467552318788194,0.086919940724701619,1.6393957458903228,0.0073594859884966723,0.75735948598849667,0.74264051401150333,0.74264051401150333,-0.09660204623873353,-0.72529558076189415,0,-0.09660204623873353,0.90339795376126641,1.0966020462387336,0.90339795376126641,-0.97284969747657979,0.13701961898805062,-0.98339093564557467,0.010541238168994882,0.6605412381689949,0.63945876183100514,0.63945876183100514,1.6363944269302699,-0.099111100544698738,1.6394010277077622,-0.0030066007774922632,0.74699339922250774,0.75300660077749226,0.74699339922250774,-0.10631842605667301,-0.79689272588858306,0,-0.10631842605667301,0.89368157394332703,1.106318426056673,0.89368157394332703,3,-1,-0.35774497084772577,-0.01014382534186928,0.5620450230079036,-0.086919940724701619,0.09660204623873353,0.72529558076189415,-0.35387071191081254,-0.13701961898805062,0.5724058279564529,0.099111100544698738,0.10631842605667301,0.79689272588858306,0.56529941522378913,-0.085578168738063801,-0.56569771199184793,0.085975857141897816,-0.57567739113600591,-0.099619749184228376,-0.5760823484414529,-0.099319017951798899,0.09660204623873353,0.10631842605667301,-0.090244888500222539,0.0011688722652611107,0.31530714307993041,0.99970236133171608,-0.001901038507665351,-0.024319359250934595,0.00037890105164248527,-0.0038024542752924644,-0.048643544664255745,0.00075787729597342893,-0.085389252666126944,-0.06350086224257076,0.019933131153677282,-0.32029586573227092,-0.00064897997746119255,0.0062476832454875638,0,0.0011995666415649808,0.00059978333426376836,0.00059978330730121247,0,-0.02642431392959874,-0.013212156959993039,-0.0132121569696057,27.675229491866027,27.65490853415692,-0.010160478780326205,-0.010160478928780374,0.11327183296816838,0.11303375313778871,-0.00011903991525862103,-0.00011903991512104892,0,-1.2098767449567538e-06,-6.0493855537252023e-07,-6.0493818958423352e-07,0,-1.1816440102838501e-05,-5.9082199476949499e-06,-5.9082201551435509e-06,0,-0.00080645361696202178,-0.00040322677731558865,-0.00040322683964643313,0,-0.026528465893198731,-0.013264232941954069,-0.013264232951244662,28.714612508133982,28.734752517996984,0.010070005017131053,0.010070004845871408,0.11327183296816838,0.1130329060351086,-0.00011946346659866708,-0.00011946346646111555,0,-1.1722223348232901e-06,-5.861113490204231e-07,-5.8611098580286698e-07,0,-1.1816386618009088e-05,-5.908193206589904e-06,-5.9081934114191843e-06,-0.034315335321291392,9.9656846646787081,-3.1527590494173356,6.8472409505826644,-1.2098767466796503e-06,1.9999987901232532,0.00073231771461405534,9.9992676822853852,-3.2660133658423876,6.7339866341576124,-1.1722223364566121e-06,1.9999988277776635,0.0002652846588390814
73,0.73000000000000054,tracking_ramp_g3_5hz,g3_5hz,1,0,0,0,2,0.00025896799999999999,9.8071295528967539e-10,9.8071295528967539e-10,2.0294606404422233e-09,2.0294583582712908e-09,1,1,30.911770424376421,31.974687261629498,-0.009104733042943132,0.015876615463766303,0.037857786941070982,-0.42152924332436914,-0.90261972387030709,-0.0072538598103343106,-0.010128075213773874,0.018988462231412401,0.022045477311767661,-0.0086909675120540927,-0.0014371077017197816,0.020516969771590031,0.0015285075401776302,-0.26474641598728893,-0.26643351881749955,0.011481662787496787,-0.015630779751056555,-0.0072538598103342542,0.018988462231412276,0.21229918999999944,-1.9928991182999178e-17,-0.26474641598728815,0.011481662787496728,-0.010128075213773818,0.022045477311767491,-0.21230080999999934,3.0127267867940954e-17,-0.26643351881749888,-0.015630779751056478,-0.42152982472791101,-0.90261910154729008,-0.96883951539644908,0.016630186911704977,-0.97199891583533837,0.0031594004388892927,0.65315940043888931,0.64684059956111073,0.64684059956111073,1.647598305659794,0.082135402742890801,1.6393957458903228,0.0082025597694712626,0.75820255976947126,0.74179744023052874,0.74179744023052874,-0.10449369258493466,-0.83407534238103553,0,-0.10449369258493466,0.89550630741506532,1.1044936925849347,0.89550630741506532,-0.97143992152365866,0.14415936200889259,-0.98339093564557467,0.011951014121916015,0.66195101412191604,0.63804898587808401,0.63804898587808401,1.6353824498863685,-0.10235100692735127,1.6394010277077622,-0.0040185778213936985,0.7459814221786063,0.7540185778213937,0.7459814221786063,-0.11503787020298671,-0.92549737313566516,0,-0.11503787020298671,0.88496212979701327,1.1150378702029866,0.88496212979701327,3,-1,-0.35788089399094331,-0.016630186911704977,0.5612019492269289,-0.082135402742890801,0.10449369258493466,0.83407534238103553,-0.35528048786373362,-0.14415936200889259,0.57341780500035455,0.10235100692735127,0.11503787020298671,0.92549737313566516,0.56447107723316703,-0.080567337074568632,-0.56486508007635217,0.08101938425129511,-0.57669477902954469,-0.10291358627033238,-0.57709646799241077,-0.10256535244955456,0.10449369258493466,0.11503787020298671,-0.091131219098351077,0.0013678720301829094,0.31530040216422767,0.99965899673675573,-0.002217111038040885,-0.026015396253643314,0.00041691686560574873,-0.0044347261729078711,-0.052036707537457066,0.00083392852414928631,-0.090836100797493019,-0.062881506549496355,0.019802369400797243,-0.35204964595598026,-0.00068654177983387557,0.0069669245626397067,0,0.0012624304866221958,0.00063121526267467939,0.00063121522394751642,0,-0.030510222177091657,-0.01525511108203177,-0.015255111095059887,27.675229491866027,27.651778522188131,-0.011725484747693121,-0.011725484930202607,0.11327183296816838,0.11299688429921065,-0.00013747433457284353,-0.00013747433438488998,0,-1.2645051839854714e-06,-6.3225284723781278e-07,-6.3225233674765858e-07,0,-1.2421910568681093e-05,-6.2109551546167476e-06,-6.2109554140643455e-06,0,-0.00084624490026835586,-0.00042312240860878153,-0.00042312249165957433,0,-0.030664666847275927,-0.015332333417338343,-0.015332333429937584,28.714612508133982,28.737884148774981,0.011635820427354256,0.011635820213644925,0.11327183296816838,0.11299603718571476,-0.00013789789132080858,-0.00013789789113281644,0,-1.2237357145080448e-06,-6.1186811096696123e-07,-6.1186760354108361e-07,0,-1.2421852109551629e-05,-6.2109259264902291e-06,-6.2109261830613996e-06,-0.033187489058635028,9.9668125109413648,-3.1535180734480823,6.8464819265519177,-1.2645051866118764e-06,1.9999987354948134,-0.0045366044835260808,9.9954633955164738,-3.26843855190647,6.7315614480935295,-1.2237357170218633e-06,1.999998776264283,0.00030664666834676686
74,0.74000000000000055,tracking_ramp_g3_5hz,g3_5hz,1,0,0,0,2,0.00025890199999999998,1.2161018858591888e-09,1.2161019968814912e-09,2.5494259445599043e-09,2.5494305206274543e-09,1,1,30.887101824272907,31.962004019563352,-0.0089424814407873844,0.016225160215574738,0.034854475180843419,-0.50324959920213708,-1.0540499960783904,-0.0070584449649460966,-0.0098990850984282935,0.020068900644368129,0.023707984394170822,-0.0084787650316871955,-0.0014203200667410984,0.021888442519269476,0.0018195418749013467,-0.26463860652980631,-0.2665915436434878,0.010240291267794245,-0.015891949448564306,-0.0070584449649460793,0.020068900644368136,0.21229918999999953,-1.265128410019023e-17,-0.26463860652980581,0.010240291267794233,-0.0098990850984282935,0.023707984394170777,-0.21230080999999937,2.507217523872729e-17,-0.26659154364348719,-0.015891949448564265,-0.50325026178160537,-1.0540492877732643,-0.96862286622484528,0.02591654976084827,-0.97199891583533837,0.0033760496104930926,0.65337604961049311,0.64662395038950693,0.64662395038950693,1.6483719633447376,0.07368855428580047,1.6393957458903228,0.0089762174544147921,0.75897621745441479,0.74102378254558521,0.74102378254558521,-0.11359272621898268,-0.96335969354465423,0,-0.11359272621898268,0.88640727378101736,1.1135927262189826,0.88640727378101736,-0.9699614655146982,0.15101964893409539,-0.98339093564557467,0.013429470130876475,0.6634294701308765,0.63657052986912355,0.63657052986912355,1.6343482871237178,-0.10393029312142971,1.6394010277077622,-0.0050527405840443684,0.74494725941595563,0.75505274058404437,0.74494725941595563,-0.12519007617260289,-1.079379809641847,0,-0.12519007617260289,0.87480992382739708,1.1251900761726028,0.87480992382739708,3,-1,-0.35809754316254705,-0.02591654976084827,0.56042829154198537,-0.07368855428580047,0.11359272621898268,0.96335969354465423,-0.35675894387269408,-0.15101964893409539,0.574451967763005,0.10393029312142971,0.12519007617260289,1.079379809641847,0.563714432995294,-0.071893059911982304,-0.56410351965789429,0.072412572537486244,-0.57773512995971543,-0.10459329222247714,-0.57813296974557471,-0.10417852618519115,0.11359272621898268,0.12519007617260289,-0.092074277550137987,0.0015621272355202161,0.31529321052457471,0.99960791113272685,-0.0025245659453294452,-0.027882618354416282,0.00045843358873385096,-0.0050497918969737441,-0.055772526161588828,0.00091698702740232723,-0.096661851585151101,-0.060427563507106034,0.019095936914775513,-0.38798893966454517,-0.00073538642713680952,0.0078776523152768556,0,0.0013000827020894223,0.00065004137843939209,0.00065004132365003024,0,-0.03482073498530365,-0.017410367484178357,-0.017410367501125294,27.675229491866027,27.648474149979034,-0.013377670830913169,-0.013377671056079853,0.11327183296816838,0.11295796365403465,-0.00015693465718976462,-0.0001569346569439627,0,-1.3536430829689822e-06,-6.7682189189797459e-07,-6.7682119107100765e-07,0,-1.2677901305645136e-05,-6.3389504929447748e-06,-6.3389508127003612e-06,0,-0.00085186798175651557,-0.00042593393610604622,-0.00042593404565046934,0,-0.035034718094088181,-0.017517359038850329,-0.017517359055237852,28.714612508133982,28.741189852811488,0.013288672471747564,0.013288672205758157,0.11327183296816838,0.11295711653130625,-0.00015735821855404248,-0.00015735821830809387,0,-1.3091738567189897e-06,-6.5458727693393382e-07,-6.5458657978505583e-07,0,-1.2677837984195707e-05,-6.3389188338076015e-06,-6.3389191503881052e-06,-0.031835033937091646,9.9681649660629077,-3.1541007304552577,6.8458992695447423,-1.3536430862577374e-06,1.9999986463569137,-0.01081911850959166,9.9891808814904088,-3.2714165938301987,6.7285834061698013,-1.3091738600872464e-06,1.99999869082614,0.00035034718077700658
75,0.75000000000000056,tracking_ramp_g3_5hz,g3_5hz,1,0,0,0,2,0.000264963,1.8115294819764927e-09,1.8115293709541902e-09,3.8826310112414993e-09,3.8826412381603634e-09,1,1,30.859034726043717,31.949225006885371,-0.0087770242808133392,0.016545715997404512,0.032055578182977468,-0.61762002794214044,-1.2747090113681747,-0.0068504757154933104,-0.009649887192358762,0.02149739416473162,0.026180495085176433,-0.0082501814539260362,-0.0013997057384327258,0.023838944624954027,0.0023415504602224066,-0.26454660527377344,-0.26675061020053265,0.0084403290225797314,-0.015888226286978398,-0.0068504757154934284,0.021497394164731596,0.21229918999999964,-1.1946552688074652e-17,-0.26454660527377277,0.0084403290225796932,-0.0096498871923587706,0.026180495085176409,-0.21230080999999953,2.4191260973582818e-17,-0.26675061020053215,-0.01588822628697837,-0.61762078879554139,-1.274708197926723,-0.96829250548637069,0.038844732602623118,-0.97199891583533837,0.0037064103489676814,0.6537064103489677,0.64629358965103234,0.64629358965103234,1.6490381294090162,0.061460894927132415,1.6393957458903228,0.0096423835186933982,0.7596423835186934,0.7403576164813066,0.7403576164813066,-0.1241348276685153,-1.1184779686034667,0,-0.1241348276685153,0.87586517233148475,1.1241348276685152,0.87586517233148475,-0.96840894281831968,0.1595100955575271,-0.98339093564557467,0.014981992827254986,0.66498199282725501,0.63501800717274504,0.63501800717274504,1.633309853947901,-0.10352359197149918,1.6394010277077622,-0.0060911737598612348,0.74390882624013877,0.75609117375986123,0.74390882624013877,-0.13712364612678618,-1.2793760076288831,0,-0.13712364612678618,0.86287635387321382,1.1371236461267862,0.86287635387321382,3,-1,-0.35842790390102158,-0.038844732602623118,0.55976212547770676,-0.061460894927132415,0.1241348276685153,1.1184779686034667,-0.35831146656907265,-0.1595100955575271,0.57549040093882209,0.10352359197149918,0.13712364612678618,1.2793760076288831,0.56306702954438204,-0.059530019809159972,-0.56345045404392069,0.060129240917300208,-0.57878235248574372,-0.10459484911221234,-0.57917536634426303,-0.1040515563872714,0.1241348276685153,0.13712364612678618,-0.09307806719623149,0.0017461464757379521,0.31528541914841884,0.99954747922431242,-0.0028146094913186486,-0.029944250642833955,0.00050656013724866651,-0.0056300682492104398,-0.059897536518160086,0.0010132731214884266,-0.10290336098700473,-0.056384032981507279,0.017883373800655286,-0.42889290064197905,-0.00080206010651275191,0.0098937977208803651,0,0.0013252202925138346,0.00066261018895200498,0.00066261010356182958,0,-0.039984651754049819,-0.019992325862250974,-0.019992325891798845,27.675229491866027,27.644514250449255,-0.015357620543408472,-0.015357620873363261,0.11327183296816838,0.11291131895822604,-0.00018025700518684471,-0.00018025700475550013,0,-1.495466314451637e-06,-7.4773372145086016e-07,-7.4773259300077686e-07,0,-1.2701281311396865e-05,-6.3506403970791219e-06,-6.350640914317743e-06,0,-0.00083047952812534409,-0.00041523967701214537,-0.00041523985111319872,0,-0.040271482560230734,-0.020135741265823258,-0.020135741294407476,28.714612508133982,28.745151797614074,0.015269644940944214,0.015269644539148221,0.11327183296816838,0.11291047182780954,-0.00018068057039517907,-0.00018068056996366108,0,-1.4454341832787507e-06,-7.2271765309108152e-07,-7.2271653018766916e-07,0,-1.2701213148955028e-05,-6.3506063176005546e-06,-6.3506068313544737e-06,-0.029403407961361316,9.970596592038639,-3.1539785023274272,6.8460214976725728,-1.4954663199424883e-06,1.9999985045336801,-0.019959055536768758,9.9800409444632319,-3.2759923610799224,6.724007638920078,-1.4454341887182015e-06,1.9999985545658112,0.00040271482531646516
76,0.76000000000000056,tracking_ramp_g3_5hz,g3_5hz,1,0,0,0,2,0.000263916,3.679947901957803e-09,3.679947901957803e-09,7.8323081944668078e-09,7.8323210162215147e-09,1,1,30.836008164441964,31.888427744188107,-0.0086117800023152412,0.016524427849809863,-0.0021288147594649559,-0.85247095172314458,-1.6725976395664843,-0.0066245724861926491,-0.0093678189282052869,0.023716984475663908,0.030112672748534602,-0.0079961957071989671,-0.0013716232210063189,0.026914828612099255,0.0031978441364353474,-0.264475291793555,-0.26690926458933256,0.0062186312440596549,-0.015904119078772632,-0.0066245724861925884,0.023716984475663807,0.21229918999999939,-1.0313473165768361e-17,-0.26447529179355417,0.0062186312440596202,-0.0093678189282051429,0.030112672748534422,-0.21230080999999931,3.244475001162872e-17,-0.26690926458933173,-0.015904119078772552,-0.85247183742474231,-1.6725966881648824,-0.96780841359322745,0.056377992814080187,-0.97199891583533837,0.0041905022421109273,0.65419050224211095,0.64580949775788909,0.64580949775788909,1.649564115210711,0.046454242271147306,1.6393957458903228,0.010168369320388226,0.76016836932038823,0.73983163067961177,0.73983163067961177,-0.13645727767751459,-1.3158283643410549,0,-0.13645727767751459,0.86354272232248541,1.1364572776775146,0.86354272232248541,-0.9667450845680241,0.17312179900824157,-0.98339093564557467,0.016645851077550566,0.66664585107755059,0.63335414892244946,0.63335414892244946,1.6322797058777574,-0.10297228840632294,1.6394010277077622,-0.0071213218300048009,0.7428786781699952,0.7571213218300048,0.7428786781699952,-0.15151058423487612,-1.5571939421506595,0,-0.15151058423487612,0.84848941576512393,1.1515105842348761,0.84848941576512393,3,-1,-0.35891199579416494,-0.056377992814080187,0.55923613967601205,-0.046454242271147306,0.13645727767751459,1.3158283643410549,-0.35997532481936828,-0.17312179900824157,0.57652054900896554,0.10297228840632294,0.15151058423487612,1.5571939421506595,0.56256116065941253,-0.044349642628879235,-0.56293790463078308,0.045073087153296616,-0.57982741962203321,-0.10476107834102608,-0.58021376702152971,-0.10399685050585268,0.13645727767751459,0.15151058423487612,-0.094146955601798463,0.0019159050675645799,0.31527678266267384,0.9994755598605245,-0.0030807424080985597,-0.032230284880582168,0.00056833460340079307,-0.0061625621521852634,-0.06447184069563737,0.0011368679534802899,-0.1095956315226226,-0.051285453544270151,0.016337165776555671,-0.47649635253163497,-0.00089709395601103906,0.013560051073547616,0,0.0013513625543077057,0.00067568137737987,0.00067568117692783569,0,-0.046504049664314803,-0.023252024807640728,-0.023252024856674075,27.675229491866027,27.639517423697544,-0.017856033742435967,-0.017856034426046635,0.11327183296816838,0.11285244293697289,-0.00020969501595794694,-0.00020969501523754929,0,-1.7353451787700575e-06,-8.6767380343628562e-07,-8.6767137533377185e-07,0,-1.2563284372462367e-05,-6.281641763175391e-06,-6.2816426092869765e-06,0,-0.00078062760848754409,-0.00039031363107440285,-0.00039031397741314124,0,-0.046881821770008082,-0.023440910861304103,-0.023440910908703979,28.714612508133982,28.75015403988559,0.017770766277347246,0.0177707654742611,0.11327183296816838,0.11285159580340574,-0.00021011858274156247,-0.00021011858202107548,0,-1.6769029218884502e-06,-8.3845267081004327e-07,-8.3845025107840693e-07,0,-1.2563213491789292e-05,-6.2816063247670771e-06,-6.2816071670222147e-06,-0.026484419174778642,9.9735155808252216,-3.1533984010541478,6.8466015989458526,-1.7353451908370294e-06,1.9999982646548091,-0.034707682528506138,9.9652923174714942,-3.283660976794216,6.7163390232057836,-1.6769029335140202e-06,1.9999983230970664,0.00046881821722608209
77,0.77000000000000057,tracking_ramp_g3_5hz,g3_5hz,1,0,0,0,2,0.00025888000000000002,4.7001970093774048e-09,4.7001968983551023e-09,1.0049423870757672e-08,1.0049421718372379e-08,1,1,30.77785156973755,31.781909292062174,-0.0084493045353959267,0.016247546691931417,-0.027688115787844608,-1.1718152065388714,-2.1694435795187554,-0.0063725079888519217,-0.0090428775524869151,0.026708574878842789,0.034784542882736885,-0.0077076927706694184,-0.0013351847818174967,0.030746558880789837,0.0040379840019470481,-0.26442801436475494,-0.26707132663187017,0.0036593914089911861,-0.016544782148786415,-0.0063725079888518627,0.026708574878842657,0.21229918999999961,-8.7210512249302763e-18,-0.26442801436475427,0.003659391408991177,-0.0090428775524868856,0.034784542882736726,-0.21230080999999937,2.6359665318553827e-17,-0.26707132663186961,-0.016544782148786331,-1.1718162228427276,-2.1694424809588706,-0.96712715147536632,0.078093705155018733,-0.97199891583533837,0.0048717643599720528,0.65487176435997208,0.64512823564002797,0.64512823564002797,1.6499280351258696,0.029220277365352192,1.6393957458903228,0.010532289235546832,0.76053228923554683,0.73946771076445317,0.73946771076445317,-0.15120169166887246,-1.5917909403234225,0,-0.15120169166887246,0.84879830833112757,1.1512016916688725,0.84879830833112757,-0.96491851492587088,0.19204522155977827,-0.98339093564557467,0.018472420719703786,0.66847242071970381,0.63152757928029624,0.63152757928029624,1.6312329661971718,-0.10666822383790417,1.6394010277077622,-0.008168061510590352,0.74183193848940965,0.75816806151059035,0.74183193848940965,-0.16919369161171768,-1.923670668398054,0,-0.16919369161171768,0.83080630838828229,1.1691936916117176,0.83080630838828229,3,-1,-0.35959325791202601,-0.078093705155018733,0.55887221976085333,-0.029220277365352192,0.15120169166887246,1.5917909403234225,-0.36180189446152144,-0.19204522155977827,0.57756728868955121,0.10666822383790417,0.16919369161171768,1.923670668398054,0.56222031082847235,-0.026723868065722849,-0.56258859993676091,0.027662909079237016,-0.58089690891178147,-0.10925657062252446,-0.58127395191375131,-0.10819978201455752,0.15120169166887246,0.16919369161171768,-0.095285454048465973,0.0020690175120004661,0.31526693801157152,0.99938895928076543,-0.0033193373948378277,-0.03478887411059961,0.00065138704604123453,-0.0066400272871265844,-0.069591923298318065,0.0013030395062945672,-0.11673895391304534,-0.045761783067706396,0.014608129573395016,-0.53570549562838565,-0.0010325500551699837,0.018604729506274866,0,0.0013439503607677594,0.00067197532596459852,0.0006719750348031609,0,-0.05325410194533868,-0.026627050945389242,-0.026627050999949439,27.675229491866027,27.634345557533919,-0.020441966724556213,-0.020441967607551473,0.11327183296816838,0.1127915137098891,-0.00024015962954093749,-0.0002401596287383423,0,-2.0391357504720192e-06,-1.0195695481868131e-06,-1.0195662022852061e-06,0,-1.1918039074136156e-05,-5.9590190558429005e-06,-5.9590200182932551e-06,0,-0.00067810469074469637,-0.00033905211639582262,-0.00033905257434887375,0,-0.053732489574706499,-0.026866244761013448,-0.026866244813693051,28.714612508133982,28.755329904708965,0.020358698795251737,0.020358697779731674,0.11327183296816838,0.11279066656862909,-0.00024058320017098707,-0.00024058319936830856,0,-1.9714917544315803e-06,-9.857475456044869e-07,-9.8574420882709337e-07,0,-1.1917964565485387e-05,-5.9589818036757013e-06,-5.9589827618096861e-06,-0.024265893415819639,9.9757341065841807,-3.1530920425959024,6.8469079574040972,-2.0391357665462296e-06,1.9999979608642335,-0.051958570489122335,9.9480414295108783,-3.2927013178966007,6.7072986821033993,-1.9714917705569175e-06,1.9999980285082295,0.00053732489522026895
78,0.78000000000000058,tracking_ramp_g3_5hz,g3_5hz,1,0,0,0,2,0.00028500500000000001,5.7312391499309001e-09,5.7312391499309001e-09,1.2433341913953681e-08,1.2433361962936994e-08,1,1,30.674472560337161,31.623259144346736,-0.0082914677115395914,0.015783682385633494,-0.046386430629792239,-1.5785007753973475,-2.7778317727600736,-0.006086914684145673,-0.0086671377098863894,0.030412925397450136,0.04028307186588187,-0.0073770261970160312,-0.0012901115128703582,0.035347998631666003,0.0049350732342158671,-0.26441064480903131,-0.26724646810261943,0.00030938822844461464,-0.018384743828276599,-0.0060869146841456175,0.030412925397450021,0.2122991899999995,-2.8866882842426556e-18,-0.2644106448090307,0.00030938822844464803,-0.0086671377098863234,0.040283071865881703,-0.21230080999999942,1.7008421580866351e-17,-0.26724646810261865,-0.018384743828276526,-1.5785019334816281,-2.7778305119082933,-0.96619730753107591,0.1057489200770827,-0.97199891583533837,0.0058016083042624622,0.65580160830426248,0.64419839169573756,0.64419839169573756,1.6500903110060361,0.0066149555316004126,1.6393957458903228,0.010694565115713317,0.76069456511571332,0.73930543488428668,0.73930543488428668,-0.16927298739741781,-1.9644921874744523,0,-0.16927298739741781,0.83072701260258219,1.1692729873974179,0.83072701260258219,-0.96285928007603228,0.21910049180555341,-0.98339093564557467,0.020531655569542395,0.67053165556954242,0.62946834443045763,0.62946834443045763,1.6301033575496224,-0.1186172236065937,1.6394010277077622,-0.0092976701581397592,0.74070232984186024,0.75929767015813976,0.74070232984186024,-0.19116671820621137,-2.3974919504714576,0,-0.19116671820621137,0.80883328179378866,1.1911667182062113,0.80883328179378866,3,-1,-0.36052310185631636,-0.1057489200770827,0.55870994388068684,-0.0066149555316004126,0.16927298739741781,1.9644921874744523,-0.36386112931136011,-0.21910049180555341,0.5786968973371005,0.1186172236065937,0.19116671820621137,2.3974919504714576,0.56208594250284261,-0.0035825069067093708,-0.56244309112377755,0.0048244542434981068,-0.58205745466429815,-0.12204172915162001,-0.58242183435716732,-0.12061746275502414,0.16927298739741781,0.19116671820621137,-0.096498300754949529,0.0022041293516594793,0.31525542835538012,0.99928306393989397,-0.0035287805732452261,-0.037687226120999229,0.00076080080657554958,-0.0070592482370088871,-0.075392470296829328,0.0015219653478182312,-0.12437073282462265,-0.040001257158619061,0.012768374185550647,-0.60961660555596908,-0.0012156464423682554,0.024732690511137877,0,0.0012943529902804118,0.00064717669219998468,0.00064717629808042716,0,-0.060490289164963809,-0.030245144550751012,-0.030245144614212797,27.675229491866027,27.628805350510085,-0.023212070137684355,-0.023212071218257729,0.11327183296816838,0.11272624908792866,-0.00027279194058640806,-0.00027279193965330865,0,-2.4287429831527148e-06,-1.214373705579761e-06,-1.2143692775729538e-06,0,-1.0633325589336218e-05,-5.3166622230370587e-06,-5.3166633662991591e-06,0,-0.00050905531033784701,-0.00025452735863325823,-0.00025452795170458878,0,-0.061081470924011838,-0.030540735431396494,-0.030540735492615344,28.714612508133982,28.760873678768959,0.02313058593461248,0.023130584700365109,0.11327183296816838,0.1127254019400272,-0.00027321551453722619,-0.00027321551360395764,0,-2.3506364394534148e-06,-1.1753204285441505e-06,-1.1753160109092643e-06,0,-1.06332482955134e-05,-5.3166235785635537e-06,-5.3166247169498462e-06,-0.022378255968535547,9.977621744031465,-3.1528337084834717,6.8471662915165279,-2.428743004695837e-06,1.9999975712569953,-0.072328657144753422,9.9276713428552466,-3.3033547182857519,6.6966452817142486,-2.3506364608906248e-06,1.9999976493635392,0.00061081470862792988
79,0.79000000000000059,tracking_ramp_g3_5hz,g3_5hz,1,0,0,0,2,0.00025844099999999999,5.0821450381377531e-09,5.0821449271154506e-09,1.2459179652347773e-08,1.2459183483319694e-08,1,1,30.77165263172693,31.376494365131929,-0.0081395961718069114,0.015187153973267985,-0.059652841236550874,-1.8361852334127799,-3.4949374145549461,-0.0057748612552700578,-0.0082328492531848537,0.031190299796832688,0.046452298174080947,-0.0070038552542274557,-0.001228993998957398,0.038821298985456817,0.0076309991886241296,-0.26442566215261776,-0.26745284172210149,-0.0022592240016350018,-0.022649149666369325,-0.0057748612552701271,0.031190299796832643,0.21229918999999967,1.0028870095490916e-18,-0.26442566215261731,-0.0022592240016350166,-0.0082328492531847756,0.046452298174080836,-0.21230080999999959,2.2903770893756281e-17,-0.26745284172210099,-0.022649149666369283,-1.836186688253346,-3.4949358393956214,-0.96503296890053092,0.11972126797607219,-0.97199891583533837,0.0069659469348074543,0.65696594693480748,0.64303405306519257,0.64303405306519257,1.6500322794781774,-0.011118606736515215,1.6393957458903228,0.010636533587854657,0.76063653358785466,0.73936346641214534,0.73936346641214534,-0.19139359374158801,-2.3614707458397621,0,-0.19139359374158801,0.80860640625841196,1.191393593741588,0.80860640625841196,-0.96046092795080451,0.25910092576765603,-0.98339093564557467,0.02293000769477016,0.67293000769477018,0.62706999230522986,0.62706999230522986,1.6287652567405588,-0.14740514703971669,1.6394010277077622,-0.010635770967203362,0.73936422903279664,0.76063577096720336,0.73936422903279664,-0.21863585560443149,-3.0008763619291368,0,-0.21863585560443149,0.78136414439556856,1.2186358556044314,0.78136414439556856,3,-1,-0.36168744048686141,-0.11972126797607219,0.5587679754085455,0.011118606736515215,0.19139359374158801,2.3614707458397621,-0.36625948143658787,-0.25910092576765603,0.5800349981461641,0.14740514703971669,0.21863585560443149,3.0008763619291368,0.56217343540839981,0.013728220645215995,-0.56251775911658619,-0.012532108651967957,-0.58343671439438105,-0.15208153932713034,-0.58378420601156544,-0.15019162576365205,0.19139359374158801,0.21863585560443149,-0.09779066212388153,0.0023226428122654907,0.31524169567784138,0.99915148647828578,-0.0037123302830903847,-0.041008623793299094,0.0009046804298144612,-0.0074267612541444317,-0.082040453044043962,0.0018098727891031207,-0.13253245828681318,-0.036346376320472794,0.011431942920237127,-0.70152830133366573,-0.0014587232099858359,0.033376053923638203,0,0.0012453471404987315,0.00062267369624013436,0.00062267344425859716,0,-0.074813186594617873,-0.037406593221149295,-0.037406593373468577,27.675229491866027,27.617848613638994,-0.028690438692093524,-0.028690439534939115,0.11327183296816838,0.11259721477357462,-0.00033730909840038776,-0.00033730909619337184,0,-2.8861826369135264e-06,-1.443093476237261e-06,-1.4430891606762655e-06,0,-9.2642342949954444e-06,-4.6321158053565532e-06,-4.6321184896388913e-06,0,-0.00032518814363102777,-0.00016259371547516687,-0.0001625944281558609,0,-0.075604258813701919,-0.037802129333349178,-0.037802129480352741,28.714612508133982,28.771831331050461,0.028609412064714325,0.028609410851764404,0.11327183296816838,0.11259636759020675,-0.00033773269008437678,-0.00033773268787725753,0,-2.7850572320994253e-06,-1.3925307624153216e-06,-1.3925264696841036e-06,0,-9.2641411822236112e-06,-4.6320692517698535e-06,-4.6320719304537578e-06,-0.0067723007832083725,9.9932276992167921,-3.1449898392117595,6.8550101607882405,-2.8861826580522331e-06,1.999997113817342,-0.10579860802624504,9.8942013919737555,-3.3210212854576389,6.6789787145423611,-2.7850572529665414e-06,1.999997214942747,0.00075604258666698361
80,0.8000000000000006,tracking_ramp_g3_5hz,g3_5hz,1,0,0,0,2,0.000268409,4.310675481931231e-10,4.3106754813891299e-10,1.5203311897625989e-09,1.5203192314047645e-09,1,1,30.559759707120413,32.531443507551508,-0.0079945889360026438,0.014500723580426741,-0.068643039284124394,-1.9252395099668829,-3.708745336244704,-0.0054745125814729505,-0.0077609217424526936,0.029338031187850722,0.043890391426172931,-0.006617717161962822,-0.0011432045804898715,0.036614211307011826,0.0072761801191611047,-0.26446739506788319,-0.26770190264034149,-0.0057006274277808695,-0.0235627338955883,-0.0054745125814729817,0.029338031187850645,0.21229918999999972,6.4510029262887514e-18,-0.2644673950678828,-0.0057006274277808877,-0.0077609217424527005,0.043890391426172883,-0.21230080999999953,2.4340338772299575e-17,-0.26770190264034122,-0.023562733895588252,-1.9252410753143205,-3.7087436462186547,-0.96379332897868464,0.12814612850797111,-0.97199891583533837,0.0082055868566537349,0.65820558685665376,0.64179441314334629,0.64179441314334629,1.6497871326258926,-0.035191747204715143,1.6393957458903228,0.01039138673556983,0.76039138673556983,0.73960861326443017,0.73960861326443017,-0.21751591808205475,-2.7884918810868551,0,-0.21751591808205475,0.78248408191794527,1.2175159180820547,0.78248408191794527,-0.95774528745808518,0.25435284033632471,-0.98339093564557467,0.025645648187489489,0.67564564818748951,0.62435435181251053,0.62435435181251053,1.6271330718685184,-0.15488399345198411,1.6394010277077622,-0.012267955839243783,0.73773204416075622,0.76226795583924378,0.73773204416075622,-0.25221888565767842,-3.4904225306140964,0,-0.25221888565767842,0.74778111434232164,1.2522188856576784,0.74778111434232164,3,-1,-0.36292708040870775,-0.12814612850797111,0.55901312226083033,0.035191747204715143,0.21751591808205475,2.7884918810868551,-0.3689751219293072,-0.25435284033632471,0.58166718301820453,0.15488399345198411,0.25221888565767842,3.4904225306140964,0.56244137175811071,0.037611753392594149,-0.56277322101317273,-0.036281484768035312,-0.58511780718070039,-0.15876584590814938,-0.58544786127343118,-0.15780324396527401,0.21751591808205475,0.25221888565767842,-0.099168401320209099,0.0024329890417176389,0.31522509403939886,0.99898597605968953,-0.0038852699998441083,-0.044840997102637059,0.0010996781066462348,-0.0077731675700163996,-0.089712319735669108,0.0022000999149048906,-0.14130450565665081,-0.03536076739993322,0.010870815621893211,-0.81081612120281399,-0.0017668739264121212,0.042914510734939203,0,0.00092093586099317726,0.00046046794169060288,0.00046046791930257438,0,-0.080033925326670419,-0.040016962643039167,-0.040016962683631252,27.675229491866027,27.613845936419526,-0.03069177770688734,-0.030691777739613197,0.11327183296816838,0.11255017920317609,-0.00036082688278599835,-0.00036082688220629604,0,-3.2660305341298906e-06,-1.6330156092880535e-06,-1.633014924841837e-06,0,-4.8583557920580875e-06,-2.4291775300130426e-06,-2.4291782620450449e-06,0,9.932556921615765e-05,4.9662858269486934e-05,4.9662710946670716e-05,0,-0.080946490276085803,-0.040473245118462398,-0.040473245157623405,28.714612508133982,28.775816873919212,0.030602182957799855,0.030602182827429842,0.11327183296816838,0.11254933200557722,-0.00036125048158541892,-0.00036125048100574156,0,-3.157517009476135e-06,-1.5787588432916577e-06,-1.5787581661844773e-06,0,-4.858241562723329e-06,-2.4291204185982716e-06,-2.4291211441250574e-06,-0.0016759237918696302,9.9983240762081298,-3.143031424504148,6.856968575495852,-3.2660305378847906e-06,1.9999967339694622,-0.1174011101513949,9.8825988898486052,-3.3264731010159183,6.6735268989840817,-3.1575170132616837e-06,1.9999968424829868,0.00080946490236924798
81,0.81000000000000061,tracking_ramp_g3_5hz,g3_5hz,1,0,0,0,2,0.00026600000000000001,3.2049271014855663e-09,3.2049272125078687e-09,9.5373217266678625e-09,9.537327953652435e-09,1,1,31.135807502770088,31.751857438833955,-0.0078570106788676021,0.013757825713504186,-0.074289786692255555,-2.1218620476554575,-3.277076245902518,-0.0051854557513805709,-0.0073967373808188144,0.029255187564434348,0.032627875466456013,-0.0062910965660996927,-0.0011056408147191218,0.030941531515445181,0.0016863439510108325,-0.26455691868632752,-0.26792534780023591,-0.011441078783029107,-0.02277857532229504,-0.0051854557513805223,0.029255187564434366,0.21229918999999969,8.8904578143811364e-18,-0.26455691868632703,-0.011441078783029043,-0.0073967373808187277,0.032627875466455909,-0.21230080999999962,1.9081958235744878e-17,-0.26792534780023541,-0.022778575322294967,-2.1218632848109973,-3.2770748847232753,-0.96238655567883558,0.15267161744700819,-0.97199891583533837,0.0096123601565027972,0.65961236015650282,0.64038763984349723,0.64038763984349723,1.649210590586329,-0.074789189671482306,1.6393957458903228,0.0098148446960062419,0.75981484469600624,0.74018515530399376,0.74018515530399376,-0.24837376620762006,-3.2950228528519827,0,-0.24837376620762006,0.75162623379237992,1.24837376620762,0.75162623379237992,-0.9555126799115925,0.21207620762508952,-0.98339093564557467,0.027878255733982171,0.67787825573398219,0.62212174426601785,0.62212174426601785,1.6256522814341847,-0.15198886020995001,1.6394010277077622,-0.013748746273577472,0.73625125372642253,0.76374874627357747,0.73625125372642253,-0.28871813720850559,-3.7849224000808346,0,-0.28871813720850559,0.71128186279149441,1.2887181372085057,0.71128186279149441,3,-1,-0.36433385370855675,-0.15267161744700819,0.55958966430039392,0.074789189671482306,0.24837376620762006,3.2950228528519827,-0.37120772947579977,-0.21207620762508952,0.58314797345253822,0.15198886020995001,0.28871813720850559,3.7849224000808346,0.56304452642163039,0.077569793293599407,-0.56336122846411429,-0.075925355748309734,-0.58662597020896667,-0.15438964744299757,-0.58695192964625365,-0.15401370312331805,0.24837376620762006,0.28871813720850559,-0.10063883786431944,0.0025407246947957637,0.31520504217976714,0.9987779502935048,-0.0040564140896443201,-0.049238222727989597,0.0013224729966638984,-0.0081161345553325565,-0.098516579445378463,0.0026460239387589746,-0.15090882712583148,-0.035573323424165727,0.010763671505101253,-0.92666453072013755,-0.0021177177866915252,0.049148641844360928,0,0.00059999396063903365,0.00029999702741810813,0.00029999693322092552,0,-0.064104124687852621,-0.032052062454188374,-0.032052062233664247,27.675229491866027,27.626036150224969,-0.024596671014701473,-0.024596670626356013,0.11327183296816838,0.11269390023353151,-0.00028896636574382497,-0.00028896636889304348,0,-3.7532597172091134e-06,-1.8766286362672983e-06,-1.8766310809418151e-06,0,-4.6378329459284204e-07,-2.3189371578060417e-07,-2.3188957881223786e-07,0,0.00052621722630924461,0.00026310830738584661,0.000263108918923398,0,-0.064865762916532121,-0.032432881564587443,-0.032432881351944678,28.714612508133982,28.763597722438714,0.024492606692135488,0.024492607612596751,0.11327183296816838,0.11269305307311399,-0.00028938994595261407,-0.00028938994910177913,0,-3.6736040702796272e-06,-1.8368008271123924e-06,-1.8368032431672347e-06,0,-4.6366710684375007e-07,-2.3183562566425452e-07,-2.3183148117949555e-07,-0.031066455642677127,9.9689335443573235,-3.1594449089048036,6.8405550910951964,-3.7532597062587578e-06,1.9999962467402936,-0.085013688974310539,9.9149863110256895,-3.3079891468998084,6.6920108531001912,-3.6736040597660399e-06,1.9999963263959402,0.00064865763129174888
82,0.82000000000000062,tracking_ramp_g3_5hz,g3_5hz,1,0,0,0,2,0.00025931100000000002,3.6211846854428131e-09,3.6211847964651156e-09,8.843587261680258e-09,8.8435869709760525e-09,1,1,30.682440303389267,31.658938836317056,-0.0077271668431722956,0.01298438356953067,-0.077344214397351632,-1.8525741918768508,-3.2745128241862931,-0.0049407061687542532,-0.0070872849311256585,0.022342348105455712,0.028943736960702127,-0.0060139955499399558,-0.0010732893811857026,0.025643042533078919,0.0033006944276232075,-0.26468213166551074,-0.26817568464576791,-0.013624720813066661,-0.026607145669320584,-0.004940706168754281,0.022342348105455656,0.21229919000000014,1.0706496453294356e-17,-0.26468213166551074,-0.013624720813066628,-0.0070872849311256932,0.028943736960702102,-0.21230080999999992,4.0928632011327792e-18,-0.26817568464576796,-0.026607145669320573,-1.8525756470385322,-3.2745112510558867,-0.96098206886748172,0.13767359197343443,-0.97199891583533837,0.011016846967856653,0.66101684696785667,0.63898315303214337,0.63898315303214337,1.6483817159234952,-0.090802754739926064,1.6393957458903228,0.0089859700331724746,0.75898597003317247,0.74101402996682753,0.74101402996682753,-0.28297981663704308,-3.6005611664329908,0,-0.28297981663704308,0.71702018336295692,1.282979816637043,0.71702018336295692,-0.95335171128589236,0.21603652074530202,-0.98339093564557467,0.030039224359682315,0.68003922435968234,0.61996077564031771,0.61996077564031771,1.6239711999034445,-0.17955434213892763,1.6394010277077622,-0.015429827804317675,0.73457017219568232,0.76542982780431768,0.73457017219568232,-0.32932596650268975,-4.2166874270253558,0,-0.32932596650268975,0.67067403349731025,1.3293259665026897,0.67067403349731025,3,-1,-0.36573834051991055,-0.13767359197343443,0.5604185389632278,0.090802754739926064,0.28297981663704308,3.6005611664329908,-0.37336869810149997,-0.21603652074530202,0.58482905498327842,0.17955434213892763,0.32932596650268975,4.2166874270253558,0.56389808084692505,0.093233044178779437,-0.56420440817301809,-0.0923188691314865,-0.58832729950925799,-0.18122675104314381,-0.58864627807677339,-0.18052364876655241,0.28297981663704308,0.32932596650268975,-0.10221183670257564,0.0026379812862028992,0.315181046987067,0.99851967460525015,-0.0042103596099747993,-0.054205788764096929,0.0015699562548699445,-0.0084248768167266494,-0.10846510402795628,0.0031414627918226576,-0.1615827214224346,-0.031272164796940997,0.0094379326523005257,-1.0400905325867766,-0.0025315048117903385,0.053048720067391822,0,0.00029719434330177652,0.00014859694308438532,0.0001485974002173912,0,-0.073518638031998762,-0.036759318969540621,-0.036759319062458141,27.675229491866027,27.618850610270194,-0.028189441220012174,-0.028189440375821089,0.11327183296816838,0.11260938935336476,-0.00033122180804999002,-0.00033122180675363333,0,-4.613214120492324e-06,-2.3066055954337441e-06,-2.3066085250585799e-06,0,4.2069103080352027e-06,2.103456034130747e-06,2.1034542739044557e-06,0,0.0010178893550086832,0.00050894459618708331,0.00050894475882159985,0,-0.074431346212721086,-0.037215673061571558,-0.037215673151149528,28.714612508133982,28.770764546301859,0.02807601877302578,0.028076019394851059,0.11327183296816838,0.11260854217424195,-0.00033164539761141194,-0.00033164539631502348,0,-4.5193692225695939e-06,-2.2596831394359434e-06,-2.2596860831336505e-06,0,4.2070455191431377e-06,2.1035236354503807e-06,2.103521883692757e-06,-0.014730221162575836,9.9852697788374236,-3.1505757901665055,6.8494242098334945,-4.6132141080851794e-06,1.9999953867858919,-0.097418817623963871,9.9025811823760357,-3.3133711228877893,6.6866288771122111,-4.5193692098390047e-06,1.9999954806307902,0.00074431346123143111
83,0.83000000000000063,tracking_ramp_g3_5hz,g3_5hz,1,0,0,0,2,0.00026347399999999998,1.6356002051874652e-09,1.6356002063258775e-09,5.0946455603887439e-09,5.0946509916858802e-09,1,1,30.235254504320103,32.307716180084682,-0.0076051639684583091,0.012200287471398633,-0.07840960981320369,-2.3041991705349463,-3.2992301058409752,-0.0046986192022731507,-0.0068194623584370388,0.026842853987823545,0.026245541863876842,-0.0057590407803550948,-0.0010604215780819441,0.026544197925850194,-0.00029865606197335137,-0.26485172503912757,-0.26848846949519262,-0.019794764176158171,-0.035310115627605103,-0.0046986192022731507,0.026842853987823399,0.21229919000000017,3.8218126580114031e-18,-0.26485172503912757,-0.019794764176158157,-0.0068194623584370805,0.026245541863876697,-0.21230080999999987,1.4528309111305759e-17,-0.26848846949519251,-0.035310115627605068,-2.3042004066637873,-3.2992287356561385,-0.95939570189551671,0.18016339181905339,-0.97199891583533837,0.012603213939821667,0.66260321393982169,0.63739678606017836,0.63739678606017836,1.6472461193976728,-0.13282635617060007,1.6393957458903228,0.0078503735073500724,0.75785037350735007,0.74214962649264993,0.74214962649264993,-0.32203835258578739,-4.1391369667168529,0,-0.32203835258578739,0.67796164741421261,1.3220383525857873,0.67796164741421261,-0.95106259930771919,0.24461094909598069,-0.98339093564557467,0.032328336337855479,0.6823283363378555,0.61767166366214454,0.61767166366214454,1.6218459632969784,-0.24080090624620068,1.6394010277077622,-0.017555064410783805,0.7324449355892162,0.7675550644107838,0.7324449355892162,-0.37385444912869542,-4.629545276878666,0,-0.37385444912869542,0.62614555087130452,1.3738544491286955,0.62614555087130452,3,-1,-0.36732470749187562,-0.18016339181905339,0.56155413548905009,0.13282635617060007,0.32203835258578739,4.1391369667168529,-0.37565781007967314,-0.24461094909598069,0.58695429158974455,0.24080090624620068,0.37385444912869542,4.629545276878666,0.56505994032072338,0.13568686063100632,-0.5653540346059549,-0.13416857577867847,-0.59047004479908449,-0.24281438030222324,-0.59078019233338008,-0.24171167028924168,0.32203835258578739,0.37385444912869542,-0.10389887727549524,0.0027343037225355154,0.31515221825549711,0.99820343623503283,-0.0043652127873524318,-0.059728352894196007,0.0018353927210555373,-0.0087356575901711316,-0.11952829443282707,0.0036729852897636477,-0.17346754624303484,-0.033494023902203775,0.0098964636360997817,-1.1502371283808186,-0.003045183008980149,0.058355052447075534,0,0.00022320393660829607,0.00011160224066783926,0.00011160169594045681,0,-0.062865481891748537,-0.031432741024895058,-0.031432740866853479,27.675229491866027,27.627041529094527,-0.024093981190970153,-0.024093981580530128,0.11327183296816838,0.11270593142874052,-0.00028295076861380028,-0.00028295077081405686,0,-5.8834805070095454e-06,-2.9417414674626679e-06,-2.9417390395468775e-06,0,6.7907032772476436e-06,3.3953500362277605e-06,3.3953532410198831e-06,0,0.0013853386556020864,0.00069266932981558286,0.00069266932578650349,0,-0.063677876709575809,-0.03183893843086074,-0.031838938278715069,28.714612508133982,28.762558096272393,0.023972794076300478,0.023972794062110732,0.11327183296816838,0.11270508429869017,-0.00028337433363905971,-0.00028337433583915507,0,-5.8095706272477763e-06,-2.9047865374318715e-06,-2.9047840898159048e-06,0,6.7908192606471775e-06,3.3954080232467497e-06,3.3954112374004278e-06,-0.040819807313180058,9.9591801926868193,-3.1635867719350625,6.8364132280649379,-5.8834805204778707e-06,1.9999941165194794,-0.079424706877154347,9.9205752931228464,-3.301070341289341,6.698929658710659,-5.8095706409390153e-06,1.999994190429359,0.00063677876861721475
84,0.84000000000000064,tracking_ramp_g3_5hz,g3_5hz,1,0,0,0,2,0.00025999999999999998,3.7046230527693069e-09,3.7046229417470045e-09,1.3298940122508744e-08,1.3298951910245798e-08,1,1,29.742514039854683,31.384701597552148,-0.0074909579984671192,0.011420596999118965,-0.077969047227966798,-3.1302237183324508,-3.4315905328651879,-0.004383990746932083,-0.0065713602609419504,0.036068535238637178,0.025476209333429256,-0.0054776755039370167,-0.0010936847570049337,0.030772372286033217,-0.0052961629526039611,-0.2651252208880881,-0.268849393140416,-0.0332313889191585,-0.038078311127235184,-0.004383990746932135,0.036068535238637268,0.21229918999999997,1.338989683019598e-17,-0.26512522088808815,-0.033231388919158507,-0.0065713602609420198,0.025476209333429093,-0.21230080999999987,1.3931997916438732e-17,-0.26884939314041595,-0.038078311127235191,-3.1302245300319447,-3.4315895587227891,-0.95710550195758537,0.27061793759178504,-0.97199891583533837,0.014893413877753003,0.66489341387775303,0.63510658612224702,0.63510658612224702,1.6454025148972717,-0.22448299490272716,1.6393957458903228,0.0060067690069489643,0.75600676900694896,0.74399323099305104,0.74399323099305104,-0.36768683475438607,-4.8812805015151417,0,-0.36768683475438607,0.63231316524561398,1.367686834754386,0.63231316524561398,-0.9486321817033827,0.25398248256975037,-0.98339093564557467,0.034758753942191967,0.68475875394219199,0.61524124605780806,0.61524124605780806,1.6193790492056703,-0.26061115903801818,1.6394010277077622,-0.020021978502091864,0.72997802149790814,0.77002197850209186,0.72997802149790814,-0.42249586817834323,-5.0589830881083069,0,-0.42249586817834323,0.57750413182165672,1.4224958681783433,0.57750413182165672,5,-1,-0.36961490742980696,-0.27061793759178504,0.5633977399894512,0.22448299490272716,0.36768683475438607,4.8812805015151417,-0.37808822768400963,-0.25398248256975037,0.58942120568105261,0.26061115903801818,0.42249586817834323,5.0589830881083069,0.56695101853131258,0.23026582147046976,-0.56722402151402573,-0.2277309750146187,-0.59294798120859971,-0.26159255962664468,-0.59324998662792849,-0.26064969650566139,0.36768683475438607,0.42249586817834323,-0.10571192900772444,0.0028230859997530168,0.31511717458460814,0.99781893097400509,-0.0045065981068834237,-0.065823403959274898,0.0020859181697286126,-0.0090197547369893823,-0.13174260175532299,0.0041748720090314826,-0.1865334837331834,-0.026555476394129231,0.0081911888684646893,-1.2686797848709548,-0.003717676296934095,0.050974792153334267,0,0.00036108684459379425,0.00018054398809130896,0.00018054285650248529,0,-0.043539339782460849,-0.021769670018267077,-0.021769669764193773,27.675229491866027,27.641824509905529,-0.016702490461665099,-0.016702491498832694,0.11327183296816838,0.11288012834369572,-0.00019585231049684728,-0.00019585231397581347,0,-7.3854333952922541e-06,-3.6927197604391399e-06,-3.6927136348531142e-06,0,7.244695668438654e-06,3.6223451467707679e-06,3.6223505216678861e-06,0,0.0016035505979815068,0.00080177541303898725,0.00080177518494251954,0,-0.044112644403772251,-0.022056322323994793,-0.022056322079777459,28.714612508133982,28.74775460188253,0.016571047095076202,0.01657104665347206,0.11327183296816838,0.11287928126693682,-0.00019627584887635919,-0.00019627585235520461,0,-7.3435160378802202e-06,-3.6717610976160919e-06,-3.6717549402641283e-06,0,7.2447801019834453e-06,3.622387358387664e-06,3.6223927435957812e-06,-0.084615735729781566,9.9153842642702177,-3.1846727066514773,6.8153272933485223,-7.385433426630065e-06,1.9999926145665734,-0.051642346175589007,9.9483576538244112,-3.2829507800412969,6.7170492199587031,-7.343516069338027e-06,1.9999926564839308,0.00044112644647989582
85,0.85000000000000064,tracking_ramp_g3_5hz,g3_5hz,1,0,0,0,2,0.00026240699999999998,6.501533311720209e-09,6.5015334227425114e-09,1.8286055002492894e-08,1.8286059879290329e-08,1,1,31.195552631142032,30.591516360546017,-0.0073843928257013849,0.0106565172765734,-0.076407972254556408,-3.870033859900595,-4.2193622827837824,-0.0039721491502019909,-0.0062718145263893632,0.042308474039752686,0.034243420117532841,-0.0051219818382956771,-0.0011498326880936861,0.038275947078642764,-0.0040325269611099224,-0.26554080174671968,-0.26930039871323402,-0.042995789367297893,-0.051017094926845807,-0.0039721491502020534,0.042308474039752603,0.21229918999999994,2.927345865710862e-17,-0.26554080174671951,-0.042995789367297865,-0.0062718145263894742,0.034243420117532702,-0.21230080999999981,2.1575623232461538e-17,-0.26930039871323391,-0.051017094926845759,-3.8700347216184574,-4.2193612244095204,-0.9538603038436122,0.3346552253565151,-0.97199891583533837,0.018138611991726172,0.66813861199172619,0.63186138800827385,0.63186138800827385,1.6425871183532561,-0.29171674081531351,1.6393957458903228,0.0031913724629333284,0.75319137246293333,0.74680862753706667,0.74680862753706667,-0.42140555346000785,-5.6221768377866574,0,-0.42140555346000785,0.57859444653999215,1.4214055534600079,0.57859444653999215,-0.94563178275489657,0.34061928698762817,-0.98339093564557467,0.037759152890678105,0.68775915289067813,0.61224084710932192,0.61224084710932192,1.616288582061862,-0.349919247768405,1.6394010277077622,-0.023112445645900204,0.7268875543540998,0.7731124456459002,0.7268875543540998,-0.47730890214221716,-5.8028216089788014,0,-0.47730890214221716,0.52269109785778278,1.4773089021422172,0.52269109785778278,5,-1,-0.37286010554378018,-0.3346552253565151,0.56621313653346683,0.29171674081531351,0.42140555346000785,5.6221768377866574,-0.38108862663249576,-0.34061928698762817,0.59251167282486095,0.349919247768405,0.47730890214221716,5.8028216089788014,0.56983283561235365,0.2981047009570853,-0.57007931265943579,-0.2961386105275734,-0.59605411000435438,-0.35235059097699506,-0.59633940084738857,-0.35010360941663399,0.42140555346000785,0.47730890214221716,-0.10766318853825002,0.0028944818770284806,0.31507406347811434,0.9973511816255487,-0.0046168803579023079,-0.072553950372482023,0.0022867468661632419,-0.0092419222154747332,-0.14523615813872934,0.0045775361337636114,-0.20084178281251164,-0.019312044594818313,0.0063398118246021894,-1.4029789713717353,-0.0046110223285378994,0.043491819982495905,0,0.00025803953955028103,0.00012902033859967752,0.00012901920095060351,0,-0.045919698090779254,-0.022959849040091303,-0.022959849050687951,27.675229491866027,27.64005176042977,-0.017588865067037395,-0.01758886636921907,0.11327183296816838,0.1128593156075812,-0.00020625868038083958,-0.00020625868020634667,0,-9.249098276192596e-06,-4.624554436335664e-06,-4.624543839856932e-06,0,1.1112038590635649e-05,5.5560194620100749e-06,5.5560191286255742e-06,0,0.002160339925873056,0.0010801705679355368,0.0010801693579375192,0,-0.046533769194243915,-0.023266884592121659,-0.023266884602122256,28.714612508133982,28.749514487703113,0.017450990445544615,0.017450989123586599,0.11327183296816838,0.1128584685332778,-0.00020668221753267064,-0.00020668221735791064,0,-9.2046183634473763e-06,-4.6023144787371509e-06,-4.6023038847102253e-06,0,1.1112113150266688e-05,5.5560567361558039e-06,5.5560564141108839e-06,-0.096752945480171298,9.903247054519829,-3.1875171363682044,6.8124828636317956,-9.2490983291042201e-06,1.999990750901671,-0.064794512184987829,9.9352054878150113,-3.285479686771009,6.7145203132289915,-9.2046184164905903e-06,1.9999907953815834,0.00046533769184243319
86,0.86000000000000065,tracking_ramp_g3_5hz,g3_5hz,1,0,0,0,2,0.00026942699999999998,2.5465919008954563e-09,2.5465919026301798e-09,1.0166801812067744e-08,1.0166766891970016e-08,1,1,29.732967535386447,32.138161528281017,-0.007285230918123632,0.0099161907577752766,-0.074032651879812367,-4.1293337416921911,-4.952457943375892,-0.0035650893273511536,-0.0058799260238795448,0.040896388568501307,0.040610339210142066,-0.0047225076756153492,-0.0011574183482641956,0.040753363889321687,-0.00014302467917962081,-0.26601511186326549,-0.26990253943698911,-0.052645720316965183,-0.061750567798302972,-0.0035650893273511189,0.040896388568501252,0.21229918999999992,1.9461428996114805e-17,-0.26601511186326549,-0.052645720316965156,-0.0058799260238794754,0.04061033921014208,-0.21230080999999976,4.1741783640691921e-17,-0.26990253943698883,-0.061750567798302902,-4.1293349608915655,-4.9524565113505332,-0.95038014520960512,0.37106592359180618,-0.97199891583533837,0.021618770625733252,0.67161877062573327,0.62838122937426677,0.62838122937426677,1.6393588757059723,-0.35917809971561521,1.6393957458903228,-3.6870184350501489e-05,0.7499631298156495,0.7500368701843505,0.7499631298156495,-0.48148883623318772,-6.3055493994997871,0,-0.48148883623318772,0.51851116376681228,1.4814888362331877,0.51851116376681228,-0.94165431364024765,0.40931956554428245,-0.98339093564557467,0.041736622005327018,0.69173662200532704,0.608263377994673,0.608263377994673,1.6121507130188968,-0.42490221847658655,1.6394010277077622,-0.027250314688865407,0.72274968531113459,0.77725031468886541,0.72274968531113459,-0.54069284213055313,-6.6281152667591252,0,-0.54069284213055313,0.45930715786944687,1.5406928421305532,0.45930715786944687,5,-1,-0.37634026417778721,-0.37106592359180618,0.56944137918075066,0.35917809971561521,0.48148883623318772,6.3055493994997871,-0.38506609574714468,-0.40931956554428245,0.59664954186782615,0.42490221847658655,0.54069284213055313,6.6281152667591252,0.57311927653835526,0.3650096946873333,-0.57334869081608353,-0.36308256431727154,-0.60022776411033607,-0.42871635617446258,-0.60048676031749182,-0.42666558297598406,0.48148883623318772,0.54069284213055313,-0.10976521313383165,0.0029460800911808999,0.31502011091497639,0.99677882440524002,-0.004693726745539091,-0.080024104432195403,0.0024671555222028573,-0.0093975460415877711,-0.16022027838606334,0.0049396159743841173,-0.21639851978929278,-0.012442359770418437,0.0045042149513767043,-1.5619064935712033,-0.0057850851406421443,0.038640536795283377,0,-0.00035711695259199594,-0.00017855836657903643,-0.00017855858601295951,0,-0.061373539544073791,-0.030686769683993868,-0.030686769860079923,27.675229491866027,27.628330223615869,-0.023449634001042583,-0.023449634249115305,0.11327183296816838,0.11272145624930502,-0.00027518836060851369,-0.00027518835825484923,0,-1.1147287295918806e-05,-5.5736462109442842e-06,-5.5736410849745214e-06,0,2.0996506902356583e-05,1.0498255544605276e-05,1.0498251357751308e-05,0,0.0032270574931220208,0.0016135292155304134,0.0016135282775916074,0,-0.06223233477602616,-0.031116167303753859,-0.031116167472272301,28.714612508133982,28.761204599386328,0.023296045947418874,0.023296045304927661,0.11327183296816838,0.11272060909629862,-0.00027561193711178703,-0.00027561193475797338,0,-1.1078933990282661e-05,-5.5394695463770952e-06,-5.5394644439055663e-06,0,2.099662261279174e-05,1.0498313393506248e-05,1.0498309219285492e-05,-0.080837506316721458,9.9191624936832792,-3.1753917370446105,6.8246082629553895,-1.114728732333598e-05,1.9999888527126766,-0.096808982658724313,9.9031910173412765,-3.296608685870333,6.703391314129667,-1.1078934017307231e-05,1.9999889210659827,0.00062232334607507716
87,0.87000000000000066,tracking_ramp_g3_5hz,g3_5hz,1,0,0,0,2,0.00025852399999999999,1.7756210113351045e-09,1.7756210148045515e-09,4.4653482216679473e-09,4.4653537326213655e-09,1,1,31.156921183100554,30.287135370995678,-0.007193177534330809,0.0092053383792822952,-0.071085237849298141,-4.603296931014591,-5.3862628906342804,-0.003138584469567926,-0.0054740723632298316,0.042522252715311126,0.041921453329927472,-0.0043063284163988788,-0.0011677439468309528,0.042221853022619299,-0.00030039969269182731,-0.26665625809449423,-0.27058061016132973,-0.068177395366267268,-0.075030574084473306,-0.0031385844695679746,0.042522252715311154,0.21229918999999989,7.1557343384043293e-18,-0.26665625809449423,-0.068177395366267365,-0.0054740723632298316,0.041921453329927562,-0.21230080999999992,1.0191500421363742e-17,-0.27058061016132973,-0.075030574084473417,-4.6032981517900309,-5.3862614369846709,-0.94611502440096285,0.44345911638617885,-0.97199891583533837,0.025883891434375528,0.67588389143437555,0.62411610856562449,0.62411610856562449,1.6349718320103372,-0.46742816419323013,1.6393957458903228,-0.0044239138799855304,0.74557608612001447,0.75442391387998553,0.74557608612001447,-0.54973484697574881,-7.1135697568489018,0,-0.54973484697574881,0.45026515302425119,1.5497348469757488,0.45026515302425119,-0.93729844567282317,0.47164164876051784,-0.98339093564557467,0.046092489972751505,0.69609248997275153,0.60390751002724852,0.60390751002724852,1.6074719599665031,-0.51892080406733687,1.6394010277077622,-0.031929067741259143,0.71807093225874086,0.78192906774125914,0.71807093225874086,-0.61155342126012879,-7.4369295832729385,0,-0.61155342126012879,0.38844657873987121,1.6115534212601288,0.38844657873987121,5,-1,-0.38060538498642948,-0.44345911638617885,0.57382842287638569,0.46742816419323013,0.54973484697574881,7.1135697568489018,-0.38942196371456916,-0.47164164876051784,0.60132829492021989,0.51892080406733687,0.61155342126012879,7.4369295832729385,0.5775598491314401,0.4719975854245308,-0.57776534768608612,-0.47001348916993785,-0.60495041475056233,-0.52409365911087635,-0.60518937150539431,-0.52169711546489883,0.54973484697574881,0.61155342126012879,-0.11203216487205028,0.0029848355407372414,0.31495243281957147,0.99607659957565198,-0.0047497321393576248,-0.088328935004339595,0.0026166893987728977,-0.0095119072090732084,-0.17688926638106503,0.0052402337702057373,-0.23348406439696709,-0.0095999628780058816,0.0036512296049627528,-1.7367621960711759,-0.0072486018406662245,0.039125677802013106,0,-0.00060196870429030103,-0.0003009841310131841,-0.00030098457327711693,0,-0.060950463339061636,-0.030475231679619425,-0.030475231659442211,27.675229491866027,27.628732122373272,-0.023248684652766055,-0.023248684839989014,0.11327183296816838,0.11272639383217584,-0.00027271956786934973,-0.00027271956812319561,0,-1.3271192472946952e-05,-6.6355979993438857e-06,-6.6355944736030665e-06,0,2.6790606808204005e-05,1.3395303165592795e-05,1.339530364261121e-05,0,0.0039699103429367,0.0019849553547253321,0.0019849549882113679,0,-0.061815274292668976,-0.030907637156023689,-0.030907637136645287,28.714612508133982,28.76076577838333,0.023076635195070454,0.023076635054278111,0.11327183296816838,0.11272554667202007,-0.0002731431479472926,-0.00027314314820101466,0,-1.3203295313196303e-05,-6.6016494196993395e-06,-6.6016458934969635e-06,0,2.6790736335928489e-05,1.339536792240841e-05,1.3395368413520078e-05,-0.089850822423615445,9.9101491775763844,-3.1743808310745489,6.8256191689254511,-1.3271192492784538e-05,1.9999867288075073,-0.10153075913593212,9.8984692408640687,-3.2922944143689685,6.7077055856310315,-1.3203295333072165e-05,1.9999867967046669,0.00061815274312047375
88,0.88000000000000067,tracking_ramp_g3_5hz,g3_5hz,1,0,0,0,5,0.00033246099999999999,2.6952731158047527e-09,2.6952731036601506e-09,8.4327559930406417e-12,8.3988554500959156e-12,1,1,28.555293933642513,31.392495706764876,-0.0071078997562057742,0.0085277778125034537,-0.067756056677884147,-4.879670154409518,-5.8787206592486063,-0.0027300983216615379,-0.0050377670099268704,0.041219348976255343,0.043620658884101937,-0.0038839326657942042,-0.0011538343441326662,0.04242000393017864,0.0012006549539232969,-0.2674171772330543,-0.27143388698126053,-0.084723414349281684,-0.088103909804466793,-0.0027300983216614963,0.041219348976255288,0.21229918999999992,3.7730235602495554e-17,-0.26741717723305425,-0.084723414349281559,-0.0050377670099268287,0.043620658884101868,-0.21230080999999987,2.8948198005362968e-17,-0.27143388698126047,-0.088103909804466654,-4.8796722502772223,-5.8787163217533882,-0.94140006366686158,0.50985331388993071,-0.97199891583533837,0.030598852168476798,0.68059885216847682,0.61940114783152322,0.61940114783152322,1.6297416183201188,-0.58356015234067726,1.6393957458903228,-0.0096541275702040075,0.74034587242979599,0.75965412757020401,0.74034587242979599,-0.62547091331724525,-7.9267647672480104,0,-0.62547091331724525,0.37452908668275475,1.6254709133172454,0.37452908668275475,-0.93207457095021928,0.53443874284953818,-0.98339093564557467,0.051316364695355388,0.70131636469535541,0.59868363530464463,0.59868363530464463,1.6015545016313602,-0.61228487382759367,1.6394010277077622,-0.037846526076402043,0.71215347392359796,0.78784652607640204,0.71215347392359796,-0.69135438484663303,-8.2918817343320885,0,-0.69135438484663303,0.30864561515336697,1.691354384846633,0.30864561515336697,5,-1,-0.38532034572053081,-0.50985331388993071,0.57905863656660417,0.58356015234067726,0.62547091331724525,7.9267647672480104,-0.39464583843717305,-0.53443874284953818,0.60724575325536267,0.61228487382759367,0.69135438484663303,8.2918817343320885,0.58283788377016132,0.58861126969164101,-0.5830242325058107,-0.58628199232208011,-0.61091915651038331,-0.61732173413640568,-0.61113329719737008,-0.61537129673784963,0.62547091331724525,0.69135438484663303,-0.11448078303333573,0.0030089001434344424,0.31486742557298403,0.99521634222657374,-0.0047808192558933061,-0.09753924495072562,0.0027697701789088196,-0.0095769142808718472,-0.19539014924326359,0.005548390382762637,-0.25232118833430955,-0.0020888198259193993,0.0017363422004955855,-1.9255118326927247,-0.0091063142924088982,0.036835733341452057,0,0.0016265609847481155,0.00081328049333062201,0.0008132804914174935,0,-0.067103003029453268,-0.033551501514783318,-0.03355150151466995,27.675229491866027,27.62389809088322,-0.025665700491416307,-0.025665700491390889,0.11327183296816838,0.11267350649692415,-0.00029916323562222195,-0.00029916323562201237,0,-0.00016638166252194058,-8.3190831268497756e-05,-8.3190831253442823e-05,0,0.00022095661844817073,0.00011047830921894795,0.00011047830922922278,0,0.10142983874843192,0.050714919372938448,0.050714919375493474,0,-0.068374832136391478,-0.034187416068245179,-0.034187416068146299,28.714612508133982,28.76496001628626,0.025173754076133099,0.025173754076144854,0.11327183296816838,0.11267871613735614,-0.00029655841540635481,-0.00029655841540588828,0,0.002936105761206247,0.0014680528805268932,0.0014680528806793537,0,0.0002515650167151046,0.0001257825083517362,0.00012578250836336839,-0.079014523982780513,9.9209854760172203,-3.1624514443508298,6.8375485556491702,-0.00016638166252109249,1.999833618337479,-0.12562556385250151,9.8743744361474981,-3.2985980027837458,6.7014019972162542,0.0029361057612174368,1.9970638942387826,0.0010142983874587689
89,0.89000000000000068,tracking_ramp_g3_5hz,g3_5hz,1,0,0,0,6,0.000358983,1.9054108568727912e-09,1.9054108446460187e-09,2.1014547619681047e-12,2.1368941772320627e-12,1,1,30.27938512693758,32.778506661317934,-0.0070290413410042411,0.0078858415201533017,-0.06419362923501519,-5.3020496689194925,-6.6302544536123627,-0.0023090244261667683,-0.0045792447432919936,0.041980981042931131,0.049032706380322644,-0.003444134584729381,-0.0011351101585626126,0.045506843711626888,0.0035258626686957562,-0.26847591974947727,-0.27246181116129231,-0.11488144433514386,-0.11703062873781685,-0.0023090244261668169,0.041980981042931333,0.21229919000000022,9.7578195523695399e-18,-0.26847591974947743,-0.11488144433514412,-0.0045792447432919381,0.049032706380322824,-0.21230080999999995,-1.4961989980299961e-17,-0.27246181116129237,-0.11703062873781697,-5.3018288027925351,-6.6298647746630595,-0.93536111745213601,0.64218915215577388,-0.97199891583533837,0.036637798383202358,0.68663779838320238,0.61336220161679766,0.61336220161679766,1.6224285718485776,-0.79530527849527255,1.6393957458903228,-0.016967174041745192,0.73303282595825481,0.76696717404174519,0.73303282595825481,-0.71077473575836225,-8.8887301428829666,0,-0.71077473575836225,0.28922526424163775,1.7107747357583623,0.28922526424163775,-0.92601281170722127,0.67925389162724559,-0.98339093564557467,0.057378123938353398,0.70737812393835342,0.59262187606164662,0.59262187606164662,1.5943898193011918,-0.81776392444391011,1.6394010277077622,-0.045011208406570358,0.70498879159342964,0.79501120840657036,0.70498879159342964,-0.78006071327228954,-9.3067222799082163,0,-0.78006071327228954,0.21993928672771046,1.7800607132722894,0.21993928672771046,5,-1,-0.39135929193525631,-0.64218915215577388,0.58637168303814535,0.79530527849527255,0.71077473575836225,8.8887301428829666,-0.40070759768017111,-0.67925389162724559,0.61441043558553121,0.81776392444391011,0.78006071327228954,9.3067222799082163,0.59021059530760489,0.80230389012167391,-0.59036597903862809,-0.79957488954478639,-0.61812158937259121,-0.82062808887168215,-0.61830943947580863,-0.81716382572302626,0.71077473575836225,0.78006071327228954,-0.11712956877856814,0.003004326245703166,0.31476179258612602,0.99416583252509383,-0.0047559707616063197,-0.10771920431243323,0.0028724909221951637,-0.0095304828864230598,-0.21585835672631773,0.0057561803778079434,-0.27308300046346362,0.016349458728111402,-0.0025048255391247306,-2.1276036860669367,-0.011249261620955828,0.028625015894460152,0,-0.33335495111663116,-0.16667747555838322,-0.16667747555824794,0,-0.073424580158162445,-0.036712290079069898,-0.036712290079092547,27.675229491866027,27.58303109337567,-0.046099199245098671,-0.046099199245258266,0.11327183296816838,0.1129997063058775,-0.00013606333114595765,-0.00013606333114492869,0,0.057204425848931213,0.028602212924411098,0.028602212924520115,0,0.0072196555935921383,0.0036098277967853811,0.0036098277968067572,0,0.28982074395603197,0.14491037197807019,0.14491037197796178,0,-0.07910449311388501,-0.039552246556926261,-0.039552246556958749,28.714612508133982,28.701363467538798,-0.0066245202974746925,-0.0066245202977094769,0.11327183296816838,0.11294428432017897,-0.00016377432399500652,-0.00016377432399440256,0,0.031913218476194369,0.015956609238134974,0.015956609238059395,0,0.0069707375379524364,0.0034853687689664374,0.003485368768985999,-0.011281847116814177,9.9887181528831857,-3.0650978867511274,6.9349021132488726,0.057204425848934794,1.9427955741510652,-0.19483309506401078,9.8051669049359891,-3.3023248957005,6.6976751042995,0.031913218476192079,1.9680867815238079,0.01144088516976444
90,0.90000000000000069,tracking_ramp_g3_5hz,g3_5hz,1,0,0,0,6,0.000356776,1.8947518665157759e-08,1.8947518665157759e-08,5.5289189950507388e-11,5.5296760659989674e-11,1,1,31.709869749030183,29.50221107064808,-0.0069562342090328912,0.0072807131971349848,-0.060512832301831687,-5.4955447009388152,-6.7611283065007655,-0.0019142618861710259,-0.0041295246116001272,0.039456739780351469,0.044648546265992461,-0.0030218932488855765,-0.0011076313627145506,0.042052643023171965,0.0025959032428204964,-0.26979953501284237,-0.27369217473759505,-0.14838227180272284,-0.13261744496245703,-0.0019142618861710328,0.039456739780351462,0.21229919000000017,3.5995512126518747e-17,-0.26979953501284237,-0.14838227180272284,-0.0041295246116002035,0.044648546265992434,-0.21230080999999992,1.7564075194265172e-17,-0.27369217473759511,-0.13261744496245698,-5.4940558810498237,-6.7594416614096238,-0.92827431420756845,0.77776426581306113,-0.97199891583533837,0.043724601627769921,0.69372460162776994,0.6062753983722301,0.6062753983722301,1.6132390566006594,-1.0328196216670216,1.6393957458903228,-0.026156689289663415,0.72384331071033658,0.77615668928966342,0.72384331071033658,-0.80436028039212815,-9.7284493003211967,0,-0.80436028039212815,0.19563971960787185,1.8043602803921281,0.19563971960787185,-0.91909687025744602,0.73245888643641899,-0.98339093564557467,0.064294065388128652,0.71429406538812867,0.58570593461187137,0.58570593461187137,1.5857648572655818,-0.93225181455698891,1.6394010277077622,-0.053636170442180386,0.69636382955781961,0.80363617044218039,0.69636382955781961,-0.87725278973795928,-10.060201384239958,0,-0.87725278973795928,0.12274721026204072,1.8772527897379594,0.12274721026204072,5,-1,-0.39844609517982382,-0.77776426581306113,0.59556119828606346,1.0328196216670216,0.80436028039212815,9.7284493003211967,-0.40762353912994637,-0.73245888643641899,0.62303539762114124,0.93225181455698891,0.87725278973795928,10.060201384239958,0.59945871426191089,1.0381535399892969,-0.59958852658135464,-1.035187914139108,-0.62677728165613189,-0.93527183900205291,-0.62694250817615649,-0.93294269239532623,0.80436028039212815,0.87725278973795928,-0.11999523141316422,0.0029501372777833257,0.31462724665374892,0.99289196258568591,-0.004638532026347667,-0.11889207544632092,0.0029511098677722407,-0.0092991073119662211,-0.23834915051524458,0.0059162440172747079,-0.29531060480832194,0.03362902823943606,-0.0072719094548446082,-2.3298568014800232,-0.014513024412541681,0.028873147835030338,0,-0.30308036085410839,-0.15154018042606821,-0.15154018042804018,0,-0.063499025148751942,-0.031749512574369358,-0.031749512574382584,27.675229491866027,27.184540855163235,-0.24534431834830037,-0.24534431835449191,0.11327183296816838,0.11335025573012987,3.9211380980466699e-05,3.9211380981021864e-05,0,0.092191043603108452,0.046095521801649962,0.04609552180145849,0,0.0098515857331222759,0.004925792866563982,0.0049257928665582939,0,0.47876429982982915,0.23938214991584802,0.23938214991398113,0,-0.070309062040878958,-0.03515453102043381,-0.035154531020445148,28.714612508133982,28.289066545040342,-0.21277298154370575,-0.21277298154993426,0.11327183296816838,0.11326279934346525,-4.5168123519047008e-06,-4.5168123512233729e-06,0,0.055178261176748476,0.027589130588452321,0.027589130588296155,0,0.0094950385629140183,0.004747519281459691,0.0047475192814543273,0.006451929219642322,9.9935480707803581,-2.9677467503074877,7.0322532496925128,0.092191043603104608,1.9078089563968954,-0.21317300825459812,9.7868269917454018,-3.2367285479901335,6.7632714520098665,0.055178261176745944,1.944821738823254,0.018438208720659984
91,0.9100000000000007,tracking_ramp_g3_5hz,g3_5hz,1,0,0,0,5,0.000336721,6.1898566272589051e-09,6.1898564052143001e-09,1.7867468503971851e-11,1.7828544847039995e-11,1,1,27.669631087230545,29.949280279657359,-0.0068891072310806817,0.0067126977952209239,-0.05680154019140609,-5.340108288908505,-6.8846735297451183,-0.0015708440265578272,-0.0037099535294494862,0.03213397707539134,0.040569702167260524,-0.0026403987780036567,-0.0010695547514458295,0.036351839621325932,0.004217862545934592,-0.2713751262664259,-0.27516902299119217,-0.16958987054602301,-0.15367188195576911,-0.0015708440265578549,0.032133977075391749,0.21229918999999989,1.5894403848637495e-16,-0.27137512626642557,-0.16958987054602276,-0.0037099535294495556,0.040569702167260614,-0.21230080999999967,1.6089560239684886e-16,-0.27516902299119189,-0.15367188195576892,-5.3380848929014189,-6.8824121873042969,-0.92027706269455667,0.84435755343518726,-0.97199891583533837,0.051721853140781704,0.70172185314078173,0.59827814685921832,0.59827814685921832,1.6022389644244202,-1.1874046885138017,1.6393957458903228,-0.037156781465902622,0.71284321853409738,0.78715678146590262,0.71284321853409738,-0.90508307179498448,-10.363519644436749,0,-0.90508307179498448,0.094916928205015516,1.9050830717949845,0.094916928205015516,-0.91120325098414456,0.81117787232842875,-0.98339093564557467,0.072187684661430107,0.72218768466143013,0.57781231533856992,0.57781231533856992,1.5753469880485369,-1.0872772445311345,1.6394010277077622,-0.064054039659225293,0.68594596034077471,0.81405403965922529,0.68594596034077471,-0.98279995189241776,-10.861029016545899,0,-0.98279995189241776,0.017200048107582244,1.9827999518924178,0.017200048107582244,5,-1,-0.40644334669283566,-0.84435755343518726,0.60656129046230289,1.1874046885138017,0.90508307179498448,10.363519644436749,-0.41551715840324777,-0.81117787232842875,0.63345326683818592,1.0872772445311345,0.98279995189241776,10.861029016545899,0.61049919213110559,1.1907618146124179,-0.61061271171180698,-1.1890790069092543,-0.63722673866186175,-1.0908347695887679,-0.63736963254999246,-1.0890909354674696,0.90508307179498448,0.98279995189241776,-0.12309297408527473,0.002845678100979767,0.3144453031258832,0.99136074136338348,-0.0044374050018637368,-0.13105307527624993,0.0030465358900309968,-0.0089004559099581989,-0.26286356955715939,0.0061106791820754363,-0.31909833274989896,0.049541314504436613,-0.012356100707924585,-2.5322111922516819,-0.020178093045216682,0.037712435645311834,0,-0.18825496231443073,-0.094127481156949702,-0.094127481157481027,0,-0.060257874969767922,-0.030128937484882597,-0.030128937484885324,27.675229491866027,26.9746250273062,-0.35030223227892399,-0.35030223228090329,0.11327183296816838,0.113571460171461,0.00014981360164604453,0.00014981360164657107,0,0.12009386617561939,0.060046933087820047,0.060046933087799341,0,0.012087402385176846,0.0060437011925866674,0.0060437011925901785,0,0.7644089703242074,0.38220448516238875,0.38220448516181865,0,-0.068028768508718973,-0.03401438425435744,-0.034014384254361534,28.714612508133982,28.086185990985641,-0.31421325857317456,-0.31421325857516663,0.11327183296816838,0.11345710851568419,9.2637773757650875e-05,9.2637773758158227e-05,0,0.074567739391423263,0.037283869695738978,0.037283869695684285,0,0.011665497189447458,0.00583274859472214,0.0058327485947253181,0.038731865014005253,9.9612681349859944,-2.8974915196343014,7.1025084803656986,0.12009386617562,1.8799061338243801,-0.24574432762031279,9.7542556723796867,-3.2113028136772188,6.7886971863227812,0.074567739391422791,1.9254322606085772,0.024018773235128018
92,0.92000000000000071,tracking_ramp_g3_5hz,g3_5hz,1,2,1,1,0,0,0,0,0,0,1,1,28.189373684926743,30.356634629795774,-0.0068272928554838361,0.0061814375596845553,-0.05312602355363686,nan,nan,nan,nan,nan,nan,nan,nan,nan,nan,nan,nan,nan,nan,-0.0012798863785110498,0.027238260627080221,0.2122991899999998,2.6758109616942249e-16,-0.27327971680828644,-0.20012617556268761,-0.0033334190844657718,0.036001641607393366,-0.21230080999999959,1.3639263329867646e-16,-0.27688825501097081,-0.17942761148725658,nan,nan,-0.91102995187578029,0.96105590727650281,-0.97199891583533837,0.060968963959558087,0.71096896395955811,0.58903103604044194,0.58903103604044194,1.5888577896906804,-1.4107367975476355,1.6393957458903228,-0.050537956199642409,0.69946204380035759,0.80053795619964241,0.69946204380035759,-1.0130028047588429,-11.059155753297317,0,-1.0130028047588429,-0.013002804758842856,2.0130028047588429,-0.013002804758842856,-0.90238578331933217,0.90976860431429729,-0.98339093564557467,0.081005152326242502,0.73100515232624252,0.56899484767375752,0.56899484767375752,1.5631378110102006,-1.2784916000265774,1.6394010277077622,-0.076263216697561642,0.67373678330243836,0.82626321669756164,0.67373678330243836,-1.0962873851098454,-11.654356888120256,0,-1.0962873851098454,-0.096287385109845358,2.0962873851098456,-0.096287385109845358,5,2,-0.41569045751161204,-0.96105590727650281,0.61994246519604246,1.4107367975476355,1.0130028047588429,11.059155753297317,-0.42433462606806016,-0.90976860431429729,0.64566244387652239,1.2784916000265774,1.0962873851098454,11.654356888120256,0.62390354227030986,1.4132197362795851,-0.6240006624992448,-1.4119946633796121,-0.64947064821013079,-1.2826084081784888,-0.64959404205116478,-1.2810826477949391,1.0130028047588429,1.0962873851098454,-0.12644116620611073,0.0026934759762321579,0.31419801478567894,0.98953530511070253,-0.0041622646338645318,-0.1441960902430594,0.0031690773422475421,-0.0083536892507508897,-0.28940238908964944,0.0063603565985067339,-0.34492254479202217,0.063442893520356411,-0.01721065401536593,-2.734660730206758,-0.027248424342742206,0.048828688753060984,0,nan,nan,nan,0,nan,nan,nan,27.675229491866027,nan,nan,nan,0.11327183296816838,nan,nan,nan,0,nan,nan,nan,0,nan,nan,nan,0,nan,nan,nan,0,nan,nan,nan,28.714612508133982,nan,nan,nan,0.11327183296816838,nan,nan,nan,0,nan,nan,nan,0,nan,nan,nan,nan,nan,nan,nan,nan,nan,nan,nan,nan,nan,nan,nan,nan
