scenario,episode,control_tick,physics_substep,time_s,disturbance,force_x,force_y,force_z,moment_x,moment_y,moment_z,left_normal_load_n,right_normal_load_n,penetration_m,rolling_slip_m_s,lateral_slip_m_s,closure_residual_m,base_control_linear_acceleration_n0,base_control_linear_acceleration_n1,base_control_linear_acceleration_n2,base_control_angular_acceleration_n0,base_control_angular_acceleration_n1,base_control_angular_acceleration_n2,qpos0,qpos1,qpos2,qpos3,qpos4,qpos5,qpos6,qpos7,qpos8,qpos9,qpos10,qpos11,qpos12,qpos13,qpos14,qpos15,qpos16,qvel0,qvel1,qvel2,qvel3,qvel4,qvel5,qvel6,qvel7,qvel8,qvel9,qvel10,qvel11,qvel12,qvel13,qvel14,qvel15,ctrl0,ctrl1,ctrl2,ctrl3,ctrl4,ctrl5
hold,0,0,0,0.002,0,0,0,0,0,0,0,31.0405217197575,32.078605864549083,0.00039838683718524531,5.337484163766697e-05,0,0.0001825909525860475,0.0039635947176809121,-0.021732162790503627,-0.00048461656258602659,0.076075798255242411,-0.30338480918920829,-0.046748099605387242,-2.3316002612706003e-08,-1.1121997354178994e-07,0.34771775599520166,0.99999999999979994,1.5215158944814747e-07,-6.0676959362005139e-07,-9.3496195396007184e-08,-0.34332821908699385,0.56939867150485268,1.511829688471723e-06,-0.57254449054148104,-0.57298694636419301,-0.35472020713136754,0.56940506236277644,-2.1349936655066787e-06,0.572598518843356,-0.57303517863037057,-1.1658001306353001e-05,-5.5609986770894971e-05,4.5981353515819319e-05,0.0001521515894481576,-0.00060676959362009183,-9.3496195396013403e-05,0.0006273274118996523,-0.0002778370540500675,0.00075591484423586145,0.00029955103498702083,0.00030085019737672561,0.00064321034322012785,0.00027668318816071179,-0.0010674968327533394,0.00029394320114367123,-0.00029632453535149251,0.047762470321407867,3.1468245516924522,-0.00030811320564083552,-0.041464883765724291,3.2380815434581685,0.0003060606116983572
hold,0,0,1,0.0040000000000000001,0,0,0,0,0,0,0,31.041029022764619,32.078070019838577,0.00039838406949796457,6.7179682674136813e-05,2.1326148390676617e-06,0.0001825928907813725,0.0039615461081485307,-0.021524575617996408,-0.00048553597902767365,0.073602785898403966,-0.30335405989961828,-0.045438798408207054,-6.9952464786373985e-08,-3.3210507604678455e-07,0.34771793990731908,0.99999999999820288,4.5150874540585891e-07,-1.8202472816539588e-06,-2.7786998083808528e-07,-0.34332572449381565,0.56939758871468493,4.5186017224113729e-06,-0.57254333144154235,-0.57298578231758523,-0.354717626438395,0.56940613934118023,-6.343325402556451e-06,0.5725996566374556,-0.57303632508902846,-2.331823108683399e-05,-0.0001104425512524973,9.1956058700991142e-05,0.00029935715754111431,-0.001213477688098966,-0.00018437378245050049,0.0012472965890911853,-0.00054139508390148782,0.0015033860169698249,0.00057954996933926159,0.00058202330388559863,0.0012903464862582747,0.00053848920189669735,-0.0021041658685248864,0.00056889704981176958,-0.00057322932895116727,0.047762470321407867,3.1468245516924522,-0.00030811320564083552,-0.041464883765724291,3.2380815434581685,0.0003060606116983572
hold,0,0,2,0.0060000000000000001,0,0,0,0,0,0,0,31.041461318900442,32.077608263247818,0.00039838027128115405,8.0514324775848286e-05,5.1893900398922711e-06,0.00018259632246651853,0.0039596053232007506,-0.021301337377493689,-0.0004865839493355395,0.071447429266218929,-0.30328573217539528,-0.044186822728798821,-1.3990891477440219e-07,-6.6109667412985959e-07,0.34771821574324124,0.99999999999282319,8.9376076086118156e-07,-3.6402964080932242e-06,-5.5061739423057599e-07,-0.34332200284778625,0.56939600326683726,9.0092291107217136e-06,-0.57254164552598585,-0.57298408934860467,-0.35471374575262316,0.56940771428743553,-1.2568529370462144e-05,0.57260131190474861,-0.57303799217874329,-3.4978224994014105e-05,-0.00016449579904153754,0.00013791796106835794,0.00044225202472649892,-0.0018200491267061567,-0.00027274739663358947,0.0018608230147046151,-0.00079272392385065804,0.0022453136941551705,0.00084295777824839485,0.00084648449028817551,0.0019403428859210417,0.00078747312767695789,-0.0031126019839528467,0.00082763364649721637,-0.00083354485741971929,0.047762470321407867,3.1468245516924522,-0.00030811320564083552,-0.041464883765724291,3.2380815434581685,0.0003060606116983572
hold,0,0,3,0.0080000000000000002,0,0,0,0,0,0,0,31.04183024452643,32.077209157225028,0.00039837689328958009,9.3435019294517971e-05,8.9688852503346113e-06,0.0001826008776188998,0.0039577500381406949,-0.021064189859815192,-0.00048775169824466502,0.069541176506156002,-0.30317989193535128,-0.042994934494538575,-2.3318004845991837e-07,-1.0966313136405543e-06,0.3477185834651112,0.99999999998009625,1.4750951435665316e-06,-6.0667052918358798e-06,-9.0935463727379346e-07,-0.34331706564541237,0.56939393621331202,1.4977903679182949e-05,-0.57253946104189635,-0.57298189593205451,-0.35470856104529852,0.56940976496495543,-2.0758850629660798e-05,0.5726034568168582,-0.57304015143188591,-4.6635566842758085e-05,-0.00021776731975534734,0.00018386093498730255,0.00058133441282620787,-0.0024264088843065895,-0.00035873719064844563,0.0024686011869344327,-0.0010335267626024856,0.0029843372842306179,0.0010922420447494483,0.0010967082750888645,0.0025923536623197185,0.0010253387599472919,-0.004095160629599328,0.0010724560548009202,-0.0010796265713251068,0.047762470321407867,3.1468245516924522,-0.00030811320564083552,-0.041464883765724291,3.2380815434581685,0.0003060606116983572
hold,0,0,4,0.01,0,0,0,0,0,0,0,31.042145850451597,32.076862762463584,0.00039837513509023703,0.00010599003422947693,1.3309550204983778e-05,0.00018260624926990778,0.0039559559315655258,-0.020814603837504272,-0.0004890321137924758,0.067829516348225372,-0.30303661892460204,-0.041864569148392289,-3.4975583537092802e-07,-1.6371400064800407e-06,0.34771904302287593,0.99999999995528621,2.1920885956237669e-06,-9.0991873860150745e-06,-1.351820943939858e-06,-0.34331092335831792,0.56939140577644765,2.2423661969376821e-05,-0.57253680212423796,-0.57297922641315047,-0.35470206961919426,0.56941227196162192,-3.0866838303460644e-05,0.57260606737189057,-0.57304277830089079,-5.8287893455504831e-05,-0.00027025434641974325,0.00022977888236377157,0.0007169935253697158,-0.0030324820949529387,-0.00044246618326890898,0.0030711435472173089,-0.0012652184321660361,0.0037228791450969355,0.001329458829183304,0.0013347594520440175,0.0032457130521240658,0.0012534983332577105,-0.0050539938368999223,0.0013052775161921173,-0.0013134345024244745,0.047762470321407867,3.1468245516924522,-0.00030811320564083552,-0.041464883765724291,3.2380815434581685,0.0003060606116983572
hold,0,1,0,0.012,0,0,0,0,0,0,0,31.042501862292525,32.076812479391805,0.0003983759767168249,0.00011234043826995451,1.8081741200983218e-05,0.00018261218369345985,0.002017294175829275,-0.020574445414726136,-0.00032777261565719584,0.066388653372975115,-0.16283027038236772,-0.039621643236756515,-4.7928962720746354e-07,-2.2807821414719911e-06,0.34771955166552682,0.99999999991602617,3.0418590671342652e-06,-1.2457329999907173e-05,-1.8735310279028003e-06,-0.34330417715067241,0.5693884290160417,3.1550777236313688e-05,-0.57253369337543358,-0.57297610484814365,-0.3546948735576762,0.56941522059948746,-4.2613775529743242e-05,0.57260912708277079,-0.57304585500315119,-6.4766895918267765e-05,-0.00032182106749597525,0.00025432132543500756,0.00084977026403000415,-0.003358142609003249,-0.00052171045486838308,0.0033731038227445974,-0.001488380202987738,0.0045635576334684342,0.0015543744021654729,0.0015607825034055266,0.0035980307590234841,0.001474318932796422,-0.0058734686131412996,0.0015298554401151118,-0.0015383511302002229,0.046965324927066149,3.1463660542200782,-0.00030809425204122624,-0.042149977965727371,3.2377065748668867,0.00030607948796432016
hold,0,1,1,0.014,0,0,0,0,0,0,0,31.042738119323879,32.076550939781768,0.00039837997855382556,0.0001233828197149339,2.3181588848627865e-05,0.00018261848641278487,0.0020153853129209363,-0.020312313876014079,-0.00032926740233030216,0.06497264304065456,-0.16263011419636914,-0.038647486817293228,-6.2176425454025652e-07,-3.0260251098056175e-06,0.34772010932462993,0.99999999985859533,4.0215744647843604e-06,-1.6140732818325541e-05,-2.4725367114353507e-06,-0.3432968358013771,0.56938501969736799,4.2364709249608056e-05,-0.57253015188953915,-0.57297254866449077,-0.35468697148528328,0.56941859594846589,-5.5962631948003357e-05,0.57261261757717352,-0.57304936295962416,-7.1237313666396495e-05,-0.0003726214841668132,0.00027882955156051365,0.00097971483670294826,-0.0036834028053973015,-0.00059900668383708723,0.0036706746476590116,-0.0017046593368319817,0.0054069660066471828,0.0017707429471973484,0.0017780918264686948,0.003951036196466428,0.001687674489225978,-0.0066744282091300592,0.0017452472013708314,-0.0017539782364655945,0.046965324927066149,3.1463660542200782,-0.00030809425204122624,-0.042149977965727371,3.2377065748668867,0.00030607948796432016
hold,0,1,2,0.016,0,0,0,0,0,0,0,31.042943065286817,32.076318840301447,0.00039838776415514893,0.00013489300849509544,2.852768683508263e-05,0.00018262498496072807,0.0020131881259710703,-0.020041355214459294,-0.00033084911216896273,0.063647619394961205,-0.16241087399002879,-0.037732703016111903,-7.7716134146507551e-07,-3.8713311419136706e-06,0.34772071592544335,0.99999999977890697,5.1285846798744966e-06,-2.0148957357649808e-05,-3.1470085459196911e-06,-0.34328890780532823,0.56938118996706777,5.4875181092113811e-05,-0.57252619249045855,-0.57296857296908965,-0.35467836263081182,0.56942238468574202,-7.0879415379111651e-05,0.5726165227419594,-0.57305328588267002,-7.7698543462409515e-05,-0.0004226530160540267,0.00030330040670347087,0.001107009239269994,-0.0040082245153708774,-0.00067447358317064619,0.0039639980244398649,-0.0019148651501171045,0.0062552359212528774,0.0019796995402859749,0.0019878477005615615,0.0043044272357429672,0.0018943686380578715,-0.0074583917155541446,0.0019525823929343305,-0.0019614615229100137,0.046965324927066149,3.1463660542200782,-0.00030809425204122624,-0.042149977965727371,3.2377065748668867,0.00030607948796432016
hold,0,1,3,0.018000000000000002,0,0,0,0,0,0,0,31.04312230211805,32.076110623416447,0.00039839981451685741,0.00014802518527810008,3.4052803965329117e-05,0.00018263153900749198,0.0020106707918174237,-0.01976238576695391,-0.00033251870316952647,0.062392077938779537,-0.16217267347740549,-0.036876149400052592,-9.4546144765779711e-07,-4.8151574418765166e-06,0.34772137138695275,0.99999999967251407,6.3603785791145752e-06,-2.4481527213328907e-05,-3.8952335266242593e-06,-0.34328040153937595,0.56937695063046601,6.909596979718154e-05,-0.57252182811716479,-0.5729641909387363,-0.35466904666203475,0.56942657481532066,-8.7332948271061619e-05,0.57262082833597372,-0.57305760938620376,-8.4150053096360817e-05,-0.00047191314998142286,0.00032773075468840436,0.0012317924581987938,-0.0043325698177492005,-0.00074822758028792228,0.0042531329761422397,-0.0021196683008668418,0.0071103943525338623,0.0021821866468630918,0.0021910151766765576,0.0046579843885421928,0.0020950647892981279,-0.0082267664459749843,0.0021527970071548177,-0.0021617517668606335,0.046965324927066149,3.1463660542200782,-0.00030809425204122624,-0.042149977965727371,3.2377065748668867,0.00030607948796432016
hold,0,1,4,0.020000000000000004,0,0,0,0,0,0,0,31.043280647321467,32.075921486668996,0.00039841648769728399,0.00016115314939970683,3.9702801070838644e-05,0.00018263803533058492,0.0020078003307514446,-0.019476127303832854,-0.00033427743878178262,0.061189065115418599,-0.16191564311198237,-0.03607642403658963,-1.1266442159458164e-06,-5.8559564507355208e-06,0.34772207562190799,0.99999999953461527,7.7145500971443712e-06,-2.9137928320942231e-05,-4.7156122882920425e-06,-0.34327132539911492,0.56937231138302968,8.5044730258495039e-05,-0.57251707014590847,-0.57295941414724427,-0.35465902355034784,0.56943115543433376,-0.00010529467590101803,0.57262552166656611,-0.57306232065949303,-9.0591384144009612e-05,-0.00052039950442950191,0.0003521174776064174,0.0013541695721135984,-0.0046564010525883643,-0.00082038229765258469,0.004538070130512821,-0.0023196237181819903,0.0079743802306567486,0.00237898562818474,0.0023883957460244546,0.0050115558434464377,0.002290309506548795,-0.0089808638149782068,0.0023466652961952605,-0.0023556366446208232,0.046965324927066149,3.1463660542200782,-0.00030809425204122624,-0.042149977965727371,3.2377065748668867,0.00030607948796432016
hold,0,2,0,0.022000000000000006,0,0,0,0,0,0,0,31.039893687703007,32.073772703763318,0.0003984380361233969,0.00017036548924732897,4.5434026621303482e-05,0.00018264438353980363,-0.0010125297686235915,-0.018995287192520402,-0.0014394053273232288,0.060536029327453458,0.052617236221708073,-0.0046566360112992146,-1.3050898055955618e-06,-6.9819962570129144e-06,0.34772275781006695,0.99999999937492146,9.1897928995337327e-06,-3.3689094461597028e-05,-5.5453086625977439e-06,-0.34326242804667417,0.56936725584681569,0.00010258528934483288,-0.57251191418173175,-0.57295423838168247,-0.35464935188058461,0.5694360700745229,-0.00012379401024943006,0.57263053551468646,-0.57306734946685789,-8.9222794824872701e-05,-0.00056301990313869686,0.00034109407948507332,0.0014752400888420638,-0.0045511655872689386,-0.00082970424999572639,0.0044486762203752288,-0.0025277681070166847,0.0087702795431689202,0.0025779820883329242,0.0025878827808814265,0.0048358348816277983,0.0024573200945824992,-0.0092496671742060138,0.0025069240602017579,-0.0025144036824557752,0.044182960899910181,3.1442502504306353,-0.00026880069684978835,-0.041637867788733789,3.2377015945219103,0.0003080527387201706
hold,0,2,1,0.024000000000000007,0,0,0,0,0,0,0,31.040015381075065,32.073592808331185,0.00039846456159552124,0.00018098182436758145,5.1146330386792971e-05,0.00018264983732438767,-0.0010160281951437913,-0.018717010647360879,-0.0014411156360178978,0.059421153993559905,0.052886091280681419,-0.0050317000275333836,-1.4807770713912841e-06,-8.1921361698466409e-06,0.34772341786144034,0.99999999919435023,1.0783877077666454e-05,-3.8134487857653375e-05,-6.3850734135658308e-06,-0.34325372123780817,0.56936179198890691,0.00012174487072451473,-0.57250636635921281,-0.57294866992504656,-0.35464002777869291,0.56944131053236069,-0.00014281847438990842,0.57263586303906255,-0.5730726894965873,-8.7843632897861132e-05,-0.00060506995641686288,0.00033002568670390447,0.0015940805389663053,-0.004445392276953293,-0.00083977760245550074,0.0043534044329922505,-0.0027319289543802309,0.0095797906898409235,0.0027739112594616809,0.0027842283179334085,0.0046620509458500476,0.0026202289188816197,-0.009512232070239178,0.0026637621880431245,-0.0026700148646845393,0.044182960899910181,3.1442502504306353,-0.00026880069684978835,-0.041637867788733789,3.2377015945219103,0.0003080527387201706
hold,0,2,2,0.026000000000000009,0,0,0,0,0,0,0,31.04012748880222,32.07342338169795,0.00039849619903536276,0.00019175248192744912,5.688753440198348e-05,0.00018265450525320966,-0.0010205203571775525,-0.01843338302739525,-0.0014431288321095082,0.058331844984436894,0.053145324154067697,-0.0054036354970239302,-1.6536900944448623e-06,-9.4852164051005804e-06,0.34772405568779857,0.99999999899376224,1.2494623848286366e-05,-4.2473589981480958e-05,-7.2356510314595907e-06,-0.34324521669413505,0.56935592708468086,0.00014255396034423037,-0.57250043235987846,-0.57294271457616397,-0.35463104764145847,0.56944686910960118,-0.00016235619911211853,0.5726414977514418,-0.57307833470399083,-8.6456511526789148e-05,-0.00064654011762696971,0.00031891317912160675,0.0017107420405549415,-0.0043391003772781074,-0.00085059606460046833,0.0042522718365502398,-0.0029324521130506438,0.010404544809857828,0.0029669996671621481,0.0029776744413204967,0.0044900686172107311,0.0027792886202315657,-0.0097688623611050587,0.0028173561896294272,-0.0028226037017949185,0.044182960899910181,3.1442502504306353,-0.00026880069684978835,-0.041637867788733789,3.2377015945219103,0.0003080527387201706
hold,0,2,3,0.028000000000000011,0,0,0,0,0,0,0,31.04023226153361,32.073261533070678,0.00039853301107985878,0.00020269571642485772,6.2633391649176342e-05,0.00018265848143229142,-0.0010260380480768252,-0.018144922549081007,-0.0014454419368092886,0.057261347032371242,0.053394804889795609,-0.0057733845256640447,-1.8238183265384396e-06,-1.0860059578180051e-05,0.34772467120272399,0.99999999877396295,1.4319892043163911e-05,-4.6705901815544002e-05,-8.0977816175894556e-06,-0.34323692618028617,0.56934966783862007,0.00016504622315541357,-0.57249411750287749,-0.57293637774446937,-0.35462240806922213,0.56945273851020239,-0.00018239583796253933,0.57264743342963575,-0.57308427923851779,-8.5064116046788645e-05,-0.00068742158653973531,0.00030775746272043497,0.0018252622015443487,-0.0042323094041491873,-0.00086215523140444744,0.004145256924426694,-0.0031296230303932519,0.011246131405591607,0.0031574285005063363,0.0031684158473214777,0.0043197861181678643,0.0029347003006243147,-0.010019819425210397,0.0029678390969601017,-0.0029722672634566807,0.044182960899910181,3.1442502504306353,-0.00026880069684978835,-0.041637867788733789,3.2377015945219103,0.0003080527387201706
hold,0,2,4,0.030000000000000013,0,0,0,0,0,0,0,31.040331601922304,32.073104782386274,0.00039857499916067657,0.00021382858956803361,6.8364266209555496e-05,0.00018266184747698885,-0.0010326152138949813,-0.017852111936430062,-0.0014480528060065723,0.056204475184909737,0.053634397701570559,-0.0061417395832790468,-1.9911567438254167e-06,-1.2315472211251116e-05,0.34772526432166168,0.99999999853570332,1.6257567739373411e-05,-5.0830944124180595e-05,-8.9722024697253505e-06,-0.34322886156844562,0.56934302048474927,0.00018925843734480751,-0.57248742681883713,-0.57292966452752292,-0.35461410581072283,0.56945891175565022,-0.00020292649739535811,0.57265366404765228,-0.57309051738565475,-8.366920864348846e-05,-0.00072770631653553222,0.00029655946884340329,0.0019376682603299558,-0.0041250391454596439,-0.00087445228372661822,0.0040323059202839635,-0.0033236769353952103,0.012106107094696965,0.0033453420201690516,0.0033566084732477783,0.0041511292496493497,0.0030866227239283095,-0.010265329716409395,0.0031153090082789645,-0.003119073568484189,0.044182960899910181,3.1442502504306353,-0.00026880069684978835,-0.041637867788733789,3.2377015945219103,0.0003080527387201706
hold,0,3,0,0.032000000000000015,0,0,0,0,0,0,0,31.040063803033053,32.073132583434756,0.0003986221131257045,0.00022500415712144845,7.4064230188785989e-05,0.00018266467421874946,-0.001903328658573367,-0.017492571517601328,-0.00145378833988552,0.055167108018317423,0.11627842813609626,-0.00044109754301925857,-2.151097753499333e-06,-1.3848118054423459e-05,0.34772581563341132,0.99999999828663966,1.830557551350987e-05,-5.4723428611516095e-05,-9.8475149075636226e-06,-0.34322127001815544,0.56933599240290933,0.00021522392111622952,-0.57248036959260096,-0.57292258416660136,-0.35460643302473999,0.56946537841942679,-0.00022374006572917332,0.57266017878383979,-0.57309703796647216,-7.9970504836958135e-05,-0.0007663229215861718,0.00027565587483113134,0.0020479982063949117,-0.0038924803496197835,-0.00087535325863264497,0.0037957751450758384,-0.00351404091995627,0.012982741885711004,0.0035286131180726223,0.0035401804608026291,0.0038363929914297067,0.0032333318883069079,-0.010406784166907605,0.0032573680937526017,-0.0032602904086927692,0.043528528060682359,3.1438132449168705,-0.00026924992308878976,-0.041644159058572772,3.237720040136669,0.00030760371512598793
hold,0,3,1,0.034000000000000016,0,0,0,0,0,0,0,31.040157498324405,32.072980394806919,0.00039867426538547218,0.00023609101226230609,7.9705207320196285e-05,0.00018266691315220728,-0.0019121692308739294,-0.017197544249584678,-0.0014569827251360579,0.054136636370698196,0.11649011110430257,-0.0010189490538335334,-2.3036485446506193e-06,-1.5456862914669501e-05,0.34772632505990569,0.99999999802886186,2.046185414788383e-05,-5.8382931858265442e-05,-1.0724875434737325e-05,-0.34321416421929823,0.56932858898701144,0.00024298573265333929,-0.5724729495770452,-0.57291514047013181,-0.35459938575740996,0.56947213215611603,-0.00024482866449250122,0.57266697240440467,-0.57310383609527682,-7.6275395575643216e-05,-0.000804372430123021,0.00025471324719680859,0.0021562666602416079,-0.0036594980812006432,-0.00087741153785857867,0.0035528994286090449,-0.0037017079489680485,0.013880905768554877,0.0037100077779005196,0.003721848234753731,0.0035236336650019328,0.0033768683446048784,-0.010544299381663938,0.0033968102824537666,-0.0033990644023293901,0.043528528060682359,3.1438132449168705,-0.00026924992308878976,-0.041644159058572772,3.237720040136669,0.00030760371512598793
hold,0,3,2,0.036000000000000018,0,0,0,0,0,0,0,31.040249667133118,32.07282772693533,0.00039873132371567865,0.00024743246670287568,8.5293025991364075e-05,0.00018266864546276687,-0.0019222999267293184,-0.016899548300540732,-0.0014604763988739222,0.053111411937638228,0.1166834306409133,-0.0015864380189667582,-2.4488238886465928e-06,-1.7140558162084499e-05,0.34772679252754202,0.99999999776427906,2.2724352911369454e-05,-6.1809067179946099e-05,-1.1605419815865221e-05,-0.34320755705059225,0.56932081537253887,0.0002725899149538244,-0.57246517051355705,-0.57290733721541165,-0.35459296013885705,0.56947916675479204,-0.00026618442209715496,0.5726740396629606,-0.5731109068158039,-7.2587671997986812e-05,-0.00084184762370749912,0.00023373381815750482,0.0022624841005583702,-0.0034261290829377304,-0.00088060636846231993,0.0033035843530028102,-0.0038868072363029147,0.014802091150242563,0.003889531744049787,0.0039016273600680639,0.0032128092764399834,0.0035172993380043443,-0.010677878802326859,0.00353362927795864,-0.0035353602635427627,0.043528528060682359,3.1438132449168705,-0.00026924992308878976,-0.041644159058572772,3.237720040136669,0.00030760371512598793
hold,0,3,3,0.03800000000000002,0,0,0,0,0,0,0,31.040341210268782,32.072673293743719,0.00039879312675883405,0.00025904205184968548,9.0819144290800458e-05,0.00018266994059438157,-0.0019337640723071329,-0.016598985263733934,-0.0014642708422236694,0.052089944323548264,0.11685822790469859,-0.002144550290930611,-2.5866463335144207e-06,-1.8898042450043068e-05,0.34772721796722506,0.99999999749462065,2.5091028579346986e-05,-6.5001484944731571e-05,-1.2490265048981388e-05,-0.34320146161267356,0.5693126764818307,0.00030408548462233136,-0.57245703614252186,-0.57289917816218972,-0.35458715235701999,0.56948647610339531,-0.00028779944031088149,0.57268137528408891,-0.57311824509411335,-6.8911222433913971e-05,-0.0008787421439792844,0.00021271984152101403,0.0023666580267105862,-0.0031924104155949215,-0.00088491897065727054,0.0030477189593502941,-0.0040694453540913601,0.015747784834253476,0.0040671855175792634,0.0040795266109767284,0.0029038909185373765,0.0036546743016263161,-0.010807509106863268,0.0036678105641560141,-0.0036691391547500648,0.043528528060682359,3.1438132449168705,-0.00026924992308878976,-0.041644159058572772,3.237720040136669,0.00030760371512598793
hold,0,3,4,0.040000000000000022,0,0,0,0,0,0,0,31.040432866204398,32.072516007203085,0.00039885948919308328,0.00027093313906802121,9.6276598709010711e-05,0.00018267085793835863,-0.0019466074013713469,-0.016296244298168682,-0.0014683679673090921,0.051071253377126154,0.11701433868609691,-0.0026942041530845728,-2.7171464086128283e-06,-2.0728143430581335e-05,0.34772760131441038,0.99999999722143673,2.7559843474093882e-05,-6.7959872902042008e-05,-1.3380511202819514e-05,-0.34319589125630051,0.56930417706070102,0.00033752443048400214,-0.57244855020988583,-0.57289066706190073,-0.35458195863647424,0.56949405416050958,-0.00030966576803721346,0.57268897395195684,-0.57312584581504844,-6.5250037549203818e-05,-0.00091505049026913404,0.00019167359266333654,0.0024687939791502127,-0.0029583794687029269,-0.00089033240265960658,0.0027851781865251592,-0.0042497105648394255,0.016719472930835394,0.0042429663180067285,0.0042555501444836476,0.0025968602728650243,0.0037890285571343853,-0.010933163863165981,0.0037993339339627676,-0.0038003604675694372,0.043528528060682359,3.1438132449168705,-0.00026924992308878976,-0.041644159058572772,3.237720040136669,0.00030760371512598793
hold,0,4,0,0.042000000000000023,0,0,0,0,0,0,0,31.040328449392639,32.07363816232408,0.0003989302061294317,0.00027037469825969842,0.00010165970924001523,0.0001826714482839719,-0.0021090472527823491,-0.015767415383895294,-0.0012136318998141604,0.050306656731577769,0.12847567299020715,0.024146182413061348,-2.8394924695742098e-06,-2.2620340110179054e-05,0.34772794004094904,0.99999999694846431,3.0129271519314149e-05,-7.0661306847772133e-05,-1.4222478916194969e-05,-0.34319077010843424,0.56929534242573498,0.00037245194740217943,-0.57243974682516241,-0.57288183932399706,-0.35457757098839343,0.5695018924782087,-0.00033127379022434341,0.57269681979128761,-0.57313369187002672,-6.1173030480690649e-05,-0.00094609833979886042,0.0001693632693293701,0.002569406972158665,-0.0027014227810194203,-0.00084206788159723754,0.0025605739331241474,-0.0044173174829971211,0.017463758459088655,0.0044016923617358084,0.0044138689518495988,0.0021938240404163274,0.0039191588495559038,-0.010804011093564976,0.003922919665361531,-0.0039230274891398752,0.041998846057762038,3.1429122161209349,-0.00025000208167818812,-0.040234119461919696,3.2387178420061007,0.00028241745380495453
hold,0,4,1,0.044000000000000025,0,0,0,0,0,0,0,31.040431234644512,32.073470467180023,0.00039900578239231155,0.00027884467015737522,0.00010690090673400987,0.00018267126871276791,-0.0021248305350568758,-0.015466870276873095,-0.0012184114806448321,0.049267191420361157,0.12859276091008992,0.022646141047177253,-2.9537318329536715e-06,-2.4573760346290802e-05,0.34772823409166831,0.99999999667717254,3.2797233483222127e-05,-7.3105552517226075e-05,-1.5019169063804627e-05,-0.34318611538390531,0.56928617664259751,0.00040893273713413372,-0.57243062685789614,-0.57287269554452891,-0.35457398217601566,0.56950998522107932,-0.00035262099789049126,0.57270490967694287,-0.57314178055192067,-5.7119681689730963e-05,-0.00097671011805587323,0.00014702535964247469,0.0026679404320120352,-0.0024442317398316654,-0.00079680502737634765,0.0023273622644553512,-0.0045828915687569881,0.018240394865977137,0.0045599836331205136,0.0045718897340994722,0.0017944061888906333,0.0040463714353130174,-0.010673603833073912,0.0040449428276565407,-0.004044340946990104,0.041998846057762038,3.1429122161209349,-0.00025000208167818812,-0.040234119461919696,3.2387178420061007,0.00028241745380495453
hold,0,4,2,0.046000000000000027,0,0,0,0,0,0,0,31.040534531068452,32.073297985291838,0.00039908594521552432,0.00028771030189767488,0.00011206546933935216,0.00018267047865230151,-0.0021421029572505465,-0.015164789583398603,-0.0012234472711529776,0.048231858629433667,0.12868936448581855,0.021202210467152011,-3.0599204830750391e-06,-2.6587508985283904e-05,0.34772848341668755,0.99999999640880943,3.5561658392068926e-05,-7.5292416629704813e-05,-1.5773470288566414e-05,-0.3431819443559414,0.56927668371291062,0.00044703358236158566,-0.57242119165574834,-0.57286323683455265,-0.3545711852167216,0.56951832656520018,-0.00037370397414228449,0.57271324004613022,-0.57315010864304172,-5.3094325060683865e-05,-0.001006874319496551,0.00012466250960720503,0.0027644026097426635,-0.0021868473444640419,-0.00075443159800505852,0.0020855139819504938,-0.0047464648434205449,0.019050422613725963,0.0047176010739156385,0.0047293549881256575,0.001398479647043557,0.0041706720604264801,-0.010541488125896602,0.0041651845936863732,-0.004164045560528221,0.041998846057762038,3.1429122161209349,-0.00025000208167818812,-0.040234119461919696,3.2387178420061007,0.00028241745380495453
hold,0,4,3,0.048000000000000029,0,0,0,0,0,0,0,31.040638651729829,32.073120265063842,0.00039917041717742879,0.00029697864627785918,0.00011714914766592418,0.00018266921085530977,-0.00216092363706981,-0.014861567442838732,-0.0012287450079213613,0.047200505402451715,0.1287652874842807,0.019811213542006465,-3.1581233338104658e-06,-2.86606704042792e-05,0.34772868797145545,0.99999999614440471,3.8420483226180609e-05,-7.7221747280664104e-05,-1.6488165356679472e-05,-0.34317827438115789,0.56926686758557932,0.00048682339640075944,-0.57241144297508451,-0.57285346474519072,-0.35456917336300464,0.56952691068761963,-0.00039451839419342818,0.57272180695466335,-0.57315867248295937,-4.9101425367713441e-05,-0.0010365807094976482,0.00010227738395675755,0.0028588014543745491,-0.0019293109860956464,-0.00071484170735145597,0.0018349873917551372,-0.0049080636656420899,0.019894907019586891,0.0048743403318926293,0.0048860446809457503,0.0010059268584840825,0.0042920612097133801,-0.010407210025571854,0.0042834542665789671,-0.0042819199588232928,0.041998846057762038,3.1429122161209349,-0.00025000208167818812,-0.040234119461919696,3.2387178420061007,0.00028241745380495453
hold,0,4,4,0.050000000000000031,0,0,0,0,0,0,0,31.040743832965141,32.072936936264718,0.00039925891786253553,0.00030665711342401573,0.00012214850587325646,0.00018266757543019537,-0.0021813540760909906,-0.014557590495046683,-0.0012343105214345229,0.046173221296010078,0.12882032865507087,0.018470155800251218,-3.2484145005380148e-06,-3.0792310997741312e-05,0.34772884771678897,0.99999999588477184,4.1371653100847364e-05,-7.8893434343907498e-05,-1.7165937147365192e-05,-0.34317512292215541,0.56925673216430805,0.00052837327951350561,-0.57240138291909459,-0.57284338120103873,-0.35456794008647968,0.56953573175929217,-0.0004150590285101051,0.57273060612741489,-0.57316746802873153,-4.514558336377441e-05,-0.001065820296731058,7.9872666761108088e-05,0.0029511450976001299,-0.0016716644577934941,-0.00067793545982419517,0.0015757295012392904,-0.0050677106356587917,0.020774941556373064,0.0050300279949297266,0.0050417720759837505,0.00061663826247973291,0.0044105358362622514,-0.010270317158338458,0.0043995863757541366,-0.0043977728860934472,0.041998846057762038,3.1429122161209349,-0.00025000208167818812,-0.040234119461919696,3.2387178420061007,0.00028241745380495453
hold,0,5,0,0.052000000000000032,0,0,0,0,0,0,0,31.040446315920697,32.07315172951251,0.0003993511651933096,0.00031410020650045637,0.00012706078096683961,0.00018266566329545582,-0.0025046620609324188,-0.014140655651487999,-0.0012256258833858169,0.0450583550797281,0.15065015027379444,0.025239758668979411,-3.329267055331353e-06,-3.2978523798691983e-05,0.347728955931359,0.99999999563430586,4.4412938489482051e-05,-8.0263817484779645e-05,-1.779324900106995e-05,-0.34317256115106659,0.56924628604034722,0.00057165044803184648,-0.57239102177364132,-0.57283299655684694,-0.35456761192666097,0.56954477999875486,-0.00043515153352779903,0.57273962660047861,-0.57317648402567467,-4.0426277396669093e-05,-0.0010931064004753371,5.4107285016137443e-05,0.0030412594196114581,-0.0013703569014100383,-0.00062749509785712675,0.0012808855444041776,-0.0052230619804352176,0.021638584259170424,0.0051805727266369637,0.0051923220958837906,0.0001640799093550867,0.0045241197313520068,-0.010046252508846965,0.0045102365318574877,-0.0045079984715678482,0.041450168642357427,3.1425331288433842,-0.00024989926913969983,-0.039916192546144182,3.2389627032762576,0.00028252051240081365
hold,0,5,1,0.054000000000000034,0,0,0,0,0,0,0,31.040554735647753,32.072956550482239,0.00039944701811758798,0.00032361672631709402,0.00013186096823115121,0.00018266339622376737,-0.0025285089570211911,-0.013839572374438785,-0.0012317467532945159,0.044042780094212322,0.15066022632079218,0.023706709222914634,-3.400774650390441e-06,-3.5218447613769103e-05,0.34772901258766742,0.99999999539355988,4.754230787587595e-05,-8.1332876513363342e-05,-1.8373167894160104e-05,-0.34317060764021856,0.569235532866884,0.00061673191695482828,-0.5723803611976932,-0.57282231229408187,-0.3545681817469003,0.56955404971555079,-0.00045479079360758275,0.57274886438487416,-0.57318571673399044,-3.5753797529544041e-05,-0.0011199619075385615,2.8328154202522747e-05,0.0031293418589594469,-0.0010690291174951232,-0.00058012258992353762,0.00097675542401675351,-0.0053765867316309737,0.022540734461490897,0.0053302879740624526,0.0053421313825339984,-0.00028491011967282512,0.0046348583979532575,-0.0098196300398918652,0.0046188921977635463,-0.004616354157861169,0.041450168642357427,3.1425331288433842,-0.00024989926913969983,-0.039916192546144182,3.2389627032762576,0.00028252051240081365
hold,0,5,2,0.056000000000000036,0,0,0,0,0,0,0,31.040664516212775,32.072754988228411,0.00039954618402125025,0.0003335891600666609,0.00013657001329648276,0.00018266087327519824,-0.0025541972351664608,-0.013538821314213382,-0.0012381502193363758,0.04303261288511092,0.15064600260048253,0.022230120161802085,-3.4630415311106065e-06,-3.7511205768531263e-05,0.34772901766457337,0.99999999516280025,5.0757740561935447e-05,-8.2100639855062465e-05,-1.8908647875971461e-05,-0.34316928105607936,0.5692244762728691,0.00066369690646073901,-0.57236940320288887,-0.57281133027002551,-0.35456964266066471,0.56956353519160074,-0.0004739705509793272,0.57275831515410658,-0.57319516202916476,-3.1133440360082764e-05,-0.0011463790773810791,2.5384529707716892e-06,0.0032154032363421923,-0.00076772973720179937,-0.00053570500273391068,0.00066329206961100165,-0.0055282970074294483,0.023482494752955375,0.0054789974021769803,0.0054910120281690521,-0.00073045688221596281,0.0047427380249519587,-0.0095898786858722267,0.0047253846162227473,-0.0047226475871820954,0.041450168642357427,3.1425331288433842,-0.00024989926913969983,-0.039916192546144182,3.2389627032762576,0.00028252051240081365
hold,0,5,3,0.058000000000000038,0,0,0,0,0,0,0,31.040775650837951,32.072546917958419,0.00039964837267821018,0.00034402553655538668,0.00014118673227188436,0.00018265817538110264,-0.002581799338521905,-0.013238777643416697,-0.0012448431464200382,0.042028575610123367,0.15060725453102342,0.020806883897356965,-3.5161828545550236e-06,-3.9855908665145925e-05,0.34772897114733514,0.9999999949420092,5.4057228113717322e-05,-8.2567184999304068e-05,-1.9402536284872275e-05,-0.34316860017783246,0.56921311985899248,0.00071262692152739666,-0.57235815009102686,-0.57280005265173073,-0.35457198802190643,0.56957323068465004,-0.00049268341314104617,0.57276797429601345,-0.57320481546141777,-2.6570661722208568e-05,-0.0011723514483073297,-2.3258619127629207e-05,0.0032994558202181484,-0.00046650783992425115,-0.00049413561994937529,0.00034043912345734742,-0.005678206938316937,0.024465007533328798,0.005626555930999701,0.0056388091473710726,-0.0011726806208643974,0.0048477465246501567,-0.0093564310808594738,0.0048295709534327373,-0.0048267161265078832,0.041450168642357427,3.1425331288433842,-0.00024989926913969983,-0.039916192546144182,3.2389627032762576,0.00028252051240081365
hold,0,5,4,0.060000000000000039,0,0,0,0,0,0,0,31.040888104887078,32.072332240498731,0.0003997532965254319,0.0003549344624599513,0.0001457102531717447,0.00018265536819539891,-0.0026113905386662651,-0.012939814327856503,-0.0012518325309631706,0.04103146236888975,0.15054375163306297,0.019434049323481063,-3.5603250199808199e-06,-4.2251656292065926e-05,0.34772887302765321,0.99999999473088741,5.7438775951180657e-05,-8.2732638960045471e-05,-1.9857579651333043e-05,-0.34316858391521637,0.56920146719237896,0.00076360583682143191,-0.57234660439870466,-0.57278848185763354,-0.35457521141696746,0.56958313043281195,-0.0005109208612209974,0.57277783695879958,-0.57321467230816825,-2.2071082712898094e-05,-0.00119787381346,-4.9059840969362222e-05,0.0033815134703553901,-0.00016541296511503908,-0.00045531362915972675,8.1313080447239865e-06,-0.0058263333067584263,0.025489457647017631,0.0057728461610806938,0.0057853970485729125,-0.0016116975305168267,0.0049498740809428609,-0.0091187240399756078,0.0049313313930854259,-0.0049284233752536488,0.041450168642357427,3.1425331288433842,-0.00024989926913969983,-0.039916192546144182,3.2389627032762576,0.00028252051240081365
hold,0,6,0,0.062000000000000041,0,0,0,0,0,0,0,31.042405174969574,32.07493598321031,0.00039986067080832743,0.00034989482307247726,0.00015013997595988548,0.00018265250453133389,-0.0014812825084287537,-0.012406273712265834,-0.0003510589470252512,0.040136722524009218,0.069692089241969235,0.042594862099437601,-3.60138972852712e-06,-4.4689030574237354e-05,0.34772875193147007,0.99999999451648258,6.0900601507293115e-05,-8.2758702260529523e-05,-2.0227447949290154e-05,-0.34316879122965649,0.56918956387033171,0.00081606277272762017,-0.57233481959102517,-0.57277667311857139,-0.35457910343786564,0.56959324747382722,-0.00052840218270890527,0.57278790992643547,-0.57322473883048197,-2.0532354273149953e-05,-0.0012186871410857132,-6.0548091572698199e-05,0.0034617954675675573,-2.6015819390639569e-05,-0.00037015320918634134,-0.00010365722004750469,-0.0059516610236121656,0.026228467953094102,0.0058924038397725441,0.0059043695310944007,-0.001946010449094837,0.0050585205076299688,-0.0087406607439539444,0.0050364838179463196,-0.005033261156872147,0.040565437378504848,3.1422386185365747,-0.00024247274771089391,-0.038174930810078313,3.2403765727421296,0.00023945527581579801
hold,0,6,1,0.064000000000000043,0,0,0,0,0,0,0,31.042536481305458,32.074713366835148,0.00039997128847951008,0.00035723427825572391,0.00015441600626480139,0.00018264925537799347,-0.001515227346980326,-0.012108517749245271,-0.00035888817093265857,0.039111621644882542,0.069588215495830719,0.040444350632620835,-3.6395261314854846e-06,-4.7167373512391546e-05,0.34772860785961696,0.99999999429809305,6.4440654179241484e-05,-8.2645582626993165e-05,-2.0516442503633763e-05,-0.34316924460821002,0.56917741280091516,0.00087009531932598274,-0.57232279575596623,-0.57276462605045531,-0.3545836551001964,0.56960357570246689,-0.00054511928702058259,0.57279818956986861,-0.57323501159504098,-1.9068201479182257e-05,-0.001239171469077096,-7.2035926545872562e-05,0.0035400264609081493,0.00011317362113163451,-0.00028929441639576162,-0.00022668927675328622,-0.0060755347082841419,0.027016273299181277,0.0060119175294541614,0.0060235340580317267,-0.0022758311653937914,0.0051641143198366069,-0.0083585521558386822,0.0051398217165784825,-0.0051363822795056349,0.040565437378504848,3.1422386185365747,-0.00024247274771089391,-0.038174930810078313,3.2403765727421296,0.00023945527581579801
hold,0,6,2,0.066000000000000045,0,0,0,0,0,0,0,31.042667066359481,32.074483488938775,0.00040008478978315748,0.00036514488805243061,0.00015860071494807151,0.00018264575008164566,-0.0015510875103282998,-0.011812189214740837,-0.00036685839701533496,0.038096823084517777,0.069469765275807227,0.038381578348219689,-3.6748929506718269e-06,-4.9686006978773806e-05,0.34772844081686799,0.99999999407494422,6.8056903984453049e-05,-8.2393516958411512e-05,-2.0728689159447102e-05,-0.34316996651239623,0.56916501693217247,0.0009258024699779579,-0.57231053355322603,-0.57275234091692717,-0.35458885788803735,0.56961410904619003,-0.0005610625828192013,0.57280867182643824,-0.57324548669516984,-1.7683409593171242e-05,-0.0012593167331911295,-8.352137449101154e-05,0.0036162270862405222,0.00025212616397054719,-0.00021256176953047238,-0.00036095209311715477,-0.006197934371361181,0.027853575325987603,0.0061311013700721256,0.0061425667640500267,-0.0026013939204704299,0.0052666718615580971,-0.0079716478993093476,0.0052411282847907373,-0.005237550064438508,0.040565437378504848,3.1422386185365747,-0.00024247274771089391,-0.038174930810078313,3.2403765727421296,0.00023945527581579801
hold,0,6,3,0.068000000000000047,0,0,0,0,0,0,0,31.042797021742601,32.074246552172255,0.00040020082869719753,0.00037362986917474162,0.00016269309542524615,0.00018264209345368498,-0.0015889578545160187,-0.011517693156010008,-0.00037498312122430377,0.03709302529144607,0.069336456641500649,0.036401915584902036,-3.7076588932153767e-06,-5.2244235861410606e-05,0.34772825081197289,0.99999999384619265,7.1747342957816635e-05,-8.2002771889368333e-05,-2.0868147541616644e-05,-0.34317097940033453,0.56915237923617623,0.00098328475495382218,-0.57229803411617142,-0.57273981851936506,-0.35459470373855279,0.56962484146567982,-0.00057622098609345939,0.57281935227426661,-0.57325615983172751,-1.6382971271774956e-05,-0.0012791144413184,-9.5002447550317088e-05,0.003690419376974462,0.00039081205473786142,-0.00013978904723106338,-0.00050644396914595975,-0.0063188479981213675,0.028741142487932182,0.0062497185273311462,0.0062611987810771725,-0.0029229252577149673,0.0053662097448845475,-0.0075792016371290273,0.0053402239141611581,-0.0053365682788592645,0.040565437378504848,3.1422386185365747,-0.00024247274771089391,-0.038174930810078313,3.2403765727421296,0.00023945527581579801
hold,0,6,4,0.070000000000000048,0,0,0,0,0,0,0,31.042926405379749,32.074002735494659,0.00040031907157745544,0.00038269342199473183,0.00016669249678720292,0.000182638369673564,-0.0016289356465097004,-0.011225430359140632,-0.0003832753707708747,0.036101007954853138,0.069188001899574483,0.034500979073817745,-3.7380030768191895e-06,-5.4841351125532897e-05,0.34772803785769379,0.99999999361093106,7.550998671130607e-05,-8.1473644364506452e-05,-2.0938619821634449e-05,-0.34317230574856122,0.56913950269324642,0.0010426443774523041,-0.57228529896567504,-0.57272706010054741,-0.35460118502859345,0.56963576695668494,-0.00059058192801031309,0.57283022619730584,-0.57326702638364868,-1.5172091801906275e-05,-0.0012985576320611472,-0.00010647713955888141,0.003762626926389736,0.0005292009655210512,-7.0818795205190255e-05,-0.00066317411333598349,-0.0064382714649274088,0.029679811249240989,0.006367575248189772,0.0063792094088023481,-0.0032406450203240175,0.005462745502575219,-0.0071804709584268218,0.005436961519606362,-0.0054332759606081898,0.040565437378504848,3.1422386185365747,-0.00024247274771089391,-0.038174930810078313,3.2403765727421296,0.00023945527581579801
hold,0,7,0,0.07200000000000005,0,0,0,0,0,0,0,31.042705897666455,32.074397285821469,0.00040043919588719779,0.00038829315031641866,0.00017064321165004932,0.00018263464562363272,-0.0016737564404833058,-0.010791094879860252,-0.00032268604103080634,0.034958430926113525,0.069285040624432373,0.04189517028894485,-3.7660919773750554e-06,-5.7473179224440983e-05,0.3477278021663413,0.99999999336864576,7.9342551245363633e-05,-8.0805938972864126e-05,-2.092531792927753e-05,-0.34317392571098626,0.56912639817824673,0.0011038234482806926,-0.57227234126133797,-0.57271407898714,-0.35460834248029033,0.56964687665141855,-0.00060397807900259876,0.57284128270111423,-0.57327807512129125,-1.4044450277932958e-05,-0.0013159140494540414,-0.00011784567625077137,0.00383255163079997,0.00066778662067555953,1.2939215773744229e-05,-0.00080998121252263023,-0.0065522574998511714,0.030589535414194246,0.0064788521685469171,0.0064905567037354802,-0.0035787258484402456,0.0055548473668331514,-0.0066980754961428104,0.0055282519041835445,-0.0055243688212768104,0.040067660051375367,3.1418982675207783,-0.0002421447004216634,-0.037679911571969621,3.240762552190791,0.00023978357353716224
hold,0,7,1,0.074000000000000052,0,0,0,0,0,0,0,31.04283531089807,32.07414096514664,0.00040056111745526146,0.00039721235643812997,0.0001747198545687511,0.00018263080102215814,-0.0017182505327419562,-0.010506793187077057,-0.00033137035294394934,0.033991614554688,0.069105519197797227,0.039813315680607225,-3.792126831301742e-06,-6.0139102189971201e-05,0.34772754375873566,0.99999999311829746,8.3243102544187689e-05,-8.0000014807915575e-05,-2.0832405873086608e-05,-0.34317586290774782,0.56911306842725162,0.0011669299377468844,-0.57225916198758497,-0.57270087589119212,-0.35461616821800235,0.5696581647603941,-0.00061639563914728365,0.57285251757957212,-0.57328930197096917,-1.3017426963343317e-05,-0.0013329614827651099,-0.00012920380282949656,0.0039005419364582699,0.00080601313153230226,9.2532918546845222e-05,-0.0009685983807777999,-0.0066648754975600962,0.031553244733095905,0.006589636876499461,0.0066015479739636842,-0.0039128688560154962,0.0056440544877602722,-0.0062087800723424347,0.0056174392289696532,-0.0056134248389578994,0.040067660051375367,3.1418982675207783,-0.0002421447004216634,-0.037679911571969621,3.240762552190791,0.00023978357353716224
hold,0,7,2,0.076000000000000054,0,0,0,0,0,0,0,31.042964100904197,32.073878091609842,0.00040068451569345159,0.00040675119382881856,0.00017868859049059184,0.00018262691934532445,-0.0017651437226811383,-0.010225798673154518,-0.0003402444091697987,0.033038945735313817,0.068909963330738108,0.037815107108138186,-3.8163205667227712e-06,-6.2838491211906054e-05,0.34772726265989495,0.99999999285878693,8.7209734907216379e-05,-7.9056263049490485e-05,-2.0663880369211679e-05,-0.34317814096664839,0.56909951616422605,0.0012320736304177386,-0.57224576249151005,-0.57268745193234361,-0.35462465485166778,0.56966962552452605,-0.00062781910877575419,0.57286392632813266,-0.5733007025309339,-1.2096867710514359e-05,-0.0013496945109674244,-0.00014054942033999432,0.0039666261787681071,0.00094384839425337708,0.00016812960583724034,-0.0011390294502889961,-0.006776131512801503,0.03257184633542707,0.0066997480374659914,0.0067119794242565386,-0.0042433168327162098,0.0057303820659856059,-0.0057117348142352656,0.0057043742802939078,-0.005700279982360109,0.040067660051375367,3.1418982675207783,-0.0002421447004216634,-0.037679911571969621,3.240762552190791,0.00023978357353716224
hold,0,7,3,0.078000000000000055,0,0,0,0,0,0,0,31.043092198596113,32.073608808328913,0.00040080908021328937,0.00041691624050645116,0.00018255062941606502,0.00018262306662623941,-0.0018145452132268586,-0.0099485089909770539,-0.00034932073610960401,0.032101505863898795,0.068698055553419013,0.035896179409650501,-3.8388982802342456e-06,-6.5570709720154009e-05,0.34772695889908317,0.99999999258895922,9.1240573111871193e-05,-7.7975107597721909e-05,-2.0423579571877623e-05,-0.34318078354646558,0.5690857440837378,0.0012993662717086082,-0.57223214440532566,-0.57267380855288785,-0.35463379546752,0.56968125322215224,-0.00063823129126650002,0.57287550420530031,-0.57331227213774638,-1.1288856755737013e-05,-0.0013661092541239778,-0.00015188040589170218,0.004030834855829211,0.0010812596720466659,0.0002398878397572661,-0.0013212899085844397,-0.0068860402441107442,0.033646320645434803,0.0068090430921965463,0.0068216897278707425,-0.0045703079261103074,0.0058138488131179739,-0.005206091245372889,0.0057889385838519854,-0.0057848034062216221,0.040067660051375367,3.1418982675207783,-0.0002421447004216634,-0.037679911571969621,3.240762552190791,0.00023978357353716224
hold,0,7,4,0.080000000000000057,0,0,0,0,0,0,0,31.04321952364652,32.073333229503149,0.0004009345096195327,0.0004277150184166037,0.0001863072883037366,0.00018261929434149914,-0.0018665672506102732,-0.009675320802023454,-0.0003586116893998792,0.031180387705099732,0.068469470845299071,0.034052381686948172,-3.860097726892628e-06,-6.83351163980817e-05,0.34772663250986091,0.99999999230760672,9.5333774598979986e-05,-7.6757005722153773e-05,-2.0115191375277058e-05,-0.34318381436037093,0.56907175483435946,0.001368921717821421,-0.57221830957831121,-0.57265994744343585,-0.35464358362010173,0.56969304217630723,-0.00064761329473807055,0.57288724628634302,-0.57332400592412303,-1.0599723329191412e-05,-0.0013822033389638447,-0.00016319461113329764,0.0040932006510594251,0.0012182135799480422,0.00030795788043018864,-0.0015154069526868712,-0.0069946246891983838,0.034777723056406314,0.0069174135072083351,0.0069305547259888821,-0.0048940762908622508,0.0058944770774747458,-0.004691001735785268,0.0058710405213372183,-0.0058668931883168896,0.040067660051375367,3.1418982675207783,-0.0002421447004216634,-0.037679911571969621,3.240762552190791,0.00023978357353716224
hold,0,8,0,0.082000000000000059,0,0,0,0,0,0,0,31.045178982361058,32.076236296278751,0.0004010605103998699,0.00042244394353111911,0.00018995998880013429,0.00018261564186918883,-0.00038437147333761134,-0.0091767882529175671,0.00069690972998515122,0.030271616880211162,-0.038470195580217276,0.053633238228826256,-3.8878015649670038e-06,-7.112353936345821e-05,0.34772632081134014,0.99999999199820333,9.9487529094170784e-05,-7.561583278840444e-05,-1.9699534024907451e-05,-0.34318670234156762,0.56905759757742957,0.0014401876055008405,-0.57220431406263239,-0.57264592648668555,-0.35465368484285842,0.56970501143214969,-0.00065578016487434119,0.57289916618134296,-0.57333591725050437,-1.3851919037187866e-05,-0.0013942114826882572,-0.00015584926039282585,0.004153763442449711,0.0011412960809764039,0.00041522971886899529,-0.0014439905983370561,-0.0070786284649451883,0.035632943839709774,0.0069977578393886665,0.0070104783751434576,-0.005050611378330452,0.0059846279212152033,-0.0040834350681353201,0.005959947499946325,-0.0059556631906521849,0.039490285097031445,3.1418426577108343,-0.00023997424122620183,-0.035970933042771443,3.242205689835902,0.00018654246064388194
hold,0,8,1,0.084000000000000061,0,0,0,0,0,0,0,31.04532189639928,32.075956364104115,0.00040118792563954842,0.00043012997427411019,0.0001935942902395139,0.00018261184073871151,-0.00044214206814934779,-0.0089081744628031184,0.00068688628967450427,0.029339053295302689,-0.038720166004280729,0.051165980249391035,-3.9222731008688194e-06,-7.3935547338912233e-05,0.34772602384091883,0.99999999166018583,0.00010369997095258893,-7.455208884454114e-05,-1.9181541456898633e-05,-0.34318947437349623,0.56904327422712109,0.0015132914144290826,-0.57219015748469004,-0.57263174479580226,-0.35466409102090968,0.5697171549757859,-0.00066271098381085467,0.5729112599343833,-0.57334800223541993,-1.7235767950908025e-05,-0.0014060039877270118,-0.00014848521064729159,0.004212460071532414,0.0010638784267377457,0.00051756820065104704,-0.0013860159643062189,-0.0071616751542448792,0.03655190446412105,0.0070782889711645753,0.0070908454416367681,-0.0052030890256376944,0.0060717718180926025,-0.003465409468256745,0.0060468765201559613,-0.0060424924577834266,0.039490285097031445,3.1418426577108343,-0.00023997424122620183,-0.035970933042771443,3.242205689835902,0.00018654246064388194
hold,0,8,2,0.086000000000000063,0,0,0,0,0,0,0,31.045461845857456,32.075669613641381,0.00040131638494925875,0.00043854170746974964,0.00019712370028608769,0.00018260799076178058,-0.0005024885297863651,-0.0086440326414339835,0.00067681977170686025,0.028426095344269976,-0.038973479047522686,0.048802380395239542,-3.9637863897394646e-06,-7.6770697397751553e-05,0.34772574163685566,0.99999999129297257,0.00010796927376663516,-7.3566280641154569e-05,-1.8565940293305948e-05,-0.34319215729066704,0.56902878671268164,0.0015883619022912844,-0.57217583995444365,-0.57261740205510336,-0.35467479471844116,0.56972946690506465,-0.00066838291778134585,0.57292352327962481,-0.57336025666734725,-2.075664443532263e-05,-0.0014175750294196576,-0.00014110203158634253,0.0042693298015666747,0.00098595389742351888,0.00061518063769222498,-0.0013414585853982902,-0.0072437572197103757,0.037535243931100949,0.0071587651232078598,0.0071713703494729678,-0.0053518487657408026,0.0061559646393796134,-0.002835966985245564,0.0061316726207432063,-0.00612721596364649,0.039490285097031445,3.1418426577108343,-0.00023997424122620183,-0.035970933042771443,3.242205689835902,0.00018654246064388194
hold,0,8,3,0.088000000000000064,0,0,0,0,0,0,0,31.04559895766986,32.075376345068271,0.00040144553516967274,0.00044768219675350436,0.00020054939390839316,0.00018260417094786207,-0.00056554490000302921,-0.0083847922263814711,0.00066669150902676222,0.02753369066223426,-0.039230522838710723,0.046537089219415372,-4.0126268205999659e-06,-7.9628538459079127e-05,0.34772547423831485,0.99999999089596792,0.00011229365225895539,-7.2658922406359635e-05,-1.7857260540507326e-05,-0.34319477790667724,0.56901413695509895,0.0016655293039607151,-0.57216136196805967,-0.57260289840850076,-0.35468578916410987,0.569741941429868,-0.00067277120871974013,0.57293595171121492,-0.57337267607804476,-2.4420215430250526e-05,-0.0014289205306637846,-0.00013369927039903065,0.0043244137865212431,0.00090751499948256333,0.00070826364400830317,-0.0013103080051080455,-0.0073248787913301203,0.038583700834715344,0.007238993191989492,0.0072518233012970239,-0.0054972228343522049,0.0062372624016557004,-0.002194145469197141,0.0062142157950452696,-0.0062097053487359805,0.039490285097031445,3.1418426577108343,-0.00023997424122620183,-0.035970933042771443,3.242205689835902,0.00018654246064388194
hold,0,8,4,0.090000000000000066,0,0,0,0,0,0,0,31.045733325000398,32.075076804489882,0.00040157503824166108,0.00045755592187365609,0.00020387275810358036,0.00018260044294601734,-0.00063144801820104023,-0.0081308792999026033,0.0006564835189450946,0.026662831923462194,-0.039491693836353453,0.044365030207002838,-4.0690917139067645e-06,-8.250861469086432e-05,0.34772522168541664,0.99999999046856469,0.00011667136426566377,-7.1830536637541189e-05,-1.7059845741734116e-05,-0.34319736304241061,0.56899932684503596,0.0017449255305616402,-0.57214672432250846,-0.57258823436202566,-0.3546970682384703,0.56975457287348708,-0.00067584916434844963,0.57294854054402777,-0.57338525580617306,-2.8232446653399427e-05,-0.0014400381158925946,-0.00012627644910291491,0.0043777551614626719,0.00082855344878896302,0.00079700368158351642,-0.0012925678666907319,-0.0074050550315104919,0.039698113300462586,0.0073188227756068912,0.0073320232375579993,-0.0056395371802105045,0.0063157218095626529,-0.0015389778143547635,0.0062944164064258692,-0.0062898640641698804,0.039490285097031445,3.1418426577108343,-0.00023997424122620183,-0.035970933042771443,3.242205689835902,0.00018654246064388194
hold,0,9,0,0.092000000000000068,0,0,0,0,0,0,0,31.045541969963814,32.075564404108164,0.00040170456928106946,0.00046351698258157012,0.00020709536875607377,0.00018259685397710378,-0.00056982400577889659,-0.0077188382821563057,0.00074902908457907813,0.025599664435302288,-0.049079801194047049,0.051952511203899106,-4.1341724893229845e-06,-8.5406792402035198e-05,0.34772498731593326,0.99999999000918594,0.00012110028473238076,-7.1100297468255425e-05,-1.6158518156441755e-05,-0.34319985500264055,0.56898436789298701,0.0018264982975147576,-0.57213194126160416,-0.57257342439605763,-0.35470863632160815,0.56976735340455087,-0.00067744278724214159,0.57296127943478758,-0.57339798515014184,-3.2540387708109822e-05,-0.0014490888555854415,-0.00011718474169440791,0.0044289727631913866,0.00073041984514967046,0.00090092423913366154,-0.0012459801149590571,-0.0074794760244940254,0.040786383476558656,0.0073915304521568193,0.0074049829840336333,-0.0057840415689128987,0.0063902655319212917,-0.00079681144684595772,0.0063694453799111143,-0.0063646719843755487,0.039018681199748655,3.1415217146620131,-0.00023960770080905811,-0.035400620757566191,3.2426583519325143,0.00018690921596403273
hold,0,9,1,0.09400000000000007,0,0,0,0,0,0,0,31.045672285238691,32.075254237751544,0.00040183408375351476,0.00047342359205327202,0.00021025123304207344,0.00018259325976943008,-0.0006418440148055778,-0.0074787484331181363,0.00073857961369228065,0.024773190250916968,-0.049349133670907805,0.049609715358550827,-4.2081920066886672e-06,-8.8322729672315177e-05,0.3477247711715713,0.99999998951718405,0.00012557876022188417,-7.046874374347214e-05,-1.5157962721086001e-05,-0.34320228182716328,0.56896926162293948,0.0019103857555447486,-0.57211701281250849,-0.57255846824694911,-0.3547204874382609,0.56978027770797701,-0.00067752310741605237,0.57297416447380867,-0.57341086027473387,-3.7009758682841564e-05,-0.0014579686351399921,-0.00010807218097763825,0.0044785364391741102,0.00063174721656995586,0.0010001605151375424,-0.0012134122613562629,-0.0075531350237800386,0.041943729014995559,0.0074642245478611707,0.0074780745542571423,-0.0059255583263666386,0.0064621517130678133,-4.0160086955410342e-05,0.0064425195105481496,-0.0064375622960278307,0.039018681199748655,3.1415217146620131,-0.00023960770080905811,-0.035400620757566191,3.2426583519325143,0.00018690921596403273
hold,0,9,2,0.096000000000000071,0,0,0,0,0,0,0,31.045799898104139,32.074938138447244,0.00040196325758637408,0.00048410832781099712,0.00021330589409161032,0.00018258973064396865,-0.00071710191440670925,-0.0072451131657097862,0.00072802120200776699,0.023970876846959185,-0.049622579020380933,0.047364012971009499,-4.291486623133078e-06,-9.1256083481909179e-05,0.34772457329486955,0.9999999889918898,0.00013010518563766479,-6.9936422547372989e-05,-1.4062670185048223e-05,-0.34320467157235812,0.56895400950013875,0.0019967280089123259,-0.57210193929177022,-0.57254336599154743,-0.35473261631815256,0.56979334057486497,-0.00067605895897369808,0.57298719154585465,-0.57342387711926746,-4.1647308222205391e-05,-0.0014666769047970004,-9.8938350878814116e-05,0.004526494549297478,0.00053252731037052657,0.0010949066968491009,-0.0011948725974305976,-0.0076260614003743378,0.043171126683788544,0.0075367603691443635,0.0075511277008552154,-0.0060644399458208795,0.0065314334439851999,0.00073207422117715719,0.006513536022972331,-0.0065084222667812471,0.039018681199748655,3.1415217146620131,-0.00023960770080905811,-0.035400620757566191,3.2426583519325143,0.00018690921596403273
hold,0,9,3,0.098000000000000073,0,0,0,0,0,0,0,31.045924769487506,32.074616244255587,0.00040209177805880514,0.00049557939034337384,0.00021626188149040653,0.00018258632109982955,-0.00079574880924164059,-0.0070183584936952814,0.0007173368388180279,0.023193977570315386,-0.049900576322399692,0.045210406576337479,-4.3844068532985843e-06,-9.4206513123447174e-05,0.34772439372926633,0.99999998843261428,0.0001346780067285454,-6.9503890080440452e-05,-1.2876947105052874e-05,-0.34320705234201493,0.56893861290984549,0.0020856673185916824,-0.57208672122710069,-0.57252811796022496,-0.35474501838806466,0.56980653690886496,-0.00067301696105748438,0.57300035638994951,-0.5734370314606978,-4.6460115082753344e-05,-0.001475214820768995,-8.9782801602289106e-05,0.0045728979559931764,0.00043275099785533788,0.0011853469776173689,-0.0011903848284169005,-0.0076982951466538713,0.044469654839678255,0.0076090323347700484,0.0076240156612465736,-0.0062010349560564391,0.0065981669999725222,0.0015209989581068588,0.0065824220474260823,-0.006577170715165408,0.039018681199748655,3.1415217146620131,-0.00023960770080905811,-0.035400620757566191,3.2426583519325143,0.00018690921596403273
hold,0,9,4,0.10000000000000007,0,0,0,0,0,0,0,31.046046846022843,32.074288648246032,0.00040221934222213485,0.00050784622129158158,0.00021912177685562125,0.00018258307251365561,-0.00087793948375525374,-0.0067989103587696104,0.00070650979196962282,0.022443739635801978,-0.05018357563382763,0.043144137152848906,-4.487318045826486e-06,-9.7173683539087324e-05,0.34772423251917162,0.99999998783865096,0.00013929572258117605,-6.9171712558607e-05,-1.1604925362692603e-05,-0.34320945231848471,0.56892307313735568,0.0021773483079684194,-0.57207135928881292,-0.57251272466090086,-0.35475768976535615,0.56981986173276755,-0.00066836149666794887,0.57301365465141296,-0.57345031896842713,-5.1455596263950772e-05,-0.001483585207820074,-8.0605047363851791e-05,0.0046178000122542549,0.00033240825214511183,0.0012716560337811917,-0.0011999882348917908,-0.0077698862449067027,0.04584049468836851,0.0076809691438619026,0.0076966496620350889,-0.0063356886457458985,0.0066624119513132487,0.0023277321947677405,0.006649130731725952,-0.006643753864674147,0.039018681199748655,3.1415217146620131,-0.00023960770080905811,-0.035400620757566191,3.2426583519325143,0.00018690921596403273
hold,0,10,0,0.10200000000000008,0,0,0,0,0,0,0,31.047778724850815,32.076849567116724,0.00040234565547477702,0.00050568044943224717,0.0002218882234932448,0.00018258001543432597,0.00045568645883690701,-0.0063720596751059488,0.0016449111376601877,0.021651251629587368,-0.14831871973923719,0.059404406148745807,-4.6075593982321955e-06,-0.0001001507526469246,0.34772412379062889,0.99999998719615935,0.00014395675259019412,-6.9136155406544021e-05,-1.0214056495478422e-05,-0.34321139436113035,0.56890743321653447,0.0022713086077860586,-0.57205590226049963,-0.57249723655532214,-0.35477031811599835,0.56983333214331322,-0.00066192774090716275,0.57302709873820701,-0.5734637518629967,-6.0120676202854853e-05,-0.0014885345539186389,-5.4364271355512763e-05,0.004661125837991751,3.5804940177698889e-05,0.0013905414784615557,-0.00097102132281934512,-0.0078199604106172025,0.046980149908819636,0.0077285141566649221,0.0077440527893862018,-0.0063141753210942553,0.0067352052728354176,0.0032168778803930826,0.006722043397044776,-0.0067164472848087499,0.038563437148600291,3.1415026712404712,-0.00023848551483004945,-0.033907308519380945,3.2439279536814625,0.00012792751488521499
hold,0,10,1,0.10400000000000008,0,0,0,0,0,0,0,31.047910044868026,32.076518307388312,0.00040247145861509181,0.00051563376128010248,0.00022463318904506618,0.00018257692067026642,0.00036579835353424216,-0.0061635112542778583,0.0016335140134771109,0.020916306462739821,-0.1486011378720194,0.056847983811949457,-4.7455270195721712e-06,-0.00010313758300242108,0.34772406758563557,0.99999998650420441,0.00014865962610061242,-6.9397783717908672e-05,-8.7094517806092075e-06,-0.34321290951050093,0.56889169363545988,0.0023677064711411233,-0.57204034881788646,-0.57248165183668231,-0.35478289872939678,0.56984694301969308,-0.00065367654493039547,0.57304068524784102,-0.57347732677593899,-6.8983810669987627e-05,-0.0014934151777482437,-2.8102496653745294e-05,0.0047029802447059446,-0.0002613637224305586,0.0015043172131111739,-0.00075757468529776884,-0.007869790537314951,0.048198931677532288,0.0077767213066050993,0.0077923593199106427,-0.006290306699226313,0.0068054381899411492,0.0041255979883836206,0.0067932548169819694,-0.0067874564711344829,0.038563437148600291,3.1415026712404712,-0.00023848551483004945,-0.033907308519380945,3.2439279536814625,0.00012792751488521499
hold,0,10,2,0.10600000000000008,0,0,0,0,0,0,0,31.048036718902338,32.07618076955066,0.00040259638895619176,0.00052647678773646471,0.00022728592905883293,0.00018257386909733962,0.00027225957616609228,-0.0059628084556650821,0.0016221123505637536,0.020211362769727532,-0.14887676786699119,0.054400055364871108,-4.9016308327080592e-06,-0.00010613403886570223,0.34772406394403244,0.99999998576159232,0.00015340293247248775,-6.9957149020600609e-05,-7.0960055080828911e-06,-0.3432140288289397,0.56887585482609537,0.0024667019292472984,-0.5720246979801048,-0.57246596912538261,-0.35479542776790818,0.56986068941823875,-0.0006435662847686281,0.57305441058767836,-0.5734910401353599,-7.8051906567944102e-05,-0.0014982279316405724,-1.8208015740101089e-06,0.0047434232596377307,-0.00055908418076313672,0.0016132002243777123,-0.00055965921938042952,-0.0079194046822591638,0.049497729053087622,0.0078254188908325594,0.0078413556498589439,-0.0062645192556940324,0.006873199272863376,0.0050551300808836901,0.0068626699186725209,-0.0068566797104697222,0.038563437148600291,3.1415026712404712,-0.00023848551483004945,-0.033907308519380945,3.2439279536814625,0.00012792751488521499
hold,0,10,3,0.10800000000000008,0,0,0,0,0,0,0,31.048158855360938,32.075837158453965,0.00040272009961086347,0.00053821580153501618,0.0002298489607370169,0.00018257092384082302,0.00017489139430631353,-0.0057704090917200966,0.0016106842550769329,0.019537565497182729,-0.14914613483081793,0.052055033187007993,-5.0762953563107888e-06,-0.0001091399899081726,0.34772411290357808,0.99999998496687104,0.00015818532336723282,-7.0814790326214754e-05,-5.3784061552913883e-06,-0.343214783435978,0.56885991713973749,0.0025684570481233162,-0.57200894902102417,-0.57245018736641207,-0.35480790225631692,0.56987456657340474,-0.00063155282622016039,0.57306827103828073,-0.57350488823151957,-8.7332261801364926e-05,-0.0015029755212351882,2.447977280769819e-05,0.0047825171927665068,-0.00085734392835328118,0.0017173963249626693,-0.0003773035191599474,-0.0079688431789672037,0.050877559438008972,0.0078744795402875822,0.0078908794852473058,-0.0062372442043806351,0.0069385775829783206,0.0060067292742338376,0.0069302253012088044,-0.0069240480798634877,0.038563437148600291,3.1415026712404712,-0.00023848551483004945,-0.033907308519380945,3.2439279536814625,0.00012792751488521499
hold,0,10,4,0.11000000000000008,0,0,0,0,0,0,0,31.04827652914317,32.075487619950223,0.00040284225735359724,0.00055085889798831954,0.00023232495523516517,0.00018256813328641975,7.3511171708838318e-05,-0.0055867695323467952,0.0015992084229967674,0.01889608734567105,-0.14940977697801458,0.049807603922763996,-5.2699605042901971e-06,-0.00011215531483219235,0.34772421450002983,0.99999998411833091,0.00016300551508976365,-7.1971235205639002e-05,-3.5611470131649112e-06,-0.34321520454409515,0.56884388082393778,0.0026731361838723492,-0.57199310139139559,-0.57243430573965315,-0.35482032007336284,0.56988856989970638,-0.00061758948714298934,0.57308226280840813,-0.57351886727370782,-9.6832573989704004e-05,-0.0015076624620098725,5.0798225864342627e-05,0.0048203266929726287,-0.0011561315334599476,0.0018171007019930783,-0.00021055405856671702,-0.0080181578998393729,0.052339567874516497,0.0079238148142921454,0.0079408133794354983,-0.0062089085229664765,0.0070016631507980971,0.0069816695385854994,0.0069958850637232726,-0.0069895210941443332,0.038563437148600291,3.1415026712404712,-0.00023848551483004945,-0.033907308519380945,3.2439279536814625,0.00012792751488521499
hold,0,11,0,0.11200000000000009,0,0,0,0,0,0,0,31.048030489752243,32.075960360146254,0.00040296254069235177,0.00055971156764493416,0.0002347167276612604,0.00018256553363790666,0.00011994185066531569,-0.0052387009517633901,0.0016888647850787919,0.018037005231876176,-0.16053073226766104,0.057286455918658878,-5.4838768539672107e-06,-0.00011517619631410577,0.34772437253392013,0.99999998321252492,0.00016786179020339626,-7.3448722724024499e-05,-1.6292652334580955e-06,-0.34321523263902343,0.56882775584405609,0.002780718062417753,-0.57197716801918286,-0.57241833743453885,-0.35483268288984926,0.5699026924717715,-0.00060148454536753846,0.57309637627086985,-0.57353296726789416,-0.00010695817483850701,-0.0015104407409567084,7.9016945142369862e-05,0.0048564194856503028,-0.0014771553588255539,0.001931773072304644,-1.4047464147905463e-05,-0.0080624899408609785,0.053790939272701795,0.0079666861063736258,0.0079841525571737477,-0.0061814082432176528,0.0070612860325615047,0.008052470887725446,0.0070567312308679768,-0.0070499970931764471,0.038101999349817062,3.1411821570546676,-0.00023816388185871393,-0.033330862411398335,3.2443894045823827,0.00012824929387033652
hold,0,11,1,0.11400000000000009,0,0,0,0,0,0,0,31.048140328585159,32.075600819115714,0.00040308091029479104,0.00057273518611607307,0.00023705787559164697,0.00018256297125696176,9.9741145809101486e-06,-0.0050758211224330848,0.0016772006438774412,0.017462811579499277,-0.16078305142132915,0.054877344082837391,-5.7185174372598003e-06,-0.00011820265490971904,0.34772458703668674,0.99999998224700282,0.00017275299951641183,-7.5247757842944059e-05,4.1242263535017286e-07,-0.34321490034047897,0.56881154191963457,0.0028913746948167549,-0.57196114734980308,-0.57240228061813825,-0.35484498916052515,0.56991693021192635,-0.00058318770933615057,0.57311060862746421,-0.57354718547155026,-0.00011732029164629486,-0.0015132292978066355,0.00010725138330139134,0.0048913622834758641,-0.0017986844691860882,0.0020416305691501363,0.0001661492722272689,-0.0081069622107796807,0.055328316199500849,0.0080103346898873842,0.008028408200301344,-0.00615313533793721,0.0071188700774328113,0.0091484180156939741,0.0071161782971959483,-0.0071091018280774717,0.038101999349817062,3.1411821570546676,-0.00023816388185871393,-0.033330862411398335,3.2443894045823827,0.00012824929387033652
hold,0,11,2,0.11600000000000009,0,0,0,0,0,0,0,31.048245721636231,32.075235352943174,0.00040319704211231461,0.0005867206234888454,0.00023931631200492997,0.00018256050905267454,-0.00010453838724041482,-0.0049229327947297834,0.0016654488693035319,0.01692388111852914,-0.16102988871901316,0.052568937787621624,-5.9743728568900289e-06,-0.00012123472454830731,0.34772485803767489,0.99999998121900924,0.00017767806436076399,-7.736883456784545e-05,2.559301457317863e-06,-0.34321424039507747,0.5687952386371582,0.0030052808201711952,-0.57194503801159491,-0.57238613368913172,-0.35485723825866416,0.56993127921500641,-0.00056264579265055594,0.57312495696630705,-0.5735615190114729,-0.00012792770981511449,-0.00151603481929413,0.00013550049407624458,0.0049252256075715192,-0.0021207079160640565,0.002146874606569725,0.0003299727007544975,-0.0081516412381641545,0.056953062677220168,0.0080546691040650244,0.0080734645032669704,-0.0061245490694986004,0.0071745015400353834,0.010270958342797294,0.0071741694213924368,-0.0071667699613281325,0.038101999349817062,3.1411821570546676,-0.00023816388185871393,-0.033330862411398335,3.2443894045823827,0.00012824929387033652
hold,0,11,3,0.11800000000000009,0,0,0,0,0,0,0,31.048346604142353,32.07486398790725,0.00040331062209807145,0.00060168104006215082,0.00024149581432813627,0.00018255819551769414,-0.00022379754398564196,-0.0047804993894635219,0.0016535887995772214,0.016421649292662419,-0.16127184533220595,0.050356019535011044,-6.2519521710140606e-06,-0.00012427245618502411,0.34772518556424031,0.99999998012548341,0.00018263597946022837,-7.9812437149814395e-05,4.8069470742199693e-06,-0.34321328571511039,0.56877884542797197,0.0031226141633490002,-0.57192883874163825,-0.57236989519500892,-0.35486943047286501,0.56994573575539298,-0.00053980266323985727,0.57313941831890747,-0.57357596494356211,-0.00013878965706201575,-0.0015188658183583987,0.00016376328271699821,0.0049580828444810354,-0.0024432159521717506,0.0022476961639647944,0.0004773399835322266,-0.0081966045931213087,0.058666671588902423,0.0080996349783272071,0.0081192470614136689,-0.0060961071004294719,0.0072282701932930259,0.011421564705349312,0.0072306763001831744,-0.0072229660445982478,0.038101999349817062,3.1411821570546676,-0.00023816388185871393,-0.033330862411398335,3.2443894045823827,0.00012824929387033652
hold,0,11,4,0.12000000000000009,0,0,0,0,0,0,0,31.048442896188401,32.074486701914026,0.00040342134463212942,0.00061763114098533061,0.00024360018041712933,0.0001825560672231875,-0.0003480103438809085,-0.0046489865197164122,0.0016415999547394478,0.015957538461083231,-0.16150953900295786,0.048233612737974677,-6.551783800499903e-06,-0.00012731592138597478,0.34772556964185819,0.99999997896305814,0.00018762581577264236,-8.2579041320624097e-05,7.1511163524399312e-06,-0.34321206941779103,0.56876236154755255,0.0032435556953754286,-0.5719125483206573,-0.57235356375967072,-0.35488156700541595,0.56996029629422762,-0.00051459918932799471,0.57315398970987952,-0.57359052030481117,-0.00014991581474292124,-0.0015217326004753346,0.00019203880893183035,0.0049900102205190661,-0.0027662000648452263,0.0023442762676987553,0.00060814865968379943,-0.0082419402097151442,0.060470766013214265,0.0081452104904696249,0.0081657176691036868,-0.006068266275464339,0.0072802694172948183,0.012601736955931283,0.0072856954860470178,-0.0072776806245351978,0.038101999349817062,3.1411821570546676,-0.00023816388185871393,-0.033330862411398335,3.2443894045823827,0.00012824929387033652
hold,0,12,0,0.12200000000000009,0,0,0,0,0,0,0,31.049749579676789,32.076559036306875,0.00040352891109261824,0.00062102695789988723,0.00024563324653366239,0.00018255415093548647,0.00068607725563802984,-0.004326242498743302,0.0023956123978532418,0.015412956094076391,-0.24088896803124163,0.06189366039447413,-6.8799844118066579e-06,-0.00013035953188355782,0.3477260378536437,0.99999997771423021,0.00019264648476286658,-8.582740038644747e-05,9.6191607848927297e-06,-0.34321020687437892,0.56874582117044714,0.003367747487028264,-0.57189620565088617,-0.57233717977733845,-0.35489340409992987,0.5699749743786553,-0.00048685509196310056,0.57316868062259141,-0.5736051943774223,-0.00016410030565337764,-0.0015218052487915102,0.00023410589276615958,0.0050208496983015988,-0.0032479319351756079,0.0024682392634680682,0.00093127170605273094,-0.0082701885527003728,0.06209589582641778,0.0081713348855906205,0.0081919911661436501,-0.0059185472569650375,0.0073390422138508247,0.013872048682447072,0.0073454563559232789,-0.007337036305574164,0.037686814818807826,3.1411263165906167,-0.00023686507901827313,-0.032075550896626198,3.2454500803346784,6.3826785735139559e-05
hold,0,12,1,0.1240000000000001,0,0,0,0,0,0,0,31.049848361602848,32.076176094616059,0.00040363392896054784,0.00063554259128815668,0.00024765623823177422,0.00018255224470995946,0.00055122571561981332,-0.0042136056729193752,0.0023831213408751495,0.014994897405332696,-0.24111023147311697,0.059378791624741641,-7.2371235987455541e-06,-0.00013340356251591027,0.34772659021773311,0.99999997637311067,0.0001976971490896847,-8.9557957288113765e-05,1.2206053109935107e-05,-0.34320773399049398,0.56872922266624304,0.0034953853148696357,-0.57187980767186353,-0.57232073974474607,-0.35490494290314467,0.56998976655863276,-0.0004565060865616859,0.57318348910866146,-0.57361998524000102,-0.00017856959346944793,-0.0015220153161762283,0.00027618204470829249,0.0050508506140776463,-0.003730107161100794,0.0025871774735957407,0.0012364419424827436,-0.0082992521020646103,0.063818913920685824,0.0081989895113467326,0.0082200162961978199,-0.0057694016074056869,0.0073960899887592713,0.015174502700707316,0.0074042430350264197,-0.0073954312893858972,0.037686814818807826,3.1411263165906167,-0.00023686507901827313,-0.032075550896626198,3.2454500803346784,6.3826785735139559e-05
hold,0,12,2,0.12600000000000008,0,0,0,0,0,0,0,31.049940964092851,32.075786478149134,0.00040373604143618264,0.00065115555928963245,0.00024961143655718098,0.00018255041892473233,0.00041110206877777693,-0.004112662331839447,0.0023705937345894768,0.01461861242694229,-0.2413184217055433,0.056970244034826888,-7.6237905741471454e-06,-0.00013644830741315836,0.34772722674797307,0.99999997493311132,0.0002027770549411354,-9.3771128825311022e-05,1.4906978705873454e-05,-0.34320468685939115,0.56871256425580474,0.0036266678851566104,-0.57186335151385792,-0.57230424042468764,-0.35491618564215421,0.57000466961916252,-0.00042348455081738466,0.57319841313426301,-0.57363489087285169,-0.00019333348770079553,-0.0015223724486240387,0.00031826511996923412,0.0050800964793387519,-0.0042126996069626003,0.0027013035357337381,0.0015235655514027658,-0.0083292052191548636,0.065641285143487355,0.0082280790027887563,0.0082496600291893426,-0.0056213695047828572,0.0074515302648738412,0.016510767872150608,0.007462012800793138,-0.0074528164253599843,0.037686814818807826,3.1411263165906167,-0.00023686507901827313,-0.032075550896626198,3.2454500803346784,6.3826785735139559e-05
hold,0,12,3,0.12800000000000009,0,0,0,0,0,0,0,31.050027412893289,32.075390220018051,0.00040383490440928926,0.00066787875579761265,0.00025150270174366309,0.00018254872835345046,0.00026547044570471745,-0.0040239147507390525,0.0023580048040194868,0.014285484280414696,-0.24151425083856878,0.054662457883172227,-8.0405952047033386e-06,-0.00013949408390411327,0.34772794745404162,0.99999997338694468,0.0002078855347975205,-9.8467307080621312e-05,1.7717324470924535e-05,-0.3432011018055266,0.56869584398731465,0.0037617971507372806,-0.57184683441894557,-0.57228767875424724,-0.35492713562120104,0.57001968058372177,-0.00038771945333213075,0.57321345063896334,-0.57364990921884595,-0.00020840231527809655,-0.0015228882454774602,0.00036035303426895339,0.0051086735653717748,-0.0046956845609842021,0.0028108189669527606,0.0017925269322736016,-0.0083601342450515224,0.067564632790335061,0.0082585474561703235,0.008280835220172875,-0.0054749895234210214,0.0075054822796377209,0.017882548742626965,0.007518752350179919,-0.0075091729971218362,0.037686814818807826,3.1411263165906167,-0.00023686507901827313,-0.032075550896626198,3.2454500803346784,6.3826785735139559e-05
hold,0,12,4,0.13000000000000009,0,0,0,0,0,0,0,31.050107704329115,32.074987295831491,0.00040393018451057722,0.00068572731991836276,0.00025333400744373641,0.000182547214844118,0.00011408908148461816,-0.003947867270299609,0.0023453300976328251,0.013996915817024039,-0.24169845097347709,0.052450135484716651,-8.4881690720588594e-06,-0.00014254123635291436,0.3477287523415768,0.99999997172662169,0.00021302201023423191,-0.00010364686088370683,2.063266822706633e-05,-0.34319701542868936,0.56867905971370469,0.0039009786262592704,-0.57183025367154883,-0.57227105176444604,-0.35493779722052599,0.57003479671844681,-0.00034913627830140932,0.57322859958700756,-0.57366503823640957,-0.0002237869336777605,-0.0015235762244005405,0.00040244376759971843,0.005136670943437607,-0.0051790387755886484,0.0029159146874102918,0.0020431884186341252,-0.0083921368050060615,0.06959073776099485,0.0082903736983866768,0.0083134949006158261,-0.0053307996624690273,0.0075580673624996023,0.019291587515360729,0.0075744740221148892,-0.0075645087818047808,0.037686814818807826,3.1411263165906167,-0.00023686507901827313,-0.032075550896626198,3.2454500803346784,6.3826785735139559e-05
hold,0,13,0,0.13200000000000009,0,0,0,0,0,0,0,31.049732962381533,32.075355396421038,0.00040402155734538259,0.00070027622342576021,0.00025510944162329186,0.00018254590959306528,6.2841070776385976e-05,-0.0037073292011114071,0.0024033695908389774,0.013478398012061792,-0.24943313957225285,0.059687303630485418,-8.9677183497157565e-06,-0.00014558649699678919,0.34772964403575712,0.99999996994147455,0.00021818544452913212,-0.00010932525604640336,2.3667490049164983e-05,-0.34319238869631086,0.5686622179202051,0.0040442440096075073,-0.57181361879825521,-0.57225436922341899,-0.35494819085211388,0.57005001201081207,-0.00030751323724657095,0.57324385124999389,-0.57368026881616496,-0.00023977463882844826,-0.0015226303219374195,0.0004458470901517201,0.0051636319185584542,-0.0056778552388199481,0.0030354962225572113,0.0023133661892361726,-0.0084208967497769946,0.071632691674118551,0.0083174366468066786,0.008341270513536593,-0.0051968157939522846,0.0076076461826185904,0.020811520527419181,0.0076258314931676417,-0.0076152898776846462,0.037222880014568638,3.1407908273415766,-0.00023659209368256159,-0.031531576654926056,3.2458847544869847,6.4099818026954698e-05
hold,0,13,1,0.13400000000000009,0,0,0,0,0,0,0,31.049801169588285,32.074940427655569,0.00040410895811863329,0.00071903645566003633,0.00025686155777471849,0.00018254465704576204,-0.00010078205827498483,-0.00366029611450056,0.002390426740772611,0.013284062471613461,-0.24959517670106748,0.057318951137810457,-9.4799212837541379e-06,-0.0001486303868181904,0.34773062253408848,0.99999996802167657,0.00022337544764770319,-0.00011550281713018076,2.6817055768104277e-05,-0.34318725995805188,0.56864531575133692,0.0041918090665697396,-0.57179692585826691,-0.57223762692557478,-0.35495832197558669,0.57006532439220614,-0.00026277025502564595,0.57325920477929393,-0.57369560016022758,-0.00025610146701919025,-0.0015219449107006014,0.00048924916567718896,0.005190201501217304,-0.0061769967529993666,0.0031503461252355334,0.002564369129495014,-0.0084510844340915658,0.073782528481116369,0.0083464699941555327,0.0083711489220863813,-0.0050655617364065257,0.0076561906970170034,0.02237149111046249,0.0076767646500471645,-0.0076656720313117736,0.037222880014568638,3.1407908273415766,-0.00023659209368256159,-0.031531576654926056,3.2458847544869847,6.4099818026954698e-05
hold,0,13,2,0.13600000000000009,0,0,0,0,0,0,0,31.049863076915528,32.074518312251698,0.00040419205660624513,0.00073900275519130521,0.00025856157274438971,0.00018254351687266656,-0.00027088669372314248,-0.003627380100852192,0.0023773414636139023,0.013137825820198849,-0.24974688855611279,0.055048653670109728,-1.002548094467201e-05,-0.00015167345915770983,0.34773168783020691,0.99999996595664553,0.00022859172571799665,-0.00012217984805113462,3.0076827316970825e-05,-0.34318166790084176,0.5686283501262035,0.004343893762550198,-0.57178017097153244,-0.57222082076928238,-0.35496819720929723,0.57008073203253928,-0.00021482330143025454,0.57327465930241106,-0.57371103142924407,-0.00027277983045893579,-0.0015215361697597165,0.00053264805920298164,0.0052164758193210649,-0.0066764426783332016,0.0032606604900062347,0.0027960286050547579,-0.008482812566728129,0.07604234799022927,0.0083774433672086038,0.0084030781461942594,-0.0049376168552728132,0.0077038201665479544,0.023973476797695712,0.0077272615585675854,-0.0077156345082208975,0.037222880014568638,3.1407908273415766,-0.00023659209368256159,-0.031531576654926056,3.2458847544869847,6.4099818026954698e-05
hold,0,13,3,0.13800000000000009,0,0,0,0,0,0,0,31.049918539348759,32.074088901051987,0.00040427052992621226,0.00076019688701436158,0.00026021456463863526,0.00018254253534524825,-0.00044774228643476333,-0.0036091061821112622,0.0023640892276173275,0.013041379527098955,-0.24988909919570693,0.052871197835216467,-1.0605126411030494e-05,-0.00015471630364539529,0.34773283991403525,0.99999996373504163,0.000233834084411465,-0.00012935663372859457,3.3442452302428207e-05,-0.34317565159671704,0.56861131771661455,0.004500722582501838,-0.57176335024971392,-0.57220394667990349,-0.35497782433516434,0.57009623334955806,-0.00016358429744283817,0.5732902139786703,-0.57372656180074544,-0.00028982273317924216,-0.0015214222438427237,0.00057604191418257221,0.0052425543795258187,-0.0071761740241749463,0.0033666249809842096,0.0030081520623490791,-0.0085162047944848419,0.078414409975819929,0.008410360909244359,0.0084370446894276464,-0.0048135629335402238,0.0077506585094077492,0.025619501993708185,0.0077773381296351958,-0.0077651857506601434,0.037222880014568638,3.1407908273415766,-0.00023659209368256159,-0.031531576654926056,3.2458847544869847,6.4099818026954698e-05
hold,0,13,4,0.1400000000000001,0,0,0,0,0,0,0,31.049967398386563,32.073651995472304,0.00040434406105564757,0.00078264252169922468,0.00026182561505686311,0.00018254174766183824,-0.00063162578276142179,-0.0036060057135714591,0.0023506454582928882,0.012996403569021028,-0.25002265732544293,0.050781601159378159,-1.1219613986345788e-05,-0.00015775955008471413,0.34773407877194773,0.99999996134476565,0.00023910243230105017,-0.00013703344178320225,3.6909754037641457e-05,-0.34316925055136738,0.56859421492649564,0.0046625248545735789,-0.57174645973546778,-0.57218700054235805,-0.35498721230519792,0.57011182701825458,-0.00010896101685646158,0.57330586804800687,-0.5737421905201826,-0.00030724378765764761,-0.0015216232196594206,0.00061942895624254347,0.0052685400447368223,-0.007676173498679272,0.0034684152930997986,0.0032005226748243209,-0.0085513950594350418,0.080901136035870416,0.0084452571230882682,0.0084730687726954721,-0.0046939850167887227,0.0077968343482736711,0.027311640293188291,0.007827034668284617,-0.0078143597185709769,0.037222880014568638,3.1407908273415766,-0.00023659209368256159,-0.031531576654926056,3.2458847544869847,6.4099818026954698e-05
hold,0,14,0,0.1420000000000001,0,0,0,0,0,0,0,31.051013493085623,32.075474778100045,0.00040441233747397221,0.00079339051222252367,0.00026339983413000106,0.00018254117992158836,0.00020796825958878159,-0.0034163962832499646,0.0030123730379987279,0.012837763451695806,-0.31906302216027643,0.06311659597761074,-1.1874508141301045e-05,-0.00016079860349648158,0.34773542841599125,0.99999995875185166,0.00024439644943343943,-0.00014534834657256574,4.0503438001925529e-05,-0.34316213281158309,0.56857706983072365,0.0048290160881329126,-0.57172953163457085,-0.57217001599251449,-0.35499615967595316,0.57012752628518504,-5.0746834123208708e-05,0.57332163105759693,-0.57375792693497196,-0.00032744707747762796,-0.0015195267058837226,0.00067482202176690647,0.0052942031016086155,-0.0083142409657108035,0.0035949465777101205,0.0035588698921521812,-0.0085725478860119685,0.083245616779667034,0.0084640504484520922,0.0084922749217887783,-0.0044736853776296808,0.0078496334652465704,0.029107091366626436,0.0078815047950274875,-0.0078682073946589829,0.036828912117279677,3.1407143100005896,-0.00023676001395857502,-0.030405533131533526,3.2468349406190962,-9.6208224307415288e-06
hold,0,14,1,0.1440000000000001,0,0,0,0,0,0,0,31.051058927424211,32.075028154096636,0.00040447590233712305,0.00081514931684014639,0.00026499257887228509,0.00018254064678134639,9.1029928779454813e-06,-0.0034409568182898051,0.0029983206613035662,0.012869900466653547,-0.31917323739027886,0.060678388813650626,-1.2570623709453391e-05,-0.0001638343225687823,0.34773688882226961,0.99999995593877833,0.00024971619811782291,-0.00015430156914047588,4.4218630989540541e-05,-0.34315434098648678,0.56855987778609851,0.0050004436421435651,-0.57171256012326277,-0.57215298676687565,-0.35500467605064256,0.57014333010929175,1.1158108783215506e-05,0.5733375033967596,-0.57377377145196973,-0.00034805778407617267,-0.0015178595361503688,0.00073020313917825715,0.0053199265134299565,-0.0089525300958001406,0.0037166078675161811,0.0038959125481591024,-0.0085960223125694547,0.085713777005326078,0.0084857556540318992,0.008514612819442784,-0.0042581873447098276,0.0079019120533598778,0.030952471453212109,0.0079361695813273073,-0.007922258498877368,0.036828912117279677,3.1407143100005896,-0.00023676001395857502,-0.030405533131533526,3.2468349406190962,-9.6208224307415288e-06
hold,0,14,2,0.1460000000000001,0,0,0,0,0,0,0,31.05109612789899,32.074572866114039,0.00040453438612590709,0.00083829621783080514,0.00026655423081080147,0.00018254021443271965,-0.00019734562187210104,-0.0034817263335120475,0.0029841388228977195,0.012957743941326283,-0.31926802875463167,0.058341311880263196,-1.3308804242212437e-05,-0.00016686760675674347,0.34773845996142888,0.99999995288678467,0.00025506185202261224,-0.00016389329968909938,4.8050662031368036e-05,-0.34314591813603679,0.56854263390147475,0.0051770596160663875,-0.57169553943005924,-0.57213590672477743,-0.3550127723770517,0.57015923775487531,7.6858284202706252e-05,0.57335348546786236,-0.57378972447771237,-0.00036909026637952324,-0.0015166420939805782,0.00078556957962828478,0.0053458215867150894,-0.0095910100544183557,0.0038336013757253144,0.0042114252249943213,-0.0086219423119087684,0.088307986961411164,0.0085103466017399081,0.0085400210491273672,-0.0040481632045665621,0.0079538227918092615,0.032850087709745367,0.0079910355514021883,-0.0079765128713341661,0.036828912117279677,3.1407143100005896,-0.00023676001395857502,-0.030405533131533526,3.2468349406190962,-9.6208224307415288e-06
hold,0,14,3,0.1480000000000001,0,0,0,0,0,0,0,31.051125015245979,32.074108739496218,0.00040458742878419357,0.00086285413305052343,0.0002680900539486638,0.00018253993468667708,-0.00041169308489207306,-0.0035392878350821097,0.0029697985443188912,0.013103012388797075,-0.31934837120965087,0.056099890675719209,-1.4089923395857519e-05,-0.00016989940053075341,0.34774014179884349,0.99999994957586857,0.00026043369961032293,-0.00017412369953008928,5.1995051442130164e-05,-0.34313690782458639,0.56852533301417585,0.0053591212418740292,-0.5716784637636072,-0.57211876976397646,-0.35502046095429113,0.57017524879821679,0.00014646290091161146,0.57336957774399144,-0.57380578647805958,-0.00039055957682254113,-0.0015158968870049722,0.00084091870729407722,0.0053720030607581331,-0.01022965195945871,0.0039461183590228134,0.0045051557252084838,-0.0086504436494746813,0.091030812903820674,0.008537833226019656,0.0085684804004986861,-0.0038442886197274993,0.0080055216707164718,0.034802308354452596,0.0080461380645308108,-0.008031000173606459,0.036828912117279677,3.1407143100005896,-0.00023676001395857502,-0.030405533131533526,3.2468349406190962,-9.6208224307415288e-06
hold,0,14,4,0.15000000000000011,0,0,0,0,0,0,0,31.051145482765801,32.073635540257804,0.00040463467786316931,0.00088884874711483638,0.00026960540646096191,0.00018253984744971843,-0.00063426376078950229,-0.0036142317136489666,0.0029552708880249412,0.013307446497249558,-0.31941526926588226,0.053948896945925605,-1.491488635788573e-05,-0.00017293069758124736,0.34774193429481159,0.9999999459847847,0.00026583214761708205,-0.00018499290309499923,5.6047500359653437e-05,-0.34312735417535173,0.56850796966772033,0.0055468912747776008,-0.5716613272490163,-0.57210156974658288,-0.35502775544175047,0.57019136313485785,0.0002200860317659808,0.57338578081962399,-0.57382195803052238,-0.00041248148101410552,-0.001515648525246973,0.00089624798405664886,0.0053985891525328436,-0.010868428940746912,0.0040543396091688357,0.0047768246173337664,-0.0086816732277884921,0.093885016451785916,0.0085682572954575466,0.0086000086967744915,-0.0036472437296757414,0.0080571683205430088,0.036811565427184667,0.0081015378162557685,-0.0080857762313805946,0.036828912117279677,3.1407143100005896,-0.00023676001395857502,-0.030405533131533526,3.2468349406190962,-9.6208224307415288e-06
hold,0,15,0,0.15200000000000011,0,0,0,0,0,0,0,31.05058840372082,32.073840858766808,0.0004046757868237244,0.00091220894936595159,0.00027110575033066587,0.00018253998282731409,-0.00083427227431238536,-0.0035270659043039505,0.0029663012984766368,0.013278807723119554,-0.32164497021247423,0.061002449645743938,-1.5784787591222149e-05,-0.0001759589645876342,0.34774383818102017,0.99999994208924892,0.00027125713970395501,-0.00019650536554966002,6.0222120240743523e-05,-0.34311724930825654,0.56849054542313582,0.0057404744060697713,-0.57164413450605056,-0.57208431147755801,-0.35503470665758463,0.57020757603701444,0.00029799588144246124,0.57340208730668962,-0.57383823133191514,-0.00043495061666821007,-0.0015141335031934211,0.00095194310428814899,0.0054251198598692096,-0.011511656862880738,0.0041766766716402805,0.0050524335475975804,-0.0087121222922385139,0.096791565646085237,0.0085963714828662142,0.0086291345124358491,-0.0034756079170803135,0.0081064510782665918,0.038954924838240208,0.0081532435328016319,-0.0081366506963990223,0.036349666209755431,3.1403519230811288,-0.00023648440874500707,-0.02990330270901518,3.2472314177902621,-9.3452917390195587e-06
hold,0,15,1,0.15400000000000011,0,0,0,0,0,0,0,31.05059116826358,32.073349908292649,0.00040471063819584596,0.00093985090108571027,0.00027262287547433466,0.00018254018472907982,-0.0010742814391420782,-0.0036410176290696396,0.0029512961620721256,0.013609743774129556,-0.32168753579426573,0.058694467567836008,-1.6700599746690935e-05,-0.00017898541632058735,0.34774585340800679,0.99999993786517982,0.000276709335544417,-0.00020866117275774375,6.4514298196687665e-05,-0.34310663964663102,0.56847305392580472,0.0059401476301678101,-0.57162687822904912,-0.57206698737972905,-0.35504132997055088,0.57022388826233439,0.00038031491215336145,0.57341849920176902,-0.57385460842190139,-0.00045790607773439222,-0.0015132258664765788,0.0010076134933183752,0.0054523080582230639,-0.012154971393458986,0.0042944039256608939,0.0053048308127761085,-0.008745748665527622,0.099836612049019183,0.0086281385006976123,0.0086620489144738685,-0.0033116564831120721,0.0081561126599925069,0.041159515355450108,0.0082059475397242149,-0.0081885449931286027,0.036349666209755431,3.1403519230811288,-0.00023648440874500707,-0.02990330270901518,3.2472314177902621,-9.3452917390195587e-06
hold,0,15,2,0.15600000000000011,0,0,0,0,0,0,0,31.050585131678101,32.072848810247692,0.00040473887657803409,0.00096904448802046655,0.0002741313426396462,0.00018254051284902727,-0.0013235264269984665,-0.0037740856847813913,0.002936023190084569,0.014004403105584734,-0.32171954632262784,0.05647917368420094,-1.7663331433625895e-05,-0.0001820113236007774,0.34774797992180351,0.99999993328722614,0.0002821895221880167,-0.00022146038948467754,6.8919606667730099e-05,-0.34309557226824033,0.56845548849419036,0.0061461943594648266,-0.57160955105248212,-0.57204958985505139,-0.35504764221977053,0.57024030088972988,0.00046717109725011833,0.57343501857504542,-0.5738710913945908,-0.00048136584346747933,-0.0015129536400950328,0.0010632568983588407,0.0054802810543939416,-0.012798351447768256,0.0044077066534035274,0.0055336891953507005,-0.008782715807185577,0.10302336464850848,0.0086635882834996836,0.0086987623388472719,-0.0031561246098216773,0.0082063136977607223,0.043428092548378448,0.0082596866382008433,-0.0082414863446882754,0.036349666209755431,3.1403519230811288,-0.00023648440874500707,-0.02990330270901518,3.2472314177902621,-9.3452917390195587e-06
hold,0,15,3,0.15800000000000011,0,0,0,0,0,0,0,31.050570033132672,32.072337180553596,0.00040476015049820124,0.00099982399891842232,0.00027563766684052466,0.00018254101400691478,-0.0015823717727080863,-0.003926903123665431,0.0029204526659736274,0.014464872680674121,-0.3217421378151088,0.054351392927412777,-1.8674028823802656e-05,-0.00018503801770396712,0.34775021766416991,0.9999999283287645,0.00028769861823314932,-0.00023490306167184134,7.3433793066631463e-05,-0.34308409496487385,0.56843784209824277,0.0063589048249086105,-0.57159214548570991,-0.57203211121192754,-0.35505366173092234,0.57025681533227979,0.00055869807401724811,0.57345164762726297,-0.57388768245826371,-0.00050534869508838071,-0.0015133470515948562,0.0011188711832156679,0.0055091703268423846,-0.013441778217616758,0.0045167597743424864,0.0057386516832348706,-0.0088231979738199497,0.10635523272189212,0.0087027833861117055,0.0087393215619367484,-0.003009755575910684,0.0082572212749736935,0.045763488383564886,0.0083145261087854382,-0.0082955318364562186,0.036349666209755431,3.1403519230811288,-0.00023648440874500707,-0.02990330270901518,3.2472314177902621,-9.3452917390195587e-06
hold,0,15,4,0.16000000000000011,0,0,0,0,0,0,0,31.050545598030688,32.071814580799959,0.00040477411095049542,0.0010322260969563603,0.00027714836771745356,0.00018254172437913506,-0.0018511930235740753,-0.0041001158407660459,0.0029045545810717499,0.014993239798581259,-0.32175648194714934,0.05230616693157987,-1.9733777304109979e-05,-0.00018806689475086929,0.34775256657283637,0.99999992296189588,0.00029323767800061459,-0.00024898921878230431,7.8052769855067869e-05,-0.34307225630303695,0.56842010733904824,0.0065785764820608886,-0.57157465385550665,-0.57201454360143089,-0.35505940833439503,0.57027343335024283,0.00065503530297239499,0.57346838874017303,-0.57390438398815058,-0.0005298742401536622,-0.0015144385234510871,0.0011744543332363998,0.0055391115265888994,-0.014085235243101542,0.004621728277529792,0.0059193309184613621,-0.0088673795972436555,0.10983582857613915,0.008745815101618282,0.0087838052483258117,-0.0028733017363565751,0.0083090089815223162,0.048168614477573451,0.0083705564550297339,-0.0083507649434079179,0.036349666209755431,3.1403519230811288,-0.00023648440874500707,-0.02990330270901518,3.2472314177902621,-9.3452917390195587e-06
hold,0,16,0,0.16200000000000012,0,0,0,0,0,0,0,31.051714500093713,32.073868632099177,0.00040478041002766502,0.001051835317406674,0.00027867000071490401,0.000182542671391196,-0.00094712195386782618,-0.0040721133119967353,0.0036657506815540586,0.015379774650324786,-0.40013011877304477,0.065187950528680136,-2.0849099712770318e-05,-0.0001910939085663119,0.34775505394189649,0.99999991711376424,0.00029880746723340621,-0.00026387560011848806,8.2802349506133884e-05,-0.34305968805246767,0.56840231242141459,0.0068049362423923026,-0.57155710859391373,-0.57199692106527589,-0.3550646538919538,0.57029017417654837,0.00075641810470077975,0.57348525736605394,-0.57392121130060325,-0.00055766120433016855,-0.001513506907721302,0.0012436845300468036,0.0055698111896841174,-0.014885423627938326,0.004752558172275244,0.0062841252846480176,-0.0088974588168037258,0.11317988016570715,0.0087726307964817226,0.0088112680775143826,-0.0026227787793853086,0.008370413152788081,0.050691400864192382,0.0084343129404730686,-0.0084136562263481679,0.035981221568866108,3.1403163905141467,-0.00024205442472723064,-0.02870201956875762,3.2482616381030143,-9.9882996743869303e-05
hold,0,16,1,0.16400000000000012,0,0,0,0,0,0,0,31.051682003734548,32.073330113334805,0.00040477966035545182,0.0010840271258452929,0.00028025928444459585,0.00018254367124328564,-0.001237142523417322,-0.0042824517260651842,0.0036489529446388502,0.016015474411261995,-0.40012171143366537,0.062764799195079907,-2.2021166339520152e-05,-0.00019412073514874992,0.3477576796972468,0.99999991074630101,0.00030440925418406378,-0.00027956218982250409,8.7677689372486173e-05,-0.34304644273147444,0.5683844486381362,0.0070383055694019708,-0.57153949987597841,-0.5719792332727992,-0.35506941954337606,0.57030703998501597,0.00086299743707724474,0.57350225722312731,-0.5739381681000516,-0.00058603331337491718,-0.0015134132912190046,0.0013128776751450645,0.0056017759860231206,-0.015685597137982933,0.0048785490849852118,0.0066226604966005617,-0.008931891639193142,0.11668466350483427,0.0088043589676603459,0.0088438962383363302,-0.0023828257111227144,0.0084329042338247891,0.053289666188232505,0.0084999285366889419,-0.0084783997241798994,0.035981221568866108,3.1403163905141467,-0.00024205442472723064,-0.02870201956875762,3.2482616381030143,-9.9882996743869303e-05
hold,0,16,2,0.16600000000000012,0,0,0,0,0,0,0,31.051638071522337,32.072778702413686,0.00040477144314188251,0.0011180258345353565,0.00028186742924087645,0.00018254479235446368,-0.0015379510981473547,-0.0045145183451391997,0.0036318928064975609,0.016724307630715786,-0.400097970401461,0.060438569072330375,-2.3251189229420444e-05,-0.00019714911692550284,0.34776044375873538,0.99999990381947745,0.0003100444532799871,-0.00029604894138750905,9.2674140559452289e-05,-0.34303257368056167,0.56836650694112512,0.0072790131637655818,-0.57152181783052514,-0.5719614699227108,-0.35507372814899429,0.57032403335999637,0.00097493069275552281,0.57351939214607228,-0.57395525819576243,-0.00061501144495014655,-0.0015141908883764645,0.0013820307442908377,0.0056351520004113862,-0.016485725146138573,0.0049998946797644994,0.0069345254563878333,-0.0089708485055319705,0.1203537971818055,0.0088410227266194977,0.0088816750442298753,-0.0021543028091131331,0.0084966874901834973,0.055966627839139055,0.0085674614724718951,-0.0085450478554101837,0.035981221568866108,3.1403163905141467,-0.00024205442472723064,-0.02870201956875762,3.2482616381030143,-9.9882996743869303e-05
hold,0,16,3,0.16800000000000012,0,0,0,0,0,0,0,31.051582521459956,32.072213981270949,0.00040475534647895633,0.001153867874094743,0.0002835012144023557,0.00018254608883400391,-0.0018499775975970953,-0.0047690403710374443,0.0036145345395723893,0.01750849001875697,-0.40006024288648606,0.058203711449741465,-2.4540424075009154e-05,-0.0002001808676684623,0.34776334604043679,0.99999989629130315,0.0003157146295534225,-0.00031333578035535475,9.7787236817430619e-05,-0.34301813512964135,0.56834847791711973,0.0075273954576741955,-0.57150405246888325,-0.57194362065857418,-0.35507760430905966,0.57034115730645651,0.0010923818936167907,0.57353666614757493,-0.57397248556494063,-0.000644617422794354,-0.0015158753714797288,0.0014511408507016054,0.0056700897462711192,-0.017285779726504497,0.0051167775030231955,0.0072192754601503257,-0.0090145120027163642,0.12419114695430705,0.008882680820944705,0.0089246320682953347,-0.0019380800326817007,0.0085619732300900708,0.058725600430633976,0.0086370007513232282,-0.0086136845890826975,0.035981221568866108,3.1403163905141467,-0.00024205442472723064,-0.02870201956875762,3.2482616381030143,-9.9882996743869303e-05
hold,0,16,4,0.17000000000000012,0,0,0,0,0,0,0,31.051515137706144,32.071635461080305,0.00040473096329692038,0.001191593131931892,0.00028516752790790057,0.00018254760293825675,-0.0021736648746792189,-0.0050467599641334715,0.0035968422924810284,0.018370276959703259,-0.40000991834447119,0.05605491397474114,-2.5890172165712243e-05,-0.00020321787740218642,0.34776638645093949,0.99999988811782314,0.00032142150315091753,-0.00033142260709898062,0.00010301268390617786,-0.34300318226668824,0.56833035176481173,0.0077837971085685503,-0.57148619362194975,-0.57192567499463309,-0.35508107438576991,0.570358415260945,0.001215521892394816,0.57355408347307302,-0.57398985440876804,-0.00067487404535154511,-0.001518504866862058,0.0015202052513582527,0.0057067442452291353,-0.018085735739382991,0.0052293694545353471,0.0074764314765505529,-0.0090630761540038164,0.12820082544717756,0.0089294234667375329,0.0089728319705696651,-0.0017350383551238138,0.0086289772442307913,0.061569999389012621,0.0087086627490196092,-0.0086844219136996831,0.035981221568866108,3.1403163905141467,-0.00024205442472723064,-0.02870201956875762,3.2482616381030143,-9.9882996743869303e-05
hold,0,17,0,0.17200000000000013,0,0,0,0,0,0,0,31.050732855142154,32.071644650900936,0.0004046978894628947,0.001227359941202575,0.00028687338139883048,0.00018254936716082865,-0.0025547457231625908,-0.0051632948866750308,0.003557484320367621,0.019001657702000276,-0.39664843906949054,0.063185174061487256,-2.7301536554284186e-05,-0.00020625849048787383,0.3477695637873644,0.99999987925363765,0.00032716634008737839,-0.00035030269373510797,0.00010836474365830861,-0.3429877408120518,0.56831212415200505,0.0080484160993613291,-0.57146824006204011,-0.57190763180649185,-0.35508422512959087,0.57037580457956083,0.0013446886914893939,0.57357163885509521,-0.57400735898021804,-0.0007056821942859722,-0.001520306542843713,0.0015886682124504406,0.0057446680484557694,-0.018878958986870142,0.0053562245638187943,0.0077207273182165661,-0.0091138064033520396,0.13230949539638964,0.0089767799548076121,0.0090215940706112781,-0.0015753719104665226,0.0086946593079257183,0.06458339954728895,0.0087776910110873105,-0.0087522857249726378,0.035469020020423819,3.1399150529398048,-0.00024169362241361486,-0.028224840336620486,3.2486302509760341,-9.95223975726294e-05
hold,0,17,1,0.17400000000000013,0,0,0,0,0,0,0,31.050639810518131,32.071037788600051,0.00040465592576929138,0.0012677081655500843,0.00028865094453227693,0.00018255122135034035,-0.0029031065414830853,-0.0054925602222634659,0.0035390057148116938,0.020030190351648099,-0.39657728751407662,0.060868154280295961,-2.8775915646163347e-05,-0.00020930487693978929,0.34777287794828987,0.99999986965102472,0.00033295119394681418,-0.00036997589915012326,0.00011383878510089352,-0.34297186908541283,0.56829378419258891,0.0083216169447563153,-0.57145017999791659,-0.5718894789887442,-0.35508708544865275,0.57039332983706992,0.0014800655395469161,0.57358933823184566,-0.57402500524221822,-0.00073718954593957986,-0.0015231932259577316,0.001657080462744474,0.0057846419926229692,-0.019672042356946771,0.0054784517833339147,0.0079358633194976779,-0.0091699797080717869,0.1366004226974934,0.0090300320617543381,0.0090764088738121054,-0.001430159530932837,0.0087626287545183625,0.06768842402876106,0.0088496883752426248,-0.0088231310000792939,0.035469020020423819,3.1399150529398048,-0.00024169362241361486,-0.028224840336620486,3.2486302509760341,-9.95223975726294e-05
hold,0,17,2,0.17600000000000013,0,0,0,0,0,0,0,31.050534232769493,32.070415288620175,0.00040460465568405851,0.0013101015076852282,0.00029047736028885358,0.00018255322902004358,-0.0032645363055485428,-0.0058472819273934582,0.00352008178012575,0.021142542271026497,-0.39649838305133778,0.058639273868160993,-3.0314759688655958e-05,-0.00021235929223589262,0.34777632882786857,0.99999985926031765,0.00033877828584052993,-0.00039044206675809001,0.00011943035339098164,-0.34295562650330541,0.56827532057462127,0.0086037736127333019,-0.5714320014805867,-0.57187120431744309,-0.35508968616413772,0.57041099605147128,0.0016218434138421385,0.57360718773490449,-0.57404279933070534,-0.00076942202124630535,-0.0015272076480516632,0.0017254397893380303,0.0058268334960783754,-0.020464970415908709,0.0055962270959276778,0.008121291053718083,-0.0092318089838232028,0.1410783339884932,0.009089258664914909,0.0091373356505550802,-0.0013003577424734061,0.0088331072006927157,0.070888937147611214,0.0089247515294383923,-0.0088970442435343192,0.035469020020423819,3.1399150529398048,-0.00024169362241361486,-0.028224840336620486,3.2486302509760341,-9.95223975726294e-05
hold,0,17,3,0.17800000000000013,0,0,0,0,0,0,0,31.050415709592173,32.069776448616857,0.00040454366256103408,0.0013545910385230576,0.00029236082440976222,0.00018255544060058533,-0.0036395352974814134,-0.0062282782393161184,0.003500675596013636,0.02234142299752951,-0.3964132997100443,0.056493229292378225,-3.1919572974026593e-05,-0.00021542408258848949,0.34777991631616773,0.99999984802990105,0.00034465000982526674,-0.00041170102765344642,0.00012513515919374769,-0.34293907365524334,0.56825672153892504,0.0088952700347034105,-0.57141369233872563,-0.57185279537780376,-0.35509206004183941,0.57042880870220125,0.001770221254977662,0.57362519375210097,-0.5740607476202757,-0.00080240664268531716,-0.0015323951762984342,0.0017937441495776384,0.0058714153944369645,-0.021257730887782357,0.0057097158479028267,0.0082764240310307033,-0.0092995178480980278,0.14574821098505397,0.0091545709305392194,0.0092044698196497472,-0.0011869388508568058,0.0089063253650140117,0.074188920567761704,0.0090030085982316117,-0.0089741447852045072,0.035469020020423819,3.1399150529398048,-0.00024169362241361486,-0.028224840336620486,3.2486302509760341,-9.95223975726294e-05
hold,0,17,4,0.18000000000000013,0,0,0,0,0,0,0,31.050283807998127,32.069120498132655,0.00040447252798005845,0.0014012308269410259,0.00029430956414646498,0.00018255789569960245,-0.0040286196271968732,-0.0066363899931228638,0.0034807497851367941,0.023629568247353568,-0.39632366186282064,0.054424923064505214,-3.3591916112547283e-05,-0.00021850169024553826,0.34778364029952358,0.99999983590620556,0.00035056893837359719,-0.00043375260386468458,0.00013094906847169101,-0.34292227238153417,0.56823797485907412,0.0091965006233433021,-0.57139524012192455,-0.57183423950090972,-0.35509424182623728,0.57044677374872854,0.0019254062103776007,0.57364336298410257,-0.57407885678311399,-0.0008361715692603444,-0.0015388038285243861,0.0018619916779290097,0.0059185659927343441,-0.022050314755612276,0.0058190731590338132,0.0084006368545764525,-0.0093733399254421687,0.15061529431994547,0.0092261084005643788,0.0092779384469902949,-0.0010908921989250728,0.0089825232636632814,0.077592477699969381,0.0090846160008111188,-0.0090545814191649882,0.035469020020423819,3.1399150529398048,-0.00024169362241361486,-0.028224840336620486,3.2486302509760341,-9.95223975726294e-05
hold,0,18,0,0.18200000000000013,0,0,0,0,0,0,0,31.052050714163503,32.072002348994566,0.00040439083016709232,0.0014313853648110705,0.00029633187465653919,0.00018256062502023654,-0.002734767335170253,-0.0068026400032785662,0.00458078656584604,0.024764464043292578,-0.50892711528200074,0.070375826801039557,-3.5341198440191009e-05,-0.00022158799511358176,0.34778754001117806,0.99999982272602483,0.00035653732339655512,-0.00045682199094599989,0.00013690406462919783,-0.34290470491722419,0.56821911678603154,0.0095071230951949883,-0.57137668634312155,-0.57181558031169377,-0.35509589055818586,0.57046492423829342,0.0020876706438487814,0.57366172394649662,-0.57409715533274885,-0.00087464116382186146,-0.001543152434021747,0.001949855827246761,0.0059679507450858199,-0.0230680829328072,0.005960495514854048,0.0087837321549833949,-0.0094290365212949569,0.15531123592584273,0.009276889401480257,0.0093295946079494634,-0.00082436597429320782,0.0090752447824580269,0.081132216735590373,0.0091804811970157326,-0.0091492748174055172,0.035118660591159222,3.1399894115893385,-0.00025831454068113706,-0.026676906214034565,3.2499878701327214,-0.00021752694942175921
hold,0,18,1,0.18400000000000014,0,0,0,0,0,0,0,31.05190698545109,32.07132110597081,0.00040429941918108947,0.0014779443182349628,0.00029849554344762649,0.00018256342167334414,-0.0031537755521372389,-0.0072587484969221803,0.0045595292499740481,0.026191011308679391,-0.50881925501019121,0.067806282659017614,-3.7169104049412006e-05,-0.000224685805392811,0.34779161532405162,0.99999980841531688,0.00036255801283380874,-0.00048090897480340699,0.00014299501211895637,-0.34288643859922602,0.56820013341738773,0.0098275652090990002,-0.57135801579551904,-0.57179680193981597,-0.35509704294098721,0.57048326662640925,0.0022572388847810947,0.57368028500150781,-0.57411565155791833,-0.0009139528046104991,-0.0015489051396146152,0.0020376564367783718,0.0060201783456636767,-0.024085638734222259,0.0060967858952678707,0.0091331589990935619,-0.0094916843218860181,0.16022105695200584,0.009335273801278075,0.0093891859388740492,-0.00057619140066839493,0.0091711940579023623,0.084784120466156632,0.0092805275055823627,-0.0092481125847210625,0.035118660591159222,3.1399894115893385,-0.00025831454068113706,-0.026676906214034565,3.2499878701327214,-0.00021752694942175921
hold,0,18,2,0.18600000000000014,0,0,0,0,0,0,0,31.051746769989848,32.070619680578758,0.00040419777049726519,0.0015269081671289327,0.0003007430683068797,0.0001825663650118567,-0.0035879775870454418,-0.0077436906401202226,0.0045378624311283033,0.027713786746412408,-0.50869649786764404,0.065334438878082199,-3.907737682000187e-05,-0.00022779802696123758,0.34779586610441837,0.99999979289685981,0.00036863404693793304,-0.00050601331159676806,0.00014921697055275793,-0.34286754208772413,0.56818101043707736,0.01015826521302785,-0.57133921319527947,-0.57177788853258904,-0.35509773795825555,0.57050180794756411,0.0024343442545036505,0.57369905475134964,-0.57413435398069645,-0.00095413638529493058,-0.0015561107842132912,0.0021253901833716031,0.0060754409678126864,-0.025102952471357961,0.0062281392206937269,0.0094482557509374,-0.0095614901551624495,0.16535000196442487,0.0094013001197948403,0.0094567036134434544,-0.00034750863416650366,0.0092706605774050248,0.088552684861277917,0.0093848749208989852,-0.0093512113890554631,0.035118660591159222,3.1399894115893385,-0.00025831454068113706,-0.026676906214034565,3.2499878701327214,-0.00021752694942175921
hold,0,18,3,0.18800000000000014,0,0,0,0,0,0,0,31.051569775583459,32.069897335185033,0.0004040853644167175,0.0015783305970617657,0.00030308293788885478,0.00018256951848300996,-0.0040379671060054951,-0.0082584387078309725,0.004515740635110177,0.02933575461094419,-0.50856071502467115,0.062954279209186489,-4.1067823033010585e-05,-0.00023092766951850796,0.34780029221230491,0.99999977609024937,0.00037476866420086514,-0.00053213473148840411,0.00015556518264664998,-0.34284808545322687,0.56816173308968376,0.010499672478846965,-0.57132026310335482,-0.57175882416027435,-0.3550980169094401,0.57052055582980199,0.0026192293624098719,0.57371804211182409,-0.57415327143067296,-0.00099522310650435736,-0.0015648212786351871,0.0022130539432735786,0.0061339367093812399,-0.02611999821137476,0.0063547383345239567,0.0097283172486302381,-0.0096386736967927836,0.17070363290955745,0.0094750459623308379,0.0095321861573453345,-0.00013947559228121362,0.0093739411189657611,0.092442553953110754,0.0094936802372167471,-0.0094587249882298469,0.035118660591159222,3.1399894115893385,-0.00025831454068113706,-0.026676906214034565,3.2499878701327214,-0.00021752694942175921
hold,0,18,4,0.19000000000000014,0,0,0,0,0,0,0,31.051375656291295,32.069153235918996,0.00040396168342329147,0.0016322696641827648,0.00030552381622589875,0.00018257293234311741,-0.0045043560878967534,-0.008803990812326485,0.0044931183327250324,0.031059959360071401,-0.50841383662696538,0.060660028998528029,-4.3142314065673622e-05,-0.00023407785276960709,0.34780489350190719,0.99999975791189477,0.00038096530744067414,-0.00055927294250999863,0.00016203506264772917,-0.34282814026578368,0.56814228615658702,0.010852248136957839,-0.57130114985680003,-0.57173959273336072,-0.35509792344896474,0.57053951851092632,0.0028121464108528207,0.57373725637879147,-0.57417241311188527,-0.001037245516331519,-0.0015750916255495595,0.0023006448011404471,0.006195869752944159,-0.027136753895764133,0.0064767544832175046,0.0099725937216010845,-0.0097234665483520253,0.17628782905543694,0.0095566232773704393,0.0096157134568183155,4.6730237678949826e-05,0.0094813405621414076,0.096458524221474454,0.0096071334836823029,-0.0095708406061541223,0.035118660591159222,3.1399894115893385,-0.00025831454068113706,-0.026676906214034565,3.2499878701327214,-0.00021752694942175921
hold,0,19,0,0.19200000000000014,0,0,0,0,0,0,0,31.050314758790975,32.068938092571031,0.00040382620969271754,0.001684819228981338,0.00030807455781651843,0.00018257664596532956,-0.0050967819309881484,-0.0091840174528315336,0.0044063061186978558,0.032559554430372839,-0.50040209216831311,0.06833322394206208,-4.5302208199543225e-05,-0.00023724792177528615,0.34780966713713007,0.99999973828116351,0.00038722698371131077,-0.00058741191539376635,0.00016864195375684805,-0.34280776450197059,0.56812265879686152,0.011216306977698428,-0.5712818658794071,-0.57172018668057012,-0.35509758431173216,0.57055869669516668,0.0030135372586993017,0.57375669557462117,-0.57419177646176267,-0.0010799470669348014,-0.0015850345028395332,0.0023868176114323408,0.0062608177894969254,-0.028137474669499913,0.0066141106778428976,0.010187881906538538,-0.0098136798627228138,0.18202942037029435,0.009641988696470467,0.0097030263953234424,0.00016956861628244073,0.0095890921201937859,0.10069542392324042,0.0097195979148258817,-0.0096816749387217127,0.034545460665224632,3.1395313458670291,-0.00025777182613941437,-0.026187011529123165,3.250355873775761,-0.00021698455088719446
hold,0,19,1,0.19400000000000014,0,0,0,0,0,0,0,31.05008323967543,32.068148297958523,0.00040367862301873142,0.0017426526530879387,0.00031076957672929715,0.0001825804872586653,-0.0055978372528065565,-0.0097976367320897206,0.0043825361883236269,0.034503509066241687,-0.5002395468349744,0.065845321232569351,-4.7549514984987395e-05,-0.00024044135725174531,0.34781461296215682,0.99999971710918067,0.00039355757525660353,-0.0006165513271260551,0.00017538088217622038,-0.34278703407336381,0.56810283454645183,0.011592337532274642,-0.5712623937195872,-0.57170058814577929,-0.35509704685994159,0.57057810017924671,0.0032236720905136048,0.57377637113273583,-0.57421137290738278,-0.0011236533927220854,-0.001596717738229585,0.0024729125133704623,0.0063296424873313575,-0.029137874655570838,0.0067464951288102835,0.01036521430338804,-0.0099121252048320705,0.18801527728810682,0.009736079909956492,0.0097992673954380334,0.00026872589527548226,0.0097017420400076354,0.1050674159071515,0.0098377790573381217,-0.0097982228100664103,0.034545460665224632,3.1395313458670291,-0.00025777182613941437,-0.026187011529123165,3.250355873775761,-0.00021698455088719446
hold,0,19,2,0.19600000000000015,0,0,0,0,0,0,0,31.049833407564297,32.067333822195749,0.00040351838745875807,0.001803226199790172,0.00031358727441179964,0.00018258452914249142,-0.0061172532150876582,-0.010445166934886022,0.0043581174233562336,0.036558538091696305,-0.50007307678474056,0.063445289189074897,-4.9886317804446994e-05,-0.00024366176292096888,0.34781973081698264,0.9999996943039583,0.00039996118629591338,-0.00064669084692110844,0.00018224704948111532,-0.34276602658785749,0.56808279643701198,0.011980841745324381,-0.57124271572069429,-0.57168077911385506,-0.35509636102353798,0.57059773939871106,0.0034428319330209486,0.5737962948473383,-0.57423121421542977,-0.0011684014097298001,-0.0016102028346117784,0.0025589274129231938,0.0064025656530126143,-0.030137946173252977,0.0068740828447062365,0.01050374275315461,-0.010019054719924723,0.19425210652486963,0.0098389994464591658,0.0099045159621289347,0.00034291820179432496,0.0098196097321912,0.109579921253672,0.0099618573012473389,-0.0099206540234938849,0.034545460665224632,3.1395313458670291,-0.00025777182613941437,-0.026187011529123165,3.250355873775761,-0.00021698455088719446
hold,0,19,3,0.19800000000000015,0,0,0,0,0,0,0,31.049564630749998,32.06649350054046,0.00040334496166945233,0.0018666124207076043,0.00031653793588272872,0.00018258883010918551,-0.0066557222650762797,-0.011127732917618037,0.0043330037682505207,0.038728328994711618,-0.49990486738181827,0.061127308057810845,-5.2314776922813458e-05,-0.00024691287230235118,0.34782502053790837,0.99999966977038635,0.00040644215039669024,-0.00067783014060024318,0.0001892358209494275,-0.34274482144972457,0.56806252697558113,0.012382335632047102,-0.57122281395323538,-0.57166074133367584,-0.3550955793527345,0.57061762545487016,0.0036713090018939726,0.57381647895028309,-0.57425131257171735,-0.001214229559183233,-0.0016255546906911605,0.0026448604628614676,0.0064798164633374398,-0.031137685930373846,0.0069970371329573433,0.010602569066459278,-0.01013473071542462,0.2007469433613604,0.0099508837294376585,0.010018890089613758,0.00039083540173718878,0.0099430280795565918,0.11423853443651188,0.010092051472386067,-0.010049178143806511,0.034545460665224632,3.1395313458670291,-0.00025777182613941437,-0.026187011529123165,3.250355873775761,-0.00021698455088719446
hold,0,19,4,0.20000000000000015,0,0,0,0,0,0,0,31.049276238765291,32.065626072812151,0.00040315779672619317,0.0019328876746046511,0.0003196319421353603,0.00018259343670851163,-0.0072139590501295809,-0.01184649680962822,0.0043071487541403997,0.041016642075300432,-0.4997371737327353,0.058885763971291541,-5.4837132635912741e-05,-0.00025019855560019989,0.34783048195805372,0.99999964341022263,0.00041300503799222306,-0.00070996887511093722,0.00019634271430106549,-0.34272349996214441,0.56804200812614036,0.012797349945155183,-0.57120267015598836,-0.57164045625145399,-0.35509475707404325,0.5706377701428742,0.0039094070599830777,0.57383693618166132,-0.57427168065399947,-0.0012611778565496412,-0.0016428416489243545,0.0027307100726744237,0.0065616316100969348,-0.032137095163684834,0.0071155100076984324,0.010660743790076354,-0.010259424720370804,0.2075071565540404,0.010071898623506175,0.010142541110946193,0.00041113934562144974,0.010072344002039792,0.11904902904455267,0.01022861568909806,-0.010184041141068091,0.034545460665224632,3.1395313458670291,-0.00025777182613941437,-0.026187011529123165,3.250355873775761,-0.00021698455088719446
hold,0,20,0,0.20200000000000015,0,0,0,0,0,0,0,31.052116529542104,32.069975213981181,0.00040295633400789371,0.0019745256541644947,0.00032287981081105424,0.00018259838566164239,-0.0050894814741295176,-0.012243773053244348,0.0059963794559561023,0.043254791113966969,-0.68065234641587558,0.083730194665839669,-5.7468354880547474e-05,-0.00025351301229306302,0.34783617778467535,0.9999996148420347,0.00041965428625265043,-0.00074346886067992507,0.00020361756853016464,-0.34270122686518673,0.56802129335152185,0.013225326593081572,-0.57118234603507423,-0.57161998872543773,-0.35509333425875084,0.5706582284619065,0.0041574922963211695,0.57385771436792521,-0.57429236639416537,-0.0013156111223173665,-0.0016572283464315581,0.0028479133108258925,0.0066478451315079594,-0.033498294892571827,0.0072839721491012449,0.011136548478828844,-0.010357387309266528,0.21398832396319517,0.010162060457089568,0.010233763008100511,0.00071140764621178867,0.010229159516149994,0.12404261816904567,0.010389093131953093,-0.010342870082922846,0.034070495361816354,3.1397093514584014,-0.00029198898538322827,-0.023788570600612142,3.2524315806929232,-0.00037541252481133598
hold,0,20,1,0.20400000000000015,0,0,0,0,0,0,0,31.051812732544544,32.069066889138576,0.00040274191565895651,0.0020400752747335282,0.00032638286591394434,0.00018260335874733264,-0.0056897551112555164,-0.013024399402103495,0.005968713104417489,0.045712690395569335,-0.6804699058879391,0.080654241082810912,-6.0210863558614734e-05,-0.00025686064207884726,0.34784210783370512,0.99999958392311583,0.00042639480213115151,-0.00077832973537256473,0.00021105423404485068,-0.34267809174593838,0.56800036247056584,0.01366684366016312,-0.57116181939575394,-0.57159931559825528,-0.35509136850133072,0.57067901279801392,0.0044158933142178476,0.5738788287431914,-0.57431338488006589,-0.0013712543390336305,-0.0016738148928921301,0.0029650245148703964,0.0067389569017683214,-0.034859135919490573,0.0074462870994901533,0.011567559624179893,-0.010465440477988006,0.22075853354077338,0.010263319660145452,0.010336563591242609,0.00098287871005919977,0.010392168053685385,0.12920050894833907,0.010557187633118329,-0.010509242950287915,0.034070495361816354,3.1397093514584014,-0.00029198898538322827,-0.023788570600612142,3.2524315806929232,-0.00037541252481133598
hold,0,20,2,0.20600000000000016,0,0,0,0,0,0,0,31.05148437479189,32.068127018727246,0.00040251382964341664,0.0021088711172644343,0.00033005344013102393,0.00018260847126778528,-0.0063112654137812037,-0.013843442939471496,0.0059405079388064053,0.048299459860378272,-0.68027038809649021,0.077690523820080806,-6.3067162983550983e-05,-0.00026024598058194646,0.34784827191293394,0.9999995505050655,0.00043323175008368853,-0.00081455110319886813,0.0002186467851670353,-0.34265418615307414,0.56797919485397563,0.014122493754304256,-0.57114106807117471,-0.57157841387693953,-0.35508892054370067,0.57070013639500583,0.0046849513300317872,0.57390029491422978,-0.57433475157064984,-0.0014281497124681245,-0.0016926692515496003,0.003082039614397885,0.0068352241940005769,-0.036219584316721856,0.0076026782209918852,0.01195279643211598,-0.01058380829509957,0.22782504707056814,0.010375662289636475,0.010450860657873488,0.0012239788150290606,0.01056179849596643,0.13452900790696984,0.010733085519207809,-0.01068334529197006,0.034070495361816354,3.1397093514584014,-0.00029198898538322827,-0.023788570600612142,3.2524315806929232,-0.00037541252481133598
hold,0,20,3,0.20800000000000016,0,0,0,0,0,0,0,31.051131000703549,32.06715436326084,0.00040227136584308071,0.0021809879227991918,0.00033390181939746064,0.00018261381646807599,-0.0069548365244793573,-0.014702281066866951,0.0059117065736540297,0.051019110615933033,-0.68005639338381141,0.074831665502260475,-6.6039845508663458e-05,-0.00026367370768609621,0.3478546698225895,0.9999995144337841,0.00044017056008610725,-0.00085213253932531121,0.00022638950533145473,-0.34262960371471857,0.56795776939922737,0.014592884826970859,-0.57112006982450247,-0.57155726061148215,-0.35508605433121743,0.57072161337653848,0.0049650206078097944,0.57392212896531225,-0.57435648240030923,-0.0014863412625562397,-0.0017138635520748792,0.0031989548277931166,0.0069369122935016951,-0.037579611381495674,0.0077533540289417818,0.012291219177774919,-0.010712727374149765,0.23519553633330145,0.010499123336101526,0.010576632728691762,0.0014331062416154232,0.010738490766314283,0.14003463888900342,0.010917025541255919,-0.010865414829701455,0.034070495361816354,3.1397093514584014,-0.00029198898538322827,-0.023788570600612142,3.2524315806929232,-0.00037541252481133598
hold,0,20,4,0.21000000000000016,0,0,0,0,0,0,0,31.050752061571732,32.066147546765563,0.00040201381237923994,0.0022565059095754226,0.00033793865830683036,0.00018261946922634197,-0.0076213178853510822,-0.015602332720118546,0.005882251973217123,0.053875827959600636,-0.67983060310754229,0.072070574902669521,-6.9131595267410138e-05,-0.00026714865596903174,0.34786130135594034,0.999999475549465,0.00044721693599925028,-0.00089107359544921157,0.00023427687285395887,-0.34260444025913428,0.56793606450801171,0.015078640993199261,-0.57109880226400733,-0.57153583278989872,-0.35508283707405264,0.5707434587714536,0.0052564689038791931,0.57394434755417145,-0.57437859387437196,-0.0015458748793733383,-0.0017374741414677587,0.0033157666754225451,0.00704429484538767,-0.038939193799177228,0.0078985087580946862,0.012581727792141032,-0.010852445607846145,0.24287808311420164,0.01063378024755296,0.010713910791692025,0.0016086285824054788,0.010922697457552866,0.14572414803469949,0.0111092944296194,-0.011055737031371572,0.034070495361816354,3.1397093514584014,-0.00029198898538322827,-0.023788570600612142,3.2524315806929232,-0.00037541252481133598
hold,0,21,0,0.21200000000000016,0,0,0,0,0,0,0,31.049326425279965,32.065648624079223,0.00040174045210943088,0.0023321265428021681,0.0003421749776689304,0.00018262548920092061,-0.0085162809593159125,-0.016329162608700785,0.0057510357545904611,0.05644436009610064,-0.66478619273786066,0.078563553280391926,-7.2344090808512874e-05,-0.00027067206596797838,0.34786816131536963,0.99999943371012046,0.00045437602832940251,-0.00093134417778464526,0.00024232186098964209,-0.34257881145307428,0.56791406185209126,0.015580267993655287,-0.57107724984919883,-0.57151411463591317,-0.35507944474510922,0.57076567892106744,0.0055598564974413643,0.57396695503155271,-0.57440108969499692,-0.0016062477705513691,-0.0017617049994733151,0.0034299797146368845,0.0071568414993045211,-0.040268677863922291,0.0080566241291091991,0.012814403029990918,-0.011001327960237397,0.25081350022801219,0.010776207404261868,0.010859076992772693,0.0016961644717168297,0.011110074806945749,0.15169379678108538,0.011303738690654092,-0.011247910312473431,0.033500782339214989,3.1392273028393527,-0.00029180173742090684,-0.023375777582833976,3.2527526143008139,-0.00037522612733038803
hold,0,21,1,0.21400000000000016,0,0,0,0,0,0,0,31.048891061088938,32.0645699648978,0.00040145072257252723,0.0024135246882196065,0.00034664011385884103,0.00018263172987896574,-0.0092311782746213079,-0.017319933130207445,0.0057200890113797698,0.059599226621022565,-0.66454650028529827,0.075655844639667486,-7.568021042488568e-05,-0.00027424921789649112,0.34787524948299831,0.99999938874791416,0.00046165413706909005,-0.00097294381067127033,0.00025051865315514523,-0.34255281882921906,0.56789173851112129,0.016098426438484841,-0.57105538853824689,-0.57149208156744924,-0.3550759502577856,0.57078829110041318,0.005875577288191304,0.57398997066893842,-0.57442398907218584,-0.0016680598081864019,-0.0017885759642563624,0.0035440838143354731,0.0072756785843634654,-0.041597690436278943,0.0082089218733712322,0.012996311927610766,-0.011161670485005952,0.25907922241477765,0.010930655475998419,0.01101653423195437,0.0017472436618167124,0.011306089672885006,0.15786039537496988,0.011507818692840722,-0.011449688594466111,0.033500782339214989,3.1392273028393527,-0.00029180173742090684,-0.023375777582833976,3.2527526143008139,-0.00037522612733038803
hold,0,21,2,0.21600000000000016,0,0,0,0,0,0,0,31.048428208272718,32.063452308474538,0.00040114387749912161,0.0024986193444327676,0.00035132119246481614,0.00018263827540808622,-0.0099717189565397442,-0.01835644613292324,0.0056883003978214219,0.062903561135464164,-0.66430547930069361,0.072842736229644239,-7.9142936391865071e-05,-0.00027788556543899962,0.34788256563651015,0.99999934048949735,0.000469057860857953,-0.0010158720159466797,0.00025886162114865013,-0.34252656642326879,0.56786907103635231,0.016633795352632614,-0.57103319411318221,-0.57146970888545146,-0.3550724300694203,0.57081131355085901,0.0062040403442514226,0.5740134143793042,-0.57444731183700315,-0.0017313629834896955,-0.0018181737712542555,0.0036580767559271053,0.0074011044673496541,-0.042926229207478954,0.0083555895625475086,0.013126202975152748,-0.011333737384487381,0.26768445707388661,0.011097212532322286,0.011186340998866454,0.0017600941826573641,0.011511225222936804,0.16423152803005944,0.011721855182864345,-0.011661382408670777,0.033500782339214989,3.1392273028393527,-0.00029180173742090684,-0.023375777582833976,3.2527526143008139,-0.00037522612733038803
hold,0,21,3,0.21800000000000017,0,0,0,0,0,0,0,31.047936865408992,32.06229377772523,0.00040081915709905269,0.0025875094546443447,0.00035623139529391981,0.00018264519346110393,-0.010738862839814003,-0.019440320136591076,0.0056556142395400855,0.06636263560301596,-0.66406615934502944,0.07011728866197324,-8.2735359195669004e-05,-0.00028158674508439214,0.34789010954986838,0.99999928875599031,0.00047659410751960682,-0.0010601283190201935,0.00026734531120805639,-0.34250016090794111,0.56784603543451717,0.017187073022340925,-0.57101064210800456,-0.57144697169011627,-0.35506896426360463,0.57083476552348156,0.006545670397558827,0.57403730681975162,-0.57447107854638613,-0.0017962114019019688,-0.0018505898226962498,0.0037719566791036335,0.0075334280450126941,-0.044254297959551929,0.0084968007638593617,0.01320275766384621,-0.011517800917577179,0.27663883485415514,0.011276002588809307,0.011368597667568647,0.0017329029078472643,0.011725986311277229,0.17081502665370218,0.01194622022368816,-0.01188335469150054,0.033500782339214989,3.1392273028393527,-0.00029180173742090684,-0.023375777582833976,3.2527526143008139,-0.00037522612733038803
hold,0,21,4,0.22000000000000017,0,0,0,0,0,0,0,31.047415958141059,32.061092353730714,0.00040047578490387536,0.0026802987979701112,0.00036138408948984606,0.00018265253810125585,-0.011533600204835175,-0.020573233843095735,0.0056219748821284554,0.069981863163334643,-0.66383166505220892,0.067472779926212173,-8.6460681896511732e-05,-0.00028535858565331115,0.34789788099406127,0.99999923336295893,0.0004842701048798622,-0.0011057122551374966,0.00027596443050004687,-0.34247371173043362,0.56782260715469657,0.017758977852260223,-0.57098770774797414,-0.57142384481010866,-0.35506563663755158,0.57085866732497204,0.0069009083536294485,0.57406166948786985,-0.57449531058132008,-0.0018626613504213662,-0.0018859202844594988,0.0038857220964541705,0.0076729690244272978,-0.045581906756957079,0.0086327154671147713,0.013224588753737932,-0.011714139910308027,0.28595241495964902,0.011467180015191389,0.011563440003782573,0.0016638130265227459,0.011950900745243938,0.1776189780353106,0.012181334059139574,-0.012116017466999966,0.033500782339214989,3.1392273028393527,-0.00029180173742090684,-0.023375777582833976,3.2527526143008139,-0.00037522612733038803
hold,0,22,0,0.22200000000000017,0,0,0,0,0,0,0,31.051762945545338,32.067508302535913,0.00040011296465949919,0.0027379170970953798,0.00036679287776934019,0.00018266035221711161,-0.0083777471089798508,-0.021275742738585783,0.0081523515167809535,0.073676929416374576,-0.93080137761565673,0.10344374006957283,-9.0340990123377485e-05,-0.00028919326372009251,0.34790597262204792,0.99999917348243139,0.0004920931698732681,-0.0011531577302741479,0.00028479117502312062,-0.34244598648652069,0.56779886437268556,0.018348682078688967,-0.57096448144199341,-0.57140042316812478,-0.3550616153181998,0.57088310559362254,0.0072702459582232965,0.57408657863244006,-0.57452008445162339,-0.0019401541134328767,-0.0019173390333906738,0.0040458139933277912,0.0078197545734851256,-0.047443389351905361,0.0088410806509666897,0.013862621956469296,-0.011871391005482479,0.2948521132143726,0.011613152990369482,0.011710820991932771,0.00201065967590402,0.012219134325268046,0.18466880229692406,0.012454572285120737,-0.012386935151678503,0.032864252587665704,3.1395583054863767,-0.00035259216062070341,-0.019901293220755453,3.2557693409232003,-0.00059075979523222312
hold,0,22,1,0.22400000000000017,0,0,0,0,0,0,0,31.051218735126294,32.06624191889145,0.00039973265265843411,0.0028292417473462124,0.0003725963807454497,0.00018266818368823293,-0.009231267801046451,-0.022490670884113727,0.0081165155150895174,0.07751557314556673,-0.93055259273138236,0.099552787517493468,-9.4379747416618463e-05,-0.00029309735386332962,0.34791438418056103,0.99999910883954013,0.00050007096421502903,-0.001202464252120911,0.00029381776126755999,-0.34241710654173069,0.56777477988247249,0.018956969455946524,-0.57094093304783988,-0.57137667526382163,-0.3550569872999022,0.57090810150646765,0.0076541596268756657,0.57411205942297849,-0.57454542507261996,-0.002019378646620489,-0.0019520450716185498,0.0042057792565438476,0.0079741865771357293,-0.049304385742663243,0.0090416609448297752,0.01443997239499813,-0.012042245106563666,0.30414368862877883,0.011774197076755694,0.011873952151571587,0.0023140091487908192,0.012497956422556401,0.1919568343261846,0.012740395269195961,-0.012670310498281072,0.032864252587665704,3.1395583054863767,-0.00035259216062070341,-0.019901293220755453,3.2557693409232003,-0.00059075979523222312
hold,0,22,2,0.22600000000000017,0,0,0,0,0,0,0,31.050637203936603,32.064926228892105,0.00039933383196921746,0.0029249521719969876,0.00037867392790502923,0.000182676189959901,-0.010114365157012016,-0.02375780250521297,0.0080800728495180607,0.081530012486656117,-0.93028207588587586,0.095797449073445673,-9.8580535940800225e-05,-0.00029707762097724367,0.34792311540587473,0.99999903914875987,0.00050821150079621966,-0.0012536312850930399,0.00030303667575004139,-0.34238719609215279,0.56775032607392639,0.019584643346260689,-0.5709170326806936,-0.57135257004713236,-0.35505184398925405,0.57093367756658786,0.0080531433636258382,0.57413813768732502,-0.57457135802445503,-0.0021003942620908839,-0.0019901335569570146,0.0043656126568471475,0.0081366158127875073,-0.051164852921159229,0.0092347251908831401,0.014955224788938015,-0.012226904273042735,0.31383694515708283,0.011950183573131169,0.012052608344617145,0.0025716553240818429,0.01278803006012693,0.19949186837508651,0.013039132173292122,-0.0129664759175351,0.032864252587665704,3.1395583054863767,-0.00035259216062070341,-0.019901293220755453,3.2557693409232003,-0.00059075979523222312
hold,0,22,3,0.22800000000000017,0,0,0,0,0,0,0,31.050017561476189,32.063559169001593,0.00039891548092711032,0.0030251487428795236,0.00038503839015322969,0.00018268449887848216,-0.011028180846803454,-0.025079156954641361,0.0080429543882587495,0.085725997041815924,-0.92999342672278429,0.092168208232691964,-0.00010294706150914693,-0.00030114103208267706,0.34793216602464505,0.99999896411389511,0.000516523155169985,-0.0013066582575486751,0.00031244065588647836,-0.34235638232507698,0.56772547491353298,0.02023252777117638,-0.57089275059328959,-0.57132807676526953,-0.35504628129139254,0.57095985764199209,0.0084677093771913878,0.57416484006383917,-0.57459790970212821,-0.0021832627841733535,-0.0020317055527167022,0.0045253093851623759,0.008307404531439912,-0.053024755122151671,0.0094205230108897371,0.015406883537905907,-0.012425580196689419,0.32394221245784527,0.012141043702009476,0.012246640931437231,0.0027813489307485801,0.013090037702132105,0.20728300678277506,0.013351188257053531,-0.013275838836615912,0.032864252587665704,3.1395583054863767,-0.00035259216062070341,-0.019901293220755453,3.2557693409232003,-0.00059075979523222312
hold,0,22,4,0.23000000000000018,0,0,0,0,0,0,0,31.049358859879518,32.062138478301797,0.00039847656788757901,0.0031299386895199711,0.00039170326787767596,0.00018269321361593827,-0.011973890799754193,-0.026456820650616018,0.008005092344472331,0.090109584471245702,-0.92969035429536329,0.088655895253568651,-0.00010748315875972049,-0.00030529476834211672,0.3479415357547892,0.99999888342806253,0.00052501467765294903,-0.0013615445692269695,0.00032202267155221156,-0.34232479558323681,0.56770019792897519,0.020901468460479501,-0.57086805707416188,-0.57130316483283117,-0.35504039970423923,0.57098666701045742,0.0088983887076045584,0.57419219414298261,-0.57462510745518736,-0.0022680486252867776,-0.0020768681297198342,0.0046848650720726862,0.0084869270719813601,-0.054884064044081492,0.0095992854873848642,0.015793370920079819,-0.012638492278868606,0.33447034465156139,0.012346759563827175,0.012455966219209056,0.0029407935766455327,0.013404684232643597,0.21533966520658571,0.013677039571710748,-0.01359887652955699,0.032864252587665704,3.1395583054863767,-0.00035259216062070341,-0.019901293220755453,3.2557693409232003,-0.00059075979523222312
hold,0,23,0,0.23200000000000018,0,0,0,0,0,0,0,31.047395935517969,32.061250325715605,0.0003980160461581686,0.0032354808093269898,0.00039868267008579179,0.00018270241687321683,-0.013238964966454912,-0.027638939899240711,0.0078232856888504898,0.094186769521670169,-0.90868501370366994,0.096337053428662681,-0.00011219125324178325,-0.00030954172907554552,0.34795121733680451,0.9999987968255406,0.00053369424881473534,-0.0014182482036721583,0.00033179805767066139,-0.34229260200948874,0.5676744697094892,0.021592175701303215,-0.57084292983985652,-0.57127781155719426,-0.3550344435640656,0.57101412053034462,0.0093459519096393429,0.57422021266357059,-0.5746529631675471,-0.0023540472410313821,-0.0021234803667144145,0.0048407910076530532,0.0086746567109424518,-0.056701351874197281,0.0097933557144119637,0.016096786874018984,-0.012864109743017015,0.34535362041185752,0.012563617152699658,0.012676637818444882,0.0029780700868143944,0.013726759943585281,0.22378160101739242,0.014009260293998089,-0.013927856179899603,0.03216062686153473,3.1389634612559609,-0.00035233143399453193,-0.01941692143346152,3.2561375958735606,-0.00059050008903341615
hold,0,23,1,0.23400000000000018,0,0,0,0,0,0,0,31.046651332042234,32.059715955944398,0.00039753303768073206,0.0033484022675697132,0.00040600971433344909,0.00018271193838196253,-0.014252051473112174,-0.029140543138455103,0.0077837020455771011,0.098977768316862808,-0.90836653803588452,0.092643934755297003,-0.00011707545124332496,-0.00031388970166845481,0.34796121047534334,0.99999870398488255,0.00054257143337690592,-0.0014767685305719042,0.00034175941905594887,-0.34225993988345355,0.56764826055176731,0.022305543797594942,-0.57081733765214804,-0.57125198495522178,-0.35502852161849174,0.57104224689302929,0.0098109668539343216,0.57424892698923946,-0.57468150808362484,-0.002442099000770854,-0.0021739862964546414,0.0049965692694236719,0.0088719341873124951,-0.058518017307130431,0.009980022121220589,0.01633106301761196,-0.013104578860926116,0.35668404814586352,0.012796093854230762,0.012913300986258648,0.0029609727869240204,0.01406318134235306,0.23250747214748946,0.014357162834422725,-0.014272458038850331,0.03216062686153473,3.1389634612559609,-0.00035233143399453193,-0.01941692143346152,3.2561375958735606,-0.00059050008903341615
hold,0,23,2,0.23600000000000018,0,0,0,0,0,0,0,31.0458641283657,32.058120238646346,0.00039728814807202945,0.0034663064865913598,0.00041367328826400753,0.00018272188766883988,-0.015300812594669262,-0.030705159679341856,0.0077431509026180123,0.10397504739923238,-0.90804813138479235,0.08906211888471266,-0.00012214000471647606,-0.00031834671877877121,0.34797151486997496,0.99999860457431422,0.00055165620809886093,-0.001537104920039083,0.00035189958139540065,-0.34222695105987028,0.56762154030969647,0.023042491651812106,-0.57079124929305425,-0.57122565314572493,-0.35502274761541519,0.57107107633177656,0.01029402252996897,0.57427836960140544,-0.57471077454275254,-0.0025322767365755458,-0.0022285085551581869,0.0051521973158243847,0.009079171034298927,-0.060334061160092399,0.010159503870525574,0.016494411791646259,-0.01336012103539686,0.3684739271085824,0.013044179546898424,0.01316590474841468,0.0028870015382858388,0.014414719373656468,0.24152783801732386,0.014721306083007021,-0.014633229563860843,0.03216062686153473,3.1389634612559609,-0.00035233143399453193,-0.01941692143346152,3.2561375958735606,-0.00059050008903341615
hold,0,23,3,0.23800000000000018,0,0,0,0,0,0,0,31.045032660859157,32.056460142514467,0.0003971270222887166,0.003589324089172799,0.00042169046356653949,0.00018273235309514157,-0.016386572968590113,-0.032335198809412831,0.0077015703416218884,0.10918631758945348,-0.90773397032805003,0.085582587083073328,-0.00012738931711224507,-0.00032292107182404898,0.34798213021623142,0.99999849825169473,0.00056095897718136411,-0.0015992567509902755,0.00036221157308370162,-0.34219378115035898,0.5675942783914929,0.023803963833489004,-0.57076463348831197,-0.5711987842566405,-0.35501724042773031,0.57110064069620192,0.010795729730310698,0.57430857425142234,-0.57474079613339002,-0.002624656197884506,-0.0022871765226388854,0.00530767312823537,0.0092967941708625105,-0.062149492660276487,0.010332001831814411,0.016584954755653608,-0.01363095910180397,0.38073609083844895,0.013307902371129363,0.013434444542200091,0.0027535938424414039,0.014782182212673333,0.25085360017086428,0.015102325008435344,-0.015010795318760895,0.03216062686153473,3.1389634612559609,-0.00035233143399453193,-0.01941692143346152,3.2561375958735606,-0.00059050008903341615
hold,0,23,4,0.24000000000000019,0,0,0,0,0,0,0,31.044155132789541,32.054732424834299,0.00039695108500038129,0.0037175916649203264,0.00043007868249957527,0.00018274340554692235,-0.017510698119086808,-0.034033166164034158,0.0076588996020330313,0.11461955570298717,-0.9074283586854095,0.082196566600713103,-0.00013282794939639336,-0.0003276213248162241,0.34799305620669674,0.99999838466446755,0.00057049058819992127,-0.0016632234197799937,0.00037268860754106583,-0.34216057970963976,0.56756644376164578,0.024590931656591136,-0.57073745884638427,-0.57117134635022226,-0.35501212418552736,0.57113097353193987,0.011316721751410649,0.57433957610641717,-0.57477160784065839,-0.002719316142074144,-0.0023501264960875622,0.005462995232663726,0.0095252464294247087,-0.06396432970206932,0.01049769905744246,0.016600720359603107,-0.013917314923543943,0.39348391155106488,0.013587320963842343,0.013718953209143941,0.0025581211014673584,0.01516641786896146,0.26049601054997562,0.015500927497410395,-0.015405853634163526,0.03216062686153473,3.1389634612559609,-0.00035233143399453193,-0.01941692143346152,3.2561375958735606,-0.00059050008903341615
hold,0,24,0,0.24200000000000019,0,0,0,0,0,0,0,31.05056238224266,32.06405419997472,0.0003967598404641115,0.0037950997534998664,0.00043885581487447967,0.0001827551015694332,-0.012895113916157221,-0.035139805717553423,0.011370634606496566,0.12039080693737916,-1.2960354279889503,0.13570722422885798,-0.00013848812408995099,-0.00033243613570661763,0.34800442775600854,0.99999826206079878,0.0005802624632455114,-0.0017297820822792689,0.00038343813255253291,-0.34212554298936182,0.56753815053873791,0.0254021481873032,-0.57070985800758323,-0.57114347858576997,-0.35500619255776839,0.57116220686076147,0.011857696929647886,0.57437149159720002,-0.57480332650374655,-0.0028300873467788129,-0.0024074054451967588,0.0056857746559084666,0.0097650024190295611,-0.066556268317135653,0.010771271627787777,0.017518360138959067,-0.014146611453941681,0.40560826535603184,0.013800419400524261,0.013933882226137914,0.002965813879483201,0.01561666441079794,0.27048758911861814,0.015957745391404404,-0.015859331544063531,0.031187153488090053,3.1394415577404953,-0.0004526213757315173,-0.014313204869130788,3.2605463389137124,-0.00088428382625376195
hold,0,24,1,0.24400000000000019,0,0,0,0,0,0,0,31.049645465199319,32.062223357617036,0.00039655369635646642,0.00392046481856341,0.00044821055704116612,0.00018276676357198876,-0.014101146411848228,-0.036950179358789692,0.011325735458568076,0.12611878624159487,-1.295711093390939,0.1304336904639109,-0.00014437478214349739,-0.00033737514731964661,0.3480162445196055,0.99999812990586479,0.00059028603018118891,-0.0017989320990254973,0.0003944495899606513,-0.34208883767458842,0.56750936451562817,0.026238673898842223,-0.57068179223724014,-0.57111514029738764,-0.35499957396948978,0.57119437578100341,0.01241933835902191,0.57440436166268916,-0.57483599267812735,-0.0029433290267731893,-0.0024695058065144953,0.0059083817984794135,0.010016158876664835,-0.069147579106991056,0.011034275525882388,0.018352657386706741,-0.014393011554889364,0.418262855769512,0.014032885171552581,0.014169144191143859,0.0033092941393047747,0.016084460120991587,0.28082071468701175,0.01643503274453904,-0.016333087190420897,0.031187153488090053,3.1394415577404953,-0.0004526213757315173,-0.014313204869130788,3.2605463389137124,-0.00088428382625376195
hold,0,24,2,0.24600000000000019,0,0,0,0,0,0,0,31.048670138416156,32.060316020914314,0.00039633190308524524,0.004051732966820893,0.00045797812676908389,0.00018277862133234043,-0.01534821271778118,-0.038833207713854283,0.011280322472121185,0.13209311156259862,-1.29535592545774,0.1253373007185162,-0.00015049303072126681,-0.00034244827173665035,0.34802850613877911,0.99999798764415371,0.00060057320878102076,-0.0018706727692233858,0.00040571277338942788,-0.34205063440659089,0.56748005127635515,0.027101594938142459,-0.57065322356129311,-0.57108629185712179,-0.35499240314428493,0.5712275175387721,0.013002353510309725,0.57443822841840575,-0.57486964810956442,-0.0030591242888847064,-0.0025365622085018655,0.0061308095868142188,0.010279206970420288,-0.071738201293106027,0.011287060070378505,0.019101633998760789,-0.014656619636530855,0.43146051965011706,0.014284337973528084,0.014424220132927408,0.0035854126024177542,0.016570878884374755,0.29150757564390717,0.016933377858318274,-0.016827715718523636,0.031187153488090053,3.1394415577404953,-0.0004526213757315173,-0.014313204869130788,3.2605463389137124,-0.00088428382625376195
hold,0,24,3,0.24800000000000019,0,0,0,0,0,0,0,31.04763493984597,32.058328724403061,0.00039609371301398827,0.0041890341022587686,0.00046817480241565781,0.00018279086195460955,-0.016637883661821552,-0.040791932952520947,0.011234320324513547,0.13832221470167969,-1.2949748701295445,0.12040489376567186,-0.00015684815010932876,-0.00034766570772020469,0.34804121224190548,0.99999783469944459,0.00061113642756206916,-0.0019450033406694003,0.00041721780172923248,-0.34201110800416706,0.56745017619604021,0.027992024439018375,-0.57062411461845619,-0.57105689447969321,-0.35498482123380448,0.5712616716015424,0.013607475071785419,0.5744731353936533,-0.57490433596745938,-0.0031775596940309737,-0.0026087179917771625,0.0063530515631902342,0.01055465466967179,-0.074328084068424061,0.011529947874376549,0.019763201211910889,-0.014937540157452614,0.44521475043795838,0.014554471418444202,0.014698688714313226,0.0037909552402256171,0.017077031385171748,0.3025607807378472,0.017453487623790433,-0.017343928947491188,0.031187153488090053,3.1394415577404953,-0.0004526213757315173,-0.014313204869130788,3.2605463389137124,-0.00088428382625376195
hold,0,24,4,0.25000000000000017,0,0,0,0,0,0,0,31.046538144954837,32.056257724958073,0.00039583837447636216,0.0043325064297357746,0.00047881793737768836,0.00018280363692135655,-0.017971775449696418,-0.042829505237794413,0.0111876570156344,0.14481506304725728,-1.2945730181616817,0.11562375449257173,-0.00016344560082504262,-0.00035303795850811115,0.3480543624457344,0.99999767047476606,0.0006219886416854941,-0.0020219230199674822,0.00042895509350100188,-0.34197043768890251,0.56741970444651346,0.028911103826422226,-0.57059442853885756,-0.57102691006089668,-0.35497697595906158,0.57129687974243193,0.014235461798485284,0.57450912775551943,-0.57494010106553084,-0.0032987253578569283,-0.0026861253939532226,0.0065751019144440516,0.010843027812157237,-0.076917186890888514,0.011763235711856944,0.020335157632272491,-0.015235874763376818,0.45953969370192632,0.014843039799301379,0.014992209398291052,0.0039226373714613657,0.01760407044476443,0.31399336334993294,0.017996180933051026,-0.017882549035714474,0.031187153488090053,3.1394415577404953,-0.0004526213757315173,-0.014313204869130788,3.2605463389137124,-0.00088428382625376195
hold,0,25,0,0.25200000000000017,0,0,0,0,0,0,0,31.043753843558676,32.054776059517799,0.00039556512621123641,0.0044774227210681167,0.0004899259035418854,0.00018281706811425411,-0.019737611515489032,-0.044636232320795846,0.010939005386804368,0.15096627353097128,-1.266254487362195,0.12494387152484963,-0.00017028893935438957,-0.00035857020384989351,0.34806794693053272,0.99999749445808095,0.00063314220255763002,-0.0021013751630531794,0.00044094323432511726,-0.34192885547173846,0.56738860422591564,0.029859809179916534,-0.57056413703069675,-0.57099630966997283,-0.35496920467727511,0.57133317114089099,0.014887378451966851,0.57454623239397351,-0.57497696915647589,-0.0034216692646734772,-0.00276612267089119,0.0067922423991690489,0.011143802078668455,-0.079449641868572063,0.012015055102945434,0.020791108582027134,-0.015550110298889485,0.47435267674715315,0.015145754080430901,0.015300195461908599,0.0038856408932345667,0.018145699229555196,0.3259583267407834,0.018552319227025126,-0.018434045472504473,0.030291661786464395,3.1386841646634678,-0.00045226187716127756,-0.013713386360914395,3.260992888993365,-0.00088392559993657712
hold,0,25,1,0.25400000000000017,0,0,0,0,0,0,0,31.042521668067657,32.05252661554016,0.00039527263016810726,0.0046319416906399208,0.00050153485723746036,0.00018283095340670822,-0.021164858741827382,-0.046847455619427193,0.010890739067203725,0.15803134556573092,-1.2658293972356411,0.11994125543533289,-0.00017738400469785809,-0.00036427378803993791,0.34808196529620672,0.99999730602393644,0.00064461120874111707,-0.0021833589313087131,0.0004531721927155029,-0.34188655147393004,0.56735683993666053,0.030839344911080774,-0.57053320223745085,-0.5709650544168563,-0.35496166714808497,0.57137059304889848,0.015564034955328853,0.57458450027168984,-0.57501499101039499,-0.0035475326717342584,-0.0028517920950221882,0.0070091828369878307,0.011458644207888419,-0.081981273419305709,0.012256817552151909,0.021151998904213893,-0.015882144627531455,0.48976786558211938,0.015467396622937715,0.015627626558264884,0.0037687645950730286,0.018710954003753458,0.33832825168100089,0.019133938858143601,-0.019010926959557303,0.030291661786464395,3.1386841646634678,-0.00045226187716127756,-0.013713386360914395,3.260992888993365,-0.00088392559993657712
hold,0,25,2,0.25600000000000017,0,0,0,0,0,0,0,31.041221289582897,32.050181049945877,0.00039496012276006576,0.0047931301411266031,0.00051363815659493219,0.00018284544301456294,-0.022641510154128748,-0.04914769234501324,0.010841574199803361,0.16538866707685698,-1.2654033026354432,0.11507933526475991,-0.00018473683908782666,-0.00037016040779502276,0.34809641713632755,0.99999710452678847,0.00065641034228501095,-0.0022678734846158974,0.00046563221498072046,-0.34184372079667963,0.56732437584726891,0.03185094728329093,-0.57050158680653962,-0.57093310603168157,-0.35495453029433804,0.57140919529924661,0.016266270324844463,0.57462398434570283,-0.57505421936375822,-0.0036764171949842783,-0.0029433098775424353,0.0072259200604184491,0.011788136714700997,-0.084512080841561005,0.012488797311359321,0.021415338625215566,-0.016232044695832015,0.50580118610507929,0.015807715455631605,0.015974192587367018,0.0035684268734659484,0.019301125174080176,0.35111768475780458,0.019742037006490808,-0.019614176681597009,0.030291661786464395,3.1386841646634678,-0.00045226187716127756,-0.013713386360914395,3.260992888993365,-0.00088392559993657712
hold,0,25,3,0.25800000000000017,0,0,0,0,0,0,0,31.039849837300899,32.047734475324205,0.00039462681084703743,0.0049611542599808656,0.00052625844592108298,0.00018286065822716843,-0.024169377528205027,-0.051540613136794838,0.010791453754666946,0.17304979429768355,-1.2649819079991895,0.11034556146003419,-0.00019235369596589861,-0.00037624213244132098,0.34811130203966678,0.99999688930091812,0.00066855489179338504,-0.0023549179928090769,0.00047831379986038768,-0.34180056376712481,0.56729117611998991,0.032895885709663619,-0.57046925381397584,-0.5709004267665323,-0.3549479683879288,0.57144903043960016,0.016994953574152198,0.57466473980886468,-0.57509470916306038,-0.0038084284390359716,-0.0030408623231491074,0.0074424516696143103,0.012132885139528085,-0.087042074947587256,0.012711243006886044,0.021578514777402153,-0.016599863639484506,0.52246921318634565,0.01616649628190275,0.016339632574622693,0.0032809532046085563,0.019917570176750582,0.36434162465386782,0.020377731580930897,-0.020244899651075492,0.030291661786464395,3.1386841646634678,-0.00045226187716127756,-0.013713386360914395,3.260992888993365,-0.00088392559993657712
hold,0,25,4,0.26000000000000018,0,0,0,0,0,0,0,31.038404205094476,32.045181694824549,0.00039427186772462985,0.0051361872859930179,0.00053941904574923922,0.00018287669645478978,-0.02575032617255275,-0.054030042694551798,0.010740324254117084,0.18102675279093328,-1.2645710839293041,0.10572767152373569,-0.00020024104819800259,-0.00038253142469741068,0.34812661959179575,0.99999665966033391,0.00068106077642792731,-0.0024444916474627627,0.00049120767371888918,-0.34175728618947887,0.56725720484615705,0.033975464052036365,-0.57043616671159014,-0.57086697932328367,-0.3549421632466474,0.57149015387658075,0.017750984634436019,0.57470682432538434,-0.57513651780216479,-0.0039436761160519867,-0.0031446461280448469,0.0076587760644877944,0.012493518977634913,-0.089571278401097743,0.012924378180031178,0.021638788822974379,-0.016985636916414672,0.53978917118637271,0.01654355119286699,0.01672372162429021,0.0029025706406916743,0.020561718490274994,0.37801553014191025,0.021042258259812603,-0.020904319552221395,0.030291661786464395,3.1386841646634678,-0.00045226187716127756,-0.013713386360914395,3.260992888993365,-0.00088392559993657712
hold,0,26,0,0.26200000000000018,0,0,0,0,0,0,0,31.047489951341248,32.058421622601124,0.0003938944291778726,0.005238750312537413,0.00055314401891620301,0.00018289363552130222,-0.019208051503212614,-0.055706750845770224,0.016054167303469313,0.18981857339712849,-1.8152031565791731,0.18488994856533816,-0.00020844487037340349,-0.00038901172704989949,0.34814256104059249,0.99999641201750789,0.00069394541159535086,-0.0025376956089208161,0.0005044728663618031,-0.34171131175486386,0.56722262517011879,0.035087835557240148,-0.57040251650658835,-0.57083296403617478,-0.35493542649339971,0.57153276302987754,0.018535381118445205,0.5747504119726965,-0.5751798198735556,-0.0041019110877004526,-0.0032401511762444085,0.0079707243983819596,0.012871404959078734,-0.093201550255502932,0.013297251176040839,0.022987217307499648,-0.017289838019137593,0.55618575260189007,0.016825102500880464,0.017007643554435726,0.0033683766238438335,0.021304576648373097,0.39219824200459374,0.021793823656062646,-0.021651035695401451,0.028731523041769343,3.1392814396835829,-0.00061040887753027468,-0.0063014543475664424,3.2673438983406493,-0.0012824071502608371
hold,0,26,1,0.26400000000000018,0,0,0,0,0,0,0,31.045971019256896,32.055705748121987,0.00039349492478986392,0.0054085589437347092,0.00056767468455615287,0.00018291045170989472,-0.020902620963023973,-0.058356348937511168,0.01600165924919672,0.1982133225353962,-1.8147614976614219,0.17745171482365912,-0.00021697219397875578,-0.00039569708328634557,0.34815912591189974,0.99999614532610182,0.00070722553504082557,-0.0026345290094313242,0.00051809446898763158,-0.34166287055958805,0.56718739762341297,0.036234423329223851,-0.57036825674597746,-0.57079833172984162,-0.35492794589880783,0.57157691643146735,0.019349111339977923,0.57479556983989155,-0.57522468192407727,-0.0042636618026761506,-0.0033426781182230364,0.0082824356536163619,0.013265978545488905,-0.096830976826039292,0.013655184495518643,0.024220597637890858,-0.01761377335289183,0.57329388599185072,0.017129880305445076,0.017316153166556297,0.003740297295936639,0.022076700794878251,0.40686511076635862,0.022578933597531405,-0.022431025260812518,0.028731523041769343,3.1392814396835829,-0.00061040887753027468,-0.0063014543475664424,3.2673438983406493,-0.0012824071502608371
hold,0,26,2,0.26600000000000018,0,0,0,0,0,0,0,31.044358026685678,32.052871966911951,0.00039307209813783245,0.0055862330433250479,0.00058280235660745959,0.00018292748443956075,-0.022653853044413655,-0.061109814708548503,0.015949079144840894,0.20696265415077114,-1.8142738920557737,0.1702540060322639,-0.00022583028309726153,-0.0004026019274902621,0.34817631371198909,0.99999585849914829,0.00072091859212048554,-0.0027349908899124463,0.00053205804865726091,-0.34161219808567672,0.56715148300494544,0.03741668291380195,-0.57033334267432889,-0.57076303532369499,-0.35491991831810232,0.57162267623748697,0.020193176928284533,0.57484236721456372,-0.57527117271868611,-0.0044290445592528706,-0.0034524221019582775,0.0085939000446729318,0.013677945883709637,-0.10045946795968531,0.013998648923551489,0.025336236955663349,-0.017957309233776898,0.59112979228904927,0.017457035824301258,0.017648203073330974,0.004013790352760044,0.022879903009795425,0.42203279415330436,0.023398687336102647,-0.023245397304399985,0.028731523041769343,3.1392814396835829,-0.00061040887753027468,-0.0063014543475664424,3.2673438983406493,-0.0012824071502608371
hold,0,26,3,0.26800000000000018,0,0,0,0,0,0,0,31.042648194869336,32.049914470002477,0.00039262468426513875,0.0057719339449417671,0.00059854806791840914,0.00018294501044782149,-0.024463884703008126,-0.063971812114664656,0.015896361619205379,0.21607919826139266,-1.8137470571199967,0.16327783143576108,-0.00023502664379429969,-0.00040974111039595386,0.34819412392937671,0.99999555040899313,0.0007350427609859974,-0.0028390802134420842,0.00054634960991390845,-0.341559535504602,0.56711484242558174,0.038636103863103982,-0.57029773105865178,-0.57072702958914368,-0.35491154988262757,0.57167010837185439,0.021068613916927915,0.57489087596499466,-0.57531936361719382,-0.004598180348519075,-0.0035695914528458715,0.0089051086938099055,0.014108038232077043,-0.10408694708785109,0.014328076472217652,0.026331290537350102,-0.018320289681827567,0.60971047465101613,0.017805807838536122,0.018002867275652052,0.0041842177373739861,0.023716067183705968,0.43771849432169135,0.024254375215493073,-0.024095449253860035,0.028731523041769343,3.1392814396835829,-0.00061040887753027468,-0.0063014543475664424,3.2673438983406493,-0.0012824071502608371
hold,0,26,4,0.27000000000000018,0,0,0,0,0,0,0,31.064621290375165,31.967762428679638,0.00039215139993935277,0.0046816990826095625,0.00061493463926334422,0.00018296325409646719,-0.015522514882237824,0.077783055588316594,0.021793728242700539,-0.33095086625884274,-1.7778583383973794,-0.50525438236577025,-0.0002445210657567157,-0.00041668250919279441,0.34821256884916268,0.99999522167071109,0.00074850021113432978,-0.0029467255851303889,0.00055963515369630032,-0.34148756026738791,0.567090203817878,0.039699454027033745,-0.57027187180873828,-0.57070135048059389,-0.35489908199792836,0.57171611539260558,0.021976609561562287,0.57493814909491492,-0.57536630243188069,-0.0047472109812080011,-0.0034706993984202619,0.0092224598929919622,0.013436538649274651,-0.10764341326893875,0.013326581470492937,0.035987618607030307,-0.012319303851871861,0.531675081964883,0.012929624956766493,0.012839554274911132,0.0062339423495956746,0.023003510375603792,0.45399782231718655,0.023636564960129655,-0.023469407343459672,0.028731523041769343,3.1392814396835829,-0.00061040887753027468,-0.0063014543475664424,3.2673438983406493,-0.0012824071502608371
hold,0,27,0,0.27200000000000019,0,0,0,0,0,0,0,31.060465989539701,32.022124388567363,0.0003941101420578963,0.004834234184254927,0.00062673905820716507,0.00018298880362724429,-0.018095752378990155,0.077939858599596484,0.021130626543941489,-0.31549804027863104,-1.7368799103384294,-0.47009349312039034,-0.00025431882414657511,-0.00042341661388542521,0.34823163301360044,0.99999487138983212,0.00076132194464967166,-0.003057845013468583,0.00057198496787718984,-0.34139562429783155,0.56707578076482623,0.040612108517355992,-0.57025449705437359,-0.5706846283727135,-0.35488304258466141,0.57176077546918613,0.022918414168315134,0.57498421739693117,-0.57541202080064835,-0.0048988791949297061,-0.0033670523463154045,0.0095320822188692603,0.012796139636260327,-0.11111786144343126,0.012395342010444732,0.045967984778175493,-0.0072115265259004068,0.45632724516112244,0.0086873771823285494,0.0083610539401748583,0.0080197066334826532,0.022330038290276539,0.47090230337642319,0.023034151008126461,-0.022859184383832998,0.02772917392695954,3.1383814955743796,-0.00060989308133513743,-0.0057302394633400588,3.2677444750830222,-0.0012818927228032257
hold,0,27,1,0.27400000000000019,0,0,0,0,0,0,0,31.058430204963237,32.067759055633303,0.00039961893934762488,0.0049865896012683403,0.00063120138812919205,0.00018301958643690097,-0.019989293126394001,0.077496785859194242,0.020894236096154373,-0.30133314576871745,-1.7360041012150573,-0.45065812801595867,-0.0002644277280738573,-0.00042994100222083862,0.34825131505250922,0.99999449842835875,0.00077353626315401997,-0.0031724367328824655,0.00058343794940915873,-0.34128310670314083,0.56707005777054864,0.041378724065384537,-0.57024451094710993,-0.57067567909022643,-0.3548637183321573,0.57180417943365103,0.023894989730222617,0.57502913863111871,-0.57545657798206851,-0.0050544519636410825,-0.0032621941677067126,0.0098410194543974237,0.012184016534378232,-0.11459053943255562,0.01150302784589389,0.056258797345347944,-0.0028614971388118207,0.3833077740142718,0.0049930536318086981,0.0044746412435454023,0.0096621262520662984,0.021701982232430111,0.48828778095374142,0.022460617093780038,-0.022278590710080103,0.02772917392695954,3.1383814955743796,-0.00060989308133513743,-0.0057302394633400588,3.2677444750830222,-0.0012818927228032257
hold,0,27,2,0.27600000000000019,0,0,0,0,0,0,0,31.056324936214175,32.106091218003314,0.0004054836295158612,0.0051445914555665676,0.00062981954767856591,0.00018305423239371564,-0.021770294631133422,0.076826124942856261,0.020715276689088569,-0.2887879776992846,-1.7345613236134785,-0.43137431351720668,-0.00027485507390976574,-0.00043625399820481676,0.34827161364602349,0.99999410161258007,0.00078516823729581997,-0.0032904978415292307,0.00059403269506123142,-0.34114948637063475,0.56707176035487517,0.042003145316338593,-0.57024098074701113,-0.57067349395459266,-0.35484139683116678,0.57184641218770305,0.024907327513842056,0.57507297052343553,-0.57550003281569861,-0.0052136729179542325,-0.0031564979919890641,0.010149296757145612,0.011596946955623038,-0.11806030939238663,0.010649341753646537,0.0668101662530486,0.00085129216328342326,0.31221062547702905,0.0017651000494004173,0.0010925678169059904,0.011160750495264582,0.021116377026005318,0.50616889180971858,0.02191594615841946,-0.021727416815075316,0.02772917392695954,3.1383814955743796,-0.00060989308133513743,-0.0057302394633400588,3.2677444750830222,-0.0012818927228032257
hold,0,27,3,0.27800000000000019,0,0,0,0,0,0,0,31.054137935701178,32.138035313414754,0.00041155593003744384,0.0053083298645357629,0.00062385960737442641,0.00018309160485255536,-0.023443071412997597,0.07594178688861597,0.020587704180808686,-0.27745014865412304,-1.7325651830392774,-0.41225892869062708,-0.00028560766401926579,-0.00044235467554366024,0.34829252750469258,0.99999367973379649,0.00079624053159309694,-0.0034120243289090771,0.0006038074658696902,-0.34099432310147493,0.56707982589769068,0.042488486644318757,-0.57024311993944043,-0.5706772215187782,-0.35481636811230505,0.57188755505574085,0.025956448156765226,0.5751157724068493,-0.57554244542531441,-0.0053762950547500262,-0.0030503386694217499,0.010456929334545022,0.011032533417401008,-0.12152606152957693,0.0098339491648228097,0.077581634579915071,0.0040327714077755782,0.24267066399008247,-0.0010695962146741664,-0.0018637820927442949,0.012514359430871683,0.020571434018886836,0.5245603214615846,0.021400941706901818,-0.021206304807874117,0.02772917392695954,3.1383814955743796,-0.00060989308133513743,-0.0057302394633400588,3.2677444750830222,-0.0012818927228032257
hold,0,27,4,0.28000000000000019,0,0,0,0,0,0,0,31.051858732218342,32.164403339632976,0.00041771212756758908,0.0054778874944453257,0.00061434444605390232,0.00018313077378991188,-0.025011591743393499,0.074855184575044684,0.02050621302910649,-0.26698936698924464,-1.7300282656143462,-0.39332856781446834,-0.00029669182396374464,-0.00044824286033574992,0.34831405535222359,0.9999932315491189,0.0008067740650622193,-0.0035370111013852683,0.00061280015238062877,-0.34081724111892187,0.56709337794266701,0.042837199017428114,-0.57025027303094034,-0.57068615110810772,-0.35478892589708544,0.57192768767818358,0.027043401890475521,0.57515760645836289,-0.57558387850847625,-0.0055420799722394366,-0.0029440923960448295,0.010763923765502958,0.010489039103639167,-0.12498671195762105,0.0090564791775824341,0.088540991276526509,0.0067760224881622359,0.17435618655467991,-0.0035765457499385101,-0.0044647946647515908,0.013721107609796914,0.020066311221379338,0.54347686685514829,0.020917025756803986,-0.020716541580898803,0.02772917392695954,3.1383814955743796,-0.00060989308133513743,-0.0057302394633400588,3.2677444750830222,-0.0012818927228032257
hold,0,28,0,0.28200000000000019,0,0,0,0,0,0,0,31.026552984285416,32.149976147280597,0.00042385006191427571,0.0056312727756063843,0.00060210231672296012,0.00018317099067735213,-0.045515885662803963,0.071905183914383594,0.0073280278738874216,-0.25641149297600596,-0.38085211432884525,-0.48361846124718505,-0.00030801280545909366,-0.00045395955342325653,0.34833572796024842,0.99999276578109864,0.00081679087838097415,-0.0036627599825777564,0.00062082802735069357,-0.34062426176311339,0.56711111087053723,0.043058057908642207,-0.57026128622743055,-0.57069906091273415,-0.35476412057583445,0.5719665527960327,0.028168386117170704,0.57519821030418827,-0.57562407173658792,-0.0056604907476745072,-0.0028583465437533187,0.010836304012419659,0.0099684570658836614,-0.1257493394522908,0.0080941274342032337,0.096489677904228882,0.0088664639350898161,0.11042944560704554,-0.0055065982450880615,-0.0064549023132141952,0.012402660625499981,0.019432558924564875,0.56249211334759197,0.020301922912698462,-0.020096614055853241,0.026269867302362287,3.1335956273632366,-0.0013453077744205208,-0.01853869836460555,3.2552247923428208,-0.00025226826434072584
hold,0,28,1,0.2840000000000002,0,0,0,0,0,0,0,31.02390383093152,32.166931307910069,0.00042988086373527828,0.0058057647213586305,0.00058721268679339986,0.00018321221973077547,-0.0468874608355761,0.070477076043775497,0.0073204903031012236,-0.24705430403490794,-0.37745355016092358,-0.46140899617317704,-0.00031957573574723208,-0.00045950477528424404,0.34835754420903986,0.99999228216342373,0.00082630972489847827,-0.0037892641533633616,0.00062793550760447921,-0.34041509500129324,0.56713246584116128,0.04315234187469099,-0.5702757441260321,-0.57071550063985388,-0.35474226816163335,0.57200423390027344,0.029332531157891292,0.57523765334759225,-0.57566309429073514,-0.0057814651440692135,-0.0027726109304937658,0.010908124395732046,0.0094666683555129187,-0.12650513158427146,0.0071761913021045108,0.1045833809100721,0.010677485312029509,0.04714198302439257,-0.0072289493007673148,-0.008219863559849213,0.010926207100553044,0.018840552120351468,0.58207252036029333,0.019721521701963948,-0.0195112770735918,0.026269867302362287,3.1335956273632366,-0.0013453077744205208,-0.01853869836460555,3.2552247923428208,-0.00025226826434072584
hold,0,28,2,0.2860000000000002,0,0,0,0,0,0,0,31.021161455045547,32.18027454187888,0.00043573890502058427,0.0059868179817034115,0.0005708300472650348,0.00018325380034867316,-0.048169771503484969,0.068869644692550011,0.0073439770406960037,-0.23792551037840759,-0.37372774419312532,-0.43958946946957073,-0.00033138534224743906,-0.00046487935768323792,0.34837950300265835,0.99999178042958026,0.00083534890993237963,-0.0039165161398380484,0.00063416622641510425,-0.34018947803016653,0.56715700772459365,0.043120823562295359,-0.57029332188490367,-0.57073511652136333,-0.35472368927608139,0.57204081578292687,0.030536994594196593,0.57527600997298833,-0.57570102023964975,-0.0059048032501034797,-0.0026872911994969516,0.010979396809245999,0.0089832336816459291,-0.12725343343441431,0.0063018834906979539,0.11280848556336741,0.012270941716180803,-0.015759156197815802,-0.008788879435789097,-0.0098079407547336291,0.0092894427759822439,0.018290941326732164,0.60223171815264942,0.01917831269806191,-0.018962974457293721,0.026269867302362287,3.1335956273632366,-0.0013453077744205208,-0.01853869836460555,3.2552247923428208,-0.00025226826434072584
hold,0,28,3,0.2880000000000002,0,0,0,0,0,0,0,31.018315941569867,32.190502511984022,0.00044137266444926881,0.0061744315617671547,0.00055339683335586375,0.00018329523055410531,-0.049365210701644034,0.067088316554120411,0.0073956494744678025,-0.22888888051742645,-0.369682582685053,-0.4181640186582149,-0.00034344596290311201,-0.00047008494108902621,0.34840160326007102,0.99999126031356533,0.00084392656294870073,-0.0040445078292726507,0.00063956302433843383,-0.33994716552781423,0.56718440985888041,0.042963797979940564,-0.57031377562064112,-0.57075764099730852,-0.35470870981789093,0.57207638547807083,0.031782962291539804,0.57531335992928523,-0.57573792893844711,-0.0060303103278364616,-0.002602791702894148,0.011050128706346867,0.0085179856529161505,-0.12799360624090686,0.0054704066207785246,0.12115625117613953,0.013701067143355432,-0.078512791177396402,-0.010226867868734123,-0.011262237972615821,0.0074897290952306008,0.017784847571954959,0.62298384867160683,0.01867497814843944,-0.018454349398682398,0.026269867302362287,3.1335956273632366,-0.0013453077744205208,-0.01853869836460555,3.2552247923428208,-0.00025226826434072584
hold,0,28,4,0.2900000000000002,0,0,0,0,0,0,0,31.015358124459024,32.198051942537312,0.00044674274770528655,0.006368615688260755,0.00053527562378832892,0.00018333614314391638,-0.050475768503039621,0.06513760350026998,0.0074731411096493616,-0.2198352180745399,-0.36532473188277204,-0.39713515374020292,-0.00035576155479868834,-0.00047512397175696953,0.34842384390776654,0.99999072155059965,0.00085206085571353624,-0.0041732304836459818,0.00064416794333516428,-0.33968792108076645,0.5672144407719224,0.04268110486811022,-0.57033693389698381,-0.57078288356186913,-0.3546976615429912,0.57211103305450095,0.033071649326914782,0.57534978863330133,-0.57577390534502992,-0.0061577959477881724,-0.0025195153339716506,0.011120323847760008,0.0080709747532555012,-0.12872502494551316,0.0046809565935553403,0.12962222352389252,0.01501545652100517,-0.14134655591517148,-0.011579138171336645,-0.01262128228032121,0.0055241374498578473,0.017323788215071124,0.64434351768748821,0.018214352008037525,-0.017988203291421249,0.026269867302362287,3.1335956273632366,-0.0013453077744205208,-0.01853869836460555,3.2552247923428208,-0.00025226826434072584
hold,0,29,0,0.2920000000000002,0,0,0,0,0,0,0,30.974131067118662,32.186356446034296,0.00045182011758385099,0.0048840089634857708,0.00051676513454226598,0.0001833762847180482,-0.044291112107022898,0.20890700608150295,0.011355425872567437,-0.75085961291643089,-0.13389890104613331,0.20820517877386929,-0.00036827709216346102,-0.00047916468082109034,0.34844616896570224,0.99999016599904511,0.0008586949943417498,-0.0043022195414099598,0.00064919575326006162,-0.3394130034592589,0.56725039537634414,0.042271407010203058,-0.57036673347828859,-0.57081474752430628,-0.35467023238193418,0.57214977925696897,0.03421991305642802,0.57538771014364287,-0.57581193830537014,-0.0062577686823863318,-0.0020203545320604042,0.011162528967844013,0.0065724420493206773,-0.12899016924881351,0.0051103418947300808,0.13745881075376723,0.017977302210884314,-0.20484892895358059,-0.01489979065239967,-0.015931981218598582,0.013714580528502541,0.019373101233988735,0.57413186475661937,0.018960755170756519,-0.01901648017011575,0.028245761697462943,3.1343113726578808,-0.0013446701862460018,-0.022596748292357371,3.2518838101756291,-0.00025162930459555056
hold,0,29,1,0.29400000000000021,0,0,0,0,0,0,0,31.023032081630483,32.189864427073388,0.00045654028193198998,0.0054607468405457465,0.00050630711294221884,0.00018334567132462511,-0.04532904865479994,0.20792911287423305,0.011232728253180113,-0.72782119491930142,-0.12920839339291909,0.2098268758064723,-0.0003809961423140305,-0.00048221341100386609,0.34846857648634721,0.99998959357878714,0.00086387512831922998,-0.0044314656359361751,0.00065464968635148963,-0.33912216912837234,0.56729211139612834,0.041733739474114476,-0.57040289707773062,-0.57085294868054337,-0.35462599384048066,0.57219119240816574,0.035233417762920584,0.5754262826631531,-0.57585108394060613,-0.0063595250752847467,-0.0015243650913878788,0.01120376032247733,0.0051201325865829535,-0.12924596621461062,0.0055429479865127885,0.14541716544327049,0.020858009892089826,-0.2688337680442926,-0.018081799721040823,-0.019100578118536382,0.022119270726769065,0.020706575598373356,0.5067523532462832,0.019286259755107608,-0.019572817617985107,0.028245761697462943,3.1343113726578808,-0.0013446701862460018,-0.022596748292357371,3.2518838101756291,-0.00025162930459555056
hold,0,29,2,0.29600000000000021,0,0,0,0,0,0,0,31.064278700817731,32.191630340797552,0.00046089207265904292,0.0060487564321140934,0.0004857817911206755,0.00018326257719837781,-0.046123715757736786,0.20692963014497354,0.011189534775908783,-0.70866521534983695,-0.12373767324454132,0.21029126099719844,-0.00039392119536605757,-0.00048427644171818217,0.3484910645981657,0.99998900422169057,0.00086763963402712585,-0.0045609578375143574,0.00066053068127606041,-0.33881518207331507,0.56733951789110826,0.041066710781978176,-0.57044525148089409,-0.57089730911979997,-0.35456460718467214,0.57223406074977112,0.036116966272904637,0.57546477909370586,-0.57589052709111443,-0.006462526526013525,-0.0010315153571580421,0.011244055909246518,0.0037062650719547072,-0.12949085009369368,0.0059765023782241949,0.15349352752863604,0.023703247489975869,-0.33351434606815006,-0.021177201581730126,-0.022180219628285151,0.030693327904266453,0.021434170802701779,0.44177425499202738,0.019248215276377559,-0.01972157525414802,0.028245761697462943,3.1343113726578808,-0.0013446701862460018,-0.022596748292357371,3.2518838101756291,-0.00025162930459555056
hold,0,29,3,0.29800000000000021,0,0,0,0,0,0,0,31.098819788724363,32.191926366518103,0.00046487006478591192,0.0066509950149294152,0.00045728767091010017,0.00018314184683053508,-0.046678045881395146,0.20589443700336493,0.011218577603012037,-0.69256485611515051,-0.11749652570553885,0.20984569929448807,-0.00040705367696774829,-0.00048536007699938799,0.34851363147992459,0.99998839787158778,0.00087002076975375747,-0.004690683673535704,0.00066683787333355151,-0.3384918049151977,0.56739262324964979,0.040268510793326821,-0.57049371386825309,-0.57094774327250575,-0.35448580830275522,0.57227736857846834,0.036874601096139333,0.57550257985866882,-0.57592957256893185,-0.0065662408008453684,-0.00054181764060289798,0.011283440879440271,0.0023247145863114398,-0.12972327593029995,0.0064092182531123821,0.16168857905867129,0.026552679270769354,-0.39909999432567878,-0.024231193679520705,-0.025217076352863042,0.039399440958459875,0.021653914348625396,0.3788174116173485,0.018900382481477043,-0.019522738908700248,0.028245761697462943,3.1343113726578808,-0.0013446701862460018,-0.022596748292357371,3.2518838101756291,-0.00025162930459555056
hold,0,29,4,0.30000000000000021,0,0,0,0,0,0,0,31.127499281540977,32.190983342232123,0.00046847352967351041,0.0072702420217687636,0.000422518970994185,0.00018299539990853449,-0.046994245120546688,0.2048104129141978,0.011313648925280972,-0.67885054103548903,-0.11049260119630962,0.20869405232902943,-0.00042039395783831097,-0.00048547072245879803,0.34853627533853837,0.99998777448441589,0.00087104601607306648,-0.0048206291442754968,0.00067356899828985967,-0.3381517913491166,0.56745150529761501,0.039336915247046342,-0.57054828048416484,-0.57100424632847324,-0.35438939420612947,0.57232027465817237,0.037509687124561285,0.57553916550404294,-0.57596763633423598,-0.0066701404352813515,-5.5322729705017015e-05,0.01132192930688149,0.00097069780337567498,-0.12994171502905177,0.0068397087307180129,0.17000678304056147,0.029441023982616138,-0.46579777314024129,-0.02728330795588664,-0.028251527983734006,0.048207048312875901,0.021453039851989601,0.31754301421097636,0.018292822687076719,-0.019031882652041796,0.028245761697462943,3.1343113726578808,-0.0013446701862460018,-0.022596748292357371,3.2518838101756291,-0.00025162930459555056
hold,0,30,0,0.30200000000000021,0,0,0,0,0,0,0,31.078247423913833,32.095892932351738,0.00047170550203037842,0.0074882298329204955,0.00038284632038256054,0.00018283268733067749,-0.10010941309648867,0.20028035120839366,-0.025390494541211339,-0.66900640642223685,3.5951609704390282,-0.11721874404777623,-0.00043366499194594937,-0.0004847281682774558,0.34855770706243,0.99998717106073542,0.00087073696519286313,-0.0049433836087604682,0.00068006586501517742,-0.33781210783122106,0.56751472261944336,0.0382861241117625,-0.57060733335182656,-0.57106514985997514,-0.3542887419266384,0.57236103579897335,0.038026674340505842,0.57557313056736892,-0.57600324780273804,-0.0066355170538192031,0.00037127709067111275,0.010715861945812826,-0.00035988610960669895,-0.12275000570231642,0.006605608368817858,0.16984175894777531,0.031608660914169417,-0.52539556764192141,-0.029526433830873815,-0.030451765750946738,0.050326139745524336,0.020380570400502365,0.25849360797227861,0.016982531662962378,-0.017805734251035557,0.025509275347333906,3.1216040878016642,-0.0013377335866537989,-0.059081133576882314,3.2169030688952316,0.0013769488934859274
hold,0,30,1,0.30400000000000021,0,0,0,0,0,0,0,31.096651678236533,32.092404911211545,0.00047455896501311101,0.0080450088231617742,0.00033653325138584598,0.00018266382338310853,-0.099961367633406115,0.19912439126787931,-0.025186724540917638,-0.65849848408973166,3.6031450055394769,-0.10927736635071858,-0.00044686430042200189,-0.00048313586187221323,0.3485779253580833,0.9999865903036036,0.00086911474235838336,-0.0050589311018376945,0.00068634440600419974,-0.33747245889301031,0.5675824847784835,0.037113122806456421,-0.57067104432274995,-0.57113063707970779,-0.35418377376167565,0.57239912248672797,0.03842777040381827,0.57560413073856043,-0.57603601852904074,-0.0065996542380262506,0.00079615320262128289,0.010109147826643709,-0.0016692390093229485,-0.11554231171256189,0.0063874861525887077,0.16982446910538213,0.0338810795200815,-0.58650065265303875,-0.031855485461671523,-0.032743609866306769,0.052484082481383761,0.019043343877308161,0.20054803165621443,0.015500085595762358,-0.016385363151351893,0.025509275347333906,3.1216040878016642,-0.0013377335866537989,-0.059081133576882314,3.2169030688952316,0.0013769488934859274
hold,0,30,2,0.30600000000000022,0,0,0,0,0,0,0,31.094892463899654,32.427589314553728,0.00047912415493864269,0.0026416093107422649,0.00028720010125988859,0.00018249364022174304,-0.11393614909373535,0.10270651518950706,-0.033501997882131818,-0.24919401767897964,3.5644632197903459,0.63800613038787868,-0.00046005225558300254,-0.00048090318799509787,0.34859690929549719,0.99998603256391838,0.00086700547536892707,-0.005167348251185911,0.00069389525872872099,-0.33715063706129594,0.56763382455845446,0.036053905307365589,-0.57072140143903138,-0.57118209177772405,-0.35407782654447395,0.57243620336900236,0.038714623372283249,0.57563370018959814,-0.57606745707549012,-0.0065939775805003214,0.0011163369385576824,0.009491968706954703,-0.0021449662295443708,-0.10841050704627861,0.007656031865667037,0.16091091585717446,0.025669889985481559,-0.52960874954541759,-0.025178558140730434,-0.025727349008117635,0.052973608600859902,0.018540441137196315,0.14342648423248863,0.014784725518870834,-0.015719273224676037,0.025509275347333906,3.1216040878016642,-0.0013377335866537989,-0.059081133576882314,3.2169030688952316,0.0013769488934859274
hold,0,30,3,0.30800000000000022,0,0,0,0,0,0,0,31.106637838249711,32.326574598365212,0.00048411117602054771,0.0020602874631637305,0.00022599332177619796,0.00018231390524598874,-0.11321784416512762,0.10047998614242837,-0.032799435419558876,-0.25380287744527547,3.5734112073921409,0.62363516831987409,-0.0004732240762324926,-0.00047804287257169039,0.34861465923587337,0.99998550025118715,0.0008644000043370422,-0.0052686171889281671,0.00070268978312512632,-0.33684811783488156,0.56767186379713641,0.03510127985878099,-0.57076083065959216,-0.57122203640479585,-0.35397076660967042,0.57247191041272016,0.03888847155915362,0.57566164991134072,-0.57609734086861075,-0.0065859103247450411,0.0014301577117037522,0.0088749701880821673,-0.002629798792110164,-0.10126084126980282,0.0088960350437462411,0.15125961320720249,0.019019619340958627,-0.47631272429230082,-0.019714610280363011,-0.019972313535904462,0.05352996740177194,0.017853521858918926,0.086924093435186034,0.013974860871279339,-0.014941896560320096,0.025509275347333906,3.1216040878016642,-0.0013377335866537989,-0.059081133576882314,3.2169030688952316,0.0013769488934859274
hold,0,30,4,0.31000000000000022,0,0,0,0,0,0,0,31.115524810943519,32.240662178051124,0.00048693529910395078,0.0021992432811183868,0.00017112209958459757,0.00018212997285969675,-0.11252871297159382,0.098130460941291769,-0.03218213000080361,-0.25586667351853876,3.5818290080926301,0.60870706033869537,-0.00048637521427412415,-0.00047456863973495059,0.34863117534360433,0.99998499561532128,0.0008612942469595088,-0.0053627211114900871,0.00071269820089246553,-0.33656611630621058,0.56769926021416794,0.034248941947837175,-0.57079141730164573,-0.5712526442479221,-0.35386247878926502,0.57250598261151608,0.038950114646828661,0.57568786042525832,-0.57612552293046615,-0.006575569020815763,0.0017371164183699068,0.0082580538654794967,-0.0031186714853002496,-0.094094383292139691,0.01010633374313882,0.14100076433549416,0.013698208515789706,-0.42616895547190664,-0.015293321026766676,-0.015303921563113738,0.054143910202689417,0.017036099397955383,0.030821543837520379,0.013105256958797709,-0.014091030927694618,0.025509275347333906,3.1216040878016642,-0.0013377335866537989,-0.059081133576882314,3.2169030688952316,0.0013769488934859274
hold,0,31,0,0.31200000000000022,0,0,0,0,0,0,0,31.116012763260795,32.15719664709853,0.00048799690813619567,0.0025814736693901118,0.0001214709457819882,0.00018194594657563179,-0.11684705652953591,0.094835568667405779,-0.035154891372169317,-0.25582545759182324,3.948651869619952,0.52331137914634751,-0.00049947372218776451,-0.00047051998394285994,0.34864633297524622,0.99998452475919186,0.00085768808037481445,-0.0054489265401682363,0.00072374916160853568,-0.3363074370124125,0.56771813313284525,0.033493160355953282,-0.57081478353636983,-0.57127561173173025,-0.35375397145387977,0.57253817317702638,0.0388993763640679,0.57571221557563546,-0.57615186572875277,-0.0065492539568201532,0.0020243278960453215,0.007578815820946723,-0.0036078821688500509,-0.086194572160218225,0.011144717601028085,0.12933964689902946,0.0094364593386387537,-0.37789079594194741,-0.011683117362068059,-0.011483741904060775,0.054253667692630896,0.016095282755158209,-0.025369141380382106,0.012177575188550631,-0.013171399143326769,0.027395498825521114,3.1218021283393966,-0.00133682484405496,-0.064768237512643503,3.2120360579575076,0.0013778589495381597
hold,0,31,1,0.31400000000000022,0,0,0,0,0,0,0,31.120286180589481,32.095978240766279,0.00048763361097981656,0.0029597523171703373,7.5831063717690249e-05,0.00018176590436981305,-0.11619441292442433,0.09225341398792325,-0.034672992842819994,-0.25393628767349763,3.9560224696882695,0.51031250738341427,-0.00051251537327816734,-0.00046591148281958152,0.34866013206124608,0.99998408978270925,0.00085358533078613527,-0.0055272187672923837,0.00073581670763175899,-0.33607286674283976,0.56773038217042182,0.032829005058034023,-0.5708324549918008,-0.57129253704371785,-0.35364515067477814,0.57256839730008646,0.038736248813581522,0.57573470845885488,-0.57617634458696276,-0.0065208255452013902,0.0023042505616392202,0.0068995429999213478,-0.0040932217897303794,-0.078280066218115577,0.012157179992768604,0.11728513478637931,0.0061245187883109597,-0.33207764895962949,-0.0088357277155108882,-0.0084626559938065799,0.054410389550824743,0.015112061530022062,-0.081563775243188141,0.011246441609723351,-0.012239429105006031,0.027395498825521114,3.1218021283393966,-0.00133682484405496,-0.064768237512643503,3.2120360579575076,0.0013778589495381597
hold,0,31,2,0.31600000000000023,0,0,0,0,0,0,0,31.122784521758895,32.044786496528516,0.00048613446844522623,0.0033450605265913525,3.625286483826672e-05,0.00018159179806527721,-0.11555202410734229,0.089584573852147728,-0.034245115337594001,-0.25065704274785533,3.96287490779231,0.49711448260086577,-0.0005254961076265705,-0.00046075830621764837,0.34867257245142302,0.99998369259232689,0.00084899259743388656,-0.0055975841230781649,0.00074887446791018083,-0.33586302708794058,0.56773759851970729,0.032252106811628066,-0.57084572091736918,-0.57130477405567692,-0.35353591832362896,0.57259664040822311,0.038460345199840366,0.57575538136324811,-0.57619898799681746,-0.0064903671742015806,0.002576588300966561,0.0062201950884707702,-0.0045719241556539192,-0.070351906353559979,0.013143292674676106,0.10491982744959957,0.0036081746427217469,-0.28844912320297977,-0.0066329627841793005,-0.0061185059795085314,0.054616175574577604,0.014121554068335984,-0.13795180687057859,0.01033645219661289,-0.011321704927331297,0.027395498825521114,3.1218021283393966,-0.00133682484405496,-0.064768237512643503,3.2120360579575076,0.0013778589495381597
hold,0,31,3,0.31800000000000023,0,0,0,0,0,0,0,31.123777459688263,32.002291007037883,0.00048374312158459137,0.0037401630972142465,7.3785419114955129e-05,0.00018142493691700919,-0.11491371338190634,0.086842699389739639,-0.033862802114143165,-0.2462500236714576,3.9692276462113627,0.48382067002977036,-0.0005384120053023594,-0.00045507609532692908,0.3486836539428787,0.99998333490042401,0.00084391872949771314,-0.0056600099381376922,0.00076289586709074044,-0.33567839905828989,0.56774110559673641,0.031758585786995232,-0.57085566299170509,-0.57131346159072416,-0.35342616653077297,0.57262294925220036,0.038070911698350564,0.57577432043109833,-0.57621987173036993,-0.0064579488378944524,0.0028411054453596415,0.0055407457278502216,-0.005041744657824517,-0.062411095555416699,0.014102838861379518,0.092314014825342738,0.0017535385145321029,-0.24676051231641843,-0.0049710371679337765,-0.0043437675236306875,0.05487589642801087,0.013154421988629261,-0.19471675074490036,0.0094695339251302003,-0.01044186677623787,0.027395498825521114,3.1218021283393966,-0.00133682484405496,-0.064768237512643503,3.2120360579575076,0.0013778589495381597
hold,0,31,4,0.32000000000000023,0,0,0,0,0,0,0,31.123497757508765,31.96730894479704,0.00048066374388640309,0.004147579279280611,0.0001082578588909299,0.00018126611389069543,-0.11427343381977313,0.084039229324330889,-0.033518447753884573,-0.24092766164993859,3.9750988696295506,0.47051288334272856,-0.00055125926009381239,-0.00044888086378050207,0.3486933763046185,0.99998301822475244,0.00083837440255507556,-0.0057144845066574457,0.00077785429118649551,-0.33551934480588574,0.56774199509250511,0.031344992532462437,-0.57086318132059899,-0.57131954991881351,-0.35331577284771648,0.57264742436787286,0.037566836020389974,0.57579165116258535,-0.57623911386017812,-0.0064236273957265074,0.003097615773213516,0.0048611808698942691,-0.0055008608944450152,-0.054458599673969849,0.015035769465014243,0.079527126202071155,0.00044474788436968372,-0.2067966272663975,-0.0037591644469695045,-0.00304416404467965,0.055196841528249302,0.012237557836247245,-0.25203783898029419,0.0086653657434832606,-0.0096210649040750409,0.027395498825521114,3.1218021283393966,-0.00133682484405496,-0.064768237512643503,3.2120360579575076,0.0013778589495381597
hold,0,32,0,0.32200000000000023,0,0,0,0,0,0,0,31.105338021245597,31.934465461185873,0.00047706631258002258,0.0044950248061404099,0.000140017466692028,0.0001812409740425679,-0.12037062300107365,0.08247180651368527,-0.037883370316070142,-0.2429530573252765,4.432162651408678,0.38059678572341205,-0.00056400120782140782,-0.0004422063035520766,0.34870158146692737,0.99998274922667107,0.00083235542038058864,-0.0057600938695586091,0.0007935692384752692,-0.33538809552823196,0.56774105481416692,0.031008288453209926,-0.57086886030849748,-0.57132366849959482,-0.35320646804515116,0.57266996881883059,0.036949637723770995,0.57580734459765359,-0.57625666953095922,-0.0063709738637976908,0.0033372801142127406,0.004102581154446088,-0.0059643290585742791,-0.045592268675883514,0.015787522771356716,0.065624638826891069,-0.00047013916911859527,-0.16835203962625539,-0.0028394939492379936,-0.0020592903906456565,0.054652401282649581,0.011272225478845096,-0.30859914830948987,0.0078467175341309873,-0.0087778353905340837,0.029652977679769623,3.121431545280271,0.00027697312181961567,-0.071824268854444193,3.2065774812250938,0.00027425169769451364
hold,0,32,1,0.32400000000000023,0,0,0,0,0,0,0,31.102917864049736,31.911465740938407,0.00047309047154239087,0.0049221505106326717,0.00016923524444479904,0.00018139276253018158,-0.11971107479293257,0.079573688825448699,-0.037595492247238127,-0.23600811077430217,4.4370544093389288,0.37021138359434386,-0.00057663417356407926,-0.00043506812059086188,0.34870826924071308,0.99998252913685159,0.0008258757355641428,-0.0057968282753431523,0.00081001992622877275,-0.33528482221918043,0.56773900494943619,0.030745757855324123,-0.57087331702235811,-0.57132647179033624,-0.35309810117457269,0.57269077776546673,0.036217482112742255,0.57582158683945328,-0.57627272431168308,-0.0063164828713357301,0.0035690914806073572,0.0033438868928640118,-0.0064137836344396156,-0.036716204938160496,0.0165184783020614,0.051636654525765269,-0.0010249323653778158,-0.13126529894290184,-0.0022283569303100052,-0.0014016453707243427,0.054183435289220969,0.010404473318072736,-0.36607780551436869,0.0071211208998177384,-0.0080273903619230754,0.029652977679769623,3.121431545280271,0.00027697312181961567,-0.071824268854444193,3.2065774812250938,0.00027425169769451364
hold,0,32,2,0.32600000000000023,0,0,0,0,0,0,0,31.099767474886754,31.893178518701404,0.00046885137842560265,0.0053684989853748331,0.0001963664499914934,0.00018153193572032397,-0.11903443901265268,0.076630560801502712,-0.037327972249396879,-0.22859397202897186,4.4414554978199856,0.35982480805805739,-0.00058915455155107493,-0.00042748226495907944,0.34871343947555244,0.99998235894421728,0.00081895023664859312,-0.0058246789535184125,0.00082718556356271063,-0.33520962779742974,0.5677364190582237,0.030554985965840911,-0.5708770481335117,-0.5713284885065929,-0.35299049509720098,0.57271008295362469,0.035368200639929688,0.57583459494949174,-0.57628749616196795,-0.0062601889934978403,0.0037929278158912289,0.0025851174196775636,-0.0068482907168345248,-0.02783139170705512,0.01722862242533181,0.037597210875351908,-0.0012929456062522756,-0.095385944741606388,-0.0018655555768007902,-0.0010083581283150582,0.053803038685853184,0.0096525940790028013,-0.4246407364062838,0.006504055019248469,-0.0073859251424468284,0.029652977679769623,3.121431545280271,0.00027697312181961567,-0.071824268854444193,3.2065774812250938,0.00027425169769451364
hold,0,32,3,0.32800000000000024,0,0,0,0,0,0,0,31.095999547682254,31.878878447743276,0.00046517346660478881,0.0058359131359370722,0.00022155151518480579,0.00018165800953811386,-0.11833492699165904,0.073644919298489028,-0.037075698064320761,-0.22078277920530831,4.4453836496036523,0.34947361066778854,-0.00060155877989721167,-0.00041946489996710261,0.34871709207456192,0.99998223939549469,0.00081159460464614024,-0.0058436380789549146,0.00084504542548806221,-0.33516255980259785,0.56773374597263981,0.030433829370145164,-0.57088044699212992,-0.57133013919213582,-0.35288344384781195,0.57272814958189899,0.034399288241195217,0.57584661501947754,-0.57630123327801086,-0.006202114173068379,0.0040086824959884261,0.0018262995047485741,-0.0072670590907606232,-0.018938776501999946,0.017918016524873546,0.023533997415947402,-0.0013365427919645009,-0.060578297847873011,-0.0016994293091039474,-0.00082534277144612894,0.053525624694509111,0.0090333141371760593,-0.48445619936723483,0.0060100349929092037,-0.0068685580214547055,0.029652977679769623,3.121431545280271,0.00027697312181961567,-0.071824268854444193,3.2065774812250938,0.00027425169769451364
hold,0,32,4,0.33000000000000024,0,0,0,0,0,0,0,31.091703203344565,31.867929075050064,0.00046718766016598523,0.0063262338711384467,0.00024489480041266654,0.00018177096849545722,-0.11760676947384455,0.070617703087913153,-0.036834016167162531,-0.21262913431705985,4.4488566030257362,0.3391863027423232,-0.00061384331537862023,-0.00041103238231610985,0.34871922700745811,0.99998217099486819,0.0008038252045394921,-0.0058536987362822392,0.00086357891072981431,-0.33514362140259235,0.56773132899302425,0.03038039049775431,-0.57088381877658434,-0.57133175184667817,-0.35277671036334124,0.57274527400248676,0.033307899048980925,0.57585792086646104,-0.5763142125894325,-0.0061422677407042938,0.0042162588254963879,0.0010674664481038179,-0.0076694053368293012,-0.010039271180672053,0.018586780616571544,0.009469200002741077,-0.0012084898077846492,-0.026719436195427139,-0.0016858922271849536,-0.00080632727118258498,0.053366742235367234,0.0085622102938767205,-0.54569459610714532,0.0056529234917282655,-0.0064896557107920203,0.029652977679769623,3.121431545280271,0.00027697312181961567,-0.071824268854444193,3.2065774812250938,0.00027425169769451364
hold,0,33,0,0.33200000000000024,0,0,0,0,0,0,0,31.08319686674411,31.858052964883733,0.00046892534591971152,0.0068294030447805208,0.00026647084388175136,0.00018187113924384154,-0.11830006947565765,0.067859828988609289,-0.037833242932025613,-0.20500896182604286,4.5565104375293881,0.34299422265883728,-0.00062599655060261437,-0.00040219558071012966,0.34871980716318418,0.99998215520536482,0.00079565767879650562,-0.0058546456274216653,0.00088279344616192911,-0.33515313772802374,0.5677293953894661,0.030392938163209173,-0.5708873700668633,-0.57133355190611734,-0.35267051828632079,0.57276172912191836,0.032091317208783415,0.57586875430146667,-0.57632667849250441,-0.0060766176119970766,0.0044184008029901018,0.00029007786303824896,-0.0080557090461553568,-0.00092446825350407484,0.01926277786303255,-0.0047581627156892698,-0.00096680177909840297,0.0062738327274315178,-0.0017756451394937214,-0.00090002971959045352,0.05309603851023019,0.0082275597157950853,-0.60829092009875396,0.0054167175027912571,-0.0062329515359650237,0.028345564558968118,3.1200944456729789,0.00027770863011808861,-0.07162571684576774,3.2064356736819728,0.00027498536180671431
hold,0,33,1,0.33400000000000024,0,0,0,0,0,0,0,31.424313250974553,31.85454535001319,0.00047406596997403433,0.0020851096887217892,0.0002864131168993833,0.0001819592435601638,-0.13135002898925607,-0.03552526218492795,-0.046409720751190875,0.14430603927736449,4.5167079094478435,-0.46370405527752229,-0.00063807568011002374,-0.00039366284469357781,0.34871881061745913,0.99998219244323283,0.00078778130464166106,-0.0058465602544908232,0.00090107171271409166,-0.33519186032439618,0.56772568436677151,0.030472820116452685,-0.57088819497438359,-0.57133266253248116,-0.35258462242017491,0.5727610821287954,0.030979084346370166,0.57586594980725958,-0.57632486976179287,-0.0060395647537046723,0.004266368008275942,-0.00049827286252851065,-0.007762112744178257,0.0081069431187890291,0.018317587698759991,-0.019361298186213259,-0.001855511347268073,0.039940976621756732,-0.00041245376014811602,0.00044468681809742565,0.042947933072936602,-0.00032349656149973163,-0.5561164312066248,-0.0014022471035378863,0.00090436535579350302,0.028345564558968118,3.1200944456729789,0.00027770863011808861,-0.07162571684576774,3.2064356736819728,0.00027498536180671431
hold,0,33,2,0.33600000000000024,0,0,0,0,0,0,0,31.32148010481896,31.850072981231854,0.00047858964143022292,0.0023922853057153776,0.00030427326627017657,0.00018200902342894499,-0.13037223780384566,-0.035140065286228657,-0.045744117914519933,0.13166170592875331,4.5192806172891045,-0.45231271477489376,-0.00065007647885853667,-0.00038542744757721968,0.34871623922445971,0.99998228257620869,0.00078017110423480348,-0.005829437428546214,0.00091843670980185815,-0.33525975544752595,0.56772045758271728,0.030618758571305756,-0.57088670487476489,-0.57132950332300114,-0.35252044225342732,0.57274640749796102,0.029964339770101271,0.57585181522759277,-0.57631118164678796,-0.0060003993742564453,0.0041176985581790702,-0.0012856964996962876,-0.0074931814977771179,0.017143585155028916,0.017395611098278023,-0.033947561564876161,-0.0026133920271410628,0.072969227426534666,0.00074504980935815321,0.0015796047400347653,0.032090083373781761,-0.0073373154171780001,-0.50737228813444768,-0.0070672898334183977,0.0068440575024633493,0.028345564558968118,3.1200944456729789,0.00027770863011808861,-0.07162571684576774,3.2064356736819728,0.00027498536180671431
hold,0,33,3,0.33800000000000024,0,0,0,0,0,0,0,31.23395896756994,31.847201474471902,0.00048099864806389059,0.0026946354644382811,0.00031672511406641854,0.00018202776211828588,-0.12958385342609979,-0.035363614141903803,-0.045203918881798089,0.12357573968702774,4.5206998780063543,-0.43973374350835487,-0.00066199570996597985,-0.00037748533800210015,0.34871209466025382,0.99998242519895864,0.00077281122744567664,-0.0058032742720645469,0.00093491375992003,-0.33535675623727562,0.56771389731353583,0.030829671655454832,-0.57088321088364447,-0.57132439165598292,-0.3524791572801983,0.57272034255061455,0.029041060063790754,0.57582835787843933,-0.57628770202443635,-0.0059596155537215683,0.0039710547875597656,-0.0020722821029350476,-0.0072397765264100135,0.026183138852149349,0.016499119402642138,-0.0485003948748296,-0.0032801345907091245,0.10545654207453856,0.0017469955601900596,0.0025558335091376426,0.020642486614522691,-0.01303247367326258,-0.46163985315525835,-0.011728674576695349,0.01173981117579871,0.028345564558968118,3.1200944456729789,0.00027770863011808861,-0.07162571684576774,3.2064356736819728,0.00027498536180671431
hold,0,33,4,0.34000000000000025,0,0,0,0,0,0,0,31.159806961704554,31.845598097688431,0.00048169824576325959,0.0029934886349731633,0.00032485489490606447,0.00018202166125643092,-0.12897432773906262,-0.03611972043549231,-0.044772440493382248,0.11924250437375467,4.5209998901638819,-0.42636137802459495,-0.000673831077849577,-0.00036983484963840139,0.34870637847897018,0.99998261963580704,0.00076569333540489495,-0.0057680701501828368,0.00095052972960899841,-0.33548277197131643,0.56770612084913175,0.031104658227298621,-0.57087794104493361,-0.57131756009839374,-0.35246173829650135,0.57268514126169678,0.028203932651170684,0.57579731633135711,-0.57625624303699785,-0.0059176839417985861,0.0038252441818493899,-0.0028580906418305199,-0.0069943806369304274,0.035223354367550426,0.015629614402827674,-0.063007867020399927,-0.003888232202069001,0.13749328592189516,0.0026349193554128401,0.0034157787946092941,0.0087094918484787696,-0.017600644458897068,-0.41856370631003464,-0.015520773541124333,0.015729493719227539,0.028345564558968118,3.1200944456729789,0.00027770863011808861,-0.07162571684576774,3.2064356736819728,0.00027498536180671431
hold,0,34,0,0.34200000000000025,0,0,0,0,0,0,0,31.145696242347789,31.912896479619945,0.0004810328192983368,0.003088689949272954,0.00032949092753729349,0.00018199598073654133,-0.093684060047422107,-0.0344190788616551,-0.020010948022056496,0.11507521579297561,2.0644425811131888,-0.34352028076804869,-0.00068576762602708878,-0.00036244311567709952,0.34869994623933748,0.99998283668963817,0.00075880555024078087,-0.0057287379505633193,0.00096545418034904725,-0.33562697908939471,0.56769802134390557,0.031434932084553946,-0.57087191274457028,-0.57131005674106805,-0.3524594110984457,0.57264336473108468,0.02744616816096377,0.57576084447633846,-0.57621903377959427,-0.0059682740887558854,0.0036958669806509475,-0.003216119816338688,-0.0067643599467293201,0.039350742602241702,0.014933597860953714,-0.07210355903913257,-0.004049752613104857,0.16513692862766161,0.0030141501816413185,0.0037516786628607225,0.0011635990278370863,-0.020888265306076462,-0.37888224510345681,-0.018235927509308174,0.018604628701818015,0.03778016308595375,3.1330101810802109,0.00078393977248264186,-0.055020852485041967,3.2252532258433275,-0.0010261510428103927
hold,0,34,1,0.34400000000000025,0,0,0,0,0,0,0,31.093555184066439,31.913290339666666,0.0004793006197027494,0.003341747111686404,0.00033175611079016101,0.00018195887477087956,-0.093409885463891743,-0.035861123769854633,-0.019763398641758911,0.11588347932005977,2.0628773071432271,-0.33206538681590542,-0.00069780460335628627,-0.00035531248552308716,0.34869279935603581,0.99998307586750756,0.00075214970514844823,-0.0056852807840506343,0.00097971005166757903,-0.33578927915505125,0.56768961101083892,0.031820037776362713,-0.57086521348758112,-0.57130196491162066,-0.35247280174124784,0.57259662822627067,0.026763611381168808,0.5757202173485666,-0.57617740726379885,-0.0060184886645987621,0.0035653150770061691,-0.0035734416508463257,-0.0065322882937013755,0.04347503419441319,0.014260549783617023,-0.081150032828257876,-0.0042051665333249335,0.19255284590438393,0.0033496284945554152,0.004045914723711316,-0.0066953214010864754,-0.023368252407008565,-0.34127838989748077,-0.020313563885944696,0.020813257897695961,0.03778016308595375,3.1330101810802109,0.00078393977248264186,-0.055020852485041967,3.2252532258433275,-0.0010261510428103927
hold,0,34,2,0.34600000000000025,0,0,0,0,0,0,0,31.050168177963393,31.914200806193676,0.00047674572235945067,0.0035949750542978495,0.00033168784596315044,0.00018191326309070413,-0.093281598691868833,-0.037634890241243467,-0.019582726802763517,0.11871357597102479,2.0605990446858815,-0.3204661602924932,-0.00070994195340962757,-0.00034844685894153821,0.34868493918979737,0.99998333661180572,0.00074573167514119687,-0.0056377031912864676,0.00099332054988036716,-0.33596956913059928,0.56768087006690304,0.032259649112429296,-0.57085788796353765,-0.5712933249946357,-0.3525024042612217,0.57254629281126268,0.026152564996832762,0.5756765225293361,-0.57613250283641149,-0.0060686750266706647,0.0034328132907744894,-0.0039300831192117707,-0.0062941257592047089,0.04759479491971124,0.013610715249054434,-0.090144987774020496,-0.004370471967959034,0.21980566803329266,0.0036627620217214558,0.0043199584924847999,-0.014801259986923105,-0.025167707504006757,-0.30552319216802226,-0.021847409615226833,0.022452213693666314,0.03778016308595375,3.1330101810802109,0.00078393977248264186,-0.055020852485041967,3.2252532258433275,-0.0010261510428103927
hold,0,34,3,0.34800000000000025,0,0,0,0,0,0,0,31.014341078985304,31.915465457706436,0.00047357239423036213,0.0038490657670381019,0.00032964556408186883,0.0001818615887840032,-0.093292507405721856,-0.039692166448455662,-0.019459442091076085,0.12319338895440893,2.0576297752324355,-0.30890796475465504,-0.00072218028452010301,-0.00034185150063695561,0.34867636707860161,0.99998361830217786,0.000739560630501306,-0.0055860110984597925,0.001006308782079455,-0.33616774568800817,0.56767175372747103,0.032753561404839059,-0.57084994651195231,-0.57128414290877394,-0.35254860038015279,0.57249349901435576,0.025609733523868333,0.57563068256630201,-0.57608528888436794,-0.006119165555237711,0.0032976791522913067,-0.0042860555978745142,-0.0060465812615238933,0.051708635134397815,0.012983978055612145,-0.099088278704445448,-0.0045581697159851695,0.24695614620488227,0.0039707257926823924,0.0045910429308979109,-0.023098059465547029,-0.026396898453488641,-0.2714157364822149,-0.022919981517059422,0.023606976021747734,0.03778016308595375,3.1330101810802109,0.00078393977248264186,-0.055020852485041967,3.2252532258433275,-0.0010261510428103927
hold,0,34,4,0.35000000000000026,0,0,0,0,0,0,0,30.985014248953931,31.916948598876573,0.00046995046633326043,0.0041046450155807074,0.00032803169314384972,0.0001818058814027231,-0.093436579655822277,-0.04199194253489056,-0.019385275975956517,0.12902077186909172,2.053989381865672,-0.29753815025074337,-0.00073452084273276737,-0.00033553288122425729,0.34866708436464067,0.99998392025729688,0.00073364843066810897,-0.0055302117772771187,0.0010186974653075024,-0.33638370872853918,0.56766219802500939,0.033301684719278579,-0.57084137221941456,-0.57127439722462714,-0.35261167700875551,0.5724391968565623,0.025132176487988035,0.5755834755073862,-0.57603658370792943,-0.0061702791063321947,0.0031593097063491679,-0.0046413569804797739,-0.0057869716296815709,0.055815205531412657,0.012379935059836946,-0.10798152026550967,-0.0047778512308031167,0.27406165721976072,0.0042871462688638508,0.0048728420734219027,-0.031538314301371627,-0.027151078896739549,-0.23877851794014887,-0.023603529457896,0.024352588219259397,0.03778016308595375,3.1330101810802109,0.00078393977248264186,-0.055020852485041967,3.2252532258433275,-0.0010261510428103927
hold,0,35,0,0.35200000000000026,0,0,0,0,0,0,0,30.965209924287116,31.923483897432796,0.00046602008425036118,0.0043432068325818651,0.00032566997723997102,0.00018174781303389423,-0.09153342072011908,-0.044328092220537109,-0.017429082288966669,0.13669404911951097,1.8932766480402177,-0.25855723607667547,-0.00074697752933296137,-0.00032948935439630042,0.34865714830102773,0.99998423996652219,0.00072801060954089125,-0.0054706266027306546,0.0010305647490925008,-0.33661658975866565,0.56765218932465733,0.033903274939824958,-0.57083220368844723,-0.57126412422944128,-0.35269135487601216,0.57238422483006868,0.024717455992136487,0.57553559914011854,-0.57598711983567752,-0.0062283433000969776,0.0030217634139784321,-0.0049680318064667739,-0.0055116371712636081,0.059600434177112603,0.011854231057505948,-0.11644051506325001,-0.005004350176006072,0.30079511027318978,0.0045842654836486894,0.0051364975929313952,-0.03983893362833802,-0.027486013246786893,-0.20736024792577307,-0.023938183633808251,0.024731936125936077,0.037076082790031981,3.1332032879290335,0.00078299356642313274,-0.052659816615203497,3.2273443263576262,-0.0010270986662311082
hold,0,35,1,0.35400000000000026,0,0,0,0,0,0,0,30.946208951784691,31.925100116649489,0.00046189619471725257,0.0045981402087704945,0.00032167360097161445,0.00018181951445471703,-0.091928634857893793,-0.047009583842266452,-0.017433080691580116,0.14446496944260967,1.8883649043550763,-0.24890867286656609,-0.00075955277733075926,-0.00032372970212455091,0.34864656030441521,0.99998457669175711,0.00072266287969639505,-0.0054072653970901434,0.00104192988934868,-0.33686630700224485,0.56764163803729717,0.034558465017975451,-0.5708223824631129,-0.57125326037839008,-0.35278777229714675,0.57232922819927756,0.024363227783473621,0.57548759797848004,-0.57593747205312018,-0.0062876239988989505,0.0028798261358747605,-0.0052939983062652209,-0.0052204184436464227,0.063375834332441081,0.011347741935134456,-0.12485862178958876,-0.0052756436800985443,0.32759503907524479,0.0049106126671582253,0.0054319255255754172,-0.048208710567304677,-0.027498315395565839,-0.17711410433143382,-0.024000580819252569,0.024823891278694277,0.037076082790031981,3.1332032879290335,0.00078299356642313274,-0.052659816615203497,3.2273443263576262,-0.0010270986662311082
hold,0,35,2,0.35600000000000026,0,0,0,0,0,0,0,30.931210353736027,31.926652568942288,0.00045767156488215471,0.0048562174903453575,0.00031627942811467721,0.00018198796975729385,-0.092442036346003953,-0.049846606988240956,-0.017467121216691694,0.15299048040488356,1.8828508946685374,-0.23965882542909553,-0.00077224958516078682,-0.00031826354972159067,0.34863532185188589,0.99998492964630759,0.00071762245468283132,-0.0053401391897185185,0.0010528113390482951,-0.33713278862920293,0.56763044750023739,0.035267486061198908,-0.57081183836106675,-0.57124173046619808,-0.35290101427126008,0.57227473319269195,0.024067401349758551,0.57543992276279277,-0.57588811694837405,-0.0063484039150137565,0.0027330762014801287,-0.0056192262646556955,-0.0049118226562435722,0.067140196023648652,0.010859659423622809,-0.13324081347903025,-0.005595268529899119,0.35451052161172819,0.0052720510230501588,0.0057649560959717868,-0.056620987056664372,-0.02724750329279842,-0.14791321685753547,-0.023837607843618262,0.02467755237307805,0.037076082790031981,3.1332032879290335,0.00078299356642313274,-0.052659816615203497,3.2273443263576262,-0.0010270986662311082
hold,0,35,3,0.35800000000000026,0,0,0,0,0,0,0,30.919575998435889,31.9280793899824,0.00045342042074504596,0.0051178890420599393,0.00030958312405646605,0.00018214645087516446,-0.093069866143045007,-0.052820734973883697,-0.017526616137127249,0.16214791162535785,1.8767473790119207,-0.23086109019302586,-0.00078507149964756283,-0.00031310129208148181,0.34862343449544059,0.99998529799622771,0.00071290780312363458,-0.0052692601913989405,0.0010632266431246013,-0.33741597419915947,0.56761851660539375,0.036030663519771453,-0.57080049275378408,-0.57122945092225053,-0.3530311229364671,0.5722211654291901,0.023828115376356717,0.57539294420730946,-0.57583944706185675,-0.0064109572433880121,0.00258112882005442,-0.0059436782226425129,-0.0045846034612408749,0.070892335143450905,0.010389071854740356,-0.14159278497828487,-0.0059654474217911042,0.38158872928627269,0.0056728036413249182,0.0061397719737854364,-0.065054332603521808,-0.026783881750907627,-0.11964298670091722,-0.023489277741669042,0.024334943258675464,0.037076082790031981,3.1332032879290335,0.00078299356642313274,-0.052659816615203497,3.2273443263576262,-0.0010270986662311082
hold,0,35,4,0.36000000000000026,0,0,0,0,0,0,0,30.91074894289908,31.929330475850634,0.0004492012863287001,0.0053835792577469621,0.00030165393058164758,0.0001822944184563448,-0.093808851571186416,-0.055917493722688949,-0.017607650074388914,0.17184173933641012,1.8700656115228704,-0.22255449179542644,-0.00079802260110642062,-0.00030825403491462468,0.34861089987427307,0.99998568086161721,0.00070853845731039429,-0.0051946417716968113,0.0010731923617960657,-0.33771581578635573,0.56760574192373259,0.036848413896150303,-0.57078826125681659,-0.57121633251578563,-0.35317810666140642,0.57216886607022854,0.023643716584306706,0.57534696524403717,-0.57579178352279836,-0.0064755507294289132,0.002423628583428563,-0.0062673105837616544,-0.0042377062702722065,0.074631090393414326,0.0099349922584575871,-0.14992079359814039,-0.0063873408305692497,0.40887518818942586,0.0061157484837335747,0.0065592032324212519,-0.073491862469671237,-0.026149679480794264,-0.092199396025005931,-0.022989481636142485,0.023831769529215781,0.037076082790031981,3.1332032879290335,0.00078299356642313274,-0.052659816615203497,3.2273443263576262,-0.0010270986662311082
hold,0,36,0,0.36200000000000027,0,0,0,0,0,0,0,30.998640694565673,32.033899226331371,0.00044505945962754201,0.0053797865444552631,0.00029254072072687986,0.00018243172511094941,-0.034642381456624134,-0.056659225445956918,0.023592022268475787,0.1867223692374495,-2.3357848923620805,-0.10442499489651816,-0.0008114230449059516,-0.00030369030550939091,0.34859917873847446,0.9999860340743304,0.00070453644867013541,-0.0051246953750125317,0.0010829505978753038,-0.33801431178470315,0.56759332908861782,0.037710285718597816,-0.57077643885341245,-0.57120370299554957,-0.35332506261125135,0.57211928501426312,0.02350535640657455,0.57530339814534903,-0.57574658185847916,-0.0067002218997654715,0.0022818647026168729,-0.0058605678993105008,-0.0038764451235552078,0.069958438994645447,0.0097289465818857293,-0.14924799917370946,-0.0062064175573864995,0.43093591122375607,0.0059112017020594692,0.0063147601180536415,-0.073477974922461775,-0.024790527982689502,-0.069180088866077682,-0.021783549344043251,0.022600832159612998,0.053130457928473471,3.1557334322328137,-0.00025046306118945685,-0.024182579893880486,3.2585728388949242,-0.0018779003898358087
hold,0,36,1,0.36400000000000027,0,0,0,0,0,0,0,30.99447682605404,32.035142119966615,0.00044104869875485897,0.0055956555156402854,0.00028167272841908716,0.00018256036273082125,-0.035607902537204861,-0.059635101209215002,0.023462332227833116,0.1961060110731693,-2.3431277882398844,-0.10157339072220438,-0.00082527735447225951,-0.00029942235731615294,0.34858827297259654,0.99998635853155571,0.00070092052718533136,-0.0050594357114989051,0.0010925069766673002,-0.33831146940865642,0.56758116049622453,0.038617030351280411,-0.57076490600576557,-0.5711914303492166,-0.35347194495783307,0.5720726133878643,0.023411861104776201,0.57526242554419804,-0.57570403065919495,-0.0069271547831539788,0.0021339740966189878,-0.005452882938969267,-0.0034964530577810088,0.065271063575436036,0.009528446648639886,-0.14857881197663581,-0.0060842961966304397,0.45337231634129643,0.0057664238234520918,0.0061363231664687415,-0.073441173290849981,-0.023335813199398047,-0.04674765089917382,-0.02048630057548315,0.02127559964208936,0.053130457928473471,3.1557334322328137,-0.00025046306118945685,-0.024182579893880486,3.2585728388949242,-0.0018779003898358087
hold,0,36,2,0.36600000000000027,0,0,0,0,0,0,0,31.014690365752585,31.894280797877542,0.00043719162404848994,0.0027478344267613704,0.00026976692898798393,0.00018268036936847442,-0.025524691315592287,0.076464306863701162,0.029720498558956976,-0.32394462402662483,-2.3141258686067268,-0.77652216769056381,-0.00083954074024210421,-0.00029504502335600216,0.34857819854476885,0.99998665766232941,0.00069664380868473218,-0.0049988045959818359,0.0011005168501303413,-0.33859042355017416,0.56758366723986131,0.039370268915093862,-0.57076573016951937,-0.57119214429727994,-0.35361478794981377,0.57202600006883664,0.023362227851314771,0.57522136133537294,-0.57566144312002843,-0.0071316928849223648,0.0021886669800753994,-0.0050372139138471416,-0.0041701044728416617,0.060642088520057168,0.0079885775880099881,-0.1394770707588768,0.0012533718183854467,0.37661928190672495,-0.00041208187687712117,-0.00035697403166209257,-0.071421495990350706,-0.023306659513853425,-0.024816626730714761,-0.02053210441254319,0.021293769583267091,0.053130457928473471,3.1557334322328137,-0.00025046306118945685,-0.024182579893880486,3.2585728388949242,-0.0018779003898358087
hold,0,36,3,0.36800000000000027,0,0,0,0,0,0,0,31.01320070725188,31.960915670858611,0.00043344938278400136,0.0028635328239704602,0.00026089815033195833,0.00018279921989428608,-0.026774481043006986,0.076024700069285384,0.029290141758639976,-0.3083103860288704,-2.3218278245790316,-0.74972063145089152,-0.00085421895362195236,-0.00029055391815162931,0.34856895622678269,0.99998693218022838,0.00069173786953609471,-0.0049428174219884081,0.0011070336160804767,-0.33885004508385608,0.56759874324859283,0.039974897966984634,-0.57077734035594407,-0.57120417094665654,-0.35375358308193705,0.57197957415620404,0.023355392666567523,0.57518028949750633,-0.57561890867031995,-0.0073391066899240551,0.0022455526021864232,-0.0046211589930825739,-0.0048118740677492921,0.055997738218209955,0.0065018976061744227,-0.12981076684096118,0.0075380043657714904,0.30231452594538499,-0.0058050932123584632,-0.006013324688289,-0.069397566061653884,-0.02321295631630833,-0.0034175923736236881,-0.020535918933308351,0.021267224854259473,0.053130457928473471,3.1557334322328137,-0.00025046306118945685,-0.024182579893880486,3.2585728388949242,-0.0018779003898358087
hold,0,36,4,0.37000000000000027,0,0,0,0,0,0,0,31.012695794772682,32.017778060864444,0.00042983192152824812,0.0029783021802181255,0.00025831738508960743,0.00018291527780192582,-0.027919517102984018,0.075353612820054983,0.028933806520148764,-0.29449639153451984,-2.3289140111941808,-0.72339891762337016,-0.00086931726643497292,-0.00028594548100980015,0.34856054688865845,0.99998718273845366,0.0006862306357806301,-0.0048914883486571841,0.001112109733319415,-0.33908935328280709,0.56762459671336285,0.040434883410452059,-0.57079838237052616,-0.57122606612008053,-0.35388831089422534,0.57193342543267622,0.023390406769579621,0.57513926724610887,-0.57557648833663055,-0.0075491564065102859,0.0023042185709145771,-0.0042046690621248316,-0.0054254217805880245,0.051339249094153487,0.0050674885181695474,-0.11965409947549882,0.012926732385024833,0.22999272173371155,-0.010521007291045621,-0.010947586711992533,-0.067363906144138383,-0.023074361763891549,0.017507051506049118,-0.020511125698735502,0.021210166844722586,0.053130457928473471,3.1557334322328137,-0.00025046306118945685,-0.024182579893880486,3.2585728388949242,-0.0018779003898358087
hold,0,37,0,0.37200000000000027,0,0,0,0,0,0,0,31.018979297481174,32.071314258709791,0.00042634428601807245,0.0030868736016670642,0.00026068992104123475,0.00018302732195086565,-0.024032792126830273,0.074460864611724548,0.031111904114638378,-0.28051326794773446,-2.6902527827242055,-0.67575850639172597,-0.00088486766375444909,-0.00028121048126077656,0.34855309072356849,0.99998740643954653,0.00068014978650971273,-0.0048455400028334051,0.0011158407848500394,-0.33930590737195354,0.5676598109753338,0.040752281344369555,-0.57082780208018669,-0.57125670069250567,-0.35401759497414442,0.57188768643636634,0.02346619185003725,0.57509839897610049,-0.57553429005597556,-0.0077751986597380737,0.0023674998745117797,-0.0037280825449829886,-0.0060115748460804934,0.045958174073188821,0.0037289681707331646,-0.10827704457321956,0.017607130985497561,0.15869896695874852,-0.014709854830254868,-0.015317286212572282,-0.064642039959545441,-0.02286949815492368,0.037892540228813387,-0.020434135004185359,0.021099140327518473,0.053815869952161956,3.1570376476404927,-0.00025124130095475252,-0.021109671576233325,3.2612112269114721,-0.0018786787854074487
hold,0,37,1,0.37400000000000028,0,0,0,0,0,0,0,31.019837112042879,32.112025715398815,0.00042298871665250731,0.0032013057779293991,0.00026677815251205427,0.00018313429917819499,-0.02497395291023094,0.073392708996820238,0.030883621013574114,-0.26922620446003237,-2.6960772738176826,-0.65121264082018782,-0.00090087444761967935,-0.00027634714307528114,0.3485465887210219,0.99998760390382768,0.00067351816268648322,-0.0048049840186286464,0.001118275702040511,-0.33949895589428497,0.56770311694789355,0.040929474551986499,-0.57086461475145966,-0.57129502153440437,-0.35414140533151567,0.57184239190301167,0.023582006931703051,0.57505770754347019,-0.57549233759573515,-0.0080033919326151313,0.0024316690927477062,-0.0032510012732829465,-0.006574622104724359,0.040565486237791243,0.0024392158427057956,-0.096524261165704561,0.021652986279874331,0.088596603808471147,-0.01840633563648773,-0.019160420949349229,-0.061905178685613904,-0.022647266677320515,0.057907540832900034,-0.020345716315123434,0.020976230120217366,0.053815869952161956,3.1570376476404927,-0.00025124130095475252,-0.021109671576233325,3.2612112269114721,-0.0018786787854074487
hold,0,37,2,0.37600000000000028,0,0,0,0,0,0,0,31.021102654368399,32.146084186451013,0.00041976310854315024,0.0033163159832311747,0.00027587019324766494,0.00018323566615787893,-0.025814824961347387,0.072150691803286621,0.03071166134441583,-0.25873644202436907,-2.7012531069760111,-0.62716754225539917,-0.00091734146080569711,-0.00027135442778780075,0.34854104188479795,0.99998777566879016,0.00066635700295783354,-0.0047698307319974931,0.0011194624232813489,-0.33966783199423445,0.56775346291885775,0.040968160078149012,-0.57090799534461956,-0.57134014477804484,-0.35425971315893401,0.57179755945048472,0.023737201171924727,0.57501720538137102,-0.5754506433105977,-0.0082335065930088762,0.002496357643740186,-0.0027734181119680314,-0.0071161734036918169,0.035162483632315646,0.0011972473308270893,-0.084438049974743551,0.025172985482088253,0.019342763081255432,-0.021690296579945111,-0.02256162182024838,-0.059153913709180973,-0.022416226263450776,0.077597120110837747,-0.020251081049606229,0.020847142568715279,0.053815869952161956,3.1570376476404927,-0.00025124130095475252,-0.021109671576233325,3.2612112269114721,-0.0018786787854074487
hold,0,37,3,0.37800000000000028,0,0,0,0,0,0,0,31.022645166612939,32.174315394411558,0.00041858788414304848,0.0034322516106691575,0.00028726917953807423,0.00018333109998107914,-0.026556756837624391,0.07074873195981074,0.030591199867281205,-0.24883569601115937,-2.7057837362122115,-0.60364140804533339,-0.00093427209275758632,-0.00026623201184506815,0.34853645121464283,0.99998792218869603,0.00065868636070318955,-0.0047400891881068594,0.0011194478552115036,-0.33981193700494311,0.56780998923783654,0.040869403194383924,-0.57095726266140168,-0.57139133895387151,-0.3543724933330013,0.57175319447667727,0.023931207696018808,0.57497689811200947,-0.57540921191357819,-0.0084653159759446248,0.0025612079713663097,-0.0022953350775664571,-0.007637421068370058,0.029750456488209835,2.0372638212182159e-06,-0.072052505354326279,0.028263159489408791,-0.049378441882545185,-0.024633658391085153,-0.025597087913333028,-0.056390087033657624,-0.022182486903707319,0.097003262047040087,-0.020153634680789723,0.020715698509776184,0.053815869952161956,3.1570376476404927,-0.00025124130095475252,-0.021109671576233325,3.2612112269114721,-0.0018786787854074487
hold,0,37,4,0.38000000000000028,0,0,0,0,0,0,0,31.024356889812381,32.1974517026458,0.00042335295358858493,0.0035526795374976987,0.00030117000834505915,0.00018342045581137216,-0.027200770413992652,0.069198887236177523,0.030518011370887166,-0.23935912711121635,-2.709671706903888,-0.58064992026423989,-0.00095166928410054662,-0.00026098026564387052,0.34853281769007688,0.99998804383429962,0.00065052543421279094,-0.0047157671468275571,0.0011182778394653752,-0.33993072598118851,0.56787200603040011,0.04063368095604581,-0.57101186509603774,-0.57144800981240762,-0.35447972640230485,0.57170929416373295,0.024163538203939173,0.57493678746217158,-0.57536804353468174,-0.0086985956714801665,0.0026258731005988248,-0.0018167622829669686,-0.0081392267735066574,0.024330689194204988,-0.0011474748683683576,-0.059394488122694801,0.031008396281795147,-0.11786111916905705,-0.027301217318058561,-0.028335429268039378,-0.053616534651782011,-0.021950156472161749,0.11616525396018237,-0.020055324918960088,0.020584189448249912,0.053815869952161956,3.1570376476404927,-0.00025124130095475252,-0.021109671576233325,3.2612112269114721,-0.0018786787854074487
hold,0,38,0,0.38200000000000028,0,0,0,0,0,0,0,31.021193597981782,32.191037650469859,0.00042808436225289653,0.0039369617311548043,0.00031964250334564118,0.00018350373132620482,-0.037306159492937183,0.065247332409963429,0.023333830465103844,-0.22827705839933657,-2.0326503157513773,-0.71056834723464357,-0.00096948387313941845,-0.0002556565115595715,0.34852990392526451,0.9999881476196153,0.00064189671090956807,-0.0046955107683668233,0.0011156915013150722,-0.34002759329896837,0.56793853578626363,0.040267956837508723,-0.57107090444900233,-0.57150920212967526,-0.35458306197090339,0.57166571766531216,0.02443000619464512,0.5748967586922703,-0.5753270329135014,-0.0089072945194359227,0.0026618770421495109,-0.0014568824061991829,-0.008618231961810132,0.020264592532462287,-0.0025589095281651881,-0.048433658889941958,0.03326487793176177,-0.18286205926854271,-0.0295196764823073,-0.030596158633831673,-0.051667784299262901,-0.021788249210410268,0.13323399535297401,-0.020014384950612491,0.02050531059016986,0.058000536271796195,3.1577749502181214,-0.0015453404460476535,-0.032502137573233822,3.251345826230482,-0.00053264401890530341
hold,0,38,1,0.38400000000000029,0,0,0,0,0,0,0,31.022909425966883,32.205665195977893,0.00043270316623997968,0.0044569446507867483,0.00033858518587139225,0.00018358287016429769,-0.037760713232849706,0.063538087458292744,0.023343965804508926,-0.21954795871723976,-2.0353633666940625,-0.68381849729873745,-0.00098771796834808329,-0.00025026049472263859,0.34852771083924006,0.99998823367277712,0.00063281793330425477,-0.0046793254539687556,0.0011117422170821701,-0.34010205853572295,0.56800917906737036,0.039771622959899597,-0.57113406732030325,-0.57157457668875022,-0.35468251467584694,0.57162245250007881,0.024730330217419324,0.57485680347139589,-0.57528616669278243,-0.009117047604332424,0.0026980084184664624,-0.0010965430122229787,-0.0090792113268968674,0.016193120710541995,-0.0039170932355672514,-0.037232618377301449,0.035321640553379302,-0.24816693880456125,-0.031581435650452336,-0.0326872795374826,-0.049726352471780935,-0.021632582616656869,0.15016201138710236,-0.019977610437225388,0.020433110359463377,0.058000536271796195,3.1577749502181214,-0.0015453404460476535,-0.032502137573233822,3.251345826230482,-0.00053264401890530341
hold,0,38,2,0.38600000000000029,0,0,0,0,0,0,0,31.024594076075928,32.216960833131232,0.00043715014092397808,0.0049847981931431425,0.00035821295887065422,0.00018365756633018427,-0.038121552957583377,0.061711258068439481,0.023389940719400926,-0.21092716204295237,-2.0375291190960616,-0.65786432614578716,-0.0010063732473969539,-0.00024479265698227264,0.34852623931949489,0.99998830207473544,0.00062330661913189485,-0.0046672155116304756,0.0011064817725423325,-0.34015366254142837,0.56808365217601575,0.039143591882436692,-0.57120113194847077,-0.57164389051733511,-0.35477810655172365,0.5715794856631965,0.025064285836491534,0.57481691608917374,-0.57524543421786101,-0.0093276395244353549,0.0027339188701829675,-0.00073575987259004449,-0.0095223977434217948,0.012117365150158852,-0.0052236155434767888,-0.025802002852703527,0.037236554322710565,-0.31401553873145271,-0.033532314083771116,-0.034656914292451928,-0.047795937938349221,-0.021483418441157962,0.16697780953610591,-0.019943691111067773,0.02036623746073668,0.058000536271796195,3.1577749502181214,-0.0015453404460476535,-0.032502137573233822,3.251345826230482,-0.00053264401890530341
hold,0,38,3,0.38800000000000029,0,0,0,0,0,0,0,31.026201613846467,32.225364242707457,0.00044137894898209351,0.005524371006353012,0.00037825182070446101,0.00018372767212695244,-0.038388236637901751,0.059774301018076653,0.023469596856205754,-0.20235504891203648,-2.0391459309639259,-0.63270032227096906,-0.0010254509550692635,-0.0002392541135603586,0.34852549021277668,0.99998835285965137,0.00061338018113903613,-0.0046591841529036943,0.0010999603732817754,-0.34018195867584705,0.5681617742697217,0.038382311565680137,-0.57127195962289945,-0.57171698777570557,-0.3548698677581576,0.57153680529860429,0.025431703232604481,0.57477709441507707,-0.57520482851415622,-0.0095388538361547964,0.00276927171095703,-0.00037455335911759012,-0.0099479037527905132,0.0080384203923505888,-0.0064800563402012869,-0.014148067209339114,0.039061046852995975,-0.38064015837827792,-0.035413837214343456,-0.036548629185219693,-0.045880603216978344,-0.021340182296097847,0.1837086980564735,-0.019910837048312383,0.020302851852384503,0.058000536271796195,3.1577749502181214,-0.0015453404460476535,-0.032502137573233822,3.251345826230482,-0.00053264401890530341
hold,0,38,4,0.39000000000000029,0,0,0,0,0,0,0,31.008822056110233,32.563909429681509,0.00044774908257470825,0.0039886564293175504,0.00039847437514895553,0.00018379316672250697,-0.052292095809178901,-0.048081746363044797,0.015314740361198176,0.21004123270615821,-2.0848367061082143,0.16766021691684846,-0.0010450131188977181,-0.0002338839630156423,0.34852544521774342,0.99998838341620044,0.00060387079642513033,-0.00465532267441803,0.001093774890502112,-0.34020363986278634,0.56822285638740766,0.037717419606383251,-0.57132879055798158,-0.57177550350147455,-0.35496147849661785,0.57149655235609531,0.02583271353083319,0.57473920328108463,-0.57516621815564895,-0.0097810819142273298,0.002685075272358145,-2.2497516634321002e-05,-0.0095338645298057301,0.003868241772976469,-0.0061435069274275505,-0.010840593469638719,0.03054105884297036,-0.33244597964844302,-0.028415467541046433,-0.029257862884513968,-0.045805369230115196,-0.020126471254502797,0.20050514911435433,-0.018945566996235348,0.019305179253637613,0.058000536271796195,3.1577749502181214,-0.0015453404460476535,-0.032502137573233822,3.251345826230482,-0.00053264401890530341
hold,0,39,0,0.39200000000000029,0,0,0,0,0,0,0,31.014503199624311,32.468130255050212,0.00045287399487195512,0.004116288291990667,0.00041074414672952718,0.00018384164409144917,-0.051506083537126102,-0.051989141183411962,0.016228698783107731,0.21309761964441545,-2.1378841966081485,0.1328213720001199,-0.0010650635574493924,-0.00022870896132911792,0.34852612435381924,0.99998839338906187,0.00059478416180563747,-0.0046557372196267821,0.0010878556449687091,-0.34022004675775386,0.56826971580162233,0.037143367448594547,-0.5713737929401167,-0.57182167514827698,-0.35505252964514467,0.57145872489061378,0.026266683679776349,0.57470333908853399,-0.57512969404301906,-0.01002521927583714,0.0025875008432621931,0.00033956803790048966,-0.009114544503426433,-0.0004081296930015894,-0.005876636132248347,-0.0082034474837685348,0.023429707107314554,-0.28702607889435222,-0.022501191067543273,-0.023085823401196845,-0.045525574263399385,-0.018913732740739229,0.21698507447157858,-0.017932096275311261,0.018262056314951695,0.0602787119554207,3.1596999808466331,-0.0015458197550410966,-0.034218627559614544,3.2499886716648154,-0.00053312108564646725
hold,0,39,1,0.39400000000000029,0,0,0,0,0,0,0,31.015823007050756,32.388367080446677,0.00045599362622623235,0.004258923486747444,0.00041725462056385609,0.00018387704888847063,-0.05159924133217049,-0.054986246452814101,0.01668869202580936,0.21579472758735938,-2.1381428643376501,0.13515790554501236,-0.001085602674179127,-0.00022374071667410195,0.34852752954305183,0.99998838277856783,0.00058612571804992752,-0.0046604283089370872,0.0010822072458647064,-0.34023232947506965,0.56830477092917253,0.036654903624203469,-0.5714088628418017,-0.57185746518873481,-0.35514302901400091,0.57142329648663781,0.026733748181183837,0.57466954563855399,-0.57509529278781224,-0.010269558364867254,0.00248412232750799,0.00070259461628634332,-0.0086897376396819805,-0.0046850247038393725,-0.0056052203781854684,-0.0061413586579004333,0.017527563775093586,-0.24423191219553986,-0.017534950842512886,-0.017895020228935403,-0.045249684428130724,-0.017714201987984832,0.23353225070374428,-0.016896724990014819,0.017200627603382524,0.0602787119554207,3.1596999808466331,-0.0015458197550410966,-0.034218627559614544,3.2499886716648154,-0.00053312108564646725
hold,0,39,2,0.3960000000000003,0,0,0,0,0,0,0,31.016941287943062,32.320414719801406,0.00045747242106394109,0.004403910495795485,0.00041919041404945537,0.00018390192029163808,-0.051834910014697595,-0.057988314792927508,0.017065905545283755,0.21985968237605694,-2.13858488356402,0.13642129059630767,-0.0011066314831565357,-0.00021899137063098066,0.3485296624263608,0.999988351528726,0.00057790363118823856,-0.0046693968333731562,0.0010768321434720734,-0.34024144212707136,0.5683300781474433,0.036247504331891452,-0.57143562629022804,-0.5718845611657839,-0.35523299713258799,0.57139025005088828,0.027234096521301349,0.57463786683798379,-0.57506305177666961,-0.010514404488704374,0.0023746730215606425,0.0010664416544961957,-0.0082567291092762764,-0.0089628183684172663,-0.0053314310010365695,-0.0045563260008590085,0.012653609135358993,-0.20369964615600733,-0.013381724213165247,-0.013547988524541425,-0.04498405929354931,-0.016523217874789695,0.25017417005875592,-0.015839400285092189,0.01612050557133405,0.0602787119554207,3.1596999808466331,-0.0015458197550410966,-0.034218627559614544,3.2499886716648154,-0.00053312108564646725
hold,0,39,3,0.3980000000000003,0,0,0,0,0,0,0,31.017853573860769,32.262774033178061,0.0004576215152476415,0.0045513623008500148,0.00041729050055054075,0.00018391844633506264,-0.052206909545241743,-0.060994004229149454,0.01737145705916987,0.22501485257480505,-2.1391910568839241,0.13678349052775735,-0.0011281515819266505,-0.0002144735032349955,0.34853252440195603,0.99998829952731527,0.00057012823889932972,-0.0046826440153452387,0.001071730975552214,-0.3402481705536321,0.568347377634569,0.035917266090085213,-0.57145547056669399,-0.5719044067932626,-0.35532246692399949,0.57135957680331717,0.027767972389650387,0.57460834672165817,-0.57503300911903366,-0.010760049385057464,0.0022589336979925885,0.0014309877976255037,-0.0078133560347016361,-0.013241845669584727,-0.005057090515784895,-0.0033642132803800616,0.0086497435628333612,-0.16511912090311909,-0.0099221382329758249,-0.0099228137393239432,-0.044734895705763417,-0.015336623785567232,0.26693793417451872,-0.014760058162836763,0.015021328817949268,0.0602787119554207,3.1596999808466331,-0.0015458197550410966,-0.034218627559614544,3.2499886716648154,-0.00053312108564646725
hold,0,39,4,0.4000000000000003,0,0,0,0,0,0,0,31.018557666820488,32.214118526877925,0.00045670550650179359,0.0047014045306493432,0.00041214581605539822,0.00018392850169348019,-0.052709711006436809,-0.064001647095392314,0.017615100130930372,0.2310362918877466,-2.1399441396395145,0.13639561782752219,-0.0011501651272186771,-0.00021020005024862819,0.34853611665891499,0.99998822660590381,0.00056281160403266826,-0.0047001713734269928,0.0010669028715099926,-0.34025315672404405,0.56835813383253131,0.035660818589087845,-0.57146957228739459,-0.57191822999379638,-0.3554114834563688,0.57133127544921147,0.028335672980812958,0.57458102956708257,-0.57500520369760921,-0.011006772646013303,0.00213672649318366,0.0017961284794748586,-0.007357900589564711,-0.017522405643743785,-0.0047837153610260866,-0.0024930852059762121,0.0053780989811549242,-0.12822375049868512,-0.0070508603503268655,-0.0069116002668972859,-0.044508266184666516,-0.014150677052848103,0.28385029558128505,-0.013658577287773387,0.013902710712218991,0.0602787119554207,3.1596999808466331,-0.0015458197550410966,-0.034218627559614544,3.2499886716648154,-0.00053312108564646725
hold,0,40,0,0.4020000000000003,0,0,0,0,0,0,0,31.030339963144012,32.175406652247474,0.00045494840811561438,0.0047912548822096526,0.00040422886206722616,0.00018393368298535374,-0.049478978158728502,-0.06795380060156582,0.020498404556894556,0.23987398847140431,-2.3912436306478537,0.084340630118276819,-0.0011726924081581808,-0.00020620402787409125,0.34854052817877251,0.99998813028085587,0.00055597040153507356,-0.0047224815767863476,0.0010622438828369466,-0.34025619982948513,0.56836362090981818,0.035476080859424969,-0.57147896278088472,-0.57192710618775355,-0.35549865087983318,0.57130546125094084,0.028935031621509885,0.57455607873892245,-0.5749798023837086,-0.011263640469751897,0.001998011187268466,0.0022057599287599872,-0.006886768606435144,-0.022305716673174634,-0.0046141197864234982,-0.001521552720538541,0.0027435386434597865,-0.09236886483143672,-0.0046952467450518762,-0.0044380969785962794,-0.043583711732184373,-0.0129070991353192,0.29967932034846317,-0.012475414080046003,0.012700656950308529,0.064245873584564725,3.1631898547891364,-0.0021871506618521661,-0.035519994455745385,3.2497136040354722,-0.00031951085426017319
hold,0,40,1,0.4040000000000003,0,0,0,0,0,0,0,31.03066587100416,32.141350287188899,0.00045253830285258562,0.0049335884608299914,0.00039347893499980615,0.00018393645448453298,-0.050229817971237989,-0.070916065364682326,0.020642968011298279,0.24699407448290631,-2.3922195114748543,0.084543069516691896,-0.0011957366485297414,-0.00020249815659654599,0.3485457598045536,0.99998801022668193,0.00054961889712977724,-0.0047495765894900992,0.0010577543046117355,-0.34025771055169374,0.56836485604863074,0.035360533626570635,-0.5714844744735893,-0.57193190960199058,-0.35558404543735228,0.57128214228616292,0.029566492013711726,0.57453353329301537,-0.57495683796854724,-0.011522120185780251,0.0018529356387726359,0.0026158128905549899,-0.0064013457309593669,-0.027091007276680991,-0.0044443385213239622,-0.00075536110430142532,0.00061756940629465558,-0.057773616427168294,-0.0027558463522688033,-0.0024017071185414821,-0.042697278759546493,-0.011659482388965216,0.31573019610092118,-0.011272722953516412,0.011482207580694143,0.064245873584564725,3.1631898547891364,-0.0021871506618521661,-0.035519994455745385,3.2497136040354722,-0.00031951085426017319
hold,0,40,2,0.40600000000000031,0,0,0,0,0,0,0,31.030787607944418,32.113124214969332,0.00044963315253430947,0.0050792476327380619,0.00038062607976179397,0.00018393768237698197,-0.051096921033339959,-0.073879425005239932,0.020748873467686835,0.2545587935108487,-2.3932654324807032,0.084232606908747995,-0.0012193015673818567,-0.00019909538090412553,0.34855181223733778,0.9999878660485193,0.00054377224077531428,-0.0047814585167176649,0.0010534334011714306,-0.34025801345630652,0.56836267639350546,0.035312014059784506,-0.57148679718818285,-0.57193336711501974,-0.35566775448418259,0.57126133267321488,0.030230544216064976,0.57451343386422093,-0.57493634551592154,-0.011782459426057617,0.0017013878462102249,0.0030262163920813695,-0.0059007527199773169,-0.031878420285649918,-0.0042754070775126085,-0.00015145230639588354,-0.0010898275626657467,-0.024259783393064921,-0.0011613572967637087,-0.00072875651459121697,-0.041854523415148989,-0.010404806474026513,0.33202610117662557,-0.010049714397242365,0.010246226312856951,0.064245873584564725,3.1631898547891364,-0.0021871506618521661,-0.035519994455745385,3.2497136040354722,-0.00031951085426017319
hold,0,40,3,0.40800000000000031,0,0,0,0,0,0,0,31.030708396912299,32.089904777109808,0.00044636434896948296,0.0052283400830641889,0.00036591564482381595,0.00018393809188285796,-0.05207678696091237,-0.076846500089392825,0.020821906608208707,0.26248733307595884,-2.3943702895382684,0.083496975884231994,-0.0012433913636398434,-0.00019600884219857527,0.34855868605591261,0.99998769728195247,0.00053844630581515612,-0.004818129582251438,0.0010492795821209933,-0.34025736162769982,0.56835776392520576,0.035328674977955325,-0.57148649666224927,-0.57193207705395543,-0.35574987645402145,0.57124305223306604,0.030927724691266648,0.57449582289338319,-0.57491836250254758,-0.01204489812899342,0.0015432693527751308,0.0034369092874187573,-0.0053842704049606388,-0.036668075741392289,-0.0041081844202604714,0.00032591430335784124,-0.0024562341498272915,0.0083304590854095389,0.0001502629667962821,0.00064503053217330954,-0.041060984919422013,-0.0091402200744459122,0.34859023760083518,-0.0088054854188899957,0.0089915066869730061,0.064245873584564725,3.1631898547891364,-0.0021871506618521661,-0.035519994455745385,3.2497136040354722,-0.00031951085426017319
hold,0,40,4,0.41000000000000031,0,0,0,0,0,0,0,31.030431725583927,32.070963081019578,0.00044284035337874977,0.0053809870855185717,0.00034954327721483801,0.00018393828474429921,-0.053166344333630745,-0.079821056203231294,0.020867121502735841,0.27072109071497058,-2.3955242964865948,0.082411020472497556,-0.0012680107026022966,-0.00019325186319504463,0.34856638173391546,0.99998750339281373,0.00053365757242011835,-0.0048595921086717012,0.0010452905523535639,-0.34025594949082555,0.56835066741861773,0.035408950591495125,-0.57148403113214474,-0.57192852608228295,-0.35583052086216282,0.57122732624109573,0.031658616360890048,0.57448074488674272,-0.574902929002444,-0.01230966948122659,0.0013784895017653171,0.0038478390014370675,-0.004851295527854833,-0.041460073671800296,-0.0039433791665489633,0.00070606843714203483,-0.0035482532940088549,0.040137806769899392,0.0012327650522350739,0.0017754858362255227,-0.040322204070680698,-0.0078629959851795484,0.36544583481170045,-0.0075390033202078661,0.0077167500517703446,0.064245873584564725,3.1631898547891364,-0.0021871506618521661,-0.035519994455745385,3.2497136040354722,-0.00031951085426017319
hold,0,41,0,0.41200000000000031,0,0,0,0,0,0,0,31.03291081769137,32.056371423487434,0.00043914990925190966,0.0055226115917721454,0.00033166468425155143,0.00018393875531720911,-0.053869771671749438,-0.083123975221991914,0.021701627021210257,0.27931412819377854,-2.4322596128716683,0.049272796469727688,-0.0012931674110054389,-0.00019084901063226331,0.34857491386078893,0.9999872834943091,0.00052942285321083422,-0.0049059196146860329,0.0010413999461398554,-0.34025394586945973,0.56834183471796196,0.035552004377238614,-0.57147976958988556,-0.57192310660155121,-0.35590950928532028,0.57121421640231496,0.032423260297080543,0.57446829023989632,-0.5748901331437597,-0.012578354201571114,0.0012014262813906625,0.004266063436737369,-0.0043018814043270367,-0.04632564545103731,-0.0038450257054503906,0.0010018106829153038,-0.0044163503278862402,0.071526892871743603,0.0021307711295795871,0.0027097403658521853,-0.039494211578730336,-0.0065549193903763252,0.38232196809524893,-0.0062273234231861267,0.0063979293421275556,0.066156236819079589,3.1647073023628876,-0.002187385062152197,-0.037053134956877669,3.2489415695615049,-0.00031974345811544726
hold,0,41,1,0.41400000000000031,0,0,0,0,0,0,0,31.032256780139097,32.044147518759118,0.00043536440239463209,0.0056787514441721254,0.00031219173171176569,0.00018394061101791883,-0.055171568230768436,-0.086119988166260292,0.021703896472791584,0.28806401034493911,-2.4334859920547296,0.048795772280840727,-0.0013188670589681705,-0.00018881357929125694,0.34858428274121911,0.99998703689814417,0.00052575966363129422,-0.0049571145665975279,0.0010376066779439498,-0.34025145615120839,0.56833160396561,0.035756744716131078,-0.57147400072208965,-0.57191612858870466,-0.35598697730614742,0.57120375764614995,0.033222339645741811,0.57445850451903069,-0.57488001660143939,-0.012849823981365818,0.0010177156705031875,0.0046844402150851405,-0.0037349363335817767,-0.051193704091600407,-0.0037478880640890188,0.0012448591256635213,-0.0051153761759517337,0.10237016944623102,0.0028844338979672358,0.003489006423256222,-0.038734010413579607,-0.0052293780824987359,0.39953967433063531,-0.0048928604327975241,0.0050582711601292176,0.066156236819079589,3.1647073023628876,-0.002187385062152197,-0.037053134956877669,3.2489415695615049,-0.00031974345811544726
hold,0,41,2,0.41600000000000031,0,0,0,0,0,0,0,31.031416540073586,32.034493166529444,0.00043154126775035717,0.0058389273188785562,0.00029143548812439566,0.00018394400323030907,-0.056576180078068798,-0.089140255725120618,0.021689986012844997,0.29703460401617393,-2.4347349022750988,0.048066280775721837,-0.0013451156527506535,-0.00018715907146777292,0.3485944886126342,0.9999867628437854,0.00052268595787340446,-0.0050131794759307891,0.0010339091533272322,-0.34024855683289346,0.56832023129650244,0.036022287839833814,-0.57146694490301875,-0.5719078304635713,-0.35606307147356814,0.57119599003772725,0.034056583523674855,0.57445143679073707,-0.57487262496948277,-0.013124296891241487,0.00082725391174201545,0.0051029357075516035,-0.0031500242055244113,-0.056064295818251501,-0.0036524789471657671,0.0014496591574694761,-0.0056863345537957345,0.13277156185136779,0.0035279095354511332,0.004149062566692778,-0.038047083710362917,-0.0038838042113446369,0.41712193896652244,-0.0035338641468339749,0.0036958159782914716,0.066156236819079589,3.1647073023628876,-0.002187385062152197,-0.037053134956877669,3.2489415695615049,-0.00031974345811544726
hold,0,41,3,0.41800000000000032,0,0,0,0,0,0,0,31.030393352932428,32.026974521988748,0.00042772571195000969,0.0060032923367545482,0.00026947162753756398,0.00018394904506896257,-0.058082079990796807,-0.092191347396064077,0.021662717712949586,0.30621946362662339,-2.436001360959605,0.04712508926492788,-0.0013719196280427162,-0.00018589921000236278,0.34860553165491465,0.99998646049819473,0.00052022011631152189,-0.0050741168893832763,0.0010303053503146679,-0.34024530283081844,0.56830790379131324,0.036347940007050106,-0.57145876453482558,-0.57189838974574159,-0.35613794940960136,0.57119095875107806,0.034926767196694797,0.57444713982959905,-0.57486800791627779,-0.013401987646031411,0.00062993073270506362,0.0055215211402169931,-0.0025467211517886247,-0.06093745676611264,-0.0035592298761714805,0.0016270010374983678,-0.0061637525945842497,0.16282608360814763,0.0040901840965634467,0.0047203589148560659,-0.037438968016600814,-0.0025156433245875293,0.43509183650997052,-0.0021484805690004062,0.0023085266024944363,0.066156236819079589,3.1647073023628876,-0.002187385062152197,-0.037053134956877669,3.2489415695615049,-0.00031974345811544726
hold,0,41,4,0.42000000000000032,0,0,0,0,0,0,0,31.029190102787673,32.021213803696071,0.00042395261141741497,0.0061720049028766988,0.00024635863194848032,0.00018395581744385807,-0.059688081176900429,-0.095280164196664616,0.021624502516839783,0.31561896301108205,-2.4372814501647175,0.046006186965317657,-0.0013992858447521019,-0.00018504795563462317,0.34861741199878693,0.99998612895555661,0.00051838094651075295,-0.0051399293809300658,0.0010267928871170162,-0.34024173377873124,0.56829475073156099,0.03673318224751939,-0.57144957312286437,-0.57188793243307445,-0.35621177993103081,0.57118871407896843,0.035833712303742958,0.57444567033549909,-0.57486621935631943,-0.013683108354692896,0.00042562718386980408,0.0059401719361411994,-0.0019246020365635108,-0.065813215159750901,-0.0034685049084532066,0.0017845260435931181,-0.0065765298761477908,0.19262112023464126,0.0045957059805824766,0.0052286563335721603,-0.036915260714721454,-0.00112233605479448,0.45347255352408045,-0.00073474704999247067,0.00089427997917527818,0.066156236819079589,3.1647073023628876,-0.002187385062152197,-0.037053134956877669,3.2489415695615049,-0.00031974345811544726
hold,0,42,0,0.42200000000000032,0,0,0,0,0,0,0,31.059319348927161,32.055952269281939,0.00042024816198123205,0.0063047613793182841,0.00022214088028516801,0.00018396437451506699,-0.040553683618507884,-0.096976056210126477,0.036095755808927876,0.32634316002184266,-3.8671965894198137,0.13588453455124755,-0.0014273272566099457,-0.00018458583418477578,0.34863062806406098,0.99998575215717822,0.0005171879065832977,-0.0052134766612162353,0.0010235528387396702,-0.34023136082466399,0.5682813380108348,0.037172004876438951,-0.57143996280730769,-0.57187707963400092,-0.35627927122507325,0.57118970755526932,0.036776668459762914,0.57444746571368643,-0.5748677013057838,-0.014020705928921892,0.00023106072492369795,0.0066080326370248441,-0.0012849994989214087,-0.073548651466519649,-0.0031953588937396228,0.005186477033611794,-0.0067063603630831458,0.21941131445978101,0.0048051577783173489,0.005426399536792915,-0.033745647021229917,0.00049673815045642514,0.47147807800997682,0.0008976890936457729,-0.00074097473219582755,0.068889180698784733,3.1707372640331033,-0.0025104861189244941,-0.024620672504003807,3.2613250689136262,-0.0011365879171137555
hold,0,42,1,0.42400000000000032,0,0,0,0,0,0,0,30.930755027294023,32.046446540440648,0.00041664267329941801,0.0052511949500294464,0.00019741529270023421,0.000183974431795578,-0.031881539782060153,0.040270870442831876,0.042397150859224908,-0.14906175279428038,-3.8359831186138638,0.74070825752992697,-0.0014560058500800264,-0.00018371459830995236,0.34864519498396496,0.9999853279875982,0.00051569661489480115,-0.0052946946943333044,0.0010217997015391981,-0.34021436392696397,0.56827086038937147,0.037661220909598364,-0.57143369343577277,-0.57186958543480504,-0.35632046394665584,0.57120194186523099,0.037566283265994087,0.57445785956434259,-0.57487834014453576,-0.014339296735040287,0.000435617937411708,0.0072834599519911083,-0.0015833219554043595,-0.08121846770838767,-0.0017028982650067852,0.0084984488500116015,-0.0052388107316746263,0.24460801657970593,0.0031346857674520749,0.0037470995979578337,-0.020596360791291402,0.0061171549808597819,0.39480740311558615,0.0051969253280787333,-0.0053194193760048381,0.068889180698784733,3.1707372640331033,-0.0025104861189244941,-0.024620672504003807,3.2613250689136262,-0.0011365879171137555
hold,0,42,2,0.42600000000000032,0,0,0,0,0,0,0,30.995528511655898,32.044653300087617,0.00041309651684975218,0.0053904075004696343,0.00017933272088672139,0.0001839104036641853,-0.033882721926713898,0.036877633757316834,0.04203857223617824,-0.12763294696648833,-3.8372085413617647,0.71858264713467845,-0.0014853303362080367,-0.00018245748621370823,0.34866111147201923,0.99998485459414177,0.0005139498249009546,-0.0053835859900112195,0.0010214890102069683,-0.34019075934078136,0.56826324160887987,0.03820075074632634,-0.57143054642535496,-0.57186523760386643,-0.35633443546822147,0.57122354733725778,0.038207508532810158,0.57447559550310623,-0.5748967870087498,-0.014662243064005173,0.0006285560481220678,0.007958244027128877,-0.0018389943550833981,-0.088890873407632645,-0.00025511340081924125,0.011802293091305769,-0.0038093902458057258,0.26976491836398891,0.0015735052088811101,0.0021739154692790533,-0.006985760782818316,0.010802736013388691,0.32061263340803442,0.0088679693817959142,-0.0092234321070289275,0.068889180698784733,3.1707372640331033,-0.0025104861189244941,-0.024620672504003807,3.2613250689136262,-0.0011365879171137555
hold,0,42,3,0.42800000000000032,0,0,0,0,0,0,0,31.050464804875716,32.04354295312308,0.00040961863808747917,0.0055340799595096375,0.0001662895478467207,0.00018379270492127861,-0.035796262706653273,0.033606171963877524,0.041756152123323176,-0.10893004171366326,-3.8376853077222521,0.69585713203286681,-0.0015153090327929774,-0.00018083707720557349,0.34867837629027415,0.99998432995252606,0.00051198482576011041,-0.0054801515541976981,0.0010225751207582272,-0.34016057646189796,0.56825839911550968,0.038790615053690622,-0.57143032538293759,-0.57186384452181205,-0.35632039557830664,0.57125294595921705,0.038704355333626567,0.57449959704374465,-0.57492188422896107,-0.014989348292470308,0.00081020450406737174,0.0086324091274682605,-0.0020574932369011455,-0.096564360833874069,0.0011468386157518866,0.015091439441703214,-0.0024212466850994431,0.29493215368214271,0.00011052120867722105,0.0006965410271878433,0.0070199449574137006,0.014699310979654946,0.24842340040820549,0.012000770319185512,-0.012548610105631275,0.068889180698784733,3.1707372640331033,-0.0025104861189244941,-0.024620672504003807,3.2613250689136262,-0.0011365879171137555
hold,0,42,4,0.43000000000000033,0,0,0,0,0,0,0,31.096765959736352,32.042953663323665,0.00040621372579721648,0.0056826895157452116,0.00015702352588742291,0.00018363774364227664,-0.03762531392480481,0.030430580379198619,0.041542510000658339,-0.092382103120466907,-3.8374228727429234,0.6727329308639648,-0.001545949877919249,-0.0001788754086104407,0.34869698822313455,0.99998375186703659,0.00050983458534944884,-0.0055843909089386698,0.0010250116075949565,-0.34012385790755489,0.56825624575372846,0.039430929543707402,-0.57143285303602764,-0.57186523232381059,-0.35627766547105272,0.57128881878258531,0.039059998842597379,0.57452895281215821,-0.57495264958211911,-0.015320422563135866,0.00098083429756640325,0.0093059664301945264,-0.0022431510029969179,-0.10423744326375282,0.002502192408443008,0.018359277171532955,-0.0010766808905946399,0.3201572450083886,-0.0012638265450023753,-0.00069390099924688956,0.021365053626963011,0.017936411684152505,0.17782175448540805,0.014677884206794081,-0.01538267657901444,0.068889180698784733,3.1707372640331033,-0.0025104861189244941,-0.024620672504003807,3.2613250689136262,-0.0011365879171137555
hold,0,43,0,0.43200000000000033,0,0,0,0,0,0,0,31.134669921019253,32.043121229446726,0.00040288302537981602,0.0058396211060479375,0.00015052341252815813,0.00018345854055352783,-0.039368604768935701,0.027468537643067378,0.041296604587563124,-0.078267762640629027,-3.8365877408323157,0.64223364502861113,-0.0015772604430107165,-0.00017659561686566563,0.34871694572448958,0.9999831179846832,0.00050752711382120032,-0.0056963024318980064,0.0010287373149673971,-0.34008069578261452,0.56825669128449841,0.040122019206690333,-0.57143796631542576,-0.57186923984966098,-0.35620561788335359,0.57133007172209416,0.039276746531226231,0.57456289935453686,-0.57498825848347102,-0.015655282545733673,0.0011398958723875415,0.0099787506775105492,-0.0024010156696941203,-0.11190898000726994,0.0037962387692872298,0.021581062470200692,0.00022276538496932073,0.34554483149146581,-0.0025566396990563543,-0.0020037629252145275,0.036023793849565104,0.020626469754421159,0.10837384431442515,0.016973271189341721,-0.017804450675969901,0.0692738546949037,3.1708349935812983,-0.0025101650361751267,-0.025003582989927907,3.2611649846705326,-0.0011362665406612063
hold,0,43,1,0.43400000000000033,0,0,0,0,0,0,0,31.166779860601707,32.043186000420789,0.00039962484537617998,0.0060002470402170105,0.0001468345882695136,0.00018326538954103964,-0.041037059047243654,0.024413002061376126,0.041201651028242026,-0.064680736851702558,-3.8348730570186143,0.61901842864774925,-0.0016092479425787668,-0.00017401890183685916,0.34873824755713057,0.99998242576823959,0.0005050894382184469,-0.0058158827315280938,0.0010337056538647818,-0.34003115850615079,0.56825964365746451,0.040864175018649369,-0.57144551969892243,-0.57187572287351363,-0.3561037437925833,0.57137581986412156,0.03935634184638892,0.57460081408162977,-0.57502803534426028,-0.015993749784025141,0.0012883575144032363,0.010650916320487234,-0.0025319986927311139,-0.11957719493889508,0.0050435431245482712,0.024768638231865224,0.001476186483077715,0.37107790597951673,-0.0037766917483245438,-0.0032415119263054177,0.050937045385144264,0.022874071013685871,0.039797657581344389,0.018957363546456146,-0.019888430394608445,0.0692738546949037,3.1708349935812983,-0.0025101650361751267,-0.025003582989927907,3.2611649846705326,-0.0011362665406612063
hold,0,43,2,0.43600000000000033,0,0,0,0,0,0,0,31.193112869130506,32.043416775910657,0.00039698432543527895,0.0061668888348435612,0.00014687270485811245,0.00018306608543780219,-0.042628940771226441,0.021387523263642187,0.041158008330384632,-0.052096714330717636,-3.8324438285381457,0.59580393649290475,-0.0016419192449875853,-0.00017116621348877076,0.34876089244493091,0.99998167251150127,0.00050254657026389913,-0.0059431269835062374,0.0010398700412036672,-0.33997532819308968,0.56826501043139532,0.041657770938311724,-0.57145538065248458,-0.57188454929697863,-0.3559715955767897,0.57142535891151514,0.039299903715815161,0.57464220009003852,-0.57507143793789128,-0.016335651204409218,0.001426344174044202,0.01132244390016675,-0.0026381245595298772,-0.12724065481142277,0.0062441164167333675,0.027915156530565758,0.0026833869653981176,0.39679795983117594,-0.0049304767810898625,-0.0044132117324807724,0.066074107896806178,0.024769523696793656,-0.02821906528688034,0.020693004204358535,-0.021701296815482215,0.0692738546949037,3.1708349935812983,-0.0025101650361751267,-0.025003582989927907,3.2611649846705326,-0.0011362665406612063
hold,0,43,3,0.43800000000000033,0,0,0,0,0,0,0,31.234366254145435,31.882747435110936,0.00040249847395337768,0.0024433903196417472,0.00014814897008966958,0.00018286648461002153,-0.033016703201432011,0.1586401217390824,0.047597582827417995,-0.5955162769800324,-3.7932931945874198,-0.080664348229537594,-0.0016752312493372671,-0.00016762473968472266,0.34878489343059577,0.99998085770038125,0.00049880383529256236,-0.0060779564207253996,0.0010458839759245194,-0.3398967991583538,0.56828777334605263,0.042304978522872384,-0.57148016887846298,-0.57190890259707416,-0.35580500123613396,0.57147503813997536,0.039108610374807534,0.57468371680210317,-0.57511507838342779,-0.016656002174840867,0.0017707369020240559,0.012000492832432316,-0.0038467204222782918,-0.13482489482955931,0.0061046734371990614,0.039264517367929602,0.011381457328630801,0.32360379228033043,-0.012394112989185743,-0.012176650047781817,0.083297170327869111,0.024839614230102794,-0.095646670503812675,0.020758356032297889,-0.02182022276825081,0.0692738546949037,3.1708349935812983,-0.0025101650361751267,-0.025003582989927907,3.2611649846705326,-0.0011362665406612063
hold,0,43,4,0.44000000000000034,0,0,0,0,0,0,0,31.251019554713096,31.95180720923031,0.00040790698592253066,0.0029922621442605626,0.00014160433891388506,0.00018267702118064159,-0.034588302813244952,0.15854830270150916,0.047331870883713378,-0.57496556928423959,-3.7898765526798757,-0.078897224332826907,-0.0017091907154610634,-0.00016339692984404568,0.34881024800252231,0.99997997827435159,0.00049390229518716145,-0.0062203642223847251,0.0010517508689712809,-0.33979446307678701,0.56832573834610356,0.042810458214365348,-0.5715182017820486,-0.5719470089499703,-0.35560369238556905,0.57152449552337159,0.038782468783399589,0.57472508398636901,-0.57515864658570381,-0.016979733061898105,0.0021139049203384866,0.012677285963260596,-0.0050142909521116935,-0.14240236837131945,0.0059685254435601354,0.051168040783381011,0.018982500025452154,0.25273984574648056,-0.019016451792790857,-0.019053176448054328,0.1006544252824504,0.024728691698112565,-0.16307079570397429,0.020683592132928467,-0.021784101138008268,0.0692738546949037,3.1708349935812983,-0.0025101650361751267,-0.025003582989927907,3.2611649846705326,-0.0011362665406612063
hold,0,44,0,0.44200000000000034,0,0,0,0,0,0,0,31.186769944916936,31.946798281570345,0.00041313854211932899,0.0032852163627231194,0.00014551174435828733,0.00018249896117336414,-0.080246900004532384,0.15975570336592149,0.015576364407330345,-0.56961117462661848,-0.65073514002832744,-0.054633552363729534,-0.001743563915345433,-0.0001584710866646134,0.34883586222645691,0.99997907089982319,0.00048785949711734067,-0.0063640721958699497,0.001057516204491029,-0.33967992658339657,0.56837605372632805,0.043182308322730178,-0.5715670145361863,-0.57199630820460223,-0.35538080680406103,0.57157229979708213,0.038331254636471808,0.57476493126354544,-0.57520071330537581,-0.017186599942184771,0.002462921589716136,0.01280711196730548,-0.0061575114486740997,-0.14370153786940315,0.0058747405428784347,0.057268246695214728,0.025157690112216323,0.18592505418241415,-0.024406377068874514,-0.024649627315957681,0.11144279075401868,0.023902136855255295,-0.22560707346388881,0.01992363858822362,-0.021033359836016143,0.051861770347778779,3.1497838478573641,-0.00082833100777061431,-0.040826105097728618,3.2416199082443105,-0.0018842149886347166
hold,0,44,1,0.44400000000000034,0,0,0,0,0,0,0,31.195693236337799,31.996594920028965,0.00041812409984616494,0.0037853544519845239,0.0001578419410712714,0.00018233009343124332,-0.081296702482135164,0.15923975593825201,0.015522583684919766,-0.55452138544928331,-0.64516243627482583,-0.053441438448179786,-0.0017783544788989583,-0.00015285080871380361,0.34886173409707433,0.99997813505267608,0.00048070562474904378,-0.0065090692129353049,0.0010631823245075436,-0.33955238294636403,0.56843715794028271,0.043423487452290126,-0.57162539857794603,-0.57205552365279411,-0.35513611669107992,0.57161832330678253,0.037753976974040003,0.57480316880308058,-0.57524117489417792,-0.017395281776762684,0.0028101389754048981,0.012935935308699279,-0.0072705432061389349,-0.14498960911073352,0.0057832570556507808,0.063771818516285064,0.030552106977313396,0.12058956477997208,-0.029192020879849803,-0.029607724095913189,0.12234505649055842,0.02301175485020801,-0.28863883121590106,0.019118769767579064,-0.020230794401070562,0.051861770347778779,3.1497838478573641,-0.00082833100777061431,-0.040826105097728618,3.2416199082443105,-0.0018842149886347166
hold,0,44,2,0.44600000000000034,0,0,0,0,0,0,0,31.201867188342334,32.038745589252692,0.0004228228773088677,0.0042949699650419136,0.0001769509336940131,0.00018217092151121176,-0.082102844776079667,0.1585293932075407,0.015559232478629781,-0.54134472515190757,-0.6387458881895135,-0.052160210092851357,-0.0018135649485800486,-0.00014654019288872812,0.34888786170996849,0.99997717022009336,0.00047246703933527794,-0.0066553424537247139,0.0010687517647919775,-0.3394111350155668,0.56850774203206056,0.043536227726894298,-0.5716923331689272,-0.57212357485252707,-0.3548693972168861,0.57166252572906484,0.037049205206402064,0.57483977862640334,-0.5752800023852328,-0.017605234840545204,0.0031553079125377437,0.013063806447074345,-0.0083572047588879751,-0.14626488683911301,0.0056942842145367208,0.070623965398627031,0.035292045888896381,0.056370137302086384,-0.033467295490565777,-0.034025599866482924,0.13335973709690552,0.022101211141161706,-0.35238588381897018,0.01830491166140745,-0.019413745527417935,0.051861770347778779,3.1497838478573641,-0.00082833100777061431,-0.040826105097728618,3.2416199082443105,-0.0018842149886347166
hold,0,44,3,0.44800000000000034,0,0,0,0,0,0,0,31.524089170081332,32.080844706269588,0.00043057035242794611,0.0017917659566671223,0.00020143561385723872,0.00018202146250735954,-0.095520102503546728,0.042231867984276909,0.0074590726373173766,-0.10963987008947657,-0.67126753018940721,-0.81152776626916701,-0.001849253092799688,-0.00014029554482215096,0.34891422282031942,0.99997617660395877,0.00046399693224521098,-0.0068029585866864325,0.001072700257613833,-0.33925592247715053,0.56858382219511927,0.04352413317897158,-0.5717634208253497,-0.57219602808992664,-0.35459994616685531,0.57169010538993681,0.036435784853341084,0.57486311485964825,-0.5753049671713274,-0.017844072109819701,0.0031223240332885777,0.013180555175450642,-0.0086009307305852014,-0.14760845833717182,0.0040755798430947791,0.077606269208145534,0.038040081529330486,-0.0060472739613597268,-0.035543828211227639,-0.036226618699796723,0.13472552501538099,0.013789830436002307,-0.30671017653049149,0.011668116622440678,-0.012482393047281135,0.051861770347778779,3.1497838478573641,-0.00082833100777061431,-0.040826105097728618,3.2416199082443105,-0.0018842149886347166
hold,0,44,4,0.45000000000000034,0,0,0,0,0,0,0,31.43021423953256,32.109854007518273,0.00043599677579543583,0.0022793151869819118,0.00023815322421529006,0.00018197284860157109,-0.095678547707682776,0.043741245599982284,0.008095701920035836,-0.12275974532202857,-0.66268977796785655,-0.79048710042649328,-0.0018854185846780955,-0.00013410251714708762,0.3489408172499664,0.99997515370901169,0.00045526912436754568,-0.0069519003872541285,0.0010750700759861221,-0.339086255202597,0.56866466523494585,0.043388090207555643,-0.57183827280403232,-0.57227244543477518,-0.35432919777311506,0.57170384305298283,0.035907810389719366,0.57487524409514446,-0.5753182083464552,-0.018082745939203723,0.0030965138375316685,0.013297214823481618,-0.0088707734960381639,-0.14893474962265232,0.0024993426382067963,0.084833637276773705,0.040421519913306593,-0.068021485707969842,-0.037425989341331269,-0.038208672424285668,0.13537419687011398,0.0068688315230360239,-0.26398723181085748,0.0060646177480962876,-0.0066205875639180397,0.051861770347778779,3.1497838478573641,-0.00082833100777061431,-0.040826105097728618,3.2416199082443105,-0.0018842149886347166
hold,0,45,0,0.45200000000000035,0,0,0,0,0,0,0,31.341690924202368,32.126199109571239,0.00043936108714000971,0.0027463278905297019,0.00027039546406293488,0.00018199830182812857,-0.10032031927162417,0.044673160809640747,0.0052305687741913687,-0.13251144560229264,-0.32966537342102925,-0.75944106908171427,-0.0019220357552889016,-0.00012794644089426092,0.34896753098809014,0.9999741056195981,0.00044626502220529229,-0.0071015017530644464,0.0010759231690677966,-0.33890295947620119,0.56874956670949151,0.043128953406327122,-0.57191646226811521,-0.57235235617597924,-0.35405974098408083,0.57170603499143646,0.035460863804837955,0.57487786732832957,-0.5753214922003812,-0.018308585305403052,0.0030780381264133468,0.013356869061873463,-0.0091583026488337264,-0.14959486711678469,0.00098490316285380496,0.091647863197902121,0.04245073727285309,-0.12956840061426195,-0.039094732041423247,-0.039955370602009675,0.13472839451710847,0.0010959692268129621,-0.22347329244070549,0.0013116165925508164,-0.0016419269629772441,0.049695304519511839,3.1473475986197359,-0.00082740465299700337,-0.042095891491227611,3.2397076576439838,-0.0018832891428130403
hold,0,45,1,0.45400000000000035,0,0,0,0,0,0,0,31.273051275443279,32.145684966032363,0.000441026839950516,0.0032215116523941628,0.00029905074765210898,0.00018207625478140836,-0.10045261971665025,0.045100717736504085,0.0057655820834021654,-0.13862240198431636,-0.32088668693894307,-0.73673344726410017,-0.0019591040590195225,-0.00012181771760386868,0.34899436343228241,0.99997303212007216,0.00043697251818371273,-0.0072517450744173338,0.001075305064993777,-0.338705609244703,0.56883806326619901,0.042746558490619889,-0.57199774740657683,-0.57243548316594106,-0.35379261787975069,0.57169874155934719,0.03509050896027277,0.57487256431941691,-0.57531646152257454,-0.018534151865310353,0.0030643616451961216,0.013416222096140065,-0.0094578241059828545,-0.15023733273920856,-0.00048389399467393154,0.09867511574909367,0.04424827835375951,-0.19119745785361603,-0.040642569230824301,-0.041563494980927963,0.13356155216505536,-0.0036467160446463382,-0.18517742228259373,-0.0026515044563197396,0.0025153389033343168,0.049695304519511839,3.1473475986197359,-0.00082740465299700337,-0.042095891491227611,3.2397076576439838,-0.0018832891428130403
hold,0,45,2,0.45600000000000035,0,0,0,0,0,0,0,31.214693215569557,32.161329720419985,0.00044130604555931569,0.0036993689036890227,0.00032484034802477812,0.00018219040231124285,-0.10056475223270284,0.045087239708345321,0.0062621469607080371,-0.14210164728392083,-0.31200496056646781,-0.71356624627093412,-0.0019966228552629893,-0.00011570872362446906,0.34902131379742057,0.99997193299517251,0.00042738478855581808,-0.0074026125415554327,0.0010732621767326987,-0.33849379706035937,0.56892980452384145,0.042240259177081532,-0.57208195269835438,-0.57252162117249727,-0.35352871324314739,0.57168372766309561,0.03479288593844005,0.5748607079756245,-0.57530454685216759,-0.01875939812173346,0.0030544969896998094,0.013475182569095745,-0.0097640338734175137,-0.15086195266247554,-0.0019061985732720247,0.10590609217180912,0.045870628821219804,-0.25314965676917922,-0.04210264588879517,-0.043069003278105179,0.13195231830166707,-0.0075069481257819979,-0.14881151091635883,-0.0059281718962084732,0.0059573352034762023,0.049695304519511839,3.1473475986197359,-0.00082740465299700337,-0.042095891491227611,3.2397076576439838,-0.0018832891428130403
hold,0,45,3,0.45800000000000035,0,0,0,0,0,0,0,31.165289594607895,32.173626952831782,0.00044046408682648502,0.0041842151469225833,0.00034830552993185809,0.00018232813002922412,-0.1006513346346718,0.044687225564993126,0.0067274588864556506,-0.14339473709035497,-0.30300412141096711,-0.69019626621159569,-0.0020345913843184036,-0.00010961361262416802,0.34904838113932835,0.99997080803235183,0.00041749939895679994,-0.0075540861118531394,0.0010698412927258056,-0.33826712682768789,0.56902454133568359,0.041608947503390767,-0.57216896496541314,-0.57261063230735532,-0.35326877619228514,0.5716625000043839,0.034564628910769994,0.57484348712275024,-0.57528698926310962,-0.018984264527707184,0.0030475555001505147,0.013533670953894199,-0.010072525725074701,-0.15146849955320865,-0.0032816654166519252,0.11333511633573437,0.047368405921073997,-0.31565583684538306,-0.043506133529393511,-0.044505567429005265,0.12996852543111778,-0.010613829355856082,-0.11412851383502932,-0.0086104264371453833,0.0087787945290116881,0.049695304519511839,3.1473475986197359,-0.00082740465299700337,-0.042095891491227611,3.2397076576439838,-0.0018832891428130403
hold,0,45,4,0.46000000000000035,0,0,0,0,0,0,0,31.104549247204233,32.508625903218999,0.00043872574032249867,0.0031343378482210716,0.00036986196988007965,0.00018247977875036434,-0.11409307251983035,-0.066717611372403132,-0.00090819914816719916,0.2740789154170849,-0.3372102855970649,0.082425434958604563,-0.0020730684957287956,-0.00010379616447485899,0.34907554562779308,0.99996965441877073,0.00040816266525031778,-0.0077062344256129747,0.0010665813705422046,-0.33804200474183971,0.56910201450747011,0.041077402909186503,-0.57224144508083297,-0.57268457694266084,-0.35301707402101457,0.57163859980136222,0.034403014322743564,0.57482392345036737,-0.5752668651770898,-0.019238555705196135,0.002908724074654514,0.013582244232364022,-0.0095233798343491785,-0.15214395952932047,-0.0031245405287507193,0.11256104292409534,0.03873658589328869,-0.26577229710213135,-0.036240057709913454,-0.036972317652778953,0.12585108563527297,-0.011950101510863962,-0.080807294013216499,-0.0097818361914174933,0.010062043009891688,0.049695304519511839,3.1473475986197359,-0.00082740465299700337,-0.042095891491227611,3.2397076576439838,-0.0018832891428130403
hold,0,46,0,0.46200000000000035,0,0,0,0,0,0,0,31.016788053796709,32.341950423451891,0.00044038055032143142,0.0034629480190246933,0.000383542637073819,0.00018262672646165881,-0.1516256745355371,-0.072327533203773067,-0.02731968706980048,0.27041189827942452,2.3271207935149643,-0.080285310336045648,-0.0021118476617969181,-9.8328414829259469e-05,0.34910188232933242,0.99996851407642129,0.00039937045641121424,-0.0078537291093150451,0.001063154790977997,-0.33783190113278638,0.56916408434960597,0.040650250616999228,-0.57230063523552777,-0.57274472519722586,-0.35278395494823106,0.57161237942193854,0.034306436421021103,0.57480224557274706,-0.57524443714832307,-0.019389583034061218,0.0027338748227997605,0.013168350769679567,-0.0089751977292111314,-0.14749101716832014,-0.0032973026811148765,0.105051804526655,0.031034921067942499,-0.21357614609363668,-0.029595077347421537,-0.030074127282486977,0.11655953639176571,-0.013110189711819258,-0.048288950861231542,-0.010838938810143691,0.011214014383389766,0.044255497950227499,3.1359828243324643,-0.001377054545716874,-0.06480629174663162,3.2163675277391084,-0.00030936744431050485
hold,0,46,1,0.46400000000000036,0,0,0,0,0,0,0,30.987426001412736,32.264995903125012,0.00044315861705636339,0.0037507475863799971,0.0003910440208086893,0.00018276650447305527,-0.15169094622441395,-0.074748472255966869,-0.026623831427572853,0.26916165276490966,2.3359807211897854,-0.07318074135070135,-0.0021509273203111049,-9.3217753601291164e-05,0.34912739158057154,0.99996738920482453,0.00039112036294524489,-0.0079965524448535105,0.0010595757382044261,-0.33763796066566776,0.56921312243676025,0.040322372210374831,-0.5723484608390792,-0.57279306933999163,-0.35256983939698888,0.57158474863065667,0.034272804520687129,0.57477925103923988,-0.57522053876618884,-0.01953982925709347,0.0025553306139841515,0.012754625619564527,-0.0084293367168397412,-0.14282033177969525,-0.0034559107630498225,0.096970233559319191,0.024519043577156972,-0.16393920331219899,-0.023912801775734779,-0.024172071382903473,0.10705777562107714,-0.013815395640962062,-0.016815950166986955,-0.011497266753583637,0.011949191067125385,0.044255497950227499,3.1359828243324643,-0.001377054545716874,-0.06480629174663162,3.2163675277391084,-0.00030936744431050485
hold,0,46,2,0.46600000000000036,0,0,0,0,0,0,0,30.963094865447339,32.199436806830356,0.00044434446478151118,0.004022824365828832,0.00039292566978683095,0.00018289729470123998,-0.15195486433361355,-0.077293080272789694,-0.02605186002504567,0.27019734263907697,2.3439286710520544,-0.066957344011259579,-0.0021903068424970564,-8.8472641178006863e-05,0.34915207349697341,0.99996628193276016,0.00038341453499354848,-0.0081346885439658196,0.0010558565991825649,-0.33746113737226019,0.56925114299444324,0.040089388110298593,-0.57238656863112602,-0.57283131759753736,-0.35237507751391778,0.57155647347818539,0.034300320929342147,0.57475562053739615,-0.57519588249648912,-0.019689761092975704,0.0023725562116421531,0.012340958200927357,-0.0078812495564575761,-0.13813373890708533,-0.0036021966120988818,0.08841164670379717,0.019010278841508955,-0.11649205003811934,-0.019053896023416443,-0.019124128772844851,0.097380941535558499,-0.014137576235639094,0.013758204327508277,-0.011815250921842473,0.012328134849861625,0.044255497950227499,3.1359828243324643,-0.001377054545716874,-0.06480629174663162,3.2163675277391084,-0.00030936744431050485
hold,0,46,3,0.46800000000000036,0,0,0,0,0,0,0,30.943070863517775,32.143804172036951,0.00044423794552937712,0.0042824239731915608,0.00039014521515192031,0.00018301809521111513,-0.15240766247187076,-0.079944482017419882,-0.025587463984335201,0.27307234595011665,2.3509942896941993,-0.061550136413410061,-0.0022299864906321007,-8.4102461641500013e-05,0.34917592802842895,0.99996519431707254,0.00037625878936959419,-0.0082681232877813652,0.0010520080988702921,-0.33730222248295116,0.56927984890408312,0.039947552368300838,-0.5724163601859773,-0.57286092757784612,-0.35219996065408399,0.57152819591267123,0.03438744933125791,0.57473193238551057,-0.57517107444866389,-0.019839824067522223,0.0021850897682534243,0.011927265727767556,-0.0073272816664242506,-0.1334330125959268,-0.0037378516110105758,0.079457444654518442,0.014352954819921665,-0.070917870998877364,-0.014895777425648786,-0.01480499015440211,0.087558429916889266,-0.014138782757068761,0.043564200957882895,-0.011844075942789915,0.012404023912601984,0.044255497950227499,3.1359828243324643,-0.001377054545716874,-0.06480629174663162,3.2163675277391084,-0.00030936744431050485
hold,0,46,4,0.47000000000000036,0,0,0,0,0,0,0,30.926715338015118,32.096799582197654,0.00044309374316964245,0.0045322625820481558,0.00038346136508188213,0.0001831285119266608,-0.15304055570870287,-0.082688394359158812,-0.025216342787102164,0.27742849795254049,2.3572043399184861,-0.056894079627718051,-0.0022699673799216891,-8.0117397987926461e-05,0.34919895500776388,0.99996412834145854,0.00036966189361514485,-0.0083968442723443507,0.001048039434676811,-0.33716186881112437,0.56930067220320235,0.039893666980953715,-0.57243902177390449,-0.57288313618513542,-0.35204473157831134,0.57150045128029325,0.034532887969316556,0.57470867579502061,-0.57514662793053895,-0.019990444644794179,0.0019925318267867793,0.011513489667456682,-0.0067644940041360728,-0.12871987157278991,-0.0038644283079122821,0.070176835913397753,0.01041164955960368,-0.026942693673560003,-0.011330793963604827,-0.011104303644657192,0.07761453788631445,-0.01387231618900216,0.072719319029323215,-0.01162829524496075,0.012223259062484323,0.044255497950227499,3.1359828243324643,-0.001377054545716874,-0.06480629174663162,3.2163675277391084,-0.00030936744431050485
hold,0,47,0,0.47200000000000036,0,0,0,0,0,0,0,30.90993894188653,32.050375379796805,0.00044112718220635366,0.0047799466716137605,0.0003734746444208775,0.00018322859439163754,-0.15792981976754736,-0.086035283762699838,-0.027100859422960255,0.28365368595481766,2.6576605070727766,-0.069455767391253337,-0.0023102281458278091,-7.6535586532257738e-05,0.3492210548164536,0.99996309097773151,0.00036363668311717212,-0.0085202506400521866,0.0010439251187048587,-0.33704190936292566,0.56931473252716025,0.039925800502465858,-0.57245546615157905,-0.57289889900362301,-0.35191073132575856,0.57147363333509926,0.034735759793814151,0.57468621718825408,-0.57512292901177642,-0.020130382953060078,0.0017909057278343602,0.011049904344866157,-0.0061884929159547577,-0.12340585806039403,-0.0040168698109219816,0.059979724099364716,0.0070301619789331412,0.016066760756070365,-0.0082221888372982325,-0.0078814092437910245,0.067000126276380745,-0.013408972596983738,0.10143591224879663,-0.011229303383269124,0.011849459381237964,0.043601952205711905,3.1350853968559478,-0.0013762710558566694,-0.067278097706637868,3.2139188918356503,-0.00030858342253628176
hold,0,47,1,0.47400000000000037,0,0,0,0,0,0,0,30.899280761526619,32.01728062016597,0.00043851777870578673,0.0050170873497693445,0.00036068397650251913,0.00018331883560602282,-0.15889931185661854,-0.088946924179406944,-0.026881094564950914,0.29022777825914109,2.6621930057192293,-0.065503945386051338,-0.0023507714462024107,-7.336839470949185e-05,0.34924222721156112,0.99996208426749467,0.00035819634334807715,-0.0086383333486367998,0.0010396729026158321,-0.33694277891142105,0.56932302445620253,0.040041642259988949,-0.57246652923769714,-0.57290909284824476,-0.35179813308503505,0.57144811005180507,0.034995164460732017,0.57466490216228039,-0.57510034113447306,-0.020271650187300847,0.0015835959113829419,0.010586197553749482,-0.0055992723601899393,-0.11808279492061981,-0.0041617159606070157,0.049565225752317817,0.0041459645211311116,0.057920878761546321,-0.0055315430590588202,-0.0050969223108941111,0.056299120361766895,-0.012761641647103136,0.1297023334589314,-0.010657512986861722,0.011293938651665154,0.043601952205711905,3.1350853968559478,-0.0013762710558566694,-0.067278097706637868,3.2139188918356503,-0.00030858342253628176
hold,0,47,2,0.47600000000000037,0,0,0,0,0,0,0,30.890807551454024,31.989740120222045,0.00043541708366199444,0.0053006180311848845,0.00034542038441712653,0.00018339977550109891,-0.1600283131187217,-0.091926570400566468,-0.026721821704079218,0.29760732534741252,2.6658969789674369,-0.062162286583078485,-0.0023916007128871215,-7.0627757061931658e-05,0.34926247195241306,0.99996111015724254,0.00035335566010815674,-0.0087510850146832481,0.0010352893012869012,-0.33686483050369703,0.56932636675372872,0.040239254110531614,-0.57247290313372012,-0.57291444587444151,-0.35170708518587207,0.57142418428040676,0.035310377206454892,0.5746450202054294,-0.57507916878857757,-0.020414633342355371,0.0013703188237800979,0.010122370425974176,-0.0049952426512196411,-0.11275234337600737,-0.0043002197046389037,0.038974203862002829,0.0016711487630834969,0.098805925271330974,-0.0031869480114971624,-0.0026765130983677668,0.045523949581490468,-0.011962885699168096,0.15760637286143625,-0.0099409784254850635,0.0105861729477345,0.043601952205711905,3.1350853968559478,-0.0013762710558566694,-0.067278097706637868,3.2139188918356503,-0.00030858342253628176
hold,0,47,3,0.47800000000000037,0,0,0,0,0,0,0,30.884143510859726,31.966950797492316,0.00043195090329169183,0.0056909064051634236,0.00032798029533621497,0.00018347209940596079,-0.16131120073426602,-0.094971017756072515,-0.026614660368792897,0.30565828477839779,2.6687898236574648,-0.059377798859926778,-0.0024327201273310582,-6.8326128091275701e-05,0.3492817888284746,0.99996017049722041,0.00034913075192767384,-0.008858499878409266,0.0010307797006693994,-0.33680834988306879,0.56932542703448563,0.040517030066150053,-0.5724751553218389,-0.5729155570961364,-0.35163771720992038,0.57140210447673034,0.035680834459289108,0.57462681345799049,-0.57505966656276664,-0.020559707221968364,0.0011508144853279801,0.0096584380307640546,-0.0043750812063231897,-0.1074161291215194,-0.0044335242476858825,0.028240310314119648,-0.0004698596215235943,0.13888797780921802,-0.0011260940594104226,-0.00055561084743110424,0.034683987975849262,-0.011039901838204776,0.18522862641710822,-0.0091033737194808201,0.0097511129054457593,0.043601952205711905,3.1350853968559478,-0.0013762710558566694,-0.067278097706637868,3.2139188918356503,-0.00030858342253628176
hold,0,47,4,0.48000000000000037,0,0,0,0,0,0,0,30.878962439966514,31.948202796325397,0.00042822283786687898,0.0060706273161136373,0.00030859640786118337,0.0001835365781389786,-0.16274303203298107,-0.098079226605449987,-0.026552330991119533,0.31427965840185479,2.6708869076550994,-0.057102386200656108,-0.0024741345991522376,-6.6476449667931598e-05,0.34930017768348115,0.99995926704036442,0.00034553886854697582,-0.0089605737725841871,0.0010261484554460974,-0.33677356808838582,0.56932074349532924,0.040873662322301697,-0.57247374577629628,-0.57291291383339582,-0.35159014531263155,0.57138207410624509,0.03610612143965964,0.57461048451250907,-0.57504204722013375,-0.020707235910589695,0.00092483921167205055,0.0091944275032644456,-0.0037376664830411559,-0.10207574654242266,-0.0045626736721531185,0.017390897341486307,-0.0023417695781761129,0.17831612807582059,0.00070477277132035892,0.0013216313702705301,0.023785948644401256,-0.010015185242638188,0.21264349018526732,-0.0081644727406960365,0.008809671316427542,0.043601952205711905,3.1350853968559478,-0.0013762710558566694,-0.067278097706637868,3.2139188918356503,-0.00030858342253628176
hold,0,48,0,0.48200000000000037,0,0,0,0,0,0,0,30.955144422441077,32.023577472892924,0.00042431740130114554,0.006188394826389566,0.00028745056162188829,0.00018359402295213255,-0.1153452420854095,-0.098932453573972456,0.0093102218088372268,0.32655586385674296,-0.75847557260122844,0.071242502606479366,-0.0025161158137977997,-6.5044412816592023e-05,0.34931883552054122,0.99995833901175446,0.00034259978660158808,-0.0090641650816061081,0.0010216543504181236,-0.33674575523530836,0.56931386512588589,0.041297936464479719,-0.57247023297858368,-0.57290813274612129,-0.35155093101342022,0.57136525023424922,0.036580867791827655,0.5745971814733557,-0.57502748735006892,-0.020990607322781143,0.0007160184256697873,0.0093289185300350196,-0.003085211384854231,-0.10359394224949681,-0.004430838998290814,0.01390642653871646,-0.0034391847216652333,0.21213707108901034,0.0017563988562757985,0.0023905436372456752,0.01960714960567303,-0.0084119359979483461,0.23737317608400618,-0.0066515195767041192,0.0072799350324074955,0.0549918450733217,3.153027739253579,-0.0020345747146425365,-0.042273237457533155,3.2409936556710357,-0.001365585874087096
hold,0,48,1,0.48400000000000037,0,0,0,0,0,0,0,30.952590287598859,32.011451580982111,0.00042032527159046457,0.0064989854648973278,0.00026418628212740447,0.00018364638048292824,-0.11707683150209541,-0.10190257315687609,0.0093080042966597887,0.33500690075333345,-0.75752667011994568,0.067911260530164122,-0.0025586707117602006,-6.4044102412050464e-05,0.34933776197884736,0.99995738596589701,0.00034033036990051296,-0.0091692719194686953,0.0010172904970094706,-0.33672509253766397,0.56930511358824076,0.041789203980626626,-0.57246487787292177,-0.57290148747965997,-0.35152016362723293,0.57135174877625095,0.037105004430760986,0.57458703222692176,-0.57501611682631548,-0.021277448981200445,0.00050015520227077604,0.0094632291530731376,-0.0024159331919325817,-0.10511027426260749,-0.0043061179828680707,0.010331348822189975,-0.0043757688225640164,0.24563375807345411,0.0026775528309803194,0.0033226332306719271,0.015383693093653145,-0.0067507289991182691,0.26206831946666487,-0.0050746232169562883,0.0056852618767091597,0.0549918450733217,3.153027739253579,-0.0020345747146425365,-0.042273237457533155,3.2409936556710357,-0.001365585874087096
hold,0,48,2,0.48600000000000038,0,0,0,0,0,0,0,30.950742023307534,32.001684822347684,0.00041629861722528722,0.0068071693959587624,0.00023952801744802396,0.00018369431693936273,-0.11893504352380449,-0.1049265312431594,0.009283619092361306,0.34382128272206119,-0.756882398905803,0.064472109768038605,-0.0026018067828892126,-6.3489903139698662e-05,0.34935695670164929,0.99995640744417635,0.00033874820485809548,-0.009275893009863442,0.0010130497808676093,-0.33671173464229526,0.56929473369013495,0.042347022451126301,-0.57245787894158318,-0.57289318732267736,-0.35149793321438078,0.57134166397168185,0.037678574561483671,0.57458014392254841,-0.57500804399253813,-0.021568035564505962,0.00027709963617590037,0.0095973614009700996,-0.0017291135040829399,-0.10662535309713222,-0.0041887462983143013,0.0066789476843472535,-0.0051899490528922575,0.27890923524983702,0.0034994656693177984,0.0041500784913204251,0.011115206426067101,-0.0050424022845307441,0.28678506536134174,-0.0034441521866440707,0.0040364168886999428,0.0549918450733217,3.153027739253579,-0.0020345747146425365,-0.042273237457533155,3.2409936556710357,-0.001365585874087096
hold,0,48,3,0.48800000000000038,0,0,0,0,0,0,0,30.949431127711598,31.993867913549572,0.00041227816986600524,0.0071147120120058933,0.00021356690153370885,0.0001837384758492053,-0.12091758987668674,-0.10800926037293072,0.0092407871303556988,0.35297623098378217,-0.7565354642999147,0.060936894975440137,-0.0026455320563531851,-6.3396512636324382e-05,0.34937641934882352,0.99995540297457564,0.00033787155508889109,-0.0093840276715323676,0.001008924885681544,-0.33670581667201688,0.56928290575873475,0.042971138349157251,-0.57244938195473383,-0.57288338707852215,-0.35148433333938922,0.57133507342151235,0.038301727008925111,0.57457660757659601,-0.5750033603519763,-0.021862636731986223,4.6695251687138117e-05,0.0097313235871198753,-0.0010240791752561028,-0.1081397745772685,-0.0040789356696054185,0.0029589851391948825,-0.00591396570010833,0.31205794901547612,0.0042484934246619617,0.0049001220775809476,0.006799937495772174,-0.0032952750847417096,0.31157622372071853,-0.0017681729762130506,0.002341820280919902,0.0549918450733217,3.153027739253579,-0.0020345747146425365,-0.042273237457533155,3.2409936556710357,-0.001365585874087096
hold,0,48,4,0.49000000000000038,0,0,0,0,0,0,0,30.948514268327752,31.987644382632787,0.0004082949999275956,0.0074231218692236388,0.0001863721953381117,0.00018377946628387017,-0.12302265173223395,-0.11115639956700786,0.0091826605280580509,0.36245944597863039,-0.75648002619874333,0.057314798118565907,-0.0026898550926743041,-6.3778959685610899e-05,0.34939614960761767,0.99995437207135285,0.0003377193369142465,-0.0094936758065543598,0.0010049083114954727,-0.33670746029579462,0.56926975638610089,0.043661472372480983,-0.57243948851804971,-0.57287219574783022,-0.3514794634243526,0.57133204241963853,0.038974710511622546,0.57457650207264599,-0.57500214465237853,-0.022161518160559467,-0.00019122352464325548,0.0098651293970666402,-0.00030018144929323028,-0.10965412279519542,-0.0039768795574187735,-0.000821811888884028,-0.006574686316903413,0.34516701166186775,0.0049467183420639285,0.0055956653459600433,0.0024349575183143738,-0.0015155009369053707,0.33649175134871684,-5.2751975031327999e-05,0.00060784979890231901,0.0549918450733217,3.153027739253579,-0.0020345747146425365,-0.042273237457533155,3.2409936556710357,-0.001365585874087096
hold,0,49,0,0.49200000000000038,0,0,0,0,0,0,0,30.948093736147904,31.983213719343944,0.00040437205804316756,0.0077322423935700345,0.00015799535656054579,0.00018381785544004895,-0.12489595647667512,-0.11432994429377538,0.0092618715072152469,0.3721924287382154,-0.78228459495103753,0.054546716794694701,-0.0027347870180626111,-6.4652152864218019e-05,0.3494161556527271,0.99995331374160501,0.00033831092877081251,-0.0096048890341702779,0.0010009942749010349,-0.3367166685135104,0.56925537317047603,0.044418048736574484,-0.57242826938184899,-0.57285969017410832,-0.35148332894962081,0.57133263088277031,0.039697843746092129,0.57457990049948948,-0.57500446941597749,-0.022465962694153511,-0.00043659658930355813,0.010003022554717312,0.00044300459148803757,-0.11122011719722279,-0.0038808520125157282,-0.0046041088578744928,-0.0071916078124394959,0.37828818204675058,0.0056095681003489137,0.0062527868609354069,-0.0019327626340926961,0.00029423156586767829,0.3615666172347905,0.0016992134217435259,-0.0011623817995022876,0.055075820666862257,3.153109033006559,-0.0020341626078978214,-0.042086404343047869,3.2411773435349893,-0.0013651738626911363
hold,0,49,1,0.49400000000000038,0,0,0,0,0,0,0,30.969595135191422,31.81065021822377,0.00040175299921246105,0.007097584487427068,0.00012847320732681076,0.00018385415808615214,-0.11604950074412558,0.020082889123354156,0.015645038165404301,-0.12777884288164879,-0.74653672691031348,-0.64795950537300362,-0.0027802874103039416,-6.5626633588766506e-05,0.34943645170793397,0.99995222989717225,0.00033863302909682268,-0.0097175953271304624,0.00099578732707708822,-0.33671705752003761,0.56925469759345049,0.045042132467885063,-0.57242827819372921,-0.57285899197853507,-0.35149215593194538,0.5713339881917936,0.040471623330051401,0.57458414863597218,-0.57500767348976256,-0.022750196120665325,-0.00048724036227424695,0.010148027603447143,0.00015962145505227411,-0.11271352555767447,-0.0051705837871739158,-0.00019450326360445809,-0.00033778851276966733,0.3120418656552898,-4.4059400980183891e-06,0.00034909778663936089,-0.0044134911622723079,0.00067865451166876888,0.38688979197963658,0.0021240682413611826,-0.0016020368925105687,0.055075820666862257,3.153109033006559,-0.0020341626078978214,-0.042086404343047869,3.2411773435349893,-0.0013651738626911363
hold,0,49,2,0.49600000000000039,0,0,0,0,0,0,0,30.969242722628085,31.878631314603719,0.0004019014976291424,0.007298000006698814,0.00010779227809905671,0.00018389688277562264,-0.11863323793353267,0.019285676058823319,0.015238325609677972,-0.11396195848515907,-0.74772590095350877,-0.62689285794710525,-0.0028263669356443119,-6.6700933480366608e-05,0.34945703645050702,0.99995111993881003,0.00033871353927139336,-0.0098317970722336338,0.00098932936197416587,-0.33670748277116025,0.56926559763881346,0.045538275460588772,-0.57243792088642409,-0.57286842147546468,-0.35150611989329045,0.57133616755230432,0.041296415363580294,0.5745892587283129,-0.57501177003455362,-0.02303976267018502,-0.00053714994580005416,0.010292371286533273,-9.5594345065520489e-05,-0.11420934310062519,-0.0064186612192163655,0.0047873744386829646,0.005450022681502663,0.24807149635185483,-0.0048213463474480944,-0.0047147484648193587,-0.0069819806725239953,0.0010896802553512991,0.41239601676444776,0.0025550461703719666,-0.0020482723954998792,0.055075820666862257,3.153109033006559,-0.0020341626078978214,-0.042086404343047869,3.2411773435349893,-0.0013651738626911363
hold,0,49,3,0.49800000000000039,0,0,0,0,0,0,0,30.826956583580987,31.926854948747803,0.00040314223581798536,0.0027789588332986712,9.2386623386972406e-05,0.00018394422799282103,-0.11076063298926192,0.15936955476478171,0.021250435973797721,-0.61478610671579237,-0.71622988091041617,0.027690939432430457,-0.0028729903479381468,-6.7046063606409007e-05,0.34947792393432875,0.99994998300944327,0.00033756366044939285,-0.009947429841273038,0.00098293933705093876,-0.3366872552089758,0.56928961817098223,0.045908043882544783,-0.57245979302178818,-0.57289048423156341,-0.35150559017431715,0.57134718041064958,0.04198368429210194,0.57460051962251524,-0.57502259632342023,-0.02331170614691741,-0.00017256506302119976,0.010443741910855734,-0.0013266618473984073,-0.1156393219990134,-0.0063381160352905495,0.010113781092216797,0.012010266084408461,0.18488421097800634,-0.01093606768202232,-0.011031378049338974,0.00026485948664386506,0.0055064291726110237,0.34363446426082256,0.0056304471011588628,-0.0054131444333168216,0.055075820666862257,3.153109033006559,-0.0020341626078978214,-0.042086404343047869,3.2411773435349893,-0.0013651738626911363
hold,0,49,4,0.50000000000000033,0,0,0,0,0,0,0,30.89483989315152,31.977090632971844,0.0004051965367346394,0.0021021866618820533,7.8483513803694863e-05,0.00018391801644251611,-0.11332619256066366,0.15813091538892035,0.020663155446996484,-0.58780363553998494,-0.71715182717189696,0.03111924189798812,-0.0029201681858668721,-6.6669488886117565e-05,0.34949911204378892,0.99994881856608264,0.00033523743813187583,-0.010064495530228569,0.00097662371262126411,-0.33665548511151266,0.56932509578315693,0.046154393823839159,-0.57249244941118693,-0.57292367161447766,-0.35148964341684191,0.57136509033561267,0.042538137094349997,0.57461658261562876,-0.5750387158304292,-0.023588918964362587,0.00018828736014571792,0.010594054730096227,-0.0025036056004632845,-0.11707126255889355,-0.0062515069225140257,0.015885048731578227,0.017738806087367776,0.12317497064718751,-0.01632819469939531,-0.016593691457134033,0.0079733787376196508,0.0089549624815356034,0.27722640112402908,0.0080314965567618787,-0.0080597535045036067,0.055075820666862257,3.153109033006559,-0.0020341626078978214,-0.042086404343047869,3.2411773435349893,-0.0013651738626911363
hold,0,50,0,0.50200000000000033,0,0,0,0,0,0,0,30.967720528030597,32.033910118326574,0.00040786335610961538,0.0014300934467692209,7.6447812859511358e-05,0.00018383752028578441,-0.10587096829475501,0.15681099303770465,0.026646800182009045,-0.56331018432359514,-1.3783286682540785,0.04926688628456255,-0.002967960256731066,-6.5574150488185653e-05,0.34952082754336039,0.99994761258055243,0.00033178294813700465,-0.010184316459697713,0.00097041886624332004,-0.33660856680021994,0.56937085744093996,0.046277685715759902,-0.57253490075359081,-0.57296694440719476,-0.35145469673015967,0.57138848329918457,0.042961350225674232,0.57463650412331746,-0.57505911470970617,-0.023896035432097004,0.00054766919896595719,0.010857749785727891,-0.0036333775159701947,-0.11982564114585867,-0.0061284148651182552,0.023459155646357706,0.02288082889151119,0.061645945960370964,-0.021225671201915649,-0.021636396358565339,0.017473343341119923,0.011696481785969565,0.21160656566211705,0.0099607538443358696,-0.010199439638492276,0.0577151490197262,3.1566445487245542,-0.0025811629214110513,-0.037701381177635135,3.245853094599211,-0.0014877912734708454
hold,0,50,1,0.50400000000000034,0,0,0,0,0,0,0,31.016959329940569,32.070072508158162,0.00041097361519421005,0.00084991228261996343,8.3717786158086843e-05,0.0001837183771691043,-0.10794746977178288,0.15547563777819354,0.026329995644884363,-0.54415794917032478,-1.3774468862823939,0.050581055743974174,-0.0030163750475456254,-6.3767495714417161e-05,0.34954306877381064,0.99994636405562953,0.0003272385514973539,-0.010306890898007815,0.00096432716026497345,-0.33654583163978274,0.56942572994354479,0.046279524041709104,-0.57258611159907136,-0.57301921701469061,-0.35140006697345888,0.57141596321187027,0.043256343648058762,0.57465928402427369,-0.57508272256657111,-0.02420739540727964,0.00090332738688424935,0.011120615225110616,-0.0047247327519540951,-0.12257834378860424,-0.0060032255905366127,0.031367580218593837,0.027436251302391315,0.00091916297459976315,-0.025605422740245212,-0.026136303747941618,0.027314878350403339,0.013739956342850921,0.14749671119226404,0.011389950478109416,-0.011803928432494516,0.0577151490197262,3.1566445487245542,-0.0025811629214110513,-0.037701381177635135,3.245853094599211,-0.0014877912734708454
hold,0,50,2,0.50600000000000034,0,0,0,0,0,0,0,31.058430562490102,32.100382059803977,0.00041438170282542819,0.00060634162861186291,9.8527041293042499e-05,0.00018357295795033755,-0.10978537546641651,0.15408596196315968,0.026127836014783412,-0.52773153323659272,-1.3756432179128637,0.05132311946640708,-0.0030654199724904066,-6.1256997138782837e-05,0.34956583424643306,0.99994507199134552,0.00032163714844182594,-0.010432215263963394,0.00095834985917869634,-0.33646669320078249,0.56948874418494211,0.046160922685059856,-0.57264522085737335,-0.57307958475180831,-0.3513251658052825,0.57144636414053784,0.043425418114807157,0.57468407750669548,-0.57510863302463844,-0.02452246247239051,0.0012552492878171641,0.01138273631119939,-0.0057831409010401479,-0.12532751597822117,-0.0058769905167064722,0.039569219500127727,0.031507120698670066,-0.059300678324622748,-0.029554629151000125,-0.030183868558856478,0.037450584088180743,0.015200464333775995,0.084537233374198134,0.012396741210879454,-0.01295522903364401,0.0577151490197262,3.1566445487245542,-0.0025811629214110513,-0.037701381177635135,3.245853094599211,-0.0014877912734708454
hold,0,50,3,0.50800000000000034,0,0,0,0,0,0,0,31.093083277233326,32.125562599024313,0.00041796520370229046,0.0011474667242558695,0.00011931690358971321,0.0001834109895187952,-0.11138949055440743,0.1526369291217346,0.026028820760618743,-0.51345110983005371,-1.3729327867385639,0.051610198958788364,-0.0031151013938774045,-5.8050214706754202e-05,0.34958912260220848,0.99994373538550307,0.0003150073399701374,-0.010560284158235482,0.00095248735361866128,-0.33637063105453235,0.56955911066060505,0.045922349346555209,-0.57271152225284216,-0.57314730370894951,-0.35122948358941475,0.5714787250584441,0.043470223685988692,0.57471018206967883,-0.57513608997853627,-0.024840710693498927,0.0016033912160143182,0.011644177887701723,-0.0068129081529137627,-0.12807133573798898,-0.005750547320961274,0.048031073125068414,0.03518323783148293,-0.11928666925232448,-0.033150697734386413,-0.033859478570612611,0.047841107933890376,0.016180458953127041,0.022402785590767117,0.013052281491668708,-0.013728476948929409,0.0577151490197262,3.1566445487245542,-0.0025811629214110513,-0.037701381177635135,3.245853094599211,-0.0014877912734708454
hold,0,50,4,0.51000000000000034,0,0,0,0,0,0,0,31.121762628026197,32.146258472001904,0.00042162205918775536,0.0016822638176428092,0.0001448249699072797,0.00018324000119556374,-0.11276376389574207,0.15112393883812036,0.026022928824147584,-0.50084857464887889,-1.3693282364580777,0.051537053642226473,-0.00316542463932229,-5.4154848002447881e-05,0.3496129325760593,0.99994235323437497,0.00030737436562824563,-0.010691090389556322,0.00094673934146558968,-0.33625717652686232,0.56963619797189635,0.045563761216248291,-0.57278444704076192,-0.57322177290800969,-0.35111257496764342,0.57151226714514469,0.04339181545979353,0.57473702519468739,-0.5751644745432769,-0.02516162272244267,0.0019476833521531614,0.011904986925401624,-0.0078174014329861936,-0.13080800819686755,-0.0056245609770376528,0.056727263835022836,0.038543655645634015,-0.17929406515345819,-0.036462393959895617,-0.037234599530064597,0.058454310885663913,0.016771043350314103,-0.039204113097582073,0.013421562504278632,-0.014192282370334845,0.0577151490197262,3.1566445487245542,-0.0025811629214110513,-0.037701381177635135,3.245853094599211,-0.0014877912734708454
hold,0,51,0,0.51200000000000034,0,0,0,0,0,0,0,31.141301517239153,32.157453736796739,0.00042526799586437708,0.0022031947960603517,0.00017402678280360154,0.00018306571072634252,-0.1151972903745586,0.14928543013820952,0.023925311578578246,-0.48910275230921879,-1.2718178780035292,0.03538286926672532,-0.00321638652827911,-4.958471476527868e-05,0.34963722573319345,0.99994092657688338,0.00029876158544935917,-0.010824438973655532,0.0009410733145382822,-0.3361263372225467,0.56971943215197585,0.045085138270808678,-0.57286345786993231,-0.57330242621924909,-0.35097432903209197,0.57154631618992169,0.043190639814811645,0.57476409730585476,-0.57519323730872052,-0.025480944478409987,0.0022850666185845999,0.012146578567076748,-0.0087986675449845519,-0.13334973744004086,-0.005531281695056736,0.065419652157811675,0.041617090039734628,-0.23931147271980707,-0.03950541458516886,-0.040326655619708496,0.069122967775727961,0.017024522388489508,-0.10058782249094123,0.013536055583669453,-0.014381382721802879,0.058037499595233633,3.1562471157079313,-0.0025801086580629685,-0.039010416926690189,3.2442403985724177,-0.0014867361066197183
hold,0,51,1,0.51400000000000035,0,0,0,0,0,0,0,31.142662912786037,32.491209032212055,0.00043130030282655107,0.0028219267905136222,0.00020621268336379079,0.00018289243850156097,-0.12921801194180571,0.032255573586575499,0.016144462219878974,-0.026260315303561401,-1.3088273885898223,0.75762721643554176,-0.0032680488365772423,-4.4649221881273397e-05,0.34966198239065066,0.99993945194006495,0.00029011022059216508,-0.010960404357578512,0.00093692378529760016,-0.33599425431967767,0.5697886430364254,0.044707826682633366,-0.57293115562109886,-0.57337126856790877,-0.35081795593052478,0.57158285878041148,0.04286640751691196,0.57479327339644348,-0.57522422994731315,-0.025831154149066088,0.0024677464420026413,0.012378328728611557,-0.0088232829744935414,-0.1359664126709707,-0.0040136289802538356,0.066041451434511025,0.034605442224774179,-0.18865579408765554,-0.033848875583281146,-0.034421174329858986,0.078186550783581443,0.018271295244906449,-0.16211614894984203,0.014588045294372702,-0.015496319296332701,0.058037499595233633,3.1562471157079313,-0.0025801086580629685,-0.039010416926690189,3.2442403985724177,-0.0014867361066197183
hold,0,51,2,0.51600000000000035,0,0,0,0,0,0,0,31.157804784496697,32.405439162144724,0.00043535457723756221,0.0033851890912796681,0.0002449860933346551,0.0001827131816180402,-0.12974334000952914,0.028839548568932966,0.016801110796633267,-0.025998258077032273,-1.3020317075678582,0.73490003906049184,-0.0033204130523165755,-3.9369080125765373e-05,0.34968720294187633,0.99993792846726415,0.00028142052656626948,-0.011098972963755732,0.00093424527410860376,-0.33586230688652041,0.56984644087918179,0.04442626322564918,-0.57298955164820298,-0.5734303714573481,-0.35064304674102614,0.57162151278929929,0.042418616383954513,0.57482432734258737,-0.57525719491513594,-0.026182107869666665,0.0026400708777540118,0.012610275612826139,-0.0088479117239217957,-0.13856954992273793,-0.0025414789114336072,0.06597371657862211,0.028898921378192118,-0.140781728492093,-0.029198013552067286,-0.02955144471966209,0.087454594749308404,0.019327004443878606,-0.22389556647872283,0.015526973071951618,-0.016482483911394528,0.058037499595233633,3.1562471157079313,-0.0025801086580629685,-0.039010416926690189,3.2442403985724177,-0.0014867361066197183
hold,0,51,3,0.51800000000000035,0,0,0,0,0,0,0,31.169459342286864,32.332107375640355,0.00043755269490693138,0.0038826676748064132,0.0002775054992925016,0.00018253249200959391,-0.13028168004471288,0.025513034235115053,0.017401720765512607,-0.024110452917888124,-1.2951175168423119,0.71177636733970417,-0.0033734807053643588,-3.3764983888631087e-05,0.34971288751873891,0.99993635528436031,0.00027269598903458241,-0.011240130979577318,0.00093299147238875971,-0.33573166634598078,0.56989505462908951,0.044235704573112405,-0.57304038203685248,-0.57348152757348936,-0.3504492182014427,0.57166201868257116,0.041846302633492059,0.57485712125654298,-0.57529196816355266,-0.026533826523891572,0.0028020481185671436,0.01284228843130119,-0.0088693454104562443,-0.14115891709994816,-0.0011156959901493322,0.065320270269816877,0.024306874953870891,-0.095279326268387879,-0.025415194324734623,-0.025578058070630273,0.096914269791726029,0.020252946635961125,-0.28615687523122779,0.016396956977794874,-0.017386624208360162,0.058037499595233633,3.1562471157079313,-0.0025801086580629685,-0.039010416926690189,3.2442403985724177,-0.0014867361066197183
hold,0,51,4,0.52000000000000035,0,0,0,0,0,0,0,31.493737999703576,32.273899050497313,0.00043822798522036299,0.0044006699396336654,0.0003048307374721186,0.00018235374742862602,-0.14347972599740161,-0.095248970437926808,0.0098807408129619745,0.3796544265092533,-1.3278443287844517,-0.019790502464152177,-0.0034273090090797941,-2.8599198569006566e-05,0.34973901611677471,0.99993473170431957,0.00026472778364266056,-0.011383945004423216,0.00093169026272591502,-0.33560374044410379,0.56993367037114073,0.044135037979217438,-0.57308182585219913,-0.57352298028904636,-0.35025552592143189,0.57168970876418856,0.041365461148514908,0.57488014784592345,-0.5753164525702158,-0.026914151857717738,0.0025828926598122606,0.013064299017912694,-0.0081160585678924178,-0.14381604215984345,-0.0011708308854223935,0.063962950938493648,0.019307871025634474,-0.050333296947482467,-0.020721907673347233,-0.020726357778506517,0.096846140005402412,0.013845040808686487,-0.24042074248857739,0.011513294690259473,-0.012242203331541888,0.058037499595233633,3.1562471157079313,-0.0025801086580629685,-0.039010416926690189,3.2442403985724177,-0.0014867361066197183
hold,0,52,0,0.52200000000000035,0,0,0,0,0,0,0,31.327173666373483,32.144633517474162,0.0004377079036346973,0.0050641425286893698,0.00031874659722693822,0.00018226888725191281,-0.18546486397698964,-0.096507192436700764,-0.021423477773046429,0.35970284374862566,1.6295521226280982,-0.12218715781444069,-0.0034816636289652951,-2.390548290630067e-05,0.34976455693470881,0.99993312498242604,0.00025747918596197029,-0.011524500642933609,0.00093013562350608586,-0.33549190948110708,0.56996306140798192,0.0441275778210546,-0.57311439784377727,-0.57355526625742503,-0.35007511874710523,0.57170634674985255,0.040976102839248213,0.57489455649523036,-0.57533183539603505,-0.027177309942750378,0.0023468578313529469,0.012770408967044046,-0.0073963515047239439,-0.14055841408956693,-0.0014333141687494083,0.055915481498345812,0.014695518420569464,-0.0037300790814189105,-0.016285995789051565,-0.016142984189359732,0.090203587163323301,0.0083189928319651538,-0.19467915463334617,0.0072043246534736613,-0.0076914129096079947,0.047940974031991941,3.1399671718481588,-0.0014790751377067623,-0.060196133257890354,3.220850130327352,-0.0015235775655919504
hold,0,52,1,0.52400000000000035,0,0,0,0,0,0,0,31.249443831029488,32.09915012762788,0.00043621494652239245,0.0055633053898732111,0.00032471120660280072,0.00018225262710397177,-0.18606317102547998,-0.097396756008838473,-0.020632522186676994,0.35044111239812437,1.636355984840834,-0.12179948772225935,-0.0035365456065156722,-1.9686075899573906e-05,0.34978951123551738,0.99993153666986079,0.00025093165518052331,-0.011661784281007934,0.00092832846378427408,-0.33539688847146898,0.56998469096391557,0.044210354461021256,-0.57313943272936396,-0.57357976589802229,-0.34990915797804251,0.57171425324388103,0.040673463203801101,0.57490214562776665,-0.57533997630333067,-0.027440988775188569,0.0021097035033633828,0.012477150404284329,-0.0066952029945427441,-0.13728713738453296,-0.0016947568251350006,0.047510504819055888,0.010814777966838357,0.041388319983326469,-0.01251744279336031,-0.012249820298643252,0.082980384531366622,0.0039532470142590072,-0.15131981772355596,0.0037945662681418768,-0.0040704536478072297,0.047940974031991941,3.1399671718481588,-0.0014790751377067623,-0.060196133257890354,3.220850130327352,-0.0015235775655919504
hold,0,52,2,0.52600000000000036,0,0,0,0,0,0,0,31.183085792938712,32.060882830334393,0.00043395279123024932,0.0060342208872210179,0.00032394156958525234,0.00018228622929354141,-0.1868828613170716,-0.098596817823277352,-0.019982625569200607,0.34478427239378162,1.6422570815861992,-0.12101050435761602,-0.0035919569997132825,-1.5944822779344759e-05,0.34981387999287378,0.99992996826727176,0.00024507386763929169,-0.011795784116594548,0.00092627041687315924,-0.33531926962127501,0.56999978078787039,0.044380873971499347,-0.57315805158257815,-0.57359764139544012,-0.3497586320465576,0.57171542309366241,0.04045347281232,0.57490448174801645,-0.57534249870724086,-0.027705696598805115,0.0018706265601145728,0.012184378678205359,-0.0060053893143798857,-0.13400403076444409,-0.0019545129682587187,0.038809425096993436,0.0075449119774006149,0.085259755239046137,-0.0093094266070781959,-0.0089377487089402612,0.075262965742459387,0.00058492489066838725,-0.1099951957405513,0.0011680601248778098,-0.0012612019550850674,0.047940974031991941,3.1399671718481588,-0.0014790751377067623,-0.060196133257890354,3.220850130327352,-0.0015235775655919504
hold,0,52,3,0.52800000000000036,0,0,0,0,0,0,0,31.126640361458211,32.028836017061657,0.0004310924561874846,0.0064829457843596835,0.00031771307357109481,0.00018235508492166471,-0.1879135587624349,-0.10007558074379759,-0.019455392322560883,0.34208224771628054,1.647287899044835,-0.11996404671451227,-0.0036479008375198815,-1.2687004574718529e-05,0.34983766395424781,0.99992842122482417,0.00023990041372930047,-0.011926490093531047,0.00092396356490504232,-0.33525954262007635,0.57000934443226503,0.044637060815978291,-0.5731711902448533,-0.5736098652536461,-0.34962438025204562,0.57171156581349247,0.040312655956982787,0.57490292452848268,-0.57534081461733833,-0.027971918903299559,0.0016289091023131154,0.011891980687016329,-0.0053209926871046016,-0.13071084565394089,-0.0022121998771843423,0.029863500599319109,0.0047818221973429421,0.12809342223947259,-0.0065693311376009526,-0.0061119291030102239,0.067125897255981753,-0.0019286400849966873,-0.070408427668605195,-0.0007786097668661836,0.00084204495127401541,0.047940974031991941,3.1399671718481588,-0.0014790751377067623,-0.060196133257890354,3.220850130327352,-0.0015235775655919504
hold,0,52,4,0.53000000000000036,0,0,0,0,0,0,0,31.078818944786736,32.002127354016096,0.0004284370516170477,0.0069145113853232229,0.00030702449283149212,0.00018244789326202313,-0.18914595693064665,-0.10180528140505538,-0.019034668597839755,0.34181096609574674,1.65147768331775,-0.11877571133704128,-0.0037043810790603074,-9.9191919998106234e-06,0.34986086369609759,0.99992689694208803,0.00023541074729062971,-0.012053893842078146,0.00092141021766807703,-0.33521811232446552,0.57001421649974104,0.044977210119518739,-0.57317962445630921,-0.57361724562918448,-0.34950711384874306,0.57170414155564186,0.040248048116489646,0.57489864982421335,-0.57533614756650453,-0.028240120770212884,0.0013839062874539533,0.011599870924892406,-0.0046371483025711719,-0.12740927309192185,-0.0024676459221830826,0.020715147805418978,0.0024360337380042465,0.1700746517702254,-0.0042171057279720234,-0.0036901877692150776,0.058633201651287964,-0.0037121289253145536,-0.032303920246570555,-0.002137352134670895,0.0023335254169097037,0.047940974031991941,3.1399671718481588,-0.0014790751377067623,-0.060196133257890354,3.220850130327352,-0.0015235775655919504
hold,0,53,0,0.53200000000000036,0,0,0,0,0,0,0,31.034537919814625,31.976888196397955,0.00042675380573708316,0.0073373615186619421,0.00029265578865871186,0.00018255599637304537,-0.19310080587226891,-0.10368722757208398,-0.020193579662493022,0.3431579247639977,1.838238858022226,-0.10937060284968676,-0.0037613876589861588,-7.6462671278142509e-06,0.34988341754975,0.99992540121946316,0.0002316080934851349,-0.012177621876177467,0.0009186289925472705,-0.3351960284796846,0.57001503806663101,0.045400117583193525,-0.57318395350558571,-0.57362040945261239,-0.34940823115612774,0.5716943497073651,0.040257564876856132,0.57489262334844182,-0.57532950482521772,-0.028503289962925591,0.0011364624359981863,0.011276926826196243,-0.0039495525879739346,-0.12373416972583465,-0.0027046799432901185,0.011041922390452475,0.0004107834449545841,0.21145373183739347,-0.0021645246382650525,-0.0015819117139714003,0.04944134630764789,-0.0048959241384011476,0.004758380183243982,-0.0030132378857859938,0.0033213706433956559,0.046531579710646476,3.1385843523977046,-0.0014779522764548788,-0.060729421875803477,3.2200830973542005,-0.0015224554747144477
hold,0,53,1,0.53400000000000036,0,0,0,0,0,0,0,31.000655281250335,31.95858857712166,0.00042443742985397159,0.0077468723496668199,0.00027520997335148513,0.00018267253250035492,-0.19471178629046293,-0.10586585111578464,-0.019945652149164772,0.3466125950394211,1.8408015019041788,-0.10844415196540662,-0.0038189262495324371,-5.8771834764224492e-06,0.34990532591099233,0.99992393548716407,0.00022849935035949525,-0.012297669088742793,0.00091562158724334361,-0.33519357088187279,0.57001236002045153,0.045904704087472034,-0.57318469669716499,-0.57361990087808579,-0.34932824034194604,0.57168324552476579,0.040339067382430809,0.57488571699490798,-0.57532179715321718,-0.028769295273139178,0.00088454182569590073,0.010954180621172187,-0.0032550736441163885,-0.12005394736998813,-0.0029401734937209113,0.0012287989059006268,-0.0013390230897220882,0.25229325213925508,-0.00037159578963207821,0.00025428726329564696,0.039995407090861058,-0.005552091299668686,0.04075125278733982,-0.0034531767669419939,0.0038538360002486126,0.046531579710646476,3.1385843523977046,-0.0014779522764548788,-0.060729421875803477,3.2200830973542005,-0.0015224554747144477
hold,0,53,2,0.53600000000000037,0,0,0,0,0,0,0,30.972350004210078,31.943550814084865,0.00042163977693347732,0.0081499306096920882,0.00025516115714010817,0.00018279268608727679,-0.19650247848720157,-0.10823589362721393,-0.0197669375513847,0.35147352752549504,1.8425702660491579,-0.10758531423113239,-0.0038770033621230693,-4.6218720164773732e-06,0.34992658913723845,0.99992250111554959,0.00022609422551940971,-0.012414031962753367,0.00091238952832172642,-0.33521097474404016,0.5700066221307073,0.046490159328125287,-0.57318227235149655,-0.57361615959579493,-0.34926757180257595,0.57167172108601483,0.040490758698309044,0.57487867694669648,-0.57531380523286946,-0.029038556295316067,0.00062765572997253811,0.010631613123060967,-0.0025509052987097566,-0.1163701989548256,-0.003174333471670942,-0.008701931083687893,-0.0028689448721244391,0.29272762032662608,0.001212172834202341,0.0018706411454103352,0.030334269685050201,-0.0057622193754706197,0.07584565793911939,-0.0035200241057438933,0.0039959601738430569,0.046531579710646476,3.1385843523977046,-0.0014779522764548788,-0.060729421875803477,3.2200830973542005,-0.0015224554747144477
hold,0,53,3,0.53800000000000037,0,0,0,0,0,0,0,30.948828190088935,31.931240693850949,0.00041848707418885162,0.0085490386946633773,0.00023287157977931684,0.00018291294613106482,-0.19846704002549476,-0.11078427454544051,-0.019647905548643152,0.35752855493153962,1.843563839716764,-0.10684261939870675,-0.0039356263217508406,-3.8911750305018318e-06,0.34994720757964165,0.99992109941466834,0.00022440481059789161,-0.012526708533437004,0.00090893407846413831,-0.33524844075005289,0.56999817027700184,0.047155917695258225,-0.57317701298094226,-0.57360953630166922,-0.34922659129475592,0.57166052806683543,0.040711145125439892,0.57487213994180486,-0.57530619617662104,-0.029311479813885568,0.00036534849298777076,0.010309221201592601,-0.0018346680693151632,-0.11268447922617879,-0.0034074552012756994,-0.018733003006360729,-0.0042259268527423469,0.33287918356646723,0.0026296852771421882,0.0033116470628366599,0.020490253910019244,-0.0055965095896732073,0.11019321356542473,-0.0032685024457860816,0.0038045281242217624,0.046531579710646476,3.1385843523977046,-0.0014779522764548788,-0.060729421875803477,3.2200830973542005,-0.0015224554747144477
hold,0,53,4,0.54000000000000037,0,0,0,0,0,0,0,30.929388510898029,31.921190285036168,0.00041508346167914989,0.0089463265464587542,0.00020861835708200691,0.00018303082406906265,-0.20060037226894467,-0.11350084779629165,-0.019580258959791763,0.36461096019743822,1.8437986336782324,-0.10625514630851039,-0.0039948032446185952,-3.6967949235572281e-06,0.34996718161100526,0.99991973163378522,0.00022344524681432789,-0.01263569835509654,0.00090525616173511121,-0.33530614373509532,0.569987271457566,0.047901637731060265,-0.57316917859391192,-0.5736003062927959,-0.34920561154080204,0.57165029797818878,0.040999003726165127,0.57486664804603738,-0.57529953857001725,-0.02958846143387751,9.7190053472301873e-05,0.0099870156818053571,-0.001104317892985711,-0.10899830946934715,-0.0036399053076815089,-0.028851492521208534,-0.0054494097179245042,0.3728600179010203,0.0039171935151804662,0.0046150044366711695,0.01048987697693793,-0.005115044323332635,0.14392930036261797,-0.0027459478837303722,0.0033288033018808029,0.046531579710646476,3.1385843523977046,-0.0014779522764548788,-0.060729421875803477,3.2200830973542005,-0.0015224554747144477
hold,0,54,0,0.54200000000000037,0,0,0,0,0,0,0,31.008978853747667,32.024249203535675,0.0004115141072675646,0.0090350383068583048,0.0001826113654846348,0.00018314462693562485,-0.14663204917686981,-0.1132493344573815,0.024047337212641295,0.37421730602344799,-2.1040053814617323,0.085465217041433103,-0.004054858397563867,-3.9803911636099284e-06,0.34998789453419354,0.9999182979991138,0.0002232324050723075,-0.012748896331717701,0.00090174063374130352,-0.33536689492290139,0.56997546625894357,0.048714841385592331,-0.57316041096496595,-0.57359016570387589,-0.34918951824912076,0.57164274043396601,0.041347813624646658,0.57486381435254641,-0.57529549141877956,-0.030027576472636024,-0.00014179812002634997,0.010356461594142543,-0.00035939863659783372,-0.11320759847354135,-0.0034859650550779536,-0.030375593903050523,-0.0059025993112114756,0.40660182726603183,0.0043838144730109808,0.0050702944600031002,0.0080466458406430099,-0.0037787721113834807,0.17440494924076511,-0.0014168467454641533,0.0020235756188662904,0.057180931377363062,3.1581363410935892,-0.0024593036568333906,-0.02949422244247529,3.2535830868909539,-0.0026863858742902074
hold,0,54,1,0.54400000000000037,0,0,0,0,0,0,0,31.018429266888212,31.846755665296616,0.0004078654855333777,0.0070440842330513447,0.00015453484666690711,0.00018325391198097796,-0.13801584807020839,0.02349925007856201,0.030471608829559571,-0.13119638784461857,-2.0688743388406645,-0.60433026645788346,-0.0041157525960971294,-4.336962053513609e-06,0.35000936084733586,0.99991679945200318,0.00022273804902900153,-0.012866231581357754,0.00089702080095459507,-0.33541445360269484,0.56997761225280885,0.049398498058141789,-0.57316320250824349,-0.57359216841540961,-0.3491746616486342,0.57163533503383623,0.041756976314572113,0.5748612478974543,-0.57529167307580853,-0.03044709926663142,-0.00017828544495184032,0.010733156571146468,-0.00065995975194094625,-0.11734537604558125,-0.004685600352951666,-0.023779339896731526,0.0010729969326372076,0.34182833627472953,-0.0013957716387409443,-0.0010013557668336831,0.0074283002432857055,-0.0037027000648627122,0.20458134496272792,-0.0012832275460557907,0.0019091714855100981,0.057180931377363062,3.1581363410935892,-0.0024593036568333906,-0.02949422244247529,3.2535830868909539,-0.0026863858742902074
hold,0,54,2,0.54600000000000037,0,0,0,0,0,0,0,31.008349473991721,31.913194544506865,0.0004041364467149422,0.0072857975120763849,0.00013572295812500857,0.00018336555238047277,-0.14076199869028966,0.023190949793688072,0.030122028973035953,-0.119693544277105,-2.0702727446164433,-0.58584551160512155,-0.0041774974702729279,-4.763599269088832e-06,0.35003157938845625,0.99991523444410291,0.00022198553349325867,-0.012987706893196499,0.00089113336416432663,-0.33544773781906079,0.56999162412873305,0.049957242652714964,-0.57317599225264027,-0.57360466630942997,-0.34916128277165642,0.57162843521960249,0.042225853616463131,0.57485922110910714,-0.57528837092441631,-0.030872437087899263,-0.00021331860778761165,0.011109270560186582,-0.00093681934822737389,-0.12148597741394232,-0.005848803908966577,-0.01664210818298599,0.0070059379621176202,0.27937229728658786,-0.0063948721984100456,-0.006248947010157482,0.0066894384888932451,-0.0034499071168854014,0.2344386509455102,-0.0010133941736011286,0.0016510756961327978,0.057180931377363062,3.1581363410935892,-0.0024593036568333906,-0.02949422244247529,3.2535830868909539,-0.0026863858742902074
hold,0,54,3,0.54800000000000038,0,0,0,0,0,0,0,31.000284218760196,31.970377617444136,0.00040184698814747788,0.0075257257400665068,0.00012202070471769184,0.00018347717615390858,-0.14345707772902039,0.022593811820752183,0.029835368600137357,-0.1091656461846358,-2.0712528147214968,-0.56724601836158595,-0.0042401044055641289,-5.258382375282436e-06,0.35005454911144868,0.99991360138204699,0.00022099627605917817,-0.01311332421674335,0.00088411527314103018,-0.33546580624563338,0.57001570806264601,0.050394856492241846,-0.57319741712159489,-0.57362621915145062,-0.34914960003871248,0.57162232881362462,0.042753972170466066,0.574857959127826,-0.57528582264008088,-0.031303467645600581,-0.0002473915530968021,0.011484861496201705,-0.0011919017634075943,-0.12562856194179164,-0.0069753074590526171,-0.0090342132862880984,0.012041966956466029,0.21880691976344127,-0.010712434477300161,-0.010776421010317212,0.0058413664719754472,-0.0030532029889487207,0.26405927700146598,-0.00063099064059312195,0.0012741421677404904,0.057180931377363062,3.1581363410935892,-0.0024593036568333906,-0.02949422244247529,3.2535830868909539,-0.0026863858742902074
hold,0,54,4,0.55000000000000038,0,0,0,0,0,0,0,30.993876055726314,32.01932997705272,0.00040364123525154366,0.0077652079492623507,0.00011236883334606683,0.00018358701413422231,-0.14610271451919157,0.021736460110579746,0.029606500871786068,-0.099341868866122174,-2.0718193289366815,-0.54860772875188091,-0.0043035845497396072,-5.8203247326504005e-06,0.35007826906716649,0.99991189862824725,0.00021979029709237309,-0.01324308467187859,0.00087600356821358749,-0.33546783742095887,0.57004832994134746,0.05071436417588826,-0.57322629470436071,-0.5736555765447896,-0.349139815844416,0.57161724998259134,0.043341008878607,0.57485764867487699,-0.57528422529506462,-0.031740072087739109,-0.00028097117868398219,0.01185997785891052,-0.001426593090559296,-0.12977229957174541,-0.0080650077088790777,-0.0010155876627522369,0.016310939350701499,0.15975384182320676,-0.014438791382921475,-0.014678696669474859,0.0048920971482304156,-0.0025394155166626881,0.29351835407046767,-0.00015522647452021599,0.00079867250814761952,0.057180931377363062,3.1581363410935892,-0.0024593036568333906,-0.02949422244247529,3.2535830868909539,-0.0026863858742902074
hold,0,55,0,0.55200000000000038,0,0,0,0,0,0,0,30.989295444297603,32.060871861520937,0.00040609527793632888,0.008007901695316115,0.00010590821174560422,0.00018369378460507006,-0.14813426767811991,0.020567283887506397,0.029515958712151402,-0.089426250731380358,-2.1130035274126602,-0.5196169125135548,-0.0043679521910157974,-6.4465334235390643e-06,0.3501027512808535,0.99991012338584029,0.00021838801312020693,-0.013377070600776328,0.00086685600321794636,-0.3354528832592808,0.5700881916209749,0.050917861332113887,-0.57326161472575887,-0.57369166933757954,-0.3491320044407083,0.5716133939234973,0.043986879856467841,0.5748584464238139,-0.57528374371531921,-0.032183820638095183,-0.00031310434544433192,0.012241106843510808,-0.0016402843824842889,-0.1339984167822913,-0.009097184618791547,0.0074770808390367711,0.019930839813712516,0.10174857811281326,-0.017660010699106939,-0.018046396394983424,0.0039057018538544938,-0.0019280295469881847,0.32293548893042118,0.00039887446846418169,0.00024078987268854419,0.05684341882570234,3.1580243354565534,-0.0024589830463427028,-0.028722443142740868,3.2540200209806045,-0.0026860657213551636
hold,0,55,1,0.55400000000000038,0,0,0,0,0,0,0,30.985324126961771,32.096090295281755,0.00040903893040059036,0.0082505581168065695,0.00010188465249157916,0.00018379640965866066,-0.15068591724485972,0.019258830484806245,0.029389069870486395,-0.080444769277986022,-2.1127524343582409,-0.50143905129888022,-0.004433218031626808,-7.137855356783105e-06,0.35012799494147129,0.99990827389865633,0.00021680777175071502,-0.01351528148380203,0.0008567087092737223,-0.33542030881698537,0.57013419457056758,0.051007081836878895,-0.57330250706664609,-0.57373357531523284,-0.34912635083158428,0.57161091649710449,0.04469152612785636,0.57486048469978857,-0.57528451692527938,-0.032632920305505207,-0.0003456609666220204,0.012621830308900057,-0.0018352454439524201,-0.13822404846835146,-0.010093456132549382,0.016287221147708666,0.023001474796356412,0.044610252382504656,-0.020446170443586723,-0.02095298882662806,0.0028268045619987778,-0.0012387131963776958,0.35232313569425938,0.0010191379873164077,-0.00038660498007454379,0.05684341882570234,3.1580243354565534,-0.0024589830463427028,-0.028722443142740868,3.2540200209806045,-0.0026860657213551636
hold,0,55,2,0.55600000000000038,0,0,0,0,0,0,0,30.982206041563629,32.125640168848342,0.000412327968484269,0.0084956160577697622,9.9778656206497634e-05,0.00018389435905631811,-0.15319298331138237,0.017756094903206152,0.029306891870504614,-0.071661499699642639,-2.1120976978971084,-0.48338817038501791,-0.0044993925566154443,-7.8959279786744056e-06,0.3501539992856369,0.99990634836697989,0.00021506753128926136,-0.013657715992368126,0.00084559756376007033,-0.33536954845062067,0.57018542154428165,0.050983199550225872,-0.5733482361752239,-0.57378051378631334,-0.34912303829943131,0.5716099462890688,0.045455006919408202,0.57486387686518459,-0.57528666344303814,-0.033087262494318342,-0.00037903631094565033,0.013002172082814574,-0.0020118585158090362,-0.14244838629482723,-0.0110540760013433,0.025380183182343485,0.025613486857014315,-0.011941143326512541,-0.022864554288928359,-0.023469235540227749,0.0016562660764834227,-0.00048510401787090819,0.38174039577592234,0.0016960826980185586,-0.0010732588793742085,0.05684341882570234,3.1580243354565534,-0.0024589830463427028,-0.028722443142740868,3.2540200209806045,-0.0026860657213551636
hold,0,55,3,0.55800000000000038,0,0,0,0,0,0,0,30.979746197567174,32.150211907765865,0.00041584107330096265,0.0087437535039355183,9.9127886938333285e-05,0.00018398734272280707,-0.15565687704515316,0.016075366555424509,0.029265888741864643,-0.062977541267608655,-2.1110438258591082,-0.46551082608153477,-0.0045664860397896306,-8.7231421335803851e-06,0.350180763584932,0.99990434494844138,0.00021318505741286137,-0.013804371998098731,0.00083355809452299488,-0.33530009246051762,0.57024111568202962,0.050846871315444617,-0.57339818787994523,-0.57383183172547514,-0.34912225170635991,0.57161059090008604,0.046277491816806973,0.57486872203881634,-0.57529028619081335,-0.033546741587093337,-0.00041360707745299001,0.013382149647537891,-0.0021703103298985316,-0.14667063129068575,-0.011979396439863793,0.034727995051519071,0.027847068873990504,-0.06816411739062718,-0.024975852360657417,-0.025658969580904009,0.00039329653570658327,0.00032230550863163101,0.41124244869938431,0.002422586815848061,-0.0018113738876175582,0.05684341882570234,3.1580243354565534,-0.0024589830463427028,-0.028722443142740868,3.2540200209806045,-0.0026860657213551636
hold,0,55,4,0.56000000000000039,0,0,0,0,0,0,0,30.977778437545979,32.170422355950478,0.00041947703663874902,0.008995548330784281,9.9554221411577294e-05,0.0001840752585854771,-0.15807880084460896,0.014230655745606483,0.029262942055575891,-0.054315765322155513,-2.1095947351104671,-0.44784663208619502,-0.0046345085487584804,-9.622608951679638e-06,0.35020828713469609,0.99990226175894048,0.00021117807643106394,-0.013955246580764614,0.00082062539845719612,-0.33521147518893507,0.57030066193694973,0.050598271648979593,-0.57345185736440996,-0.57388699112258224,-0.34912418025763348,0.57161294227908266,0.047159254010463017,0.57487510910937467,-0.57529547668479808,-0.034011254484424915,-0.00044973340904962621,0.0137617748820441,-0.0023106353849581943,-0.15088999257189578,-0.012869853259188409,0.044308635791263942,0.029773127460071699,-0.12429983323251068,-0.026834742232356198,-0.027579698553529462,-0.00096427563678267228,0.0011756894983386908,0.44088109682802129,0.0031935352791740462,-0.0025952469923392844,0.05684341882570234,3.1580243354565534,-0.0024589830463427028,-0.028722443142740868,3.2540200209806045,-0.0026860657213551636
hold,0,56,0,0.56200000000000039,0,0,0,0,0,0,0,30.834482408111725,32.153374464760802,0.00042315223061193535,0.004477782646847079,0.00010074769331629759,0.00018415814994194847,-0.15641882725513262,0.15299468535754018,0.029702185327698416,-0.55916782988764513,-1.6070423053001346,0.065094407702948859,-0.0047033850590223565,-9.8128471778603447e-06,0.35023641753114615,0.9999001104179942,0.00020805204373762604,-0.014109333660564894,0.00080783914504708662,-0.33510644946943841,0.57036659967626369,0.050240848863342194,-0.57351245110936233,-0.57394913878744869,-0.34911012660287533,0.57162456915868431,0.047909715949505209,0.57488795872814524,-0.57530771528405134,-0.034438255131938128,-9.5119113090353551e-05,0.014065198225023503,-0.003430155948573866,-0.15410217758246261,-0.012707073939659013,0.052512859748338844,0.032968869656993353,-0.17871139281869972,-0.030296872476200883,-0.031073832433213308,0.0070268273790684149,0.0058134398008247625,0.37523096952109747,0.0064248093853121538,-0.0061192996266041487,0.060575616962070193,3.1590039316574412,-0.0040248614136484881,-0.037410635310028535,3.2460917409301433,-0.0014457460169672565
hold,0,56,1,0.56400000000000039,0,0,0,0,0,0,0,30.883748323159587,32.472002341637101,0.00042791865147183417,0.0051438969182803825,0.00010345878744366665,0.0001841617326331015,-0.17175601248176767,0.032893748523232055,0.021644876987597428,-0.081269288444446586,-1.6469602287247171,0.79925891108937752,-0.0047731831882013055,-9.6155360298859344e-06,0.35026513476143722,0.99989788693201653,0.0002047833765550408,-0.01426671352235259,0.00079665420830332093,-0.33500125981289192,0.57041943226795844,0.049993809044410163,-0.57356309716789244,-0.57400081073545839,-0.34908280637253108,0.57164604275934738,0.048533461477737981,0.57490821281631421,-0.57532786566264205,-0.034899064589474366,9.865557398720554e-05,0.014358615145544026,-0.0035528277082186761,-0.15739520022971271,-0.011103161394400908,0.052594828273247761,0.026416295847353045,-0.12351990946601488,-0.025323029265084011,-0.025835974004834249,0.013660115172120523,0.010736800331519698,0.31187276411638576,0.01012704408446095,-0.010075189295355327,0.060575616962070193,3.1590039316574412,-0.0040248614136484881,-0.037410635310028535,3.2460917409301433,-0.0014457460169672565
hold,0,56,2,0.56600000000000039,0,0,0,0,0,0,0,30.941081966679317,32.387659972717373,0.00043185138088940034,0.0057584508059043346,0.00011553360285347755,0.00018409599015234068,-0.17384256398709397,0.028977088499056624,0.021914714871329011,-0.068866135132299236,-1.6437486812639019,0.77848154010165527,-0.0048439112855131108,-9.054448940731048e-06,0.35029443871272703,0.99989558991861782,0.00020139657956005406,-0.014427379753521114,0.0007870286932963801,-0.33489722795670179,0.57046164747046757,0.04985171549116206,-0.57360559908704623,-0.57404387742912111,-0.3490413844046793,0.57167569516235894,0.049034474341211338,0.57493476448483904,-0.57535473931803782,-0.035364048655902668,0.00028054354457744321,0.014651975644906943,-0.0036513006786723992,-0.16068186961246597,-0.0095414819961031159,0.052015928095055883,0.021107601254556293,-0.071046776624050234,-0.021250959576863734,-0.021533346831367213,0.020710983925904029,0.014826201505774919,0.25050643173667986,0.013275834262432592,-0.013436827697908792,0.060575616962070193,3.1590039316574412,-0.0040248614136484881,-0.037410635310028535,3.2460917409301433,-0.0014457460169672565
hold,0,56,3,0.56800000000000039,0,0,0,0,0,0,0,30.989808429232269,32.315485613965038,0.00043395452476697322,0.006307639952518625,0.00012669050268431881,0.00018397974973372155,-0.17594990656165729,0.025222792339274526,0.022164100218697413,-0.057214909864312671,-1.6404011396904108,0.75635323515604924,-0.0049155777754402354,-8.1530217243039215e-06,0.35032432914387251,0.99989321796470343,0.00019791460150842655,-0.014591325667056686,0.00077891801738803174,-0.33479548590031055,0.57049537232542669,0.049809970931133915,-0.57364151967431332,-0.57407996373699066,-0.34898514176559919,0.57171211873135808,0.049415955808069859,0.57496666634355897,-0.57538731710171209,-0.035833244963562542,0.00045071360821356354,0.014945215572745236,-0.0037271827508477779,-0.16396191079181038,-0.008024708346423888,0.050871028195621608,0.016862427479567711,-0.020872280014072146,-0.017960293633566427,-0.01804315393477722,0.028121319540061085,0.018211784499573204,0.1907407334292604,0.015950929359958298,-0.016288891837143792,0.060575616962070193,3.1590039316574412,-0.0040248614136484881,-0.037410635310028535,3.2460917409301433,-0.0014457460169672565
hold,0,56,4,0.5700000000000004,0,0,0,0,0,0,0,31.03095826807542,32.253933033239306,0.00043455644543881344,0.006804720179232452,0.00013689925146669806,0.00018382821465927582,-0.17807537250786837,0.021604378095641457,0.02239728524156348,-0.046164905782171375,-1.6369093488805562,0.73322579051837822,-0.0049881911457272891,-6.9343712893673188e-06,0.35035480570012301,0.99989076962710621,0.0001943591453216907,-0.01475854428518477,0.00077227560993629255,-0.33469700248959761,0.5705224181805939,0.049864692061423327,-0.57367220715812539,-0.57411047486413891,-0.34891345751136854,0.57175413652146567,0.049680411130563353,0.57500311667811355,-0.57542473455039522,-0.036306685143526876,0.00060932521746830158,0.015238278125234792,-0.0037817631086360746,-0.16723503267658776,-0.0065548173130140948,0.049241705356479072,0.01352292758360437,0.027360565144706965,-0.015343741906045628,-0.015255563574135992,0.035842127115335472,0.021008895053783991,0.13222766124674806,0.018225167277290476,-0.018708724341555346,0.060575616962070193,3.1590039316574412,-0.0040248614136484881,-0.037410635310028535,3.2460917409301433,-0.0014457460169672565
hold,0,57,0,0.5720000000000004,0,0,0,0,0,0,0,31.062274938849868,32.196654884755716,0.000433936586832738,0.0072782537038299277,0.00014614933301667894,0.00018365351466841949,-0.18179083812409283,0.01780418996211475,0.020847964492245907,-0.035389015789406536,-1.5181579245923869,0.67931068079780166,-0.0050617503142985232,-5.4317134291432421e-06,0.35038582567272814,0.99988824691632228,0.00019075061950274934,-0.01492879814656568,0.00076699328789819649,-0.33460321593585629,0.57054426156311178,0.050013317924385008,-0.57369874659717679,-0.57413654562483307,-0.34882610047445495,0.57180073329400183,0.049829427902885075,0.57504341148792559,-0.57546623368547623,-0.036779584285616937,0.0007513289301120385,0.015509986302564813,-0.0038170836532491806,-0.17027073674201884,-0.0051934498621228099,0.046893276870663622,0.010921691258929129,0.074312931480840588,-0.013269719525719478,-0.013035380347102754,0.043678518456796628,0.023298386268063152,0.074508386160862583,0.020147404906000574,-0.020749567540491527,0.06156921992369048,3.1591007612085926,-0.0040237972011106264,-0.039624144169718184,3.2441002710139992,-0.0014446800155609324
hold,0,57,1,0.5740000000000004,0,0,0,0,0,0,0,31.090909515034653,32.152391737818448,0.0004323304080559795,0.0077068281656166486,0.00015453217715736981,0.00018346558958484032,-0.1839444739646833,0.014383922524673303,0.021059079279345028,-0.025125889842712121,-1.5143696986839605,0.65602614597857789,-0.0051362638257533176,-3.6673130181556999e-06,0.35041738853561433,0.9998856484487092,0.00018710910602519126,-0.015102079677728987,0.00076302417656796539,-0.33451483264936804,0.57056219825540877,0.050253097472300334,-0.57372213028848063,-0.57415921547467685,-0.34872260192849425,0.57185111771772479,0.049864317392299184,0.57508700092788179,-0.57551121743470646,-0.037256755727396999,0.00088220020549377106,0.015781431443109464,-0.0038327707202836197,-0.17329892337868594,-0.0038792578029466732,0.044191643244128657,0.0089683461485013591,0.11988977395766315,-0.01169184565190929,-0.011334924921902991,0.051749272980344194,0.025192211861478738,0.017444744707055905,0.021794719978119652,-0.022491874615108577,0.06156921992369048,3.1591007612085926,-0.0040237972011106264,-0.039624144169718184,3.2441002710139992,-0.0014446800155609324
hold,0,57,2,0.5760000000000004,0,0,0,0,0,0,0,31.114455742149936,32.115099471149634,0.00042993766763602809,0.0081101313304829132,0.00016196829821114465,0.00018327172126489063,-0.18610985903226934,0.011035615239400698,0.021263453717804026,-0.015140980512757937,-1.5104320459793341,0.63241373261329092,-0.0052117402594492792,-1.6632102577850562e-06,0.35044949368648731,0.99988297281773464,0.00018345410464677356,-0.015278381004611038,0.00076032074702342932,-0.33443245869261301,0.5705773148971518,0.050581741888975129,-0.57374320056228367,-0.57417936889169885,-0.34860254700322524,0.57190465765058496,0.049785869220017258,0.57513344446732151,-0.57555920475408795,-0.037738216847980767,0.0010020513801853219,0.016052575436505227,-0.003829432391432761,-0.17631929204007499,-0.0026128931398975734,0.041186978377522852,0.0075583208715250989,0.16432220833739747,-0.01053513690154304,-0.010076708510979651,0.060027462634505126,0.026769966430079093,-0.039224086140961865,0.023221769719888423,-0.023993659690765175,0.06156921992369048,3.1591007612085926,-0.0040237972011106264,-0.039624144169718184,3.2441002710139992,-0.0014446800155609324
hold,0,57,3,0.5780000000000004,0,0,0,0,0,0,0,31.133563138770256,32.083821850571461,0.0004269258132756637,0.0084941278286664902,0.00016847600162949372,0.00018307742644321673,-0.1882848632819614,0.0077416603040933929,0.021463758574659764,-0.0053540530044049253,-1.5063385336603514,0.60863014387342929,-0.0052881882197970635,5.5874583639271717e-07,0.35048214045569354,0.9998802185949992,0.00017980469754600516,-0.015457693939794495,0.00075883512724093667,-0.3343566160348394,0.57059051698880814,0.050997368195865825,-0.57376266797918996,-0.57419775380283777,-0.3484655632146032,0.57196086151035697,0.049594389122048013,0.57518240052389047,-0.57560981957759438,-0.038223980173892218,0.0011109780470888867,0.016323384603119027,-0.0038075079777856987,-0.1793315295450473,-0.0013946991132852561,0.037921328886810941,0.006601045828144538,0.20781315344534917,-0.0097337084531589103,-0.0091924555694355252,0.068491894311016474,0.028101929886026469,-0.095740048984622392,0.024478028284475942,-0.025307411753234126,0.06156921992369048,3.1591007612085926,-0.0040237972011106264,-0.039624144169718184,3.2441002710139992,-0.0014446800155609324
hold,0,57,4,0.5800000000000004,0,0,0,0,0,0,0,31.148805528928158,32.057709996585572,0.00042343428219254048,0.0088637384718956713,0.00017407738367163441,0.00018288677377108355,-0.19046735232498824,0.0044855586345252212,0.02166244834264397,0.0043059551174652218,-1.5020827337298777,0.58479993843338918,-0.0053656163265222399,2.9768597622707737e-06,0.35051532811421182,0.99987738433132756,0.00017617969484578594,-0.015640009969756116,0.00075851934910138444,-0.33428775690940443,0.57060255377811597,0.051498452309628975,-0.57378112790203872,-0.57421499842831647,-0.348311310280632,0.57201936186500535,0.049289729196724343,0.57523361706490483,-0.57566278078334754,-0.038714053362588041,0.0012090569629390282,0.016593829259138566,-0.0037672879088920868,-0.18233531008154474,-0.00022477411671919666,0.03442956271747951,0.006018394653929819,0.25054205688157427,-0.0092299614244047284,-0.008622312739373925,0.077126466985608447,0.029250177324182197,-0.15232996266183432,0.02560827050720187,-0.026480602876553842,0.06156921992369048,3.1591007612085926,-0.0040237972011106264,-0.039624144169718184,3.2441002710139992,-0.0014446800155609324
hold,0,58,0,0.58200000000000041,0,0,0,0,0,0,0,31.129970825235461,32.028150364979297,0.00041957829971029509,0.0091428550940014265,0.00017879629711183215,0.00018270265428824438,-0.2037308049169777,0.0043313219010877807,0.01258720498655741,0.0030782842321035835,-0.6794818408414498,0.63856186795268599,-0.0054439640356771617,5.6070433470345061e-06,0.35054876897027443,0.99987449433835673,0.00017257978522670738,-0.015823684051655393,0.00075948065535243485,-0.33422876838276033,0.57061386139707471,0.052080582505362419,-0.57379888036687299,-0.57423144199395848,-0.34814359412461393,0.57207944937713284,0.048877650074980482,0.5752864703568531,-0.57571742005041238,-0.0391738545774609,0.0013150917923818661,0.016720428031303289,-0.0037232445823208297,-0.18369386116757541,0.0010520427673806987,0.029494263322049873,0.0056538094793937271,0.29106509786672236,-0.0088762324171213786,-0.0082217828209869368,0.083858078009032486,0.030043756063754951,-0.20603956087193059,0.0264266459741524,-0.027319633532436455,0.053674440685564755,3.1506862790817083,-0.0024572834586562621,-0.040395153984261037,3.2412540993083621,-0.0031814809664277121
hold,0,58,1,0.58400000000000041,0,0,0,0,0,0,0,31.426898808066078,32.014660858707273,0.00041545493588970167,0.009552119218232645,0.00018254713198955039,0.00018252523304632402,-0.21818322401883766,-0.11959193097241623,0.0049848168454769137,0.42750739934652227,-0.71387484958345415,-0.098783095839082791,-0.0055232938523982937,7.6695210429792691e-06,0.3505824431818631,0.99987154774095288,0.00016983056632644726,-0.016008785848603244,0.00076023111155388819,-0.33418041503215495,0.570622185393031,0.052745879836236777,-0.57381297298844569,-0.57424416626465336,-0.34798177249589823,0.57212780707679578,0.048569639657480207,0.5753307173954566,-0.57576290725800283,-0.039664908360566249,0.0010312388479723816,0.016837105794326103,-0.0028770716032398124,-0.18512297521621088,0.00082804750303827992,0.024176675302693615,0.0041619979781348203,0.33264866543717869,-0.0070463107863643236,-0.0063621353474482729,0.080910814357853744,0.024178849831477375,-0.15400520875013729,0.022123519301728119,-0.022743603795249815,0.053674440685564755,3.1506862790817083,-0.0024572834586562621,-0.040395153984261037,3.2412540993083621,-0.0031814809664277121
hold,0,58,2,0.58600000000000041,0,0,0,0,0,0,0,31.339883343132787,31.999359363704258,0.00041893681902603619,0.0099776555340020598,0.00017505892705717936,0.00018244344779203838,-0.22021233233351908,-0.1203482176316131,0.0056153219663812592,0.41975091674750459,-0.70876999279592168,-0.104194266919379,-0.0056036134208467961,9.1606087108691554e-06,0.35061635159756183,0.99986854392980939,0.00016791632153595058,-0.016195305123461741,0.00076075998130184454,-0.33414305447893544,0.57062804607225837,0.053493778397714992,-0.57382400688766899,-0.57425378801242255,-0.34782718065810181,0.57216704076569458,0.048360450537860533,0.57536832251763437,-0.5758012735040946,-0.040159784224251024,0.00074554383394494304,0.016954207849368123,-0.0020468199674687835,-0.18654185940093529,0.00059340681656183507,0.018680276609742998,0.0029303396137062765,0.37394928073910788,-0.0055169496116627501,-0.0048108738846110184,0.077295918898215021,0.019616844449388077,-0.10459455980983745,0.018802561088897697,-0.019183123045908749,0.053674440685564755,3.1506862790817083,-0.0024572834586562621,-0.040395153984261037,3.2412540993083621,-0.0031814809664277121
hold,0,58,3,0.58800000000000041,0,0,0,0,0,0,0,31.28698658415458,31.806487774467911,0.0004216977466422675,0.0061723449392783337,0.00016199840703721475,0.00018243323054158232,-0.21133525520648008,0.017156074537597096,0.012622388015380182,-0.091263364323852361,-0.66818747240942822,-0.7764209545786287,-0.0056848815466505236,1.0496162342727898e-05,0.35065050953397486,0.99986548463885794,0.00016579340306431648,-0.016383160151265012,0.00075973936747303068,-0.33410050984054812,0.57064659212004665,0.054126757935550239,-0.57384486647724042,-0.57427376470961311,-0.34767716198014276,0.57219647425315001,0.048245730990626408,0.57539824335261247,-0.57583153351115179,-0.040634062901863541,0.00066777681592937118,0.017078968206508317,-0.0022815674494662775,-0.18787843672176341,-0.00095222704475565192,0.021272319193662997,0.0092730238941640224,0.3164897689176237,-0.010429794785736019,-0.009988348595261938,0.075009338979537571,0.014716743727723865,-0.057359773617062626,0.014960417489065941,-0.015130003528622166,0.053674440685564755,3.1506862790817083,-0.0024572834586562621,-0.040395153984261037,3.2412540993083621,-0.0031814809664277121
hold,0,58,4,0.59000000000000041,0,0,0,0,0,0,0,31.223411742871022,31.869645631677031,0.00042289766102879267,0.0066722066606456978,0.00015536218829268421,0.00018248272189159748,-0.21394179217812417,0.018293993003010569,0.012698186433373948,-0.089504666847851605,-0.66478204216830294,-0.75514034735483881,-0.0057671084183099049,1.1687084617872129e-05,0.35068491614835751,0.99986236918908644,0.00016346574050509334,-0.016572344095621649,0.00075721180262311645,-0.33405179414308611,0.57067590610685082,0.054649122589475234,-0.57387424119279651,-0.57430270918461335,-0.3475327495433666,0.57221804416978395,0.048221580623247884,0.5754219321152666,-0.575855199220623,-0.041113435829690501,0.00059546113757211552,0.017203307191332416,-0.0025119729367772481,-0.18920818888861185,-0.0024553580200062605,0.024357848731005272,0.014656993402096599,0.26118232696249893,-0.014687357778047905,-0.01447223750012705,0.072206218388070356,0.010784958316979652,-0.01207518368926034,0.01184438132708507,-0.011832854735613654,0.053674440685564755,3.1506862790817083,-0.0024572834586562621,-0.040395153984261037,3.2412540993083621,-0.0031814809664277121
hold,0,59,0,0.59200000000000041,0,0,0,0,0,0,0,31.163472502739715,31.921768854447024,0.00042282337262070091,0.0071489240087849217,0.00015143906232344226,0.00018257500837059486,-0.2189889615885956,0.019350368753830668,0.011002094380160088,-0.088183622853056365,-0.48407156350967712,-0.70388875791780603,-0.0058502893032501132,1.2753153263448963e-05,0.3507195094209542,0.99985920279392504,0.00016093766617631043,-0.016762495549425022,0.00075327970815132689,-0.33399662571839273,0.57071429437652366,0.055064218133845225,-0.5739109469023348,-0.57433936925967111,-0.34739570246122697,0.57223334796348835,0.048285444896112958,0.57544057710219199,-0.57587351084935146,-0.041590442470104058,0.00053303432278841714,0.017296636298358085,-0.0027363577549466096,-0.19017648731682413,-0.0038561763200297928,0.027584212346699548,0.019194134836426083,0.20754777218499548,-0.018352854769148785,-0.018330037528880523,0.068523541069807459,0.0076518968521996945,0.031932136432536527,0.0093224934626934992,-0.0091558143642530496,0.051186152929186678,3.1484192950193046,-0.0024566512455718803,-0.039785139444817534,3.241247726844843,-0.0031808501716596421
hold,0,59,1,0.59400000000000042,0,0,0,0,0,0,0,31.117627227400739,31.968540945088858,0.00042171651022829271,0.0075777885251412901,0.00014961584250556463,0.00018269606247002924,-0.22161996711021481,0.019538101050881763,0.011077910362411458,-0.084804178579221262,-0.48060426775119003,-0.6826166267125211,-0.0059344344207950825,1.3701232400804865e-05,0.35075428851915491,0.9998559849678168,0.00015821639308546108,-0.016953607558153696,0.00074798554331836681,-0.33393425100579183,0.57076033396014081,0.055374874833856169,-0.57395396940741183,-0.57438267031812917,-0.34726678414174067,0.5722437978471353,0.0484345064660704,0.57545527059881907,-0.57588761014152789,-0.042072558772484538,0.00047403956867795156,0.017389549100353108,-0.0029530763043857339,-0.19113784280332063,-0.0052146230892769615,0.031187356300456867,0.023019791808584024,0.15532835000547174,-0.021511252538499313,-0.021650529229007027,0.064459159743142758,0.0052249418234718362,0.074530784978721398,0.0073467483135168342,-0.0070496460882333075,0.051186152929186678,3.1484192950193046,-0.0024566512455718803,-0.039785139444817534,3.241247726844843,-0.0031808501716596421
hold,0,59,2,0.59600000000000042,0,0,0,0,0,0,0,31.078926505642499,32.008465367076354,0.00041978259990515382,0.0079799761927718989,0.00014954998843917492,0.00018283575231380013,-0.22426111828486686,0.019337042719304798,0.011157057129702608,-0.080723488793936538,-0.47710953816169965,-0.66112569477220096,-0.0060195540277549892,1.4536596085309989e-05,0.35078925261596794,0.9998527152233041,0.00015531056011586263,-0.017145673113309598,0.00074137217842115937,-0.3338640069565792,0.57081281016565444,0.055583305281406731,-0.57400242753071784,-0.57443167794537586,-0.34714665452020027,0.57225059414639956,0.048666388109473394,0.57546695421025296,-0.57589848291795398,-0.042559803479953286,0.0004176818422525619,0.017482048406510516,-0.0031606798299844731,-0.19209220279880371,-0.0065303145206723695,0.03512202460631926,0.026238102756813042,0.10421522377527949,-0.02422906165302452,-0.024503813623320946,0.060064810770202648,0.0033981496321033558,0.11594082170149617,0.0058418057169511211,-0.0054363882130550392,0.051186152929186678,3.1484192950193046,-0.0024566512455718803,-0.039785139444817534,3.241247726844843,-0.0031808501716596421
hold,0,59,3,0.59800000000000042,0,0,0,0,0,0,0,31.04638984154824,32.042329375459246,0.0004171942494277936,0.0083612257490032135,0.00015086686596951305,0.0001829862881408111,-0.22691075781618592,0.018790282769760802,0.011241148183003702,-0.075993256215617408,-0.47358216488779792,-0.63956740413116542,-0.0061056584108023903,1.5263061276056108e-05,0.35082440089484729,0.9998493930721879,0.00015223012374977651,-0.017338685141953147,0.00073348259290264715,-0.33378530660658395,0.57087069362847598,0.055691165361625002,-0.57405556208312092,-0.57448558630275437,-0.34703588664764501,0.57225475427969719,0.048979097640102519,0.57547643774735169,-0.5759069782162014,-0.043052191523700392,0.00036323259537305945,0.017574139439668231,-0.0033578327228849514,-0.19303950421444308,-0.00780316763956093,0.039350174997632423,0.028941731410777844,0.053930040109134644,-0.026567276201511926,-0.026954178689242696,0.055383936277632009,0.002080066648813491,0.15635476531456341,0.0047417685493621256,-0.0042476491236943968,0.051186152929186678,3.1484192950193046,-0.0024566512455718803,-0.039785139444817534,3.241247726844843,-0.0031808501716596421
hold,0,59,4,0.60000000000000042,0,0,0,0,0,0,0,31.019149714542849,32.070847266759408,0.00041446688142621202,0.0087262715606496698,0.00015325048225125863,0.00018314175849879364,-0.22956740985721524,0.017935844120097504,0.011331522222535639,-0.070663753444903554,-0.4700175815222904,-0.61806523042324568,-0.0061927578796795281,1.5883108938928811e-05,0.3508597325536163,0.99984601802661022,0.00014898625339778833,-0.017532636497509552,0.00072435962944978043,-0.33369762603833136,0.57093311952290848,0.055699604055058707,-0.57411272524742563,-0.5745437069404018,-0.34693498128602862,0.57225713839219883,0.049370982087020829,0.57548441630240343,-0.57591382566221594,-0.04354973443856909,0.00031002383143635128,0.017665829384511784,-0.0035433081753525209,-0.19397967467818841,-0.0090333443054479746,0.043840284126304294,0.031212947216262374,0.0042193467168536516,-0.028581582152328179,-0.029060318823734645,0.050452680808183388,0.0011920562508277689,0.19594222345915555,0.0039892775258884875,-0.0034237230072900215,0.051186152929186678,3.1484192950193046,-0.0024566512455718803,-0.039785139444817534,3.241247726844843,-0.0031808501716596421
hold,0,60,0,0.60200000000000042,0,0,0,0,0,0,0,31.023763699381085,32.108515335997687,0.00041737991213358638,0.0089643866820090772,0.00015643393719837184,0.00018329775306300851,-0.22126425765647628,0.015832448411684259,0.019932913643181394,-0.060703683080415315,-1.2086121111039829,-0.63177186163196053,-0.006280922706150791,1.638284031641133e-05,0.35089550704293887,0.99984256333308752,0.00014559708481073214,-0.017729004134374674,0.00071397577831518741,-0.33359776862688356,0.57099958042935606,0.055609557652510203,-0.57417359217084252,-0.57460567938168394,-0.34684078348250508,0.5722587293264616,0.049836103621685043,0.5754917396251521,-0.57591992173968953,-0.04408241323563146,0.00024986568874125911,0.017887244661291369,-0.0037124291143469526,-0.19639706301529125,-0.010291072695176082,0.049928705723913794,0.033230453223775894,-0.045023201274251065,-0.030433461708418649,-0.03098622064105451,0.047098901761758766,0.00079546713138705684,0.23256076733210823,0.0036616613743474372,-0.0030480387368215971,0.056728652949795191,3.1545524555149895,-0.0039066398344300987,-0.037436582634139529,3.2450114226520421,-0.0026391878572667865
hold,0,60,1,0.60400000000000043,0,0,0,0,0,0,0,31.005006903291697,32.128317228651319,0.00042044819728215971,0.0092861318416562495,0.00016027134438096084,0.00018345230583829899,-0.22393534719938948,0.014565108425810958,0.020043447187125807,-0.05475888469688301,-1.2048734152299629,-0.60981603315150257,-0.006370163500347587,1.6763134051253125e-05,0.35093172346677454,0.99983902762855326,0.00014207506694891294,-0.017927780542247598,0.00070237475211237669,-0.33348530050779196,0.57106948550126635,0.05542126304344188,-0.57423770609619162,-0.57467101677204657,-0.3467536934371187,0.5722601296930071,0.050373459892767876,0.57549891035162115,-0.57592579165697522,-0.044620397098397803,0.00019014686742089749,0.018108211917838676,-0.0038685447864062064,-0.19880697345276177,-0.011505292309838943,0.056234059545794052,0.034952535955149432,-0.094147304534160453,-0.032056962674572767,-0.032668695181304858,0.043545022693200347,0.00070018327274359534,0.26867813554141462,0.0035853632345248512,-0.0029349586428229456,0.056728652949795191,3.1545524555149895,-0.0039066398344300987,-0.037436582634139529,3.2450114226520421,-0.0026391878572667865
hold,0,60,2,0.60600000000000043,0,0,0,0,0,0,0,30.970079432663582,32.433707094853318,0.00042544156739850181,0.0096040329168948085,0.00016447163738560146,0.00018360285561005781,-0.23923741478035307,-0.10708343079847582,0.012518288249459886,0.38641113307327923,-1.242040030533258,0.14676187744871622,-0.0064605474188135347,1.6706182655340166e-05,0.35096836301731504,0.99983540691755035,0.00013932925841854106,-0.018129040410232628,0.000691053671865524,-0.33337669356284627,0.57112428257755521,0.055351594604506366,-0.57428928099538235,-0.57472333010840648,-0.34667776088904412,0.57226429382442445,0.050982360743113568,0.57550856964195674,-0.57593410328846117,-0.045191959232973818,-2.8475697956480508e-05,0.018319775270256505,-0.0030891738312873555,-0.20129206323961873,-0.011238894583914884,0.054303472472839245,0.027398538144406567,-0.034834219467757901,-0.025787449595377848,-0.026156668179972007,0.037966274037291969,0.00208206570865169,0.30445042517284449,0.0048296451677778181,-0.0041558157429712767,0.056728652949795191,3.1545524555149895,-0.0039066398344300987,-0.037436582634139529,3.2450114226520421,-0.0026391878572667865
hold,0,60,3,0.60800000000000043,0,0,0,0,0,0,0,30.95732204421865,32.353436708909392,0.00042862551063461984,0.0099460398278242018,0.00015648052811911405,0.00018373731083172899,-0.24173905776965154,-0.11056838374733699,0.013072858368566642,0.38979213899526632,-1.2374166280516217,0.14466462590454546,-0.0065520842701676692,1.6196828653620313e-05,0.35100542628658582,0.9998316998876734,0.00013736643481063616,-0.018332774455342159,0.00068000805627400549,-0.3332732363372245,0.57116639478565567,0.055395546173412774,-0.57433020605337981,-0.57476456886435001,-0.34661327130061931,0.57227164262787333,0.051662381709144528,0.57552114609672977,-0.57594529919739978,-0.045768425677067431,-0.00025467700085992652,0.018531634635393548,-0.0023030216303504929,-0.20376790076484577,-0.010977265657262298,0.051728612810884853,0.021056104050206269,0.021975784453203917,-0.020462528998739599,-0.020619377971776327,0.032244794212400105,0.003674401724466717,0.34001048301547904,0.0062882273865464767,-0.0055979544693100141,0.056728652949795191,3.1545524555149895,-0.0039066398344300987,-0.037436582634139529,3.2450114226520421,-0.0026391878572667865
hold,0,60,4,0.61000000000000043,0,0,0,0,0,0,0,30.946828676749597,32.28470585190388,0.00043013677472403949,0.010285408862446603,0.00014326187575713467,0.00018385718600682892,-0.24446588492442306,-0.1141017565110304,0.013522796347439581,0.39489720074710821,-1.2333562507943452,0.14172847932383076,-0.006644784845699578,1.5219220417510954e-05,0.35104291361820489,0.99982790519322084,0.00013619678570894292,-0.018538974522012194,0.00066923168079332455,-0.33317603109494909,0.57119788646756642,0.055548953722620337,-0.57436210476307081,-0.57479641261001013,-0.3465604903204681,0.57228253390382844,0.052413296847179956,0.57553701020180759,-0.57595976173873642,-0.046350287765954491,-0.00048880411805467944,0.018743665809532181,-0.001506709564353486,-0.20623561686065203,-0.010722213587706569,0.0486026211377154,0.015745840955391856,0.076703774603781028,-0.015949354845497889,-0.01592187283003622,0.026390490075619565,0.0054456379775798744,0.37545756901771432,0.0079320525389172582,-0.0072312706682912875,0.056728652949795191,3.1545524555149895,-0.0039066398344300987,-0.037436582634139529,3.2450114226520421,-0.0026391878572667865
hold,0,61,0,0.61200000000000043,0,0,0,0,0,0,0,30.936107134593875,32.220350302313022,0.0004302839779964443,0.010621612240059204,0.00012564831770895221,0.00018396403609408936,-0.24916558103619146,-0.11817757207156002,0.012184019374464228,0.40260314700511068,-1.1012905581119614,0.1194530398646283,-0.0067386498402016879,1.3749078588445115e-05,0.35108077922044045,0.99982402629892531,0.00013583515312322312,-0.018747376496845387,0.00065867951357144602,-0.33308662907912301,0.57122044985490639,0.055808916876238901,-0.57438629758646154,-0.57482023174280861,-0.34652009664039912,0.5722972356122622,0.053234978071579037,0.57555645042801773,-0.57597778935012733,-0.046932497251055076,-0.00073507091453291944,0.018932801117784472,-0.00069613762592505191,-0.20843921732659304,-0.010512667469668079,0.044701007913030194,0.011281693669971071,0.12998157680928246,-0.012096411695354936,-0.011909566399217895,0.020196840034493652,0.0073508542168740148,0.41084061219954071,0.0097201131050976223,-0.0090138056954474736,0.057056262087491413,3.1544266601326818,-0.0039059895982352958,-0.039126572750409636,3.2432130526006393,-0.0026385371153985612
hold,0,61,1,0.61400000000000043,0,0,0,0,0,0,0,30.780343999730981,32.163848765619868,0.00042932822183543162,0.0098552463948848607,0.0001042833847718098,0.00018405960735496451,-0.24196492500663147,0.018176214684841846,0.018791044300295212,-0.075107118082939406,-1.0653523265873952,0.7298677388523912,-0.0068336460342663672,1.25847268910097e-05,0.35111903820207074,0.99982006253624645,0.00013534928924534493,-0.018957907678466841,0.0006495899013888904,-0.33300589898310096,0.57123866378470223,0.056169512865414835,-0.57440764697032443,-0.57484092638473294,-0.34647245818183797,0.57232374822171883,0.053939895731437447,0.57558483347541345,-0.57600530754501156,-0.047498097032339537,-0.00058217584871770797,0.019129490815139,-0.00079431892428250385,-0.21056936004078261,-0.0090476956592336674,0.040365048011017174,0.0091069648978928178,0.18029799458796567,-0.010674691931449456,-0.010347320962173993,0.023819229280580691,0.01325630472834104,0.35245882992920596,0.014191523697874096,-0.013759097442136686,0.057056262087491413,3.1544266601326818,-0.0039059895982352958,-0.039126572750409636,3.2432130526006393,-0.0026385371153985612
hold,0,61,2,0.61600000000000044,0,0,0,0,0,0,0,30.844920222061226,32.121779758943525,0.00042743910382456174,0.010322869569685127,9.3797969912589815e-05,0.00018407026419666549,-0.24545503957741135,0.014072556041239141,0.01866946090724575,-0.055241507062080766,-1.0633026991112502,0.70665538035488451,-0.0069297874842912032,1.1699825093295945e-05,0.3511576892663516,0.99981601270241882,0.00013477836787040802,-0.019170563968306988,0.00064191569877109964,-0.33293451779027405,0.5712536948685728,0.056628367074454511,-0.57442694258730487,-0.5748593321844655,-0.34641665160807811,0.57236021109674984,0.054532633722563645,0.57562092372697859,-0.57604100020226678,-0.048070725012418027,-0.00044245089885687722,0.019325532140427308,-0.000853896712190163,-0.21269547082141932,-0.0076305847152863173,0.035690596413462825,0.0075155419352897854,0.229427104519839,-0.00964780849022015,-0.0092028998662561368,0.027903286879943572,0.018231437515523544,0.29636899556309859,0.018045125782589148,-0.017846328627629696,0.057056262087491413,3.1544266601326818,-0.0039059895982352958,-0.039126572750409636,3.2432130526006393,-0.0026385371153985612
hold,0,61,3,0.61800000000000044,0,0,0,0,0,0,0,30.900361604269403,32.086236079087236,0.00042480496843380622,0.010768433337134014,8.6072347637421371e-05,0.0001840174281424627,-0.24896837382217243,0.010088093478191996,0.018571489849323441,-0.037305559946228029,-1.0611928807464774,0.68255532047566658,-0.0070270883361513341,1.1068506743890786e-05,0.35119673118975026,0.99981187558104512,0.00013415765018836285,-0.019385341143581959,0.00063560804253684283,-0.3328730788402412,0.57126652294287761,0.057183558836743538,-0.57444485762729991,-0.574876163214463,-0.3463518823972323,0.57240503314106228,0.055016959220772342,0.57566364485395449,-0.57608371933864888,-0.048650425930065244,-0.00031565917470257948,0.019520961699319356,-0.00087883605805057783,-0.21481742329365053,-0.0062629932455164072,0.030719475016434232,0.0064140371523905811,0.27759588114451417,-0.008957519997518603,-0.0084155149987634962,0.032384605422895361,0.022411022156215585,0.24216274910434926,0.021360563487944136,-0.021359568191032081,0.057056262087491413,3.1544266601326818,-0.0039059895982352958,-0.039126572750409636,3.2432130526006393,-0.0026385371153985612
hold,0,61,4,0.62000000000000044,0,0,0,0,0,0,0,30.947699084808264,32.056308602868185,0.00042158322433587248,0.011197686165361355,8.0352880607149001e-05,0.00018391852496850737,-0.25250464441518389,0.0062002765389019025,0.018496220223003235,-0.020904099025279593,-1.0590219016235083,0.65780444492140044,-0.00712556282373471,1.0665306494292074e-05,0.35123616281830428,0.99980764994257099,0.00013351928288719427,-0.019602234855990941,0.00063061681254023211,-0.33282210594853917,0.57127796601336112,0.057833568022458703,-0.57446196228876389,-0.57489202573855258,-0.34627746676258703,0.57245686427035536,0.055395921621084802,0.57571206852054058,-0.57613247317841876,-0.049237243791687771,-0.00020160012479935593,0.019715814277002482,-0.00087229639800145021,-0.21693509041146236,-0.0049461322946788974,0.025486445851025122,0.0057215352417731664,0.32500459285758393,-0.0085523307319764087,-0.007931262044767174,0.037207817322640155,0.02591556464655884,0.18948120015622888,0.024211833293023378,-0.024376919884941853,0.057056262087491413,3.1544266601326818,-0.0039059895982352958,-0.039126572750409636,3.2432130526006393,-0.0026385371153985612
hold,0,62,0,0.62200000000000044,0,0,0,0,0,0,0,31.023704924668028,32.083638784788903,0.00041790448919650641,0.011445561009635438,7.6045682488593778e-05,0.00018378758077124377,-0.23306360722555064,0.0046841040485292732,0.037258755281513345,-0.010217415543231072,-2.6451854419382577,0.73581162085725416,-0.0072253574952939152,1.050630942326042e-05,0.35127654153831633,0.99980327144362735,0.0001328859888231339,-0.01982441676400978,0.00062709799897046426,-0.33277477032869096,0.5712892825991055,0.058570437730009507,-0.57447935786575344,-0.57490807584053361,-0.34618676816663441,0.57251509235447118,0.055670052485015234,0.57576590680123119,-0.57618692573300356,-0.049897335779602647,-7.9498535515827514e-05,0.020189360006023165,-0.000841675899449033,-0.22222507197379524,-0.0034732960513172402,0.023667809924098455,0.0056582928721883238,0.36843485377540131,-0.0086977884947669875,-0.0080250509904992769,0.045349297976303486,0.029114042057915384,0.13706543196521423,0.026919140345281686,-0.027226277292414714,0.060335620284596325,3.1616280623744828,-0.004116196163740829,-0.025530887268342038,3.2577817960111184,-0.0038792349290776352
hold,0,62,1,0.62400000000000044,0,0,0,0,0,0,0,31.057922490656637,32.062808234709806,0.00041389016635846182,0.011817167757303737,7.2453532570980608e-05,0.00018363549901030066,-0.23665464379074139,0.0010259130526997506,0.037238434837016499,0.003684889620529961,-2.6426952151286929,0.70711051651093249,-0.0073264874092188884,1.0566104135909243e-05,0.35131786601504278,0.99979873670583885,0.00013228477767396218,-0.020051881833885694,0.00062499365248336119,-0.33273151061838974,0.57130102171938735,0.059393426533919338,-0.57449742625327738,-0.57492471788840671,-0.34607926083826884,0.57257876135367369,0.055841190641820415,0.57582448705005795,-0.57624635391358714,-0.050564956962486592,2.9897356324411941e-05,0.020662238363213768,-0.00078485060935766591,-0.22751012411565372,-0.0020589432137097753,0.021629855150602197,0.0058695601409276725,0.4114944019549166,-0.00903419376198796,-0.0083210239365439226,0.053753664182789693,0.031834499601279265,0.085569078402589427,0.029290124413402563,-0.029714090291784151,0.060335620284596325,3.1616280623744828,-0.004116196163740829,-0.025530887268342038,3.2577817960111184,-0.0038792349290776352
hold,0,62,2,0.62600000000000044,0,0,0,0,0,0,0,31.105737360771627,31.871411919428681,0.00041142204756918627,0.0073063619308386812,6.9537903127592617e-05,0.00018347117107236869,-0.22931405941188412,0.13968141642879772,0.043661179348633894,-0.52473322750045059,-2.6043336804756461,0.041972296668257733,-0.0074289186312688216,1.1271691485077301e-05,0.35136014957884532,0.99979404465643129,0.00013063273263189549,-0.020284552791120247,0.00062299493326690829,-0.33267617285927414,0.57132805122752228,0.060106926501529087,-0.57452862769492463,-0.57495499206072365,-0.34595080108981235,0.57264399083375472,0.05591135071462202,0.57588429104894101,-0.57630718713128692,-0.051215611024966412,0.00035279367458402932,0.021141781901259895,-0.001836587828842605,-0.23271744751482817,-0.0019314790261619995,0.027668879557807821,0.013514754067489297,0.35674998380487583,-0.015600720823630423,-0.015137086158443187,0.064229874228243666,0.032614740040519237,0.035080036400803795,0.029901999441535775,-0.030416608849889223,0.060335620284596325,3.1616280623744828,-0.004116196163740829,-0.025530887268342038,3.2577817960111184,-0.0038792349290776352
hold,0,62,3,0.62800000000000045,0,0,0,0,0,0,0,31.12924452095805,31.929351695443916,0.0004105467885224881,0.0067418676776546532,6.5108860331627419e-05,0.00018330708696844564,-0.23309413365634229,0.13921279404799433,0.043343260910518211,-0.50595803849466314,-2.6018226524545796,0.039726092169800928,-0.0075326670188882875,1.2618001575141015e-05,0.35140338968372087,0.9997891917566859,0.00012796734297109742,-0.020522424554864142,0.00062109682123870379,-0.33260790022765296,0.57136848664279261,0.060715382872911894,-0.57457150605434493,-0.57499736953294223,-0.34580107355079892,0.57271016877766434,0.055881393761639093,0.57594484556814962,-0.57636891668863421,-0.051874193809732953,0.0006731550450318573,0.021620052437774283,-0.0028509020461207966,-0.23791980136051089,-0.0018095577112147195,0.034136315810580131,0.02021770763515424,0.30422818569140375,-0.021439179710132632,-0.021188736109290365,0.074863769506717956,0.033088971954793329,-0.014978476491462459,0.030277259604284266,-0.030864778673619076,0.060335620284596325,3.1616280623744828,-0.004116196163740829,-0.025530887268342038,3.2577817960111184,-0.0038792349290776352
hold,0,62,4,0.63000000000000045,0,0,0,0,0,0,0,31.1484973767691,31.97938593981052,0.0004106464433624793,0.0062337880306917101,6.9813015495139193e-05,0.00018314673746329006,-0.23670167741884243,0.13857874941431284,0.043131164626883489,-0.4899495778489944,-2.598438523666124,0.03748204141421943,-0.0076377476385222623,1.4599692578921205e-05,0.35144758392819359,0.99978417442556156,0.0001243205644641276,-0.020765490291483953,0.00061929439632262006,-0.3325259648256742,0.57142070481806917,0.061222487676129367,-0.57462479324342963,-0.57505051765895221,-0.34562979959100459,0.57277680601982839,0.055751740075671026,0.57600576813329774,-0.57643112960106047,-0.052540309816987207,0.00099084550189009477,0.022097122236353236,-0.0038333252049617093,-0.24311543220292334,-0.0016929835050631683,0.040967700989372059,0.026109087638277226,0.25355240160873571,-0.026643594542370645,-0.026574063005009658,0.085636979897166315,0.033318621081999844,-0.064826842984033989,0.030461282574032637,-0.03110645621312285,0.060335620284596325,3.1616280623744828,-0.004116196163740829,-0.025530887268342038,3.2577817960111184,-0.0038792349290776352
hold,0,63,0,0.63200000000000045,0,0,0,0,0,0,0,31.157530154189544,32.019050459335247,0.00041151667461849367,0.0057660184941132012,8.1832875806723366e-05,0.00018299253091360929,-0.24173833766270875,0.13824924352627904,0.040758635817953248,-0.4777490911454868,-2.4758461977078969,0.060246250580663643,-0.0077441643940837279,1.7220778532063213e-05,0.35149268503009712,0.99977899398504189,0.00011971792247413685,-0.021013504789298365,0.00061763285731698022,-0.33243009441808213,0.5714832652245958,0.061631082563856937,-0.5746873469492898,-0.57511323732201214,-0.34543731923400606,0.57284343653364267,0.055523099386622844,0.57606666099040493,-0.57649340010564021,-0.053208377780732757,0.0013105429765710038,0.022550550951774783,-0.0047891012967812702,-0.24806590304858528,-0.0015315627810375241,0.047935203796032388,0.031280203263326804,0.20429744386378682,-0.03127685293006939,-0.031359831529982125,0.096240178499273493,0.03331525690716057,-0.11432034452408982,0.030446428553587385,-0.03113525228989172,0.058399806907754169,3.1595306068857054,-0.0041154559397425291,-0.024850411917507524,3.2576835537987043,-0.0038784956524755823
hold,0,63,1,0.63400000000000045,0,0,0,0,0,0,0,31.448871000820276,32.063747362285824,0.00041362847755022775,0.007510332927619677,9.9563655182978179e-05,0.00018284530528771701,-0.2569658411318837,0.012500567486052123,0.033065454146862905,-0.0067551492578831474,-2.508943062993676,-0.67745130272974008,-0.0078519837498268099,1.9687402157630419e-05,0.35153867190427152,0.99977364613078989,0.00011507019554857101,-0.021266534895209941,0.00061461756146262143,-0.33231997999067886,0.57155195415778359,0.061945694780596375,-0.57475454817803773,-0.57518087454706468,-0.34524307998225612,0.57289758607075236,0.0554040332603171,0.57611810149962561,-0.57654571558243672,-0.053909677871541065,0.0012333118127836021,0.022993437087188536,-0.0048657012091053173,-0.25308405499632219,-0.0028833692055190993,0.055057213701632281,0.034344466593896741,0.15730610836972,-0.033600614373973617,-0.033818612526249174,0.09711962587497909,0.027074768554867457,-0.059533063152871206,0.02572025461032125,-0.026157738398244507,0.058399806907754169,3.1595306068857054,-0.0041154559397425291,-0.024850411917507524,3.2576835537987043,-0.0038784956524755823
hold,0,63,2,0.63600000000000045,0,0,0,0,0,0,0,31.366345175676315,32.094507244628858,0.00041731476092226466,0.0081655582001151222,0.00012410509011441192,0.00018279370868008407,-0.25988833842815129,0.013160184130814134,0.033555836839994413,-0.015912979641849869,-2.5024193565767514,-0.65923497771847073,-0.0079612176213556991,2.2009144346153539e-05,0.35158554398213454,0.99976812730196396,0.00011035952737030586,-0.021524567446119944,0.00061028530712280561,-0.33219520175771766,0.57162590429708937,0.062168157641027275,-0.57482587947350805,-0.57525286387732688,-0.34504841540914966,0.5729417177749605,0.055389464653037825,0.57616190705867487,-0.57658995643955169,-0.054616935764444194,0.0011608710942615592,0.023436038931521547,-0.0049596902779908509,-0.25808911673053303,-0.0041980103495190615,0.062389116480608318,0.036975069652883226,0.11123143021545054,-0.035665647735159116,-0.035994665131114996,0.097332286553226011,0.022065852104086955,-0.0072843036396376404,0.021902779524654289,-0.022120428557489233,0.058399806907754169,3.1595306068857054,-0.0041154559397425291,-0.024850411917507524,3.2576835537987043,-0.0038784956524755823
hold,0,63,3,0.63800000000000046,0,0,0,0,0,0,0,31.295668424833938,32.120455349379114,0.00041921784274310397,0.0087581371169890426,0.00014477559407564575,0.00018281325786047916,-0.26286808440948317,0.013361227790840273,0.034000844149936427,-0.021934823426016613,-2.4957702086360802,-0.64016453272721563,-0.0080718781554866646,2.4193568166515104e-05,0.35163330046658153,0.9997624338747374,0.00010557438780849552,-0.02178758902883568,0.00060467447472475281,-0.33205538509877613,0.57170438154424053,0.062299838807856958,-0.57490089142011458,-0.57532871433745691,-0.34485448396785195,0.57297795448567768,0.055475111573556529,0.57619966934216349,-0.57662777291189715,-0.055330267065482858,0.0010922119101807832,0.02387824222349768,-0.0050646907008896434,-0.26308084569563311,-0.0054740318506240112,0.06990832947076743,0.039238623575559302,0.065840583414841558,-0.037505973303245344,-0.037925230064998781,0.096965720648843012,0.018118355358607906,0.042823460259352887,0.01888114174430559,-0.018908236172712541,0.058399806907754169,3.1595306068857054,-0.0041154559397425291,-0.024850411917507524,3.2576835537987043,-0.0038784956524755823
hold,0,63,4,0.64000000000000046,0,0,0,0,0,0,0,31.235314295941642,32.142166923625268,0.00041976055253907518,0.0093004807677882946,0.00016235693851938656,0.00018288460834137355,-0.26590121385118098,0.013153004789698212,0.034407998321466238,-0.025342914199212616,-2.4889834336943335,-0.62054087088509902,-0.0081839777124606359,2.6246396883720552e-05,0.35168194035829919,0.99975656216496467,0.00010070851717154253,-0.022055585955055832,0.00059782444308186628,-0.33190019237991092,0.57178677088120511,0.062341678826588684,-0.57497919896984595,-0.57540800511022594,-0.34466229381552499,0.57300812162344983,0.055657369307223606,0.57623277884940161,-0.57666060934532082,-0.056049778486985551,0.0010264143586027233,0.024319945858819414,-0.0051753914056569305,-0.26805897376182208,-0.0067105447137083257,0.077596359432615988,0.041194668482266987,0.020920009365864377,-0.039153774865706897,-0.039645386384490403,0.096095076163487364,0.015083568886058274,0.091128866833537631,0.016554753619083633,-0.016418216711839847,0.058399806907754169,3.1595306068857054,-0.0041154559397425291,-0.024850411917507524,3.2576835537987043,-0.0038784956524755823
hold,0,64,0,0.64200000000000046,0,0,0,0,0,0,0,31.142961612949701,32.111194807296158,0.00042244824431700995,0.0098132251338254872,0.00017745261329654011,0.00018299256892560079,-0.29149012878181119,0.011423188574325119,0.014350840190383352,-0.025689823950767764,-0.82532016292509114,-0.70830945797210154,-0.0082973825302773956,2.8134235587057612e-05,0.35173087790135299,0.99975058253666749,9.5759041362096232e-05,-0.022325231634199406,0.00058955939416820841,-0.33173666797470447,0.57187185256426043,0.062300110306900892,-0.57505971703527115,-0.57548960206711341,-0.34447878314156305,0.57303324312262371,0.055933634650880394,0.57626190759293261,-0.57668918380045298,-0.056702408908380068,0.00094391935166853011,0.024468771526903035,-0.0052911600592053408,-0.26970979810646611,-0.0081231430130426965,0.081762202603223574,0.042540841527671416,-0.02078425984389453,-0.040259032712571051,-0.040798478443759938,0.091755336980956587,0.012560749586938084,0.13813267182839342,0.014564371765494976,-0.014287227566055351,0.055336312709005943,3.1514889744016505,-0.004436811624544919,-0.039345156176126772,3.2419993145827291,-0.0035891938101900458
hold,0,64,1,0.64400000000000046,0,0,0,0,0,0,0,31.099106066357329,32.125551832866158,0.00042520235287184238,0.010283968901831782,0.00019090347943413136,0.00018312518516489082,-0.29461204253926548,0.010538596736308574,0.014685025201012891,-0.025016484723457074,-0.81844481656740709,-0.68453601489841565,-0.0084121045298914919,2.9860785207918534e-05,0.35178011214662713,0.99974449390182385,9.0728008563219432e-05,-0.022596512258926959,0.00057992684584408784,-0.33156452433641748,0.57195922462476911,0.062175322319616387,-0.57514220204521493,-0.57557323916885328,-0.34430473531513101,0.57305466699577168,0.056301388619608927,0.57628811394903812,-0.57671459957961113,-0.057360999807048382,0.00086327481043046148,0.024617122637059057,-0.0054041799093547758,-0.27134685243167705,-0.0094882597579481563,0.086071819143492781,0.043686030254321051,-0.062393993642251712,-0.041242504971902363,-0.041818550869951801,0.087023913216035254,0.010711936573973211,0.18387698436426594,0.013103178052726804,-0.012707889579055803,0.055336312709005943,3.1514889744016505,-0.004436811624544919,-0.039345156176126772,3.2419993145827291,-0.0035891938101900458
hold,0,64,2,0.64600000000000046,0,0,0,0,0,0,0,31.042571858067291,32.416844143722457,0.00042865490130599565,0.010731306411860892,0.00020265751263785292,0.00018327324057772941,-0.31020008101409874,-0.11336302052666163,0.0074387225166461235,0.41653013058172356,-0.85213323909860905,0.055873515844822461,-0.0085282115296804687,3.1092046273263798e-05,0.35182962427358289,0.99973829242746326,8.6531352798421609e-05,-0.022869495509726806,0.00057038730310543311,-0.33140052516492913,0.57203114968727131,0.06218158490142895,-0.57521165297218568,-0.57564331788570455,-0.34414450608081276,0.57307605400658146,0.056758593046505677,0.57631460489933439,-0.57674011062047648,-0.058053499894488735,0.00061563053267263369,0.024756063477889844,-0.0045688916131397909,-0.27305206875435306,-0.0094139120328449646,0.081999585744179093,0.0359625312511236,0.0031312909062824537,-0.034725463485367987,-0.035039358425648773,0.080114617159134927,0.010693505404888131,0.22860221344837436,0.013245475148145853,-0.012755520432679511,0.055336312709005943,3.1514889744016505,-0.004436811624544919,-0.039345156176126772,3.2419993145827291,-0.0035891938101900458
hold,0,64,3,0.64800000000000046,0,0,0,0,0,0,0,31.011296584571369,32.333681012250615,0.00043142168829463784,0.011186558151105665,0.00019991536796461369,0.00018342006928663036,-0.31323912126780123,-0.11681216603496404,0.0081537482916793635,0.41715926802013353,-0.84473458856059669,0.055294353343976241,-0.008645715043770796,3.1813814934497287e-05,0.35187941468348427,0.99973197707443651,8.3170355762829845e-05,-0.023144166534659127,0.00056093934285416562,-0.33124602582636803,0.57209017028048692,0.062313746472472994,-0.57527010360003172,-0.5757019397823594,-0.34399866281641178,0.57309838467945506,0.05730369111364466,0.57634223703505649,-0.57676660651106382,-0.058751757045163396,0.00036088433061674406,0.024895204950696751,-0.0037323099578877874,-0.27474247431862631,-0.0093412536070438118,0.077249669280537656,0.029510296607780321,0.066080785522021152,-0.029225313923019768,-0.029310948327402813,0.072921632200500769,0.011165336436785141,0.27254903356948967,0.013816067861063082,-0.013247945293694986,0.055336312709005943,3.1514889744016505,-0.004436811624544919,-0.039345156176126772,3.2419993145827291,-0.0035891938101900458
hold,0,64,4,0.65000000000000047,0,0,0,0,0,0,0,30.98499852636126,32.262511327764692,0.00043246989636973321,0.011626687612066729,0.00019051245182062832,0.00018356292869833873,-0.3165453542703125,-0.12037180296770038,0.0087372377422756387,0.42029690480229964,-0.83808490415724179,0.053948384335413296,-0.0087646277596066507,3.2010851882161153e-05,0.35192948347974473,0.99972554677447067,8.0651277423548107e-05,-0.023420511981586248,0.00055157989223154956,-0.33110218854236384,0.57213845133561925,0.062567534547800202,-0.57531929984239538,-0.57575091318849303,-0.34386771195429844,0.5731224987227661,0.057935475006380271,0.5763717548799161,-0.57679486096796229,-0.059456357917926903,9.85184738319321e-05,0.025034398130241949,-0.0028894981123246178,-0.27641957284838076,-0.0092720494675307685,0.071918642002107666,0.024140527566163108,0.12689403766360363,-0.024598121181829462,-0.024486703066793517,0.065475431056663924,0.012057021655512598,0.31589194636780454,0.014758922429790523,-0.014127228449251107,0.055336312709005943,3.1514889744016505,-0.004436811624544919,-0.039345156176126772,3.2419993145827291,-0.0035891938101900458
hold,0,65,0,0.65200000000000047,0,0,0,0,0,0,0,30.957559166781124,32.193345531530881,0.00043211878795676451,0.012061415992083165,0.00017556760356040257,0.00018370003858253194,-0.32391623264835268,-0.12448429276966108,0.0062011409760671654,0.42654470948434547,-0.55219286599561268,0.037938094955970322,-0.0088849385556066009,3.1660812456148031e-05,0.35197973364276636,0.99971901371386551,7.8986215611703641e-05,-0.023697960175909936,0.00054227636381746016,-0.33097121879097069,0.57217773740924616,0.062940140257013055,-0.57536063390848313,-0.57579168486396515,-0.3437531836392671,0.57314904302568626,0.058653283226816372,0.57640373510873133,-0.57682547515986238,-0.060155397999975137,-0.0001750197130065608,0.025125081510816473,-0.0020350062005473736,-0.27752489088949106,-0.0092359984931345406,0.065484875696571729,0.019643036813429892,0.18630285460642548,-0.020667033043890524,-0.020385837736074004,0.057264157515662495,0.013272151460101064,0.35890411021804886,0.015990114407627234,-0.015307095950048923,0.054613352121811107,3.1502883662158716,-0.0044358303650754117,-0.04158888161524657,3.2394837645122303,-0.0035882125773721873
hold,0,65,1,0.65400000000000047,0,0,0,0,0,0,0,30.939072700687838,32.141636131332817,0.0004306375649624633,0.012483039277950442,0.00015593797470841466,0.00018383033746388237,-0.3277301481942379,-0.12828596308456428,0.0065679153833340109,0.43353229982963032,-0.54699488728251733,0.035827438610872619,-0.0090066622129521962,3.0746699781962486e-05,0.35203016491751893,0.99971237723005935,7.8189072993046658e-05,-0.023976500681777826,0.00053302396688191371,-0.33085397465544508,0.57220958036718395,0.063428691395836997,-0.57539537957368991,-0.57582558052368893,-0.34365549769513237,0.57317863505577826,0.059456499071600749,0.57643874153858055,-0.57685903536995287,-0.060861828672797595,-0.00045705633709277303,0.025215637376274327,-0.0011667033236921771,-0.27861981308360162,-0.0092053069353340809,0.058622067762794307,0.015921478968881214,0.24427556941196851,-0.017372832603376305,-0.016947829861877681,0.048842972067356154,0.014796015045980134,0.40160792239218912,0.017503214924615072,-0.016780105045268407,0.054613352121811107,3.1502883662158716,-0.0044358303650754117,-0.04158888161524657,3.2394837645122303,-0.0035882125773721873
hold,0,65,2,0.65600000000000047,0,0,0,0,0,0,0,30.923621499646636,32.097766957482833,0.00042825501985201825,0.012899428346170659,0.00013232777995688831,0.00018395331793151197,-0.33178925273893922,-0.13220870856431624,0.0068476838970159548,0.44199171931511277,-0.54250876604471721,0.033157419079146266,-0.0091298145932623646,2.9250647675038688e-05,0.35208077691752793,0.99970563663193057,7.8276664600145107e-05,-0.024256124487647638,0.0005238167141062691,-0.33075119868476388,0.57223528410638769,0.064030888095961649,-0.57542461542725132,-0.57585372526586609,-0.34357504410049622,0.57321180539939565,0.060344761137256793,0.57647726640441488,-0.57689605313769809,-0.061576190155083796,-0.00074802605346189805,0.025306000004487239,-0.00028171044149224533,-0.27970576589791812,-0.0091812483936490174,0.051387985340600469,0.012851869601884482,0.30109835006232433,-0.014617926780682336,-0.014072371088573933,0.040226797318077462,0.016585171808696113,0.4441310328280208,0.019262432917180015,-0.018508883872592818,0.054613352121811107,3.1502883662158716,-0.0044358303650754117,-0.04158888161524657,3.2394837645122303,-0.0035882125773721873
hold,0,65,3,0.65800000000000047,0,0,0,0,0,0,0,30.768528947043329,32.054051785842418,0.00042516315062730153,0.013336539225293452,0.00010528492974703238,0.00018406888025642278,-0.32587393070401072,0.0047024123101168562,0.013308497074024928,-0.039639399513519302,-0.5059463421090663,0.65376963467097871,-0.0092543672251938786,2.7977462745191971e-05,0.352131584119946,0.99969879224165559,7.8316179980181326e-05,-0.024536757837440956,0.00051591857669850978,-0.33066356254730772,0.57225904073796141,0.064741807912103183,-0.57545293661821761,-0.57588074585413085,-0.34349219683873883,0.57325614829814941,0.061132185720411437,0.5765242461526604,-0.57694203433832369,-0.062276315965757043,-0.0006365924649233591,0.025403601209043579,-0.00029853914306673181,-0.28071740262626327,-0.0078712188302462946,0.043818068728071466,0.011878315786838678,0.35545990807076533,-0.014160595483173256,-0.013510294132370487,0.041423630878703044,0.022171449376865555,0.39371229157732252,0.023489874122757451,-0.02299060031281154,0.054613352121811107,3.1502883662158716,-0.0044358303650754117,-0.04158888161524657,3.2394837645122303,-0.0035882125773721873
hold,0,65,4,0.66000000000000048,0,0,0,0,0,0,0,30.828085708649269,32.023019896086062,0.00042146899451599162,0.013837153745754904,9.0462637361537939e-05,0.00018410276973718711,-0.33054380689433904,0.00035263130740639906,0.013108928260392005,-0.01854826403723786,-0.50328977735630376,0.62949906207079331,-0.0093803386394503141,2.6899265897357454e-05,0.35218258479272008,0.99969184339221029,7.8348975807107727e-05,-0.024818395403357216,0.00050928000637082897,-0.33059162432939387,0.57228168317033257,0.065560012470284451,-0.57548089192602181,-0.57590723076580053,-0.34340616927178863,0.57330994916318989,0.061823398196120968,0.5765785562738458,-0.57699577972026694,-0.062985707128218021,-0.00053909842391725851,0.025500336387027093,-0.00027486089239466129,-0.2817237772886087,-0.0066117337107487921,0.035969108956921771,0.011321216185559072,0.40910227909063285,-0.013977653902101247,-0.013242455834837245,0.043013783475107772,0.026900432520225091,0.34560623785476496,0.027155060592701192,-0.026872690971600024,0.054613352121811107,3.1502883662158716,-0.0044358303650754117,-0.04158888161524657,3.2394837645122303,-0.0035882125773721873
hold,0,66,0,0.66200000000000048,0,0,0,0,0,0,0,30.972060184568207,31.910095366277197,0.00041782409269442572,0.0091829487615399628,7.8533544011014135e-05,0.00018407531947116116,-0.28329474485197348,0.1405503887582486,0.055855513542390156,-0.53700948451695185,-3.3432967515828853,0.12385511922029291,-0.009507949778987208,2.6498501660203351e-05,0.35223480937642909,0.99968464725861061,7.7310820259823934e-05,-0.02510671491358819,0.00050291620778642994,-0.33050635898745978,0.57231923470125168,0.066278673271059477,-0.57552208119623616,-0.5759474126169114,-0.34330143348054626,0.57336973278049075,0.06241790089250214,0.57663731331138535,-0.57705435014402795,-0.063805569768446951,-0.00020038211857705235,0.026112291854518146,-0.0013420464732513846,-0.28840923304333738,-0.0063098178851732981,0.042632670967056939,0.018775765459581456,0.35933040038751435,-0.020594635107173093,-0.020090925555429118,0.05236789562119127,0.029891808650430778,0.29725134819058641,0.029378518769793208,-0.029285211880487834,0.06181409956285213,3.1650787519749453,-0.0053715653790707236,-0.018216116592270293,3.2655392966898349,-0.0048784709333272863
hold,0,66,1,0.66400000000000048,0,0,0,0,0,0,0,31.016353708593211,31.962596826440247,0.00041658940361189584,0.0086745985129064399,6.8758484050345685e-05,0.00018400893489692674,-0.28825362447286706,0.13968863911779647,0.055383084605628241,-0.51500135825149107,-3.3410420173253921,0.12070993934747207,-0.009637221880908561,2.6767764276208652e-05,0.35228825446608908,0.99967719817424794,7.5245681524955274e-05,-0.025401711721344169,0.00049682008665304751,-0.33040701192940963,0.57236994749292469,0.066902076803810787,-0.57557509029335963,-0.5759998099557786,-0.34317748355166272,0.57343423958548834,0.062918948973452293,0.57669962303562983,-0.5771167909773125,-0.064636050960676719,0.00013463130800265026,0.02672254482999948,-0.0023653238784698085,-0.29509023873050855,-0.0060157972323065132,0.049673529025070905,0.025356395836486058,0.31170176637565655,-0.026504548561730592,-0.026198669433617958,0.061974964441764084,0.03225340249879257,0.25052404047507776,0.031154862122251742,-0.031220416642274932,0.06181409956285213,3.1650787519749453,-0.0053715653790707236,-0.018216116592270293,3.2655392966898349,-0.0048784709333272863
hold,0,66,2,0.66600000000000048,0,0,0,0,0,0,0,31.054015142930673,32.008036740666959,0.0004162698588394062,0.0082209953384134709,6.9163794489913869e-05,0.00018391531160525456,-0.29306392541562021,0.13871519682209113,0.055027979445538833,-0.49635145150559257,-3.3378924761109774,0.1172916692152785,-0.0097681754967223096,2.7699599115328176e-05,0.35234291683276092,0.99966949038744402,7.2190796342768297e-05,-0.025703379380227397,0.00049098414751273074,-0.33029294791599179,0.57243231265950612,0.06743380971397793,-0.57563868647165373,-0.5760631303356416,-0.34303389720577671,0.5735023992477406,0.063329208344396773,0.57676471230439841,-0.57718227585340054,-0.065476807906874129,0.00046591741955976257,0.027331183335923097,-0.0033514365289834345,-0.301764996973581,-0.0057299274908782245,0.057032006708936239,0.031182583290727556,0.26586645508357254,-0.031798089147074868,-0.031660189931492423,0.071793172943008382,0.034079831126127204,0.20512968547223653,0.032544634384277127,-0.032742438044046883,0.06181409956285213,3.1650787519749453,-0.0053715653790707236,-0.018216116592270293,3.2655392966898349,-0.0048784709333272863
hold,0,66,3,0.66800000000000048,0,0,0,0,0,0,0,31.085818527974503,32.047161701309022,0.00041667930626419769,0.0078113801310808438,7.7717693998733631e-05,0.00018380370555249459,-0.29773123144689395,0.13763683201068519,0.054778806582545414,-0.48035962604776422,-3.3338668229720287,0.11368783521160032,-0.009900830516419646,2.9286456858354384e-05,0.35239879338427976,0.99966151806367654,6.817807383831503e-05,-0.026011709682299652,0.00048540063823334273,-0.33016363379318264,0.57250503407851328,0.067876843908932963,-0.57571180090244012,-0.57613625220697828,-0.34287032348568741,0.57357331097072228,0.063650819190604377,0.57683192054406429,-0.57725009755207557,-0.066327509848668559,0.00079342887151310408,0.027938275759424386,-0.0043057211487899328,-0.30843174939343132,-0.0054523505388790359,0.064657061404583063,0.036360709503599715,0.22151709747751838,-0.036557215393191698,-0.0365609356683229,0.081786860044633217,0.035455861490843663,0.16080542310379886,0.033604119832933266,-0.033910849337525091,0.06181409956285213,3.1650787519749453,-0.0053715653790707236,-0.018216116592270293,3.2655392966898349,-0.0048784709333272863
hold,0,66,4,0.67000000000000048,0,0,0,0,0,0,0,31.112464680025798,32.0806656462223,0.00041765691938346061,0.0074367984547603063,9.2776874685128181e-05,0.0001836813448932569,-0.3022608459856419,0.1364590738977213,0.054625229997821378,-0.46646351203925868,-3.3289830009113452,0.10996667285274082,-0.010035206191285163,3.1520656308767203e-05,0.35245588112992721,0.99965327528792602,6.3235223069834685e-05,-0.026326692694475247,0.00048006166159896832,-0.330018622972305,0.57258700450948075,0.068233606431976679,-0.57579351231483777,-0.57621820795630652,-0.34268647146330161,0.57364622528148523,0.063885448201118203,0.57690069099595043,-0.57731965866849,-0.067187837432758163,0.0011170997252064096,0.028543872823729621,-0.0052323846781907948,-0.31508877476031483,-0.0051831215901716465,0.0725054104388341,0.040985215483751121,0.17838126152185807,-0.040855706198813076,-0.040977874664101611,0.091926011192886875,0.036457155381454907,0.11731450525691522,0.034385225943085462,-0.034780558207191864,0.06181409956285213,3.1650787519749453,-0.0053715653790707236,-0.018216116592270293,3.2655392966898349,-0.0048784709333272863
hold,0,67,0,0.67200000000000049,0,0,0,0,0,0,0,31.12727253359769,32.102614289013367,0.00041906460031825715,0.0070959692988547419,0.00011301026846570971,0.00018355378471166729,-0.30862198886642978,0.13528860869939668,0.051360089347586069,-0.45472922665710469,-3.175550299945892,0.11052348102314277,-0.010171307562837951,3.4396150662258955e-05,0.35251411970716157,0.99964476393537449,5.7385993828797605e-05,-0.026648021481567842,0.00047496795125077555,-0.32985809694145046,0.57267719048518773,0.068506285255192104,-0.57588293477337615,-0.5763080702253508,-0.34248269819460708,0.57372042707698667,0.064034736372309553,0.57697045497419008,-0.57739035402987271,-0.068050685776394462,0.0014377471767458741,0.029119288617175314,-0.0061350212356095215,-0.32143896987429926,-0.0049135481852960487,0.080263015427264051,0.045092987853497371,0.13633941160771523,-0.044711229269169837,-0.044931134522142438,0.10188663434727656,0.037100897750699718,0.074644085595675091,0.034881989119841222,-0.03534768069133222,0.060792942845975043,3.1633962942098819,-0.0053705659820902857,-0.018762316657464216,3.2642396221108805,-0.004877471833047581
hold,0,67,1,0.67400000000000049,0,0,0,0,0,0,0,31.145369353958685,32.126679804179844,0.00042078349384176705,0.006771684986510304,0.000137323122032037,0.00018342479981972863,-0.3128885047246176,0.13392406185332498,0.051369455456269364,-0.44374701439376846,-3.169017659312074,0.10658148910501315,-0.010309152573958294,3.7904863703653419e-05,0.35257350627892869,0.99963597822756167,5.0652250327145015e-05,-0.026975682804120098,0.00047011129173749814,-0.32968174334437689,0.57277480140316483,0.068696380096837845,-0.57597940012967141,-0.57640513576872299,-0.34225880370726419,0.57379542297100394,0.064099525074244185,0.57704084095272912,-0.57746178207657983,-0.068922505560172057,0.0017543565206972311,0.029693285883553956,-0.0070158963763626864,-0.32777613342900247,-0.004652517294271072,0.088176798536780843,0.048805458988570173,0.095047420822869239,-0.048232678147603264,-0.048532771686099152,0.11194724367145813,0.037497947008641876,0.032394350967312607,0.035192989269537234,-0.035714023353551422,0.060792942845975043,3.1633962942098819,-0.0053705659820902857,-0.018762316657464216,3.2642396221108805,-0.004877471833047581
hold,0,67,2,0.67600000000000049,0,0,0,0,0,0,0,31.160019542416826,32.146883265482209,0.00042271403950558395,0.0064633354115634107,0.0001648567606615573,0.0001832975480261899,-0.317031166158047,0.13247246309301261,0.051448886077610112,-0.4337568977575722,-3.161693108034505,0.10265120965961622,-0.010448758587166278,4.2038518084762631e-05,0.35263403803089427,0.99962691232384471,4.3053869290934438e-05,-0.027309661831361506,0.00046548353044932286,-0.32948929885027833,0.57287917666428401,0.068804989434738589,-0.57608234560452176,-0.57650881145711363,-0.34201461986350823,0.57387082502205844,0.064080289759510731,0.57711155551262283,-0.57753362376018302,-0.069803006603992288,0.0020668271905546045,0.030265875982782322,-0.0078770003308141576,-0.33409867908874186,-0.0043999264745665069,0.096222247049269682,0.052187630559590838,0.054304668950370706,-0.051472737425162784,-0.051837844195329039,0.12209192187798221,0.037701025527237579,-0.0096176573667262483,0.035357279946875105,-0.035920841801602842,0.060792942845975043,3.1633962942098819,-0.0053705659820902857,-0.018762316657464216,3.2642396221108805,-0.004877471833047581
hold,0,67,3,0.67800000000000049,0,0,0,0,0,0,0,31.171672008195745,32.163702251859547,0.00042477256582518913,0.006166359495903378,0.00019489586776498557,0.00018317427781071736,-0.3210532645229659,0.13093726838813272,0.051592046497292543,-0.4245261357576785,-3.1535884782838957,0.098756051487957297,-0.010590142398395279,4.6788622848114495e-05,0.35269571215018458,0.99961756032436233,3.4609206496531334e-05,-0.027649942165017989,0.00046107661346738853,-0.32928053929876072,0.57298977007890617,0.068832841998014024,-0.57619130225362303,-0.57661860227909978,-0.34175000274118272,0.57394633845112852,0.063977163150670299,0.57718237585273457,-0.5776056346048043,-0.070691905614500214,0.0023750523816759325,0.030837059645167041,-0.0087198560271089832,-0.3404050446636448,-0.0041556484239011482,0.10437977575881703,0.055296707311093575,0.013926281637720805,-0.054478324550654787,-0.054895410993065406,0.13230856116274392,0.037756714535014779,-0.051563304420212439,0.035410170055861306,-0.036005422310657731,0.060792942845975043,3.1633962942098819,-0.0053705659820902857,-0.018762316657464216,3.2642396221108805,-0.004877471833047581
hold,0,67,4,0.68000000000000049,0,0,0,0,0,0,0,31.433029489323935,32.458489003208342,0.00042829203019814632,0.011214313611720261,0.00022685675516071033,0.00018305651143971904,-0.34885963617106974,-0.12449868175855631,0.036767744117039314,0.50472588771076166,-3.2224644348939102,0.050930073747201106,-0.010733427198157066,5.0983477301297413e-05,0.3527584894252197,0.99960791191099807,2.7173449603535146e-05,-0.027996662152148698,0.00045674377482140594,-0.32907260022595441,0.5730862350994671,0.068993821687786699,-0.57628788782592599,-0.57671554111896706,-0.3414882007559053,0.5740129556479685,0.063995581498428336,0.57724709910937122,-0.5776710323395382,-0.07164239988089327,0.0020974272265914594,0.031388637517559624,-0.0077122466108067063,-0.34685089418438919,-0.00410913506958566,0.10396953640316352,0.048232510280445423,0.080489844886339382,-0.048292786151474525,-0.048469419933638271,0.13090099263870861,0.033308598420008176,0.009209173879018609,0.032361628318306267,-0.032698867366952655,0.060792942845975043,3.1633962942098819,-0.0053705659820902857,-0.018762316657464216,3.2642396221108805,-0.004877471833047581
hold,0,68,0,0.68200000000000049,0,0,0,0,0,0,0,31.275084553093112,32.29050857700004,0.00043014056508107468,0.012238391514446043,0.00024770616367760065,0.00018302313076398597,-0.38873309842675824,-0.12903484503950255,0.0026384195627731089,0.49426496825164029,-0.51434285712750527,-0.14520958452204952,-0.010878378413587129,5.4547070083721288e-05,0.35282141502500469,0.9995981141169954,2.0717230629850587e-05,-0.028344407500002302,0.00045209292831730299,-0.32887875901428132,0.57317013813886386,0.069290951066223211,-0.57637315930705102,-0.57680072051499154,-0.34124050876494755,0.57407229130926984,0.064132223923775211,0.57730676622229182,-0.57773091352346351,-0.072475607715031642,0.0017817963912119387,0.031462799892493898,-0.0067424601644852861,-0.34788049113553526,-0.0044543459489891747,0.09692060583655665,0.041951519698359835,0.14856468921825822,-0.042635740562498629,-0.042589698012228658,0.12384599547886402,0.029667830650679568,0.068321212673436313,0.029833556460286938,-0.029940591962676497,0.056833221452655687,3.150458175674522,-0.0052004917334256568,-0.043398020988806199,3.2375732558458381,-0.0047972991421997204
hold,0,68,1,0.6840000000000005,0,0,0,0,0,0,0,31.201897485910195,32.221303554511863,0.00043034367759404307,0.013055684606017682,0.00025638285316338162,0.00018305235403888489,-0.39242401535623656,-0.13184940291533867,0.003559624577682996,0.48654780210554022,-0.5043128637024088,-0.14392836036191745,-0.01102500965263736,5.7469484680581573e-05,0.3528844894245563,0.99958816645946058,1.5225098003454299e-05,-0.028693158071238702,0.00044712672515507488,-0.32870020925385796,0.57324366856747699,0.069720137876086635,-0.57644900976711444,-0.57687609597347322,-0.34100813152670351,0.57412656188576228,0.064382891973835746,0.57736310152542569,-0.57778706443418815,-0.073315619525114978,0.0014612072984301436,0.031537199775811195,-0.0057881511985522615,-0.34889000077696491,-0.0047968137557969567,0.089274880211680271,0.036765214306589418,0.21459340493171025,-0.037925230031703935,-0.037687729240824287,0.11618861912203175,0.027135288246237524,0.12533402503026447,0.028167651566951266,-0.028075455362310243,0.056833221452655687,3.150458175674522,-0.0052004917334256568,-0.043398020988806199,3.2375732558458381,-0.0047972991421997204
hold,0,68,2,0.6860000000000005,0,0,0,0,0,0,0,31.139367190093942,32.162261557832409,0.0004292085114855626,0.013824940251901743,0.00025520711822066191,0.00018312687636596429,-0.39642821663967365,-0.13491565759153415,0.0043160095798668863,0.48316684981480584,-0.49522684814146428,-0.1428126792131626,-0.011173335907241379,5.9739115764142038e-05,0.35294771272800368,0.99957806842224917,1.069026033316059e-05,-0.029042895619627834,0.00044184724779869502,-0.32853798007618856,0.57330868173081684,0.070278044944044174,-0.57651705414187371,-0.57694333904362982,-0.34079212442046869,0.57417768219362486,0.064744111725250991,0.57741761839566064,-0.57784105517259021,-0.074163127302009288,0.0011348155417802339,0.031611651723687878,-0.0048406783102328283,-0.34988131918915166,-0.0051373444905273135,0.081114588834696674,0.032506581669939999,0.27895353397876782,-0.03402218737963808,-0.033621535078280598,0.10800355311741237,0.025560153931298107,0.18060987570762441,0.027258435117479895,-0.026995369201023672,0.056833221452655687,3.150458175674522,-0.0052004917334256568,-0.043398020988806199,3.2375732558458381,-0.0047972991421997204
hold,0,68,3,0.6880000000000005,0,0,0,0,0,0,0,30.582209469183127,31.509533110948151,0.00042716679584118428,0.017013191811912617,0.00024597179775470788,0.00018323324463054243,-0.4072617213106311,0.12750011541675471,0.0055004477057689627,-0.48531606519403664,-0.50732998024709108,-0.0979556854966291,-0.011323402603169101,6.2561212940465024e-05,0.3530110928877141,0.9995678182372274,5.1790612928730909e-06,-0.029393643404791926,0.00043640008889517018,-0.32841994215009523,0.57338613351045398,0.071060251862800822,-0.57659937187161525,-0.57702399477355715,-0.34061182580075666,0.57423421588703805,0.065308892820345132,0.57747886766398326,-0.57790095734707225,-0.075033347963861408,0.0014110485881614955,0.031690079855195043,-0.0058219424447729581,-0.35089511897920628,-0.0052765209038673532,0.059018963046662681,0.03872588981856831,0.3911034593783228,-0.041158864870774879,-0.040327864963680876,0.090149309856006443,0.02826684670660664,0.2823905475470721,0.030624634161304249,-0.029951087241032404,0.056833221452655687,3.150458175674522,-0.0052004917334256568,-0.043398020988806199,3.2375732558458381,-0.0047972991421997204
hold,0,68,4,0.6900000000000005,0,0,0,0,0,0,0,30.609989889819651,31.543915601830847,0.00042619126705391308,0.018152973258210869,0.00024626600540269758,0.00018333007667143057,-0.41312964799991164,0.12636721379772459,0.004878802306828689,-0.46495257119438305,-0.50420005383012301,-0.094912219362163833,-0.01147523306129276,6.5929394784926279e-05,0.35307462629775166,0.99955741500291528,-1.2676606768174872e-06,-0.029745395116733856,0.00043079047280570769,-0.32834588259337805,0.57347490624080566,0.072067917901919645,-0.5766944974265138,-0.57711678535914268,-0.34046718911900614,0.57429545525135872,0.066077538340276326,0.57754589602429862,-0.57796599498369472,-0.075915229061829403,0.0016840909222306266,0.031766705018786499,-0.0067622736080222099,-0.35190270319654571,-0.0054113374646845135,0.037029778358604257,0.044386365175840235,0.50383301955941051,-0.047562777449268782,-0.046395292792743389,0.072318340875271725,0.030619682160339168,0.38432275996559628,0.033514180157678902,-0.032518818311246103,0.056833221452655687,3.150458175674522,-0.0052004917334256568,-0.043398020988806199,3.2375732558458381,-0.0047972991421997204
hold,0,69,0,0.6920000000000005,0,0,0,0,0,0,0,30.638445687001742,32.318042984987294,0.00042689910854236401,0.017581771343744404,0.00025492862560231905,0.00018342194549149694,-0.41590290267403573,0.24770295575165002,0.0022762238536113699,-0.8805789825981799,-0.1236944106191742,-0.95606363933261318,-0.011628782414294974,7.0130986055111269e-05,0.35313818761650151,0.99954688126346702,-9.5317427537157176e-06,-0.03009738965727999,0.00042332190990286236,-0.32828116906712634,0.57356056996211213,0.073099078634183356,-0.57678554436504226,-0.57720598772978593,-0.34035580492211404,0.57435817468267047,0.067052228268558819,0.57761554025334227,-0.57803313181521454,-0.076774676501106864,0.0021007956350924941,0.031780659374914429,-0.0086342292990450979,-0.352148521015617,-0.0072153475666202347,0.032356763125840016,0.042831860653246991,0.51558036613185887,-0.045523469264239599,-0.044601185321647682,0.055692098446063133,0.031359715655882671,0.48734496414124706,0.034822114521851959,-0.033568415759884368,0.054839990134522329,3.1480766228009882,-0.0051993118854357801,-0.045136171485034814,3.2353369391838598,-0.0047961198796525875
hold,0,69,1,0.69400000000000051,0,0,0,0,0,0,0,30.654598343275829,32.253735808412188,0.0004278089336923474,0.018599906752909321,0.00028386195980186933,0.00018352341335624829,-0.42162532748303522,0.24211116920180181,0.002437043338174405,-0.84077421211927639,-0.11987984115165444,-0.92141876125824018,-0.011784073070025099,7.5148755910420107e-05,0.35320177628998856,0.99953621687805316,-1.953217445243026e-05,-0.030449619379307902,0.00041406190128063386,-0.32822692403533482,0.57364481401942713,0.074154647118685177,-0.57687432293993546,-0.57729329666889206,-0.34027810744213766,0.57442211665829424,0.06823466693149649,0.57768731174455745,-0.57810199818003449,-0.07764532786506298,0.0025088849276544162,0.031794336743528259,-0.010423810828363227,-0.35238677594280093,-0.008953668929930934,0.027122515895751119,0.042122028657470854,0.5277842422509107,-0.044389287446589813,-0.043654469553090484,0.038848739988181905,0.031970987811873415,0.59121933146883787,0.035885745607611014,-0.034433182409970897,0.054839990134522329,3.1480766228009882,-0.0051993118854357801,-0.045136171485034814,3.2353369391838598,-0.0047961198796525875
hold,0,69,2,0.69600000000000051,0,0,0,0,0,0,0,31.434400385914646,32.194723977996333,0.00042776892614896506,0.014637509061917377,0.00032212664065139158,0.00018363475262889983,-0.41995319738615294,0.32298929620140043,0.0041399267887722857,-1.082660525147191,-0.092838951078543383,-0.062256669472763426,-0.01194109463593074,8.1601171878189206e-05,0.35326539087022651,0.99952542245084208,-3.1700787138671271e-05,-0.030802030004100416,0.00040474331574261543,-0.32818279099144121,0.57373084387740314,0.075233762639548965,-0.5769647205334516,-0.57738249401919206,-0.34019612487585066,0.57446889251636224,0.069427818577933703,0.57774021778218809,-0.57815270696908183,-0.078510782952819991,0.0032262079838845494,0.031807290118985664,-0.012592847385209658,-0.35257065564005924,-0.0089461480811024573,0.022066521946809477,0.04301492898802476,0.53955776043189729,-0.045198796758094684,-0.044598675149997345,0.040991283143509881,0.023387929034007895,0.59657582321860614,0.026453018815302085,-0.025354394523645379,0.054839990134522329,3.1480766228009882,-0.0051993118854357801,-0.045136171485034814,3.2353369391838598,-0.0047961198796525875
hold,0,69,3,0.69800000000000051,0,0,0,0,0,0,0,31.35356871901848,32.148416840808594,0.00042704242232045192,0.014822308211381027,0.00039006687113525779,0.00018373003184203802,-0.42538394244772681,0.31592270708351095,0.0048705672524977928,-1.0451207298257692,-0.087936456620692466,-0.063263017206011352,-0.012099868153031707,8.9454585401115496e-05,0.35332903276069372,0.99951449801585113,-4.5962612143781314e-05,-0.031154611728915548,0.00039536259251704927,-0.32814969703255248,0.57381983724157259,0.076337320285274832,-0.57705788477978126,-0.57747465881621984,-0.34011161274070922,0.57450107565459452,0.070632779282379932,0.57777709742683292,-0.57818793520010692,-0.079386758550483397,0.003926706761463148,0.031820945233601766,-0.014687053696273039,-0.35274482979667499,-0.0089437338952915481,0.01654697944436672,0.044496682084702519,0.55177882286293056,-0.046582123164806775,-0.046082398513903999,0.04225606757070597,0.016091569116165896,0.60248035222311191,0.018439822322413837,-0.017614115512556473,0.054839990134522329,3.1480766228009882,-0.0051993118854357801,-0.045136171485034814,3.2353369391838598,-0.0047961198796525875
hold,0,69,4,0.70000000000000051,0,0,0,0,0,0,0,31.28425445432368,32.109423843170369,0.00042631490279195633,0.015023092985609186,0.00046375185804384744,0.00018380674392692357,-0.43100450582069738,0.30874817174651914,0.0054434063649484443,-1.0103677661652681,-0.083650355996388384,-0.064704193766902243,-0.012260415508641778,9.8675174644199899e-05,0.35339270291849478,0.99950344357267007,-6.2248282041214389e-05,-0.031507355979388051,0.00038591542257569782,-0.32812845974634952,0.57391276590743567,0.07746627811876966,-0.57715477111439828,-0.57757069267514227,-0.3400261238401967,0.57452087493627435,0.071850612151765553,0.57780039347106682,-0.57820999576628973,-0.080273677805035498,0.0046102946215422005,0.031835078900538286,-0.016712056404194986,-0.35291052370962989,-0.0089470523193116124,0.010618643101482389,0.046464332931521149,0.56447891674741646,-0.048443167308491068,-0.048016929461220832,0.042744450256264194,0.0098996408399299029,0.60891643469281342,0.011648022116954749,-0.01103028309140501,0.054839990134522329,3.1480766228009882,-0.0051993118854357801,-0.045136171485034814,3.2353369391838598,-0.0047961198796525875
hold,0,70,0,0.70200000000000051,0,0,0,0,0,0,0,9.907157322805622,9.8469018900725231,0.00042670596653530957,0.019183971636419828,0.0005414720738438402,0.0001838641105947301,-0.10115761276885553,-0.0024130506833997343,-9.9407064679739676,0.096227741275052042,-0.34568060369695514,0.14516658306194727,-0.012421456285210365,0.00010791769860465696,0.35341669581188323,0.99949224216476273,-7.8332705195584539e-05,-0.03186078740645476,0.00037675228288665854,-0.32793530439709873,0.57371300424005123,0.078768087349130947,-0.57693354964232713,-0.57734831391819008,-0.33977003767179537,0.57424641953100108,0.073240277693475603,0.57750383670930305,-0.57791203777531319,-0.080520388284293698,0.0046212619802285266,0.0119964466942106,-0.016502234886518016,-0.35360208493894418,-0.0086694899113388263,0.096577674625398013,-0.099880833692201479,0.65090461518064191,0.11061073603557586,0.11118937847607382,0.12804308420067709,-0.13722770263661885,0.69483277085502659,-0.14827838088190623,0.1489789954882636,-0,-0,-0,-0,-0,-0
hold,0,70,1,0.70400000000000051,0,0,0,0,0,0,0,9.7475006266304209,9.7026134760049416,0.00042411501342397989,0.022220743323108381,0.00059144445602153173,0.00018275529003453965,-0.097244235575891111,-0.0088444489472916075,-9.9367566631134654,0.098656618119036643,-0.33283439874647264,0.13270541712648573,-0.012582973116892314,0.00011715225726264247,0.35340102323491357,0.9994808939154316,-9.4211701467677221e-05,-0.032214880257295235,0.00036784802968508332,-0.3275728685433712,0.57322489829665491,0.080239818254022904,-0.57640363920279325,-0.57681695894998675,-0.33934618043986536,0.57368258091699675,0.074798736089704276,0.57689741893886104,-0.5773040383654594,-0.080758415840974387,0.0046172793289927568,-0.0078362884848356094,-0.016288924676204179,-0.35426794906840442,-0.0084172764213876917,0.18121792686375188,-0.24405297169818641,0.7358654524459759,0.26495521976693814,0.2656774841016436,0.21192861596499238,-0.2819193070021484,0.77922919811433744,-0.30320888522099076,0.30399970492691414,-0,-0,-0,-0,-0,-0
hold,0,70,2,0.70600000000000052,0,0,0,0,0,0,0,9.6153146421816817,9.5836686195845004,0.00041920197104639706,0.025238588563798008,0.00063176440820029208,0.00018071415524655037,-0.094160988438043366,-0.014753228873068024,-9.9336123390749727,0.10233942806699772,-0.32275072201212485,0.12107466689216462,-0.012744952360183789,0.00012635110610853095,0.35334569460950338,0.99946939880181873,-0.00010987855096754719,-0.032569614302472606,0.00035917909577384941,-0.32704339659149939,0.57245212339832641,0.081878844432761333,-0.57557300026490987,-0.57598461734042805,-0.33875696880041811,0.57283350787624521,0.076523246783586144,0.57598961552050121,-0.57639447617475925,-0.080989621645737961,0.0045994244229442434,-0.027664312705093782,-0.016069556942904788,-0.35491364202024939,-0.0081889199496794074,0.26473597593591114,-0.38638744916425566,0.81951308936921619,0.41531946894167981,0.41617080477932589,0.29460581972361605,-0.42453652037579181,0.86225534694093064,-0.45390170917991934,0.45478109535010147,-0,-0,-0,-0,-0,-0
hold,0,70,3,0.70800000000000052,0,0,0,0,0,0,0,9.5070732078435967,9.4861982649007288,0.00041250764125224521,0.028241129069835315,0.00066406905248296566,0.00017794140866072094,-0.091835838562386404,-0.019786601754381197,-9.9311878250058143,0.10544360969498344,-0.31519106707626332,0.11919815661489985,-0.012907383776795418,0.00013549302026146057,0.3532507172442369,0.99945775665447512,-0.00012532707052951582,-0.032924974362393326,0.00035074145027105504,-0.32634879169385977,0.57139780545135477,0.08368282346610402,-0.57444837354568834,-0.57485806484769264,-0.33800452626176852,0.57170270939564427,0.078411499679592281,0.57478757877636444,-0.57519051750516992,-0.081215708305813858,0.0045709570764648124,-0.047488682633249041,-0.015844050880545323,-0.35554421730368851,-0.0079648811550297374,0.34730244881981298,-0.52715897348584673,0.90198951667134686,0.56231335961076323,0.56327624636770046,0.37622126932479194,-0.56539924030046673,0.94412644800306544,-0.60101837206835729,0.60197933479465726,-0,-0,-0,-0,-0,-0
hold,0,70,4,0.71000000000000052,0,0,0,0,0,0,0,9.4202838943174196,9.4084219682039691,0.00040446779925585458,0.031239692841179612,0.00068972236243871081,0.00017460785003013736,-0.090255451537212622,-0.022648074463401547,-9.9294412327896691,0.10889920904619999,-0.31010481588154343,0.13240167706198006,-0.013070260481802985,0.00014456993744467475,0.35311609649330816,0.99944596714903888,-0.00014054938983710643,-0.03328095021530026,0.00034256117365073666,-0.32549070001477304,0.57006454989641553,0.085650063890865907,-0.57303541382005285,-0.57344299218131867,-0.33709079289569122,0.57029311961569495,0.080462122881458792,0.57329730316367122,-0.5736981763448562,-0.081438352503783978,0.0045384585916070936,-0.067310375464366565,-0.015609733866146279,-0.35616463977340834,-0.007715124952911873,0.42904583954336506,-0.66662777746962121,0.98362021238094111,0.70647986281776709,0.70753633318701259,0.45686668303865141,-0.70479488997468198,1.0253116009332586,-0.74513780634658533,0.74617058015684479,-0,-0,-0,-0,-0,-0
hold,0,71,0,0.71200000000000052,0,0,0,0,0,0,0,9.3507269280873366,9.3462679243237297,0.00039542280681579417,0.034234057735284325,0.00071319893480323131,0.00017085792650217195,-0.089306779878099957,-0.024346719055336974,-9.9282663769540136,0.10497601554574128,-0.30712202016143303,0.14401441400925094,-0.01323357842741168,0.00015357906485135518,0.35294183605604845,0.99943402983269947,-0.00015555247731507992,-0.033637535839841713,0.00033466165116998717,-0.32447062048060682,0.56845460703531547,0.087779503106951776,-0.57133892773617223,-0.57174424140390989,-0.33601747837785578,0.56860719400710802,0.082674506515029167,0.57152380505544143,-0.5719224915482567,-0.081658972804347821,0.0045045637033402077,-0.08713021862985236,-0.015381509388699669,-0.35677910746026614,-0.0074418576674592984,0.51003976708311494,-0.8049714305500042,1.0647196080429364,0.84824304194033084,0.84937538870441109,0.53665725891770266,-0.84296280429345494,1.1061918167851854,-0.88674905411488636,0.88784239829973377,-0,-0,-0,-0,-0,-0
hold,0,71,1,0.71400000000000052,0,0,0,0,0,0,0,9.2950128583844993,9.2973363839269858,0.00038563905580581148,0.037226924445546039,0.00073286186360054526,0.00016681304277554093,-0.088916422394393846,-0.025076662215153582,-9.927590923447422,0.097018554972682927,-0.3059972201400607,0.13843100890889032,-0.013397336070523506,0.00016251692556457328,0.3527279381916324,0.99942194414349583,-0.00017035250695800875,-0.033994728921071832,0.00032703217113952095,-0.32328997599435422,0.56656992370980563,0.090070970682965434,-0.56936298717102352,-0.56976591783268082,-0.3347860631622222,0.56664703268348871,0.085048614411074017,0.56947132538500633,-0.56986772711494316,-0.081878821555913459,0.0044689303566090568,-0.10694893220802959,-0.015169709284532849,-0.35739132124399275,-0.0071788432499538006,0.590322243126298,-0.94234166275490394,1.1457337880068328,0.98797028257432995,0.98916178561454049,0.61570760781678258,-0.98008066180965903,1.1870539480224278,-1.0262398352175222,1.027382216656777,-0,-0,-0,-0,-0,-0
hold,0,71,2,0.71600000000000052,0,0,0,0,0,0,0,9.2494957519580367,9.2578596486750584,0.00037532366327190647,0.040211392683100172,0.00074847559190539988,0.00016257485458833171,-0.088986903413388274,-0.025679476426567219,-9.9273235864629878,0.090164179678846754,-0.30640743970904682,0.13160811815902299,-0.013561533940415158,0.00017138002068316024,0.35247440398771029,0.99940970941568041,-0.00018496354079568545,-0.034352530212056046,0.0003196594804635321,-0.32195006975385465,0.56441224143316937,0.092524467051695355,-0.56711109133378756,-0.56751155135941656,-0.33339789049088148,0.56441452039216078,0.087584454586364782,0.56714352168167004,-0.56753756322434445,-0.082098934945825403,0.0044315475592934753,-0.12676710196105467,-0.014972317535034479,-0.35800435153718035,-0.0069286820600273245,0.66995312024977327,-1.078841138318138,1.226748184364963,1.1259479186179853,1.1271832366321541,0.69408633567036127,-1.1162561456639464,1.2679200876453833,-1.1639018516681552,1.1650819452993564,-0,-0,-0,-0,-0,-0
hold,0,71,3,0.71800000000000053,0,0,0,0,0,0,0,9.2124240025310424,9.2259301261989588,0.0003646385651305678,0.04318675570130491,0.00076084609200712926,0.00015822752765183267,-0.089472771187637523,-0.026248614377417288,-9.927416091617717,0.084462874986770728,-0.30820171964665366,0.1253062796047229,-0.013726174436357205,0.0001801649756530267,0.35218123350743474,0.99939732488375843,-0.00019939731060541994,-0.034710943232469232,0.00031253129786652659,-0.32045210627037024,0.56198315321715286,0.095140036367817052,-0.56458627842468945,-0.56498420750229628,-0.33185420150925021,0.56191137730546881,0.090282078081700509,0.56454357268683786,-0.56493519977592066,-0.0823202479710234,0.0043924774849332295,-0.14658524013777482,-0.014786981923717963,-0.35862096794642884,-0.0066904730364582676,0.7489817417421949,-1.2145441080082384,1.3077846580608465,1.2624064545490539,1.263671928560135,0.77184449081562578,-1.2515715433460004,1.3488117476678649,-1.2999744974160947,1.301181724211915,-0,-0,-0,-0,-0,-0
hold,0,71,4,0.72000000000000053,0,0,0,0,0,0,0,9.1823094685284801,9.2001773640696509,0.00035370795152441653,0.046152546778591153,0.0007706214781453744,0.00015384012256781164,-0.09033872704296847,-0.026792195112070243,-9.9278294815493879,0.079699662854067793,-0.31126255064691954,0.11946333219610242,-0.013891261670228451,0.00018886852028681317,0.35184842590925902,0.99938478968596178,-0.00021366365076985969,-0.035069974033382925,0.00030563620200462312,-0.31879721592089594,0.55928414388234671,0.097917761794551236,-0.5617912131235161,-0.56218657457086696,-0.33015615992152569,0.55913920061120037,0.093141575744573074,0.56167426711897894,-0.56206344445219125,-0.082543616935623523,0.0043517723168932307,-0.16640379908787009,-0.014611785639091469,-0.35924370472414818,-0.0064634145094094961,0.82744517473716206,-1.3495046674030677,1.3888627133670894,1.3975326505866603,1.3988164657146365,0.84902079386224738,-1.3860883471341952,1.4297488314362847,-1.4346527839294414,1.43587766186472,-0,-0,-0,-0,-0,-0
hold,0,72,0,0.72200000000000053,0,0,0,0,0,0,0,9.1578774498238733,9.1794311469925312,0.00034262467183177048,0.049108377973883677,0.00077832201536090278,0.00014946872847149364,-0.091554270978710842,-0.027316505201399569,-9.9285296199125703,0.075701128820540878,-0.31548825523236618,0.11402350425740071,-0.014056801330563655,0.0001974874720228056,0.35147597955227605,0.99937210286704314,-0.00022777084777924917,-0.035429630993741759,0.00029896353005023766,-0.31698647579822692,0.55631662413159422,0.10085776034676336,-0.5587282611957225,-0.55912103818422343,-0.32830487305865458,0.55609949990736118,0.096163074058172246,0.5585380796546352,-0.55892478830340453,-0.082769830167602101,0.004309475867996208,-0.18622317849148678,-0.014445163760291145,-0.35987489250253052,-0.0062467960280939844,0.90537006133450448,-1.4837598753762571,1.4699992761060596,1.5314759638967745,1.5327681933217534,0.92564343143556083,-1.5198503519195938,1.5107491567995852,-1.5680937321718824,1.56932807439336,-0,-0,-0,-0,-0,-0
hold,0,72,1,0.72400000000000053,0,0,0,0,0,0,0,9.1380394132288369,9.1626953236581681,0.00033145571676305996,0.052053897617399633,0.00078436512524903031,0.00014515832990897963,-0.093092945021951465,-0.027826335651581286,-9.9294864444421282,0.072327200570002789,-0.32079049462308462,0.10893720409995698,-0.01422280056465608,0.00020601872220888745,0.35106389208932631,0.99935926338049985,-0.00024172592281574828,-0.035789924643537127,0.00029250328677644976,-0.31502092732380566,0.55308195917074732,0.10396017773323309,-0.55539955290423815,-0.55578974476132281,-0.32630140978196198,0.55279372713236097,0.099346730593598609,0.55513723574049356,-0.555521470387487,-0.082999617046212115,0.0042656250930409329,-0.20604373147486429,-0.014285836152379348,-0.36051668502641493,-0.0060399897294480288,0.98277423721063628,-1.6173324804234397,1.5512086932348614,1.6643541457421933,1.6656467114503279,1.0017316383462926,-1.6528863875001312,1.5918282677131825,-1.700421957070823,1.7016589579587709,-0,-0,-0,-0,-0,-0
hold,0,72,2,0.72600000000000053,0,0,0,0,0,0,0,9.1218687993305014,9.1491246863532254,0.00032024689801690709,0.054988763743139241,0.00078908553950690153,0.00014094443429678825,-0.094931690736239693,-0.0283252791299781,-9.9306733295336898,0.069464601601118142,-0.32709214876149634,0.10416067377886315,-0.014389267875844252,0.00021445922505595891,0.35061216054977751,0.99934627009032317,-0.00025553486050419321,-0.036150867509432937,0.00028624606379231283,-0.31290159103735049,0.54958149257223265,0.10722518349841123,-0.55180703670571596,-0.55219465540901513,-0.32414681560542286,0.54922330168957922,0.10269272948881433,0.55147376666442405,-0.55185553282986777,-0.083233655594086242,0.0042202514235357216,-0.22586576977439837,-0.014132753432950663,-0.36117108163392264,-0.0058424417074644146,1.0596681432275692,-1.7502332992573213,1.6325028825890688,1.7962580992611039,1.7975446761538429,1.0772970882695603,-1.7852127213908973,1.6729994476078629,-1.8317345380347441,1.8329687788096334,-0,-0,-0,-0,-0,-0
hold,0,72,3,0.72800000000000054,0,0,0,0,0,0,0,9.1085796089020796,9.138004597512996,0.00030902683168018696,0.057912629088688702,0.00079275152092469527,0.0001368544871704873,-0.097050304240339239,-0.02881598500960942,-9.9320665434741837,0.067021633041223549,-0.33432551573198538,0.09965555273832602,-0.014556213033547307,0.00022280598886130051,0.35012078141359859,0.99933312177235212,-0.00026920279426971067,-0.036512473979238479,0.00028018296833960167,-0.31062947893096793,0.54581656599712924,0.11065296665781252,-0.54795252452573306,-0.54833759146181238,-0.32184212538182816,0.54538963135846397,0.10620127722724255,0.54754955614593448,-0.5479288675147036,-0.083472578851527993,0.0041733819026707987,-0.24568956808944711,-0.013985053376744902,-0.36183994612670362,-0.0056536636913230827,1.1360560531912869,-1.882463287551698,1.7138915797006435,1.9272560899914275,1.9285319736013882,1.1523451117973487,-1.9168351655576306,1.7542738692141104,-1.9621052592447592,1.9633326575820986,-0,-0,-0,-0,-0,-0
hold,0,72,4,0.73000000000000054,0,0,0,0,0,0,0,9.0975075012502824,9.1287330867235248,0.00029781031881174341,0.060825134341654347,0.00079557790785329775,0.00013290910094747972,-0.09943097455472831,-0.029300373514806029,-9.9336447874783129,0.064924007852325466,-0.34243078466397309,0.095388392996399785,-0.014723646993984969,0.00023105606909995584,0.34958975067810721,0.99931981711530304,-0.00028273415664636258,-0.036874760182171541,0.00027430556090620795,-0.30820560465348062,0.54178853531978488,0.11424373194306756,-0.54383772974499056,-0.54422027277495344,-0.31938837386278063,0.54129412952245426,0.10987259889154533,0.54336637955683198,-0.54374325548078262,-0.083716980218831089,0.0041250401193276649,-0.26551536774568929,-0.01384202566995813,-0.36252502257883035,-0.0054732252415984443,1.211937138743659,-2.0140153386721593,1.7953826426275157,2.0573973903712348,2.0586593434294902,1.2268757595237698,-2.0477509180048354,1.8356608321513876,-2.0915882945512561,2.0928060169604641,-0,-0,-0,-0,-0,-0
hold,0,73,0,0.73200000000000054,0,0,0,0,0,0,0,9.0880931593848757,9.120805163833257,0.00028660120525779431,0.063725907130910031,0.00079773659616621086,0.00012912312079557615,-0.10205789308721051,-0.029779812897846467,-9.9353888054072996,0.063111521650555433,-0.35135474261333249,0.091330157936340542,-0.014891581829835696,0.00023920656300498261,0.34901906391855791,0.99930635472153473,-0.00029613280121054014,-0.037237743882323468,0.00026860580083727138,-0.30563099187275855,0.53749878363467751,0.11799769671600968,-0.53946429888541669,-0.53984434973703255,-0.3167866044096469,0.53693822918698808,0.11370693499643857,0.53892593674924583,-0.53930039997079227,-0.08396741792536376,0.0040752469525133887,-0.28534337977466295,-0.013703083348934686,-0.36322794855389817,-0.0053007465822349914,1.2873063903610311,-2.1448758425536751,1.8769823864710602,2.1867154297869327,2.1879615189604675,1.3008847265668673,-2.1779501677330724,1.9171680524466181,-2.2202214037930901,2.2214277549951662,-0,-0,-0,-0,-0,-0
hold,0,73,1,0.73400000000000054,0,0,0,0,0,0,0,9.0798676940639975,9.1137991125333908,0.00027539479255238308,0.066614564894197342,0.00079936495718635437,0.00012550654878083385,-0.10491692377349307,-0.030255264529296486,-9.9372810544698922,0.061535389878798669,-0.36104968134998583,0.087455728833524538,-0.015060030667357333,0.00024725460529219373,0.34840871634355602,0.99929273310760136,-0.00030940210148255512,-0.037601444383138206,0.00026307599910500797,-0.30290668104969631,0.53294873156768652,0.12191508857085945,-0.53483383785910077,-0.53521142984862302,-0.31403787610234302,0.53232339420857833,0.11770453895243893,0.53422987934911981,-0.5346019539707243,-0.084224418760818154,0.004024021143605545,-0.30517378750093582,-0.013567739596142105,-0.3639502661313529,-0.0051358921235260951,1.3621554115311316,-2.2750260334954828,1.9586959274248799,2.3152305131579762,2.3164599442047549,1.3743641536519338,-2.3074174892048744,1.9988019780001831,-2.3480287000629989,2.3492230000339855,-0,-0,-0,-0,-0,-0
hold,0,73,2,0.73600000000000054,0,0,0,0,0,0,0,9.0724398739172649,9.1073645461460888,0.0002641798626664485,0.069490720240377529,0.00080057259424184176,0.00012206534499838884,-0.10799532484255941,-0.030727400811615325,-9.9393054284230384,0.060156116640051299,-0.37147247464866662,0.08374343468281531,-0.015229007629725171,0.00025519736472415726,0.3477587028461242,0.99927895070463701,-0.00032254503107753425,-0.037965882441058772,0.00025770877741622292,-0.30003373484690665,0.52813984526264612,0.1259961436155636,-0.5299479335322963,-0.53032309960741775,-0.31114326946516313,0.5274511281083224,0.12186567517546863,0.52927983326751038,-0.52964954297602851,-0.084488481183919176,0.0039713797159817658,-0.32500674871589846,-0.013435588832755108,-0.36469343108398761,-0.0049783646864593883,1.4364731013948373,-2.4044431525201744,2.0405275223520847,2.442952163402214,2.4441651206026487,1.4473033185899455,-2.4361330501279603,2.0805681115148498,-2.475023040804718,2.4762054973478778,-0,-0,-0,-0,-0,-0
hold,0,73,3,0.73800000000000054,0,0,0,0,0,0,0,9.0654849834441968,9.1012120243895787,0.00025294037127401858,0.072353987796764468,0.00080144676266658606,0.00011880212199976591,-0.11128151442762246,-0.03119670046433352,-9.9414470258474097,0.058941788354060443,-0.38258380068700637,0.080174614851265008,-0.015398527785538284,0.00026303204124737743,0.34706901805111179,0.99926500585861144,-0.00033556422853705598,-0.038331080186785105,0.0002524970328791011,-0.29701324236796067,0.52307364236850018,0.13024110540452888,-0.52480817125965185,-0.52518094234701562,-0.30810389100374724,0.5223229808001133,0.12619061783158389,0.52407741708831745,-0.5244447836318008,-0.084760077906556361,0.0039173382616100802,-0.34484239750620882,-0.013306291258780236,-0.3654588204975352,-0.0048279004088252562,1.5102462394729894,-2.5331014470729598,2.1224808944826314,2.5698811363222158,2.5710786302010842,1.519689230707931,-2.564073654104523,2.1624713280576278,-2.6012080895964464,2.6023796721138792,-0,-0,-0,-0,-0,-0
hold,0,73,4,0.74000000000000055,0,0,0,0,0,0,0,9.0587351254164794,9.0951040467682525,0.00024165685704647527,0.075203991814768445,0.00080205671485690435,0.00011571674659193118,-0.11476487332107105,-0.031663525172722952,-9.9436919569987641,0.057866707256757847,-0.39434748761294647,0.076733219481377693,-0.015568607101611013,0.00027075586347344299,0.34633965635952124,0.99925089683048773,-0.00034846204959264592,-0.03869706105283386,0.00024743390750768567,-0.29384632239884839,0.5177516963120754,0.13465022448296063,-0.51941614895883703,-0.51978655259431961,-0.30492087672464613,0.51694055352504353,0.13067965018888436,0.51862425690828395,-0.51898929881490363,-0.085039658036364138,0.0038619111130327901,-0.36468084579527282,-0.013179560160265506,-0.36624773907926689,-0.0046842642949258759,1.5834599845561332,-2.660973028212394,2.2045595392158774,2.6960111504074122,2.6971948763480156,1.5915071395505591,-2.6912136375349016,2.2445161786502399,-2.7265800900167712,2.7277424084485689,-0,-0,-0,-0,-0,-0
hold,0,74,0,0.74200000000000055,0,0,0,0,0,0,0,9.0519707990874227,9.0888472549408466,0.00023030760815353352,0.078040374020660441,0.00080245718081646718,0.00011280686105280225,-0.11843557910273053,-0.032128180984683466,-9.9460271835529515,0.056910297000389388,-0.40672996336521317,0.073405449316448879,-0.015739262399306824,0.00027836608630849117,0.34557061199022587,0.9992366217963119,-0.00036124060906702466,-0.039063849706299274,0.00024251276190614615,-0.29053412580200655,0.51217563910595409,0.13922375849593918,-0.51377348822145597,-0.5141415474383727,-0.30159539478865954,0.51130550224879046,0.13533306453770155,0.51292199813214145,-0.5132847296555868,-0.08532764884790528,0.0038051114175240864,-0.38452218464767368,-0.013055151437768855,-0.36706142436451317,-0.0045472463603488051,1.6560982984209285,-2.7880286030606416,2.2867670064892791,2.8213303686905391,2.8225025779734469,1.6627409679933021,-2.8175256381265252,2.3267071744085963,-2.8511293880712572,2.8522845796584257,-0,-0,-0,-0,-0,-0
hold,0,74,1,0.74400000000000055,0,0,0,0,0,0,0,9.0450136005507158,9.0822856927569369,0.00021886962159553547,0.080862801358491665,0.00080269115333907962,0.00011006833400533172,-0.12228446667420062,-0.032590967264114597,-9.9484403862829804,0.056056226254807835,-0.41969979338599872,0.070179434457721901,-0.015910511313789875,0.000285859988565291,0.34476187901946781,0.99922217884725695,-0.00037390181418176682,-0.039431471985890254,0.00023772715254048889,-0.28707783719450186,0.50634716290968829,0.14396197281184681,-0.5078818428913271,-0.50824757534024367,-0.29812864743105549,0.50541953974786447,0.14015116263377031,0.50697231466164561,-0.50733274493403735,-0.085624457241525884,0.0037469511283999297,-0.40436648537903391,-0.012932854917962134,-0.36790105099724851,-0.004416658318564721,1.7281443037523418,-2.9142380981328819,2.3691071579538145,2.9458226650644259,2.9469860490645021,1.7333736788020122,-2.9429812504629709,2.4090490480343716,-2.9748417352479124,2.9759923607747019,-0,-0,-0,-0,-0,-0
hold,0,74,2,0.74600000000000055,0,0,0,0,0,0,0,9.0377199062912865,9.0752949883629199,0.00020731938611864842,0.08367097339148552,0.00080279211370827769,0.00010749564963368447,-0.12630291092508916,-0.033052215495606496,-9.950919856345072,0.055291707047185945,-0.43322729216655192,0.06704495020451301,-0.016082372255668689,0.0002932348704186978,0.3439134514184532,0.99920756598964355,-0.00038644739068922684,-0.03979995484246656,0.00023307081206953173,-0.28347867602551469,0.50026802053520436,0.14886514160875119,-0.50174290548473233,-0.5021063227582695,-0.29452187226575366,0.49928443658317651,0.14513425661597995,0.50077691586097639,-0.50113504823253308,-0.085930470939407214,0.0036874409267033917,-0.42421380050729418,-0.012812487096526565,-0.36876773423265191,-0.0042923307551976115,1.7995805844935753,-3.0395711872419655,2.4515843984521908,3.0694687032974044,3.0706262909871063,1.8033875826509116,-3.0675515823439761,2.4915469911048254,-3.0976994003346121,3.0988483507521449,-0,-0,-0,-0,-0,-0
hold,0,74,3,0.74800000000000055,0,0,0,0,0,0,0,9.0299754152353771,9.0677773377205995,0.00019563351522278866,0.086464629216298411,0.00080278580703734047,0.00010508224260240977,-0.13048272785537696,-0.033512319802369114,-9.9534544064149753,0.054606933219999459,-0.44728419644827316,0.063993167359740061,-0.016254864374588937,0.00030048805058842561,0.34302532308930173,0.99919278114495369,-0.00039887890296501247,-0.04016932628242028,0.00022853763226776173,-0.27973789715389114,0.49394002506327567,0.15393354937307283,-0.49535841177807816,-0.49571951891464006,-0.29077634307640216,0.49290202113513609,0.15028267034951631,0.49433755163170517,-0.49469338317571315,-0.086246059460123842,0.0036265900848639009,-0.44406416457572889,-0.012693885029660597,-0.3696625327851733,-0.0041741107373170954,1.8703894358117665,-3.1639977359643554,2.5342038821608219,3.1922468533270787,3.1934019218147265,1.8727645946757598,-3.1912077240202046,2.5742068667681743,-3.2196821146356167,3.2208325284099568,-0,-0,-0,-0,-0,-0
hold,0,74,4,0.75000000000000056,0,0,0,0,0,0,0,9.021690438157222,9.0596571828200521,0.00018378925307023508,0.089243553808890402,0.00080269165485596971,0.00010282078494836941,-0.13481609099234312,-0.03397176068184566,-9.9560332984154059,0.053994631301345089,-0.46184338963280197,0.06101643401747564,-0.016428007524400837,0.00030761686315336186,0.34209748789955552,0.9991778221498544,-0.00041119776897115821,-0.04053961531335136,0.00022412164912904471,-0.27585679101399113,0.48736504871699171,0.15916749276173786,-0.48873014384565849,-0.48908893898713723,-0.2868933701848177,0.4862741788531057,0.15559674114602146,0.4876560158874424,-0.4880095370492058,-0.086571574905949744,0.0035644062824681218,-0.46391759487309125,-0.012576901146967457,-0.37058645112467825,-0.0040618598080406363,1.9405530699500055,-3.2874881731419712,2.6169716943325172,3.3141339662098228,3.3152899637514177,1.9414864457922345,-3.3139211410152045,2.6570353982525732,-3.3407678721313898,3.3419230632536796,-0,-0,-0,-0,-0,-0
hold,0,75,0,0.75200000000000056,0,0,0,0,0,0,0,9.0127958360402332,9.050877490774349,0.00017176487290346959,0.092007583767242884,0.00080252387526252378,0.00010070703737012351,-0.13929546038373708,-0.034431123179158973,-9.9586461850167343,0.053449701627466498,-0.47687866836624521,0.058108085752998626,-0.016601822229582976,0.00031461865391931194,0.3411299397154115,0.99916268675624353,-0.00042340527081841377,-0.040910851891570371,0.0002198170297915705,-0.27183668344713657,0.48054502111985836,0.16456728278162222,-0.48185993179304237,-0.48221640597305593,-0.28287430047631834,0.47940285085321216,0.16107682181428321,0.48073414868064124,-0.48108534304978395,-0.086907352591070131,0.0035008953829750453,-0.48377409207201649,-0.012461398802910445,-0.37154044130514863,-0.0039554523204407277,2.0100537834272836,-3.4100137985666716,2.6998950099421828,3.4351060263080546,3.4362665070406502,2.0095348542496727,-3.4356639999467666,2.7400403341308754,-3.4609336034005733,3.4620969997109348,-0,-0,-0,-0,-0,-0
hold,0,75,1,0.75400000000000056,0,0,0,0,0,0,0,9.0032395207485223,9.0413965517518431,0.00015953998480280895,0.094756612449217875,0.00080229236708081629,9.8754989682214175e-05,-0.14391352182928335,-0.034891110493941745,-9.9612830624828934,0.052968932022327428,-0.4923645435294931,0.055262281210513971,-0.016776329652650222,0.00032149077627739616,0.34012267243380523,0.99914737263133124,-0.00043550256150979487,-0.041283066871030345,0.00021561806097081227,-0.26767893526645936,0.4734819270501921,0.17013324724312462,-0.47474965439931421,-0.47510379144026837,-0.27872051715189206,0.47229003198196751,0.16672328299752712,0.47357383720118384,-0.47392268138775939,-0.087253711533622047,0.0034360611790421099,-0.50363364080313566,-0.01234724841955588,-0.37252540439485482,-0.0038547740687842409,2.0788740903386143,-3.531547034833137,2.7829822307511978,3.5551386968640912,3.5563072663937767,2.076891662213133,-3.5564094356223364,2.8232305916219591,-3.5801557397286965,3.5813308310122673,-0,-0,-0,-0,-0,-0
hold,0,75,2,0.75600000000000056,0,0,0,0,0,0,0,8.9929834421340082,9.0311852243200246,0.00014734948352596727,0.097490594526938645,0.00080200340329457083,9.6928978445344133e-05,-0.14866313433901837,-0.035352553843014549,-9.9639342327778699,0.052550769938280222,-0.50827606893232724,0.052473860260102596,-0.01695155156231018,0.0003282305865035495,0.33907568001344685,0.99913187735776554,-0.00044749066832956133,-0.041656291953345262,0.00021151913862881312,-0.26338494161468301,0.46617780378952206,0.17586573344794781,-0.46740123885332424,-0.46775301535243907,-0.27443343926875813,0.46493776844861062,0.1725365157563403,0.46617701583772025,-0.46652347943391342,-0.08761095482997866,0.0033699051130766629,-0.5234962101791979,-0.012234324101671861,-0.37354219156349244,-0.0037597211791955444,2.1469968258881655,-3.6520616303350173,2.8662431024115982,3.6742077729949991,3.6753880439146625,2.143538941566975,-3.6761317666784508,2.906616379406584,-3.6984106817317972,3.6996009769229756,-0,-0,-0,-0,-0,-0
hold,0,75,3,0.75800000000000056,0,0,0,0,0,0,0,8.9820009954130366,9.0202245663049272,0.00013501912227635582,0.10020954999476583,0.00080166017005841835,9.5220779981858113e-05,-0.15353728408639686,-0.035816419267560108,-9.9665902731509135,0.052195141869990774,-0.52458869193781743,0.049738222117515225,-0.017127510302161794,0.00033483543846088041,0.3379889565048852,0.99911619843381627,-0.00045937049324626904,-0.042030559638596351,0.00020751475864506678,-0.25895613116718375,0.45863473815051697,0.18176511107447132,-0.45981665974470493,-0.46016604513102732,-0.2700145211235494,0.45734815511630916,0.17851693435940413,0.45854566546773856,-0.45888971107840648,-0.087979369925806863,0.003302425978665455,-0.54336175428081079,-0.012122500627791204,-0.37459160487019955,-0.0036701992257792931,2.2144052237496235,-3.7715328195025322,2.9496888132617549,3.7922895543096451,3.7934851107058738,2.2094590726043619,-3.7948066661507345,2.9902093015319178,-3.8156751849908601,3.8168841777534701,-0,-0,-0,-0,-0,-0
hold,0,75,4,0.76000000000000056,0,0,0,0,0,0,0,8.970274791374365,9.0085037976975659,0.0001224230774666199,0.102913567678211,0.00080126318038744844,9.3622292714137562e-05,-0.15852904336346083,-0.03628381197164933,-9.9692420116845231,0.051903311200382052,-0.54127812102903294,0.047051221075871195,-0.01730422875975195,0.00034130267767617156,0.33686249607965896,0.99910033327362269,-0.00047114281062079138,-0.042405903176661541,0.00020359950828701683,-0.25439396522642233,0.45085486325927487,0.1878317752273608,-0.45199793744918199,-0.45234489409545814,-0.2654652515259438,0.4495233325311343,0.1846649792474131,0.45068181212054637,-0.45102339544736847,-0.088359228795077224,0.0032336196076455811,-0.56323021261312656,-0.01201165073868858,-0.37567439778640405,-0.0035861225419327389,2.2810829703807176,-3.8899374456210563,3.0333320764447382,3.9093611477614703,3.9105755177845967,2.2746347988027908,-3.9124112925874317,3.0740224440044761,-3.9319266735961014,3.9331578155190181,-0,-0,-0,-0,-0,-0
hold,0,76,0,0.76200000000000057,0,0,0,0,0,0,0,8.9577947396799935,8.9960185495567035,0.0001095481219572092,0.10560280829748497,0.00080081058578903956,9.212562780540482e-05,-0.16363153324877472,-0.036755978699782629,-9.9718805075225365,0.051677767544036413,-0.5583202060142205,0.044409077739151259,-0.017481730335822565,0.00034762963476966539,0.33569629305857718,0.99908427920751541,-0.0004828082624464116,-0.042782356518828488,0.00019976805830712585,-0.24969993674839419,0.44284035515744502,0.19406614962121352,-0.44394713602922786,-0.44429161940428907,-0.26078715300498628,0.44146548375784767,0.19098112013870905,0.44258752513832855,-0.44292659510385218,-0.088750788035307712,0.0031634785467469203,-0.58310151054088688,-0.0119016426587453,-0.37679127547881808,-0.0035074137000139223,2.3470142390140643,-4.0072540509149235,3.1171871969263618,4.0254007099770641,4.0266373455845352,2.339049260478772,-4.0289243866433306,3.158070445647982,-4.047143491108903,4.0484001717581384,-0,-0,-0,-0,-0,-0
hold,0,76,1,0.76400000000000057,0,0,0,0,0,0,0,8.944556402350436,8.9827693593709288,9.638306647521272e-05,0.10827750714288523,0.00080029840444706141,9.0723179340736128e-05,-0.16883788887221196,-0.037234308599230492,-9.9744970347004127,0.051522142182659617,-0.57569082714607556,0.041808303891022622,-0.017660038913592191,0.00035381361822356942,0.33449034193916188,0.99906803348242423,-0.00049436735129517286,-0.043159954269469725,0.00019601515551896296,-0.24487556933700141,0.43459342928141398,0.20046868987104316,-0.43566636075500198,-0.43600831960399561,-0.25598178098546853,0.43317683108284449,0.19746585924820356,0.43426491494384956,-0.43460141384319156,-0.089154288884812832,0.0030919917269520108,-0.60297555970764394,-0.011792337796628487,-0.37794289487044225,-0.0034340031356595913,2.4121837056963895,-4.123462938015523,3.2012701249148163,4.1403876371129291,4.1416499001467271,2.4026860097588791,-4.1443263375015729,3.2423695547472544,-4.1613050972394872,4.162590630330298,-0,-0,-0,-0,-0,-0
hold,0,76,2,0.76600000000000057,0,0,0,0,0,0,0,8.9305595804717282,8.9687603789646353,8.291874555136497e-05,0.11093797642074685,0.00079972068076876197,8.9407676739259432e-05,-0.17414122630717499,-0.0377203329622176,-9.9770830686780592,0.05144114542919917,-0.59336578991406708,0.039245639353051635,-0.017839178827923283,0.0003598519064795273,0.33324463742227456,0.99905159326237725,-0.00050582043110015756,-0.043538731637569529,0.00019233561572718814,-0.23992241623811159,0.42611633686852446,0.20703988686523528,-0.42715775533646999,-0.42749713187782656,-0.25105072296748254,0.42465963263693046,0.2041197345940497,0.42571613050887697,-0.4260499941782393,-0.089569957165546249,0.0030191441279789318,-0.62285225844365821,-0.011683588580170191,-0.37912986449095715,-0.003365828895886496,2.476576549444919,-4.2385462064447692,3.2855984970960588,4.2543027092660077,4.2555938630845249,2.4655290089929935,-4.2585992229570238,3.3269376729230635,-4.2743922174862954,4.2757098324761458,-0,-0,-0,-0,-0,-0
hold,0,76,3,0.76800000000000057,0,0,0,0,0,0,0,8.9158071023245959,8.9539982658965585,6.9147982277702191e-05,0.1135846073288074,0.00079906958805867978,8.8172221888982661e-05,-0.17953461024356068,-0.038215724200745968,-9.9796302748311678,0.051440522755942353,-0.61132072269212712,0.036717999389891981,-0.018019174834229715,0.00036574173935871574,0.33195917443794276,0.99903495562910438,-0.00051716769586524272,-0.043918724387898157,0.00018872431690602126,-0.23484205936145813,0.41741136133387785,0.21378027019924514,-0.41842349894532044,-0.41876022907477778,-0.24599559773855686,0.41591617898383715,0.21094332336923746,0.41694335660474102,-0.41727451459720305,-0.089998003153216863,0.002944916439594217,-0.64273149216590941,-0.011575236386781465,-0.38035274412224729,-0.0033028364926678887,2.5401784383267296,-4.3524877673233036,3.3701916670049328,4.3671281955747858,4.3684514015243847,2.5275626144628323,-4.3717268265466709,3.411794387593881,-4.3863869520679799,4.3877397905181335,-0,-0,-0,-0,-0,-0
hold,0,76,4,0.77000000000000057,0,0,0,0,0,0,0,8.9003037856378437,8.9384912334938846,5.5065536216619693e-05,0.11621787191900063,0.00079833548360339936,8.7010313300298636e-05,-0.18501102169779604,-0.03872229436933617,-9.9821304982924932,0.05152702731976129,-0.6295309747737039,0.034222431405984202,-0.018200052076979074,0.00037148030880033316,0.33063394817039715,0.99901811758275505,-0.00052840916636054023,-0.044299968791629805,0.00018517619253809016,-0.2296361083553817,0.4084808146555825,0.22069041165075562,-0.4094658030945631,-0.40979981658786369,-0.24081805464455741,0.40694878971439413,0.2179372453578072,0.4079488109053746,-0.40827718666562401,-0.090438621374678646,0.002869284720808708,-0.66261313377280495,-0.01146710953557935,-0.38161204423984274,-0.0032449788459656867,2.6029755030382127,-4.4652733391476769,3.4550707257552435,4.4788479253786777,4.480206243457034,2.5887715469997334,-4.4836946347215108,3.4969609942848661,-4.4972728496832124,4.4986639657895111,-0,-0,-0,-0,-0,-0
hold,0,77,0,0.77200000000000057,0,0,0,0,0,0,0,8.5550088876628703,8.632041944406371,4.0668038137181561e-05,0.11861439510882535,0.00079750692343857855,8.5915859377171984e-05,-0.18519726356142424,-0.21790180046723073,-9.979293914645849,0.94805632661109618,-0.6297540759872513,-0.077915642933029189,-0.018381811723611096,0.0003761777244689732,0.32926897003459416,0.99900107867567101,-0.00053776346134765997,-0.044682465395380573,0.0001813876962057212,-0.22430839312924616,0.39933083573069661,0.22776664734401478,-0.40029000551357263,-0.40062114143872452,-0.23552729233755626,0.39777354672198617,0.22509320918988071,0.398748788698851,-0.39907416995765294,-0.090879823316011216,0.0023487078343200065,-0.68248906790150454,-0.0095927734526032316,-0.38287213540499726,-0.003569341097288048,2.6638576130677643,-4.5749894624429368,3.5381178466295791,4.5878987904952453,4.5893375745695728,2.6453811535005798,-4.5876214962039867,3.5779819160367481,-4.600011103261803,4.601508353985535,-0,-0,-0,-0,-0,-0
hold,0,77,1,0.77400000000000058,0,0,0,0,0,0,0,8.59750876717316,8.6752589231803938,2.7245230598514636e-05,0.12110509104279402,0.00086554386953458396,8.4844568095798894e-05,-0.19162997706678897,-0.22035679372990394,-9.9825304005828137,0.91445077170202138,-0.65121636767907087,-0.10389883037260528,-0.018564483269850624,0.00037982129869844252,0.32786423321733615,0.99898383555328674,-0.00054530014043390862,-0.045066256916485171,0.00017730915986154464,-0.21885976503784063,0.38996221852307461,0.23501098100714249,-0.39089699483172874,-0.39122513060209035,-0.23012383249341617,0.38839084324584999,0.23241345126935103,0.38934356303779394,-0.38966577932240809,-0.091335773119764818,0.0018217871147346693,-0.70236840862899408,-0.0077902775685988338,-0.38417505789560341,-0.0039409662683549309,2.7243140457027661,-4.6843086038110116,3.6221668315638609,4.6965053409219468,4.6980054183170887,2.7017299220700481,-4.6913517380680876,3.6601210397351687,-4.7026128305285191,4.7041953176224336,-0,-0,-0,-0,-0,-0
hold,0,77,2,0.77600000000000058,0,0,0,0,0,0,0,8.6303731730453954,8.7086322881545541,1.4534926539057358e-05,0.12360394962433754,0.00090510024324942499,8.3804512061278361e-05,-0.19802994005598995,-0.22246227493092946,-9.9855865977849447,0.88914676832955952,-0.67253104729887958,-0.12859862245270609,-0.018748096078490886,0.000382398854460982,0.32641973157154208,0.9989663847991207,-0.00055107209901771059,-0.045451385776476817,0.00017289278419404738,-0.2132912311013701,0.38037600956304685,0.24242529098417043,-0.38128787495843025,-0.38161291408408687,-0.22460840634027207,0.37880140218686381,0.23990004343355728,0.37973374137453186,-0.38005265164404539,-0.091806404320130902,0.0012887778812697326,-0.72225082289702913,-0.0060429257682186313,-0.38552052378925522,-0.0043586840859994981,2.7842669682352583,-4.7931044800138727,3.707154988513973,4.8045599366492349,4.8061082590017419,2.7577130765720437,-4.7947205294930821,3.7432960821031207,-4.8049108316310409,4.8065638391813561,-0,-0,-0,-0,-0,-0
hold,0,77,3,0.77800000000000058,0,0,0,0,0,0,0,0,8.7207420515734899,2.3158953916316283e-06,0.12429635024190358,0.00092070534777726073,8.2800817574717637e-05,-0.12380576910303626,0.039151227508172765,-9.9135271212052007,-0.45859333053956541,-0.4196196714944726,-1.2057050310150315,-0.018932313806458361,0.00038484827524797065,0.32493567774711157,0.99894874693379743,-0.00055786994573550901,-0.045837344909998821,0.00016610876423061688,-0.20761227816500619,0.37058223978108373,0.25000858528797587,-0.37147331014970453,-0.37179516060049889,-0.21910653246730791,0.36924058960561162,0.24737327955668073,0.37014817267923839,-0.37046078440620273,-0.092108863983738104,0.0012247103934943284,-0.74202691221525607,-0.007175612931850729,-0.38635696155120303,-0.006677678360093608,2.8394764681819646,-4.8968848909815605,3.791647151902712,4.9072824043628751,4.9088767417939945,2.750936936482077,-4.780406290626094,3.736618061561729,-4.7927843476467249,4.7959336189213237,-0,-0,-0,-0,-0,-0
hold,0,77,4,0.78000000000000058,0,0,0,0,0,0,0,10.357314936071598,0,2.4972051158853037e-05,0.12688648475650485,0.00080299468787656085,8.185629921521254e-05,-0.14246023613884073,-0.31554413307235729,-9.9294902862211298,1.7492844975373598,-0.48132176310551528,1.2276452901932213,-0.019117221661438529,0.00038612604410423256,0.32341202659319435,0.9989309169271372,-0.00056106048538632689,-0.046224260928317863,0.00016161643372755233,-0.20194263546037977,0.36081142083828727,0.25758011809219317,-0.36167704080138902,-0.36199269851636995,-0.21347625699042727,0.35943323507733438,0.25504956932596345,0.36032080967024865,-0.36062822870214689,-0.092453927490084728,0.00063888442813095781,-0.76182557695860476,-0.0034673191421709672,-0.38732352540713977,-0.0045542492720924066,2.8348213523132104,-4.885409471398245,3.7857664021086581,4.8981346741577507,4.9012310420644658,2.8151377384403213,-4.9036772641386221,3.8381448846413497,-4.9136815044948543,4.9162778520279264,-0,-0,-0,-0,-0,-0
hold,0,78,0,0.78200000000000058,0,0,0,0,0,0,0,10.139453966318626,10.491841526189678,4.3694200877665568e-05,0.12988908981842176,0.0010242268425440003,8.0267814901837398e-05,-0.24534579663413281,-0.26360706666119266,-10.019451625149211,0.99536123624019113,-0.83210377563415028,-0.25456786203873993,-0.019303286232055981,0.00038611816313312714,0.32184852180494561,0.99891286065003759,-0.00056228617077906293,-0.046612832599160485,0.00015652253384184972,-0.19612922118776058,0.35077677879510594,0.26536586339515467,-0.35162070330916056,-0.35193134852979047,-0.20771462131746729,0.34938153052872789,0.26293094296024466,0.35025283226783738,-0.35055584137620271,-0.093032285308725787,-3.9404855526988707e-06,-0.78175239412436448,-0.001532767060634296,-0.38898784724559637,-0.0052468918336345495,2.9067071363095955,-5.0173210215906598,3.8928726514807614,5.0281687461142237,5.0306749932897539,2.8808178364799879,-5.025852274303233,3.9406868171405898,-5.0339887012056339,5.0361936629720816,-0,-0,-0,-0,-0,-0
hold,0,78,1,0.78400000000000059,0,0,0,0,0,0,0,10.312714630118426,10.232104065506483,5.6080979299419353e-05,0.13297406079525201,0.00098821497556350981,7.8991501868122218e-05,-0.25196145468709791,-0.15200801688927582,-10.021877293572382,0.34136635637848878,-0.85381991426893222,-0.11214085983631719,-0.019490537999752758,0.00038541573240939459,0.32024515962946087,0.99889457334397047,-0.00056284051461757609,-0.047003103106211377,0.00015117178746638075,-0.19017927509978305,0.34049092781954365,0.27336057911633926,-0.34131669585229918,-0.34162315022268264,-0.2018193515505837,0.33907975194325668,0.27102357659421761,0.33993775949977828,-0.34023702969901259,-0.09362588384838913,-0.00035121536186626795,-0.80168108774237345,-0.00087452348479575518,-0.39069556628548319,-0.0055356713063396861,2.9749730439887676,-5.1429254877811337,3.9973578605923032,5.1520037284306941,5.1540991535539042,2.9476348834417903,-5.1508892927356049,4.0463168169864776,-5.1575363840295365,5.1594058385950721,-0,-0,-0,-0,-0,-0
hold,0,78,2,0.78600000000000059,0,0,0,0,0,0,0,10.047197486784786,10.367226363153922,6.139223469159294e-05,0.13590191867237908,0.00086701217834533005,7.8097403431650115e-05,-0.25814165606250883,-0.02928417478860202,-10.023727268767301,-0.20563265441830375,-0.87400667899825923,-0.023853712431549118,-0.019679005469274778,0.00038462186150463177,0.31860193818182808,0.99887605045411421,-0.00056380809283446056,-0.047395112558154498,0.00014579171499723076,-0.18409396405411724,0.32995509192437961,0.28156711585359806,-0.33076628078314568,-0.33106919912573929,-0.19579487768998344,0.32853476450621322,0.27932453210243707,0.32938156150842335,-0.32967752662539462,-0.094233734761009671,-0.00039693545238140611,-0.82161072381640765,-0.0012890749666265822,-0.39244358322959427,-0.005546484820638518,3.0426555228329106,-5.2679179475820153,4.1032683686293874,5.275207534576758,5.2769755484716736,3.0122369303001264,-5.27249371852173,4.1504777541097368,-5.2780989956774604,5.2797515368089725,-0,-0,-0,-0,-0,-0
hold,0,78,3,0.78800000000000059,0,0,0,0,0,0,0,9.806064666374489,10.083358320163768,6.0791876213155127e-05,0.13876296043155004,0.00074040265231945619,7.7463559282820401e-05,-0.26016134993068774,-0.02961285771443857,-10.021804325693882,-0.15317974696457334,-0.88012532616274808,-0.014144158062296797,-0.019868698282772712,0.00038372993335301242,0.3169188666468008,0.99885728939723084,-0.000565083200764739,-0.047788873053300457,0.00014039689536947462,-0.17787917658933852,0.31917909917026627,0.28998110379261,-0.31997862294701063,-0.32027839981841505,-0.18964682988287793,0.31775569382385843,0.28783003492788861,0.31859304171508851,-0.31888593432963641,-0.094846406748966369,-0.00044596407580968012,-0.84153576751365211,-0.0015973475517533568,-0.39420389328766287,-0.0055475925296600715,3.1073937323893634,-5.387996377056659,4.2069939695059544,5.3938289180675225,5.3953996536621327,3.074023903552753,-5.3895353411774041,4.2527514127257566,-5.3942598966674282,5.3957961478790928,-0,-0,-0,-0,-0,-0
hold,0,78,4,0.79000000000000059,0,0,0,0,0,0,0,9.5964277974445906,9.8371066236460987,5.5231583227614844e-05,0.14156678639852621,0.00063841578793943801,7.6929470242972919e-05,-0.26263000158241134,-0.029875040262148239,-10.020234449495016,-0.11111221286923019,-0.88775448198774287,-0.0067244857606342072,-0.020059628124228766,0.00038273452154135088,0.31519595323534594,0.99883828740548208,-0.00056658108834612656,-0.048184399697709344,0.00013499824084958599,-0.17154022418879306,0.3081716857335714,0.29859894488818445,-0.30896193807029554,-0.30925877029275223,-0.18338029272924444,0.30675064803788932,0.29653704475661491,0.30758005948004313,-0.30786996001383532,-0.095464920728026592,-0.00049770590583076194,-0.86145670572743993,-0.0018204400116896933,-0.39597950505283286,-0.0055417408470713496,3.1694762002727286,-5.5037067183474448,4.3089205477872392,5.5083424383575554,5.5098147628314162,3.1332685768167465,-5.502522892984568,4.3535049143631452,-5.5064911175227005,5.5079871579005442,-0,-0,-0,-0,-0,-0
hold,0,79,0,0.79200000000000059,0,0,0,0,0,0,0,9.0733121287783227,9.633478509775987,4.7514649634143591e-05,0.14413489782081895,0.00055594490835861104,7.6462978821214593e-05,-0.26183448227683764,-0.12558248623605031,-10.015816519643757,0.38389243278691842,-0.88446195390554616,-0.18265924116765461,-0.02025179185741496,0.00038112247933463829,0.3134332144247417,0.9988190433008981,-0.00056732984911340414,-0.048581685690584846,0.00012919667920803101,-0.16508100431738379,0.29693824582459205,0.30741885363750426,-0.2977208940876116,-0.29801485227850905,-0.17700557423591676,0.29553834294057546,0.30543568111324043,0.29636122681227778,-0.29664797954414318,-0.096081866593097628,-0.00080602110335628607,-0.88136940530212804,-0.001091971972142529,-0.39774834871455789,-0.0059812402739481017,3.2296099357046271,-5.6167199544896675,4.4099543746599066,5.6205219913419766,5.6219590071215801,3.187359246663847,-5.6061525486569321,4.4493181783127573,-5.6094163338826837,5.6109902348460574,-0,-0,-0,-0,-0,-0
hold,0,79,1,0.79400000000000059,0,0,0,0,0,0,0,8.9599953834704458,9.1146590082022545,3.7506901799419512e-05,0.14674657254236573,0.00049937541762749241,7.602386457218869e-05,-0.26164815615419551,-0.23830697784264962,-10.011998208899472,1.0470868366562893,-0.88322281755509191,-0.31094247064480945,-0.020445189121950522,0.00037829972689319935,0.31163066493582292,0.99879955587695046,-0.00056601728742348056,-0.048980728416509647,0.00012267120584514928,-0.15850923655613305,0.28549177121876834,0.31643386098925164,-0.28626754836556478,-0.28655851604346599,-0.17052764323134456,0.28412700419603004,0.31452390092795124,0.28494509492492875,-0.28522847527430811,-0.096698632267780735,-0.0014113762207194705,-0.90127474445938027,0.00093138234794968439,-0.39951468376336008,-0.0068054048409876338,3.2858838806253643,-5.7232373029118548,4.5075036758736848,5.7266728610233955,5.7281681175215287,3.2389655022861028,-5.7056693722726957,4.5441099073554012,-5.7080659436745087,5.7097521349175384,-0,-0,-0,-0,-0,-0
hold,0,79,2,0.7960000000000006,0,0,0,0,0,0,0,8.879470482115007,9.0232518757858724,2.5435831109109353e-05,0.14934250111138114,0.00050109803498576304,7.5614480023036956e-05,-0.26635429397267024,-0.23762066924131753,-10.01222049654992,1.0182675959187679,-0.8984350742478544,-0.3353788786014022,-0.020639841767897259,0.00037426595398247877,0.30978830801363855,0.99877982147102706,-0.00056270364780931857,-0.049381558050745497,0.00011537499286033492,-0.15182812887378083,0.27383679610604367,0.32564371250472796,-0.27460644583371058,-0.27489426779974563,-0.1639492122528742,0.27252047218914388,0.32380190576123302,0.27333532004047983,-0.27361508309147303,-0.097326322973368795,-0.0020168864553602932,-0.92117846109219881,0.0028919477564606161,-0.40131135371599297,-0.0076742146358212788,3.3405538411761118,-5.8274875563623247,4.604925757738167,5.830551265927113,5.8321241218601694,3.2892154892351848,-5.803266003443067,4.639002416640885,-5.8048874422244623,5.8066960914175532,-0,-0,-0,-0,-0,-0
hold,0,79,3,0.7980000000000006,0,0,0,0,0,0,0,8.8060373771603757,8.9402563779613295,1.159973231840139e-05,0.15192505404576107,0.0004781438942186066,7.5225442827759283e-05,-0.27113350889932164,-0.23697460352962493,-10.012419579683614,0.99870624610502623,-0.91386563541279775,-0.35876642048018503,-0.02083577199051612,0.00036901955456940168,0.30790614704975622,0.99875983633611209,-0.00055743061527213731,-0.04978420520346398,0.00010726244133514542,-0.14504073718350075,0.26197752816515341,0.33504848074025245,-0.26274180570550409,-0.26302629830939522,-0.15727292700908721,0.26072239099019462,0.33327015154492168,0.26153540232583861,-0.26181128934063236,-0.097965111309430669,-0.0026231997065385448,-0.94108048194117555,0.0048082870716460507,-0.40313880274795583,-0.0085873087958996345,3.393695845140047,-5.9296339704451428,4.7023841177622607,5.9323200641032496,5.9339847451752092,3.3381426218935011,-5.8990405994746196,4.7341228918443266,-5.8999588573206019,5.9018968754203307,-0,-0,-0,-0,-0,-0
hold,0,79,4,0.8000000000000006,0,0,0,0,0,0,0,0,0,0,0.14930060337448103,0.00043434126209814655,7.4849931779172755e-05,-0.062905995036075801,0.0012899033783125412,-9.8457649674973755,0.03433340327915476,-0.20864343094092883,-0.026688637326204585,-0.021032035317234063,0.00036376478490617118,0.30598463993870734,0.99873966787488855,-0.00055209162797031453,-0.050187261218230021,9.9092911153424553e-05,-0.1382787124908274,0.25016254770263724,0.3444350521751629,-0.25091655176330646,-0.25119485284114196,-0.15062314943522973,0.24896869216584291,0.34272143271870864,0.24977396668178831,-0.25004324573558723,-0.098131663358972041,-0.0026273848316152567,-0.96075355552443475,0.0048711773591968094,-0.40355625984111293,-0.0086477085454286871,3.3810123463366732,-5.9074902312580901,4.6932857174552165,5.9126269710988133,5.9157227341266285,3.3248887869287453,-5.8768494121758472,4.7256405868934914,-5.8807178220251437,5.884021802522561,-0,-0,-0,-0,-0,-0
hold,0,80,0,0.8020000000000006,0,0,0,0,0,0,0,10.400342425343743,10.543782203901628,1.8937684682973632e-05,0.15566865735508875,0.00042528796048130934,7.3808986623886399e-05,-0.32072375789439861,-0.28203946640862776,-10.043487954390336,1.233377527155413,-1.0799712465131384,-0.46280899779925788,-0.021229801995294947,0.00035704843212696838,0.30402325300248573,0.99871922880789077,-0.00054433560859681483,-0.05059246614660412,8.9873923071560552e-05,-0.13138968533499978,0.2381006358392278,0.35406222439204599,-0.23884744067296126,-0.23912046531892422,-0.1438560208534064,0.23698308690940165,0.35240762914210411,0.23778479117863899,-0.23804824682478279,-0.098883339030441275,-0.0033581763896013911,-0.9806934681107996,0.0072321314749358191,-0.40571570636103782,-0.0098183076168532786,3.4445135779138156,-6.0309559317047237,4.8135861084415508,6.0345555451725978,6.0371937611088633,3.3835642909116639,-5.9928026282206304,4.8430982116977432,-5.9945877515746577,5.9974994554022176,-0,-0,-0,-0,-0,-0
hold,0,80,1,0.8040000000000006,0,0,0,0,0,0,0,11.079559726631864,10.224734857237305,3.2826146374807796e-05,0.15668730143473744,0.00037457886818908896,7.3052401152195125e-05,-0.33643766708340145,-0.30383143421891556,-10.050791945599657,1.3237332487045885,-1.1313600685820822,0.40096556077086043,-0.021429144038619438,0.00034902313641915354,0.30202197174476125,0.99869851114279606,-0.00053389510848080024,-0.050999923373770399,8.1320632752288093e-05,-0.1243771598525384,0.22580195256199834,0.36392385739549349,-0.22654438027519372,-0.22681268982064262,-0.13695072942383338,0.22475143724527408,0.36223689484759997,0.22555191936970093,-0.22581086857101224,-0.099671021662246409,-0.004012647853907406,-1.0006406288622278,0.0099464993072230327,-0.40797981925632898,-0.0092904779180110041,3.5062627412306933,-6.1493416386147324,4.9308165017237551,6.1515301988837692,6.1538877491408037,3.4526457147865086,-6.1158248320637814,4.9146328527479231,-6.1164359044690277,6.1186891268852719,-0,-0,-0,-0,-0,-0
hold,0,80,2,0.8060000000000006,0,0,0,0,0,0,0,11.167899869186128,11.430151273358295,5.362304509520105e-05,0.15924381708760937,0.00032121797446906398,7.2593895629927997e-05,-0.36568892739970499,-0.015098162802016934,-10.067578369973106,-0.27055224911741116,-1.2289171857935108,-0.037136667939386414,-0.021630194762333087,0.00034096898546250449,0.29998075697809656,0.99867750042073666,-0.00052399891269057364,-0.051409826788384107,7.2719444541048388e-05,-0.11721516330370693,0.21324562192636912,0.37393948442208508,-0.2139863473921888,-0.21425117518514103,-0.12990145432833769,0.21226580273505757,0.37222178913235332,0.21306638234846284,-0.21332190931644909,-0.10052536185682391,-0.0040270754783245195,-1.0206073833323555,0.0094001051993998358,-0.41043769927034562,-0.009311836172132458,3.5809982744157347,-6.2781653178146115,5.0078135132957824,6.2790164415024519,6.2807573177507887,3.5246375477478384,-6.2428172551082444,4.9924471423766645,-6.2427685106190429,6.2444796272815681,-0,-0,-0,-0,-0,-0
hold,0,80,3,0.80800000000000061,0,0,0,0,0,0,0,10.719801998737609,10.94469016112231,6.7372906452846382e-05,0.16187461141103882,0.00015548272331529609,7.2357835505837582e-05,-0.36355116675707677,-0.014361152068803463,-10.060951851738315,-0.20223491850291453,-1.2204894899600525,-0.022027620830935117,-0.021832945142292226,0.00033288257101896887,0.29789963224983818,0.99865619457893051,-0.00051450901305552554,-0.051822159368303145,6.40937693460154e-05,-0.10991284577858136,0.20044651241786496,0.38410519851923386,-0.2011875454893402,-0.20144965884957586,-0.12271728957359827,0.19954070710304742,0.38235834301884769,0.20034236958309096,-0.20059513637056461,-0.10137518997956921,-0.0040432072217678151,-1.0405623641292001,0.0089927562006945957,-0.4128787818902584,-0.0093166545792168348,3.6511587625627833,-6.399554754252085,5.0828570485743914,6.3994009514242967,6.4007581677825884,3.5920823773697093,-6.3625478160050752,5.0682769432471888,-6.362006382685947,6.3633864729422394,-0,-0,-0,-0,-0,-0
hold,0,80,4,0.81000000000000061,0,0,0,0,0,0,0,10.335033030442155,10.527959865777721,7.1153454257052995e-05,0.1644256578478055,2.0362341421910606e-05,7.2265828106990017e-05,-0.36253251417455401,-0.013543119531290013,-10.055198693167895,-0.14776993149985607,-1.2158297049928795,-0.010485236560904755,-0.022037391230509035,0.00032476192664719302,0.29577861871935335,0.998634591152462,-0.00050531541989264777,-0.052236911606024249,5.5461212505885735e-05,-0.10247822649431645,0.18741753110849385,0.39441775354297598,-0.18816039092037817,-0.1884202039163444,-0.11540620079537947,0.18658872952209937,0.39264332125813983,0.18739223063172167,-0.18764257911110813,-0.10222304410840445,-0.0040603221858879195,-1.0605067652424229,0.008696183084555862,-0.41531058729897369,-0.0093093976008339335,3.7173096421324541,-6.5144906546855461,5.1562775118710675,6.5135772844810145,6.5147274666157236,3.6555443891093988,-6.4759887904740188,5.1424891196460845,-6.4750694756846485,6.4762786297282471,-0,-0,-0,-0,-0,-0
hold,0,81,0,0.81200000000000061,0,0,0,0,0,0,0,10.004653040509632,10.17024117864735,6.6715308999057421e-05,0.16690867015442157,0.00012044018303197248,7.2259185222764441e-05,-0.36249691476428403,-0.012659660118662616,-10.050186669316139,-0.10437194648622841,-1.2144714695758871,-0.0018383843097265684,-0.022243533540688427,0.00031660623007452555,0.29361773554821036,0.99861268731223285,-0.00049633053564829971,-0.052654080578386511,4.6834658057649637e-05,-0.094918357663434871,0.17416989460219798,0.40487454625968528,-0.1749157468919928,-0.17517340904058631,-0.1079751956984403,0.17342078119217397,0.40307418205605,0.17422672875992637,-0.17447476080198951,-0.10307115508969622,-0.0040778482863337321,-1.0804415855714917,0.0084877868435663563,-0.41773970646469838,-0.0092937056499761764,3.7799344154407906,-6.6238182531479302,5.2283963583546402,6.6223220141926884,6.623397437879043,3.7155025484695816,-6.5839741649626973,5.2154303989550899,-6.5827509358976437,6.5839091545593087,-0,-0,-0,-0,-0,-0
hold,0,81,1,0.81400000000000061,0,0,0,0,0,0,0,9.3359711426388543,9.8761335782208874,5.5551775284823357e-05,0.16910709324391737,0.00021211530644458555,7.2294689238113952e-05,-0.3578779723735615,-0.12353212613295229,-10.041918514973013,0.51466295003442042,-1.1978549273509012,-0.15273570041353562,-0.022451351773724544,0.00030782801809670307,0.29141701052627217,0.99859048240536419,-0.00048633388932208416,-0.053073632778665517,3.7847668376045833e-05,-0.087238115772366717,0.16071044460172643,0.4154747122458034,-0.16145980884651373,-0.16171531304250758,-0.10043736385265321,0.16005908369730573,0.4136399246466001,0.1608681601601101,-0.16111364734221673,-0.10390911651805824,-0.0043891059889112453,-1.1003625109690911,0.0094789058950724425,-0.42013534918881701,-0.0097080830329438639,3.8401209455340752,-6.7297250002357725,5.3000829930590703,6.727969022739539,6.7290479990393735,3.7689159228935472,-6.6808487474341227,5.2828712952750436,-6.6792842999081339,6.6805567298863906,-0,-0,-0,-0,-0,-0
hold,0,81,2,0.81600000000000061,0,0,0,0,0,0,0,9.1428653001585545,9.2440401267541219,3.8888039971596289e-05,0.17131099958827778,0.0002860324219538567,7.2323752688026752e-05,-0.35448553369135205,-0.25223333189221925,-10.034720788234832,1.3355568538276554,-1.1853736755584343,-0.1888073654422141,-0.022660831215274877,0.00029776934606024684,0.28917646839729755,0.99856797549620746,-0.00047368999120882158,-0.053495543066735651,2.8340668974639122e-05,-0.079446325196518092,0.14705365423072428,0.42621059426485042,-0.14780617708634342,-0.14805930468540193,-0.092799561009760806,0.14651417449242168,0.42433927618289224,0.14732758142991292,-0.14757016693914568,-0.10473972077516676,-0.0050293360182281192,-1.120271064487302,0.012094591488364181,-0.42250598908159664,-0.010368994470076326,3.8958952879243141,-6.8283951855010692,5.3679410095235092,6.826815880085161,6.8280041785528267,3.8189014214462005,-6.7724546024420276,5.3496757681460725,-6.7702893650985896,6.7717402015355193,-0,-0,-0,-0,-0,-0
hold,0,81,3,0.81800000000000062,0,0,0,0,0,0,0,9.0016044937469815,9.098391720869655,1.9436241363988971e-05,0.17351427844390821,0.0003054514983060056,7.2348313188082055e-05,-0.35862263651205656,-0.24991491181843112,-10.032693959241939,1.2992143691217577,-1.1980483329810094,-0.22253573454944139,-0.02287199132528674,0.00028643482603376576,0.28689612046102991,0.99854516207500854,-0.0004584752310021353,-0.053919836461443445,1.8249090402210417e-05,-0.07154694999144981,0.13320507323358355,0.43708309911815696,-0.13396057973594397,-0.13421105468295846,-0.08506530138195123,0.13279103868754488,0.43517331845509644,0.13360987535699814,-0.13384916043647799,-0.10558005500593093,-0.0056672600132405271,-1.1401739681338234,0.014630287014234692,-0.42490187625202036,-0.011091386365674461,3.9496876025341372,-6.9242904985703619,5.436252426653259,6.9227986751997248,6.9241250012217339,3.8671298139047892,-6.861567902438396,5.4170211361020906,-6.8588530364573872,6.8605032513338466,-0,-0,-0,-0,-0,-0
hold,0,81,4,0.82000000000000062,0,0,0,0,0,0,0,0,0,0,0.17181332801790977,0.00035672371723120431,7.2358128653745522e-05,-0.082395850231515688,0.0054616353642916865,-9.8476423948033567,0.10747656583275089,-0.27104453263918521,-0.050322480848059861,-0.02308357825154694,0.00027508865457211341,0.28457643385963183,0.99852213866193185,-0.00044305120989546843,-0.054344661586055124,8.0451759607724997e-06,-0.063677020891123731,0.11940884362404978,0.44793364406102659,-0.12016197652539624,-0.12040681361437156,-0.07736251366971672,0.11912064814289317,0.44598725779433646,0.11993878307309774,-0.12017192483008521,-0.10579346313009944,-0.0056730857308261769,-1.159843300699043,0.014833080369449282,-0.42544410766804808,-0.011215082075142739,3.9349645501630368,-6.898114804766883,5.4252724714348144,6.8993016052738607,6.9021205342934575,3.8513938561172525,-6.8351952723258584,5.4069696696199996,-6.8355461419501964,6.8386178031963896,-0,-0,-0,-0,-0,-0
hold,0,82,0,0.82200000000000062,0,0,0,0,0,0,0,10.519538647305989,10.628458808226139,1.3811413330733213e-05,0.17670615243043586,0.00038583344322125476,7.1655931651446613e-05,-0.42062662599670675,-0.29515450833560863,-10.062892486306588,1.5690204997445751,-1.4031930293922097,-0.31043500143678882,-0.023297128368525905,0.00026221526763965176,0.28221688012511364,0.99849878178417495,-0.00042452753283263626,-0.054772278966530835,-2.9504714229358874e-06,-0.055679280276317272,0.10538098202806809,0.4589568787422541,-0.10613402891548733,-0.10637402124734385,-0.069544707972401684,0.10523477242498787,0.45697077010205162,0.10605615708228906,-0.10628374803817826,-0.10677505848948268,-0.0064366934662308138,-1.1797768672591016,0.017884958898728789,-0.42825003341383872,-0.012175329163567852,3.9988703074032288,-7.0139307979908478,5.5116173406137587,7.0139738049544578,7.0163961835138515,3.9089028486575161,-6.9429378589526491,5.4917561538575717,-6.941312995404342,6.9440883959534725,-0,-0,-0,-0,-0,-0
hold,0,82,1,0.82400000000000062,0,0,0,0,0,0,0,10.161065759305535,10.265935592919305,2.0783093945785092e-05,0.17922130514004736,0.0004552371458996906,7.1215142745441594e-05,-0.41886181284871526,-0.28658949659481558,-10.056441587027766,1.5099386371344961,-1.3958984383790118,-0.34118387614825674,-0.02351263447977545,0.0002478487723998265,0.27981748226682834,0.99847508840586374,-0.00040302586593425567,-0.055202673705084943,-1.4794050748444619e-05,-0.04756121130255004,0.091133030614762509,0.47015056837951008,-0.091887869373241782,-0.09212347865063665,-0.061618768079286207,0.09114418785044727,0.46812195823663749,0.091972022431620545,-0.092194352302039484,-0.10775305562477332,-0.0071832476199126354,-1.1996989291426585,0.020811900396089836,-0.43104128448481871,-0.013186279558888035,4.0590344868836166,-7.1239757066527885,5.596844818627984,7.1230797711227751,7.125271298353602,3.9629699465577395,-7.045292287270299,5.5755940672929416,-7.0420673253342558,7.0446978680693926,-0,-0,-0,-0,-0,-0
hold,0,82,2,0.82600000000000062,0,0,0,0,0,0,0,9.848708638276948,9.950009532399875,2.0176388442399995e-05,0.18171188404953909,0.000557818867846613,7.0959238515781855e-05,-0.41792383186642523,-0.27895242726635688,-10.050567521376136,1.4703413541816088,-1.3913615139666582,-0.36946264469811729,-0.023730093145062251,0.00023201717561877912,0.2773782617923089,0.99845105517927002,-0.00037862874205705767,-0.055635836412228752,-2.7538877794622111e-05,-0.039329489173085708,0.07667506296017268,0.4815130126632412,-0.077433264759533355,-0.077664697849259084,-0.053590922444719573,0.07685840073512272,0.4794393753036299,0.077695315001980361,-0.077912441001824179,-0.10872933264340046,-0.0079157983905236932,-1.2196102372597346,0.023653094855324127,-0.43382338691094163,-0.014247110552997249,4.1158610647321652,-7.2289838272949174,5.6812221418655486,7.2273023068542122,7.2293904006887839,4.0139228172833175,-7.1428935576622754,5.6587085334962133,-7.1383537148200933,7.1409556501076557,-0,-0,-0,-0,-0,-0
hold,0,82,3,0.82800000000000062,0,0,0,0,0,0,0,9.5763207886996042,9.6746014116287977,1.3286586706004466e-05,0.18418256242502962,0.00068772793238658847,7.0829633002624027e-05,-0.41769640385238516,-0.27212127419973481,-10.045177435702341,1.4470957173439405,-1.3891900055052304,-0.39587618963132254,-0.023949504154917922,0.00021474318365419858,0.2748992389606788,0.99842667847293765,-0.00035138588072312785,-0.05607176242127658,-4.1236293932691361e-05,-0.030990100745214841,0.062015877123392696,0.49304304776927632,-0.062778789764959431,-0.063006059147521665,-0.045466840872712466,0.062385811539507501,0.49092204136788764,0.063234010961745135,-0.063445812848361885,-0.10970550492783546,-0.0086369959822902662,-1.2395114158150575,0.026441372477038559,-0.43660107962528621,-0.015357604886738428,4.1696942139354336,-7.3295929183899924,5.7650175530175636,7.3272374972869603,7.3293193508687109,4.0620407860035534,-7.2362945978076105,5.7413330321288774,-7.2306520201176099,7.2333140767311459,-0,-0,-0,-0,-0,-0
hold,0,82,4,0.83000000000000063,0,0,0,0,0,0,0,0,9.4139847455380057,1.2301286439198034e-06,0.18442669994816063,0.00084046909665650999,7.0782065716297205e-05,-0.25402060182799302,0.044094781524393174,-9.9417079158916408,-0.40303832040980625,-0.84167207631861407,-2.2726157222250647,-0.024170124525849979,0.0001970424153211905,0.27238066636045516,0.99840201486401836,-0.00032520250923738427,-0.056509356988234248,-5.9427036880174911e-05,-0.022561377036485655,0.047174286271065666,0.50473738672157864,-0.047944174646611035,-0.048167022817486381,-0.037366104580485095,0.047962824697087451,0.502381885335758,0.048815748934639219,-0.049019790222304106,-0.1103101854660293,-0.0088503841665040356,-1.2592863001118162,0.025131568750035978,-0.43828156445605931,-0.019785053070278943,4.2143618543645918,-7.420795426163517,5.847169476151139,7.4173075591741986,7.4195181650176423,4.0503681461136862,-7.2114934212100232,5.7299219839351858,-7.2091310135529589,7.213011313028888,-0,-0,-0,-0,-0,-0
hold,0,83,0,0.83200000000000063,0,0,0,0,0,0,0,10.936466784940396,0,1.8662611676371899e-05,0.18741232163356714,0.0011374881161606573,7.0060100135785111e-05,-0.28281517744325857,-0.35038997024511559,-9.9581276597949238,2.5619696148027722,-0.93730627731679006,2.0730334642915369,-0.024392086008031371,0.00017812698619658666,0.26982250610004282,0.99837705350360506,-0.00029366910022289534,-0.056948813456539314,-7.3768635891967841e-05,-0.014148368890882217,0.032373674943394659,0.51641010235475004,-0.03314381251664919,-0.033359780541979127,-0.029166986709565721,0.033327063170072641,0.51403823343086108,0.034189952819906569,-0.034386802127183598,-0.11098074109069511,-0.009457714562301928,-1.2790801302061787,0.030690583653129405,-0.44015825026737287,-0.016245010270495082,4.2065040728017191,-7.4003056638355051,5.8363578165856955,7.4001810649809237,7.4036211377536256,4.0995589354596866,-7.3178807635074063,5.8281740475515615,-7.3128980573663229,7.316494047560254,-0,-0,-0,-0,-0,-0
hold,0,83,1,0.83400000000000063,0,0,0,0,0,0,0,11.040212715254794,10.865067250276493,3.371447988903542e-05,0.19071348851735048,0.00098565859155148872,6.9663827007479046e-05,-0.4888002250968585,-0.14254842002654433,-10.070121300594788,0.55771252909857638,-1.6212293699601921,-0.20926803257174001,-0.024616324851181582,0.0001584856625680075,0.26722450988712432,0.99835171167488435,-0.00026104566177088376,-0.0573914959062094,-8.8592542547279708e-05,-0.0056185405973208629,0.017347872459500861,0.52828784188146616,-0.018122831363518686,-0.018332505027697364,-0.020855891143139814,0.018465855937743959,0.52590670575686616,0.019342236066288071,-0.019532381101121161,-0.11211942157510485,-0.0098206618142895833,-1.2989981064592651,0.031751503477710712,-0.44340044153034391,-0.016789586501231791,4.2649141467806766,-7.5129012419468992,5.9388697633580314,7.5104905765652514,7.5136377571408817,4.1555477832129526,-7.4306036161643405,5.9342361630025335,-7.4238583768092496,7.427210513031218,-0,-0,-0,-0,-0,-0
hold,0,83,2,0.83600000000000063,0,0,0,0,0,0,0,10.528353141621867,10.43024266798176,3.6971524095756603e-05,0.19361809197583002,0.0012506564402221081,6.9507216262366654e-05,-0.48087479549993339,-0.13118318871543228,-10.05994666813525,0.59377464766763266,-1.593245478278186,-0.22040240912853171,-0.024842806017942965,0.00013815449328702739,0.26458670947761986,0.99832598820003682,-0.000227261645361058,-0.057837348107066845,-0.00010392548630414798,0.0030199199950533429,0.0021094510746382713,0.54036676429184505,-0.0028929513370575689,-0.0030965792338989735,-0.012442357697160053,0.0033940784198809217,0.53798121914938102,0.0042867629168221611,-0.0044703421980559679,-0.11324058338069087,-0.010165584640490057,-1.3189002047522165,0.032881135310253502,-0.44658663591853087,-0.017365253156250551,4.3192302961871025,-7.6192106924312952,6.0394612051894487,7.6149400132305587,7.6179628968991953,4.2067667229898804,-7.5358887589315184,6.0372566962574084,-7.5277365747329545,7.5310194515325968,-0,-0,-0,-0,-0,-0
hold,0,83,3,0.83800000000000063,0,0,0,0,0,0,0,10.106715392963229,10.502488427531134,3.057421604828886e-05,0.19651959832104887,0.0014962620569706608,6.9505893529080552e-05,-0.48312107356531198,0.047910652863335623,-10.055486251222568,-0.37112984369302771,-1.598802148135267,-0.027264244900739344,-0.02507154063675766,0.00011806431433945884,0.26190912358632124,0.99829987770760287,-0.00019422143300186162,-0.058286381098323528,-0.00011927062182693295,0.011763328827654709,-0.013337519920425863,0.55265104948945654,0.012541123363326486,0.012343566271587225,-0.0039324906162914869,-0.011880421836694539,0.55025890209792117,-0.010970025119460701,0.010793019677806799,-0.11436730940734839,-0.010045089473784272,-1.3387929456493155,0.032138113858128613,-0.44978456055566363,-0.017335167958990469,4.3717044163006831,-7.7234854975320673,6.1421425988057452,7.7170373501920277,7.720072752743099,4.2549335404342834,-7.6372501282877296,6.138841474270091,-7.6283940181414307,7.6316809379313835,-0,-0,-0,-0,-0,-0
hold,0,83,4,0.84000000000000064,0,0,0,0,0,0,0,9.710945024283193,9.6317367855000544,1.6423953097852162e-05,0.19935240673957821,0.0017155176548682739,6.9573597935114364e-05,-0.46698323667252284,-0.11271152396372248,-10.04132847825273,0.69883411257949202,-1.5438975886235331,-0.21695969341306984,-0.025302456374086409,9.7341617550200134e-05,0.25919179206249698,0.99827338270992083,-0.00015981086912168223,-0.058738484599107216,-0.00013513096716254901,0.020600381074377717,-0.028974470342276421,0.56512940910631126,0.028162937553328684,0.027971682056373424,0.0046635120307058318,-0.02734139697271664,0.56273399541963809,-0.026411158732318821,0.026241070800956452,-0.11545786866437383,-0.010361348394629349,-1.3586657619121236,0.033476397502443841,-0.45287199807626838,-0.017930016930906987,4.4185261233615041,-7.8184752109252784,6.2391798084273828,7.8109070950010988,7.8140578923930999,4.2980013234986592,-7.7304875680110507,6.2375466608584809,-7.7205668064290585,7.724025561574825,-0,-0,-0,-0,-0,-0
hold,0,84,0,0.84200000000000064,0,0,0,0,0,0,0,0,0,0,0.19681425115048568,0.0019098570986640388,6.9692749950058837e-05,-0.089711460775088292,0.017373382709889279,-9.8386965276169001,0.27411006320539311,-0.29175021999021228,-0.095722496286894082,-0.025533839386898086,7.6611718606329378e-05,0.25643515878888062,0.99824664702281452,-0.0001248642130769127,-0.059191158552242162,-0.00015121468060582001,0.02940501358786151,-0.044556495170640788,0.57758625933723151,0.043735822444145089,0.043553161446211755,0.013222441107617599,-0.042745503718110561,0.57519055790210227,-0.041802639796956517,0.041641683263978824,-0.11569150640583881,-0.01036494947193538,-1.3783166368081905,0.033998482379093774,-0.45345549513078648,-0.018184612308260701,4.402316256741897,-7.7910124141821822,6.2284251154601229,7.786442445408202,7.7907396949191652,4.2794645384558834,-7.7020533726969598,6.2282812412321045,-7.6957405323188466,7.7003062315111848,-0,-0,-0,-0,-0,-0
hold,0,84,1,0.84400000000000064,0,0,0,0,0,0,0,11.061163021070316,11.469796748082743,2.1781398710486732e-05,0.20371075584576626,0.001996261893362947,6.9133763660289522e-05,-0.54314015483229938,0.064919003682790896,-10.069092081820436,-0.28020715625541215,-1.7924068075302626,-0.01675942122992349,-0.025767750827016763,5.6179084960880377e-05,0.25363874035363143,0.99821949070731875,-9.0478419389107234e-05,-0.059647398909725535,-0.00016729907468789656,0.03832041907346441,-0.060369430616679237,0.59028794106002946,0.059533192166603244,0.059358791337342884,0.021881850847489996,-0.058373541987663195,0.58788783090757124,-0.057413795860094909,0.057261605997247986,-0.11695572005933873,-0.010216316822724499,-1.3982092176245968,0.033439049893940226,-0.45704062889030306,-0.01815260259108234,4.4577027428014482,-7.9064677230192233,6.3508408613989848,7.8986848612290794,7.9028149455655647,4.3297048699362,-7.8140191347763173,6.3486365027344762,-7.8055780315691949,7.8099613666345808,-0,-0,-0,-0,-0,-0
hold,0,84,2,0.84600000000000064,0,0,0,0,0,0,0,10.512223869312628,10.860596559244964,3.1718535432330441e-05,0.20692669269828734,0.0021651076218605434,6.8834104914138763e-05,-0.52754586323686037,0.068485947046516948,-10.05543049423064,-0.21319921776444223,-1.7390680439963704,-0.001507032044499871,-0.026004120914760426,3.605150742226993e-05,0.2508025750089915,0.99819191534480345,-5.6517862026624562e-05,-0.060107098787392198,-0.00018336129933881751,0.047336139949794236,-0.076396778290705375,0.60322678839981803,0.075539811720119948,0.075373708248154314,0.030631378604325354,-0.074209888890555173,0.60081909037000691,-0.073229757440926233,0.073086325886149633,-0.11818504387183086,-0.010063788769305224,-1.4180826723199711,0.033016433917147439,-0.46051905794261327,-0.018105491518063861,4.5078604381649123,-8.0136738370130729,6.4694236698942973,8.0033097767583481,8.0074584554057111,4.3747638784176779,-7.9181734514459912,6.4656297312178186,-7.9079807904156638,7.9123599444508201,-0,-0,-0,-0,-0,-0
hold,0,84,3,0.84800000000000064,0,0,0,0,0,0,0,10.040220962971173,10.337063553018133,3.0124801853485816e-05,0.21012491152943502,0.0023061193183630301,6.8705601116197265e-05,-0.51369895614441019,0.072029671532246362,-10.043022701236666,-0.16068736566672259,-1.6916016984591871,0.0093184784748264332,-0.026242887782203329,1.6237730295077308e-05,0.24792669772589668,0.99816392194515569,-2.2876367047422684e-05,-0.060570163026578493,-0.00019938573154396942,0.05644285924201551,-0.092624358183718419,0.61639655558004469,0.091742449502575596,0.091584961198828529,0.039461753690641581,-0.090241135762130845,0.61397895891339926,-0.089237657528810216,0.089103248490900705,-0.1193834337214519,-0.0099068885635963111,-1.4379386415474169,0.032700813292763711,-0.46390252441112306,-0.018048856295721779,4.5533596461106365,-8.11378994650652,6.5848835901133285,8.1013188912278231,8.1056264753371039,4.4151875431581127,-8.0156234357878358,6.579934271696164,-8.0039500439419928,8.0084613023755331,-0,-0,-0,-0,-0,-0
hold,0,84,4,0.85000000000000064,0,0,0,0,0,0,0,0,9.850359470853526,1.9176559497291468e-05,0.20894919303365811,0.0024250542267843815,6.8682368587874514e-05,-0.29593166402990179,0.23736067231764241,-9.931356383020244,-1.1579047121024535,-0.96913936297408987,-2.1639248831519087,-0.026483062341190876,-3.0695099665486113e-06,0.24501134380494513,0.9981355931229049,8.1919063386309364e-06,-0.061035149336033497,-0.00021958963311014771,0.065619919344103994,-0.10903219114122659,0.62978748478572144,0.10812116032885735,0.10797294179262236,0.048264223776212672,-0.10622409995041328,0.62712240978052824,-0.10520547837906269,0.10508180264135158,-0.12008727949377271,-0.0096536201308129593,-1.4576769604757767,0.029879540661940679,-0.46584179987194441,-0.022064902373392543,4.5885300510442395,-8.2039164787540866,6.6954646028383706,8.1893554131408806,8.1939902968969172,4.4012350427855473,-7.9914820941412152,6.5717254335645015,-7.9839104251262336,7.9892770752254396,-0,-0,-0,-0,-0,-0
hold,0,85,0,0.85200000000000065,0,0,0,0,0,0,0,12.074175055016108,10.983730242192305,2.2377476724864953e-05,0.21257655604901843,0.002617956867935616,6.800353737537115e-05,-0.62814359444522128,-0.15153813092005231,-10.077328893050852,1.4739156420849706,-2.0627958769057346,0.18643634466957781,-0.026726155340101723,-2.3175957644323776e-05,0.24205624729912767,0.99810679254473045,4.222606616845535e-05,-0.061504239563603159,-0.00023960119415913607,0.074916391085562917,-0.12566086259250253,0.64334185781476727,0.12471991585568647,0.12458036968952273,0.057183635471073864,-0.1224438367745008,0.64044364479747706,-0.12140382648910625,0.12129003934137178,-0.12154649945542351,-0.010053223838887583,-1.4775482529087356,0.03285254219163574,-0.46996620792015226,-0.02205401376746649,4.6482358707294642,-8.3143357256379655,6.7771865145229224,8.2993777634145598,8.3037139484501825,4.4597058474305964,-8.1098684120437614,6.6606175084743979,-8.0991740550217806,8.1041183500100971,-0,-0,-0,-0,-0,-0
hold,0,85,1,0.85400000000000065,0,0,0,0,0,0,0,12.004346593988608,10.433772317516215,5.6671284985071457e-05,0.21600082116240094,0.0026851548075105796,6.7754652410991417e-05,-0.62410736947554968,0.052539106695854425,-10.068515651031953,0.11256939156058356,-2.0469607485248971,0.5256645431397825,-0.026972149603134404,-4.2941211792095249e-05,0.23906143799786075,0.99807751647711418,7.6550520641823725e-05,-0.061977402178617455,-0.00025857703540841569,0.084319290041231704,-0.14248990614690676,0.65705477136473278,0.14151703320850376,0.14138618678241674,0.066218249567802034,-0.13890281934808688,0.65395488034857174,-0.13783705579578007,0.13773253814711314,-0.12299713151634073,-0.0098826270738857341,-1.4974046506334582,0.03320698426723806,-0.47406001727323804,-0.021038051094256341,4.7014494778343963,-8.4145217772021166,6.8564567749827425,8.3985586764086388,8.4029085464470121,4.5173070483640814,-8.2294912867930403,6.7556177755473623,-8.2166146533369044,8.2212494028706864,-0,-0,-0,-0,-0,-0
hold,0,85,2,0.85600000000000065,0,0,0,0,0,0,0,11.243021026568027,0,7.5463125246526264e-05,0.21914021428170627,0.002753397620178418,6.7811086124568189e-05,-0.35518073231163683,-0.1698184797128687,-9.9486274615395107,1.4567059153628314,-1.164635958866008,3.0393399719334688,-0.027219823791936638,-6.2746746330015948e-05,0.23602713732933914,0.99804787041659293,0.00011415990424494786,-0.062452874407922562,-0.0002716663544182872,0.093701843610816932,-0.15927142854900039,0.67074501470759074,0.15827498380353797,0.1581548478724662,0.07534034429713074,-0.15557256900550975,0.66764525195543079,-0.15447648196342725,0.15438132764759166,-0.12383709440111675,-0.0099027672689603503,-1.5171503342608117,0.036851055218810505,-0.47638682281134542,-0.01536635563204778,4.6912767847926169,-8.3907612010468071,6.8451216714289966,8.3789752975170995,8.3843305450247296,4.5610473646643515,-8.3348748287114454,6.8451858034295245,-8.3197130838235971,8.3243947502392537,-0,-0,-0,-0,-0,-0
hold,0,85,3,0.85800000000000065,0,0,0,0,0,0,0,10.70285202465343,11.657758498116692,8.0974392533503248e-05,0.22264510471212134,0.0027629178152113448,6.80764098780606e-05,-0.64012707420929382,0.11465582318951796,-10.060510080307672,-0.22867822633409018,-2.0938443184333804,-0.21188237439220584,-0.027470473996943759,-8.2121633392052507e-05,0.23295316789963516,0.99801773267450178,0.00015128745583978731,-0.062932512019893763,-0.00028514946675618308,0.10319816472029655,-0.1762807314854038,0.68462862968208604,0.17525496160629267,0.17514528489748074,0.084556995082030711,-0.17244904176307202,0.68151826870365606,-0.17131989534103573,0.1712343293703617,-0.12532510250356049,-0.0096874435310182767,-1.5369847148519891,0.03634675801334529,-0.48057495736947697,-0.015728946508471411,4.7481605547398136,-8.504651468201704,6.9418074872476589,8.4899889013773535,8.495218512507277,4.6083253924499852,-8.4382363787811325,6.9365083741126119,-8.4217066888042336,8.4265008613850192,-0,-0,-0,-0,-0,-0
hold,0,85,4,0.86000000000000065,0,0,0,0,0,0,0,10.182872983320866,11.00085840469298,7.5650240528184198e-05,0.2258528853460246,0.0028655993446224646,6.8440854799699979e-05,-0.61849293305797826,0.11674768982116721,-10.044841719576437,-0.18502024234634989,-2.0206572693439351,-0.17872003012778917,-0.027724003177379788,-0.00010105498853243161,0.22983957005752254,0.99798710655444589,0.0001880243049209353,-0.063416168424878377,-0.00029896530482242392,0.11279656400912516,-0.19350083621372838,0.69870107567078166,0.19244087295144557,0.19234185977196872,0.093857610880787992,-0.18951823081410035,0.69557044648427868,-0.18835350564580153,0.18827807625386928,-0.12676459021801448,-0.009466677570189555,-1.5567989210563058,0.035937110560097955,-0.48461668112890965,-0.016035956084854041,4.7991996444143066,-8.6100523641622946,7.036222994347801,8.592955672576446,8.5982874372439824,4.6503078993786415,-8.5345945255141729,7.0260888903113328,-8.5168051523829043,8.5218734417537902,-0,-0,-0,-0,-0,-0
hold,0,86,0,0.86200000000000065,0,0,0,0,0,0,0,9.7377693508078949,10.438326430377716,6.1664174981455877e-05,0.22905481275269884,0.0029520017879607592,6.8844854740277803e-05,-0.59901663734766475,0.11899726304393277,-10.030580372244129,-0.15147124293582179,-1.9546873511899834,-0.1530785731378822,-0.027980324060653244,-0.00011953584097906833,0.22668638065696509,0.99795599466059526,0.00022444050925248815,-0.063903711447206704,-0.00031306662597161658,0.12248664431075035,-0.21091725749507848,0.71295884396721509,0.20981883214467056,0.20973104265056769,0.1032326641935376,-0.2067682020130652,0.70979934937628297,-0.20556544074713862,0.20550095083538053,-0.12816044163672763,-0.0092404262233183616,-1.57659470027872,0.035600260301176391,-0.48852643104081611,-0.016299944931015702,4.8450401508125953,-8.708210640675043,7.128884148216728,8.6889795966125014,8.6945914392994901,4.6875266563748088,-8.6249855994824181,7.1144514460021266,-8.6059675506685469,8.6114372907556334,-0,-0,-0,-0,-0,-0
hold,0,86,1,0.86400000000000066,0,0,0,0,0,0,0,9.3570454223050277,9.9566453948261469,4.0855848475802869e-05,0.23227114430647927,0.0030255436920509681,6.9246747956449713e-05,-0.58122299042380443,0.12140781750607503,-10.017493409425672,-0.12611277843036342,-1.8943696746285397,-0.13388456480697572,-0.028239356988309858,-0.0001375531147973196,0.22349363352842375,0.99792439907243002,0.00026058900094480449,-0.064395020201104505,-0.0003274180841713357,0.13225907170967202,-0.2285176436605714,0.72739942960420667,0.22737684964146082,0.22730112599706742,0.11267349095928574,-0.2241887953854183,0.72420352678604283,-0.2229454720838083,0.22289292999785676,-0.12951646382830637,-0.0090086369091256432,-1.596373564270672,0.035318397678100286,-0.49231551570515991,-0.01653176913414894,4.8862136994608329,-8.8001930827464587,7.2202928184958148,8.7790087483951229,8.7850416732498662,4.7204133828740638,-8.7102966861765498,7.2020887048799374,-8.6900156683348442,8.6959895812381216,-0,-0,-0,-0,-0,-0
hold,0,86,2,0.86600000000000066,0,0,0,0,0,0,0,8.7672631299122656,9.1815231013670662,1.4776435416301303e-05,0.23532490923116095,0.0030888743101386614,6.9618734234092793e-05,-0.5466407138691014,0.33902290096733567,-9.9985824137410795,-1.961600128860201,-1.7786109673945456,-0.010627464376529228,-0.02850094575657397,-0.00015389246111085749,0.22026137024541043,0.99789233042195602,0.00029282225654017147,-0.06488986432869534,-0.00034153706662932,0.14209558411599851,-0.246274910796251,0.74200817446457434,0.24508638191960805,0.24502420738545841,0.12217395996105247,-0.24177284415854963,0.73877457151355064,-0.24048857219855233,0.24044882456816657,-0.13079438413205585,-0.0081696731567689456,-1.61613164150666,0.031427539007848511,-0.49587523598134053,-0.016046887810341526,4.9182562031632484,-8.8786335678397972,7.304372430183852,8.8547661390736181,8.8615406941954884,4.7502345008833675,-8.7920243865656627,7.2855223637539011,-8.7715500573720142,8.7779472851549123,-0,-0,-0,-0,-0,-0
hold,0,86,3,0.86800000000000066,0,0,0,0,0,0,0,0,0,0,0.2341467733622945,0.0031712137032377987,6.9876527112495979e-05,-0.056952074365085315,0.022361939715829122,-9.8149964115521673,0.31991058882552414,-0.18094511106935199,-0.24222767535489231,-0.028762864627207854,-0.00017027013983164795,0.21698986004100457,0.99785999110677293,0.00032566253567956722,-0.065385053548667652,-0.00035618077195857648,0.15189251110976745,-0.26397850614426693,0.75660331771723344,0.26275080239637683,0.26270392445020158,0.1316258870166358,-0.2592999218706471,0.75333802868221167,-0.25798185515166971,0.25795691075543925,-0.13095943531694129,-0.0081888393603952291,-1.6357551022029342,0.031999431095146171,-0.49623711079695865,-0.016609885830233144,4.89846349688447,-8.8517976740079565,7.2975716263295354,8.8322102383843859,8.8398585323715757,4.7259635277916674,-8.7635388560487311,7.2817285843305113,-8.7466414765586862,8.7540430936363443,-0,-0,-0,-0,-0,-0
hold,0,86,4,0.87000000000000066,0,0,0,0,0,0,0,0,10.368042114227539,9.1610498163460785e-06,0.23539660124962547,0.0032924068126986045,6.9471977583270586e-05,-0.33915449401462572,0.41835636115271518,-9.9104611769361775,-3.0622634083999341,-1.0931652310562214,-3.1532184637366201,-0.029026397032567392,-0.00018537699427941537,0.21367898652007375,0.99782726056409943,0.00035197998636926772,-0.065882412450625788,-0.00037671596755963198,0.16174405537659373,-0.28186064666749244,0.77139773372650411,0.28058326613325901,0.28055328662879742,0.14105087468930494,-0.27678847687403141,0.76789436353722074,-0.27544573398522648,0.27543645388915011,-0.13176620267976885,-0.0075534272238837142,-1.6554367604654123,0.025106246080547987,-0.4984319722749016,-0.022061705768845644,4.9257721334131315,-8.9410702616127509,7.397208004635357,8.9162318684410788,8.9246810892979145,4.712493836334569,-8.7442775016921583,7.2781674275045587,-8.731939416778383,8.7397715668554188,-0,-0,-0,-0,-0,-0
hold,0,87,0,0.87200000000000066,0,0,0,0,0,0,0,12.058571496281962,10.027906650913916,3.811215642652438e-05,0.24308102494076855,0.0035993210307611687,6.8473012842633661e-05,-0.66298667038011061,0.20986491682768507,-10.022348232811758,-0.39001430872772669,-2.1528006056210396,0.76281396576336113,-0.029293016742383715,-0.00019935986659310085,0.21032860787296001,0.99779399609627961,0.00037762113131317552,-0.066384050773747011,-0.00039567583694286539,0.17166644733612543,-0.29992686639167748,0.78640733350780856,0.29859249356625656,0.29858071756105414,0.1505531167134973,-0.29451247558160909,0.78271072889906268,-0.29313270980364614,0.29314009182256334,-0.13330985490816127,-0.0069914361568427378,-1.6751893235568673,0.024536996113349502,-0.50273697247150573,-0.020443940484928973,4.961195979765848,-9.0331098620925196,7.5047998906522366,9.0046137164987599,9.0137154661283656,4.7511210120961769,-8.8619993537888497,7.4081826809209677,-8.8434879092098377,8.8518189667066132,-0,-0,-0,-0,-0,-0
hold,0,87,1,0.87400000000000067,0,0,0,0,0,0,0,11.277820633511539,9.6058380206779006,6.4502551528962393e-05,0.24734263065082882,0.0034509601017108866,6.8443600851475462e-05,-0.62657465840172843,0.21072235623601315,-10.00452206379661,-0.45559975399075597,-2.032216112492613,0.62588359197252696,-0.02956255957112363,-0.00021224395835111597,0.20693875939277262,0.99776020744851601,0.00040243768667883696,-0.066889727455075682,-0.00041332455652237589,0.18164969681051812,-0.31816615250510383,0.80163099581995434,0.3167676594702869,0.316775703111915,0.16011874400354048,-0.31245243025436775,0.79778069542900909,-0.31102474912374822,0.31105023557047767,-0.13477141436995804,-0.0064420458790075659,-1.6949242400936899,0.02380306082514181,-0.50680105089616934,-0.01907962587736475,4.9916247371963482,-9.1196430567131674,7.6118311560729124,9.0875829520151772,9.09749277543043,4.7828136450215908,-8.9699773363793387,7.5349832649731949,-8.9460196600510375,8.9550718739571558,-0,-0,-0,-0,-0,-0
hold,0,87,2,0.87600000000000067,0,0,0,0,0,0,0,10.529015871051854,0,7.6124823551328158e-05,0.25148923466975059,0.0033169771106068076,6.8753816707663179e-05,-0.31821669286196219,-0.14870638495082333,-9.9034135637932295,2.1345426863809944,-1.0355249567633977,2.8355554875997973,-0.029833624286643417,-0.00022526564122250079,0.20350955495182854,0.99772602260194243,0.00043189359492103738,-0.067397449178866226,-0.00042559959329110979,0.19160723970389784,-0.33636422832577501,0.81684306889578739,0.33491236615227504,0.33494103449066093,0.16971695480452859,-0.33057664973548451,0.81309066191199808,-0.32908779582765019,0.32913393137938168,-0.13553235775989428,-0.0065108414356924126,-1.7146022204720375,0.028792471628779258,-0.50886393466104929,-0.014027644595414017,4.9787714466898612,-9.099037910335591,7.6060365379165011,9.0723533409940593,9.0826656893729538,4.7991054004940494,-9.0621097405583839,7.6549832414944809,-9.0315233519509697,9.0418479044519966,-0,-0,-0,-0,-0,-0
hold,0,87,3,0.87800000000000067,0,0,0,0,0,0,0,10.045852436551705,10.757872917592165,7.5982888052265884e-05,0.25620225265404262,0.0031988367802216933,6.8395068998578686e-05,-0.61271726468522725,0.2859368533098573,-9.9887883022190298,-1.2203194975800749,-1.9815066784487152,-0.13361113826598764,-0.030107551173439672,-0.00023697883046542954,0.20004092742600554,0.99769131027261648,0.0004588980445970839,-0.067909108351561179,-0.00043797487481789287,0.20162339845028532,-0.35475899455220011,0.83231264691865814,0.35323988554938313,0.35329150329959169,0.17935826112602493,-0.34888948446835766,0.8286462213812209,-0.34733141282371077,0.34740006186970551,-0.13696344339812783,-0.005856594621464371,-1.7343137629114955,0.026341734887084241,-0.51282906802881745,-0.013960963288723788,5.0080793731937332,-9.1973831132125419,7.734789011435347,9.1637596985540526,9.1752344044653942,4.8206531607481686,-9.1564173664365747,7.7777797346113964,-9.1218084980302958,9.1330652451619105,-0,-0,-0,-0,-0,-0
hold,0,87,4,0.88000000000000067,0,0,0,0,0,0,0,9.5265648981412845,10.556963879478394,6.6210788935497367e-05,0.26072810662614304,0.0031371961587650945,6.8375786967255652e-05,-0.58062212014674719,0.15916328472432689,-9.9749477802329576,-0.043303097441651339,-1.8764039456913657,-0.40944785509232479,-0.030384195817237884,-0.00024816954970156526,0.1965329002800123,0.99765607757240149,0.00048576198299346318,-0.068424493957668753,-0.00045115937788063772,0.21169255705488521,-0.37334980109490107,0.84804802942439472,0.3717514813741174,0.37182841240546916,0.18902854324657201,-0.36737311378305926,0.8444419886032184,-0.36573601807498257,0.36582974668902862,-0.13832232189910643,-0.0055953596180678628,-1.7540135729966178,0.02614846538118476,-0.51658266957544385,-0.014757292488449309,5.0345793022999521,-9.2954032713504802,7.8676912528682861,9.2557979123671235,9.2684545529387279,4.8351410602735401,-9.2418146573508118,7.8978836109987345,-9.2023026256359071,9.2148424096615607,-0,-0,-0,-0,-0,-0
hold,0,88,0,0.88200000000000067,0,0,0,0,0,0,0,9.0975509239695853,9.9746279202577757,4.8905524503185804e-05,0.26533261928638785,0.0030864686050874465,6.8591821117219053e-05,-0.5346979001528589,0.15739165654382209,-9.9580684850907204,-0.066912559323312859,-1.726704995630211,-0.39448425349050037,-0.030663350681917036,-0.00025883639327114078,0.19298549674018295,0.99762033936663819,0.00051243983773583334,-0.068943306787619438,-0.00046511997986848871,0.22180260280100347,-0.39212225196447226,0.86404322730825456,0.3904330531239818,0.39053806267818597,0.19871693489729192,-0.38601691447052233,0.86047441111747069,-0.3842908724057077,0.38441254803450409,-0.13957743233957551,-0.0053334217847877544,-1.7737017699146707,0.02591150550110383,-0.5200369106512357,-0.015517402909747272,5.0550228730591371,-9.3862254347855849,7.9975989419299447,9.3407858749321946,9.3548251363584161,4.8441958253599608,-9.3219003437315244,8.0162112571261499,-9.277427165362548,9.2914006727377281,-0,-0,-0,-0,-0,-0
hold,0,88,1,0.88400000000000067,0,0,0,0,0,0,0,8.4889508680866506,9.1141903490893181,3.3678804772382942e-05,0.2698968487289799,0.003045911313730258,6.8966520511086778e-05,-0.46917094102210388,0.36465818870447386,-9.9366238375087725,-2.3916471229426555,-1.5129722900091815,-0.10247847891420661,-0.030944718615124499,-0.00026766955132589732,0.18939874090134673,0.99758412274281671,0.00053433309118780449,-0.069465121774151053,-0.00047895354270991179,0.23193285871200484,-0.41104614049796523,0.88028085545929313,0.40925116204307854,0.40938817139647654,0.20841685829390436,-0.4048157495887843,0.87673354984112828,-0.40299467180423837,0.40314661761224851,-0.14068396660373261,-0.0044165790273782615,-1.7933779194181128,0.021148689755271448,-0.52306706754684318,-0.015059483922547072,5.0651279555006825,-9.4619442667464764,8.1188140755193032,9.4090544595483792,9.4250543591452871,4.8499616983062133,-9.3994175591309954,8.1295693618287661,-9.3518996992653438,9.3670347888722105,-0,-0,-0,-0,-0,-0
hold,0,88,2,0.88600000000000068,0,0,0,0,0,0,0,0,8.6960442248613568,1.9562305082744536e-05,0.26949983727588589,0.0030075730311877394,6.9492945057423098e-05,-0.18198371166714433,0.38007656086023567,-9.8528437682650534,-3.1809951362729803,-0.58008790482042971,-2.6847981258251541,-0.031226994062957963,-0.00027521642396445008,0.18577269821637019,0.99754755218670377,0.00054950741096596511,-0.069988080855077156,-0.00049770085933102421,0.24205919154461242,-0.4301064149462146,0.89674889548536441,0.428189531342686,0.42836309591413835,0.21806861093707988,-0.4235778321718045,0.89300655714688759,-0.42167400360027724,0.421856429109422,-0.14113772391673138,-0.0037734363192763773,-1.8130213424882666,0.014105390462337199,-0.52423882769023733,-0.019494193526418013,5.0631664163037913,-9.5301372241246813,8.2340200130356287,9.4691846498037258,9.4874622588308917,4.8258763215877654,-9.381041291510094,8.1365036528796519,-9.3396658980194438,9.3549057485867415,-0,-0,-0,-0,-0,-0
hold,0,88,3,0.88800000000000068,0,0,0,0,0,0,0,9.6842493340395368,10.082288894113407,1.1289083390583765e-05,0.27842453437084802,0.0031743600451703763,7.0138258155269512e-05,-0.53932775594118654,0.41318344949038444,-9.9436528225016705,-2.4208061131888203,-1.7326840902292278,-0.94691200397991393,-0.031511803285156091,-0.00028097045409855549,0.18210733727758449,0.99751046430796508,0.00055972123844431345,-0.070514480696997742,-0.00051799640673496402,0.25221882043197458,-0.4493399659984364,0.91341736794801154,0.44728570113908145,0.44749953022948225,0.22773200225848739,-0.44252312063833649,0.90954755635681506,-0.44052102469998272,0.44073760030210624,-0.14240461109906483,-0.0028770150670526938,-1.8326804693928531,0.0090507023255186093,-0.52771067689578943,-0.020689818833373175,5.0798144436810713,-9.6167755261109118,8.3342362313235387,9.5480848981977164,9.5682171576719615,4.8316956607037467,-9.4726442332659904,8.2704996049637547,-9.4235105498527378,9.4405855963421086,-0,-0,-0,-0,-0,-0
hold,0,88,4,0.89000000000000068,0,0,0,0,0,0,0,10.804655222388563,9.6053586533658422,2.6494725511874706e-05,0.28268097298268968,0.0029965068686633339,7.0973559210308457e-05,-0.58804341364092194,0.38668040264212389,-9.9477293040502275,-2.4321362172870233,-1.8875442811831706,0.37161935253728312,-0.031799368587912567,-0.00028465380253564872,0.178402685508986,0.99747283312085355,0.00056513730766514949,-0.071044628341476207,-0.00053720527190832703,0.26240499973754927,-0.4687359649454419,0.93029038248859797,0.46652727087960544,0.46678585126197281,0.23742626348973656,-0.46167688638428128,0.92630750410396567,-0.45956134554060979,0.45981521213988025,-0.14378265137823776,-0.001841674218546618,-1.8523258842992407,0.0043437603250422608,-0.53148933777523377,-0.019265714158300917,5.093089652787345,-9.6979994735027351,8.4365072702931982,9.6207848702620069,9.6431605162452847,4.8471306156245859,-9.5768828729724103,8.379973873575306,-9.5201604203135251,9.5388059188869967,-0,-0,-0,-0,-0,-0
hold,0,89,0,0.89200000000000068,0,0,0,0,0,0,0,10.191638215734276,9.1690840685560477,4.4924947609548127e-05,0.28818122039214511,0.0027358106031861789,7.1952697598463754e-05,-0.51877714634608552,0.37174845599077133,-9.9292883204011773,-2.3696299242980392,-1.6643556440102751,0.2710908463322127,-0.032089376280854807,-0.00028636452987201551,0.17465875133560047,0.99743468453438489,0.00056586644371996511,-0.071578078098804968,-0.00055553455579044394,0.27260560300844699,-0.48828434226395068,0.94736652576089275,0.48590271875047897,0.48621126891980027,0.2471366066094042,-0.48102398780665978,0.94328425871024058,-0.47877884274125621,0.47907394074498943,-0.14500384647112066,-0.00085536366818339451,-1.8719670866927633,-0.00026677255619172308,-0.53482188530947994,-0.018053786046780089,5.1003016354488615,-9.7741886592543885,8.5380716361474143,9.687723935436761,9.7127088289137191,4.855171559833825,-9.6735507111892538,8.4883773031374474,-9.6087486003232065,9.6293643025546043,-0,-0,-0,-0,-0,-0
hold,0,89,1,0.89400000000000068,0,0,0,0,0,0,0,9.991252238735111,8.8594987897170547,5.2164027253179257e-05,0.29422355641981346,0.00244508703234528,7.3028003792990762e-05,-0.46337459369145129,0.2168236714423902,-9.9158500677919754,-0.47271906438440947,-1.4880139616461121,0.20182325258297601,-0.032381575908780227,-0.00028706712286924398,0.17087553586507945,0.99739603649640229,0.00056568298773442612,-0.072114475703739647,-0.00057339166460667083,0.28281590135567719,-0.50798571521010072,0.96464703032046561,0.50541434722975509,0.50577799145086899,0.25684599064142627,-0.50055128690974593,0.96048769239876464,-0.49815411229455858,0.49849623182159458,-0.14609981396270846,-0.00035129649861422225,-1.8916077352605145,-0.0011413059146090513,-0.5377981607508,-0.017516110032691812,5.1051491736151062,-9.8506864730750454,8.6402522797864307,9.7558142396380401,9.7833612655343707,4.8546920160110307,-9.7636495515430539,8.6017168442620555,-9.6876347766511994,9.7111455383025849,-0,-0,-0,-0,-0,-0
hold,0,89,2,0.89600000000000068,0,0,0,0,0,0,0,9.3297351391081218,0,4.8804518540217223e-05,0.30006778030331971,0.0021315493953503835,7.4106269746299853e-05,-0.071065177399763479,-0.15321151402159433,-9.8379579765191565,2.6867177306936041,-0.24272810966363892,2.5826616085652616,-0.032674183780627093,-0.00028810079951404602,0.16705298987006198,0.99735706440912919,0.00057123129171074178,-0.072651330369958189,-0.00058648400861394882,0.2929782614982519,-0.52765338153795982,0.98194229618837359,0.52490491382979476,0.52532391949660018,0.2665191974766199,-0.52022854412691499,0.97790106627598916,-0.51764838074337638,0.51804589699994352,-0.14630393592343224,-0.00051683832240101792,-1.9112729975087364,0.0049195829466440319,-0.5382714186773,-0.013177022408776957,5.0811800712873554,-9.8338331639295564,8.6476329339539859,9.7452833000198353,9.7729640228656027,4.8366034175968018,-9.8386286085845338,8.7066869386122541,-9.7471342244088817,9.7748325891744638,-0,-0,-0,-0,-0,-0
hold,0,89,3,0.89800000000000069,0,0,0,0,0,0,0,8.6810304443099717,9.8555182862362596,3.732690261589594e-05,0.3064121745388263,0.0019295681809295177,7.4414489368238691e-05,-0.35520047216186801,0.40149236137394456,-9.8912428305537894,-3.36721410959013,-1.1375764753034829,-0.7461496729741206,-0.032968492715696775,-0.00028716164845832585,0.16319116044733376,0.99731763962843523,0.00056995605509726306,-0.073190437538246125,-0.00060057391193385956,0.30312921561116968,-0.54748491514876541,0.9994683272461039,0.54452097002843247,0.54500520039730571,0.27617358484809928,-0.54006760597012382,0.99551899142997335,-0.53728624293391924,0.53774482845257165,-0.14715446753484082,0.00046957552786007994,-1.9309147113641179,-0.0019568181600498023,-0.54055542837434178,-0.013675184762174259,5.0754770564588751,-9.9157668054027894,8.7630155288651554,9.8080280993188413,9.8406404503527618,4.8271936857397035,-9.9195309216043874,8.8089625769921049,-9.8189310952714184,9.8494657263140493,-0,-0,-0,-0,-0,-0
hold,0,89,4,0.90000000000000069,0,0,0,0,0,0,0,8.3415708011306755,9.333863558870986,2.0741723050506089e-05,0.31273742593301584,0.0017177914163176544,7.5086626339758412e-05,-0.2599784641296512,0.38191378875182924,-9.8749171881534661,-3.1978351904058102,-0.83525847317284074,-0.71632919794262273,-0.033264070533327576,-0.00028434632690468593,0.15929002529902486,0.99727780283556566,0.00056219861850854622,-0.073731193616296056,-0.00061562334104053743,0.31325557181995978,-0.56746895417235899,1.0172215608185489,0.56424851451161762,0.56480903864915188,0.28579607229174375,-0.56005974533555825,1.0133362635979302,-0.55705471404737006,0.55758131203655259,-0.14778890881540138,0.0014076607768199513,-1.9505675741544466,-0.0084906338511893872,-0.5422345106987756,-0.014157009368220914,5.063178104395055,-9.9920195117968031,8.8766167862224741,9.8637722415925477,9.901919125923067,4.811243721822227,-9.9960696827172217,8.9086360839784149,-9.8842355567254341,9.9182417919904662,-0,-0,-0,-0,-0,-0
hold,0,90,0,0.90200000000000069,0,0,0,0,0,0,0,8.0455902780400592,8.8771384871702104,1.4101485571973993e-05,0.31930672752314282,0.0014423879118249418,7.604340420818292e-05,-0.15876793893091157,0.36255420495502844,-9.8597343843919898,-3.0825487552159379,-0.5148831089814393,-0.70256801638703525,-0.033560457601696722,-0.00027974602365202271,0.15534955260431207,0.99723759861125782,0.00054819007087796067,-0.074272959154155799,-0.00063161870201152175,0.32334452108909228,-0.58759554513147871,1.0351970996813074,0.58407344159852137,0.58472283900191047,0.29537416932564631,-0.58019758756471285,1.0313469149054724,-0.57694143755699445,0.5775444313285667,-0.14819353418457371,0.0023001516263316205,-1.9702363473563878,-0.01479364511760025,-0.54327269401742229,-0.014639123050191256,5.0444746345662521,-10.063295479559851,8.9877694313792595,9.9124635434519046,9.9569001763793139,4.7890485169512713,-10.068921114577311,9.005325653771056,-9.9433617548122157,9.9815596460070779,-0,-0,-0,-0,-0,-0
hold,0,90,1,0.90400000000000069,0,0,0,0,0,0,0,0,8.3916864885697464,7.6387896887700202e-06,0.32265595254553564,0.0011141500339605969,7.7226189123289588e-05,0.20721317846085929,0.363996733745373,-9.7962287807722692,-4.2678457791675957,0.6537235695207172,-3.1956747861370931,-0.033855989004164068,-0.00027386252922977626,0.15136966135481342,0.99719719782996874,0.00052519417438051902,-0.074813407484837419,-0.00065335415088873302,0.33336818798832024,-0.60784758322531152,1.0533742496444987,0.603969582990739,0.60472323645317394,0.30487478738595147,-0.6003079181448332,1.0494050733508538,-0.59680654511262454,0.59748744238800378,-0.14776570123367377,0.0029417472111232168,-1.9899456247493275,-0.024183225315259869,-0.5419825474584149,-0.019696684009610128,5.0118334496139916,-10.12601904691641,9.0885749815956185,9.9480706961088377,10.000198725631758,4.7503090301525726,-10.055165290060202,9.0290792226907115,-9.9325537778150181,9.9715055297185486,-0,-0,-0,-0,-0,-0
hold,0,90,2,0.90600000000000069,0,0,0,0,0,0,0,0,0,0,0.32860699923536896,0.00099976476408401133,7.8625996124541536e-05,0.55455309490656524,-0.024789721797634712,-9.7477814800855764,0.11641890270181394,1.744179883301864,-0.88110086111363939,-0.034149083919028787,-0.0002683455108090394,0.14735023055147733,0.99715676472691661,0.00050229619374292356,-0.075350355742560715,-0.00067686583121393364,0.34330535248842026,-0.62805833453166204,1.0715889270243235,0.6238190232017593,0.62468154428457612,0.31427438375190336,-0.62037334456279791,1.0675125401546888,-0.61661316472549488,0.61737786992599519,-0.14654745743236008,0.0027585092103684216,-2.0097154016680348,-0.024220739620234737,-0.53849557100343326,-0.021477121861087439,4.9685822500500043,-10.105375653175257,9.107338689912476,9.9247201055101542,9.9791539157011098,4.6997981829759574,-10.032713208982372,9.0537334019175102,-9.9033098064351393,9.945213768995723,-0,-0,-0,-0,-0,-0
hold,0,90,3,0.9080000000000007,0,0,0,0,0,0,0,10.542544524984436,9.4728179586038888,3.4439045297096627e-05,0.33928321865076577,0.00095058861290715714,7.9336024834299413e-05,-0.0039832986496382006,0.36121410862810832,-9.8470870919567695,-3.5507264692164378,-0.03041082482308503,-0.035801010018056634,-0.034442283351834586,-0.00026076986889407518,0.14329137453702651,0.99711604018388988,0.00047231188859300213,-0.075887347104075673,-0.00069991355609751648,0.353178938866897,-0.64842413082146411,1.0900375954302224,0.64374091469398909,0.64473474516446172,0.32361229241746492,-0.64064310110853018,1.0858376523475297,-0.63655758904611115,0.63742364835352083,-0.14659971640290123,0.0037878209574821083,-2.0294280072254098,-0.03125178161574152,-0.53856507583584756,-0.020480704049039157,4.9367931892383803,-10.182898144901042,9.2243342029494659,9.9609457461149056,10.026600439942806,4.6689543327807792,-10.134878272866128,9.1625560964204649,-9.9722121603081302,10.022889213762806,-0,-0,-0,-0,-0,-0
hold,0,90,4,0.9100000000000007,0,0,0,0,0,0,0,10.26013604929171,9.0579362870559308,6.5102144311830756e-05,0.34719338008233958,0.00043634455647573352,8.0481378542722522e-05,0.14383985217131368,0.17425600459446594,-9.8335923275433963,-0.61816297350293836,0.43038897313087299,-0.30533499171625145,-0.034734915701741628,-0.00025247001543235936,0.13919301358377517,0.99707509095812685,0.00044104786966251336,-0.076423458763414262,-0.00072347650809441444,0.36298549004044495,-0.66894779405929072,1.1087119531459906,0.66373807161471754,0.66488625910510912,0.33286577067195738,-0.66109844902514503,1.1043852301113617,-0.65659936807443775,0.65759054391052374,-0.14631617495352026,0.0041499267308579063,-2.0491804766256632,-0.032567413626564033,-0.53770610018340581,-0.020897903953890826,4.9032755867739741,-10.261831618913327,9.3371788578840658,9.9985784603642145,10.075756970323676,4.6267391272462275,-10.227673958307443,9.2737888819159942,-10.020889514163327,10.083447778501435,-0,-0,-0,-0,-0,-0
hold,0,91,0,0.9120000000000007,0,0,0,0,0,0,0,9.5866453356113261,8.5995527478984961,8.147613998199521e-05,0.35532522554141999,3.4434174366376226e-05,8.1828017126715563e-05,0.32289475603501294,0.15456279034009213,-9.8179043853524508,-0.7488746110805794,0.99204677065089786,-0.50597628211834567,-0.035026166241684115,-0.00024355882147254683,0.13505504994499543,0.99703400454497537,0.0004082117329995338,-0.076957571024841062,-0.00074793458860653581,0.3727115568554758,-0.68961877609468958,1.1275967775998381,0.68378489781152918,0.68511494247530613,0.34202164546208447,-0.68172492974735144,1.1231377773144127,-0.67671372806381636,0.67785715170975802,-0.14562526997124206,0.0044555969799062638,-2.068981819389875,-0.034204727954061986,-0.53572456657494638,-0.021671248737258553,4.8630334075154273,-10.335491017699423,9.4424122269237429,10.02341309840584,10.114341685098518,4.5779373950635485,-10.313240361103201,9.3762736015255168,-10.057179994689276,10.133303899617131,-0,-0,-0,-0,-0,-0
hold,0,91,1,0.9140000000000007,0,0,0,0,0,0,0,9.0167681180214387,8.2058937522917095,8.646172711015282e-05,0.363814031482876,0.00044877870198228561,8.3300482439383085e-05,0.5091976564757692,0.13571152038397377,-9.8039220456608867,-0.84964744710930296,1.5750718148914864,-0.68970807672685441,-0.035315186819567204,-0.00023414597885760915,0.13087737334788815,0.99699287406290105,0.00037357288208494623,-0.077488521698386784,-0.00077363822162567169,0.38234510257642706,-0.71042835412529914,1.146674251174997,0.70385345310272063,0.70539839652262804,0.35106828971954718,-0.70251059660133697,1.1420742795906611,-0.69687427199056218,0.69820146034380326,-0.14451028894154541,0.0047064213074688383,-2.0888382985536373,-0.036100296802455738,-0.53257760371428731,-0.022775698030144363,4.816772860475619,-10.404789015304807,9.5387367875794613,10.034277645595731,10.14172702366095,4.5233221287313503,-10.392833426992738,9.4682511381242609,-10.080271963372891,10.172154317022645,-0,-0,-0,-0,-0,-0
hold,0,91,2,0.9160000000000007,0,0,0,0,0,0,0,8.538498253056126,7.870770753126326,8.2528374739647414e-05,0.37259569610792942,0.0008283597814185582,8.4813278825309645e-05,0.70311670201484522,0.11753730375771107,-9.7913544825625038,-0.92659619618468503,2.1807332061488904,-0.8592321279852273,-0.035601094140665736,-0.00022433841399964821,0.1266598618149522,0.99695179854157712,0.00033694995794519183,-0.078015103588913934,-0.00080091288704903186,0.39187559604146716,-0.73136947245742545,1.1659239463795092,0.7239123576755967,0.72571214795939065,0.35999573249666078,-0.72344577191670789,1.1611704439931263,-0.71705199829586452,0.71860010484096182,-0.14295366054926523,0.0049037824289804629,-2.1087557664679766,-0.038203541109530274,-0.52821982060443473,-0.024189852829586134,4.7652467325200387,-10.47055916606317,9.6248476022561267,10.029452286438008,10.156875718381304,4.4637213885567899,-10.467587657685444,9.5480822012326367,-10.088863152651145,10.199322248579307,-0,-0,-0,-0,-0,-0
hold,0,91,3,0.9180000000000007,0,0,0,0,0,0,0,8.1724100006497267,8.9976434654689896,7.1780057212790516e-05,0.38183177937115348,0.0011801811203760886,8.625761785631476e-05,0.76167125012383896,0.18169802613433855,-9.784954978396156,-1.5979971180164094,2.3672108780328944,-2.4446251074230401,-0.035883620122398305,-0.00021421360244575075,0.12240248923523844,0.99691081158586481,0.00029675573254162713,-0.078536947358140458,-0.0008328138527479229,0.40130482941829621,-0.75246453954947545,1.1853067230922014,0.74394397065729267,0.74604928871858023,0.36880303617911059,-0.74452630549550558,1.1804076072289786,-0.73722026727190981,0.73903286314572758,-0.14126299086628369,0.0050624057769487283,-2.1286862898568786,-0.042128702440223952,-0.52349365112197532,-0.028524961530286195,4.7146166884145124,-10.547533546024992,9.6913883563461258,10.015806490847964,10.168570379594779,4.4036518412249004,-10.540266789398865,9.6185816179262016,-10.084134488022654,10.216379152382899,-0,-0,-0,-0,-0,-0
hold,0,91,4,0.92000000000000071,0,0,0,0,0,0,0,7.8436928122505414,8.5115519766143599,5.596419419565124e-05,0.39094594031177859,0.0015289475511727334,8.7591159193721921e-05,0.98249428825636764,0.1537784888816025,-9.772217129169313,-1.5037085418187921,3.0554346559844783,-2.4469164209406675,-0.036161758230257031,-0.00020389868305991635,0.11810511133538797,0.9968700285129023,0.00025317413251623209,-0.079052680983957888,-0.00086935884054523127,0.41062384213742176,-0.7737043532820308,1.2047958193383621,0.76390216347078432,0.76637423755074485,0.37748290674153434,-0.76574575844769199,1.1997546591948389,-0.75734031514176936,0.75947007788021104,-0.13906905392936267,0.0051574596929172024,-2.1486889499252362,-0.045875489386887472,-0.51739056918338555,-0.032890246900508451,4.6595063595627755,-10.61990686627766,9.7445481230803157,9.9790964067458052,10.162474416082315,4.339935281211873,-10.609726476093195,9.6735259829301441,-10.060023934929797,10.218607367241749,-0,-0,-0,-0,-0,-0
hold,0,92,0,0.92200000000000071,0,0,0,0,0,0,0,8.6495381234794024,8.5709417294323096,3.6741519360047881e-05,0.3998214338055795,0.0018688132617067045,8.8549363706840777e-05,1.0542573398089472,-0.017692943287588012,-9.7657890356635875,1.0231616998977693,3.2753425914621306,-1.4121799096656225,-0.036435179322098679,-0.00019422806215028008,0.11376769124868875,0.9968294936563552,0.00021140338094355931,-0.079561861580586438,-0.00090888242228697467,0.41983936807639194,-0.79510188357841161,1.2243920116378468,0.78376631988123002,0.7866758931653568,0.38603174431588178,-0.78711274477343574,1.219163027751456,-0.77735759025772688,0.77987435001204797,-0.13671054592082577,0.0048353104548181309,-2.1687100433496069,-0.04431153433106734,-0.51083760757848207,-0.03600411372480327,4.6077629694850879,-10.698765148190407,9.7980961497423671,9.9320782052228527,10.150827807305999,4.2744187871737251,-10.683493162871896,9.7041842783085936,-10.008637557978755,10.202136065918484,-0,-0,-0,-0,-0,-0
hold,0,92,1,0.92400000000000071,0,0,0,0,0,0,0,8.2017175105067608,8.1339364071668037,3.9032905613994862e-05,0.40930646054635439,0.0020730152184591393,8.8700093512017019e-05,1.2990052583293592,-0.030961796070966122,-9.7518265826141821,0.94016375737954505,4.0379741521650407,-1.5237276720927257,-0.036702766966703562,-0.0001852721718813323,0.10939006918893776,0.99678933886105159,0.00017125711770407846,-0.080062969413975948,-0.00095159474829564273,0.42894581703888934,-0.81664897437386652,1.2440569198927025,0.80347562644288051,0.80690821335471463,0.39444565100797252,-0.80861968117506144,1.2385933639049369,-0.79721636609951485,0.80020357156183675,-0.13379382230244205,0.004477945134473884,-2.1888110298754939,-0.042953316299769249,-0.502759397318016,-0.039313356645096595,4.5532244812487157,-10.773545397727453,9.8324541274278214,9.8546532808252518,10.116160094678916,4.2069533460453599,-10.753468200812833,9.7151680767404081,-9.929387920893971,10.164610774894388,-0,-0,-0,-0,-0,-0
hold,0,92,2,0.92600000000000071,0,0,0,0,0,0,0,7.8926770693274708,7.3780708371965549,3.5353313419146659e-05,0.41877550656001428,0.0022230042087270563,8.7587648888434806e-05,1.5554204681147485,0.050964040251178067,-9.7384988467422868,-1.2091980052869364,4.839418032348342,-1.4219308346287489,-0.036963350253626161,-0.00017629434509718717,0.10497207358098568,0.9967497059857614,0.00012846354117522637,-0.080554411462623071,-0.00099694951136093083,0.43793321396241913,-0.83832276345276224,1.2637309518669131,0.82293515661526162,0.82699633765090641,0.40273126290860622,-0.83027092110493661,1.2580037176581396,-0.81688300295096583,0.82043485669034055,-0.13029164346130001,0.0044889133920725591,-2.2089978039760436,-0.045812978664967925,-0.49308583020690216,-0.041736516686495369,4.4936984617648923,-10.836894539447863,9.8370159871052838,9.7297650861905378,10.04406214809587,4.1428059503168484,-10.825619964937582,9.705176876601362,-9.8333184257255155,10.115642564251921,-0,-0,-0,-0,-0,-0
hold,0,92,3,0.92800000000000071,0,0,0,0,0,0,0,7.6117651621210367,7.1778245084976948,2.7344865897456494e-05,0.42818712493179334,0.0025006496775714206,8.4666013139730385e-05,1.7860424045884069,0.036208711759728146,-9.7277327643746911,-1.1751654189459884,5.5564748185500319,-1.5590144249461373,-0.037215875673168641,-0.00016739766842388927,0.10051354582653527,0.99671072453299403,8.306525511957807e-05,-0.081034759258033398,-0.0010452239334661614,0.44680273855224079,-0.86012163898556526,1.2833755580359538,0.84207960229848711,0.84689258960547631,0.41089097329740942,-0.85206304492953699,1.2773492647983302,-0.83629521112344296,0.84052224513879725,-0.12626270977124013,0.0044483383366489557,-2.2292638772252045,-0.048655557663245301,-0.48197813214371066,-0.044437640939548412,4.4347622949108167,-10.899437766401507,9.8223030845203958,9.5722228416127422,9.9481259772849739,4.0798551944015875,-10.896061912300196,9.6727735700953748,-9.706104086238545,10.043694224228343,-0,-0,-0,-0,-0,-0
hold,0,92,4,0.93000000000000071,0,0,0,0,0,0,0,7.2594671848481767,0,1.654921909133994e-05,0.43743806685082076,0.0027794231368826615,7.9100467498630626e-05,2.0589692455808759,-0.17834590928627059,-9.7185630068338806,4.740538507076395,6.3918147201369253,-1.9526519576704917,-0.037459099000179227,-0.00016060089240999258,0.096014283893260735,0.99667254451921994,4.6786655990470314e-05,-0.081502336516689464,-0.0010981597851521903,0.45560803163154706,-0.88192142631886716,1.3030582336094785,0.86095110299229793,0.86659344649683545,0.41890856462739473,-0.87396760486290626,1.2965836344056776,-0.85530620713884786,0.86035153852488999,-0.12161166350529243,0.0033983880069483512,-2.2496309666372656,-0.039957019939525801,-0.46917551039687616,-0.049822972642761337,4.4026465396531238,-10.899893666650929,9.8413377867623311,9.4357503469054258,9.8504284456795759,4.0087956649926522,-10.952279966684603,9.6171848036736929,-9.5054980077024673,9.9146466930463557,-0,-0,-0,-0,-0,-0
hold,0,93,0,0.93200000000000072,0,0,0,0,0,0,0,6.9567341223619259,8.7748784387955112,2.2212185171052723e-05,0.44592074498900131,0.002604368131665623,6.9264107636496998e-05,2.174287512374474,0.05837302536656587,-9.7226491295022317,-2.4556384063641414,6.7587619503432128,-2.1969988260438704,-0.037692488938395725,-0.00015375023421166831,0.091474175016816955,0.99663524402496939,5.2405423250651429e-06,-0.081956428310951623,-0.001155075036266557,0.46429700582283279,-0.90388148862912965,1.3226168631252189,0.87940292070018744,0.88603557903783314,0.42682275110123252,-0.89601163635070857,1.3156433080096417,-0.87398402794350594,0.87997920944251151,-0.11669496910824767,0.0034253290991621385,-2.2700544382218886,-0.045546187871940071,-0.45566920475530182,-0.053359481169687847,4.3444870956428696,-10.980031155131252,9.7793147578702424,9.2259088539447465,9.7210662704988291,3.9570932369188858,-11.022015743901143,9.5298368019820856,-9.338910402329029,9.8138354588107806,-0,-0,-0,-0,-0,-0
hold,0,93,1,0.93400000000000072,0,0,0,0,0,0,0,0,8.3852945671419192,3.7419563122677302e-05,0.46046713312815007,0.0028680282248205241,5.5268135152396985e-05,2.3344945278268758,0.052869935167267942,-9.7337945386830764,-3.8801671078367042,7.2494659186847104,-1.5754093669706919,-0.03791531169349735,-0.00014643580380805027,0.086893039507643641,0.99659892239795933,-4.4314330397088367e-05,-0.082396061284591038,-0.0012144942375403849,0.47287652276236997,-0.92599156047088216,1.3420182564640912,0.89740894895883205,0.90519669771780498,0.43468420781907102,-0.91805952378311628,1.3347302117672566,-0.89238276546271567,0.89940639560157554,-0.11141137755081272,0.0036572152018090136,-2.2905677545866574,-0.053749920556452377,-0.44118807251909037,-0.055197581922308843,4.2897584697685964,-11.055035920876255,9.70069666943618,9.0030141293222954,9.5805593399859141,3.9307283589192439,-11.023943716203849,9.5434518788074474,-9.1993687596048765,9.713593079532,-0,-0,-0,-0,-0,-0
hold,0,93,2,0.93600000000000072,0,0,0,0,0,0,0,8.7410696091754723,8.2885868004464882,4.5953584407426584e-05,0.46811258510341897,0.0032904521489522218,3.7121314973031414e-05,2.5249313309032511,-0.090660783562717701,-9.7724133427885675,1.711098491966528,7.8026714785907902,-2.0707268815379472,-0.038126701781831279,-0.00014036656901727788,0.082270565307466834,0.99656368848979104,-9.0818908280317111e-05,-0.082820120919809892,-0.0012783217034742537,0.48138360701690935,-0.94827715469666851,1.3612244897782144,0.91512822733978849,0.92419774618226658,0.44245039157027921,-0.94027720846981877,1.3535048588829541,-0.91042428159628486,0.91862095056735282,-0.1056950441669631,0.003034617395386195,-2.3112371000884031,-0.051092088978389988,-0.42557417510408901,-0.059840174885082004,4.2535421272696992,-11.142797112893195,9.6031166570616335,8.8596391904782124,9.5005242322308039,3.8830918756040913,-11.108842343351231,9.3873235578488128,-9.0207580667846052,9.6072774828886587,-0,-0,-0,-0,-0,-0
hold,0,93,3,0.93800000000000072,0,0,0,0,0,0,0,8.5329690482862137,8.144497593879187,5.0225527134344083e-05,0.47436627025127459,0.0033101056578532457,2.5418390855975501e-05,2.6949004832660419,-0.095144231213433739,-9.8316034870328792,1.7024231428667853,8.2930371417514301,-2.133414289027991,-0.03832588633243416,-0.00013557728557639492,0.077606380000461384,0.99652964323494941,-0.00013430497865417158,-0.083227631020725945,-0.0013466814308104303,0.48983812498340712,-0.97074055294368133,1.3801927676685646,0.93270617899742558,0.94314288180031303,0.45014379661002463,-0.96266624769279152,1.3719317182216382,-0.92822518620531014,0.93770619667360877,-0.099592275301439756,0.0023946417204414815,-2.3320926535027251,-0.048480363924428033,-0.40897879406612891,-0.064603832693473862,4.2272589832488956,-11.231699123506397,9.4841389451750295,8.7889758288185451,9.4725678090232499,3.8467025198727027,-11.194519611486399,9.2134296693420001,-8.9004523045126582,9.5426230531280005,-0,-0,-0,-0,-0,-0
hold,0,93,4,0.94000000000000072,0,0,0,0,0,0,0,8.4238883547240526,8.0897642256226661,5.6321398125433464e-05,0.48049503600682841,0.0032828363194679694,5.0295194498097992e-05,2.8351226191960146,-0.095932721454137143,-9.9188149093485158,1.7089989073117642,8.6757754082372802,-2.1830890789445587,-0.038512230473569047,-0.00013208693796949519,0.072900029771293784,0.9964968702910727,-0.00017477171308273538,-0.083617829921964912,-0.0014196739371347389,0.49826387617891621,-0.99338675264769849,1.3988802784195096,0.95037310733215608,0.96219796563669868,0.45779097532038632,-0.98523103038906834,1.3899718779459218,-0.94598612802668469,0.95680651899537794,-0.09317207056744202,0.0017451738034498657,-2.3531751145837969,-0.045880222987250495,-0.39161708932794836,-0.069467788070493988,4.2128755977545467,-11.323099852008584,9.3437553754725471,8.8334641673652712,9.5275419181928367,3.8235893551808431,-11.282391348138425,9.0200798621417775,-8.8804709106872703,9.5501611608845796,-0,-0,-0,-0,-0,-0
hold,0,94,0,0.94200000000000073,0,0,0,0,0,0,0,8.3982669293597763,8.108291373808294,7.1253697904220814e-05,0.4863132063165333,0.0032167837999954544,9.7717786684532851e-05,2.9449631103159186,-0.093384544888432813,-10.031363754922211,1.7146695002295584,8.9503183302678568,-2.2160295211206238,-0.038685240135729972,-0.00012989624487691178,0.068150990208115741,0.99646543539140997,-0.00021221717244958082,-0.083990171618472081,-0.0014973662144421378,0.50668775758840312,-1.0162230032339938,1.4172459960158756,0.96843261424299698,0.98158228605459807,0.46542187682746577,-1.0079784226365021,1.4075855351816171,-0.96398600291525838,0.97612326811689021,-0.086504831080463071,0.001095346546291709,-2.3745197815890227,-0.043287633885852189,-0.37370544443201087,-0.074398707057411723,4.2119407047434647,-11.418125293147671,9.1828587981830694,9.0297534554204315,9.6921602089497014,3.8154507535397286,-11.373696123716847,8.8068286178476125,-8.9999374442868287,9.6583745607561564,-0,-0,-0,-0,-0,-0
hold,0,94,1,0.94400000000000073,0,0,0,0,0,0,0,8.4361973753515258,8.1796144229267771,8.4570281299552186e-05,0.49167587904529664,0.0031199902574549198,0.00015758313886954958,3.0253689536056361,-0.088034374747350638,-10.161087182739788,1.7058823849205464,9.1240591067142471,-2.2281072559237773,-0.038844557086526559,-0.00012898620469590038,0.063358696771105699,0.99643538708924784,-0.00024666456023207499,-0.08434431103569856,-0.0015797812538553004,0.51513856250006362,-1.0392582036404894,1.4352523586660431,0.98723237174571288,1.0015476253410092,0.47306877116729268,-1.0309172532999504,1.4247342634185607,-0.98255819651749798,0.99589777512921307,-0.079658475398293876,0.00045502009050570036,-2.3961467185050198,-0.040723785847709304,-0.35544554905514369,-0.079350645674298767,4.2254024558302588,-11.517600203247763,9.0031813250836574,9.3998787513579281,9.9826696432055684,3.8234471699134627,-11.469415331724134,8.5743641184717649,-9.2860968011197951,9.8872535061614304,-0,-0,-0,-0,-0,-0
hold,0,94,2,0.94600000000000073,0,0,0,0,0,0,0,8.5141905881385043,8.2798631979108563,9.7433503646285335e-05,0.49647638022274354,0.0030007538394196042,0.00022673231676684094,3.078735590487546,-0.08058309591221588,-10.294604120242782,1.671170358939793,9.211851508670879,-2.2150242865732217,-0.038989946806748041,-0.00012931762016272938,0.058522594034261959,0.99640675885502106,-0.00027818430259074424,-0.084680074441811998,-0.0016668875355924167,0.52364549670724125,-1.0625021779196266,1.4528666700437662,1.0071185865332255,1.0223456027121651,0.48076484400609121,-1.0540576594948896,1.4413829337903541,-1.0020501797816379,1.0163824053904253,-0.072694860110742443,-0.00016570773341449783,-2.4180513684218701,-0.038230935612449002,-0.33700948335877051,-0.084265319603365307,4.2534671035887994,-11.621987139568642,8.8071556888615881,9.9431073937563088,10.398988685577933,3.8480364193992522,-11.570203097469577,8.3243351858967429,-9.7459916320699573,10.242315130606098,-0,-0,-0,-0,-0,-0
hold,0,94,3,0.94800000000000073,0,0,0,0,0,0,0,8.6069962997190004,8.3836948847574639,0.00011078027711582811,0.50064390129757341,0.0028678859771215852,0.00030177273824594247,3.108419978489886,-0.071871697768544324,-10.414012372558458,1.600046436024523,9.2341652137033829,-2.1728660649947775,-0.039121281476328255,-0.00013083146037364525,0.053642201441601284,0.99637957224360263,-0.00030691425294914192,-0.084997418681903206,-0.0017585894095769996,0.53223653831644346,-1.0859648602707084,1.4700620546600816,1.028377420274696,1.0441855698563043,0.48854259686131479,-1.0774103323059805,1.4575011529503226,-1.0227699642603503,1.0378021202017953,-0.06566733479010578,-0.00075692010545793645,-2.4401962963303392,-0.0358706246260821,-0.31852849543946415,-0.089073111555788773,4.2955208046011144,-11.731341175540907,8.5976923081576473,10.629416870735259,10.919983572069565,3.8888764276117875,-11.676336405545467,8.059109579984284,-10.359892239356167,10.709857405684968,-0,-0,-0,-0,-0,-0
hold,0,94,4,0.95000000000000073,0,0,0,0,0,0,0,8.6906077545234339,8.4681583260651205,0.00012534829759823507,0.50414023690005039,0.0027309693888674159,0.00037838799743549227,3.1176685787359881,-0.062853714431407706,-10.499060250385273,1.4859115126057985,9.2125816450759253,-2.0995683122950055,-0.039238523165530129,-0.00013345089058912213,0.048717188167741794,0.99635384037482388,-0.00033307247121004479,-0.085296388200971365,-0.001854721795711143,0.54093688438493936,-1.1096554843169384,1.4868177906712603,1.0511728896322294,1.0671898060872407,0.49643225371184796,-1.1009857253193926,1.4730640810377347,-1.0449268132824543,1.0603117726790481,-0.058620844600937416,-0.0013097151077384476,-2.4625066369297448,-0.033716652403629851,-0.30009076611324209,-0.093697976105295747,4.3501730342479323,-11.845312023115001,8.3778680055893542,11.397734678766689,11.502118115468217,3.9448284252665768,-11.787696506706128,7.7814640437060216,-11.078424511052049,11.254826238626428,-0,-0,-0,-0,-0,-0
hold,0,95,0,0.95200000000000073,0,0,0,0,0,0,0,8.7470667051325535,8.5192581288369169,0.00014169989295795965,0.50695486981072158,0.0026002143755034547,0.00045176665148653246,3.1080262006201238,-0.054456804031930414,-10.533036663951915,1.3355464908885466,9.1615373815907724,-1.9969711059372979,-0.039341715086094367,-0.00013708670840304087,0.043747435848826503,0.99632957030156244,-0.00035694399347095326,-0.085577086266647673,-0.00195505493570325,0.54976792937572683,-1.1335819998191332,1.5031189192055181,1.0755034715538807,1.0913619349887544,0.50446050777095819,-1.1247933514573045,1.4880525320735742,-1.0685827934496519,1.0839609719018306,-0.051595960282119421,-0.0018179089069593609,-2.4848761594576447,-0.031830004688832604,-0.28175560636583791,-0.098069663221869288,4.4155224953937182,-11.963257751097409,8.1505642671289067,12.165290960825583,12.086064450756844,4.0141270295551195,-11.903813068955944,7.4942255179198218,-11.827990083598785,11.824599611391308,-0,-0,-0,-0,-0,-0
hold,0,95,1,0.95400000000000074,0,0,0,0,0,0,0,8.7700266947597925,8.5380657541695033,0.00016024430219897801,0.50909951596493197,0.0024851034257611015,0.0005174756430788831,3.0782531779868156,-0.047237177188162803,-10.511697733898014,1.1727600496562989,9.0798641274222707,-1.8720868019883175,-0.039430986773507232,-0.00014164583029745406,0.038733055857808923,0.99630676276538466,-0.00037883451773504883,-0.085839677217616067,-0.002059312396114238,0.55874723144287164,-1.1577509793738643,1.5189553261126778,1.101205255610691,1.1165886617767542,0.5126500361591011,-1.1488413882800041,1.5024524419657252,-1.0936401048612352,1.1086844657420312,-0.044635843706433351,-0.0022795609472065913,-2.5071899955087917,-0.030226988002710363,-0.2635845184882939,-0.10213978507337848,4.489651033572418,-12.084489777365516,7.9182034535798005,12.85089202840512,12.613363393999919,4.094764194071427,-12.024018411349827,7.1999549460755343,-12.528655705791657,12.361746920100233,-0,-0,-0,-0,-0,-0
hold,0,95,2,0.95600000000000074,0,0,0,0,0,0,0,8.7658948496743179,8.537795458401785,0.00018125912008182254,0.51060209005858437,0.0023922298088426934,0.00057236168695619437,3.0252854019705411,-0.041241129137111927,-10.447124627957354,1.0257768884825413,8.9514757498808812,-1.7326548979028615,-0.039506569255364166,-0.00014703875600086626,0.033674345495437234,0.99628540939683774,-0.0003990153774410622,-0.086084418400637727,-0.0021671913458580524,0.56788941776764057,-1.1821680199289286,1.5343206898802118,1.1280049317827592,1.1426773395813157,0.5210199466250649,-1.1731367429885975,1.5162540147679917,-1.119876896963979,1.1343273306850401,-0.037791240928468174,-0.002696462851706096,-2.5293551811858452,-0.028870712417514419,-0.24567095542431269,-0.10588489964890446,4.5710931623844404,-12.208520277532132,7.6826818837669828,13.399838086034059,13.044338902280696,4.1849552329819275,-12.147677354296709,6.90078640113326,-13.118396051371937,12.821432471504517,-0,-0,-0,-0,-0,-0
hold,0,95,3,0.95800000000000074,0,0,0,0,0,0,0,8.747907844673847,8.5377293173830147,0.00020491157912191915,0.51149967373683358,0.0023242265925816413,0.00061505006751735208,2.9469196551558623,-0.035953172052647614,-10.364669247051818,0.93679912257123632,8.7551950913711618,-1.5801975817578966,-0.03956880770099399,-0.00015318556281191111,0.028571692511981304,0.99626548904518586,-0.00041763958254782376,-0.086311702170648291,-0.0022783729156394968,0.57720762966395578,-1.2068385326298645,1.5492117128006979,1.1556107368136235,1.1694213056456233,0.52958679082912685,-1.1976854247316711,1.5294509098811762,-1.1470179560755749,1.1606954016829625,-0.031119222814912584,-0.0030734034055224218,-2.5513264917279646,-0.027641405986554769,-0.22815033726323902,-0.10929918401503903,4.6591059481576096,-12.335256350467953,7.4455114602430656,13.802902515432134,13.371983032153864,4.2834221020309649,-12.274340871536745,6.5984475565922578,-13.570529555798,13.184035498961196,-0,-0,-0,-0,-0,-0
hold,0,95,4,0.96000000000000074,0,0,0,0,0,0,0,9.4091061963331182,8.5036949723952553,0.00023127718812094439,0.51287297123031106,0.0022776548590624094,0.00064568114466250035,2.9605444776681518,-0.06735134132984115,-10.304333032037762,-2.3042735996069821,8.8453319114490103,-2.6974504282420937,-0.039617629550745062,-0.00015994333483669592,0.023425318860473894,0.99624702013564725,-0.00044136065392728105,-0.086521363416408148,-0.0023945237906523339,0.58670653594581701,-1.2317550348379387,1.5636111596700069,1.1837481174256674,1.1966217621288677,0.53839005779790605,-1.2225223653956336,1.5420813409312335,-1.1748537610796528,1.1876491231531929,-0.024410924875537969,-0.0033788860123924085,-2.5731868257537043,-0.033187691676135292,-0.2104778848508855,-0.11379934525479689,4.7494531409306218,-12.458251104037117,7.1997234346544383,14.068690306022026,13.600228241622267,4.4016334843896017,-12.418470331981307,6.3152155250286706,-13.917902502038913,13.476860735115192,-0,-0,-0,-0,-0,-0
hold,0,96,0,0.96200000000000074,0,0,0,0,0,0,0,9.4064517198330648,8.529576881202189,0.00025816505698306874,0.51274179685561183,0.002558758759604738,0.00066546222493590564,2.8351566707632618,-0.074534660127960894,-10.242252288390839,-2.2956242126996176,8.4942883137732554,-2.6390612110020588,-0.039653596798446433,-0.00016732530580967285,0.018235574418113375,0.99622995109008106,-0.00047015267499557364,-0.086714102812619501,-0.0025155279606997108,0.59639903296652341,-1.2569238459488641,1.5775196943163998,1.2122400141406775,1.2241535473502325,0.54744441830213308,-1.2476535611450263,1.5541470047210904,-1.2031757101467997,1.2150409065890164,-0.017983623850686518,-0.003690985486488458,-2.5948722211802591,-0.038699425841297756,-0.19350842463916501,-0.1181848597791945,4.8462485103532185,-12.584405555462702,6.9542673231964729,14.245948357504986,13.765892610682451,4.5271802521135003,-12.565597874696325,6.0328318949284574,-14.160974533573436,13.695891717911781,-0,-0,-0,-0,-0,-0
hold,0,96,1,0.96400000000000075,0,0,0,0,0,0,0,9.4294061819222179,8.5600031717308944,0.00028550686156506022,0.51205205817230282,0.0029191355248535129,0.00067582835310487038,2.6908358722323156,-0.085547534222563171,-10.195587903838884,-2.1264351136961648,8.0757160608294321,-2.4772306641393191,-0.03967735964222311,-0.00017535991565034926,0.013002766007635329,0.99621421778252661,-0.00050365138656529999,-0.086890754745103882,-0.0026410912625893647,0.60629726758077884,-1.2823521056322256,1.5909422417005898,1.2409676707896868,1.2519332590660148,0.55676240816147116,-1.2730849224067873,1.5656514937314905,-1.2318351447587388,1.2427657079069017,-0.011881421888339402,-0.0040173049203382017,-2.6164042052390228,-0.043823553392482187,-0.17737548016016538,-0.12230774332018761,4.9491173071277261,-12.714129841680775,6.711273692094986,14.363828324504691,13.889855857891151,4.6589949296690527,-12.715680630880492,5.7522445052000331,-14.329717305969519,13.862400658942603,-0,-0,-0,-0,-0,-0
hold,0,96,2,0.96600000000000075,0,0,0,0,0,0,0,9.4416398787100562,8.588803879812728,0.00031303720452417055,0.51092975627589998,0.0033323050689959477,0.00067828785326058,2.5360451379159232,-0.099763899108443022,-10.161906076234343,-1.9637174828242885,7.6177515286372239,-2.309545844186947,-0.039689617657068091,-0.00018408576502611376,0.0077271593781978801,0.99619974792314037,-0.00054150388227705419,-0.087052231941429456,-0.0027709069696115621,0.61641227857553615,-1.3080470412366212,1.6038862526574418,1.2698569953477254,1.2799093604721246,0.56635503736408344,-1.298822221870054,1.5766014118737819,-1.2607348917331178,1.270755099443535,-0.006129007422491865,-0.0043629246878822501,-2.6378033147187243,-0.048569791280735936,-0.16215776706971233,-0.12615476647575033,5.0575054973786431,-12.847467802197784,6.472005478425924,14.44466227901934,13.988050703054823,4.7963146013061273,-12.868649731633347,5.4749590711456744,-14.449873487189508,13.994695768316719,-0,-0,-0,-0,-0,-0
hold,0,96,3,0.96800000000000075,0,0,0,0,0,0,0,9.4404077501939696,8.6122495393526144,0.00034049674580884093,0.5094299757139541,0.0037867678222650515,0.0006742657679542287,2.3751933169228567,-0.11611293444632897,-10.137468907199141,-1.7999499481235661,7.1360017137413827,-2.1380483908479624,-0.039691099315695956,-0.0001935492434738559,0.0024089897491565843,0.99618646388489784,-0.00058335403075786491,-0.08719949434589748,-0.002904661150497985,0.62675385377695148,-1.3340159136199277,1.6163614173920302,1.2988662185119131,1.3080533966629859,0.57623157834386385,-1.324871006787484,1.5870060341147918,-1.2898161646559481,1.2989679545038884,-0.00074082931393177655,-0.0047317392238710758,-2.6590848145206478,-0.052933850646332457,-0.14790271087079981,-0.12971928534558691,5.1707876007076656,-12.984436191653181,6.2375823672942268,14.504611582093787,14.072018095430712,4.9382704898901917,-13.024392458714965,5.2023111205049348,-14.540636461415135,14.106427530176678,-0,-0,-0,-0,-0,-0
hold,0,96,4,0.97000000000000075,0,0,0,0,0,0,0,9.4239651253386132,8.627899650697417,0.00036763222849379995,0.50761060243295641,0.0042715666334387269,0.00066503339101034768,2.2119039293662728,-0.13355644978748596,-10.119019820808647,-1.6284468472412326,6.6433910544664707,-1.9645831945715888,-0.039682545126363461,-0.00020380208587820339,-0.0029515288081541566,0.99617428509397399,-0.00062882953186588046,-0.08733352333885154,-0.0030420375003414601,0.63733048219007882,-1.3602659924441487,1.6283793305307728,1.3279758589411574,1.3363528502289563,0.58639947870229703,-1.3512365447201764,1.5968769006814609,-1.3190470714384632,1.3273822664934107,0.0042770946662491361,-0.0051264212021737412,-2.6802592786553703,-0.05689902299186541,-0.13463180570949723,-0.13300058195004008,5.2883142065636557,-13.125039412110485,6.0089565693713141,14.554820214622126,14.149726782985161,5.0839501792165915,-13.182768966346138,4.9354332833345183,-14.615453391257548,14.207155994761205,-0,-0,-0,-0,-0,-0
hold,0,97,0,0.97200000000000075,0,0,0,0,0,0,0,9.391538696838035,8.6343878679976598,0.00039419760260536729,0.50553127555489608,0.0047759750538941756,0.00065168904427457403,2.0490603950913342,-0.15113513118900107,-10.104108294387061,-1.4447444044799729,6.1501195584459074,-1.7905230846310294,-0.039664694218564805,-0.00021489871287147763,-0.0083541964380115883,0.99616312996168344,-0.00067753331681011234,-0.087455301391856879,-0.003182720849778315,0.64814938641757647,-1.3868045574183439,1.6399531420312434,1.3571813440642657,1.3648058904402471,0.59686439469992247,-1.3779238115448675,1.606227386955243,-1.348413859429997,1.3559889214114953,0.008925453899326927,-0.0055483134966371203,-2.7013338149287156,-0.060440392376183864,-0.1223460755512885,-0.13600217471893797,5.4094521137488503,-13.269282487097565,5.786905750235376,14.602742561554177,14.226520105645434,5.2324579988127109,-13.34363341234557,4.6752431368911012,-14.683393995766901,14.30332745904227,-0,-0,-0,-0,-0,-0
hold,0,97,1,0.97400000000000075,0,0,0,0,0,0,0,9.7284012266938866,8.6807679528570105,0.00043626017530214167,0.50353306620770877,0.0052894596201862425,0.00063516350718677836,1.898967051804495,-0.029655261698990673,-10.093336855965489,2.1488537431499641,5.6688819925260372,-1.2209896207415643,-0.039638232125116593,-0.00022684317092613916,-0.013798839195496359,0.99615292573792735,-0.00072220563878630246,-0.087565765715570759,-0.0033262046584406086,0.65922405925141525,-1.4136537401948475,1.6511085436885893,1.386508593009637,1.3934370180147277,0.60762353180982498,-1.4049322662368418,1.6150835250759152,-1.3779026858168719,1.3847768302213528,0.013231046724105949,-0.005972229027330773,-2.722321378742385,-0.056704676738931072,-0.11097786503907953,-0.13913376981794767,5.5373364169194028,-13.424591388251766,5.5777008286729499,14.663624472685674,14.315563787240329,5.3795685549512555,-13.504227345987125,4.4280690603361306,-14.744413193437437,14.393954404928728,-0,-0,-0,-0,-0,-0
hold,0,97,2,0.97600000000000076,0,0,0,0,0,0,0,9.566655675709745,8.6561084081006818,0.00049784576515245899,0.50162132451292563,0.0053354783749235976,0.00061612345525021317,1.7413274611824199,-0.038694603426769461,-10.080250938872894,2.0343483684745665,5.1909506932695209,-0.92040581157798484,-0.039603874712870822,-0.00023956662402616072,-0.019285269183956535,0.99614359370683581,-0.00076302072801890601,-0.087665869244067149,-0.0034718706603841716,0.67055796831562264,-1.4408193795735622,1.6618613785350516,1.4159646948218754,1.4222523622103223,0.61868091732068931,-1.4322655945461007,1.6234572341606415,-1.4075217540453975,1.4137523850713769,0.017178706122885204,-0.0063617265500107746,-2.7432149942300881,-0.053087200666802226,-0.10056614832151449,-0.14163494583206582,5.6669545321036994,-13.582819689357317,5.3764174232311923,14.728050906119202,14.407672097797214,5.5286927554321661,-13.66666415462951,4.1868545423630845,-14.809534114262796,14.487777425012016,-0,-0,-0,-0,-0,-0
hold,0,97,3,0.97800000000000076,0,0,0,0,0,0,0,9.4016297358908485,8.6222967111675608,0.00055890249329187264,0.49951760407762391,0.0053571277483451729,0.00059525079369101099,1.5893333239091252,-0.045378919488686512,-10.067137682653229,1.9235507593245047,4.730531219024158,-0.60373653854647635,-0.039562312191849566,-0.00025298690363981035,-0.024813303482132502,0.9961350578800019,-0.00080014232106418728,-0.087756530085875195,-0.0036190692117529415,0.68215363659749373,-1.4683073858067719,1.6722281260185552,1.4455615313107677,1.4512615604653931,0.63003925532381888,-1.4599275898324791,1.6313615218862885,-1.4372831220905329,1.4429248050577488,0.020781260510627366,-0.0067101398068248087,-2.7640171490879846,-0.049574476612470553,-0.09107608374587256,-0.14347540936451772,5.7978341409355485,-13.744003116604823,5.1833737417517813,14.798418244446134,14.504599127535407,5.6791690015647784,-13.830997643189212,3.952143862823458,-14.880684022567692,14.586209993185893,-0,-0,-0,-0,-0,-0
hold,0,97,4,0.98000000000000076,0,0,0,0,0,0,0,9.2277587599200075,8.5780764078890712,0.00061967278713349894,0.49728460560131993,0.005361285240958762,0.00057310575352037638,1.4436775070031418,-0.050412463695527002,-10.053512647172679,1.8070985982237999,4.2900966405307379,-0.27741095456069509,-0.039514205863794921,-0.00026701144767488837,-0.030382762862574079,0.99612724551940623,-0.00083374347388823103,-0.087838626662358407,-0.0037671304480092725,0.69401281576934526,-1.4961237203719266,1.6822254263021696,1.4753138418719798,1.4804763697983523,0.64170012646694163,-1.4879221133879068,1.6388101830652599,-1.4672010690527122,1.4723049650303921,0.024053164027320863,-0.0070122720175389971,-2.7847296902207881,-0.046173764685023627,-0.082467998871239706,-0.14463423070782747,5.9295895859257923,-13.908167282577425,4.9986501418071798,14.876155280606049,14.60740466647956,5.8304355715613694,-13.997261777713915,3.724330589485775,-14.958973481089672,14.690079986321686,-0,-0,-0,-0,-0,-0
hold,0,98,0,0.98200000000000076,0,0,0,0,0,0,0,9.0449845517023597,8.5207696946547209,0.00068039567914800203,0.49497993827045766,0.0053551130029205708,0.00055014567477272309,1.3048261793253215,-0.05388895108366977,-10.039095923405263,1.6896990843642263,3.8711937744208886,0.047038413048774957,-0.039460185962249594,-0.00028154178417147494,-0.035993471093411708,0.99612008745172531,-0.00086399924452999993,-0.08791299458388066,-0.0039153880738048144,0.70613669919434485,-1.52427440323139,1.6918697318794849,1.505237970394754,1.5099097726364676,0.65366415159612012,-1.5162531190924162,1.6458175905275354,-1.4972910385887628,1.5019046494105026,0.027009950772662231,-0.0072651682482932876,-2.8053541154188162,-0.042887158246801046,-0.074699036617013492,-0.14511480490187403,6.0619417124998209,-14.075341429731612,4.8221527886576272,14.962064261387162,14.71670141905768,5.982012564589219,-14.165502852254749,3.5037037311376968,-15.044984768025241,14.799842190055248,-0,-0,-0,-0,-0,-0
hold,0,98,1,0.98400000000000076,0,0,0,0,0,0,0,8.8540753436153707,8.4508646003396422,0.00074131283321803715,0.49265465770067246,0.0053438028644511113,0.00052674113803251267,1.1730821299985321,-0.055833040768515169,-10.02375625492324,1.5750401280047637,3.4747832198400102,0.36111203355894922,-0.039400850256587357,-0.00029647669807402203,-0.04164525467130209,0.99611351826774563,-0.00089108087861354882,-0.087980424696570581,-0.0040631969351595425,0.71852611468841088,-1.552765584870359,1.7011771193632912,1.5353510964589714,1.5395754447753824,0.66593117379804634,-1.5449247030246094,1.6523984386465813,-1.5275689812150293,1.5317360957637391,0.029667852831117229,-0.0074674569512735442,-2.8258917889451927,-0.03971254023015957,-0.067724335054446722,-0.14493852947568428,6.1947077470329965,-14.245590819484518,4.6536937419031368,15.056563032108649,14.832836069457354,6.1335111009630898,-14.335791966096535,3.2904240595229179,-15.138971313133272,14.915723176618217,-0,-0,-0,-0,-0,-0
hold,0,98,2,0.98600000000000076,0,0,0,0,0,0,0,8.6558791784851259,8.3693917120282961,0.00080267099463032093,0.49035368525880235,0.0053310066061004581,0.00050319009063692834,1.04855588916328,-0.056496577957470248,-10.007439911820288,1.4624018694468743,3.1012281103017587,0.65804779869977059,-0.039336763538705521,-0.0003117150172499048,-0.047337942690418654,0.99610747639359298,-0.00091515847098966373,-0.088041662350415398,-0.0042099463579936876,0.73118169035712621,-1.5816036119143813,1.7101630830386565,1.5656707446798039,1.569487418793859,0.67850044813097332,-1.5739411735205506,1.6585675292934776,-1.5580509737888046,1.5618117414762438,0.032043358940918379,-0.0076191595879413782,-2.8463440095582815,-0.036651655107446189,-0.061498288136121938,-0.14413984472933561,6.327787834357685,-14.419013522011147,4.4929818376826898,15.159824110416308,14.955987009238292,6.2846371664634937,-14.508235247970598,3.084545323448181,-15.240996286887713,15.037822856252316,-0,-0,-0,-0,-0,-0
hold,0,98,3,0.98800000000000077,0,0,0,0,0,0,0,8.4511304194898624,8.2772932044615679,0.00086472428610149393,0.48811629321545325,0.0053196342726060091,0.00047973003331457494,0.93118604964897955,-0.056068692823860088,-9.9901353813000924,1.3513710119163997,2.7503361594553364,0.93078484245381921,-0.039268457906575419,-0.00032715828693463125,-0.053071366726535632,0.99610190403539645,-0.00093640306753467082,-0.088097407769011954,-0.0043550741365457023,0.74410400832478263,-1.6107950919926166,1.7188423634958883,1.5962144952072519,1.5996598954597927,0.69137081008570389,-1.6033071164217432,1.6643396056767996,-1.5887530122108546,1.5921441012705491,0.034152816065052286,-0.0077216348423632172,-2.8667120180584904,-0.033709606835702517,-0.055975651843491361,-0.14276693145999383,6.4611589838282093,-14.595740039117702,4.339640228615874,15.271875263724018,15.086238332966882,6.4351809773652722,-14.682971450596305,2.8860381916610502,-15.351019211025044,15.166179897152603,-0,-0,-0,-0,-0,-0
hold,0,98,4,0.99000000000000077,0,0,0,0,0,0,0,8.2404184231488564,8.1753649732310727,0.00092773612770380431,0.48597639405845511,0.0053119880533899237,0.00045654833075673632,0.82077296294064483,-0.054686329729303478,-9.9718453860264145,1.2417930429670179,2.4214798877764596,1.1722679040417356,-0.039196433687120495,-0.00034271328036603494,-0.05884536065811783,0.99609674702261308,-0.00095498824828198908,-0.088148317282391281,-0.0044980805571044969,0.75729374350192702,-1.640346956264672,1.7272288107120095,1.6269998274211148,1.630107151525922,0.7045408251586458,-1.6330274556746349,1.6697292259025993,-1.619690903031801,1.6227457055162853,0.036012109727460204,-0.007777496715701839,-2.8869969657910985,-0.030894343332931156,-0.051112411057272961,-0.14088179310841661,6.5948675885721997,-14.775932136027663,4.193223608060614,15.39266610693144,15.223628033064607,6.5850075364709495,-14.860169626445881,2.6948101128998148,-15.468945410473149,15.300802122868067,-0,-0,-0,-0,-0,-0
hold,0,99,0,0.99200000000000077,0,0,0,0,0,0,0,8.033375047865654,10.435395300174282,0.00099198092303892649,0.48381930797619477,0.0053098901641732178,0.00043379092917734111,0.80262426817404564,-0.12997366605588201,-9.9903526857478706,0.9609727765337247,2.3596801082100676,2.3727301147096962,-0.039120771407279833,-0.00035829190502107441,-0.064659980473216541,0.99609200687617006,-0.00097126177307108399,-0.088194518681462886,-0.004636524832110505,0.77078825331994971,-1.6703233089445426,1.735395057948999,1.6580996972534867,1.6608984676903449,0.71801166412075978,-1.6631094727376969,1.6747449277571522,-1.6508822294794714,1.6536310636030884,0.037831139920332532,-0.0077893123275197332,-2.9073099075493527,-0.028210344254946628,-0.046379886392410606,-0.13653485199596546,6.7472549090113381,-14.988176339935345,4.0831236184946729,15.549934916185977,15.395658082211391,6.7354194810569705,-15.041008531530972,2.5078509272764973,-15.595663223835237,15.442679043401581,-0,-0,-0,-0,-0,-0
hold,0,99,1,0.99400000000000077,0,0,0,0,0,0,0,7.8092678729838827,9.9844756973308968,0.0010577708708401148,0.48190654667358856,0.0052779058721263497,0.00041161570882725931,0.69032192523156655,-0.11267544909047213,-9.9649508193881982,0.90919643436325104,2.0282562849169636,2.3766110037601837,-0.039041979701887178,-0.00037381474275394449,-0.070515031008218085,0.996087627722965,-0.00098532346909070635,-0.088236672685733999,-0.00477039078581487,0.78458624774691699,-1.7007250599333212,1.7433496420936185,1.6895248478907718,1.6920419745152258,0.73178108895738569,-1.6935584983035572,1.6794015129861675,-1.6823418436856954,1.6848122307327529,0.039395852696328566,-0.0077614188664350435,-2.927525267500771,-0.025621791664628732,-0.042310662681071504,-0.13216388902963744,6.8989972134836144,-15.200875494389335,3.9772920723098317,15.712575318642527,15.57175341244041,6.8847124183129411,-15.224512782930093,2.3282926145076752,-15.729807103111961,15.590583564832279,-0,-0,-0,-0,-0,-0
hold,0,99,2,0.99600000000000077,0,0,0,0,0,0,0,11.087249558222112,9.6041785502554156,0.0011731595973273543,0.48165850812653371,0.0052556867524230612,0.00039008675710807707,0.69567878964329932,-0.026176924663972923,-9.9857160033852264,1.485154647178043,2.0231409909778573,1.2086449645694066,-0.038960040387240033,-0.00038936990212416625,-0.076410595382339241,0.99608360080504743,-0.00099623245309690906,-0.088274781661092469,-0.0049021067755139688,0.79869089943137728,-1.7315593954500392,1.7510973437028818,1.7212919231706301,1.7235518133509178,0.74589673308175675,-1.7244623550843992,1.6837729711039973,-1.7141639382033156,1.7163799616004431,0.040969657323570663,-0.0077775796851108714,-2.9477821870605809,-0.022310657852403441,-0.03823745807956766,-0.13029485531262522,7.05232584223012,-15.417167758358941,3.8738508046316467,15.883537639929129,15.754919417846009,7.0578220621855055,-15.451928390420981,2.1857290589149461,-15.91104725881007,15.783865433845186,-0,-0,-0,-0,-0,-0
hold,0,99,3,0.99800000000000078,0,0,0,0,0,0,0,10.338647833100195,9.2354921102331033,0.0012919897510243958,0.48179607150913473,0.0051031184517906598,0.00036923830478963508,0.57726868852248148,-0.023838903121538323,-9.9521583687324675,1.2622513602516992,1.6798020099484643,1.4256282471657988,-0.038875488514742165,-0.0004048465883233063,-0.082346442114591176,0.99607986867179166,-0.0010043915355657652,-0.088309531938142061,-0.005031201973472876,0.81310095523703607,-1.7628295714135238,1.7586474259384186,1.7534122091467175,1.7554371045527186,0.76035221982598244,-1.7558171603031365,1.6878689523033212,-1.74635377107157,1.7483373761347836,0.042275936248934561,-0.0077383430995700145,-2.9679233661259645,-0.019356347219774066,-0.034855022312820526,-0.12792228345830584,7.2050279028293813,-15.635087981742316,3.7750411177683953,16.060142988043722,15.942645600900372,7.2277433721128306,-15.67740260936864,2.0479905996619947,-16.094916434127217,15.978707267170261,-0,-0,-0,-0,-0,-0
hold,0,99,4,1.0000000000000007,0,0,0,0,0,0,0,9.6758200216794208,8.9054254496649641,0.0014023835374000204,0.48272398006224415,0.0049890868076530002,0.00034911036485330352,0.46916678268060313,-0.021175565044553677,-9.91902057360514,1.0691220834568906,1.3677630366021241,1.6038632901668788,-0.03878881229258261,-0.00042014900154787558,-0.088322350284007839,0.9960763791035796,-0.0010101511621611688,-0.088341547234620371,-0.005157287923618881,0.82781602739487414,-1.7945406748984132,1.7660089664780012,1.7858981968618481,1.7877083319839553,0.77514226116541007,-1.7876216040237514,1.6916993817052814,-1.7789182145918809,1.7806893870095415,0.043338111079776774,-0.0076512066122846343,-2.9879540847083308,-0.016714068861337063,-0.032100292721481287,-0.1251327597031541,7.3575360789190265,-15.855551742444673,3.6807702697912883,16.242993857565352,16.135613715618327,7.3950206697137997,-15.902221860307456,1.9152147009801594,-16.282221760155522,16.176005437378954,-0,-0,-0,-0,-0,-0
hold,0,100,0,1.0020000000000007,0,0,0,0,0,0,0,9.0854997638584329,8.6074926357461052,0.0015066397846777296,0.48380867818195711,0.0049094356041697101,0.00032972932903802031,0.37006162347355515,-0.018389007149962052,-9.8860509798423077,0.90125950834576252,1.0831582627730318,1.7478675245498432,-0.038700459030652126,-0.00043519505913358527,-0.094338107422916373,0.99607308444716913,-0.0010138175931977671,-0.088371396384351361,-0.0052800487564190323,0.84283662088496425,-1.8266995311356207,1.7731907707560064,1.8187635049925432,1.8203772638886584,0.79026269644849612,-1.8198767407392407,1.6952742481008209,-1.811865652395376,1.8134425825878087,0.044176630965241166,-0.0075230287928548557,-3.0078785694542685,-0.014346314740330195,-0.029917989950559963,-0.1220024116107659,7.510296745045034,-16.079428118603726,3.5909021390025404,16.432654065347595,16.334465952351522,7.560217641543022,-16.127568357744657,1.7874331977697242,-16.473718901747592,16.376597789133562,-0,-0,-0,-0,-0,-0
hold,0,100,1,1.0040000000000007,0,0,0,0,0,0,0,8.5562657795832742,8.3360661333537962,0.0016067360341097195,0.48507259764738991,0.004860331539698573,0.00031111067544663544,0.2787586198901133,-0.015628451685023172,-9.8529961031595157,0.75489666927018706,0.82248029001636236,1.8616745795488907,-0.038610840554124636,-0.00044991517601955007,-0.10039350750643182,0.99606994100913049,-0.0010156596904891521,-0.0883996003492412,-0.0053992324968327775,0.858164157460928,-1.8593146378299408,1.7802013076898899,1.8520228412510873,1.8534569086849448,0.80571051795845972,-1.8525858213276254,1.6986034294282633,-1.8452059042421967,1.8466051386503328,0.044809238263743702,-0.0073600584429823956,-3.0277000417577264,-0.012221565691179744,-0.028259896171753247,-0.11859811869862646,7.6637682879818767,-16.307553347160074,3.5052684669417373,16.629668129272005,16.539822398143173,7.7239107549817874,-16.354540294192411,1.6645906637211219,-16.670125923410357,16.58127803126208,-0,-0,-0,-0,-0,-0
hold,0,100,2,1.0060000000000007,0,0,0,0,0,0,0,8.0782585875804571,8.0862435549874352,0.0017043820364479254,0.4865342034289572,0.0048382754328233774,0.00029402830810320809,0.194173287028023,-0.013002991750724009,-9.8195977416025588,0.62686980964666827,0.58256133948439837,1.9488587470139784,-0.038520338115672653,-0.00046425112292267811,-0.10648834902074324,0.99606690850574342,-0.001015914581376538,-0.088426638552114634,-0.0055146433926513399,0.87380099891009921,-1.8923961246098824,1.7870486653288398,1.885691995597677,1.8869615002106608,0.82148388807501882,-1.8857541611454798,1.7016965529661372,-1.8789501761715086,1.8801867563753933,0.045251219225992831,-0.007167973451564013,-3.0474207571557055,-0.010313260689479639,-0.027084171312501047,-0.11497862701025782,7.8184207245855895,-16.540743389970817,3.4236788194748966,16.834577173294878,16.752295762857926,7.886685058279558,-16.584169908927223,1.5465617689369344,-16.872135964655953,16.790808862530294,-0,-0,-0,-0,-0,-0
hold,0,100,3,1.0080000000000007,0,0,0,0,0,0,0,7.6429410886448963,7.8537338045680736,0.0018010653415247158,0.48820862863764103,0.0048401017955098102,0.00027777026347862709,0.11532248597544885,-0.010591536648132102,-9.7855898170157705,0.51450886712512367,0.36054841268066262,2.0125631527433177,-0.038429306845580262,-0.00047815497432136822,-0.11262243309007303,0.99606394956611144,-0.0010147924138497668,-0.088452954580176352,-0.0056261351879614086,0.88975047180664468,-1.9259557360402075,1.7937405240104229,1.9197878604098322,1.9209065085905204,0.83758215205121223,-1.9193890408783856,1.7045628874973451,-1.9131110341033788,1.9141986245674805,0.045515635046197205,-0.0069519256993450396,-3.0670420346648979,-0.0085989732846609972,-0.026354719364313019,-0.11119556995745011,7.9747364482727559,-16.779805715162531,3.3459293407915904,17.047932406077592,16.972504189929744,8.0491319880967058,-16.817439866452929,1.4331672656039449,-17.080428965935095,17.005934096043564,-0,-0,-0,-0,-0,-0
hold,0,100,4,1.0100000000000007,0,0,0,0,0,0,0,11.261015862480656,7.6508683042583243,0.0019062264529358455,0.4900626026811728,0.0048629703992537415,0.00026223222969013577,0.12503287154705703,0.074500289689965513,-9.7995867076252825,1.0096268236863197,0.37279938936411794,1.2033431779723858,-0.038337707753117484,-0.00049160446722420201,-0.11879582071790183,0.99606105944188872,-0.0010114502064403768,-0.088478516792239101,-0.005735407416023651,0.90602003043600765,-1.960011202204865,1.8002823185691905,1.954333160115713,1.9553133208717755,0.85406852865548677,-1.9535984148500707,1.7072780699081607,-1.9477981856365956,1.9487479001053249,0.045799546231389959,-0.0067247464514168884,-3.0866938139144056,-0.006195515541590476,-0.025587545648481359,-0.10917995597973724,8.1347793146814862,-17.027733082328801,3.2708972793838229,17.272649852940393,17.203406140627528,8.2431883021372911,-17.104686985842566,1.3575912054077437,-17.343575766608367,17.274637768922204,-0,-0,-0,-0,-0,-0
hold,0,101,0,1.0120000000000007,0,0,0,0,0,0,0,10.257296624406113,7.4346794107724161,0.0020650258579948469,0.4922149987890474,0.0047780741794113176,0.00024751930953702543,0.035166364719223533,0.061489461083618364,-9.7540583947020227,0.78053429607508074,0.1255499038246928,1.458698420968279,-0.038245944207719873,-0.00050453812037174438,-0.12500825952431055,0.99605819767686954,-0.0010062963176080315,-0.088503820703068739,-0.0058419114497677725,0.92261410670501331,-1.9945765418917709,1.8066814313209401,1.9893460148894857,1.9901988972892219,0.87093686748759203,-1.988380306069472,1.7098441540401987,-1.9830149501657408,1.9838371554633172,0.045881772698806132,-0.0064668265737711774,-3.10621940320436,-0.0041474972707791369,-0.025320161824863338,-0.10658253637323604,8.2970381345028201,-17.282669843452922,3.1995563758748169,17.506427386886379,17.4427882087233,8.4341694160526188,-17.390945609700655,1.2830420660190105,-17.608382264572576,17.544627678996118,-0,-0,-0,-0,-0,-0
hold,0,101,1,1.0140000000000007,0,0,0,0,0,0,0,9.3908076251085717,10.519966572887288,0.0022137101511303381,0.49634648258330294,0.0047334511896553171,0.00023358663618363939,0.0089901737897335882,-0.024615271992788741,-9.7499540017597361,0.34910381375094168,0.055721305264395081,2.4260669735280844,-0.038154130306236676,-0.00051694937139238847,-0.13125971215455315,0.9960553634385545,-0.0010000180495604257,-0.088529012323446052,-0.0059436441873177408,0.93959056731498869,-2.0297519325124789,1.8130143458225665,2.0249279773430011,2.0256625913127779,0.88818606599486938,-2.0237393406252262,1.7122615364977711,-2.0187705618576959,2.0194748819433697,0.045906950741596869,-0.00620562551032206,-3.1257263151213022,-0.0026059004805746144,-0.025204110590433634,-0.10192928570985879,8.4882303049876633,-17.587695310353922,3.1664572508132616,17.790981226757665,17.731847011777962,8.6245992536386886,-17.679517277877004,1.2086912287861658,-17.877805845977527,17.818863240026303,-0,-0,-0,-0,-0,-0
hold,0,101,2,1.0160000000000007,0,0,0,0,0,0,0,8.6192519119115296,9.8033789629620571,0.0023556466894967057,0.4997075905574222,0.0047148239127878609,0.00022039549188817035,-0.08205631868555463,-0.019371205580656151,-9.6953910194663049,0.23677588656583937,-0.19177670366581356,2.3850572036184836,-0.038062674887039821,-0.00052880845913780836,-0.13754989028146783,0.99605251362707059,-0.00099284337991207964,-0.088554585931547095,-0.0060406679854235149,0.95695060920723696,-2.0655443705184422,1.8192822564850661,2.06109027495026,2.0617149936963579,0.90581419944974306,-2.0596811681433169,1.7145353790588131,-2.0550746891497202,2.0556700225296738,0.045727709598428978,-0.005929543872709957,-3.1450890634573443,-0.0012939022720059438,-0.02558535131778894,-0.097318753401566788,8.6800209461241433,-17.896219002981713,3.133955331249811,18.081148803629485,18.026201191789898,8.8140667274368703,-17.970913759045335,1.136921280520955,-18.152063646012238,18.097570293152138,-0,-0,-0,-0,-0,-0
hold,0,101,3,1.0180000000000007,0,0,0,0,0,0,0,7.9380868518755534,9.1790537700241295,0.0024937023379506956,0.50325227791812444,0.0047283891980760481,0.00020791159541868297,-0.16616412083348589,-0.015466805061676664,-9.6407190969256522,0.13953385864028839,-0.41792025773781011,2.3335183679668052,-0.037971955229128392,-0.00054009667732621692,-0.14387851119883385,0.99604960868343051,-0.00098497226319497902,-0.088580993099512007,-0.0061330687857267538,0.97469769613216539,-2.1019649323910974,1.8254874466797757,2.0978476908073143,2.0983702551335757,0.92382175292215285,-2.0962152062874675,1.7166714780568986,-2.0919402609377609,2.0924347991314312,0.045359828955715324,-0.0056441090942042698,-3.1643104586830093,-0.00018583623971558548,-0.026420885825757218,-0.092776839010729764,8.8735434624642302,-18.21028093632761,3.1025950973547594,18.378707928527138,18.327630718608972,9.0037767362048928,-18.267019072075254,1.0680494990427443,-18.432785894020203,18.382388300878727,-0,-0,-0,-0,-0,-0
hold,0,101,4,1.0200000000000007,0,0,0,0,0,0,0,7.3316385511283677,8.6307176150095763,0.0026303625666532077,0.50701699152271607,0.0047698090490074637,0.00019610527994533381,-0.24489089071782527,-0.012694524159534273,-9.5851517547528786,0.055500142459960655,-0.62703636330420864,2.273112647988861,-0.037882324065545564,-0.00055080473735684779,-0.15024529345425583,0.99604661183659093,-0.00097658004191223118,-0.088608651329845078,-0.0062209524814069326,0.99283749171386115,-2.1390285944665219,1.8316330515703505,2.1352184544146415,2.1356459835874824,0.94221152038874956,-2.1333544613165443,1.7186760017352167,-2.129383357756403,2.1297846085890924,0.044815581791413921,-0.0053540300153154391,-3.1833911277109816,0.00074092170322827603,-0.027676400135852739,-0.08832553457109564,9.0698977908478913,-18.53183103771223,3.072802445287349,18.685381803663745,18.637864226953397,9.1948837332983793,-18.569627514538457,1.002261839159116,-18.721548409321141,18.674904728830523,-0,-0,-0,-0,-0,-0
hold,0,102,0,1.0220000000000007,0,0,0,0,0,0,0,6.7863515552047904,8.1443635995138486,0.0027678025314969712,0.51103344707827048,0.0048353032234178025,0.00018495147037728629,-0.31959672373366405,-0.010883539919925474,-9.5278952748785599,-0.017043804119494521,-0.82283771406992501,2.2051855233756577,-0.037794115695714302,-0.00056093139553955844,-0.15664995262643494,0.99604348845558988,-0.00096782060020648736,-0.088637951467271478,-0.0063044419413165942,1.0113778271283003,-2.1767541316736603,1.8377228801834544,2.1732242003757851,2.1735632074382081,0.96098853814127116,-2.1711154188460946,1.7205553026825524,-2.167423162409321,2.1677379763283966,0.044104184915630847,-0.0050633290913553071,-3.2023295860895544,0.0015061483228002992,-0.029325035015817302,-0.083983600428054084,9.2701677072195814,-18.862768603569155,3.044914306551965,19.002872980571794,18.958611925362785,9.3885088762607847,-18.880478764775233,0.93965047366788967,-19.019902326458997,18.976683869652049,-0,-0,-0,-0,-0,-0
hold,0,102,1,1.0240000000000007,0,0,0,0,0,0,0,14.234697186538382,7.7135314457380932,0.0029659973064414466,0.51509569378895081,0.0049215904826139314,0.00017442989656026847,-0.29698615839095655,-0.077514236846327911,-9.5486681435026011,-0.59641581318490755,-0.75642061193302024,-0.0072441119515661012,-0.037707234978568656,-0.00057126139323484203,-0.16309258856327313,0.99604022190849917,-0.00096024093297144967,-0.088668764289518975,-0.0063878413559640993,1.030332953774419,-2.2151643226344331,1.8437519222023313,2.211889331631637,2.2121457998233103,0.98030572435814223,-2.2097333815477209,1.7224939570389031,-2.2062931072155427,2.2065242699667706,0.043440358572823246,-0.0051649988476417871,-3.2213179684190978,0.00034842114399950852,-0.030851949800487128,-0.083791705229121702,9.4775633230594067,-19.205095480386397,3.0145210094384725,19.33256562792598,19.291296192551172,9.6585931084355376,-19.30898135081323,0.96932717817530301,-19.434972403110873,19.393146819187105,-0,-0,-0,-0,-0,-0
hold,0,102,2,1.0260000000000007,0,0,0,0,0,0,0,12.605600887550896,7.312914050307211,0.0031675000832586675,0.51960497729288424,0.005078601745764454,0.00016477097911231852,-0.39623617369248659,-0.069196140988662058,-9.4661880447459978,-0.55017116136044431,-1.0142518265201472,0.38408365949207479,-0.037622124427651837,-0.00058165955116436165,-0.16957279884018917,0.99603677150532099,-0.00095367608581253187,-0.088701603680243934,-0.0064703798755639972,1.0497139839618714,-2.2542852857781934,1.8497264446302715,2.2512425625317318,2.2514218699609509,1.0001537564221681,-2.2492073087994799,1.7244758197957832,-2.245995243001123,2.2461460867167213,0.042555275458408162,-0.0051990789647598235,-3.2401051384580097,-0.00057327711919395383,-0.032894104987457845,-0.082847356728635205,9.6905150937261784,-19.560481571880068,2.9872612139700867,19.676615450047436,19.638035068820447,9.9240160320129753,-19.736963625879412,0.99093137844006607,-19.851067892790123,19.810908374975337,-0,-0,-0,-0,-0,-0
hold,0,102,3,1.0280000000000007,0,0,0,0,0,0,0,11.19693560993824,6.9430870052461868,0.0033489287309338978,0.52444682484911809,0.0052587776372809113,0.00015595784107608855,-0.48917102789141531,-0.06168760054247726,-9.3819599821128143,-0.50552265177515376,-1.2516240074914564,0.69277593015850247,-0.037539197818346262,-0.00059201693423925443,-0.17609017982177769,0.99603309927043693,-0.00094797907834992274,-0.088736942611176844,-0.0065514509398026015,1.0695345252542079,-2.2941471446096324,1.8556531039896855,2.2913162408607866,2.291423193343356,1.0205290794408715,-2.2895445824005862,1.7264911910882896,-2.2865396195735275,2.2866137518331549,0.041463304652788947,-0.0051786915374464112,-3.2586904907942613,-0.0012915503064809979,-0.03541043050695445,-0.081312557539471281,9.9102706461682644,-19.9309294157195,2.9633296797070185,20.036839164527418,20.000661691202527,10.187661509351692,-20.168636800553116,1.0076856462532275,-20.27218828620218,20.233832558216854,-0,-0,-0,-0,-0,-0
hold,0,102,4,1.0300000000000007,0,0,0,0,0,0,0,9.9921115638041051,12.94131910056225,0.0035162498212269952,0.53393165017638999,0.0054544115951588173,0.00014797577349501164,-0.53149677926196848,-0.44225183015028952,-9.3521529316180771,-2.2198032708822342,-1.3256899172534606,2.0916269879373988,-0.037458632886515734,-0.00060314997295930328,-0.18264458526582891,0.99602920747235479,-0.00094631526442498688,-0.088774953902499718,-0.0066279641688236452,1.0899270616575882,-2.3349541762332415,1.8617101400177747,2.3323115491317763,2.3323474818768148,1.0414421418744171,-2.3307714576018284,1.7285359040612818,-2.3279552381812043,2.3279563461063826,0.040282465915262897,-0.0055665193600243955,-3.2772027220256099,-0.004886996511231265,-0.03812241727753219,-0.076418881324102461,10.196268201690213,-20.403515811804485,3.0285180140446117,20.497654135494962,20.462144266729457,10.456531216772845,-20.613437600621104,1.0223564864960359,-20.707809303838491,20.671297136613838,-0,-0,-0,-0,-0,-0
hold,0,103,0,1.0320000000000007,0,0,0,0,0,0,0,8.9107891267125332,11.716027906216416,0.0037560250514079643,0.54017157339502675,0.0058987460002178707,0.00014078844518984339,-0.63674903523638604,-0.39351969012682175,-9.2432938074000113,-1.9041029306041397,-1.591481121709742,1.913856969296319,-0.037380899348427948,-0.00061497116592398589,-0.18923550586007074,0.99602504784022716,-0.00094808343934517586,-0.08881616288475902,-0.0067003300735307605,1.1108981226687893,-2.3767284330609901,1.867887325921872,2.3742534999200231,2.3742201127329445,1.0628981240515736,-2.3729094385051033,1.7306091486830093,-2.3702654397928842,2.370197124894756,0.038866769043892045,-0.0059105964823413142,-3.2954602971209068,-0.0079162383936203541,-0.041357859578570279,-0.071988151731508521,10.485530505600481,-20.887128413874319,3.0885929520487028,20.970975394123446,20.936315428064741,10.727991088578268,-21.068990451637564,1.0366223108637693,-21.155100805839986,21.120389394186677,-0,-0,-0,-0,-0,-0
hold,0,103,1,1.0340000000000007,0,0,0,0,0,0,0,7.9599829689809773,10.652493645958076,0.0039881973228938494,0.54688200649023555,0.0063264885416338401,0.00013439036237764256,-0.73793118926271639,-0.35233786155623298,-9.1295348959834435,-1.6344003086478558,-1.8410532115277622,1.760277222054077,-0.03730644769890995,-0.00062740803588387897,-0.19586241718206907,0.99602057490971063,-0.0009527698992250937,-0.088861063130082907,-0.0067689028240331683,1.132459636717295,-2.4195007699753055,1.8741797982540882,2.4171753720074727,2.4170745243275813,1.0849075849225773,-2.4159880969168799,1.7327133213871766,-2.4135013471093001,2.4133670009839192,0.037225824758998285,-0.0062184349799465546,-3.3134556609991677,-0.010461594263257001,-0.045085425711811587,-0.067956483082086364,10.780757024252853,-21.38616845715768,3.1462361661080518,21.460936043724743,21.427205797318326,11.004730435501882,-21.53932920588834,1.0520863520836112,-21.617953658207938,21.584938044581694,-0,-0,-0,-0,-0,-0
hold,0,103,2,1.0360000000000007,0,0,0,0,0,0,0,7.3016687014275385,9.7528324076204314,0.0042157251159642556,0.55426392043053541,0.0067356540458898134,0.00012878039520005868,-0.83405587047202867,-0.17691024083001017,-9.009768179369523,-0.62024980655861484,-2.0873039637541249,2.026375397281424,-0.037235706126208808,-0.00063986827849450505,-0.20252477456166776,0.99601575068011106,-0.00095830341666481883,-0.088910132228448319,-0.0068333329215970852,1.1546305147261533,-2.4633158341120636,1.8805916769412909,2.461124327314502,2.4609578607774796,1.1074879910095115,-2.4600465860673268,1.7348558925241755,-2.4577026444784122,2.4575052807697451,0.035370786350572544,-0.0062301213053130187,-3.3311786897993492,-0.010909276622967092,-0.049278586573793352,-0.063761394946098005,11.08543900442911,-21.907532068379009,3.2059393436014068,21.974477653514651,21.941668224949069,11.290203043467008,-22.029244575223387,1.0712855684995006,-22.100648684556184,22.069139892912901,-0,-0,-0,-0,-0,-0
hold,0,103,3,1.0380000000000007,0,0,0,0,0,0,0,6.4890886784459161,8.9228843180880464,0.0044430736530563925,0.56226553333873053,0.0069425622450059454,0.00012400404331810045,-0.9347092519637541,-0.16056078782484415,-8.877786556361972,-0.55894087195812059,-2.3209711039999732,1.8816547454472541,-0.037169120231131413,-0.00065233840925487915,-0.20922198458380487,0.99601053185585298,-0.00096458394373864884,-0.08896383465966394,-0.0068939199796178314,1.1774333185610852,-2.5082219233093683,1.8871257942454296,2.5061500304770088,2.5059196567128095,1.1306599392349954,-2.5051302172617009,1.7370430559857568,-2.5029159694576482,2.5026582415927026,0.033292947538697062,-0.006235065380187069,-3.3486050110685595,-0.011280341866435535,-0.053937329902656247,-0.059874386836441904,11.401401917465934,-22.453044598652429,3.2670586520693177,22.512851581253472,22.480897967664955,11.585974112742001,-22.541815597186968,1.0935817307907145,-22.606662489618056,22.576480411478645,-0,-0,-0,-0,-0,-0
hold,0,103,4,1.0400000000000007,0,0,0,0,0,0,0,5.7559258612962854,8.182940633686016,0.0046744718862703899,0.57097370293806038,0.0071522399084524638,0.00012005726240347942,-1.0376332746686758,-0.14695105244199586,-8.7325865686502233,-0.50715605131788333,-2.5535402607566273,1.7456759374597195,-0.037107144548361184,-0.00066481170348317944,-0.21595340127457827,0.99600487516190639,-0.00097152883644630289,-0.089022632828932316,-0.0069509445143220204,1.2008964744183237,-2.5542772981863355,1.893788291315637,2.5523117919316074,2.5520189687109851,1.1544496456987252,-2.5512934308843085,1.739283164381114,-2.5491967931715136,2.5488809255006735,0.030987841385114106,-0.0062366471141501231,-3.3657083453866954,-0.011590414051786402,-0.059059709680968339,-0.056274905482070557,11.73157792861922,-23.027687438483635,3.3312485351037187,23.080880727299323,23.049655999087872,11.894853231864952,-23.081606811303782,1.1200541976785581,-23.140411856932825,23.111341953985459,-0,-0,-0,-0,-0,-0
hold,0,104,0,1.0420000000000007,0,0,0,0,0,0,0,5.0836036593022094,7.5137837016572355,0.0049138858367747951,0.58046665586858259,0.0073628392846527835,0.00011694618015222407,-1.1449473908734327,-0.13566607494783287,-8.5703773583413749,-0.46393805296359225,-2.78930106693059,1.6169218295667307,-0.037050251811051281,-0.00067728713771944072,-0.22271830973468285,0.99599873655396343,-0.00097907116187004274,-0.089086995598323157,-0.0070046711438654756,1.2250546791025529,-2.601551012060686,1.9005883595825208,2.5996794137946413,2.5993252348313565,1.1788892483617956,-2.5986004891804448,1.7415865743534513,-2.596610134749596,2.5962378603723479,0.028446368654953199,-0.0062377171181306245,-3.382454230052292,-0.011853660716967411,-0.064652336525588966,-0.05294574675694963,12.079102342114611,-23.636856937175224,3.4000341334419755,23.683810931517005,23.653133060185631,12.219801331535198,-23.653529148068124,1.1517049861687161,-23.706670789041222,23.678467435837284,-0,-0,-0,-0,-0,-0
hold,0,104,1,1.0440000000000007,0,0,0,0,0,0,0,4.4731775952531239,10.2819884100953,0.0052415229921317294,0.59330581357306966,0.0075730880706709955,0.00011468696485474557,-1.2609513264924506,-0.25489813626788543,-8.3952055544319268,-0.93196049588840968,-3.0308847208597354,2.3274830399652826,-0.036998947438937377,-0.00068995632893090653,-0.22951593964711869,0.99599208148399188,-0.00098801271646194308,-0.089157412228754174,-0.0070536016849560151,1.2500172785331185,-2.6502273667516785,1.9076372512027875,2.6484349531036422,2.6480182030740775,1.204021600324227,-2.6471301291651983,1.7439628998736574,-2.6452349591798714,2.6448074604693459,0.025652186056951971,-0.0063345956057329119,-3.3988149562179175,-0.012778122438901739,-0.070742481386804515,-0.048053740399151876,12.481299715282752,-24.338177345496177,3.5244458101332943,24.377769654500437,24.346484121360636,12.566175981215627,-24.264819992376829,1.1881627601030069,-24.312412215137712,24.284800048499072,-0,-0,-0,-0,-0,-0
hold,0,104,2,1.0460000000000007,0,0,0,0,0,0,0,10.004859774472695,9.2822065444069626,0.0055815018171477479,0.60507584476492859,0.0078585971566760941,0.00011331450147899137,-1.3869571710225403,-0.085039938160298256,-8.188335391656695,-0.1715750881875818,-3.3147095232701815,1.8989817615405737,-0.036953788976447216,-0.00070239889156043823,-0.23634538678167519,0.99598485409115778,-0.00099691061340427978,-0.089234436658807412,-0.0070987255496984623,1.275830901831976,-2.7003992175784615,1.9149404547231021,2.6986721063620598,2.6981915008685262,1.2300046067746717,-2.6971621784967943,1.7465107674527909,-2.6953447992977613,2.6948595541202436,0.022579231245079885,-0.0062212813147658292,-3.4147235672782474,-0.012349203029717539,-0.077378277429239722,-0.0442767788301947,12.906811649428771,-25.085925413391546,3.6516017601573685,25.118576629208707,25.086648897224293,12.991503225222385,-25.016024665798025,1.2739337895667981,-25.054920058944855,25.026046825448866,-0,-0,-0,-0,-0,-0
hold,0,104,3,1.0480000000000007,0,0,0,0,0,0,0,8.3067831891019086,8.3474826799250792,0.0059816659717634377,0.61803524527460985,0.0080002073141921225,0.00011340226753287196,-1.5396994421630437,-0.085841867190868143,-7.917660674574444,-0.2023305886568578,-3.6243335312853469,1.8679078465567123,-0.036915444182537852,-0.00071462121076675922,-0.24320548146017895,0.99597699753407354,-0.0010058266818181235,-0.089318686007553133,-0.0071400998300476595,1.3025484570225394,-2.7521713359663322,1.9225092411899591,2.7504957486305237,2.749949670164944,1.2568771967116665,-2.7487762713961215,1.7492314232326556,-2.7470208417010475,2.7464755259888083,0.019172396954683882,-0.0061111596031604995,-3.4300473392518787,-0.011982048995883607,-0.084634197152999219,-0.040552296907543361,13.358777595281728,-25.886059193935488,3.7843932334284611,25.911821134231889,25.879084648208977,13.436294968497368,-25.807046449663527,1.3603278899323847,-25.838021201643091,25.807985934282289,-0,-0,-0,-0,-0,-0
hold,0,104,4,1.0500000000000007,0,0,0,0,0,0,0,6.8177218162259052,7.5029539956742815,0.0064102582685993184,0.63233462885090619,0.0081511638545976282,0.00011482727241362648,-1.7045893581004576,-0.086827426595145696,-7.6042136185777114,-0.22929550472765103,-3.9458337492616016,1.8206950118732177,-0.036884631748219182,-0.00072663563900862748,-0.25009487965172772,0.99596845221133479,-0.0010148178709655728,-0.089410800936282467,-0.0071778144570499797,1.3302350614691747,-2.8056697655241734,1.9303612210253436,2.8040314778978632,2.8034177081362626,1.2846914595124181,-2.8020742647502401,1.7521347423508173,-2.8003657136270497,2.7997578323746235,0.015406217159333421,-0.0060072141209341363,-3.444699095774395,-0.01167452384467698,-0.092533870907579793,-0.036913485937036729,13.84330222331767,-26.749214778920646,3.9259899176922595,26.767864633669824,26.734018985659358,13.907131400375818,-26.648996677059369,1.4516595590808588,-26.672435963001,26.641153192907616,-0,-0,-0,-0,-0,-0
hold,0,105,0,1.0520000000000007,0,0,0,0,0,0,0,5.4997844059999146,6.7280955170879846,0.0068553867070033844,0.64815850680869669,0.0083087438039762124,0.00011749013100031132,-1.8865281949340409,-0.090646648799498616,-7.2344146234494238,-0.26418679970161263,-4.2858978807335744,1.7117088116510217,-0.036862142316056182,-0.00073848180737368877,-0.25701200673700031,0.99595915382048306,-0.0010239676650403223,-0.089511459036370478,-0.0072120810165427268,1.3589699880464592,-2.8610453162497045,1.9385202458910074,2.8594289602328269,2.8587443855238712,1.3135138551084384,-2.8571829877728345,1.7552393296257172,-2.8555062241213305,2.8548327537288469,0.011244716081501169,-0.005923084182530629,-3.4585635426363046,-0.011463637801361318,-0.10111457012131046,-0.033479213631120254,14.367463288642263,-27.687775362765603,4.0795124328318337,27.698741167481792,27.663338693804228,14.411197798010134,-27.554361511297177,1.5522936374499505,-27.570255247140413,27.537460677111778,-0,-0,-0,-0,-0,-0
hold,0,105,1,1.0540000000000007,0,0,0,0,0,0,0,16.393334060499125,6.2156648778768231,0.0073398476823383144,0.66575262116489708,0.008473074966059535,0.0001215686171178362,-2.1580591357662566,0.081661664935832656,-6.7263624386860394,0.36035063662510419,-4.8368394409239484,1.827852219195065,-0.036849162627431348,-0.00074955156473722226,-0.26395467841551051,0.99594900432664191,-0.0010320026008778052,-0.089621748913126562,-0.0072427807612396311,1.3888555130345543,-2.9184880163191442,1.947018020159959,2.9168759981768408,2.9161161441855001,1.3436903268158615,-2.914675383241037,1.7588536642157899,-2.9130005884257777,2.9122501530069007,0.0064898443124173566,-0.0055348786817667264,-3.4713358392551048,-0.0099654200866523372,-0.11077922163855326,-0.03004260522665857,14.942762494047541,-28.721350034719862,4.2488871344758365,28.723518972007081,28.685879330814387,15.088235853711605,-28.746197734101258,1.8071672950364124,-28.747182152223594,28.708699639026921,-0,-0,-0,-0,-0,-0
hold,0,105,2,1.0560000000000007,0,0,0,0,0,0,0,13.41855375115561,5.4717541546639259,0.007919187896309722,0.68538709548582211,0.008485425098816772,0.00012787308984866296,-2.4114250982733556,0.083689793989020586,-6.1438535297761003,0.3201300697844483,-5.269803475489808,2.1685897018804967,-0.036846784522521416,-0.00075973367878111504,-0.27092044329784593,0.99593792803992587,-0.0010389347438518456,-0.089742534050227585,-0.0072692288711877669,1.4200051893081693,-2.9782114299054436,1.9558944903886244,2.9765831949850492,2.9757419383878214,1.3752994720519407,-2.974716806428348,1.7629570421759706,-2.973013593985625,2.972175216325994,0.0011890524549671728,-0.0050910570219463982,-3.4828824411677148,-0.0084109972729756611,-0.12131142700623652,-0.025924571750882162,15.574838136807488,-29.861706793149771,4.4382351143327368,29.853598404104236,29.812897101160569,15.804572618039556,-30.020711593655587,2.0516889800903408,-30.006502779923611,29.962531659546702,-0,-0,-0,-0,-0,-0
hold,0,105,3,1.0580000000000007,0,0,0,0,0,0,0,10.86921718202289,4.7860872606229456,0.0085055866292323354,0.70740490084107788,0.0085070016537922011,0.00013565183017024045,-2.7030257252825529,0.087764938775144963,-5.423164861529215,0.28672009979883534,-5.7377916545612582,2.4917787812722674,-0.03685625942645325,-0.00076891496337207568,-0.27790628758229569,0.99592584201897916,-0.0010447650261248506,-0.089874747505389832,-0.0072907767535858869,1.452557683042681,-3.0404743221399837,1.9651996848681994,3.0388046032942539,3.0378735356152098,1.4084527515328418,-3.0375280708512298,1.7675558028255929,-3.0357630710219063,3.0348249344322205,-0.0047374519659168857,-0.0045906422954803214,-3.4929221422248684,-0.0067918275588565221,-0.13278101995328023,-0.021162346312328353,16.276246867255864,-31.131446117269952,4.652597239787525,31.110704154602466,31.065798613694081,16.576639740450553,-31.405632211440782,2.2993803248110933,-31.374738518140589,31.324859053113268,-0,-0,-0,-0,-0,-0
hold,0,105,4,1.0600000000000007,0,0,0,0,0,0,0,8.6974712427950962,4.165729348045585,0.0091162803787673691,0.73224691280243626,0.0085318623756112308,0.00014554760036873237,-3.0464604073628387,0.094436609164576024,-4.5098349417137156,0.26121883148244873,-6.2499436421107823,2.8334814044243317,-0.036879054314981542,-0.00077696814222880692,-0.28490841467097117,0.99591265477639979,-0.0010494744436675377,-0.09001941015074813,-0.0073067404311080658,1.486683168506,-3.1055925882083852,1.9749960050815978,3.1038488000138877,3.1028163084632672,1.4433002295555859,-3.1033967261800144,1.7726818416051331,-3.1015302843220556,3.1004783069876689,-0.011397444264146022,-0.0040265894283656456,-3.5010635443377423,-0.0050840366542446933,-0.14527612452186631,-0.015722665035567449,17.06274273165954,-32.559133034200769,4.8981601066991498,32.52209835981693,32.4713864240288,17.423739011372035,-32.934327664392249,2.5630193897701297,-32.88360665007459,32.826686277724249,-0,-0,-0,-0,-0,-0
hold,0,106,0,1.0620000000000007,0,0,0,0,0,0,0,6.886673095206489,3.6480249447056652,0.0097688839785848233,0.76051350837414256,0.008553680288307941,0.00015707811729246285,-3.4598964868969317,0.10546604249073331,-3.322741699954439,0.24939640111515127,-6.8134793642790923,3.2638499448841403,-0.036916925472745998,-0.00078372613943690397,-0.29192191871150475,0.99589826580319996,-0.0010529997999344774,-0.090177645089190045,-0.007316261871258843,1.5225923807042789,-3.1739563014253189,1.9853626973728069,3.172094455747851,3.1709443201663241,1.4800393246211487,-3.1726936129168481,1.7783930148694271,-3.170674866293679,3.1694908384368383,-0.018935578882229704,-0.003378998604048512,-3.5067520202667986,-0.0032269805959487183,-0.15889923152855739,-0.0094363723022310633,17.954606099139511,-34.181856608466845,5.1833461456045127,34.122827866981723,34.064005851528485,18.369547532781421,-34.648443368416956,2.8555866321469745,-34.572290985811634,34.506265724584615,-0,-0,-0,-0,-0,-0
hold,0,106,1,1.0640000000000007,0,0,0,0,0,0,0,5.6708633164204016,10.941369512711081,0.010621613638421422,0.79615166666611525,0.0085633869701397247,0.00017028218032973908,-4.0539901732756256,-0.029480054401741528,-1.5745829863982692,-0.29127324922000775,-7.5829248427828553,2.2110568490757254,-0.036972395718752979,-0.00078992649340760117,-0.29893958978554597,0.99588251322665911,-0.0010565955527557685,-0.090350990041998064,-0.0073213423374614778,1.5607334928385748,-3.2463741568564992,1.9965266384950802,3.2443167429123445,3.2430195302743954,1.5189293355081037,-3.2459028845790847,1.7847689632248731,-3.2436623963378319,3.2423212012368419,-0.027735123003491513,-0.0031001769853485845,-3.5088355370206044,-0.0027874988823245643,-0.1740754267632498,-0.0050331531601217833,19.070556067147951,-36.208927715590065,5.5819705611366119,36.11114358224674,36.037605054035595,19.445005443477449,-36.604635831118372,3.1879741777230186,-36.493765022076445,36.415181400001721,-0,-0,-0,-0,-0,-0
hold,0,106,2,1.0660000000000007,0,0,0,0,0,0,0,4.7315253299901521,9.6089264626276929,0.011562559654662373,0.83668231800950943,0.0086918254601136696,0.00018536552049905659,-4.7093215404372204,-0.016898905743909998,0.67000576358209507,-0.29741733907236634,-8.2550407719143077,2.494879500894911,-0.037048210125632808,-0.00079543810946105576,-0.30595226212660492,0.99586527166269545,-0.0010602119542145411,-0.090540783655236975,-0.007321416658967927,1.6014385377877007,-3.3234632787495277,2.0085969984573189,3.3211022155603152,3.3196182393608584,1.5603050924017581,-3.3236439077697115,1.7919342288144753,-3.3210799824438055,3.3195453458289799,-0.037907203439913127,-0.0027558080267272769,-3.5063361705294813,-0.0022368993526540684,-0.1905963324601998,-7.4036516789728612e-05,20.352522474563006,-38.54456094651416,6.0351799811194402,38.392736323985211,38.299354543231438,20.687878446827213,-38.870511595313438,3.5826327948010515,-38.708793052986891,38.612072296069094,-0,-0,-0,-0,-0,-0
hold,0,106,3,1.0680000000000007,0,0,0,0,0,0,0,4.6400762845211991,9.2873906838124469,0.012618000635717545,0.88418292503012164,0.0088216342956755414,0.00020268094051352413,-5.5579133307561754,-0.0086396835468327236,3.8915780661501298,-0.32508640408241951,-8.9325864173262541,2.9908475278181763,-0.037147887403815798,-0.00080008368742889781,-0.31294686082433776,0.99584641594320589,-0.0010638034171958669,-0.090748375932351369,-0.0073154932166094328,1.6451528996697113,-3.4060489163648056,2.0217314392865244,3.4032207211164658,3.4014920735394507,1.6046102528023491,-3.4067344594807358,1.80005107059884,-3.4036885171963771,3.4019052539977084,-0.049838639091493921,-0.0023227889839210077,-3.4972993488664197,-0.0015404216589271456,-0.20847372727522814,0.0058659820562586094,21.857180941005346,-41.292818807639001,6.5672204146028665,41.059252778075283,40.936917089296145,22.152580200295496,-41.545275855512216,4.0584208921822897,-41.304267376285829,41.179954084364219,-0,-0,-0,-0,-0,-0
hold,0,106,4,1.0700000000000007,0,0,0,0,0,0,0,18.841928049686189,10.704833107320439,0.013888757383198974,0.94091468588743021,0.008948350187500155,0.0002227752601629104,-6.9031933855813081,0.52176012149621309,9.2872538079183879,1.1941161955977471,-9.8756082412158417,5.4134191925006094,-0.037276974349942059,-0.00080133892460179505,-0.31990154666979198,0.99582580189341607,-0.0010638892233046206,-0.090975626794740375,-0.0072990240690218727,1.6924755252691446,-3.495240361476001,2.0361484247713126,3.4916765736739386,3.4896119463674604,1.6527805511735241,-3.4968642332804269,1.8095635863698409,-3.493036178725283,3.4909009903234653,-0.064543473063130574,-0.00062761858644860315,-3.4773429227271189,0.0030496215629620006,-0.22819579800999842,0.01601597631806146,23.661312799716583,-44.595722555597838,7.2084927423940313,44.227926278736447,44.059936414004817,24.085149185587518,-45.064886899845504,4.7562578855004602,-44.673830764452966,44.497868162878532,-0,-0,-0,-0,-0,-0
hold,0,107,0,1.0720000000000007,0,0,0,0,0,0,0,21.869959600349581,28.485643862169205,0.015417584550777616,1.0183160310680859,0.0088070300510541474,0.00024772124176050035,-8.7536724181537622,-0.030814293944658521,18.011591880089391,-0.70696198871721561,-10.264404151279498,6.0480274863720433,-0.037442944941458126,-0.00080088901332197975,-0.32678130875055578,0.99580334980156693,-0.001064132542032319,-0.091223338111380586,-0.0072704009331436958,1.7445930500729874,-3.5931946172886424,2.052476794678233,3.5883734946890078,3.5857997960445571,1.7056485055568276,-3.5955746189930005,1.8207504745506573,-3.5904364884124194,3.5877771035401307,-0.082985295758034677,0.0002249556399076607,-3.4398810403819113,0.0041458690273025976,-0.2487521440940049,0.028098377846835623,26.058762401921442,-48.977127906320739,8.1641849534602624,48.348460507534639,48.093924838548297,26.433977191651781,-49.355192856286855,5.5934440904081502,-48.700154843568214,48.438056608332609,-0,-0,-0,-0,-0,-0
hold,0,107,1,1.0740000000000007,0,0,0,0,0,0,0,33.462102242147729,40.225033491816902,0.017188132622489562,1.1118572466340881,0.0089865659042075996,0.00027811697229317215,-11.155354658851111,-0.032733868944902419,32.264358115184727,-0.83349240972483152,-9.0523241663058052,8.9151333164730495,-0.037655176215807558,-0.00079791403908398382,-0.33352948065245724,0.9957793063760173,-0.0010642773877285355,-0.091489101857407315,-0.0072238873375367225,1.8027152685743062,-3.7021701062473444,2.0711506320921544,3.6950730049627829,3.6916690953025366,1.7644126329900591,-3.7050930268650659,1.8339945720719846,-3.697603070886871,3.6940944060803842,-0.106115637174717,0.0014874871189979719,-3.3740859509507213,0.0060055112983329623,-0.2668923030682428,0.045873994991446863,29.061109250659413,-54.487744479350972,9.3369187069608248,53.349755136887467,52.93464962898986,29.382063716615825,-54.759203936032776,6.6220487606636,-53.58329123722573,53.158651270126839,-0,-0,-0,-0,-0,-0
hold,0,107,2,1.0760000000000007,0,0,0,0,0,0,0,92.26151871086816,72.081365018473818,0.019388612481481937,1.2280719002917877,0.0093589172792212724,0.00031464793807865006,-15.343373766246062,1.8685491995416867,62.112730192074579,4.4134582604392874,-4.0624411245503502,17.997924194873292,-0.037929472460788247,-0.00078322205645390099,-0.34002809830903818,0.99575471172258134,-0.0010522796007261647,-0.091762921338890038,-0.007142342562076554,1.8684656411018201,-3.8252370215200084,2.0926596623095484,3.8135751601854473,3.8086508020029055,1.831452963269214,-3.8297006542645513,1.8507314785680593,-3.8173785535866376,3.8122682190733457,-0.13714812249034411,0.007345991315041424,-3.2493088282904758,0.021359472132075421,-0.27491403546982851,0.079633845394516567,32.875186263756902,-61.533457636331889,10.754515108696918,59.251077611332256,58.490853350184338,33.520165139577458,-62.303813699742641,8.3684532480373548,-59.88774134988337,59.086906496480736,-0,-0,-0,-0,-0,-0
hold,0,107,3,1.0780000000000007,0,0,0,0,0,0,0,186.58130841998624,155.66988328855967,0.022178315496605028,1.3593557319988592,0.0093325493864315906,0.00035860885581262146,-20.656548915611282,3.8207323078402173,122.25787657276976,9.7071032505869788,15.846526995657195,32.758327079027978,-0.038283375748366662,-0.00074583791938555679,-0.34604220376154526,0.99573343249972668,-0.001015162981036458,-0.092005100884486921,-0.0069973035999743331,1.9435354266312559,-3.9658015586457451,2.116958955767553,3.9436610125593816,3.9354935661974548,1.9087331132584064,-3.9731490009813317,1.8714308352636237,-3.9494973630928514,3.9408889770373579,-0.17695164378920886,0.018692068534172122,-3.0070527262535522,0.051975586099907371,-0.24299159249380467,0.14061047825943263,37.534892764717853,-70.28226856286841,12.149646729002342,65.042926186967179,63.421382097274638,38.640074994596198,-71.724173358390232,10.349678347782209,-66.059404753106818,64.310378982006085,-0,-0,-0,-0,-0,-0
hold,0,107,4,1.0800000000000007,0,0,0,0,0,0,0,491.18770999025247,390.16682865980954,0.025710625173913471,1.5757916445369387,0.0088166079343866277,0.00040005950453089338,-24.908737883335899,10.3701955940187,263.410394567742,27.019900749759309,87.78925618710737,48.148495524343303,-0.038720617967189189,-0.00065843364244785852,-0.35102747110784038,0.99572896100598041,-0.00091660570890225225,-0.092072159825279873,-0.0067611709809638088,2.0264513306788192,-4.1213621768871764,2.1445270158425331,4.073938608802389,4.0583174935342843,1.9947411204791496,-4.1318250503510869,1.9017896367796951,-4.0813094168348352,4.0647676990191286,-0.21862110941126361,0.043702138468849142,-2.4926336731475667,0.12032687019067748,-0.066734308245570556,0.2259580099691276,41.457952023781637,-77.780309120715799,13.784030037490076,65.13879812150364,61.411963668414678,43.004003610371555,-79.33802468487751,15.179400758035754,-65.906026870991951,61.939360990885511,-0,-0,-0,-0,-0,-0
hold,0,108,0,1.0820000000000007,0,0,0,0,0,0,0,624.6164813783987,580.14557822453696,0.030414140743223888,1.4911504776657512,0.0066144478520793609,0.00045636324331548521,3.33516000515792,4.149816622022735,353.66367042309008,12.678100374186261,229.76726156546428,29.407242173106678,-0.03910221388659469,-0.00054851199655108775,-0.3546626628941979,0.9957670583322572,-0.00079048853241693053,-0.091681517388660677,-0.0064683875515116115,2.1023628968492583,-4.2661320885122453,2.166391193473681,4.190134599556707,4.16627239739059,2.0717576632377437,-4.2747161657416131,1.9327681980431235,-4.1985292190306032,4.1745381280449694,-0.19079795970275173,0.054960822948385356,-1.8175958931787637,0.14992945412681868,0.39306604023438507,0.28053671875718644,37.955783085219515,-72.384955812534386,10.932088815574051,58.097995377159094,53.977451928153059,38.508271379297021,-71.445557695263233,15.489280631714189,-58.609901097883991,54.885214512920484,-0,-0,-0,-0,-0,-0
hold,0,108,1,1.0840000000000007,0,0,0,0,0,0,0,521.51168185066331,518.30304369920827,0.035792086927499939,1.341182575774384,0.0057785503962743331,0.00079233270825364061,33.455971121408211,-3.5970763085462041,256.44810825765495,-8.2609729741790083,263.49665885052377,52.978991162411852,-0.039301517414109546,-0.00043655667763127162,-0.3573460466433897,0.99585350893331193,-0.00067451352072964274,-0.090766245244945268,-0.0060681546499200033,2.1591693673064336,-4.3773720596110834,2.1841700547626699,4.3071612177560095,4.2848771592156183,2.1296704114139775,-4.3841617658794929,1.9574685007192418,-4.3142141345751517,4.2918912754005554,-0.09965176375742936,0.055977659459908055,-1.341691874595891,0.1463260840697691,0.91975772038767667,0.38918874822674954,28.403235228587672,-55.619985549419255,8.8894306444944178,58.513309099651366,59.302380912514195,28.956374088116906,-54.722800068940103,12.350151338059137,-57.84245777227445,58.676573677792987,-0,-0,-0,-0,-0,-0
hold,0,108,2,1.0860000000000007,0,0,0,0,0,0,0,509.67074438996406,510.88605402814642,0.04105638820146823,0.97275901793994435,0.0051097208836916805,0.0011130436908251249,21.035441386990861,-4.0917600931998503,168.91909244202569,-10.128120224489026,171.63752266856068,25.7795032240114,-0.039385469315754838,-0.00033177760055065327,-0.35940211083799151,0.99597000850747741,-0.0005761103772062504,-0.089509148894881374,-0.0056144914786055433,2.198121192999591,-4.4568478269535348,2.1955624039956776,4.3882144127260663,4.3664579251944815,2.1697485884111458,-4.462036075501838,1.9742059593896122,-4.3936161938168983,4.3717722191241268,-0.041975950822644673,0.052389538540309186,-1.0280320973008992,0.13162278360196225,1.2627495445421586,0.44440537710172445,19.475912846578652,-39.737883671225596,5.6961746165037699,40.52659748502829,40.790382989431826,20.039088498584086,-38.93715481117269,8.3687293351851455,-39.701029620873356,39.940471861785909,-0,-0,-0,-0,-0,-0
hold,0,108,3,1.0880000000000007,0,0,0,0,0,0,0,466.34928769960322,475.48311115639984,0.045649957837428798,0.68830173407353912,0.0043200526819337191,0.001348828574103992,18.987820205646013,2.6854766402524066,105.47199624341584,8.2276427215006507,126.14807307395671,15.828200038611202,-0.039370934189903922,-0.00021316962589225925,-0.36107210948808149,0.99610711116346584,-0.00045989899861845901,-0.088000502458651139,-0.0051306090780052519,2.2214874950791526,-4.5083768918546436,2.2017962974660343,4.4401329982630839,4.4186772653395572,2.1946742724614725,-4.5128934307042883,1.9848533228323799,-4.4449503328101496,4.4233963703493302,0.0072675629254590549,0.059303987329197005,-0.83499932504500429,0.15066371710881912,1.5152128861592609,0.47316948611669701,11.683151039780771,-25.764532450554441,3.1169467351783853,25.95929276850897,26.109670072537813,12.462842025163305,-25.428677601225072,5.3236817213838332,-25.667069496625821,25.812075612601813,-0,-0,-0,-0,-0,-0
hold,0,108,4,1.0900000000000007,0,0,0,0,0,0,0,420.49585272677484,430.15126315432389,0.049174887414462701,0.41448167975751826,0.0059661813448388728,0.001498358266101196,15.432542854977477,2.3092815685818282,70.127250024046774,6.8033521569748565,93.727134795489064,7.0367532916813005,-0.039278356462130286,-8.4402481613282779e-05,-0.36248846404786006,0.99625794740136275,-0.00032985521459733203,-0.086304816366296166,-0.0046338005073098621,2.2319966830769915,-4.5369083365592617,2.2027787104245942,4.4682973916212445,4.4470056943610077,2.2070675745878545,-4.5414777145092158,1.9896400818159625,-4.4733214815482958,4.4519408934971416,0.046288863886817938,0.06438357213948824,-0.70817727988927459,0.16462649560248069,1.7027982590017456,0.48498461350186511,5.2545939989195727,-14.265722352309142,0.49120647927993533,14.082196679080367,14.164214510725174,6.1966510631909877,-14.29214190246379,2.3933794917912832,-14.1855743690731,14.272261573905777,-0,-0,-0,-0,-0,-0
hold,0,109,0,1.0920000000000007,0,0,0,0,0,0,0,364.12828780764875,373.12505945863347,0.05160236817379029,0.1886293082027965,0.0073006113067821954,0.0015790468547763484,12.294201959137954,1.7910359242137128,49.032522352255583,4.9994791877056111,71.299535127552829,1.2538736800564245,-0.039124617885039341,5.1183380320274054e-05,-0.36372937064273281,0.99641770138518937,-0.00019029273093697802,-0.084466724354044564,-0.0041352910213251102,2.232058110329489,-4.5467948607099116,2.1987861631567887,4.4771878730965815,4.4559295349367964,2.2092543055371223,-4.5519812835541069,1.9891094711287809,-4.4830402189367762,4.4617212515237563,0.076869288545471454,0.067792930966778409,-0.62045329743636579,0.1735994533818038,1.845484711718046,0.48594599247631093,0.030713626248655146,-4.9432620753248706,-1.9962736339028373,4.4452407376685308,4.4619202878944417,1.0933654746339352,-5.2517845224456856,-0.26530534359083768,-4.8593686942402137,4.8901790133074421,-0,-0,-0,-0,-0,-0
hold,0,109,1,1.0940000000000007,0,0,0,0,0,0,0,305.50493001900099,313.29552572456544,0.053031982013812561,0.044364992603786096,0.0082550745400641092,0.0016069757300334047,9.8186038607803905,1.2891759285631432,36.137053754534392,3.2935247568231021,55.876088369058898,-2.5745846123443421,-0.038922616735374865,0.00019082959839783565,-0.36484217017500808,0.99658300598301175,-4.5062920225184515e-05,-0.082516924697401461,-0.0036424296399434151,2.2236482714729271,-4.5415893806241687,2.1903148530876755,4.4703359098281554,4.4489491613359657,2.2031526874289846,-4.5478451590091176,1.9839611998007272,-4.4775383651470371,4.456142558957974,0.10100057483223737,0.069823109038780792,-0.5563997661376513,0.17830852949541826,1.9572857447377494,0.4798836610336451,-4.2049194282809523,2.6027400428713721,-4.2356550345566166,-3.4259816342130076,-3.4901868004153727,-3.0508090540687451,2.0680622724945454,-2.5741356640268545,2.7509268948693748,-2.7893462828912678,-0,-0,-0,-0,-0,-0
hold,0,109,2,1.0960000000000008,0,0,0,0,0,0,0,250.59222237900926,257.1811910488513,0.053624719657189186,0.17261543232159726,0.0089488616273943472,0.0015953296113369938,7.9287778917708955,0.85045045537341701,28.212866647836577,1.8216956885366762,45.221389264868051,-5.0726742725409988,-0.038681999877812172,0.00033235000471861512,-0.36585563898429352,0.99675148197787666,0.00010263160635164297,-0.080476625765262169,-0.0031599599837407576,2.2083308921821767,-4.5240890616715781,2.1779511143141836,4.4503963330777463,4.4286603637288264,2.1902910736746279,-4.5317987574716758,1.9749237752870685,-4.4594347030553774,4.4377738240019209,0.12030842878134632,0.070760203160389737,-0.5067344046427289,0.17957784732943075,2.0477471066172335,0.46933971369631239,-7.6586896453750928,8.7501594762954831,-6.1818693867459311,-9.9697883752046046,-10.144398803569638,-6.4308068771784326,8.0232007687210505,-4.5187122568292954,9.0518310458300579,-9.1843674780264273,-0,-0,-0,-0,-0,-0
hold,0,109,3,1.0980000000000008,0,0,0,0,0,0,0,202.62548568644905,208.3628010455455,0.053555993435414895,0.27605100452560122,0.0094452318269530461,0.0015543219501086836,6.4818981618753089,0.47312602607235482,23.53267902844037,0.57664342511763234,37.819753673564996,-6.6384056029887324,-0.038410023123118621,0.00047401659507591406,-0.36678647816561755,0.9969214209058922,0.00025016775949414708,-0.078360560845353783,-0.0026908101143799249,2.1873080432975027,-4.4964345628012676,2.162270072603993,4.419218520893673,4.3968173343498034,2.1718574434049418,-4.5059552589226461,1.9626646337800131,-4.4306134612369963,4.4084217260285534,0.13598837734677613,0.070833295178649475,-0.46541959066202432,0.17810849713682433,2.1233829948110832,0.45607280178421467,-10.511424442337095,13.827249435155009,-7.840520855095332,-15.588906092036755,-15.921514689511573,-9.2168151348429603,12.921749274514998,-6.1295707535277071,14.410620909190666,-14.676048986683581,-0,-0,-0,-0,-0,-0
hold,0,109,4,1.1000000000000008,0,0,0,0,0,0,0,162.98980036624809,168.47247582071597,0.052992321854179063,0.3606900547026638,0.0097680428994183464,0.0014913582927004608,5.3327292762175986,0.13077077867040932,21.224613672493568,-0.51890884563752993,32.662195166086889,-7.5534213470670224,-0.038112326016076371,0.00061439077448115274,-0.36764252377411266,0.99709157133371362,0.00039530856664220487,-0.076178996696527335,-0.0022366422857964647,2.1614733387683138,-4.4602104295537561,2.1437677029567888,4.3778566072632499,4.3543166525365029,2.1487525325691661,-4.4719109637061427,1.9477391243310611,-4.3922621373253108,4.3691501683149383,0.14884855352112514,0.070187089702619346,-0.42802280424755634,0.17437023019027637,2.1886871080606691,0.44130877632632032,-12.917352264594413,18.112066623755791,-9.2511848236019905,-20.680956815211545,-21.250340906650038,-11.552455417887824,17.022147608251679,-7.4627547244759702,19.175661955842624,-19.635778856807573,-0,-0,-0,-0,-0,-0
hold,0,110,0,1.1020000000000008,0,0,0,0,0,0,0,132.1107424774529,138.25210479108543,0.052116349969468678,0.44057706650417722,0.0099167629893550588,0.0014110400051554626,4.3234104761121523,-0.22785932963375879,20.987251065655443,-1.6080678547488432,29.024504303364029,-8.0731379635290761,-0.03779370163212372,0.00075207303862698867,-0.36842375104209013,0.99726098753039183,0.00053588074725764094,-0.073939174697036966,-0.0017983400275243778,2.1314620623422598,-4.4165370628604004,2.1228211065245892,4.3264473808167239,4.3010140562434653,2.1216413850095464,-4.4308393435745108,1.9305706547455879,-4.3448234679060933,4.3201914997705231,0.15931219197632679,0.068841132072917949,-0.39061363398874727,0.16847625809385378,2.2467032358144068,0.42581271545164384,-15.005638213027009,21.836683346677972,-10.473298216099797,-25.704613223263145,-26.651298146518915,-13.555573779809786,20.535810065815799,-8.5842347927365878,23.719334709608695,-24.479334272207783,-0,-0,-0,-0,-0,-0
hold,0,110,1,1.1040000000000008,0,0,0,0,0,0,0,110.17204089260694,118.5991919520639,0.051046027187377413,0.51316081366819899,0.0098708917954485227,0.0013144708562056926,3.2132159076069442,-0.71056305014882359,23.048057566212833,-2.9801607122877023,26.195734781800599,-8.5819561773574247,-0.037459191545256801,0.00088521299930177265,-0.36912116490757058,0.9974288963393827,0.00066914274525719933,-0.071646727794249257,-0.001376732205474805,2.0977091332656226,-4.3661726302772239,2.0996698022639078,4.2637981080884728,4.2351666882865606,2.0910119315425151,-4.3835946336799774,1.9114551804685076,-4.2877738892829331,4.2606326348920298,0.16725504343345898,0.06656998033739199,-0.34870693274020925,0.15985789398659142,2.2990505822197393,0.40967360389157897,-16.876464538318629,25.182216291588354,-11.575652130340693,-31.324636364125674,-32.923683978452246,-15.314726733515576,23.622354947266889,-9.5577371385401726,28.524789311580058,-29.779432439246822,-0,-0,-0,-0,-0,-0
hold,0,110,2,1.1060000000000008,0,0,0,0,0,0,0,97.806994433243304,112.38881070666606,0.049872429513183006,0.58083235481795403,0.0095774546271598163,0.0011966311655250796,1.4875511631700786,-1.6230890376000064,28.499437146959714,-5.4421601069413015,23.013263459409593,-9.9211217901413171,-0.037116349226349737,0.0010101815938457985,-0.36971209773128522,0.99759452070478161,0.0007900596642390447,-0.06930800155962534,-0.00097415878395649264,2.0605723029648653,-4.3097249044511043,2.0744260013073057,4.1864174830965259,4.1521306712835075,2.057280456846017,-4.3308942076018901,1.8905972801239983,-4.2190616901394247,4.1876428766442571,0.1714211594535312,0.062484297272012934,-0.29546641185732225,0.14611860950163572,2.3450176376766048,0.39153851089458452,-18.568415150378563,28.223862913059964,-12.621900478301054,-38.690312495973501,-41.518008501526595,-16.865737348249002,26.350213039043389,-10.428950172254702,34.356099571754022,-36.494879123886477,-0,-0,-0,-0,-0,-0
hold,0,110,3,1.1080000000000008,0,0,0,0,0,0,0,97.240242653424801,130.85013229108182,0.048686579813497909,0.64210287054288806,0.0088924666564057821,0.0010371817851241125,-1.6528740699744664,-4.1027384651001659,40.904243257483415,-12.114519291320034,18.506394405013658,-10.682083294665787,-0.036778597653113809,0.0011179522862138698,-0.37014567444517188,0.99775697187301338,0.00088528469983586565,-0.066931993709764062,-0.00059124261735169978,2.0208060720780181,-4.2485146333089556,2.0472695237410492,4.0899150459655074,4.0459066574378069,2.0211188893363126,-4.2738974786805821,1.8682479587599548,-4.1347300178437196,4.0958259626402445,0.16887578661796268,0.053885346184035697,-0.2167883569433377,0.11909228865277058,2.3819491823843442,0.37367664098024306,-19.883115443423513,30.605135571074417,-13.578238783128294,-48.251218565509411,-53.112006922850171,-18.080783754852241,28.498364460654212,-11.174660682021806,42.16583614785263,-45.908457002006216,-0,-0,-0,-0,-0,-0
hold,0,110,4,1.1100000000000008,0,0,0,0,0,0,0,120.73502857958528,163.77135187082644,0.047558548078464137,0.67474489631555568,0.0073852245253495478,0.00076847353788835364,0.48045630502154457,-4.9932704580388538,59.632187717035592,-15.388529358760689,32.682149566010118,23.799664118396219,-0.036435057651504503,0.0012154511770036168,-0.37035112753014987,0.99791786352252609,0.00095294351490360666,-0.064490342957756505,-0.00015882848204724817,1.9796250467024077,-4.1850467512571754,2.019166328867902,4.0021918362679605,3.9515303804810329,1.9838991148987195,-4.2151425435167971,1.8450688277407945,-4.0426110649858487,3.9944929269799987,0.17177000080465382,0.048749445394873442,-0.10272654248899628,0.094863449425005408,2.4473681923849253,0.42484968633064357,-20.590512687805219,31.733941025889941,-14.05159743657363,-43.861604848773375,-47.188138478386968,-18.609887218796512,29.377467581892475,-11.589565509580162,46.05947642893539,-50.666517830122849,-0,-0,-0,-0,-0,-0
hold,0,111,0,1.1120000000000008,0,0,0,0,0,0,0,127.6860841043585,175.89781827377868,0.046526834988056938,0.71251269923318905,0.0059949594445212074,0.0002621529303612527,5.6052189699019577,-5.1303566215643821,63.972760130567039,-14.733582933248185,49.435701971918647,-1.5984571721902716,-0.036062589078086675,0.0012946463842172819,-0.370316036237824,0.99807874857710088,0.00099096837586628282,-0.061949620870013607,0.00027220306584559454,1.9364775779224781,-4.1184444677964231,1.9898287566981745,3.9298269577589386,3.877713714674047,1.9455251643229725,-4.1547459263140496,1.8215052696911807,-3.9663845922847143,3.9139936732189793,0.18623428670891434,0.039597603606832538,0.017545646162937092,0.065186279407838582,2.5462271079722631,0.42528670621475934,-21.573734389964745,33.301141730375981,-14.668786084863807,-36.182439254510854,-36.908332903493047,-19.186975287873501,30.198308601373551,-11.781779024806898,38.113236350567121,-40.249626880509702,-0,-0,-0,-0,-0,-0
hold,0,111,1,1.1140000000000008,0,0,0,0,0,0,0,126.07436943838447,214.88817202438619,0.045614583715939294,0.75028908264842009,0.0044592116874295372,0.00072285547184077164,3.3859910790021477,-10.188516775672731,72.194808263711948,-28.056173164426223,44.809369065203661,-12.249713197653879,-0.035671062913250944,0.0013343812423922661,-0.37000628666062335,0.99823836980924852,0.00097148874387496733,-0.059319034861481282,0.00068216808611222914,1.8922048426406226,-4.0501926655212213,1.9593494685020065,3.8690889143093106,3.8191664131219443,1.9061143717054483,-4.0929049602764085,1.7975730242482717,-3.9041671977869892,3.8518152196831075,0.19576308241786675,0.01986742908749212,0.15487478860033532,0.0065128525601478235,2.6358351562047417,0.40773433670261844,-22.136367640927791,34.125901137600948,-15.239644098084026,-30.369021724814097,-29.27365077605133,-19.705396308762136,30.920483018820747,-11.966122721454498,31.108697248862608,-31.089226767935806,-0,-0,-0,-0,-0,-0
hold,0,111,2,1.1160000000000008,0,0,0,0,0,0,0,137.13172397751788,228.86810317331071,0.044835367072367655,0.76404814253961528,0.0014894051909744854,0.0012643295230936277,-1.7030457657015519,-10.603192586587777,77.854596926579177,-28.38059225590623,29.909621321598227,-27.390284035041301,-0.035283494487798883,0.0013285261638876988,-0.36939500912717221,0.99839438820433035,0.00089213236385629125,-0.056628319195556984,0.0010407531087161497,1.8487964067395677,-3.9837349593440829,1.9284210104980948,3.8129764930887502,3.7659567257391413,1.866359475502031,-4.0307639092295977,1.7735605466611228,-3.8502974264717951,3.8003345805405511,0.19378421272602869,-0.0029275392522836938,0.30563876672556367,-0.05626178510752209,2.6956363005398836,0.35994068539992824,-21.704217950527443,33.228853088569117,-15.464229001955884,-28.056210610280168,-26.604843691401573,-19.877448101708655,31.070525523405223,-12.006238793574486,26.934885657597032,-25.740319571278224,-0,-0,-0,-0,-0,-0
hold,0,111,3,1.1180000000000008,0,0,0,0,0,0,0,158.34287716672057,204.2452642496047,0.044167564160769029,0.74170790449594837,0.0026580339387004027,0.0016980144205907593,-5.7892794451212284,-4.580447858462553,74.723025979621966,-11.718059462615466,14.537720233000995,-26.033003560318882,-0.034918869802134898,0.0012987124162339258,-0.36849030220968004,0.99854467673027847,0.00078645212000950839,-0.053908173884485162,0.0013486493716374746,1.8081097390751244,-3.9223060874103317,1.8980237807799911,3.7610507071567874,3.7166315188050967,1.8275173636081963,-3.9704421728603414,1.7500738125228101,-3.8003174915078151,3.7532595521157788,0.18231234283199108,-0.014906873826886508,0.45235345874608363,-0.085378099231583821,2.7246764900025111,0.31080364265586036,-20.343333832221624,30.714435966875648,-15.198614859051792,-25.962892965981414,-24.662603467022262,-19.421055946917395,30.160868184628182,-11.743367069156299,24.989967481989929,-23.537514212386068,-0,-0,-0,-0,-0,-0
hold,0,111,4,1.1200000000000008,0,0,0,0,0,0,0,163.08711999066509,173.0000778500376,0.043553029917571477,0.69774545340109795,0.0031447735230005977,0.0020451066609614749,-7.790060925681038,0.32450842300603605,63.907178792305075,1.3811966050708153,2.9236073808094099,-17.478585865077768,-0.034587135295321328,0.0012648707710483677,-0.36733203953263976,0.99868780309667704,0.00068164691881926259,-0.051181814343778789,0.0016214758371806159,1.7710215825851969,-3.867423992738332,1.8687038517484695,3.7142921750187941,3.6720377368384263,1.7910101745029499,-3.9143924422955485,1.7278377044178905,-3.7540152312444226,3.709643586676846,0.16586725340678596,-0.016920822592779054,0.57913133852014709,-0.086380866686949789,2.7304668284984621,0.27574243979189861,-18.544078244963718,27.44104733599989,-14.659964515760802,-23.379266068996674,-22.296890983335178,-18.253594552623177,28.024865282396448,-11.118054052459792,23.151130131696281,-21.807982719466292,-0,-0,-0,-0,-0,-0
hold,0,112,0,1.1220000000000008,0,0,0,0,0,0,0,150.32706083274172,148.03112542186662,0.042921846294791129,0.64909105555507973,0.0022479885885196248,0.0023191156017234936,-8.1539265551959836,2.0113647049815504,49.92505752639471,5.7338395932174357,-4.3644144669075446,-11.913347669391189,-0.034290928004233674,0.0012346641890318537,-0.36597399166673167,0.99882301572511356,0.00058705504242912636,-0.048463822037086893,0.0018699138281651024,1.7377403263844251,-3.8194510329537206,1.8404698289968808,3.673303993249518,3.632862078109858,1.7576769917271557,-3.8640664701635363,1.707295587535905,-3.7121995511054968,3.6701283812504486,0.14810364554382635,-0.015103291008256994,0.6790239329540505,-0.077437351005524457,2.7216723100836813,0.25088173280360693,-16.640628100385939,23.986479892305709,-14.117011375794325,-20.494090884638112,-19.587829364284058,-16.666591387897064,25.162986066006162,-10.271058440992775,20.907840069462857,-19.757602713198803,-0,-0,-0,-0,-0,-0
hold,0,112,1,1.1240000000000008,0,0,0,0,0,0,0,132.20405868063952,126.51127617584424,0.042215168745282541,0.59916715966513534,0.0010959611681942323,0.0025297098126631249,-7.5511561578145603,2.2333876541413096,36.61119466753253,6.1003040012019598,-7.9571732098309731,-9.0693916551013256,-0.034028387811799551,0.0012097595994531051,-0.36446832486488312,0.99895006491982918,0.00050373601950424519,-0.045761398188573416,0.0020996386639111171,1.7080693367986739,-3.7780311619112141,1.8131786916492885,3.6380850813275076,3.5992170476408467,1.7277380909775644,-3.8198328362741094,1.6885876310943784,-3.6753811659971323,3.6352771615186517,0.13127009621706226,-0.01245229478937428,0.7528334009242853,-0.067108981866844719,2.7056944157508993,0.23166865384505764,-14.835494792875583,20.709935521253211,-13.645568673796159,-17.609455961005125,-16.822515234505712,-14.969450374795729,22.116816944713474,-9.35397822076329,18.409192554182319,-17.425609865898569,-0,-0,-0,-0,-0,-0
hold,0,112,2,1.1260000000000008,0,0,0,0,0,0,0,113.94816941419126,107.0263347740577,0.041395473702003645,0.55211483902049407,0.00025442973014466394,0.0026849016169990625,-6.5469079781359554,2.025738153970293,25.559455334855507,5.3602302731187423,-9.1310349473839114,-7.7078940625000039,-0.033795646737504924,0.0011898488187697643,-0.36285886358919239,0.99906898776545749,0.00043037873696547468,-0.04307691177858311,0.0023134673257516059,1.6816089422379894,-3.7424494930421703,1.7866294090828236,3.6082125326976318,3.5707730774714523,1.7010311113260022,-3.7813885004518162,1.6716618471051801,-3.6435597218740186,3.605185732251281,0.11637053714731305,-0.0099553903416704035,0.8047306378453587,-0.057918688072265301,2.6873749431854912,0.21535938094564372,-13.230197280342292,17.790834434521852,-13.27464128323237,-14.936274314938014,-14.22198508469711,-13.35348982578105,19.222167911146588,-8.4628919945991505,15.910722061556784,-15.045714633685243,-0,-0,-0,-0,-0,-0
hold,0,112,3,1.1280000000000008,0,0,0,0,0,0,0,96.908535538976409,89.121232829703587,0.040446086522552632,0.50978252746328478,0.0012426946472046986,0.0027919393301002859,-5.4606790929542903,1.7487969659432936,16.902644652316539,4.4903892788339999,-8.9527777104042574,-6.9783586740137977,-0.03358829174904595,0.0011741789408083641,-0.36118025205066134,0.99917995430045292,0.0003653482458597098,-0.040410029616908621,0.0025129566579404016,1.6578845807994989,-3.7118588373034647,1.7606199670650438,3.5830473872138477,3.5469583711547905,1.6772129626580277,-3.7481141321873017,1.6563691281284512,-3.6163802146620685,3.5795824584266991,0.10367749422948845,-0.0078349389807001683,0.8393057692655288,-0.050254635496544228,2.6694188486084127,0.20070067086930188,-11.862180719245304,15.295327869352882,-13.004721008889888,-12.582572741892012,-11.907353158330817,-11.909074333987226,16.637184132257165,-7.6463594883644541,13.589753605974961,-12.801636912291034,-0,-0,-0,-0,-0,-0
hold,0,112,4,1.1300000000000008,0,0,0,0,0,0,0,79.979275446066822,86.487653929620095,0.03943708507211769,0.41786151953867612,0.0020252783819063522,0.0028574969228962639,-4.8364157284382152,0.88916358167464937,11.690275122201934,1.8970016435645696,-8.9605498768949481,-6.7504205813944438,-0.033403787356653565,0.0011597795616519876,-0.35945330561592759,0.99928311697278305,0.00030351547935567551,-0.037760780356246561,0.0026987920261184275,1.63680112011962,-3.6857822468358177,1.7371692519378639,3.5621615643076256,3.5273637511533167,1.6558189325277974,-3.7191627759487398,1.6424755279799104,-3.5932142224268211,3.5579077716310978,0.0922521961961911,-0.0071996895781882269,0.86347321736687999,-0.047652745942231602,2.6514719627546839,0.18695471693256277,-10.541730339939429,13.038295233823471,-11.725357563589984,-10.442911453111115,-9.797310000736811,-10.697015065115085,14.475678119280886,-6.9468000742703939,11.58299611762363,-10.837343397800646,-0,-0,-0,-0,-0,-0
hold,0,113,0,1.1320000000000008,0,0,0,0,0,0,0,66.209441282643354,70.155108108735774,0.038290197558969827,0.37167843204696172,0.0021541431733790809,0.0028879181417185385,-3.8854523622729555,0.88172112439759032,6.3924251052468701,1.8987696421154436,-7.7711768960212249,-6.1851761184688892,-0.033238110134639405,0.0011467835613021091,-0.35769953708473123,0.99937870606923396,0.00024496639834936651,-0.035126810822972455,0.0028721086773271058,1.6178699739908053,-3.6633862798097576,1.7158012867225894,3.5448374315954241,3.5113095043909079,1.6364599338294477,-3.6938400806016438,1.6297949486284198,-3.5734837603187648,3.539621138890364,0.082838611007078705,-0.0064980001749392717,0.87688426559818189,-0.044883065179462694,2.6359044867882084,0.17434603964845954,-9.4655730644073461,11.197983513030122,-10.683982607637281,-8.6620663561007962,-8.0271233812043565,-9.6794993491749306,12.661347673548075,-6.3402896757453142,9.8652310540280617,-9.1433163703668665,-0,-0,-0,-0,-0,-0
hold,0,113,1,1.1340000000000008,0,0,0,0,0,0,0,53.972454693992873,55.904710525322912,0.037026657178065338,0.33265227208397868,0.0022564125163996949,0.0028886233004306048,-3.0808730398573312,0.85381263849360833,2.3732925842498833,1.8271251614891342,-6.5396405464802285,-5.3088802768885763,-0.033087824297338572,0.0011353478438853866,-0.3559353615704659,0.99946692565965534,0.00018965712137832295,-0.032505681414425183,0.0030346694049233308,1.6006601027364789,-3.6439335889001576,1.6961340284276529,3.5304077803579075,3.4981513157302215,1.6187757099082969,-3.6715033398289307,1.6181455273362968,-3.5566196140369226,3.5241771868916283,0.075142918650414878,-0.0057178587083612526,0.88208775713267717,-0.042058164464156653,2.6228014853268928,0.16350729146991522,-8.6049356271632949,9.7263454548001054,-9.8336291474681623,-7.2148256187583808,-6.5790943303431577,-8.8421119605753447,11.168370386356628,-5.8247106460615203,8.4320731409211938,-7.7219759993679133,-0,-0,-0,-0,-0,-0
hold,0,113,2,1.1360000000000008,0,0,0,0,0,0,0,43.278894560272064,43.830703822769671,0.03567071730816461,0.30049621914636793,0.0023329750652145709,0.0028644764693690102,-2.4172833053969045,0.74669105314837869,-0.67139357632081165,1.5711794670415915,-5.387646824409531,-3.7714740997810847,-0.032950079298649404,0.0011255405039191494,-0.35417327726507003,0.99954794296454896,0.00013720938370846163,-0.029895108779532407,0.0031895705014270337,1.5848042443578718,-3.6268007064757017,1.6778383233526806,3.5182856983421593,3.4873140493993748,1.602449278188846,-3.6515852160404334,1.6073569201951583,-3.542095900090628,3.5110636508996511,0.068872499344582394,-0.0049036699831185911,0.88104215269794217,-0.039477799097354341,2.6120060492940511,0.15578257553818728,-7.9279291893034962,8.5664412122278346,-9.1478525374861626,-6.061041007874115,-5.4186331654233619,-8.1632158597254687,9.9590618942485651,-5.3943035705692779,7.2618569731473546,-6.5567679959885661,-0,-0,-0,-0,-0,-0
hold,0,113,3,1.1380000000000008,0,0,0,0,0,0,0,34.13161597292175,33.836685695762156,0.034246037648899143,0.27507193968028892,0.002431404444746921,0.00281980828323541,-1.8783880958485191,0.62694111557152898,-2.9787728623488201,1.2083404997882914,-4.3631767363812548,-3.0210852870126654,-0.032822548604537781,0.0011171603412491887,-0.35242279903317203,0.99962189683981406,8.6967871490977402e-05,-0.027293062927703081,0.0033383395551938441,1.5700004156320104,-3.6114805663499325,1.6606006784937255,3.5079747902714082,3.4783047230512127,1.5872074172772148,-3.6336014674903456,1.5972687281085045,-3.5294476374355108,3.4998218737364173,0.063765347055809926,-0.0041900813349803846,0.87523911594899473,-0.037482114100858367,2.6032640498965671,0.1496110405140394,-7.4019143629306523,7.6600700628845608,-8.6188224294775555,-5.155454035375473,-4.5046631740809486,-7.6209304558155759,8.9918742750439353,-5.0440960433269435,6.324131327558586,-5.6208885816168728,-0,-0,-0,-0,-0,-0
hold,0,113,4,1.1400000000000008,0,0,0,0,0,0,0,26.59389852290758,21.818660712346599,0.032774138223467919,0.26351809220406275,0.0024803745069243988,0.0027584784384444335,-1.3410130821154911,0.54136271949355086,-5.0421795063118289,1.0069873682065769,-3.2155669459189569,-3.2903056855948196,-0.032702898484117698,0.0011098115128410141,-0.35069250627958537,0.99968891657321024,3.8537955670587046e-05,-0.02469726782944855,0.0034804536008009902,1.5558904533781492,-3.5974116831643084,1.6438033890927364,3.4989366428805879,3.4705915029646146,1.572829088480165,-3.6171681468310974,1.5877548825861394,-3.518292434765161,3.4900698835082253,0.059825060210039679,-0.0036744142040872913,0.86514637679333217,-0.035873100284424739,2.5968197565806665,0.1429327883371462,-7.0549811269306106,7.0344415928121391,-8.3986447004946019,-4.5190736954101132,-3.856610043299153,-7.189164398524885,8.2166603296241796,-4.7569227611826106,5.577601335174915,-4.8759951140959537,-0,-0,-0,-0,-0,-0
hold,0,114,0,1.1420000000000008,0,0,0,0,0,0,0,20.041299573276238,15.030813788373194,0.031284615073719324,0.24742874633935524,0.0025541641138674097,0.0026837458282698611,-1.0065510201757459,0.50332088366412198,-6.3510849370713629,0.92314777957452987,-2.4924182539542055,-3.108794717121445,-0.032589676092708214,0.0011034063772260032,-0.34898783542202999,0.999749085577055,-8.2173751942720161e-06,-0.022106295843836776,0.0036162832275158253,1.5422789519026585,-3.5842465631112721,1.6273608569256794,3.490808350190076,3.463806106087409,1.5591173164304628,-3.6019374307812986,1.5786920579052857,-3.508278265919806,3.4814541943517825,0.056611195704742913,-0.0032025678075054275,0.85233542877768198,-0.034370764994562777,2.5918228618815977,0.13663298853334024,-6.8057507377453357,6.5825600265180402,-8.221266083528521,-4.0641463452560433,-3.3926984386027419,-6.8558860248510438,7.6153580248993862,-4.5314123404268294,5.0070844226775746,-4.3078445782214994,-0,-0,-0,-0,-0,-0
hold,0,114,1,1.1440000000000008,0,0,0,0,0,0,0,14.614575010406206,9.5694659182102821,0.029790891105588305,0.23410364742513728,0.0026180540372897953,0.0025985560456355033,-0.74578084956385116,0.45381563911668693,-7.3380184090876721,0.78988979042292573,-1.9026728277674902,-2.6062132334202501,-0.032481747663162565,0.0010979160472706605,-0.34731289696590956,0.99980246425266739,-5.3522239433648723e-05,-0.019518985127614269,0.0037468425709109585,1.5290095418388168,-3.5717063465320318,1.6112111184251638,3.4832895616951691,3.4576408246762731,1.5459114606796085,-3.587623917706479,1.5699794856745981,-3.4991078658320678,3.4736736081876738,0.053964214772825758,-0.0027451649776713731,0.83746922806022872,-0.033050463140365346,2.5880071867045435,0.13135648243288442,-6.6347050319208698,6.2701082896201115,-8.0748692502577555,-3.7593942474533546,-3.0826407055680685,-6.6029278754271292,7.1567565374097555,-4.3562861153437398,4.5852000438690457,-3.8902930820544155,-0,-0,-0,-0,-0,-0
hold,0,114,2,1.1460000000000008,0,0,0,0,0,0,0,10.159712018658958,9.5895206363566921,0.028343325318256937,0.21952568733517297,0.0026695643586093108,0.0025054571537658013,-0.64634178927548414,0.18341397650427624,-7.7783832741892471,-0.023348179800509641,-1.7114424403610169,-3.0939825861780612,-0.032378682535432197,0.0010922232739672901,-0.34566949740851355,0.99984909413117207,-9.9007029176092758e-05,-0.0169349651263501,0.0038711908828639239,1.5160833078313891,-3.5597744845581065,1.595455083220962,3.4763037632229783,3.4520004543860456,1.5330760471546481,-3.5739854050179223,1.5615347696880284,-3.4905242196075359,3.4664661239953407,0.05153256386518483,-0.0028463866516852225,0.82169977869801392,-0.033364277377864397,2.5845863865652405,0.12517529308780714,-6.4631170037138377,5.9659309869626895,-7.8780176021009218,-3.4928992360953468,-2.8201851451137725,-6.417706762480174,6.8192563442783083,-4.2223579932848132,4.2918231122658437,-3.6037420961666085,-0,-0,-0,-0,-0,-0
hold,0,114,3,1.1480000000000008,0,0,0,0,0,0,0,6.6450763499854366,5.4008486778992433,0.026929224528021403,0.2091990124086468,0.0025516986119625143,0.0024069086046493793,-0.46999911280151574,0.18251142819085261,-8.3981892989917153,0.016964278554535278,-1.2777833184424314,-2.2897232274964421,-0.032279712731066425,0.0010865588991454021,-0.34406023373777783,0.99988900976398853,-0.00014454467414190403,-0.014353386618612501,0.0039909338009624729,1.5033786149402137,-3.5482418826973112,1.5800047455693813,3.469628135471889,3.4466570612134935,1.5205108909379417,-3.5608423114854015,1.5532920655150766,-3.482328013928405,3.4596259261055207,0.049484902182886474,-0.002832187410943994,0.8046318353678471,-0.033505233131790012,2.5820322075268951,0.12059723431994521,-6.3523464455876866,5.7663009303975796,-7.7251688257903046,-3.3378138755446884,-2.6716965862760875,-6.2825781083532037,6.5715467662604574,-4.1213520864759152,4.0981028395654837,-3.4200989449099239,-0,-0,-0,-0,-0,-0
hold,0,114,4,1.1500000000000008,0,0,0,0,0,0,0,3.9134205762439853,2.1713486836822242,0.025535940841875625,0.20065560148109984,0.0024872350811113277,0.002304688121704299,-0.33963714958682401,0.15885175893617975,-8.848334634432824,-0.0098159793440937351,-0.94812631134214476,-1.3538597495171785,-0.032184271821332454,0.0010811142176446549,-0.34248699399691557,0.9999222323813991,-0.00019014741500468412,-0.01177360777177674,0.0041079427205803617,1.4908019085930087,-3.5369476582001731,1.5648005256331137,3.4630848159297143,3.4414266841729013,1.5081395954709951,-3.5480562279907515,1.5452002377773493,-3.4743603408858821,3.4529873410842349,0.047720454866986693,-0.0027223407503736302,0.78661987043111914,-0.033617713775107791,2.5801373273193247,0.11789092166410441,-6.2883531736025171,5.6471122485691456,-7.6021099681338233,-3.2716597710872524,-2.6151885202961593,-6.1856477334733189,6.3930417473250296,-4.0459138688636651,3.9838365212613489,-3.3192925106428524,-0,-0,-0,-0,-0,-0
hold,0,115,0,1.1520000000000008,0,0,0,0,0,0,0,1.8297451762976995,0.3016030221168165,0.024172675526598995,0.19407830324593378,0.0024776283979448836,0.0022003194065650898,-0.25860697550874123,0.1133966123470993,-9.1333575310874622,0.013438352826592958,-0.74093102826946411,-0.38026300282028386,-0.032092009833459278,0.0010759999955239842,-0.34095096910283873,0.99994877297810658,-0.00023573705643166389,-0.0091952320635461018,0.0042241632208263906,1.4782995489374169,-3.5257989090631616,1.5497797558358113,3.4565588327117189,3.4361867503146737,1.4959038247802907,-3.5355197628695012,1.5372212209342198,-3.4664943209465062,3.4464170164430379,0.046130993936589045,-0.0025571110603353027,0.76801244703841531,-0.033620932440194526,2.5786557174369391,0.11712959093393398,-6.251179827795891,5.5743745685057133,-7.5103848986511785,-3.2629916089977815,-2.6199669291137302,-6.1178853453521551,6.2682325606251661,-3.9895084215647945,3.9330099696880327,-3.2851623205984111,-0,-0,-0,-0,-0,-0
hold,0,115,1,1.1540000000000008,0,0,0,0,0,0,0,0.27771406423079847,0.033732897011416615,0.022845055464633533,0.19072297462868848,0.0026120672092698107,0.0020951294377256503,-0.22690683447591908,0.032323038501471987,-9.2644342689053243,-0.15974946119087441,-0.66782902396969623,-0.058204508059429581,-0.032002792015485317,0.0010710131145117696,-0.33945269416212653,0.99996864117756668,-0.00028165132496879515,-0.0066181292562194089,0.0043402418330525522,1.4658643003348064,-3.5147788147621171,1.5348353027220205,3.4500064358675568,3.4308845442709894,1.4837590807580321,-3.5231512331752062,1.5293274837585895,-3.4586312249563789,3.4398104171642161,0.044608908986979813,-0.002493440506107324,0.74913747035610534,-0.033953797817216885,2.5773229277912906,0.11701858017192299,-6.2176243013052277,5.5100471505222801,-7.4722265568953929,-3.2761984220810758,-2.6511030218421503,-6.0723720111293114,6.1842648471475954,-3.9468685878150715,3.9315479950637156,-3.303299639410791,-0,-0,-0,-0,-0,-0
hold,0,115,2,1.1560000000000008,0,0,0,0,0,0,0,0,0,0.021553986613661834,0.1884469688911542,0.0027771337247387839,0.0019902992461976934,-0.22418498323055935,0.020255362372520715,-9.3012615680722011,-0.26219605214670327,-0.67211027317285843,0.0028325207199014911,-0.031916609627081746,0.0010661365769744113,-0.33799230354933957,0.9999818465133381,-0.00032809389347663009,-0.0040423242525649307,0.0044563003498471285,1.4534939196330623,-3.5038827683724381,1.5199525344453337,3.4434015455237965,3.4254867488130811,1.4716964346658026,-3.5109334990930305,1.5215050184613645,-3.4507342984194742,3.4331241723375552,0.043091194201784998,-0.0024382687686791984,0.73019530639349539,-0.034489724156589269,2.5759833632999598,0.11703053451897094,-6.1851903508720181,5.4480231948394531,-7.4413841383434027,-3.3024451718801866,-2.6988977289542131,-6.0313230461147889,6.1088670410878789,-3.9112326486124673,3.9484632684524148,-3.3431224133304833,-0,-0,-0,-0,-0,-0
hold,0,115,3,1.1580000000000008,0,0,0,0,0,0,0,0,0,0.020299369513208491,0.18629793105608061,0.0028863898364798347,0.0018868011345096831,-0.22538583551354963,0.018791511813977625,-9.3196574894027062,-0.27299401433840748,-0.68542012758663473,-0.0083818521508931803,-0.031833470532670827,0.0010613610911210628,-0.33656985489799568,0.99998839925140193,-0.00037508643747932859,-0.0014678606927674791,0.0045723142683732915,1.4411872033662001,-3.4931083818020028,1.5051303217796745,3.4367267457226114,3.4199706727282524,1.4597140397461845,-3.4988629681408381,1.5137521447048323,-3.4427853504537929,3.4263349845837476,0.041569547205458378,-0.0023877429266742343,0.71122432567195737,-0.03504803107951393,2.5746175128088433,0.11701736594230659,-6.1533581334311238,5.3871932852176663,-7.4111063328296245,-3.3373999005925592,-2.7580380424143232,-5.9911974598090687,6.0352654760962778,-3.8764368782660821,3.9744739828406597,-3.394593876903726,-0,-0,-0,-0,-0,-0
hold,0,115,4,1.1600000000000008,0,0,0,0,0,0,0,0,0,0.019081001311384922,0.18418624552709728,0.0029900198595594688,0.0017854037542677859,-0.22474351405234838,0.017452340033764384,-9.3375927770531799,-0.28287148122530864,-0.69232303927391625,-0.019641557376437562,-0.031753374236187779,0.0010566776550509961,-0.33518540595467777,0.99998830996266252,-0.00042264861758176651,0.0011052306483432875,0.0046882588854536113,1.4289428668965491,-3.4824531872140398,1.4903675116293476,3.4299701755987577,3.4143208929372992,1.4478099884687512,-3.4869360085008458,1.5060671763386007,-3.4347719742073397,3.4194271102484697,0.040048148241525548,-0.0023417180350332931,0.6922244716589443,-0.035626528443744351,2.5732381864612974,0.11697875599959058,-6.1221682348255273,5.3275972939814098,-7.3814050751635385,-3.3782850619269285,-2.824889895476657,-5.9520256387166661,5.9634798199960306,-3.8424841831158534,4.0066881232265983,-3.4539371676390358,-0,-0,-0,-0,-0,-0
hold,0,116,0,1.1620000000000008,0,0,0,0,0,0,0,0,0,0.017898698651821185,0.18211393124711894,0.0030885042683514606,0.0016867000791908834,-0.22263504330503681,0.01622691318310969,-9.3549759239039041,-0.29191384635314865,-0.69401863631874461,-0.030744688403368244,-0.03167631359467929,0.0010520775927425196,-0.33383901386398113,0.99998158936480031,-0.00047079825628545789,0.003676929463522082,0.004804109716618662,1.4167595664604629,-3.4719146654001025,1.4756629380688193,3.4231244729665402,3.4085278800619054,1.4359823368511693,-3.4751489803333393,1.4984484334071497,-3.4266864142953115,3.4123908842207711,0.038530320754242842,-0.002300031154238213,0.67319604534833144,-0.036223208375431255,2.5718557951647738,0.11691482243942329,-6.0916502180431946,5.2692609069687553,-7.3522867802641256,-3.422851316108654,-2.8965064376968899,-5.9138258087910049,5.8935140837533551,-3.8093714657254125,4.0427799560141358,-3.5181130138494097,-0,-0,-0,-0,-0,-0
hold,0,116,1,1.1640000000000008,0,0,0,0,0,0,0,0,0,0.016781210405628619,0.18008238681686833,0.0031822792842229799,0.001591136559569327,-0.21937617325167791,0.015105021721887144,-9.3717453176144421,-0.30019988418082844,-0.69152188613435606,-0.041545793758044333,-0.031602276252083977,0.0010475525745724616,-0.33253073462485666,0.99996824819931274,-0.00051955150472767907,0.0062472238835494642,0.0049198428002943531,1.4046359178353813,-3.4614902697366325,1.461015431621167,3.4161858884231484,3.4025868447079444,1.4242291245865522,-3.4634982614866652,1.4908942519816262,-3.4185246236272144,3.4052214905856855,0.037018671297657485,-0.002262509085028965,0.65413961956222089,-0.036836238506007403,2.5704787199270607,0.11682600219835611,-6.0618243125407787,5.2121978317350486,-7.3237532238261309,-3.4692922716958421,-2.9705176769805881,-5.8766061323085523,5.8253594233371642,-3.7770907127617663,4.0808953340484466,-3.5846968175427678,-0,-0,-0,-0,-0,-0
hold,0,116,2,1.1660000000000008,0,0,0,0,0,0,0,0,0,0.015728237766595328,0.1780924893605596,0.0032717402195150029,0.0014990379456003159,-0.21523106624552879,0.014077218430899076,-9.3878630020616409,-0.30780158630684523,-0.68569074047856093,-0.051943861136814866,-0.031531245837401613,0.0010430946260526393,-0.33126062268584128,0.99994829713750277,-0.00056892299775736666,0.0088161087608874047,0.0050354349113589086,1.3925705120663878,-3.4511774462671547,1.4464238269873753,3.4091535427677075,3.3964967693773604,1.4125483915760686,-3.4519802683767069,1.4834029921038068,-3.4102854784389605,3.3979179387297171,0.035515207341183165,-0.0022289742599112066,0.63505596950769272,-0.037463952334807697,2.5691136259018394,0.11671295881095679,-6.0327028844967048,5.1564117347389216,-7.2958023168959061,-3.5161728277205042,-3.0450376652920581,-5.8403665052417315,5.7589965549791016,-3.745629938909679,4.1195725941270016,-3.6517759279841111,-0,-0,-0,-0,-0,-0
hold,0,116,3,1.1680000000000008,0,0,0,0,0,0,0,0,0,0.014710868117074394,0.17614468011950302,0.0033572449325961302,0.0014106283980027112,-0.21042012270129318,0.013134827732429237,-9.4033094628344678,-0.31478423627911178,-0.67724860644728269,-0.061872776888558856,-0.031463202963032906,0.0010386961276833266,-0.33002873065219235,0.99992174671020295,-0.00061892599655285509,0.011383584221844193,0.0051508637033757841,1.3805619286252266,-3.4409736503824817,1.4318869694138439,3.4020288057502479,3.3902595976611374,1.4009381913749768,-3.440591472705627,1.4759730440964494,-3.4019701264034232,3.3904822123727847,0.034021437184354936,-0.0021992491846562988,0.61594601682445527,-0.038104837829462015,2.5677657314953803,0.11657650932516242,-6.0042917205805653,5.101897942336417,-7.2684287867657327,-3.5623685087298687,-3.1185858581115422,-5.8051001005458991,5.6943978355399372,-3.7149740036786829,4.1576760177686669,-3.7178631784662124,-0,-0,-0,-0,-0,-0
hold,0,116,4,1.1700000000000008,0,0,0,0,0,0,0,0,0,0.013728970504343511,0.17423903880877079,0.003439117259370135,0.0013260494134424972,-0.20512645038938615,0.012269932672106978,-9.418079322473794,-0.32120666478634563,-0.66680309801513993,-0.071293633360590122,-0.031398126052930679,0.001034349808211273,-0.3288351090825864,0.99988860725685869,-0.00066957251860201247,0.013949654449915003,0.0052661077950149852,1.3686087463270673,-3.4308763605191901,1.4174037198664688,3.3948147780012188,3.3838795573125235,1.3893966019910398,-3.4293284146081953,1.4686028334668373,-3.3935814471638004,3.3829185647863458,0.032538455051113774,-0.002173159736026799,0.59681078480297967,-0.038757525130554103,2.5664390399536909,0.11641756693270311,-5.9765911490796908,5.0486449316457893,-7.2416247736874668,-3.6070138745144686,-3.1900201743069392,-5.7707946919685114,5.63152904871583,-3.6851053148060808,4.1943396198114318,-3.7818237932193832,-0,-0,-0,-0,-0,-0
hold,0,117,0,1.1720000000000008,0,0,0,0,0,0,0,0,0,0.012782425236759869,0.17237534822638995,0.0035176503180394201,0.0012453750169482743,-0.19950131345614297,0.011475345464507597,-9.432177830364985,-0.32712163095179098,-0.65486201251201448,-0.080188465518741953,-0.031335992025540597,0.0010300487331425857,-0.32767980635697691,0.99984888889027568,-0.0007208734553039249,0.016514326668500848,0.0053811468134286828,1.3567095522930792,-3.4208830892550832,1.4029729591644131,3.3875158609362455,3.3773625975856252,1.3779217344190369,-3.4181877127464739,1.4612908246066161,-3.385123608028703,3.3752329378441015,0.031067013695041057,-0.0021505375343436502,0.57765136280473928,-0.039420773999694715,2.5651365390062639,0.11623709656229121,-5.9495970169940229,4.9966356320533487,-7.2153803510278944,-3.6494585324867264,-3.2584798634491077,-5.7374337860014695,5.5703509308607622,-3.6560044301106451,4.2289195675486368,-3.8428134711221889,-0,-0,-0,-0,-0,-0
hold,0,117,1,1.1740000000000008,0,0,0,0,0,0,0,0,0,0.011947788770740222,0.17055315028052243,0.003593109624101325,0.0011686246090633692,-0.19366878774881013,0.010744566858724602,-9.4456180361130464,-0.33257628133330858,-0.64184715025365424,-0.088555144808845632,-0.031276776852891458,0.0010257862899781822,-0.32656286860050571,0.99980260147392419,-0.00077283867776759268,0.019077610295476412,0.0054959614049533787,1.3448629492166739,-3.4109913921449597,1.3885935912130711,3.3801374017001402,3.3707159241393567,1.3665117392486803,-3.4071660718147014,1.4540355234696949,-3.3766017002252338,3.3674324859820057,0.029607586324568613,-0.0021312215822017816,0.55846887823559632,-0.040093461486158326,2.5638603728672362,0.11603608102961024,-5.9233015382026757,4.9458485550617626,-7.1896839756710031,-3.6892296180525417,-3.3233367231341884,-5.7049975851782673,5.5108204658863507,-3.6276505684606248,4.2609539017345472,-3.9002259310478791,-0,-0,-0,-0,-0,-0
hold,0,117,2,1.1760000000000008,0,0,0,0,0,0,0,0,0,0.011161423343590306,0.16877179437767398,0.0036657359722819874,0.0010957738017897134,-0.18772977650274947,0.010071738407983838,-9.4584185412970712,-0.33761264946370484,-0.62810638401820829,-0.096403228445545205,-0.031220456014261159,0.0010215561713359776,-0.32548433965113432,0.99974975460918825,-0.0008254771315864927,0.021639516245550963,0.0056105332215817269,1.3330675611649188,-3.4011988746077755,1.3742645454630258,3.3726854020475798,3.3639476171592917,1.355164811642924,-3.3962602878633081,1.4468354793902096,-3.3680214432484332,3.3595251889082256,0.028160419315149759,-0.0021150593211022566,0.53926447468570449,-0.040774570140587454,2.5626119900945148,0.11581549579872241,-5.8976940258775974,4.8962587685921619,-7.1645228750226782,-3.7259998262802498,-3.3841534900326189,-5.6734638028781488,5.4528919756965761,-3.6000220397426457,4.2901284884002058,-3.9536485368901602,-0,-0,-0,-0,-0,-0
hold,0,117,3,1.1780000000000008,0,0,0,0,0,0,0,0,0,0.010416713770248109,0.1670304789890904,0.0037357480644712067,0.0010267635313420873,-0.18176549374001838,0.0094515911398332375,-9.4706017341874009,-0.34226816546774158,-0.61392425267483675,-0.10375060895350635,-0.031167004860394351,0.0010173523568746332,-0.32444426106098195,0.99969035763038216,-0.00087879692148221447,0.024200056359297572,0.005724844890034211,1.3213220381228787,-3.3915031971461698,1.3599847787096517,3.365166281573857,3.3570663202950537,1.3438791949476825,-3.385467251802567,1.4396892861840143,-3.3593889466186613,3.3515195391917203,0.026725576933404507,-0.0021019072306721906,0.52003929507618651,-0.041463176987213038,2.5613922702601641,0.11557629072380424,-5.8727615210199833,4.8478387308027697,-7.139883376687032,-3.7595602368615237,-3.4406484321190911,-5.6428083476207398,5.3965180303706024,-3.5730966030976434,4.316248314885879,-4.0028248582525707,-0,-0,-0,-0,-0,-0
hold,0,117,4,1.1800000000000008,0,0,0,0,0,0,0,0,0,0.009713543235428973,0.16532827923708249,0.0038033448790782912,0.00096150769623304518,-0.17584726785408455,0.0088796880029949204,-9.4821903813057133,-0.34657551985631846,-0.59955266378281891,-0.11058613687574725,-0.031116398931820544,0.0010131691067766138,-0.32344267210837324,0.9996244196064652,-0.00093280538741547718,0.026759242897438237,0.0058388800382688935,1.3096250599955208,-3.381902079906653,1.3457532766517888,3.3575866718268883,3.3500809660796653,1.3326531842963563,-3.3747839529713861,1.432595583185895,-3.3507104891718562,3.3434242456149521,0.025302964286903751,-0.002091625049009688,0.50079447630435403,-0.042158445956451837,2.5602015890999819,0.1153194466813382,-5.84848906367891,4.800558619758327,-7.1157510289314541,-3.7898048734843308,-3.492677107694147,-5.6130053256631509,5.3416494155904477,-3.5468514990596902,4.3392287234025986,-4.0476467883841458,-0,-0,-0,-0,-0,-0
hold,0,118,0,1.1820000000000008,0,0,0,0,0,0,0,0,0,0.00905180284191405,0.16366416660444316,0.0038687091239239611,0.00089990043762132506,-0.17003554950860833,0.0083514564172544464,-9.4932077748233947,-0.35056333345036816,-0.5852078500080613,-0.11697104186068419,-0.031068614226941394,0.0010090009311001032,-0.32247960982233026,0.9995519493492574,-0.00098750916874291582,0.029317088106691078,0.005952623176751921,1.2979753409095978,-3.3723933077335873,1.331569055508925,3.3499532211607295,3.3430005066246946,1.3214851291692862,-3.3642074813583371,1.4255530558311269,-3.3419923420017779,3.335247992394855,0.023892352439574535,-0.0020840878382553281,0.48153114302148753,-0.042859612130036057,2.5590398900478246,0.11504582980335916,-5.8248595429615451,4.7543860865329561,-7.0921105714319213,-3.8167253330793116,-3.5402297274854644,-5.5840275635350221,5.2882358065243853,-3.5212636773840598,4.3590735850392006,-4.0881266100485574,-0,-0,-0,-0,-0,-0
hold,0,118,1,1.1840000000000008,0,0,0,0,0,0,0,0,0,0.0084313906953104589,0.16203707183601002,0.0039320068999090692,0.00084182424674399982,-0.1643565182972393,0.0078630742954601887,-9.5036842988479471,-0.35425880345971866,-0.5709960290995798,-0.12294552210679674,-0.031023627318799978,0.0010048425681938816,-0.32155510906949669,0.99947295542110282,-0.0010429142644066409,0.031873604005693203,0.0060660596213878096,1.2863716297431773,-3.362974730000857,1.3174311617402463,3.3422725137206251,3.3358338127296969,1.3103734326863059,-3.3537350253419054,1.418560434564049,-3.3332406954863667,3.3269993505294,0.02249345407070805,-0.0020791814531107532,0.4622503764167829,-0.043565976669919473,2.5579069042409883,0.11475623269743114,-5.8018555832101777,4.7092888663651218,-7.0689468843393088,-3.8403537200521409,-3.5833469474987729,-5.5558482414901844,5.2362280082159787,-3.496310633538954,4.3758232577055969,-4.1243209327275983,-0,-0,-0,-0,-0,-0
hold,0,118,2,1.1860000000000008,0,0,0,0,0,0,0,0,0,0.007852211348985047,0.16044590233575939,0.003993389730577326,0.00078715246206324981,-0.15883106498102562,0.0074112058278373652,-9.5136490346041214,-0.35768626597437847,-0.55700496840574365,-0.128534653884471,-0.030981415447680374,0.0010006889691781997,-0.32066920264134624,0.99938744614438291,-0.0010990260874268812,0.034428802207892649,0.0061791754462818772,1.2748127102612197,-3.3536442599555714,1.3033386715976205,3.3345510058404053,3.3285895955787397,1.2993165508215074,-3.3433638693911578,1.4116164937077007,-3.3244615970008282,3.3186867011322256,0.021105935559802422,-0.002076799507840905,0.44295321407522131,-0.044276901155533684,2.5568021873741897,0.11445140379556719,-5.7794597409788508,4.6652350226427801,-7.0462450713128613,-3.8607539401099178,-3.6221085754786375,-5.5284409323992367,5.1855779753738789,-3.4719704281741044,4.3895492427691867,-4.1563246985871194,-0,-0,-0,-0,-0,-0
hold,0,118,3,1.1880000000000008,0,0,0,0,0,0,0,0,0,0.0073141752831588289,0.15888955113196951,0.0040529965317542063,0.00073575126766145516,-0.15347623716272474,0.0069928036007929628,-9.5231294805339459,-0.36086748915081662,-0.54330869023244366,-0.13376568122710197,-0.03094195659596833,0.00099653528232212379,-0.31982192133915149,0.99929542961275475,-0.0011558495135156666,0.036982693772040803,0.0062919574318210415,1.263297401182198,-3.3443998740242118,1.2892906906573613,3.3267949711721734,3.3212763378486203,1.2883129915331732,-3.3330913917210907,1.4047200503145791,-3.3156608986285381,3.3103181699994098,0.019729425856021179,-0.0020768434280379784,0.42364065109736782,-0.044991800967768177,2.5557251471940154,0.11413204228072014,-5.7576545395107903,4.6221929656797061,-7.0239904701296361,-3.8780173341159578,-3.6566288650597021,-5.5017796441671116,5.1362388350336463,-3.448221696560795,4.4003491861451334,-4.1842655664079516,-0,-0,-0,-0,-0,-0
hold,0,118,4,1.1900000000000008,0,0,0,0,0,0,0,0.1556892850157644,0,0.0068171984168213587,0.15736923228895083,0.0041109548258125884,0.00068748166465611767,-0.15090581101535339,0.012992755821290225,-9.5268347197738219,-0.3355842505818048,-0.53860251719866392,-0.16811815847436948,-0.030905240737686312,0.00099239002789367945,-0.31901326992284917,0.99919691483278716,-0.0012133304191327744,0.039535271537215005,0.0064043362193820516,1.2518246789697178,-3.3352396052686504,1.2752862602183841,3.3190104189715628,3.3139021944103666,1.2773651910750834,-3.3229218891687382,1.3978641229453437,-3.3068507093696216,3.3019079432839513,0.018357929141008686,-0.0020726272142221353,0.40432570815116808,-0.045649683948622927,2.554657195980456,0.11374418064067898,-5.7363611062400501,4.5801343777807322,-7.0022152194885967,-3.8922761003053967,-3.6870717191268745,-5.4739002290449577,5.0847512761763438,-3.427963684617783,4.4050946294582012,-4.2051133577291155,-0,-0,-0,-0,-0,-0
hold,0,119,0,1.1920000000000008,0,0,0,0,0,0,0,1.1458814874509897,0.046770825409613671,0.0063606364039875546,0.15533948449777407,0.0041747610860301994,0.00064220213835700297,-0.16110123432162604,0.054579668260853968,-9.5039472041594486,-0.28445485213158267,-0.57778673286554472,-0.29597273655974105,-0.030871313039329426,0.00098837165033625646,-0.31824313269341437,0.99909191577377698,-0.0012713558468793152,0.042086440575370192,0.006516057818102358,1.2403944532070212,-3.326163297510464,1.2613461767498226,3.3112045472984661,3.3064763743504382,1.2664962322550957,-3.3128981070344592,1.3910568625746993,-3.2980794277950758,3.2935057563660877,0.016963849178442351,-0.0020091887787115482,0.38506861471741088,-0.046184676713044479,2.5535102389273128,0.11310580919191338,-5.7151128813482748,4.5381538790932474,-6.9700417342807173,-3.9029358365482185,-3.7129100299641999,-5.4344794099938492,5.0118910671394028,-3.4036301853221831,4.3856407872727798,-4.2010934589319016,-0,-0,-0,-0,-0,-0
hold,0,119,1,1.1940000000000008,0,0,0,0,0,0,0,2.0567857808866328,0.11719880040143975,0.0059408574265200562,0.15238614224299041,0.0041882741095554347,0.00059977770179590884,-0.1693031549365871,0.08881636825944178,-9.4857905321305704,-0.12942162140736208,-0.6091438200575845,-0.38106530868257155,-0.030840209716243176,0.00098457223519513959,-0.31751141482788653,0.99898044639352734,-0.0013296074456909761,0.044636120222223304,0.006626963025007971,1.2290076011523499,-3.317173301235528,1.2475028719398267,3.3033867445732765,3.2990101960584397,1.2557261217928157,-3.3030570880842136,1.3843050938397643,-3.2893900559102272,3.2851561037379016,0.015551661543125508,-0.0018997075705583853,0.36585893276391901,-0.046394214589887108,2.5522970205530897,0.11232090646177152,-5.693426027335649,4.4949981374680661,-6.9216524049979844,-3.9089013625948343,-3.7330891459993221,-5.3850552311399511,4.9205094751228131,-3.375884367467481,4.3446859424243245,-4.1748263140931252,-0,-0,-0,-0,-0,-0
hold,0,119,2,1.1960000000000008,0,0,0,0,0,0,0,2.8774834063457866,0.18526283075963665,0.0055544200771211472,0.14848155245364864,0.0042489841128912978,0.00056007224439089402,-0.17542117483676822,0.12006844395596394,-9.4726038460368667,0.012218240376355848,-0.6333807833740529,-0.41324291377269606,-0.030811957864543198,0.00098109083742281035,-0.31681804362321053,0.99886252005646592,-0.001387797464427137,0.047184244104675782,0.0067369988060595101,1.2176648325183006,-3.3082718948560639,1.2337873592714186,3.295566080660695,3.2915146019655461,1.2450722273117549,-3.293430926119977,1.3776147359049919,-3.2808208042154288,3.2768987911763028,0.014125925849988738,-0.0017406988861645993,0.34668560233798851,-0.046312784572708585,2.5510317995406293,0.1114958361663614,-5.6713843170246463,4.4507031897321268,-6.8577563342040753,-3.9103319562907606,-3.7477970464467867,-5.3269472405304334,4.8130809821182243,-3.3451789673862056,4.2846258473992487,-4.128656280799329,-0,-0,-0,-0,-0,-0
hold,0,119,3,1.1980000000000008,0,0,0,0,0,0,0,3.608603820425238,0.25143001601917575,0.0051981629426386608,0.14366852133880115,0.0043542594818313327,0.00052294815340598298,-0.17963533410230537,0.14686453406350303,-9.4637808060865058,0.13078027130068892,-0.65129422158491301,-0.45180981067170822,-0.030786576070304526,0.00097800959089559933,-0.31616296588761073,0.99873815014691025,-0.0014456833163536008,0.049730758830726425,0.0068460986696938265,1.2063667693780871,-3.299461211859346,1.2202292725323682,3.2877511533737618,3.2839999871012999,1.234549334959707,-3.2840470499928434,1.3709902897164059,-3.2724052792008584,3.2687690826685034,0.012690897119336599,-0.0015406232636055337,0.32753886779991503,-0.04598458603963048,2.5497277539716996,0.11061651129178811,-5.6490315701068194,4.4053414983589381,-6.779043369525164,-3.90746364346671,-3.757307432123103,-5.2614461760239903,4.6919380635669112,-3.3122230942929951,4.2077625072851861,-4.0648542538997896,-0,-0,-0,-0,-0,-0
hold,0,119,4,1.2000000000000008,0,0,0,0,0,0,0,4.2615711444984985,0.62116367056138433,0.0048692188541302334,0.13367941547628587,0.0044939031333658501,0.00048826916166727744,-0.18326151648674727,0.15923921626702586,-9.4542270600745191,0.19945845020013653,-0.66950834478587629,-0.75410713089076287,-0.030764079174988121,0.00097527375727806374,-0.31554612558997375,0.99860735408889767,-0.0015030955072300883,0.052275611886405761,0.0069536656065415422,1.1951202539874342,-3.2907603664514085,1.2070291262834638,3.2799658860141112,3.2764916536333901,1.2241695152784624,-3.2749289335447918,1.3644361687091953,-3.2641732587840648,3.260798462678649,0.011248447658201979,-0.0013679168087677898,0.30842014881849777,-0.045455954572734075,2.5483867264970721,0.10915066442645109,-5.6232576953264024,4.3504227039688264,-6.600073124452182,-3.8926336798252423,-3.7541667339549152,-5.1899098406223212,4.5590582240257636,-3.2770605036052927,4.1160102083967809,-3.985309994927082,-0,-0,-0,-0,-0,-0
