scenario,episode,tick,physics_begin,physics_end,source_time_ns,receipt_time_ns,core_status,probe_status,dt_s,command_attempted,command_accepted,probe_command_attempted,probe_command_accepted,fault_event,injected_torque_nm,zoh_ctrl_max_difference,contact_left,contact_right,base_position_0,base_position_1,base_position_2,base_quaternion_0,base_quaternion_1,base_quaternion_2,base_quaternion_3,base_linear_velocity_0,base_linear_velocity_1,base_linear_velocity_2,base_angular_velocity_0,base_angular_velocity_1,base_angular_velocity_2,q_0,q_1,q_2,q_3,q_4,q_5,dq_0,dq_1,dq_2,dq_3,dq_4,dq_5,tau_0,tau_1,tau_2,tau_3,tau_4,tau_5,ctrl_0,ctrl_1,ctrl_2,ctrl_3,ctrl_4,ctrl_5,reference_0,reference_1,reference_2,reference_3,reference_4,reference_5,tau_pd_0,tau_pd_1,tau_pd_2,tau_pd_3,tau_pd_4,tau_pd_5,tau_gravity_0,tau_gravity_1,tau_gravity_2,tau_gravity_3,tau_gravity_4,tau_gravity_5,tau_raw_0,tau_raw_1,tau_raw_2,tau_raw_3,tau_raw_4,tau_raw_5,saturated_0,saturated_1,saturated_2,saturated_3,saturated_4,saturated_5,disturbance_0,disturbance_1,disturbance_2,disturbance_3,disturbance_4,disturbance_5
control,0,0,0,5,0,0,0,-1,0,1,1,0,0,none,0,0,1,1,-0.077378152000000006,8.0999999999999997e-07,0.56772232,1,0,0,0,0,0,0,0,0,0,-1.3267204093873923,2.2088002548867229,0,-1.3267204093873923,2.2088002548867229,0,-0,-0,-0,-0,-0,-0,-0.31236930660113593,1.4705485288055822,0.00035741999074187812,-0.31209840251688858,1.4712025107685847,-0.0001210706308011254,0.31236930660113593,-1.4705485288055822,-0.00035741999074187812,0.31209840251688858,-1.4712025107685847,0.0001210706308011254,-1.3267204090965414,2.208800254273827,0,-1.3267204090965414,2.208800254273827,0,3.4902107870493637e-09,-7.3547514745087028e-09,0,3.4902107870493637e-09,-7.3547514745087028e-09,0,-0.31236931009134672,1.4705485361603337,0.00035741999074187812,-0.31209840600709937,1.4712025181233361,-0.0001210706308011254,-0.31236930660113593,1.4705485288055822,0.00035741999074187812,-0.31209840251688858,1.4712025107685847,-0.0001210706308011254,0,0,0,0,0,0,0,0,0,0,0,0
control,0,1,5,10,10000000,10000000,0,-1,0.01,1,1,0,0,none,0,0,1,1,-0.077481211095148397,9.1740635417488654e-07,0.56764696390651037,0.99999999515100257,-1.2418897744107541e-07,-9.847820619912032e-05,1.49730336578707e-07,-0.017291921905037737,1.7778231484440179e-05,-0.011155627830753729,-4.022631404031974e-05,-0.032651986889104097,4.6373539654355889e-05,-1.326788877819969,2.2093212701601668,-0.00065112489846417469,-1.3267884394496698,2.2093203225949076,-0.00064790883494231905,-0.0041803378911512614,0.07843824694562318,-0.10717515412876705,-0.004102413406020947,0.078283464583241813,-0.10665380642225589,-0.30475968981941964,1.347187407720714,0.0059115541222812089,-0.30461208340186052,1.3480835815197194,0.0054059170410104976,0.30475968981941964,-1.347187407720714,-0.0059115541222812089,0.30461208340186052,-1.3480835815197194,-0.0054059170410104976,-1.3267204090965414,2.208800254273827,0,-1.3267204090965414,2.208800254273827,0,0.0070921315178578978,-0.12390956105451228,0.0055540951759776051,0.0069699843465723657,-0.12366601672783048,0.0055270629715954899,-0.31185182133727757,1.4710969687752262,0.00035745894630360406,-0.31158206774843289,1.4717495982475499,-0.00012114593058499217,-0.30475968981941964,1.347187407720714,0.0059115541222812089,-0.30461208340186052,1.3480835815197194,0.0054059170410104976,0,0,0,0,0,0,0,0,0,0,0,0
control,0,2,10,15,20000000,20000000,0,-1,0.01,1,1,0,0,none,0,0,1,1,-0.077755422595501805,1.1809931549849258e-06,0.56751175798312314,0.99999993809368659,-4.0457400785141227e-07,-0.00035186970896666862,4.0897919723325503e-07,-0.034133611620580338,3.1947502328758963e-05,-0.014397572506225535,-6.5957907732443254e-05,-0.062444491012342909,5.3284985037251514e-05,-1.3264768856006344,2.2100380759618563,-0.001400493024656686,-1.3264759591144399,2.2100359023420313,-0.0013981337207944386,0.058060421102201859,0.06289083939701938,-0.052179980374991219,0.058092298252385981,0.062791940130402721,-0.052679674820446894,-0.40047814854528274,1.3631523652442907,0.0033865510519406829,-0.40026926982803129,1.3639772825696408,0.0029323847376895905,0.40047814854528274,-1.3631523652442907,-0.0033865510519406829,0.40026926982803129,-1.3639772825696408,-0.0029323847376895905,-1.3267204090965414,2.208800254273827,0,-1.3267204090965414,2.208800254273827,0,-0.090012913604187519,-0.109190119351881,0.0030291469261465669,-0.090071847163796862,-0.10901568701405578,0.0030534238572606765,-0.31046523494109524,1.4723424845961717,0.00035740412579411592,-0.31019742266423445,1.4729929695836965,-0.0001210391195710858,-0.40047814854528274,1.3631523652442907,0.0033865510519406829,-0.40026926982803129,1.3639772825696408,0.0029323847376895905,0,0,0,0,0,0,0,0,0,0,0,0
control,0,3,15,20,30000000,30000000,0,-1,0.01,1,1,0,0,none,0,0,1,1,-0.078188300276147343,1.5853783962794587e-06,0.56737300653298239,0.99999972450809882,-8.0158586733897704e-07,-0.00074228207304671248,6.3853763588882772e-07,-0.049073105276322582,4.5750256301505729e-05,-0.012978661161271868,-8.7171199721212587e-05,-0.087805213064672274,3.8042288304968189e-05,-1.3256958327550192,2.2105780099905363,-0.0017622187262194451,-1.3256946567569798,2.2105748970226777,-0.0017570754156294897,0.093147908543356098,0.044509612472067153,-0.022919092061662361,0.093169627804506536,0.04442337410729761,-0.022138153791495287,-0.46053123964614395,1.3858418492227973,0.0020318359398702585,-0.46031213889569111,1.3866569568143632,0.0015133608503619534,0.46053123964614395,-1.3858418492227973,-0.0020318359398702585,0.46031213889569111,-1.3866569568143632,-0.0015133608503619534,-1.3267204090965414,2.208800254273827,0,-1.3267204090965414,2.208800254273827,0,-0.15201677891330054,-0.088097487308612943,0.0016746202209489518,-0.1520634697814989,-0.087930774147155444,0.0016340303142636111,-0.30851446073284339,1.4739393365314102,0.00035721571892130668,-0.30824866911419224,1.4745877309615187,-0.00012066946390165761,-0.46053123964614395,1.3858418492227973,0.0020318359398702585,-0.46031213889569111,1.3866569568143632,0.0015133608503619534,0,0,0,0,0,0,0,0,0,0,0,0
control,0,4,20,25,40000000,40000000,0,-1,0.01,1,1,0,0,none,0,0,1,1,-0.078750565534115996,2.1155621555845025e-06,0.56725859718789284,0.9999992301421694,-1.2858362143440804e-06,-0.0012408516707916623,7.3884260828664262e-07,-0.060632450900617349,5.7612958699486703e-05,-0.010684691207254599,-0.00010299916628868196,-0.10709625145726281,9.128712035840538e-06,-1.3247591560915961,2.2109848854372176,-0.0018437193852725742,-1.3247577728618134,2.2109810747186533,-0.0018280141156219198,0.091539977330422462,0.039455951628529634,0.0034145204610030334,0.091555840077790759,0.039398643775929422,0.0046500525841103894,-0.46731215292561024,1.3901612702131418,0.00073935713336771135,-0.46708841215503916,1.3909396539232599,0.00019572146344113859,0.46731215292561024,-1.3901612702131418,-0.00073935713336771135,0.46708841215503916,-1.3909396539232599,-0.00019572146344113859,-1.3267204090965414,2.208800254273827,0,-1.3267204090965414,2.208800254273827,0,-0.16084500205497751,-0.085399501403481973,0.00038238979253162053,-0.16088539493342252,-0.085267811001810578,0.0003159016054810564,-0.30646715087063275,1.4755607716166239,0.00035696734083609077,-0.30620301722161664,1.4762074649250705,-0.00012018014203991781,-0.46731215292561024,1.3901612702131418,0.00073935713336771135,-0.46708841215503916,1.3909396539232599,0.00019572146344113859,0,0,0,0,0,0,0,0,0,0,0,0
control,0,5,25,30,50000000,50000000,0,-1,0.01,1,1,0,0,none,0,0,1,1,-0.079414560837185524,2.7563331013997973e-06,0.56715499322982499,0.99999833380292846,-1.8479986927452029e-06,-0.0018254827935533444,7.2252311912394302e-07,-0.069978804721740548,6.8198918401270208e-05,-0.010321716056098568,-0.0001184621453628741,-0.12307151130422669,-1.0269223065640533e-05,-1.3239646618845906,2.2114214889927153,-0.0017784672849501689,-1.3239631451396103,2.2114171979621022,-0.0017508317739142552,0.069631161328059618,0.047321299300761017,0.0099102300112826371,0.069639019390137197,0.047280342962023464,0.01107229845968196,-0.4421370484630151,1.3746073621749577,0.00039474030561939685,-0.44190423700483206,1.3753656301005517,-0.00014804223374861132,0.4421370484630151,-1.3746073621749577,-0.00039474030561939685,0.44190423700483206,-1.3753656301005517,0.00014804223374861132,-1.3267204090965414,2.208800254273827,0,-1.3267204090965414,2.208800254273827,0,-0.13751570853549927,-0.10243676557780125,3.8028684920918764e-05,-0.13754569656837901,-0.10232383870233823,-2.8365390809821493e-05,-0.30462133992751583,1.4770441277527591,0.00035671162069847808,-0.30435854043645305,1.4776894688028899,-0.00011967684293878982,-0.4421370484630151,1.3746073621749577,0.00039474030561939685,-0.44190423700483206,1.3753656301005517,-0.00014804223374861132,0,0,0,0,0,0,0,0,0,0,0,0
control,0,6,30,35,60000000,60000000,0,-1,0.01,1,1,0,0,none,0,0,1,1,-0.080161297353009683,3.4928186740203648e-06,0.56704930196211234,0.99999692117245398,-2.4831131652479937e-06,-0.0024814590553586657,6.3526552579743299e-07,-0.077551768735691126,7.7083679865258512e-05,-0.010798646001601698,-0.00013231116454854959,-0.13620098189272503,-2.1413188332723551e-05,-1.3233684981796883,2.2118971338130411,-0.0016597115559038467,-1.3233669536442823,2.2118925245631127,-0.0016232089858270312,0.051755770488957707,0.047934251802056294,0.01457618751693774,0.051751992248857938,0.047909685816511144,0.015275335762140879,-0.42091562070325783,1.3692697881760623,0.00012558033083917396,-0.42066683509424918,1.3700061615490611,-0.00039601932013502234,0.42091562070325783,-1.3692697881760623,-0.00012558033083917396,0.42066683509424918,-1.3700061615490611,0.00039601932013502234,-1.3267204090965414,2.208800254273827,0,-1.3267204090965414,2.208800254273827,0,-0.11785658673567451,-0.10906393217365382,-0.00023089590907573304,-0.11786945380039707,-0.10897177219619529,-0.00027680409235893459,-0.30305903396758332,1.478333720349716,0.000356476239914907,-0.30279738129385209,1.4789779337452564,-0.00011921522777608776,-0.42091562070325783,1.3692697881760623,0.00012558033083917396,-0.42066683509424918,1.3700061615490611,-0.00039601932013502234,0,0,0,0,0,0,0,0,0,0,0,0
control,0,7,35,40,70000000,70000000,0,-1,0.01,1,1,0,0,none,0,0,1,1,-0.080973688006001701,4.3087218110258196e-06,0.56693695805594413,0.99999489706094746,-3.1825563409068037e-06,-0.0031946583030340462,5.1278407845572102e-07,-0.083454473346049871,8.4388709870644721e-05,-0.011535884672747214,-0.00014439821742349006,-0.14652581109971705,-2.6147364795769298e-05,-1.3229339642438123,2.2123439923505765,-0.0014967631248661594,-1.3229325336735114,2.2123391938455534,-0.0014548331154855248,0.037013242032270299,0.042425179051947981,0.018851974035331752,0.036994219782167714,0.042411427637004985,0.019285397872460319,-0.40275786016455856,1.3732302947180197,-0.00013730041207342083,-0.40248588336795033,1.3739517502991929,-0.00064663104932203446,0.40275786016455856,-1.3732302947180197,0.00013730041207342083,0.40248588336795033,-1.3739517502991929,0.00064663104932203446,-1.3267204090965414,2.208800254273827,0,-1.3267204090965414,2.208800254273827,0,-0.10095720128115543,-0.10616262549891681,-0.00049356976430673988,-0.10094583474961219,-0.10608441631622503,-0.00052781995897735858,-0.30180065888340313,1.4793929202169365,0.00035626935223331905,-0.30154004861833811,1.480036166615418,-0.00011881109034467591,-0.40275786016455856,1.3732302947180197,-0.00013730041207342083,-0.40248588336795033,1.3739517502991929,-0.00064663104932203446,0,0,0,0,0,0,0,0,0,0,0,0
control,0,8,40,45,80000000,80000000,0,-1,0.01,1,1,0,0,none,0,0,1,1,-0.081835561314683905,5.1886314772990089e-06,0.56681711803192403,0.99999219357338354,-3.9363538195829471e-06,-0.0039513006282127046,3.7802460719398106e-07,-0.087774610613980675,9.0183071359660206e-05,-0.01226822003535622,-0.00015439112742998676,-0.15413229350238369,-2.7351526299219107e-05,-1.3226399133659823,2.2127146769984343,-0.0012971427808743975,-1.3226387304519338,2.212709773131817,-0.0012520480908353978,0.023573783044342385,0.033264940868738206,0.022096695511838887,0.023543056218687682,0.033258090026367759,0.022329585723067678,-0.38519424852737827,1.3833204964255323,-0.00035959411499167062,-0.38490270608172189,1.3840320318018782,-0.0008593419138515783,0.38519424852737827,-1.3833204964255323,0.00035959411499167062,0.38490270608172189,-1.3840320318018782,0.0008593419138515783,-1.3267204090965414,2.208800254273827,0,-1.3267204090965414,2.208800254273827,0,-0.084326623333223147,-0.096870483998394805,-0.00071569194132962521,-0.084294728063322999,-0.096801361335432462,-0.0007408648589027646,-0.30086762519415511,1.480190980423927,0.00035609782633795459,-0.30060797801839889,1.4808333931373105,-0.00011847705494881371,-0.38519424852737827,1.3833204964255323,-0.00035959411499167062,-0.38490270608172189,1.3840320318018782,-0.0008593419138515783,0,0,0,0,0,0,0,0,0,0,0,0
control,0,9,45,50,90000000,90000000,0,-1,0.01,1,1,0,0,none,0,0,1,1,-0.082731636780361731,6.1176349536715452e-06,0.56669063548558796,0.99998877485377946,-4.7334632674931226e-06,-0.0047381582889832489,2.4442303678313735e-07,-0.090603792750323847,9.4502569678092823e-05,-0.01287540461488523,-0.0001621358482058319,-0.15914657626676157,-2.6369660493682416e-05,-1.3224773819267284,2.2129822284011205,-0.0010718289265262849,-1.3224765445429187,2.2129772791381614,-0.0010253195399169109,0.010699093396885096,0.022127447114155825,0.024172961616419814,0.010660195936947434,0.022126056238219439,0.024247613275402112,-0.36724194496365459,1.3973320962897038,-0.00053113181315957289,-0.36693484568898116,1.3980353084838579,-0.0010230089424574801,0.36724194496365459,-1.3973320962897038,0.00053113181315957289,0.36693484568898116,-1.3980353084838579,0.0010230089424574801,-1.3267204090965414,2.208800254273827,0,-1.3267204090965414,2.208800254273827,0,-0.066964966133084391,-0.083374860198755577,-0.00088709940286310542,-0.066916668548893415,-0.083313382729342758,-0.00090478480179503233,-0.3002769788305702,1.4807069564884594,0.00035596758970353259,-0.30001817714008772,1.4813486912132008,-0.00011822414066244767,-0.36724194496365459,1.3973320962897038,-0.00053113181315957289,-0.36693484568898116,1.3980353084838579,-0.0010230089424574801,0,0,0,0,0,0,0,0,0,0,0,0
control,0,10,50,55,100000000,100000000,0,-1,0.01,1,1,0,0,none,0,0,1,1,-0.08364757335242369,7.0812028623278505e-06,0.56655910357399564,0.99998463904157753,-5.5623454266647865e-06,-0.0055427114241422808,1.2008283916551956e-07,-0.09203816668034312,9.738688128272558e-05,-0.013307359189803324,-0.0001675621259078324,-0.16171994736901765,-2.4098868722005121e-05,-1.3224413651777109,2.2131332108059176,-0.00083200348280247421,-1.3224409352331703,2.213128270006814,-0.00078553648419981326,-0.0017434337607414672,0.010109262320475071,0.025145452324155902,-0.0017869191069997434,0.01011322615144576,0.025082715058275994,-0.3487695703329301,1.4137718162989692,-0.00065178887999225348,-0.34845137559570127,1.4144664084306997,-0.0011365346384935068,0.3487695703329301,-1.4137718162989692,0.00065178887999225348,0.34845137559570127,-1.4144664084306997,0.0011365346384935068,-1.3267204090965414,2.208800254273827,0,-1.3267204090965414,2.208800254273827,0,-0.048733376384853727,-0.067159371865800385,-0.001007671571367053,-0.048673307699953948,-0.067106028023012909,-0.0010184748076538558,-0.3000361939480764,1.4809311881647695,0.00035588269137479944,-0.29977806789574735,1.4815724364537126,-0.00011805983083965103,-0.3487695703329301,1.4137718162989692,-0.00065178887999225348,-0.34845137559570127,1.4144664084306997,-0.0011365346384935068,0,0,0,0,0,0,0,0,0,0,0,0
control,0,11,55,60,110000000,110000000,0,-1,0.01,1,1,0,0,none,0,0,1,1,-0.084570014038299779,8.065265606894297e-06,0.56642439253038979,0.99997981791017432,-6.4113370123617313e-06,-0.0063532457239259708,9.6202910433628107e-09,-0.09217782942944848,9.8885823163875455e-05,-0.013547848818757462,-0.00017066892317650731,-0.16201945532621159,-2.1115812520756681e-05,-1.3225267573552344,2.2131631362413442,-0.00058764597367711423,-1.3225267627866215,2.2131582606767775,-0.00054251111952089846,-0.013632039954922313,-0.002049935050658556,0.025176096498873923,-0.013676878855092531,-0.0020400979984765751,0.024990134023493982,-0.33001776502258917,1.4315849392922368,-0.00072666593382594282,-0.32969276811748038,1.4322696814306011,-0.0012047410549591395,0.33001776502258917,-1.4315849392922368,0.00072666593382594282,0.32969276811748038,-1.4322696814306011,0.0012047410549591395,-1.3267204090965414,2.208800254273827,0,-1.3267204090965414,2.208800254273827,0,-0.029875760963300965,-0.049279681034218786,-0.0010825110328405621,-0.029808437436400222,-0.049235929837690852,-0.0010867533653184296,-0.3001420040592882,1.4808646203264557,0.00035584509901461918,-0.29988433068108017,1.4815056112682918,-0.00011798768964070985,-0.33001776502258917,1.4315849392922368,-0.00072666593382594282,-0.32969276811748038,1.4322696814306011,-0.0012047410549591395,0,0,0,0,0,0,0,0,0,0,0,0
control,0,12,60,65,120000000,120000000,0,-1,0.01,1,1,0,0,none,0,0,1,1,-0.085486624258448163,9.0563291674424498e-06,0.56628842764091525,0.99997437460886918,-7.2689357116361806e-06,-0.0071589156131308899,-8.4669812705886669e-08,-0.091126400003543662,9.9061808697145781e-05,-0.013596845870337854,-0.00017150546230866378,-0.16022271518853506,-1.7815010163487976e-05,-1.3227268098900073,2.2130736124355095,-0.0003470089027150132,-1.3227272487802169,2.2130688653242183,-0.00030436970812062737,-0.024766840959941736,-0.013837385201547737,0.024448150061914819,-0.024810246543790992,-0.013820975975168012,0.02415069883393299,-0.31135421710236288,1.4499930001720929,-0.00076244999233075598,-0.31102635311134341,1.4506663459864559,-0.0012342316595423523,0.31135421710236288,-1.4499930001720929,0.00076244999233075598,0.31102635311134341,-1.4506663459864559,0.0012342316595423523,-1.3267204090965414,2.208800254273827,0,-1.3267204090965414,2.208800254273827,0,-0.01077292903849638,-0.030524220137868461,-0.0011183048322812371,-0.01070255398020839,-0.03049186864194401,-0.0011162240292604613,-0.30058128806386653,1.4805172203099612,0.00035585483995048109,-0.30032379913113505,1.4811582146283999,-0.00011800763028189088,-0.31135421710236288,1.4499930001720929,-0.00076244999233075598,-0.31102635311134341,1.4506663459864559,-0.0012342316595423523,0,0,0,0,0,0,0,0,0,0,0,0
control,0,13,65,70,130000000,130000000,0,-1,0.01,1,1,0,0,none,0,0,1,1,-0.086386124976871481,1.0041600450209879e-05,0.56615308278972842,0.99996839990495279,-8.1240205629036464e-06,-0.0079497877645787716,-1.6207641580066782e-07,-0.088990551188929221,9.7989743436460423e-05,-0.013462132656469183,-0.00017016146563183466,-0.15651482086177221,-1.4464795195211142e-05,-1.3230328080809357,2.2128704906085961,-0.00011658116159042148,-1.3230336535760141,2.2128659418534098,-7.7485276687928788e-05,-0.03495070217537851,-0.024892510259948188,0.0231360258007226,-0.034990403877541161,-0.024868905657214356,0.022738680818997971,-0.29315789941992093,1.4684021041006647,-0.00076591664658236464,-0.29283059475938739,1.4690625629051308,-0.0012318049368927348,0.29315789941992093,-1.4684021041006647,0.00076591664658236464,0.29283059475938739,-1.4690625629051308,0.0012318049368927348,-1.3267204090965414,2.208800254273827,0,-1.3267204090965414,2.208800254273827,0,0.0081748410757990775,-0.011504070627306989,-0.0011218269415590038,0.0082445395699837914,-0.011484892469172198,-0.00111368845794352,-0.30133274049572001,1.4799061747279718,0.00035591029497663906,-0.30107513432937116,1.480547455374303,-0.00011811647894921483,-0.29315789941992093,1.4684021041006647,-0.00076591664658236464,-0.29283059475938739,1.4690625629051308,-0.0012318049368927348,0,0,0,0,0,0,0,0,0,0,0,0
control,0,14,70,75,140000000,140000000,0,-1,0.01,1,1,0,0,none,0,0,1,1,-0.087258320126577651,1.1009105525046708e-05,0.56602012819436975,0.99996200730823037,-8.9660298169025347e-06,-0.0087168721256046227,-2.2295431835222538e-07,-0.085879432760962882,9.5755909407240384e-05,-0.013155417802269521,-0.00016675945915165617,-0.15108623955197942,-1.1244095910995774e-05,-1.3234342835452666,2.21256259484085,9.8752236030174402e-05,-1.323435489115329,2.2125583193876821,0.00013337575765166881,-0.044022218110310318,-0.034962487125491326,0.021392972157254601,-0.04405647402805981,-0.034931282671225874,0.020907852246867975,-0.27576888885847239,1.4863498131970501,-0.00074326574650171538,-0.27544499307600834,1.4869961732440844,-0.001203713945700335,0.27576888885847239,-1.4863498131970501,0.00074326574650171538,0.27544499307600834,-1.4869961732440844,0.001203713945700335,-1.3267204090965414,2.208800254273827,0,-1.3267204090965414,2.208800254273827,0,0.026599820550167491,0.0072956438839601456,-0.0010992742786717824,0.026665671267541075,0.0073001426405773159,-0.0010854053396388995,-0.30236870940863986,1.4790541693130899,0.00035600853217006696,-0.30211066434354938,1.4796960306035072,-0.00011830860606143564,-0.27576888885847239,1.4863498131970501,-0.00074326574650171538,-0.27544499307600834,1.4869961732440844,-0.001203713945700335,0,0,0,0,0,0,0,0,0,0,0,0
control,0,15,75,80,150000000,150000000,0,-1,0.01,1,1,0,0,none,0,0,1,1,-0.088094117292640023,1.1947793463181389e-05,0.56589120276090066,0.99995532744544469,-9.7851046818446698e-06,-0.0094521435480062008,-2.6834842273675099e-07,-0.08190396562418531,9.2456309442524173e-05,-0.012690597361230292,-0.00016144853013054733,-0.14413108414116921,-8.2658938604157518e-06,-1.3239194253953406,2.2121608037420297,0.00029548302074616339,-1.3239209300187507,2.2121568789602142,0.00032482944935539925,-0.051865641044976256,-0.043874499914106371,0.019348205620835831,-0.051893217209441234,-0.043835578147452668,0.018788012222904098,-0.25947027226639202,1.5034730234124782,-0.00069990955701037887,-0.2591520404552653,1.5041044747965095,-0.0011554259758395011,0.25947027226639202,-1.5034730234124782,0.00069990955701037887,0.2591520404552653,-1.5041044747965095,0.0011554259758395011,-1.3267204090965414,2.208800254273827,0,-1.3267204090965414,2.208800254273827,0,0.044186657153054129,0.025485156252726626,-0.0010560551872656405,0.044246076880672641,0.025473870984532604,-0.0010368494459518248,-0.30365692941944616,1.4779878671597515,0.00035614563025526165,-0.30339811733593791,1.478630603811977,-0.00011857652988767617,-0.25947027226639202,1.5034730234124782,-0.00069990955701037887,-0.2591520404552653,1.5041044747965095,-0.0011554259758395011,0,0,0,0,0,0,0,0,0,0,0,0
control,0,16,80,85,160000000,160000000,0,-1,0.01,1,1,0,0,none,0,0,1,1,-0.088885540549760889,1.2847622329756183e-05,0.56576779733736027,0.99994850203320162,-1.0572203826284052e-05,-0.010148555054491509,-2.9971613707574894e-07,-0.077176023230311114,8.8194801167616085e-05,-0.012082987377016411,-0.00015439878451826289,-0.13584548151674539,-5.5944549582154037e-06,-1.3244755311941583,2.2116773572433517,0.00047124760004474381,-1.3244772641933686,2.2116738599226813,0.00049464120000691347,-0.058410297801646804,-0.051517390000708263,0.017108081168947738,-0.058430424226264974,-0.051470939168914216,0.016485885520868129,-0.24448513596203461,1.5194874610935498,-0.00064046136904751558,-0.24417424928071754,1.5201036495903164,-0.0010915980890003141,0.24448513596203461,-1.5194874610935498,0.00064046136904751558,0.24417424928071754,-1.5201036495903164,0.0010915980890003141,-1.3267204090965414,2.208800254273827,0,-1.3267204090965414,2.208800254273827,0,0.060676911873872447,0.042750849366765958,-0.00099677833846080997,0.060727897501323985,0.042723140967119669,-0.00097268663604548056,-0.30516204783590706,1.4767366117267839,0.00035631696941329434,-0.30490214678204153,1.4773805086231968,-0.00011891145295483359,-0.24448513596203461,1.5194874610935498,-0.00064046136904751558,-0.24417424928071754,1.5201036495903164,-0.0010915980890003141,0,0,0,0,0,0,0,0,0,0,0,0
control,0,17,85,90,170000000,170000000,0,-1,0.01,1,1,0,0,none,0,0,1,1,-0.089625734553423403,1.3699626239241403e-05,0.56565124291189151,0.99994167777202658,-1.1319191670017886e-05,-0.010800042881323441,-3.1872373193683376e-07,-0.07180753016125721,8.3081189036573897e-05,-0.011348958761185678,-0.00014579632194107204,-0.12642592563263971,-3.2585404775920443e-06,-1.3250894279540044,2.211125315912339,0.00062461591392783242,-1.3250913133097701,2.2111223192714564,0.00064151201030147116,-0.06362570287102795,-0.057828795132222902,0.014758842538928422,-0.063638016277321713,-0.057775295091875054,0.014087795978288438,-0.23098014124112759,1.5341737954530867,-0.00056880941895004066,-0.23067775217271896,1.5347748282599452,-0.0010161471226408727,0.23098014124112759,-1.5341737954530867,0.00056880941895004066,0.23067775217271896,-1.5347748282599452,0.0010161471226408727,-1.3267204090965414,2.208800254273827,0,-1.3267204090965414,2.208800254273827,0,0.075866780596097763,0.058842453036190567,-0.00092532690112477091,0.07590787497472716,0.05879816266625934,-0.00089684340200486324,-0.30684692183722534,1.4753313424168961,0.0003565174821747302,-0.30658562714744614,1.4759766655936859,-0.00011930372063600945,-0.23098014124112759,1.5341737954530867,-0.00056880941895004066,-0.23067775217271896,1.5347748282599452,-0.0010161471226408727,0,0,0,0,0,0,0,0,0,0,0,0
control,0,18,90,95,180000000,180000000,0,-1,0.01,1,1,0,0,none,0,0,1,1,-0.090308959285746934,1.4495963615838677e-05,0.56554270150021879,0.99993500045016614,-1.201890290762346e-05,-0.011401523151096873,-3.2710031906588011e-07,-0.065909511947138302,7.72293675285705e-05,-0.010505708664958181,-0.00013583864771204391,-0.11606759254898072,-1.2618074759596736e-06,-1.325747837065365,2.2105181296545884,0.00075490983961810888,-1.3257497971191745,2.2105157006159031,0.00076489400357557041,-0.067515344382406473,-0.062785643704299093,0.012369736338731526,-0.067519824866645747,-0.062725831122892886,0.011662785530228601,-0.21907154727247291,1.5473676575376312,-0.00048821790480391906,-0.21877833949233397,1.5479540762610362,-0.00093235068167755899,0.21907154727247291,-1.5473676575376312,0.00048821790480391906,0.21877833949233397,-1.5479540762610362,0.00093235068167755899,-1.3267204090965414,2.208800254273827,0,-1.3267204090965414,2.208800254273827,0,0.089602152199492913,0.073563960987311813,-0.00084495976882200904,0.089632393571565577,0.073503390579426148,-0.00081260747758410119,-0.30867369947196582,1.4738036965503194,0.00035674186401808998,-0.30841073306389954,1.47445068568161,-0.00011974320409345776,-0.21907154727247291,1.5473676575376312,-0.00048821790480391906,-0.21877833949233397,1.5479540762610362,-0.00093235068167755899,0,0,0,0,0,0,0,0,0,0,0,0
control,0,19,95,100,190000000,190000000,0,-1,0.01,1,1,0,0,none,0,0,1,1,-0.090930575180793755,1.5229947458406418e-05,0.56544315913462428,0.99992860950427587,-1.2665185474701679e-05,-0.011948880045079406,-3.2653717718188819e-07,-0.059591129190704362,7.0755562692110025e-05,-0.0095710530077372149,-0.00012473049687326899,-0.10496263645858997,4.0901796974869421e-07,-1.3264376775315478,2.2098692889128904,0.00086205163031529114,-1.3264396360477151,2.2098674857976346,0.0008648362397779667,-0.0701104943839157,-0.066396806677995635,0.0099959537210109681,-0.070107401411674139,-0.06633162841521191,0.0092655952878034561,-0.20883174706206964,1.5589520634103655,-0.00040142842867220971,-0.20854800205269045,1.5595247958844791,-0.00084295025133147893,0.20883174706206964,-1.5589520634103655,0.00040142842867220971,0.20854800205269045,-1.5595247958844791,0.00084295025133147893,-1.3267204090965414,2.208800254273827,0,-1.3267204090965414,2.208800254273827,0,0.10177296279595049,0.086766794348232867,-0.0007584131751451358,0.10179182553159508,0.08669066433712655,-0.00072273063632356284,-0.31060470985802013,1.4721852690621327,0.00035698474647292608,-0.31033982758428552,1.4728341315473525,-0.00012021961500791612,-0.20883174706206964,1.5589520634103655,-0.00040142842867220971,-0.20854800205269045,1.5595247958844791,-0.00084295025133147893,0,0,0,0,0,0,0,0,0,0,0,0
control,0,20,100,105,200000000,200000000,0,-1,0.01,1,1,0,0,none,0,0,1,1,-0.091487018657010283,1.5896058727067258e-05,0.56535342103651376,0.99992263323686159,-1.3252924028475088e-05,-0.01243894549063271,-3.1862237572047592e-07,-0.052958725399231507,6.377669368807357e-05,-0.0085631980220166534,-0.00011268005738923395,-0.093298502031814126,1.7778269576819009e-06,-1.3271463108545511,2.2091920407071162,0.00094643949032715809,-1.3271481954570741,2.2091909114291766,0.00094185811961613357,-0.071464597567462707,-0.068697211019135979,0.0076811971227677706,-0.071454408909120318,-0.068627772308797866,0.0069392815168031492,-0.20029547282087978,1.5688513829849675,-0.00031075086647865965,-0.20002113764677015,1.5694116829053808,-0.00075024427275720642,0.20029547282087978,-1.5688513829849675,0.00031075086647865965,0.20002113764677015,-1.5694116829053808,0.00075024427275720642,-1.3267204090965414,2.208800254273827,0,-1.3267204090965414,2.208800254273827,0,0.11230771744731066,0.098344379329233719,-0.000667991703236536,0.11231504969007222,0.09825377259900181,-0.00062952151172499752,-0.31260319026819045,1.4705070036557337,0.00035724083675787635,-0.31233618733684237,1.471157910306379,-0.00012072276103220893,-0.20029547282087978,1.5688513829849675,-0.00031075086647865965,-0.20002113764677015,1.5694116829053808,-0.00075024427275720642,0,0,0,0,0,0,0,0,0,0,0,0
control,0,21,105,110,210000000,210000000,0,-1,0.01,1,1,0,0,none,0,0,1,1,-0.091975768352575801,1.6489944111026507e-05,0.5652741092466419,0.99991718483945946,-1.3778045993618664e-05,-0.012869470571967467,-3.0480236608946286e-07,-0.046114914159519557,5.640886394850679e-05,-0.007500483210754175,-9.9895594263296387e-05,-0.08125629342929,2.8743427115509223e-06,-1.3278617342404038,2.2084991573451718,0.001008846170223015,-1.3278634782684469,2.2084987381280534,0.00099684629759700001,-0.071648401691872005,-0.069742986278011176,0.0054598074288286702,-0.07163175774604176,-0.069670498227543523,0.0047173913877374069,-0.19346537130462271,1.5770263358721923,-0.00021813919422852953,-0.19320012345619836,1.5775757166480591,-0.00065616620940879273,0.19346537130462271,-1.5770263358721923,0.00021813919422852953,0.19320012345619836,-1.5775757166480591,0.00065616620940879273,-1.3267204090965414,2.208800254273827,0,-1.3267204090965414,2.208800254273827,0,0.12116850426415605,0.10822764256087927,-0.00057564422250833808,0.12116446668192782,0.10812394109059803,-0.0005349234586659703,-0.31463387556877875,1.4687986933113131,0.00035750502827980855,-0.31436459013812618,1.469451775557461,-0.00012124275074282238,-0.19346537130462271,1.5770263358721923,-0.00021813919422852953,-0.19320012345619836,1.5775757166480591,-0.00065616620940879273,0,0,0,0,0,0,0,0,0,0,0,0
control,0,22,110,115,220000000,220000000,0,-1,0.01,1,1,0,0,none,0,0,1,1,-0.09239530258592088,1.7008399500320721e-05,0.56520566296188202,0.99991235931852418,-1.4237512063157289e-05,-0.013239089065112224,-2.863636294341342e-07,-0.039157726439967629,4.8765985594996735e-05,-0.0064011031300907238,-8.6582436697063255e-05,-0.069009237111014018,3.7306241558859088e-06,-1.3285727294652965,2.207802749070396,0.001050336441791591,-1.3285742733098922,2.2078030636758927,0.0010309709295130414,-0.07074582520249742,-0.069607369368243174,0.0033584933687771509,-0.070723480027385099,-0.069533098913429042,0.0026257355789664669,-0.18831688942315389,1.5834696889588435,-0.0001252531148398435,-0.18806019616259814,1.5840098564995915,-0.00056234821374013275,0.18831688942315389,-1.5834696889588435,0.0001252531148398435,0.18806019616259814,-1.5840098564995915,0.00056234821374013275,-1.3267204090965414,2.208800254273827,0,-1.3267204090965414,2.208800254273827,0,0.12834658222880668,0.1163811164935368,-0.00048302560097633482,0.12833159060128682,0.11626593554535443,-0.00044057805780223572,-0.31666347165196057,1.4670885724653067,0.00035777248613649132,-0.31639178676388496,1.4677439209542371,-0.00012177015593789706,-0.18831688942315389,1.5834696889588435,-0.0001252531148398435,-0.18806019616259814,1.5840098564995915,-0.00056234821374013275,0,0,0,0,0,0,0,0,0,0,0,0
control,0,23,115,120,230000000,230000000,0,-1,0.01,1,1,0,0,none,0,0,1,1,-0.092745048743893818,1.7449340495528259e-05,0.56514834171458972,0.99990823137030493,-1.4629292952959824e-05,-0.013547273667526125,-2.6442862821735071e-07,-0.032179834418795364,4.0958537173609281e-05,-0.0052828209671448734,-7.2940329120822056e-05,-0.056721270490806518,4.3786175752779554e-06,-1.3292689743171011,2.2071141141518815,0.0010721997399753768,-1.3292702663073084,2.2071151735812453,0.0010456174799447898,-0.068850487860034545,-0.068377182650208451,0.0013977060771166927,-0.068823267053673712,-0.068302407387697453,0.00068379937888127609,-0.18480251612612106,1.5882024425227812,-3.3506514446185129e-05,-0.18455368750079773,1.5887352309075193,-0.00047017135094938888,0.18480251612612106,-1.5882024425227812,3.3506514446185129e-05,0.18455368750079773,-1.5887352309075193,0.00047017135094938888,-1.3267204090965414,2.208800254273827,0,-1.3267204090965414,2.208800254273827,0,0.13385851443676802,0.12279945543865815,-0.00039154522584844767,0.13383318710971395,0.12267457939252616,-0.00034787521292750076,-0.31866103056288908,1.465402987084123,0.00035803871140226254,-0.31838687461051168,1.4660606515149932,-0.00012229613802188812,-0.18480251612612106,1.5882024425227812,-3.3506514446185129e-05,-0.18455368750079773,1.5887352309075193,-0.00047017135094938888,0,0,0,0,0,0,0,0,0,0,0,0
control,0,24,120,125,240000000,240000000,0,-1,0.01,1,1,0,0,none,0,0,1,1,-0.093025325439736434,1.7811761264795128e-05,0.56510223139275018,0.99990485420375752,-1.4952334130031296e-05,-0.013794285633317499,-2.3996145415160759e-07,-0.025267864237511723,3.3092450392823996e-05,-0.0041626878075750641,-5.9161120820793994e-05,-0.044545782177740564,4.848546490960333e-06,-1.3299411226616227,2.2064436214506689,0.0010758947907506509,-1.3299421195695058,2.2064454240630003,0.0010423308427210762,-0.066062808019878447,-0.066149756923825312,-0.00040727961061940918,-0.066031573523455428,-0.066075725903371685,-0.0010941460552406665,-0.18285546663377317,1.5912703613715684,5.5895130862476162e-05,-0.18261370142340594,1.5917976735177597,-0.00038080449419577149,0.18285546663377317,-1.5912703613715684,-5.5895130862476162e-05,0.18261370142340594,-1.5917976735177597,0.00038080449419577149,-1.3267204090965414,2.208800254273827,0,-1.3267204090965414,2.208800254273827,0,0.13774277481079261,0.12750422926363544,-0.0003024044566942248,0.13770788596075567,0.12737155138497816,-0.00025799195005428953,-0.32059824144456578,1.4637661321079329,0.00035829958755670096,-0.32032158738416161,1.4644261221327814,-0.00012281254414148196,-0.18285546663377317,1.5912703613715684,5.5895130862476162e-05,-0.18261370142340594,1.5917976735177597,-0.00038080449419577149,0,0,0,0,0,0,0,0,0,0,0,0
control,0,25,125,130,250000000,250000000,0,-1,0.01,1,1,0,0,none,0,0,1,1,-0.093237278384831992,1.8095683034115313e-05,0.56506725296668781,0.99990225926861387,-1.5206510107034309e-05,-0.01398111863330849,-2.1377956843630741e-07,-0.018501806456715102,2.5268124894101564e-05,-0.0030567801923550453,-4.5426773414202326e-05,-0.032624523170946843,5.1679452929546625e-06,-1.3305808582422134,2.2058006215669375,0.0010630036363906664,-1.3305815254737965,2.2058031535521363,0.0010227691231852127,-0.062487572561338606,-0.063030207870222787,-0.0020455194066233079,-0.062453193968260982,-0.062958108858605505,-0.002698174036015316,-0.18239289986271989,1.5927407525704367,0.00014192629140090071,-0.1821573244914636,1.5932645072492007,-0.00029523401291589829,0.18239289986271989,-1.5927407525704367,-0.00014192629140090071,0.1821573244914636,-1.5932645072492007,0.00029523401291589829,-1.3267204090965414,2.208800254273827,0,-1.3267204090965414,2.208800254273827,0,0.14005674859007144,0.13054090428800844,-0.00021662512058603451,0.14001318747945218,0.13040237194819643,-0.00017192203515479802,-0.32244964845279134,1.4621998482824283,0.00035855141198693521,-0.32217051197091578,1.4628621353010043,-0.00012331197776110025,-0.18239289986271989,1.5927407525704367,0.00014192629140090071,-0.1821573244914636,1.5932645072492007,-0.00029523401291589829,0,0,0,0,0,0,0,0,0,0,0,0
control,0,26,130,135,260000000,260000000,0,-1,0.01,1,1,0,0,none,0,0,1,1,-0.093382810986816459,1.8302093482275552e-05,0.56504317367490997,0.99990045681047091,-1.5392569803411459e-05,-0.01410943773673755,-1.8656890318104501e-07,-0.011954529827695619,1.757956932996828e-05,-0.0019799663630636548,-3.1907669228540034e-05,-0.021086702313832716,5.3611755942335962e-06,-1.3311809264336436,2.2051933834271469,0.0010351929980593354,-1.3311812379674546,2.2051966195684578,0.00098866496663533579,-0.058231894064815909,-0.059129001820084015,-0.0035097392965623398,-0.058195225794830739,-0.059059935080512556,-0.0041220233870435229,-0.18331875529714181,1.5926994251874085,0.00022371998050386808,-0.18308845613469746,1.5932215110630883,-0.00021428616817844846,0.18331875529714181,-1.5926994251874085,-0.00022371998050386808,0.18308845613469746,-1.5932215110630883,0.00021428616817844846,-1.3267204090965414,2.208800254273827,0,-1.3267204090965414,2.208800254273827,0,0.14087404914245,0.13197595289028721,-0.00013507093458968358,0.14082278514320387,0.13183351908519891,-9.0498320638424557e-05,-0.32419280443959181,1.4607234722971212,0.00035879091509355166,-0.32391124127790133,1.4613879919778894,-0.00012378784754002391,-0.18331875529714181,1.5926994251874085,0.00022371998050386808,-0.18308845613469746,1.5932215110630883,-0.00021428616817844846,0,0,0,0,0,0,0,0,0,0,0,0
control,0,27,135,140,270000000,270000000,0,-1,0.01,1,1,0,0,none,0,0,1,1,-0.093464510725533481,1.8432878294662587e-05,0.56502962033300064,0.99989943714704521,-1.5512074389431586e-05,-0.014181514459807141,-1.5890031774130869e-07,-0.0056914011710705063,1.0113667034001765e-05,-0.00094570901042882304,-1.8761203194322539e-05,-0.010048273695079501,5.4492919374964227e-06,-1.3317351474103831,2.2046290537040472,0.00099418138351331726,-1.3317350855381553,2.2046329583667634,0.00094179279379397705,-0.053403485133247858,-0.054559765009132517,-0.0047958160412217583,-0.053365348734355438,-0.054494723307415831,-0.0053625645882395441,-0.18552627996901794,1.5912477898396387,0.00030055165617286857,-0.18530032966011561,1.5917700267038974,-0.00013864400641623036,0.18552627996901794,-1.5912477898396387,-0.00030055165617286857,0.18530032966011561,-1.5917700267038974,0.00013864400641623036,-1.3267204090965414,2.208800254273827,0,-1.3267204090965414,2.208800254273827,0,0.14028208746597209,0.13189405435105661,-5.846361299290722e-05,0.14022414040090003,0.13174963584588634,-1.4409608726215868e-05,-0.32580836743499003,1.4593537354885819,0.00035901526916577579,-0.32552447006101565,1.4600203908580112,-0.0001242343976900145,-0.18552627996901794,1.5912477898396387,0.00030055165617286857,-0.18530032966011561,1.5917700267038974,-0.00013864400641623036,0,0,0,0,0,0,0,0,0,0,0,0
control,0,28,140,145,280000000,280000000,0,-1,0.01,1,1,0,0,none,0,0,1,1,-0.093485572371858505,1.8490746112985144e-05,0.56502609436706452,0.99989917254006366,-1.5567328951662325e-05,-0.014200158849046402,-1.3124599656796454e-07,0.00022998820361002623,2.9495645953358474e-06,3.4090262971861918e-05,-6.1306425923896501e-06,0.00038858121172601052,5.4501482895274676e-06,-1.3322384135598786,2.2041136368299017,0.00094171073715223368,-1.3322379684764194,2.2041181651169568,0.00088394070167652607,-0.048109191552478635,-0.049437305800446099,-0.0059023633234931271,-0.048070362371306817,-0.049377160135954293,-0.0064193751494533496,-0.18890030479686679,1.5885000752761886,0.00037182703389756355,-0.18867778336470251,1.5890241822898434,-6.8860175473811359e-05,0.18890030479686679,-1.5885000752761886,-0.00037182703389756355,0.18867778336470251,-1.5890241822898434,6.8860175473811359e-05,-1.3267204090965414,2.208800254273827,0,-1.3267204090965414,2.208800254273827,0,0.13837984088876396,0.13039536802777263,1.2604945028986262e-05,0.13831625611549583,0.13025081008637365,5.5786546969709703e-05,-0.32728014568563074,1.4581047072484161,0.00035922208886857729,-0.32699403948019834,1.4587733722034697,-0.00012464672244352106,-0.18890030479686679,1.5885000752761886,0.00037182703389756355,-0.18867778336470251,1.5890241822898434,-6.8860175473811359e-05,0,0,0,0,0,0,0,0,0,0,0,0
control,0,29,145,150,290000000,290000000,0,-1,0.01,1,1,0,0,none,0,0,1,1,-0.093449719109956947,1.8479148106574819e-05,0.56503198813547761,0.9998996195254849,-1.5561309256522984e-05,-0.014168649569612756,-1.0399485460484541e-07,0.0057599901871939578,-3.8418166717041845e-06,0.0009492018600311381,5.8557557064833042e-06,0.010135777069802916,5.3786573712873884e-06,-1.3326866734482588,2.2036519936091357,0.00087952172374953358,-1.3326858427299628,2.2036570926299972,0.00081688608963890227,-0.042453735132328918,-0.043875828751067672,-0.006830399794821777,-0.042414932609022085,-0.043821319201012524,-0.0072943997334296937,-0.19331932119306613,1.5845806509225622,0.00043707289751771655,-0.19309933271049859,1.5851082214602807,-5.3666070503275158e-06,0.19331932119306613,-1.5845806509225622,-0.00043707289751771655,0.19309933271049859,-1.5851082214602807,5.3666070503275158e-06,-1.3267204090965414,2.208800254273827,0,-1.3267204090965414,2.208800254273827,0,0.13527577491910123,0.12759287110289733,7.7663472616228818e-05,0.13520760251458983,0.12744991852747609,0.00011965415977981402,-0.32859509611216736,1.4569877798196649,0.00035940942490148773,-0.32830693522508841,1.4576583029328047,-0.00012502076683014153,-0.19331932119306613,1.5845806509225622,0.00043707289751771655,-0.19309933271049859,1.5851082214602807,-5.3666070503275158e-06,0,0,0,0,0,0,0,0,0,0,0,0
control,0,30,150,155,300000000,300000000,0,-1,0.01,1,1,0,0,none,0,0,1,1,-0.093361122608099756,1.840219340268285e-05,0.56504660208663715,0.99990072156045118,-1.5497584850014464e-05,-0.014090662962003503,-7.7466376188597684e-08,0.010856965425681753,-1.0198147865214269e-05,0.0017911339624118242,1.7085386958239543e-05,0.019119457623398235,5.2471440064591036e-06,-1.3330769042331907,2.2032478566056009,0.00080933197343940921,-1.3330756922376665,2.2032534668113088,0.00074237431365433543,-0.036538634939002217,-0.037987328776596031,-0.0075830664502614716,-0.036500515886641029,-0.037939059769053984,-0.0079916618016665723,-0.19865738640682312,1.5796214566346665,0.00049592948262013438,-0.19843907193813495,1.5801539391557318,5.1517480372158557e-05,0.19865738640682312,-1.5796214566346665,-0.00049592948262013438,0.19843907193813495,-1.5801539391557318,-5.1517480372158557e-05,-1.3267204090965414,2.208800254273827,0,-1.3267204090965414,2.208800254273827,0,0.13108589404829452,0.12360976518360758,0.00013635373048125087,0.13101417152346276,0.12347003920379857,0.00017687079598702801,-0.32974328045511764,1.4560116914510588,0.00035957575213888345,-0.32945324346159771,1.4566838999519331,-0.00012535331561486945,-0.19865738640682312,1.5796214566346665,0.00049592948262013438,-0.19843907193813495,1.5801539391557318,5.1517480372158557e-05,0,0,0,0,0,0,0,0,0,0,0,0
control,0,31,155,160,310000000,310000000,0,-1,0.01,1,1,0,0,none,0,0,1,1,-0.093224322992446415,1.8264561472842585e-05,0.56506916231474058,0.99990241184867135,-1.5380239548933344e-05,-0.013970201954747866,-5.1922583734896344e-08,0.015487256393896982,-1.6065954676500633e-05,0.0025531554055823525,2.7461733837787778e-05,0.027279958358611581,5.0657339197070349e-06,-1.3334070742147812,2.2029038604836506,0.00073281707523384799,-1.333405491428526,2.20290991702822,0.00066210013562519108,-0.03046128429636024,-0.031880168320207174,-0.0081653546807222144,-0.030424438647068321,-0.031838607587695057,-0.0085169878466852984,-0.20478587548176824,1.5737595626632792,0.00054814256479865386,-0.20456842286247953,1.5742982468626512,0.00010157737968431149,0.20478587548176824,-1.5737595626632792,-0.00054814256479865386,0.20456842286247953,-1.5742982468626512,-0.00010157737968431149,-1.3267204090965414,2.208800254273827,0,-1.3267204090965414,2.208800254273827,0,0.12593190786341779,0.11857697796242718,0.00018842261146595634,0.12585764595441787,0.11844195832882595,0.00022721935164670765,-0.33071778334518603,1.4551825847008519,0.00035971995333269755,-0.3304260688168974,1.4558562885338253,-0.00012564197196239616,-0.20478587548176824,1.5737595626632792,0.00054814256479865386,-0.20456842286247953,1.5742982468626512,0.00010157737968431149,0,0,0,0,0,0,0,0,0,0,0,0
control,0,32,160,165,320000000,320000000,0,-1,0.01,1,1,0,0,none,0,0,1,1,-0.093044149662159653,1.8071412665008241e-05,0.56509883809312167,0.99990461621433202,-1.5213790424115437e-05,-0.013811525687273807,-2.7578275250078023e-08,0.019625066244316092,-2.1400748955083958e-05,0.0032302773020324183,3.6904570810499702e-05,0.034571595573195772,4.8426667285209386e-06,-1.3336760968260473,2.2026215855270088,0.00065159385333754224,-1.3336741591856447,2.2026280196226153,0.00057769149030088027,-0.024314143343943266,-0.025657834525612495,-0.0085838978005711442,-0.024279092776315361,-0.025623314835899174,-0.0088777957074214278,-0.21157512836220055,1.5671348735478139,0.00059355803334846158,-0.21135777799166736,1.5676808807327005,0.00014469721099462168,0.21157512836220055,-1.5671348735478139,-0.00059355803334846158,0.21135777799166736,-1.5676808807327005,-0.00014469721099462168,-1.3267204090965414,2.208800254273827,0,-1.3267204090965414,2.208800254273827,0,0.11993946776998489,0.11263077675023668,0.00023371673402729456,0.11986364023371218,0.11250178806838843,0.00027058233828080734,-0.33151459613218542,1.4545040967975773,0.00035984129932116699,-0.33122141822537954,1.455179092664312,-0.00012588512728618567,-0.21157512836220055,1.5671348735478139,0.00059355803334846158,-0.21135777799166736,1.5676808807327005,0.00014469721099462168,0,0,0,0,0,0,0,0,0,0,0,0
control,0,33,165,170,330000000,330000000,0,-1,0.01,1,1,0,0,none,0,0,1,1,-0.092825643836143862,1.7828298156090159e-05,0.5651347589985215,0.99990725590756802,-1.5003106602855104e-05,-0.013619080670331069,-4.6093460050822692e-09,0.023252252772678166,-2.6167048620870102e-05,0.0038191979865066124,4.5349894829677697e-05,0.040962297620536312,4.5847907382590741e-06,-1.3338837772568937,2.2024016126350423,0.00056720565999125955,-1.3338815054625006,2.202408352884563,0.00049069527693337248,-0.018184052637952575,-0.019417846071529465,-0.0088467764022983619,-0.018151249360182996,-0.019390568172391612,-0.009082901365067635,-0.21889597343413347,1.5598879475780687,0.00063211654863112041,-0.2186780240146354,1.5604422230596355,0.00018085456161355973,0.21889597343413347,-1.5598879475780687,-0.00063211654863112041,0.2186780240146354,-1.5604422230596355,-0.00018085456161355973,-1.3267204090965414,2.208800254273827,0,-1.3267204090965414,2.208800254273827,0,0.11323649688115568,0.10591046877271029,0.00027217712211754022,0.11316003043178471,0.10578866892975461,0.00030693648517337007,-0.33213247031528914,1.4539774788053583,0.00035993942651358013,-0.33183805444642012,1.4546535541298808,-0.00012608192355981034,-0.21889597343413347,1.5598879475780687,0.00063211654863112041,-0.2186780240146354,1.5604422230596355,0.00018085456161355973,0,0,0,0,0,0,0,0,0,0,0,0
control,0,34,170,175,340000000,340000000,0,-1,0.01,1,1,0,0,none,0,0,1,1,-0.092573983628863127,1.7541070132492882e-05,0.56517603129050098,0.99991025024184821,-1.4753328524988142e-05,-0.013397434217956073,1.684120765104538e-08,0.02635804556096339,-3.0338319381156762e-05,0.0043182164290104198,5.2749807868353377e-05,0.046433094679758133,4.2979077673626663e-06,-1.3340307527740047,2.2022435884817559,0.00048110933445023895,-1.3340281715831046,2.2022505621530475,0.00040256484146122069,-0.012151640531337497,-0.013250803273456194,-0.0089633527116151322,-0.012121465228893473,-0.013230844257136463,-0.0091423468510620932,-0.22662115904563304,1.5521579350523367,0.00066384914749063537,-0.22640197494069367,1.5527212492407572,0.00021011568095810894,0.22662115904563304,-1.5521579350523367,-0.00066384914749063537,0.22640197494069367,-1.5527212492407572,-0.00021011568095810894,-1.3267204090965414,2.208800254273827,0,-1.3267204090965414,2.208800254273827,0,0.10595158492656589,0.098556194415036741,0.0003038348352456849,0.1058753476820983,0.098442571835058612,0.00033634789011473851,-0.33257274397219894,1.4536017406372999,0.00036001431224495052,-0.33227732262279197,1.4542786774056986,-0.00012623220915662956,-0.22662115904563304,1.5521579350523367,0.00066384914749063537,-0.22640197494069367,1.5527212492407572,0.00021011568095810894,0,0,0,0,0,0,0,0,0,0,0,0
control,0,35,175,180,350000000,350000000,0,-1,0.01,1,1,0,0,none,0,0,1,1,-0.092294412378343793,1.7215793148892149e-05,0.56522175326382929,0.9999135189829097,-1.4469788450934251e-05,-0.01315121081266115,3.6658670190393278e-08,0.028938694052080466,-3.3896818849013974e-05,0.0047271197255913944,5.9072157708292673e-05,0.050977482458416226,3.9870801997607925e-06,-1.3341184276235527,2.2021462989480689,0.00039466417195157426,-1.3341155651444017,2.2021534331567185,0.0003146495028735185,-0.0062908174941048436,-0.0072396454409784459,-0.0089440382397511023,-0.006263580521424679,-0.0072269680512469497,-0.0090671681094044495,-0.23462669664575425,1.5440807502507619,0.00068886890885745634,-0.23440571059464266,1.5446537020551596,0.00023262706544978316,0.23462669664575425,-1.5440807502507619,-0.00068886890885745634,0.23440571059464266,-1.5446537020551596,-0.00023262706544978316,-1.3267204090965414,2.208800254273827,0,-1.3267204090965414,2.208800254273827,0,0.098212448565292557,0.090706932070564586,0.00032880266040208285,0.098137243356459777,0.090602305482171935,0.00035896355460816697,-0.33283914521104679,1.4533738181801972,0.00036006624845537355,-0.33254295395110245,1.4540513965729878,-0.00012633648915838381,-0.23462669664575425,1.5440807502507619,0.00068886890885745634,-0.23440571059464266,1.5446537020551596,0.00023262706544978316,0,0,0,0,0,0,0,0,0,0,0,0
control,0,36,180,185,360000000,360000000,0,-1,0.01,1,1,0,0,none,0,0,1,1,-0.091992170866543002,1.6858657705179463e-05,0.56527102934928863,0.99991698442936117,-1.4157933224644819e-05,-0.012885031984568829,5.4753085347561856e-08,0.030997054933570696,-3.6833333664079925e-05,0.005047050436919439,6.4300035483798657e-05,0.054600675963380182,3.6567913475788229e-06,-1.3341489034811722,2.2021077490565579,0.00030912289856574915,-1.3341457904877168,2.2021149718591353,0.00022818607167885658,-0.00066837125379915819,-0.0014590668070882393,-0.0088001070300529616,-0.00064431535276163361,-0.0014535283019318163,-0.0088692098287469958,-0.24279308732720922,1.5357874214294036,0.00070736429607006293,-0.24256980087770058,1.5363704418184567,0.00024860879877129383,0.24279308732720922,-1.5357874214294036,-0.00070736429607006293,0.24256980087770058,-1.5363704418184567,-0.00024860879877129383,-1.3267204090965414,2.208800254273827,0,-1.3267204090965414,2.208800254273827,0,0.09014448949626809,0.082498662817860974,0.00034726848193292333,0.090071049723246324,0.082403681429197934,0.00037500466993369285,-0.3329375768234773,1.4532887586115426,0.00036009581413713959,-0.33264085060094689,1.4539667603892588,-0.00012639587116239901,-0.24279308732720922,1.5357874214294036,0.00070736429607006293,-0.24256980087770058,1.5363704418184567,0.00024860879877129383,0,0,0,0,0,0,0,0,0,0,0,0
control,0,37,185,190,370000000,370000000,0,-1,0.01,1,1,0,0,none,0,0,1,1,-0.091672433987098553,1.6475897045946304e-05,0.56532298279690729,0.99992057314558513,-1.3823250029732451e-05,-0.012603460204158862,7.1056514803736338e-08,0.032542127461379251,-3.9146819018633141e-05,0.0052803596541107865,6.84311006615487e-05,0.057318769921711699,3.3110980018639509e-06,-1.3341249063908225,2.2021252478248527,0.00022562446333153745,-1.3341215756654088,2.2021324892181879,0.0001442921889080754,0.0046563480708850845,0.004024907927152651,-0.0085435082263953469,0.0046770450492558072,0.0040235458595134395,-0.0085609364642083227,-0.25100644074950973,1.5274026355734749,0.00071959191925140861,-0.25078042464568939,1.5279959935707603,0.00025834715896825167,0.25100644074950973,-1.5274026355734749,-0.00071959191925140861,0.25078042464568939,-1.5279959935707603,-0.00025834715896825167,-1.3267204090965414,2.208800254273827,0,-1.3267204090965414,2.208800254273827,0,0.081869445425045012,0.074062715496961778,0.00035948807232030614,0.081798431252524575,0.073977861878398332,0.0003847591665379935,-0.33287588617455477,1.4533399200765131,0.00036010384693110252,-0.33257885589821395,1.4540181316923619,-0.00012641200756974185,-0.25100644074950973,1.5274026355734749,0.00071959191925140861,-0.25078042464568939,1.5279959935707603,0.00025834715896825167,0,0,0,0,0,0,0,0,0,0,0,0
control,0,38,190,195,380000000,380000000,0,-1,0.01,1,1,0,0,none,0,0,1,1,-0.091340252328417568,1.6073708032252155e-05,0.56537676683280447,0.99992421732720904,-1.347119595473226e-05,-0.012310947205188579,8.5521027756886004e-08,0.033588545471474572,-4.0843961790595132e-05,0.0054304513763904702,7.1476762771900822e-05,0.059157822588939854,2.9537712458087456e-06,-1.3340497110822094,2.2021954964714028,0.00014518863108670945,-1.3340461967877277,2.2022026892899427,6.3961476380150747e-05,0.0096316546223208701,0.0091551932782597024,-0.0081866817837663534,0.0096488766831475357,0.0091472540529374154,-0.0081552472711147236,-0.25915948244348441,1.5190434855784307,0.00072586891402832954,-0.25893037650539213,1.5196472960114671,0.0002621868854072141,0.25915948244348441,-1.5190434855784307,-0.00072586891402832954,0.25893037650539213,-1.5196472960114671,-0.0002621868854072141,-1.3267204090965414,2.208800254273827,0,-1.3267204090965414,2.208800254273827,0,0.073504141894534053,0.065524303711700843,0.00036577749986230483,0.073436137269514326,0.065449898727205566,0.00038857392064169094,-0.33266362433801844,1.4535191818667299,0.00036009141416602476,-0.33236651377490645,1.4541973972842615,-0.00012638703523447682,-0.25915948244348441,1.5190434855784307,0.00072586891402832954,-0.25893037650539213,1.5196472960114671,0.0002621868854072141,0,0,0,0,0,0,0,0,0,0,0,0
control,0,39,195,200,390000000,390000000,0,-1,0.01,1,1,0,0,none,0,0,1,1,-0.091000499052476577,1.5658176810318507e-05,0.56543157423418466,0.99992785579738008,-1.3107131995524779e-05,-0.012011787071395786,9.8117295737669561e-08,0.034156034833342341,-4.1938673808708493e-05,0.0055016233483937268,7.3461246246371798e-05,0.060152879522158108,2.5884026660226473e-06,-1.3339270635469931,2.2023146784693624,6.8712342695043596e-05,-1.3339234006317564,2.2023217591768116,-1.1939539124217536e-05,0.014213665465411234,0.013883765234371856,-0.0077423776603179496,0.014227355082424294,0.013869646654867751,-0.00766529488527807,-0.2671524432254121,1.5108184230781139,0.00072656496380509592,-0.26691995563728949,1.5114326556575859,0.00026052309267484786,0.2671524432254121,-1.5108184230781139,-0.00072656496380509592,0.26691995563728949,-1.5114326556575859,-0.00026052309267484786,-1.3267204090965414,2.208800254273827,0,-1.3267204090965414,2.208800254273827,0,0.06515935520730301,0.057001261802017741,0.00036650518020738438,0.065094865798943261,0.056937471181882797,0.00038684660600116878,-0.33231179843271513,1.4538171612760962,0.00036005978359771154,-0.33201482143623273,1.454495184475703,-0.00012632351332632095,-0.2671524432254121,1.5108184230781139,0.00072656496380509592,-0.26691995563728949,1.5114326556575859,0.00026052309267484786,0,0,0,0,0,0,0,0,0,0,0,0
control,0,40,200,205,400000000,400000000,0,-1,0.01,1,1,0,0,none,0,0,1,1,-0.09065782236279743,1.5235209925067544e-05,0.56548664531509996,0.99993143464777068,-1.2736262035806888e-05,-0.011710074339130769,1.0883361496946993e-07,0.0342688449838639,-4.245152373469723e-05,0.005498908923823361,7.4420554561190408e-05,0.060346953479592944,2.2184735637913312e-06,-1.3337611027520102,2.2024785500275015,-3.0322020880495221e-06,-1.3337573263905975,2.2024854594012959,-8.2672773362434175e-05,0.018366351322263042,0.018171645243859863,-0.0072234802853305717,0.018376505733926112,0.018151808726202555,-0.0071043092664311866,-0.27489382412952812,1.5028264165015199,0.0007220940689714935,-0.27465773016300388,1.5034509059563863,0.00025379293510593916,0.27489382412952812,-1.5028264165015199,-0.0007220940689714935,0.27465773016300388,-1.5034509059563863,-0.00025379293510593916,-1.3267204090965414,2.208800254273827,0,-1.3267204090965414,2.208800254273827,0,0.056938796882230761,0.048602983090116195,0.00036208367489294347,0.056878248927783898,0.04854982538106889,0.00038001729533028965,-0.33183262101175887,1.4542234334114037,0.00036001039407855003,-0.3315359790907878,1.4549010805753173,-0.00012622436022435046,-0.27489382412952812,1.5028264165015199,0.0007220940689714935,-0.27465773016300388,1.5034509059563863,0.00025379293510593916,0,0,0,0,0,0,0,0,0,0,0,0
control,0,41,205,210,410000000,410000000,0,-1,0.01,1,1,0,0,none,0,0,1,1,-0.090316603769927117,1.4810471434109187e-05,0.5655412743572481,0.99993490755122605,-1.2363577261741705e-05,-0.011409667289180163,1.1767518810356944e-07,0.033955162962531239,-4.2409117252249773e-05,0.0054279238439682402,7.4401350600068964e-05,0.059789975995682608,1.847390931790584e-06,-1.3335562823641245,2.2026825296769807,-6.9397801823934289e-05,-1.3335524274370163,2.2026892133857072,-0.00014762826764605581,0.022061499876813405,0.0219887566305744,-0.0066428402146584409,0.022068167109754379,0.021963716503558006,-0.0064854289561623148,-0.28230103079967017,1.4951563106221237,0.00071290617765280362,-0.2820611710084886,1.4957907676786635,0.00024246713787511449,0.28230103079967017,-1.4951563106221237,-0.00071290617765280362,0.2820611710084886,-1.4957907676786635,-0.00024246713787511449,-1.3267204090965414,2.208800254273827,0,-1.3267204090965414,2.208800254273827,0,0.048938229395776606,0.04042956021629316,0.00035296135128010233,0.048881969421066818,0.040386915902100071,0.00036855992810193251,-0.33123926019544681,1.4547267504058305,0.00035994482637270134,-0.33094314042955542,1.4554038517765635,-0.00012609279022681802,-0.28230103079967017,1.4951563106221237,0.00071290617765280362,-0.2820611710084886,1.4957907676786635,0.00024246713787511449,0,0,0,0,0,0,0,0,0,0,0,0
control,0,42,210,215,420000000,420000000,0,-1,0.01,1,1,0,0,none,0,0,1,1,-0.089980922280367692,1.4389326478428389e-05,0.56559481455458249,0.9999382357830191,-1.1993806381025271e-05,-0.011114156525661159,1.2466352172539549e-07,0.033246518056516648,-4.1843435653983536e-05,0.0052947210874482722,7.3459770652551867e-05,0.058537735396553922,1.4784962757074443e-06,-1.3333172933509163,2.2029217857565877,-0.00012986093288571646,-1.3333133939654063,2.2029281948317139,-0.00020632229131502394,0.025278593000223032,0.025313665395471873,-0.0060131150507897147,0.025281867648169153,0.025283978391495182,-0.0058215418016449192,-0.28930087247089109,1.4878863808305165,0.00069947880672973088,-0.28905715037005247,1.48853040384691,0.00022704152664995342,0.28930087247089109,-1.4878863808305165,-0.00069947880672973088,0.28905715037005247,-1.48853040384691,-0.00022704152664995342,-1.3267204090965414,2.208800254273827,0,-1.3267204090965414,2.208800254273827,0,0.041244721552164007,0.032571124113663516,0.00033961403240520067,0.04119301695412432,0.032538745718114534,0.00035297377747675314,-0.33054559402305511,1.455315256716853,0.00035986477432453027,-0.33025016732417678,1.4559916581287955,-0.00012593225082679972,-0.28930087247089109,1.4878863808305165,0.00069947880672973088,-0.28905715037005247,1.48853040384691,0.00022704152664995342,0,0,0,0,0,0,0,0,0,0,0,0
control,0,43,215,220,430000000,430000000,0,-1,0.01,1,1,0,0,none,0,0,1,1,-0.08965452455614685,1.3976791664337895e-05,0.56564668156757092,0.9999413879947191,-1.1631371928274922e-05,-0.01082683886873278,1.2983582594363049e-07,0.032177184769204302,-4.0791143030865156e-05,0.0051056562005312228,7.1660189489163714e-05,0.056650815102871732,1.1150531803237437e-06,-1.3330489883013743,2.2031913207143199,-0.00018401895330468773,-1.3330450773559808,2.2031974119186133,-0.00025839396828747206,0.028004600329325204,0.028133218394957669,-0.0053466216465508721,0.028004619111082801,0.028099473427010815,-0.0051251372536625711,-0.29582992226793087,1.4810840726002015,0.00068230878490444023,-0.29558230150219666,1.4817371596886391,0.00020802869190558851,0.29582992226793087,-1.4810840726002015,-0.00068230878490444023,0.29558230150219666,-1.4817371596886391,-0.00020802869190558851,-1.3267204090965414,2.208800254273827,0,-1.3267204090965414,2.208800254273827,0,0.033936049964006676,0.025107375121648574,0.00032253676831894991,0.03388909044664784,0.02508489812204804,0.00033377505316937019,-0.32976597223193754,1.4559766974785529,0.00035977201658549032,-0.32947139194884451,1.4566522615665911,-0.00012574636126378168,-0.29582992226793087,1.4810840726002015,0.00068230878490444023,-0.29558230150219666,1.4817371596886391,0.00020802869190558851,0,0,0,0,0,0,0,0,0,0,0,0
control,0,44,220,225,440000000,440000000,0,-1,0.01,1,1,0,0,none,0,0,1,1,-0.08934080101784489,1.3577492509239826e-05,0.56569635580262723,0.99994433978879316,-1.1280352850527493e-05,-0.010550696521586226,1.3324433071840248e-07,0.030783591361036651,-3.9292872266553023e-05,0.0048672647900857759,6.9073954258122073e-05,0.054193545048873061,7.6021981406254621e-07,-1.3327563082788452,2.2034860512769536,-0.00023158595163909822,-1.3327524170732543,2.2034917873728914,-0.00030360055178190593,0.030233692890261975,0.030442092567570727,-0.0046552014008333026,0.030230630008523558,0.030404900876351944,-0.0044081721333156798,-0.30183473750928153,1.4748059143228649,0.0006619042446385458,-0.30158323851204644,1.4754674758012394,0.00018594991918424806,0.30183473750928153,-1.4748059143228649,-0.0006619042446385458,0.30158323851204644,-1.4754674758012394,-0.00018594991918424806,-1.3267204090965414,2.208800254273827,0,-1.3267204090965414,2.208800254273827,0,0.027080250852251908,0.018107297111124132,0.0003022358555333946,0.027038150707769257,0.018094251496698806,0.00031148877220035575,-0.32891498836153343,1.4566986172117409,0.0003596683891051512,-0.32862138921981571,1.4573732243045405,-0.00012553885301610769,-0.30183473750928153,1.4748059143228649,0.0006619042446385458,-0.30158323851204644,1.4754674758012394,0.00018594991918424806,0,0,0,0,0,0,0,0,0,0,0,0
control,0,45,225,230,450000000,450000000,0,-1,0.01,1,1,0,0,none,0,0,1,1,-0.089042767794522387,1.3195628102347277e-05,0.56574338354492426,0.99994707314344355,-1.0944453479780566e-05,-0.010288381411186039,1.3495546743495741e-07,0.029103740680820014,-3.7392499881512611e-05,0.0045861531808351948,6.5778103108493239e-05,0.051232977930331269,4.1701263773577621e-07,-1.3324442129742289,2.2038008836782752,-0.00027238737801911858,-1.33244037086631,2.2038062336002286,-0.00034181148858538599,0.031966881801515121,0.032242269330088807,-0.0039501004334139668,0.031960944170027844,0.032202255025579968,-0.0036819517314115101,-0.30727194090454246,1.469097589713096,0.00063877699366975669,-0.30701663711929694,1.4697669608153054,0.00016132752029803226,0.30727194090454246,-1.469097589713096,-0.00063877699366975669,0.30701663711929694,-1.4697669608153054,-0.00016132752029803226,-1.3267204090965414,2.208800254273827,0,-1.3267204090965414,2.208800254273827,0,0.020735323829976719,0.011629043151488119,0.00027922123507643392,0.020698124982180502,0.011624865544810029,0.00028664103314619133,-0.32800726473451919,1.457468546561608,0.00035955575859332272,-0.32771476210147743,1.4581420952704953,-0.00012531351284815907,-0.30727194090454246,1.469097589713096,0.00063877699366975669,-0.30701663711929694,1.4697669608153054,0.00016132752029803226,0,0,0,0,0,0,0,0,0,0,0,0
control,0,46,230,235,460000000,460000000,0,-1,0.01,1,1,0,0,none,0,0,1,1,-0.08876305436053214,1.2834943031730487e-05,0.56578737707903537,0.99994957573613741,-1.0626978921107678e-05,-0.010042204547216218,1.3504887906306864e-07,0.027176649390469463,-3.5136419701911744e-05,0.0042689026250626108,6.1854085831432667e-05,0.0478379007842481,8.8263845634621114e-08,-1.332117614865191,2.2041307832800356,-0.00030635361391461954,-1.3321138489763003,2.2041357222146174,-0.00037300143425796929,0.033211589047778628,0.033542448530682452,-0.0032418663547345104,0.033203011391716095,0.033500239619855265,-0.0029570280072950569,-0.31210816683312387,1.4639941542584849,0.00061343539907114772,-0.31184918047672877,1.4646706079270417,0.00013467770167376809,0.31210816683312387,-1.4639941542584849,-0.00061343539907114772,0.31184918047672877,-1.4646706079270417,-0.00013467770167376809,-1.3267204090965414,2.208800254273827,0,-1.3267204090965414,2.208800254273827,0,0.014949085652126645,0.0057199791294723495,0.00025399940191111136,0.014916761469531713,0.0057240252807320702,0.00025975183064214362,-0.32705725248525053,1.4582741751290125,0.00035943599716003636,-0.32676594194626046,1.4589465826463097,-0.00012507412896837553,-0.31210816683312387,1.4639941542584849,0.00061343539907114772,-0.31184918047672877,1.4646706079270417,0.00013467770167376809,0,0,0,0,0,0,0,0,0,0,0,0
control,0,47,235,240,470000000,470000000,0,-1,0.01,1,1,0,0,none,0,0,1,1,-0.088503896641383611,1.2498706533931053e-05,0.56582801393259918,0.99995184021121231,-1.0330816793480195e-05,-0.0098141301941191694,1.3361624986713606e-07,0.025041811145734769,-3.2572824517204247e-05,0.0039219869429042275,5.7386502768509275e-05,0.04407789134444693,-2.2342047252488386e-07,-1.3317813180169091,2.2044708380597422,-0.00033351263566018649,-1.3317776529864587,2.2044753474394558,-0.00039724237981134916,0.033981157428143983,0.034357415696666706,-0.0025402606901204156,0.033970197302132313,0.034313635650496971,-0.0022431140284828936,-0.31631987751603563,1.4595203798828602,0.00058637778353919957,-0.31605737492273334,1.4602031395188733,0.00010650397458098119,0.31631987751603563,-1.4595203798828602,-0.00058637778353919957,0.31605737492273334,-1.4602031395188733,-0.00010650397458098119,-1.3267204090965414,2.208800254273827,0,-1.3267204090965414,2.208800254273827,0,0.0097591709021964401,0.00041687102401730125,0.00022706682520407673,0.0097316307258084114,0.00042842853670828351,0.00023132841536754943,-0.32607904841823204,1.4591035088588429,0.0003593109583351229,-0.32578900564854174,1.459774710982165,-0.00012482444078656824,-0.31631987751603563,1.4595203798828602,0.00058637778353919957,-0.31605737492273334,1.4602031395188733,0.00010650397458098119,0,0,0,0,0,0,0,0,0,0,0,0
control,0,48,240,245,480000000,480000000,0,-1,0.01,1,1,0,0,none,0,0,1,1,-0.088267135319357051,1.2189698733343696e-05,0.56586503537427091,0.99995386343220738,-1.0058425194325044e-05,-0.0096057746077279019,1.3075996500858443e-07,0.022738688592784616,-2.9751004453504081e-05,0.0035517030344331011,5.2461874946427976e-05,0.040022427289457999,-5.1569947580747756e-07,-1.3314399620781112,2.2048163155759961,-0.00035398194147057436,-1.3314364198678204,2.2048203829917448,-0.0004146950653669165,0.034294308776352075,0.034707376172550569,-0.0018541898725573133,0.034281241563604355,0.034662636068154513,-0.0015490175447459319,-0.3198930574710605,1.4556912109599698,0.00055808653073289791,-0.31962724408897258,1.4563794630288793,7.7291304153841276e-05,0.3198930574710605,-1.4556912109599698,-0.00055808653073289791,0.31962724408897258,-1.4563794630288793,-7.7291304153841276e-05,-1.3267204090965414,2.208800254273827,0,-1.3267204090965414,2.208800254273827,0,0.0051931726143093146,-0.0042537998848554276,0.00019890407606903797,0.0051702669099405324,-0.004235498717245198,0.00020185939684737154,-0.3250862300853698,1.4599450108448253,0.00035918245466385994,-0.32479751099891313,1.4606149617461246,-0.00012456809269353026,-0.3198930574710605,1.4556912109599698,0.00055808653073289791,-0.31962724408897258,1.4563794630288793,7.7291304153841276e-05,0,0,0,0,0,0,0,0,0,0,0,0
control,0,49,245,250,490000000,490000000,0,-1,0.01,1,1,0,0,none,0,0,1,1,-0.088054219024905622,1.1910203754376538e-05,0.56589824428960633,0.9999556457536829,-9.8118266870163509e-06,-0.009418409050785944,1.2659162228287743e-07,0.020306238389595371,-2.6720670271923168e-05,0.0031641133823210291,4.7167459787580585e-05,0.035740055333611277,-7.8653084851862916e-07,-1.3310979719308469,2.2051627131545826,-0.00036795991525068867,-1.331094571678509,2.2051663321929942,-0.00042559985981728858,0.034174560267985814,0.034617269038985099,-0.0011916534654016404,0.034159674216885871,0.034572160320360673,-0.00088259237292373472,-0.32282279646146622,1.4525123146737577,0.00052902288490786886,-0.32255391156760882,1.4532052210508066,4.750098438027444e-05,0.32282279646146622,-1.4525123146737577,-0.00052902288490786886,0.32255391156760882,-1.4532052210508066,-4.750098438027444e-05,-1.3267204090965414,2.208800254273827,0,-1.3267204090965414,2.208800254273827,0,0.0012689136096867976,-0.0082754101275446801,0.00016997064784528862,0.0012504396582817268,-0.008251175510547451,0.00017180957659137331,-0.32409171007115301,1.4607877248013024,0.00035905223706258029,-0.32380435122589052,1.4614563965613541,-0.00012430859221109888,-0.32282279646146622,1.4525123146737577,0.00052902288490786886,-0.32255391156760882,1.4532052210508066,4.750098438027444e-05,0,0,0,0,0,0,0,0,0,0,0,0
control,0,50,250,255,500000000,500000000,0,-1,0.01,1,1,0,0,none,0,0,1,1,-0.087866212061754434,1.1662009412397342e-05,0.56592750254827018,0.99995719034062414,-9.5926080454156998e-06,-0.0092529667703420953,1.2123042957979527e-07,0.017782472798256344,-2.3531308945958357e-05,0.0027649994371726602,4.1590124604422632e-05,0.031297625925544532,-1.0341964285757935e-06,-1.3307595133516588,2.20550580116244,-0.0003757167950050008,-1.3307562712736729,2.2055089711744005,-0.00043026727996546603,0.033649609175917007,0.034116072806354272,-0.00055970962982653536,0.033633200535523475,0.034071160702599398,-0.00025070758341086901,-0.3251127727935445,1.449980708946798,0.00049962249609267098,-1.5248410840062903,1.4506774188895302,1.7566290378314141e-05,0.3251127727935445,-1.449980708946798,-0.00049962249609267098,1.5248410840062903,-1.4506774188895302,-1.7566290378314141e-05,-1.3267204090965414,2.208800254273827,0,-1.4267204090965415,2.208800254273827,0,-0.0020051627024675334,-0.01164067187288758,0.00014070051999282701,-1.2020194546777085,-0.011611343860781088,0.00014161556316018325,-0.32310761009107697,1.4616213808196856,0.00035892197609984402,-0.32282162932858172,1.4622887627503112,-0.00012404927278186911,-0.3251127727935445,1.449980708946798,0.00049962249609267098,-1.5248410840062903,1.4506774188895302,1.7566290378314141e-05,0,0,0,0,0,0,0,0,0,0,0,0
control,0,51,255,260,510000000,510000000,0,-1,0.01,1,1,0,0,none,0,0,1,1,-0.087674066531050213,-4.7280956882990214e-06,0.56595430208068942,0.99995872295940069,-1.0236602748809221e-05,-0.0090851655929897208,0.00010972131065410208,0.020091052415512491,-0.0027410540726010664,0.0026840990316022895,-4.9063231181996683e-05,0.034996654991001429,0.033113306340719961,-1.3303279242013129,2.2058423793850799,-0.00042953947332456985,-1.3337551514024808,2.2073594384358173,0.0014743357031909926,0.047600027860615277,0.032076961132192425,-0.005486647138019619,-0.519263483216863,0.28608792653331389,0.31417677490089857,-0.35008652985744959,1.4499392417244259,0.00076197789575499475,-0.66223866980715884,1.0490432019525464,-0.01627489869721209,0.35008652985744959,-1.4499392417244259,-0.00076197789575499475,0.66223866980715884,-1.0490432019525464,0.01627489869721209,-1.3267204090965414,2.208800254273827,0,-1.4267204090965415,2.208800254273827,0,-0.028109860533665876,-0.012620943033323402,0.00040319419889835189,-0.33668786750343416,-0.41184209974385444,-0.016151139456002224,-0.32197666932378372,1.4625601847577494,0.00035878369685664281,-0.32555080230372468,1.460885301696401,-0.00012375924120986407,-0.35008652985744959,1.4499392417244259,0.00076197789575499475,-0.66223866980715884,1.0490432019525464,-0.01627489869721209,0,0,0,0,0,0,0,0,0,0,0,0
control,0,52,260,265,520000000,520000000,0,-1,0.01,1,1,0,0,none,0,0,1,1,-0.087477511319327808,-2.9396209847843388e-05,0.56598307504458734,0.99996024483331469,-8.7225297505595733e-06,-0.0089132180030428356,0.00025143914802240765,0.019332881215900318,-0.0022830453735228971,0.0029508819838351889,0.00012882488687900246,0.033902281341745444,0.025197321621069264,-1.3299726618597245,2.2061512497487672,-0.00030103818614681807,-1.3392355244709684,2.2097840895661136,0.0030558181189342488,0.02732722730814751,0.030408206142732215,0.024824161018489166,-0.56721590892819862,0.21371606125189538,0.053706561403104681,-0.32297114034817381,1.4495468598869772,-0.00079226654659178574,-0.5306718180295491,1.1247601099714983,-0.0037263981159247547,0.32297114034817381,-1.4495468598869772,0.00079226654659178574,0.5306718180295491,-1.1247601099714983,0.0037263981159247547,-1.3267204090965414,2.208800254273827,0,-1.4267204090965415,2.208800254273827,0,-0.0019638078040242618,-0.013824254913380921,-0.0011508965950804129,-0.19899475211457962,-0.33238011538528262,-0.0036020735058355088,-0.32100733254414954,1.4633711148003581,0.00035863004848862709,-0.33167706591496948,1.4571402253567809,-0.00012432461008924614,-0.32297114034817381,1.4495468598869772,-0.00079226654659178574,-0.5306718180295491,1.1247601099714983,-0.0037263981159247547,0,0,0,0,0,0,0,0,0,0,0,0
control,0,53,265,270,530000000,530000000,0,-1,0.01,1,1,0,0,none,0,0,1,1,-0.087294538364922264,-4.9384642808170164e-05,0.56601207139801224,0.9999616379496471,-4.9307850432872047e-06,-0.0087523586333039648,0.0003447072677174955,0.017581279949359721,-0.0018028351773965003,0.0028357845448470803,0.00081754868370007483,0.030956329752277582,0.014764589028389206,-1.3297552280990366,2.2064202903521513,-0.00014158208442604961,-1.3449429045881509,2.2114851999341556,0.0035419565854275716,0.018271310987372495,0.024882223726338044,0.0093953850645611282,-0.57316083322085642,0.14110315598463063,0.045165251673744772,-0.31130582856207323,1.4552009267922139,-6.8789956617793478e-05,-0.46061985858898996,1.2083348640935834,-0.0034465230398667405,0.31130582856207323,-1.4552009267922139,6.8789956617793478e-05,0.46061985858898996,-1.2083348640935834,0.0034465230398667405,-1.3267204090965414,2.208800254273827,0,-1.4267204090965415,2.208800254273827,0,0.0090108615488829029,-0.0087637685293984191,-0.00042729462790024156,-0.12158880426940266,-0.24387408190088938,-0.0033208495593155104,-0.32031669011095615,1.4639646953216123,0.00035850467128244808,-0.3390310543195873,1.4522089459944727,-0.0001256734805512301,-0.31130582856207323,1.4552009267922139,-6.8789956617793478e-05,-0.46061985858898996,1.2083348640935834,-0.0034465230398667405,0,0,0,0,0,0,0,0,0,0,0,0
control,0,54,270,275,540000000,540000000,0,-1,0.01,1,1,0,0,none,0,0,1,1,-0.08713365029679157,-6.5015164186128655e-05,0.56603831331259902,0.99996285388279671,2.2722709440450985e-06,-0.0086105150108812638,0.00038714423291326611,0.015075829236202447,-0.0013941804826902032,0.0024715684969757131,0.0016059173611885113,0.026604074194561834,0.0049538350726784182,-1.3295984646839738,2.2066415732142457,-7.9780897475743745e-05,-1.3506211308576836,2.212557708689324,0.0037857482040293306,0.014378977012504221,0.020557298399494578,0.0032944637786495772,-0.56435303962745109,0.084597698436030766,0.010651479811183692,-0.30681740460476697,1.4594939732650629,0.00021763029015810817,-0.41374331630505762,1.274524894816129,-0.0017956412057606691,0.30681740460476697,-1.4594939732650629,-0.00021763029015810817,0.41374331630505762,-1.274524894816129,0.0017956412057606691,-1.3267204090965414,2.208800254273827,0,-1.4267204090965415,2.208800254273827,0,0.01296820153043212,-0.0049317748842665071,-0.00014078891968975576,-0.066661779425117862,-0.17198600064001038,-0.0016682984517679836,-0.31978560613519907,1.4644257481493295,0.00035841920984786392,-0.34708153687993976,1.4465108954561394,-0.0001273427539926855,-0.30681740460476697,1.4594939732650629,0.00021763029015810817,-0.41374331630505762,1.274524894816129,-0.0017956412057606691,0,0,0,0,0,0,0,0,0,0,0,0
control,0,55,275,280,550000000,550000000,0,-1,0.01,1,1,0,0,none,0,0,1,1,-0.087000881687511619,-7.6818502458209068e-05,0.56606009821592185,0.99996385657812403,1.2339930379681584e-05,-0.0084932694319693539,0.00038698770933729814,0.012068099040362467,-0.0010289657647283815,0.0019806527415267288,0.0021581983983496636,0.021326584234184535,-0.0026994138338043948,-1.3294603404171312,2.2068320173278675,-7.6860123473249345e-05,-1.3561679898285119,2.2131473372101613,0.0037858337421054155,0.013883610745830671,0.018243839657450144,-0.0023905662943921064,-0.54830669032028123,0.041747779343454139,-0.0069200653974547492,-0.30726955453854632,1.4610793830921565,0.000500941108142931,-0.37966001792714815,1.3255569163818279,-0.00091898372254368792,0.30726955453854632,-1.4610793830921565,-0.000500941108142931,0.37966001792714815,-1.3255569163818279,0.00091898372254368792,-1.3267204090965414,2.208800254273827,0,-1.4267204090965415,2.208800254273827,0,0.012053759728331663,-0.0037469161346613405,0.00014258635176158014,-0.024168995735933008,-0.11478666425119335,-0.00078974685275888697,-0.31932331426687799,1.4648262992268177,0.0003583547563813508,-0.35549102219121514,1.4403435806330214,-0.00012923686978480098,-0.30726955453854632,1.4610793830921565,0.000500941108142931,-0.37966001792714815,1.3255569163818279,-0.00091898372254368792,0,0,0,0,0,0,0,0,0,0,0,0
control,0,56,280,285,560000000,560000000,0,-1,0.01,1,1,0,0,none,0,0,1,1,-0.086900161202896772,-8.5118690971970092e-05,0.56607659443507186,0.99996462044934653,2.3928807422100488e-05,-0.0084042099103257481,0.00035571447823653439,0.0087408081127449827,-0.00068985967138599413,0.0014307801448415389,0.0024008703013999812,0.015468029792064313,-0.0080341717048412753,-1.3293163415363878,2.2070099762099327,-0.0001158848991386679,-1.3615253875496391,2.2133730435276147,0.0036362931897108868,0.01513828247569959,0.017653007221521133,-0.0054656871918478374,-0.52739949332010472,0.0096677658020951664,-0.020159472447740252,-0.31042279879037094,1.4602224721212005,0.00066634954217330441,-0.35526687576389143,1.3645467576405328,-0.00021416565804963642,0.31042279879037094,-1.4602224721212005,-0.00066634954217330441,0.35526687576389143,-1.3645467576405328,0.00021416565804963642,-1.3267204090965414,2.208800254273827,0,-1.4267204090965415,2.208800254273827,0,0.0084437655646068047,-0.0049961740655499465,0.00030804982933399223,0.0087589814173285596,-0.069375119748594893,-8.2914334526253391e-05,-0.31886656435497773,1.4652186461867505,0.00035829971283931223,-0.36402585718121999,1.4339218773891276,-0.00013125132352338303,-0.31042279879037094,1.4602224721212005,0.00066634954217330441,-0.35526687576389143,1.3645467576405328,-0.00021416565804963642,0,0,0,0,0,0,0,0,0,0,0,0
control,0,57,285,290,570000000,570000000,0,-1,0.01,1,1,0,0,none,0,0,1,1,-0.08683374712466585,-9.0144891173532386e-05,0.56608745983021469,0.9999651297696075,3.5630458076889689e-05,-0.0083453784908066146,0.00030435697478724228,0.005249900508270287,-0.00037201501473481629,0.00086093093217124936,0.0023547442263414878,0.0093141931676109912,-0.011270361846764566,-1.3291550994777026,2.2071888687814658,-0.00017578853690602739,-1.3666552263648593,2.2133288828062203,0.0033822571903108778,0.017089117614616102,0.018153444749741496,-0.0067426414540498383,-0.5033801710758079,-0.013897734812228078,-0.028788580657377036,-0.3147974609288573,1.4577394414426332,0.00074811380046168946,-0.33822572143078034,1.3939120223148218,0.00029143391766605405,0.3147974609288573,-1.4577394414426332,-0.00074811380046168946,0.33822572143078034,-1.3939120223148218,-0.00029143391766605405,-1.3267204090965414,2.208800254273827,0,-1.4267204090965415,2.208800254273827,0,0.0035826081520099508,-0.0078935412162781729,0.00038986863377430016,0.034288063833524673,-0.033496940170377854,0.00042475187577558846,-0.31838006908086725,1.4656329826589114,0.0003582451666873893,-0.37251378526430501,1.4274089624851996,-0.00013331795810953443,-0.3147974609288573,1.4577394414426332,0.00074811380046168946,-0.33822572143078034,1.3939120223148218,0.00029143391766605405,0,0,0,0,0,0,0,0,0,0,0,0
control,0,58,290,295,580000000,580000000,0,-1,0.01,1,1,0,0,none,0,0,1,1,-0.086802506727326562,-9.2113339610766433e-05,0.56609264143951399,0.99996537812415298,4.6266603534227349e-05,-0.0083175560631608431,0.00024222625251341993,0.0017229142173396076,-7.6122215645848943e-05,0.00029456292719216739,0.002082798802429872,0.0030949581043988564,-0.012810564696298692,-1.3289739948239159,2.207375794203116,-0.00024086199962528571,-1.3715333691425882,2.2130893129486342,0.0030608812444193828,0.019004676727823525,0.01911400061639831,-0.0065986854545791547,-0.47741465451860926,-0.030726311962891769,-0.034302153625172409,-0.31931482595672467,1.454503629084964,0.00076037903802842963,-0.3269501361770189,1.4155500464850241,0.00066145844703402489,0.31931482595672467,-1.454503629084964,-0.00076037903802842963,0.3269501361770189,-1.4155500464850241,-0.00066145844703402489,-1.3267204090965414,2.208800254273827,0,-1.4267204090965415,2.208800254273827,0,-0.0014639863632419994,-0.011577480076066023,0.00040219287261654348,0.053877502330473614,-0.0053792361533490166,0.00079684330793280565,-0.31785083959348265,1.46608110916103,0.00035818616541188615,-0.38082763850749252,1.4209292826383733,-0.00013538486089878076,-0.31931482595672467,1.454503629084964,0.00076037903802842963,-0.3269501361770189,1.4155500464850241,0.00066145844703402489,0,0,0,0,0,0,0,0,0,0,0,0
control,0,59,295,300,590000000,590000000,0,-1,0.01,1,1,0,0,none,0,0,1,1,-0.086806171736992385,-9.1260891190202056e-05,0.56609226810619206,0.99996536688825499,5.4987783852808664e-05,-0.0083205074480653778,0.00017651115723649928,-0.0017361155909093764,0.00019503823988645594,-0.00025307536027888405,0.001656352421684587,-0.0030042161243221993,-0.013081227180425299,-1.3287761309552335,2.2075722623842577,-0.000299736411099828,-1.3761455632695014,2.2127131536349469,0.0026991648142147529,0.020430833115875246,0.020024690429547951,-0.0055185707862370169,-0.45037530626180194,-0.042245982464556485,-0.037387480001697629,-0.32325982166563755,1.4512599064440659,0.00072397025879794769,-0.32020930453995966,1.4309917338518594,0.00092221052710518212,0.32325982166563755,-1.4512599064440659,-0.00072397025879794769,0.32020930453995966,-1.4309917338518594,-0.00092221052710518212,-1.3267204090965414,2.208800254273827,0,-1.4267204090965415,2.208800254273827,0,-0.0059775873695080001,-0.015301132969491101,0.00036584946264179923,0.068664809468221955,0.01641418136339548,0.0010596245558204557,-0.31728223429612956,1.4665610394135571,0.00035812079615614841,-0.38887411400818161,1.4145775524884638,-0.00013741402871527358,-0.32325982166563755,1.4512599064440659,0.00072397025879794769,-0.32020930453995966,1.4309917338518594,0.00092221052710518212,0,0,0,0,0,0,0,0,0,0,0,0
control,0,60,300,305,600000000,600000000,0,-1,0.01,1,1,0,0,none,0,0,1,1,-0.086843556222444621,-8.7854154078094619e-05,0.56608659174969045,0.99996510336479372,6.1269927491778637e-05,-0.0083531833508136838,0.00011236788678740097,-0.0050437090599196556,0.00043846106045273848,-0.00077138100286451225,0.0011409139546564662,-0.0088355555214790302,-0.012469114842452911,-1.3285679613172019,2.2077756152985613,-0.00034529071850329218,-1.3804850267360016,2.2122465401242413,0.0023178499600438468,0.021117884099015539,0.020531373496474787,-0.0038935486712664774,-0.4229267473766134,-0.049621392021822232,-0.038625613499578944,-0.32619445864849173,1.4485602529338175,0.00065631408457333083,-0.31702102794987019,1.4415012672313681,0.0010965479458462052,0.32619445864849173,-1.4485602529338175,-0.00065631408457333083,0.31702102794987019,-1.4415012672313681,-0.0010965479458462052,-1.3267204090965414,2.208800254273827,0,-1.4267204090965415,2.208800254273827,0,-0.0095061995005977368,-0.018501392541523498,0.00029826464911431153,0.079565532738441025,0.033076657827761896,0.0012359256869657934,-0.316688259147894,1.4670616454753411,0.00035804943545901925,-0.39658656068831122,1.4084246094036061,-0.00013937774111958822,-0.32619445864849173,1.4485602529338175,0.00065631408457333083,-0.31702102794987019,1.4415012672313681,0.0010965479458462052,0,0,0,0,0,0,0,0,0,0,0,0
control,0,61,305,310,610000000,610000000,0,-1,0.01,1,1,0,0,none,0,0,1,1,-0.086912745617471046,-8.21864099401856e-05,0.56607595259421639,0.9999645990680367,6.4868458267807467e-05,-0.0084138915807925891,5.3209505564955045e-05,-0.0081341323209417494,0.00065174467447996602,-0.0012526060606876791,0.00059044617811309611,-0.014283226811315065,-0.01129475549874219,-1.3283575465955151,2.2079805337339891,-0.00037381455848836545,-1.3845507362001281,2.2117252181790064,0.0019327407235279627,0.020966738157141104,0.02042671998677251,-0.0020336589030786477,-0.39558580219222667,-0.053808137391257303,-0.038451613810225729,-0.32789327552649128,1.4467631982291911,0.00057180127150193165,-0.31657707730378948,1.4481343854543447,0.0012015020239262107,0.32789327552649128,-1.4467631982291911,-0.00057180127150193165,0.31657707730378948,-1.4481343854543447,-0.0012015020239262107,-1.3267204090965414,2.208800254273827,0,-1.4267204090965415,2.208800254273827,0,-0.011804457248027846,-0.020803433502103723,0.00021382731270044202,0.087342628531379418,0.045612639224733409,0.0013427584734528979,-0.31608881827846341,1.4675666317312948,0.00035797395880148957,-0.4039197058351689,1.4025217462296113,-0.00014125644952668709,-0.32789327552649128,1.4467631982291911,0.00057180127150193165,-0.31657707730378948,1.4481343854543447,0.0012015020239262107,0,0,0,0,0,0,0,0,0,0,0,0
control,0,62,310,315,620000000,620000000,0,-1,0.01,1,1,0,0,none,0,0,1,1,-0.087011260083828978,-7.456956935344072e-05,0.56606075641708409,0.99996386841929918,6.575893722850565e-05,-0.0085004429624208795,1.0565719965433257e-06,-0.010957012021184683,0.00083339176209769946,-0.0016909625574616407,4.6242060575370155e-05,-0.019258730864600868,-0.0098081013748729847,-1.3281533090561517,2.2081803508725684,-0.00038418505076402633,-1.3883461457731467,2.2111764089029466,0.0015557925641119989,0.019983578496666488,0.019624135655083023,-0.00016360478582556632,-0.36875375201710769,-0.055589350733316271,-0.037217831344740167,-0.32828660239020879,1.4460602959623261,0.00048133284020012969,-0.31820609448202042,1.4517743046197664,0.0012511167011862458,0.32828660239020879,-1.4460602959623261,-0.00048133284020012969,0.31820609448202042,-1.4517743046197664,-0.0012511167011862458,-1.3267204090965414,2.208800254273827,0,-1.4267204090965415,2.208800254273827,0,-0.01278056822967652,-0.021997362667521159,0.00012343575452048621,0.092639468144924297,0.05487017055053843,0.0013941537980034088,-0.3155060341605323,1.4680576586298473,0.00035789708567964348,-0.41084556262694472,1.3969041340692281,-0.000143037096817163,-0.32828660239020879,1.4460602959623261,0.00048133284020012969,-0.31820609448202042,1.4517743046197664,0.0012511167011862458,0,0,0,0,0,0,0,0,0,0,0,0
control,0,63,315,320,630000000,630000000,0,-1,0.01,1,1,0,0,none,0,0,1,1,-0.087136195792229088,-6.5324843317051743e-05,0.56604145791212312,0.9999629278997112,6.4078708452609001e-05,-0.0086102764469459265,-4.312382674789203e-05,-0.013475256556345929,0.00098283757621246324,-0.0020821583153054733,-0.00046211898016096094,-0.023697040894582938,-0.0081943207224310539,-1.3279631879634124,2.2083680792781286,-0.00037709618000222119,-1.3918781608183697,2.2106203709735368,0.0011958350355918618,0.01824414641817235,0.018127486541982592,0.0015647176654468894,-0.34273759234898954,-0.055602338995109309,-0.035211995511626903,-0.32741446441014754,1.4465114897147378,0.00039271483741158019,-0.32135065403272683,1.4531558040194237,0.0012571374613450541,0.32741446441014754,-1.4465114897147378,-0.00039271483741158019,0.32135065403272683,-1.4531558040194237,-0.0012571374613450541,-1.3267204090965414,2.208800254273827,0,-1.4267204090965415,2.208800254273827,0,-0.012452873224806961,-0.022005129864593513,3.4892970728321867e-05,0.095999409185422269,0.061562108096146026,0.0014018492649037868,-0.31496159118534056,1.4685166195793313,0.00035782186668325834,-0.4173500632181491,1.3915936959232778,-0.00014471180355873258,-0.32741446441014754,1.4465114897147378,0.00039271483741158019,-0.32135065403272683,1.4531558040194237,0.0012571374613450541,0,0,0,0,0,0,0,0,0,0,0,0
control,0,64,320,325,640000000,640000000,0,-1,0.01,1,1,0,0,none,0,0,1,1,-0.087284347021186356,-5.4773931048394772e-05,0.56601854733388313,0.99996179558252341,6.0075768325038198e-05,-0.0087405666830530446,-7.9122295509958808e-05,-0.015663251560323499,0.001100354220060227,-0.0024231399893235735,-0.00091498391862227045,-0.027553329503089728,-0.006583762931628598,-1.3277941068708403,2.2085371468943755,-0.00035441754110248811,-1.3951562865126197,2.2100717311769693,0.0008591345831853622,0.015866095014612509,0.016002881393646955,0.0030583899658329201,-0.31776516406468569,-0.054359762086363818,-0.032671309404346385,-0.32538972743091932,1.4480801428226071,0.0003111570750034325,-0.32555192471413852,1.4528835185801394,0.0012295483115328102,0.32538972743091932,-1.4480801428226071,-0.0003111570750034325,0.32555192471413852,-1.4528835185801394,-0.0012295483115328102,-1.3267204090965414,2.208800254273827,0,-1.4267204090965415,2.208800254273827,0,-0.010914769230332116,-0.020847033537052972,-4.6594235960899577e-05,0.097878275089966604,0.066281920291837743,0.0013758250952617106,-0.31447495820058718,1.4689271763596601,0.00035775131096433209,-0.42343019980410512,1.3866015982883018,-0.00014627678372890042,-0.32538972743091932,1.4480801428226071,0.0003111570750034325,-0.32555192471413852,1.4528835185801394,0.0012295483115328102,0,0,0,0,0,0,0,0,0,0,0,0
control,0,65,325,330,650000000,650000000,0,-1,0.01,1,1,0,0,none,0,0,1,1,-0.087452311567714547,-4.3231477082021783e-05,0.56599253907204183,0.99996049092113759,5.4066861398714511e-05,-0.0088883166053135895,-0.00010724484377861396,-0.017505285838157102,0.0011869085476334633,-0.0027119338660085463,-0.0013006630429875368,-0.03080015603120375,-0.0050627982034811966,-1.3276516774953475,2.2086818776456285,-0.00031868992101104058,-1.3981919088676027,2.2095406230645884,0.0005498505269909235,0.012988282120492422,0.013354992928154797,0.0042695129911951187,-0.29399724616414019,-0.052267659763364081,-0.029790589837353249,-0.3223695216182163,1.4506637213666667,0.00023981946116064369,-0.33043769639639331,1.4514475038924339,0.0011768428967685492,0.3223695216182163,-1.4506637213666667,-0.00023981946116064369,0.33043769639639331,-1.4514475038924339,-0.0011768428967685492,-1.3267204090965414,2.208800254273827,0,-1.4267204090965415,2.208800254273827,0,-0.0083072023950656187,-0.018611969853850569,-0.00011786867325644378,0.098653866498944365,0.069517064155908748,0.0013245743337703855,-0.3140623192231507,1.4692756912205172,0.00035768813441708748,-0.42909156289533767,1.3819304397365253,-0.00014773143700183637,-0.3223695216182163,1.4506637213666667,0.00023981946116064369,-0.33043769639639331,1.4514475038924339,0.0011768428967685492,0,0,0,0,0,0,0,0,0,0,0,0
control,0,66,330,335,660000000,660000000,0,-1,0.01,1,1,0,0,none,0,0,1,1,-0.087636581567088173,-3.0999011042395235e-05,0.56596396152167849,0.99995903467084479,4.6404708453017589e-05,-0.0090504370718719682,-0.00012812323990284209,-0.018994171954218399,0.0012440132120815099,-0.0029475324119074523,-0.001613596824358389,-0.033425024585261719,-0.0036839386763157216,-1.3275400773552202,2.2087977657474251,-0.00027274905341432291,-1.4009976860935349,2.2090336581072654,0.00027042211966460904,0.0097557803076602431,0.010308510845438027,0.0051829319833256891,-0.27153794281273752,-0.049641429007636226,-0.026728194943890015,-0.31853369703557993,1.4541187912626661,0.0001803127226946305,-0.33571198269561925,1.4492374686841871,0.0011062055276685706,0.31853369703557993,-1.4541187912626661,-0.0001803127226946305,0.33571198269561925,-1.4492374686841871,-0.0011062055276685706,-1.3267204090965414,2.208800254273827,0,-1.4267204090965415,2.208800254273827,0,-0.0047976513573454761,-0.015432903951335036,-0.00017732188314198763,0.098634238183027079,0.071661297510193595,0.0012552831112951181,-0.31373604567823443,1.4695516952140011,0.00035763460583661813,-0.43434622087864633,1.3775761711739936,-0.00014907758362654744,-0.31853369703557993,1.4541187912626661,0.0001803127226946305,-0.33571198269561925,1.4492374686841871,0.0011062055276685706,0,0,0,0,0,0,0,0,0,0,0,0
control,0,67,335,340,670000000,670000000,0,-1,0.01,1,1,0,0,none,0,0,1,1,-0.087833621485324948,-1.8360320891733098e-05,0.56593334795333794,0.99995744884652349,3.7453348990906651e-05,-0.0092238151972056405,-0.00014257211546767678,-0.02013003029476446,0.0012735890686647927,-0.0031298020838878195,-0.001852776510108934,-0.035428244063084827,-0.002474565534495913,-1.3274620502145738,2.2088815930832628,-0.00021945867289380856,-1.4035870371199122,2.208554746758018,2.1903439947715252e-05,0.0063094935615919806,0.0069943788740913729,0.0058060809904577522,-0.25044398141052171,-0.046720216511306936,-0.023610710855177283,-0.31406911023403977,1.45828038355303,0.00013312602097745118,-0.34114540026220225,1.4465561794060655,0.0010236456889683087,0.31406911023403977,-1.45828038355303,-0.00013312602097745118,0.34114540026220225,-1.4465561794060655,-0.0010236456889683087,-1.3267204090965414,2.208800254273827,0,-1.4267204090965415,2.208800254273827,0,-0.00056454692600011597,-0.011467634024367117,-0.00022446644765474502,0.098065508396230405,0.073026414956668229,0.0011739645107745496,-0.31350456330803966,1.4697480175773971,0.0003575924686321962,-0.43921090865843265,1.3735297644493973,-0.00015031882180624079,-0.31406911023403977,1.45828038355303,0.00013312602097745118,-0.34114540026220225,1.4465561794060655,0.0010236456889683087,0,0,0,0,0,0,0,0,0,0,0,0
control,0,68,340,345,680000000,680000000,0,-1,0.01,1,1,0,0,none,0,0,1,1,-0.088039934764361866,-5.5780982035596808e-06,0.56590122824500888,0.9999557566492483,2.7570269863361596e-05,-0.0094053727282424459,-0.00015148515962222324,-0.020919210407066461,0.0012778460131809594,-0.0032594010104626948,-0.0020204477855911476,-0.036821036821770993,-0.001444086532690337,-1.3274189890407599,2.2089314333324199,-0.0001615318157149592,-1.4059737179079712,2.2081057841229343,-0.00019574504594013014,0.0027793755984130719,0.0035401089629485149,0.0061609805876506043,-0.23073315857317372,-0.043679890388059812,-0.020537037842567173,-0.30915859623261904,1.4629763680189163,9.79734336159119e-05,-0.34656605832888615,1.4436321181204621,0.00093411541291130032,0.30915859623261904,-1.4629763680189163,-9.79734336159119e-05,0.34656605832888615,-1.4436321181204621,-0.00093411541291130032,-1.3267204090965414,2.208800254273827,0,-1.4267204090965415,2.208800254273827,0,0.0042138959330025559,-0.0068843121475381137,-0.00025958948466804247,0.097139443596916841,0.073853477392801334,0.0010855754059103976,-0.31337249216562157,1.4698606801664544,0.00035756291828395437,-0.44370550192580299,1.3697786407276609,-0.00015145999299909728,-0.30915859623261904,1.4629763680189163,9.79734336159119e-05,-0.34656605832888615,1.4436321181204621,0.00093411541291130032,0,0,0,0,0,0,0,0,0,0,0,0
control,0,69,345,350,690000000,690000000,0,-1,0.01,1,1,0,0,none,0,0,1,1,-0.088252120363954842,7.1083407197776722e-06,0.56586812141184273,0.99995398232343613,1.7093988409567935e-05,-0.0095921155792621001,-0.00015576267880608043,-0.021373327906750308,0.0012591836532740378,-0.0033377012204733694,-0.002121081750189898,-0.037623853874515507,-0.00058959719315822149,-1.3274110704667879,2.2089465789062315,-0.00010142036201929742,-1.4081714775231631,2.2076872140846313,-0.00038340355443834022,-0.00071961025179113425,6.3377477718874861e-05,0.0062781693597500259,-0.21239200529465718,-0.0406446374302568,-0.017582117609660827,-0.30397361170105947,1.4680376775814645,7.4064259619178411e-05,-0.3518509262568752,1.4406313091125935,0.00084162020368519399,0.30397361170105947,-1.4680376775814645,-7.4064259619178411e-05,0.3518509262568752,-1.4406313091125935,-0.00084162020368519399,-1.3267204090965414,2.208800254273827,0,-1.4267204090965415,2.208800254273827,0,0.0093673518206438128,-0.0018509618054322297,-0.00028348235938171205,0.096000829061444415,0.074323438415733217,0.00099412694681454334,-0.31334096352170326,1.4698886393868968,0.00035754661900089046,-0.44785175531831961,1.3663078706968603,-0.00015250674312934932,-0.30397361170105947,1.4680376775814645,7.4064259619178411e-05,-0.3518509262568752,1.4406313091125935,0.00084162020368519399,0,0,0,0,0,0,0,0,0,0,0,0
control,0,70,350,355,700000000,700000000,0,-1,0.01,1,1,0,0,none,0,0,1,1,-0.088466920250865388,1.9484450827236797e-05,0.56583452890422181,0.99995215092935474,6.335893408244377e-06,-0.0097811754571157997,-0.00015626353337069068,-0.0215083992541527,0.0012201105564906864,-0.0033667128841494884,-0.0021605788093881188,-0.037864863279508595,9.977151841948207e-05,-1.327437417546335,2.2089274190563941,-4.1255411046586278e-05,-1.4101937862316956,2.2072984854651692,-0.00054257556293807951,-0.0040895052096327836,-0.0033318449209013318,0.0061922685222802849,-0.19538267721271216,-0.037697205657601929,-0.01480039164275419,-0.29866968122316029,1.4733052283972976,6.0306943524697976e-05,-0.35691774033939555,1.437668195600676,0.00074932708224716464,0.29866968122316029,-1.4733052283972976,-6.0306943524697976e-05,0.35691774033939555,-1.437668195600676,-0.00074932708224716464,-1.3267204090965414,2.208800254273827,0,-1.4267204090965415,2.208800254273827,0,0.014738359211972498,0.0034717899905463761,-0.0002972368028000384,0.094754541440916662,0.074567034190296755,0.00090279225101913335,-0.31340804043513276,1.4698334384067513,0.00035754374632473637,-0.45167228178031221,1.3631011614103792,-0.00015346516877196869,-0.29866968122316029,1.4733052283972976,6.0306943524697976e-05,-0.35691774033939555,1.437668195600676,0.00074932708224716464,0,0,0,0,0,0,0,0,0,0,0,0
control,0,71,355,360,710000000,710000000,0,-1,0.01,1,1,0,0,none,0,0,1,1,-0.088681258729617102,3.1361144553059179e-05,0.56580092866158982,0.99995028803280583,-4.4246691944722311e-06,-0.0099698443631721211,-0.00015377550232872295,-0.021344060188046132,0.0011631797562363586,-0.0033490093346311622,-0.0021456661810595515,-0.037578585438273034,0.00063960263602790728,-1.3274962739572562,2.2088752906320761,1.7175878725156499e-05,-1.4120536278417233,2.2069384135695795,-0.00067520326081507947,-0.0072499214785047292,-0.0065572759383226579,0.0059388645696721457,-0.17964906124538726,-0.034887824460515977,-0.012229005068990157,-0.29338392759825827,1.4786342933330783,5.5458053300928812e-05,-0.36171753215271041,1.4348154726076219,0.00065966969374830272,0.29338392759825827,-1.4786342933330783,-5.5458053300928812e-05,0.36171753215271041,-1.4348154726076219,-0.00065966969374830272,-1.3267204090965414,2.208800254273827,0,-1.4267204090965415,2.208800254273827,0,0.020185260546334599,0.0089354776084944829,-0.00030209599210115421,0.093472216810262021,0.074673825141743269,0.0008140112316940317,-0.31356918814459284,1.4696988157245838,0.00035755404540208303,-0.45518974896297243,1.3601416474658785,-0.00015434153794572898,-0.29338392759825827,1.4786342933330783,5.5458053300928812e-05,-0.36171753215271041,1.4348154726076219,0.00065966969374830272,0,0,0,0,0,0,0,0,0,0,0,0
control,0,72,360,365,720000000,720000000,0,-1,0.01,1,1,0,0,none,0,0,1,1,-0.088892274384737513,4.2574916123949599e-05,0.56576776991755084,0.99994841932515188,-1.4942891599417362e-05,-0.010155602644637288,-0.00014899920931115109,-0.020902856579965358,0.0010909379307354181,-0.003287652297288046,-0.0020834514371588599,-0.036804654775216133,0.001047828378535373,-1.3275851778745509,2.2087923171884962,7.2428383308481925e-05,-1.4137633484602559,2.2066054599968274,-0.00078351325384618312,-0.01013761589992186,-0.0095409466712264631,0.0055524196614139543,-0.16512209770302458,-0.032241859034729058,-0.0098907450528549091,-0.28823410696508966,1.4838969676794209,5.8227399137482122e-05,-0.36622784856740048,1.4321128263030845,0.00057444915317551816,0.28823410696508966,-1.4838969676794209,-5.8227399137482122e-05,0.36622784856740048,-1.4321128263030845,-0.00057444915317551816,-1.3267204090965414,2.208800254273827,0,-1.4267204090965415,2.208800254273827,0,0.025583649185996194,0.014406665030808764,-0.00029934949806324231,0.092198418919109015,0.074700319876087995,0.0007295912287966004,-0.31381775615108587,1.4694903026486121,0.00035757689720072443,-0.4584262674865095,1.3574125064269964,-0.00015514207562108219,-0.28823410696508966,1.4838969676794209,5.8227399137482122e-05,-0.36622784856740048,1.4321128263030845,0.00057444915317551816,0,0,0,0,0,0,0,0,0,0,0,0
control,0,73,365,370,730000000,730000000,0,-1,0.01,1,1,0,0,none,0,0,1,1,-0.089097345306902012,5.2987526245751009e-05,0.56573546875503689,0.99994657019357969,-2.5009236096165635e-05,-0.010336141179687524,-0.0001425417407530255,-0.020209598958800305,0.0010058857866509479,-0.0031861171463542777,-0.0019810990041728774,-0.035586691965438774,0.0013430622745116425,-1.3277011276608137,2.2086812475104241,0.00012338079775268783,-1.4153345539182096,2.2062979429061444,-0.00086988978520611843,-0.012705419693620565,-0.012226887954561408,0.0050649595759571326,-0.15172433303346786,-0.029766279081279007,-0.0077966991916563607,-0.28331869383430919,1.4889832447919771,6.7349168930731351e-05,-0.3704467082461318,1.429574574656161,0.00049492909055740897,0.28331869383430919,-1.4889832447919771,-6.7349168930731351e-05,0.3704467082461318,-1.429574574656161,-0.00049492909055740897,-1.3267204090965414,2.208800254273827,0,-1.4267204090965415,2.208800254273827,0,0.030826752311698291,0.01976841309267726,-0.00029026221812366296,0.09095623741021891,0.074677155034108877,0.00065080189514465361,-0.31414544614600748,1.4692148316992999,0.00035761138705439432,-0.4614029456563507,1.3548974196220522,-0.00015587280458724461,-0.28331869383430919,1.4889832447919771,6.7349168930731351e-05,-0.3704467082461318,1.429574574656161,0.00049492909055740897,0,0,0,0,0,0,0,0,0,0,0,0
control,0,74,370,375,740000000,740000000,0,-1,0.01,1,1,0,0,none,0,0,1,1,-0.089294108200089053,6.2485346236058781e-05,0.56570440441047121,0.99994476526469078,-3.4448913634462931e-05,-0.010509378213360824,-0.00013491695052128585,-0.019290773990984153,0.00091044745810612898,-0.0030482182885643474,-0.0018456018652835478,-0.033971274674875165,0.0015434680517189046,-1.3278407344908054,2.2085453010036868,0.00016920764323416224,-1.4167780483652492,2.2060141890271097,-0.00093677263358235921,-0.014920784960889513,-0.014574199909047928,0.0045053330684671003,-0.13937373534188555,-0.027455038935747387,-0.0059486252462901245,-0.27871766708978057,1.4938011090867349,8.1627425217882901e-05,-0.37438731155792881,1.4271962410864361,0.00042192361942401582,0.27871766708978057,-1.4938011090867349,-8.1627425217882901e-05,0.37438731155792881,-1.4271962410864361,-0.00042192361942401582,-1.3267204090965414,2.208800254273827,0,-1.4267204090965415,2.208800254273827,0,0.035825082172502125,0.024920739105253508,-0.00027602894639360372,0.08975227423732085,0.074615341364228899,0.00057846305238921404,-0.31454274926228271,1.4688803699814814,0.00035765637161148662,-0.46413958579524967,1.3525808997222071,-0.00015653943296519825,-0.27871766708978057,1.4938011090867349,8.1627425217882901e-05,-0.37438731155792881,1.4271962410864361,0.00042192361942401582,0,0,0,0,0,0,0,0,0,0,0,0
control,0,75,375,380,750000000,750000000,0,-1,0.01,1,1,0,0,none,0,0,1,1,-0.08948047190947378,7.0978440613809405e-05,0.56567491632351363,0.99994302794502654,-4.3120499105450688e-05,-0.010673471310263067,-0.00012655016262915145,-0.018174007832421693,0.00080694706204812523,-0.0028780349986654049,-0.0016836258576840232,-0.032006997801708119,0.0016660338742638412,-1.3280003592117229,2.2083880246724066,0.00020934622466154727,-1.4181038069418315,2.2057526376706518,-0.00098657681758781784,-0.016764137348258205,-0.016555745742723928,0.0038988782105598275,-0.12798681941274415,-0.025293476330370414,-0.0043410321228010366,-0.27449373559869422,1.4982759595561277,9.9962763660610865e-05,-0.37807349533142615,1.4249601196935047,0.00035587737103141349,0.27449373559869422,-1.4982759595561277,-9.9962763660610865e-05,0.37807349533142615,-1.4249601196935047,-0.00035587737103141349,-1.3267204090965414,2.208800254273827,0,-1.4267204090965415,2.208800254273827,0,0.0405056074045647,0.029780373831130687,-0.00025774777792645558,0.088581003262595603,0.074511613733658111,0.00051302465141639711,-0.31499934300325894,1.4684955857249971,0.00035771054158706644,-0.46665449859402175,1.3504485059598466,-0.0001571472803849836,-0.27449373559869422,1.4982759595561277,9.9962763660610865e-05,-0.37807349533142615,1.4249601196935047,0.00035587737103141349,0,0,0,0,0,0,0,0,0,0,0,0
control,0,76,380,385,760000000,760000000,0,-1,0.01,1,1,0,0,none,0,0,1,1,-0.089654625866595158,7.8399450452044554e-05,0.56564730192464496,0.99994137998081933,-5.0913977102341751e-05,-0.010826824852317552,-0.00011778556387534525,-0.016887577544469453,0.00069759087964419114,-0.0026798382165738816,-0.0015014085382440052,-0.029743616570170668,0.001726146644999538,-1.3281762323018491,2.2082131643797385,0.00024346184733624109,-1.4193209759658796,2.2055119059031378,-0.0010216312856040702,-0.018227168142345328,-0.01815664568341294,0.0032673680244139462,-0.11748113881218733,-0.023261840703388364,-0.0029629802186082656,-0.2706938124539579,1.5023495992814915,0.00012136552330726245,-0.38153590296816331,1.4228399081950363,0.00029693716097841695,0.2706938124539579,-1.5023495992814915,-0.00012136552330726245,0.38153590296816331,-1.4228399081950363,-0.00029693716097841695,-1.3267204090965414,2.208800254273827,0,-1.4267204090965415,2.208800254273827,0,0.044810630677210181,0.034280047254181538,-0.00023640695542156964,0.087428510650337743,0.074352941503352254,0.00045463839661163432,-0.3155044431311681,1.4680695520273099,0.00035777247872883209,-0.46896441361850105,1.3484869666916839,-0.00015770123563321739,-0.2706938124539579,1.5023495992814915,0.00012136552330726245,-0.38153590296816331,1.4228399081950363,0.00029693716097841695,0,0,0,0,0,0,0,0,0,0,0,0
control,0,77,385,390,770000000,770000000,0,-1,0.01,1,1,0,0,none,0,0,1,1,-0.089815043916031082,8.4702326257407189e-05,0.56562181514689447,0.99993984105663059,-5.7748435996303395e-05,-0.010968093481972002,-0.00010889503812022557,-0.015459967728425325,0.00058445393402485645,-0.0024580189579330807,-0.001304698447359455,-0.027231267602583854,0.0017373834870473986,-1.3283645568666185,2.2080245516375445,0.00027141351410804826,-1.4204378946868481,2.2052908229425774,-0.0010441338912519408,-0.019311156048830519,-0.019372695924937244,0.0026291391335604678,-0.10777720951725264,-0.02133806073174729,-0.00179961585984464,-0.26735060189874765,1.5059789644835389,0.00014495969525023131,-0.38480882480302164,1.4208044945065781,0.00024501522098264653,0.26735060189874765,-1.5059789644835389,-0.00014495969525023131,0.38480882480302164,-1.4208044945065781,-0.00024501522098264653,-1.3267204090965414,2.208800254273827,0,-1.4267204090965415,2.208800254273827,0,0.048696507314170287,0.038367475522795388,-0.00021288101091043786,0.086275641359558064,0.074120267072616014,0.00040322096036781422,-0.31604710921291795,1.4676114889607434,0.00035784070616066917,-0.47108446616257971,1.3466842274339621,-0.0001582057393851677,-0.26735060189874765,1.5059789644835389,0.00014495969525023131,-0.38480882480302164,1.4208044945065781,0.00024501522098264653,0,0,0,0,0,0,0,0,0,0,0,0
control,0,78,390,395,780000000,780000000,0,-1,0.01,1,1,0,0,none,0,0,1,1,-0.089960483963558158,8.9860948418666868e-05,0.56559866564091188,0.99993842844911252,-6.3569569184002082e-05,-0.011096181870854798,-0.00010008755253365638,-0.013919470241672918,0.00046947000229107471,-0.0022170190893207788,-0.0010987238109012572,-0.024519764415065756,0.0017114562643286346,-1.3285615953215433,2.2078260061574086,0.00029322151037920659,-1.4214621333232702,2.2050884407656448,-0.0010561201286442444,-0.020025376483219927,-0.020208798134536243,0.0019993314093325791,-0.098799932877823737,-0.019499856091618976,-0.00083345907264755111,-0.26448420537427042,1.5091347179027808,0.00016998070823228924,-0.38792765281651453,1.4188209869036028,0.00019984420579063331,0.26448420537427042,-1.5091347179027808,-0.00016998070823228924,0.38792765281651453,-1.4188209869036028,-0.00019984420579063331,-1.3267204090965414,2.208800254273827,0,-1.4267204090965415,2.208800254273827,0,0.052132299424852035,0.042004174598824329,-0.00018793302358039094,0.085100590037479829,0.073791546235614514,0.00035850899222565088,-0.31661650479912246,1.4671305433039563,0.00035791373181268018,-0.47302824285399436,1.3450294406679884,-0.00015866478643501757,-0.26448420537427042,1.5091347179027808,0.00016998070823228924,-0.38792765281651453,1.4188209869036028,0.00019984420579063331,0,0,0,0,0,0,0,0,0,0,0,0
control,0,79,395,400,790000000,790000000,0,-1,0.01,1,1,0,0,none,0,0,1,1,-0.090089983867488968,9.3867665015728006e-05,0.56557801866473856,0.99993715674823891,-6.8347097296446156e-05,-0.011210241178925625,-9.1518481149903367e-05,-0.012293825370166966,0.00035442432717616864,-0.0019612652726069685,-0.00088818228313914858,-0.021657964712481517,0.0016582601645681546,-1.3287637408438038,2.2076212537195228,0.00030903768427809324,-1.4224005427787043,2.2049040269043525,-0.0010594433113364013,-0.020385631942058651,-0.020677455346329164,0.0013901871050909943,-0.090479585917862218,-0.017726291468546426,-4.5467022669902648e-05,-0.26210368575498999,1.5117997936463277,0.00019576942448851041,-0.39092688761539551,1.4168570774068117,0.00016102440192844965,0.26210368575498999,-1.5117997936463277,-0.00019576942448851041,0.39092688761539551,-1.4168570774068117,-0.00016102440192844965,-1.3267204090965414,2.208800254273827,0,-1.4267204090965415,2.208800254273827,0,0.055098428880236111,0.045164189671144134,-0.0001622206605379777,0.083880983062746856,0.073344165636513414,0.0003201063445344155,-0.31720211463522607,1.4666356039751836,0.00035799008502648811,-0.47480787067814234,1.3435129117702982,-0.00015908194260596585,-0.26210368575498999,1.5117997936463277,0.00019576942448851041,-0.39092688761539551,1.4168570774068117,0.00016102440192844965,0,0,0,0,0,0,0,0,0,0,0,0
control,0,80,400,405,800000000,800000000,0,-1,0.01,1,1,0,0,none,0,0,1,1,-0.090202853980413347,9.6731770557535686e-05,0.56555999561156911,0.99993603765430805,-7.2072190964797561e-05,-0.011309662557661328,-8.3298459892539091e-05,-0.010609903135979284,0.00024094848106861688,-0.0016951068855235259,-0.00067724536364995329,-0.01869320741895146,0.0015859893825041459,-1.328967574912165,2.2074138584875493,0.0003191188140872552,-1.4232593120978472,2.2047370444790011,-0.001055764108443985,-0.020412920623714421,-0.020797368482475761,0.00081137431027464486,-0.082752444843998157,-0.015998862606791418,0.00058410332929079612,-0.26020855140263399,1.5139679527243577,0.00022176398693520696,-0.39383863300940258,1.4148828249180221,0.0001280636938263946,0.26020855140263399,-1.5139679527243577,-0.00022176398693520696,0.39383863300940258,-1.4148828249180221,-0.0001280636938263946,-1.3267204090965414,2.208800254273827,0,-1.4267204090965415,2.208800254273827,0,0.057585370723054405,0.047832802159045305,-0.0001363043597399088,0.082595503281665081,0.07275681144809773,0.00028752406606865564,-0.31779392212568841,1.4661351505653124,0.00035806834667511577,-0.47643413629106768,1.3421260134699244,-0.00015946037224226104,-0.26020855140263399,1.5139679527243577,0.00022176398693520696,-0.39383863300940258,1.4148828249180221,0.0001280636938263946,0,0,0,0,0,0,0,0,0,0,0,0
control,0,81,405,410,810000000,810000000,0,-1,0.01,1,1,0,0,none,0,0,1,1,-0.090298666736466374,9.8477944677667715e-05,0.56554467513093665,0.99993507985502961,-7.4754948293309081e-05,-0.011394068041463343,-7.5501522893946222e-05,-0.0088934236085085067,0.00013051698846631516,-0.0014227586881506338,-0.00046957274687215833,-0.015670817721078679,0.001501292565263249,-1.3291699123542102,2.207207168649866,0.00032380316391494824,-1.4240440303606219,2.2045871236675678,-0.0010465475864643587,-0.020132248430346937,-0.020592152055064514,0.00027030991075331667,-0.075561103824722559,-0.014302195395392544,0.0010750096244783957,-0.25879013893191011,1.5156423876113405,0.00024749072857985449,-0.39669151367736272,1.4128719397173128,0.00010041092186704141,0.25879013893191011,-1.5156423876113405,-0.00024749072857985449,0.39669151367736272,-1.4128719397173128,-0.00010041092186704141,-1.3267204090965414,2.208800254273827,0,-1.4267204090965415,2.208800254273827,0,0.059592411737545939,0.05000525557012863,-0.00011065644471215032,0.081225110906048184,0.072010860368198773,0.00026021379471538781,-0.31838255066945603,1.4656371320412118,0.00035814717329200478,-0.47791662458341089,1.340861079349114,-0.0001598028728483464,-0.25879013893191011,1.5156423876113405,0.00024749072857985449,-0.39669151367736272,1.4128719397173128,0.00010041092186704141,0,0,0,0,0,0,0,0,0,0,0,0
control,0,82,410,415,820000000,820000000,0,-1,0.01,1,1,0,0,none,0,0,1,1,-0.090377243668355978,9.9144666614171047e-05,0.56553209479151101,0.99993428898328429,-7.6421962536969297e-05,-0.011463299163146855,-6.8172384030190579e-05,-0.007168715163366075,2.4445433441341599e-05,-0.0011482489284173824,-0.00026833311917862866,-0.012633678523324863,0.0014094481238996126,-1.3293678353247151,2.2070042741486051,0.00032349013850259878,-1.4247597503028202,2.2044540280539717,-0.0010330661376777444,-0.019571581807475719,-0.020089176600174983,-0.00022753296299539297,-0.068854546067208033,-0.012624430107185568,0.0014464924137126004,-0.25783288514344965,1.5168343990022279,0.00027255492238578721,-0.39950995381322885,1.4108026449344073,7.7483306576687556e-05,0.25783288514344965,-1.5168343990022279,-0.00027255492238578721,0.39950995381322885,-1.4108026449344073,-7.7483306576687556e-05,-1.3267204090965414,2.208800254273827,0,-1.4267204090965415,2.208800254273827,0,0.061126487449298106,0.051685526402924835,-8.5670393401009981e-05,0.079753913576156271,0.071091359799041395,0.00023759522061769328,-0.31895937259274776,1.4651488725993032,0.0003582253157867972,-0.47926386738938515,1.3397112851353659,-0.00016011191404100572,-0.25783288514344965,1.5168343990022279,0.00027255492238578721,-0.39950995381322885,1.4108026449344073,7.7483306576687556e-05,0,0,0,0,0,0,0,0,0,0,0,0
control,0,83,415,420,830000000,830000000,0,-1,0.01,1,1,0,0,none,0,0,1,1,-0.090438640227769998,9.878261912550289e-05,0.56552225322741301,0.99993366765278169,-7.7114002034116169e-05,-0.011517403621212433,-6.1332809418697176e-05,-0.0054585096306836957,-7.6110130725338989e-05,-0.00087537347133900541,-7.6228887507739449e-05,-0.0096218666913501141,0.0013145453010151469,-1.3295587175833017,2.206807975226702,0.00031862283323156801,-1.4254110514886682,2.2043376186274384,-0.001016406898208935,-0.018760933878749376,-0.019318538097188368,-0.00067834200034611698,-0.062588018543478521,-0.010957354267619044,0.0017168755244852231,-0.25731548666761561,1.5175621574208908,0.00029663188340450948,-0.40231375846424045,1.408658184071137,5.8688614721622121e-05,0.25731548666761561,-1.5175621574208908,-0.00029663188340450948,0.40231375846424045,-1.408658184071137,-5.8688614721622121e-05,-1.3267204090965414,2.208800254273827,0,-1.4267204090965415,2.208800254273827,0,0.062201102659247123,0.052885155711282029,-6.166974995216456e-05,0.07816973652073797,0.069987659158091797,0.00021907829323841935,-0.31951658932686272,1.4646770017096089,0.00035830163335667407,-0.48048349498497839,1.3386705249130453,-0.00016038967851679723,-0.25731548666761561,1.5175621574208908,0.00029663188340450948,-0.40231375846424045,1.408658184071137,5.8688614721622121e-05,0,0,0,0,0,0,0,0,0,0,0,0
control,0,84,420,425,840000000,840000000,0,-1,0.01,1,1,0,0,none,0,0,1,1,-0.090483128771779123,9.7453094073678999e-05,0.56551511270488231,0.99993321556598302,-7.6883815023357223e-05,-0.011556620317962002,-5.4987083684238366e-05,-0.003783773209780373,-0.00017015258740187277,-0.00060765640671414873,0.00010447692381472481,-0.0066723523143273015,0.0012196612809168745,-1.3297402403474032,2.2066207605495189,0.00030967321280338283,-1.4260021013388862,2.2042378176188557,-0.00099748246630052971,-0.017731573677529748,-0.018312149862683112,-0.0010797115520512388,-0.056722755723272095,-0.009296339443837235,0.0019032782446242072,-0.25721195076071185,1.5178495550265727,0.0003194587169591437,-0.4051179440839186,1.4064270369540117,4.3442724449180504e-05,0.25721195076071185,-1.5178495550265727,-0.0003194587169591437,0.4051179440839186,-1.4064270369540117,-4.3442724449180504e-05,-1.3267204090965414,2.208800254273827,0,-1.4267204090965415,2.208800254273827,0,0.062835335526636268,0.053622149485721082,-3.8916386238452908e-05,0.076464440493043864,0.068693749025410811,0.00020408082765894852,-0.32004728628734813,1.4642274055408517,0.0003583751031975966,-0.48158238457696245,1.337733287928601,-0.00016063810320976802,-0.25721195076071185,1.5178495550265727,0.0003194587169591437,-0.4051179440839186,1.4064270369540117,4.3442724449180504e-05,0,0,0,0,0,0,0,0,0,0,0,0
control,0,85,425,430,850000000,850000000,0,-1,0.01,1,1,0,0,none,0,0,1,1,-0.090511180065948049,9.5226411008004824e-05,0.56551060204247394,0.99993292968633329,-7.5794065528157864e-05,-0.011581363077933853,-4.9126611048954833e-05,-0.0021635719219764713,-0.00025684205083585735,-0.00034831744267802364,0.00027193281833438903,-0.0038187589976511511,0.0011270279723871192,-1.3299104008869802,2.2064447937197866,0.00029712962734836605,-1.4265367127364317,2.2041545738523078,-0.00097704392119874806,-0.016515347074950792,-0.017102949622398184,-0.0014304184082771087,-0.051225591726101818,-0.0076401296141224888,0.0020214209566696314,-0.25749254356270884,1.517725148235946,0.00034082685880120313,-0.40793277008124657,1.4041028998587732,3.1183209300208217e-05,0.25749254356270884,-1.517725148235946,-0.00034082685880120313,0.40793277008124657,-1.4041028998587732,-3.1183209300208217e-05,-1.3267204090965414,2.208800254273827,0,-1.4267204090965415,2.208800254273827,0,0.063052922097691463,0.053919951082081419,-1.7617967790654383e-05,0.074634031267834633,0.067208359479413393,0.00019204212852614281,-0.32054546566040032,1.4638051971538646,0.00035844482659185754,-0.4825668013490812,1.33689454037936,-0.0001608589192259346,-0.25749254356270884,1.517725148235946,0.00034082685880120313,-0.40793277008124657,1.4041028998587732,3.1183209300208217e-05,0,0,0,0,0,0,0,0,0,0,0,0
control,0,86,430,435,860000000,860000000,0,-1,0.01,1,1,0,0,none,0,0,1,1,-0.090523443641762791,9.2180359545206747e-05,0.56550861981582201,0.99993280446511867,-7.3915402300591819e-05,-0.011592203345306792,-4.373371636696283e-05,-0.00061497024276381919,-0.00033549309254432672,-0.00010024623862293703,0.00042467079548661987,-0.0010911829282588866,0.0010381845948663339,-1.3300675149112715,2.2062819070861703,0.00028148637439619401,-1.4270183972924788,2.2040878308547613,-0.00095569531388985151,-0.015144097736093444,-0.015724213072065688,-0.0017302266718651025,-0.046068494562249693,-0.0059905218021297953,0.0020855077902560267,-0.25812464364620502,1.5172211889256706,0.00036057545318067351,-0.41076392861607025,1.4016844791912508,2.1379515159222057e-05,0.25812464364620502,-1.5172211889256706,-0.00036057545318067351,0.41076392861607025,-1.4016844791912508,-2.1379515159222057e-05,-1.3267204090965414,2.208800254273827,0,-1.4267204090965415,2.208800254273827,0,0.062881416380901098,0.053806485859978263,2.0654212743969193e-06,0.072678600194622051,0.065534863731982335,0.0001824332046541541,-0.32100606002710613,1.4634147030656923,0.00035851003190627659,-0.48344252881069227,1.3361496154592685,-0.00016105368949493205,-0.25812464364620502,1.5172211889256706,0.00036057545318067351,-0.41076392861607025,1.4016844791912508,2.1379515159222057e-05,0,0,0,0,0,0,0,0,0,0,0,0
control,0,87,435,440,870000000,870000000,0,-1,0.01,1,1,0,0,none,0,0,1,1,-0.090520727331524498,8.8398675998598031e-05,0.56550903777739714,0.99993283211211548,-7.1324660255238785e-05,-0.01158985214670721,-3.8784724836206755e-05,0.00084703857595169307,-0.0004055709273077787,0.00013401632071210592,0.00056157861208630934,0.0014839318253496551,0.00095411401932438719,-1.3302102136833123,2.206133601835778,0.00026323503055557506,-1.4274504136603705,2.2040374985978555,-0.00093390895282845167,-0.013649176853510686,-0.014208964731839004,-0.0019797196555287884,-0.041228050741217485,-0.0043519732802291397,0.0021081717020309406,-0.25907350915803123,1.5163727403561778,0.00037858554859565065,-0.41361285531943692,1.399175142009992,1.3540257366956722e-05,0.25907350915803123,-1.5163727403561778,-0.00037858554859565065,0.41361285531943692,-1.399175142009992,-1.3540257366956722e-05,-1.3267204090965414,2.208800254273827,0,-1.4267204090965415,2.208800254273827,0,0.062351420321516103,0.05331327635434624,2.0015473609766914e-05,0.070602130877774102,0.063681028032001805,0.00017476410074698844,-0.32142492947954732,1.4630594640018315,0.00035857007498588372,-0.48421498619721104,1.3354941139779903,-0.00016122384338003172,-0.25907350915803123,1.5163727403561778,0.00037858554859565065,-0.41361285531943692,1.399175142009992,1.3540257366956722e-05,0,0,0,0,0,0,0,0,0,0,0,0
control,0,88,440,445,880000000,880000000,0,-1,0.01,1,1,0,0,none,0,0,1,1,-0.090503976288647245,8.3969564487017102e-05,0.56551170442247978,0.99993300289861342,-6.8103192416791669e-05,-0.011575141592667482,-3.4252405059056992e-05,0.0022095720440952512,-0.00046668659171501825,0.0003522900404106225,0.00068187262873762645,0.0038838644477639048,0.00087536218850669048,-1.3303374366883443,2.2060010534531242,0.00024285729798362424,-1.4278358105385207,2.2040034294378557,-0.00091204094389955306,-0.012061031007019118,-0.01258947692696363,-0.0021801564912717402,-0.03668492362098897,-0.0027311637195564066,0.0021004689505464205,-0.26030296700303068,1.5152168731002309,0.00039477507254447313,-0.41647712877609644,1.3965824606755319,7.2181279022682555e-06,0.26030296700303068,-1.5152168731002309,-0.00039477507254447313,0.41647712877609644,-1.3965824606755319,-7.2181279022682555e-06,-1.3267204090965414,2.208800254273827,0,-1.4267204090965415,2.208800254273827,0,0.061495877612162561,0.052474625238878199,3.6150635168499744e-05,0.068412202735233754,0.061658643610990507,0.00016858883564254491,-0.32179884461519326,1.4627422478613528,0.00035862443737597337,-0.48488933151133018,1.3349238170645414,-0.00016137070774027666,-0.26030296700303068,1.5152168731002309,0.00039477507254447313,-0.41647712877609644,1.3965824606755319,7.2181279022682555e-06,0,0,0,0,0,0,0,0,0,0,0,0
control,0,89,445,450,890000000,890000000,0,-1,0.01,1,1,0,0,none,0,0,1,1,-0.090474251782368398,7.8984272034613207e-05,0.56551644863505746,0.99993330548134418,-6.4335329322520114e-05,-0.011549006175240236,-3.0107860609689214e-05,0.003461869995060562,-0.00051859118699034942,0.00055276085773907889,0.0007850713958387456,0.0060896385988685759,0.00080214077071690654,-1.330448420589464,2.2058851217128006,0.00022081915356638964,-1.4281774642173806,2.2039853985611861,-0.00089034654575367866,-0.010408859948862923,-0.010896848911240374,-0.0023333474647891702,-0.032423305339569074,-0.0011365366442025009,0.0020719147667897118,-0.26177602972816494,1.5137919371953359,0.00040909434992257912,-0.41935093004552837,1.3939176852998016,2.0126912410660619e-06,0.26177602972816494,-1.5137919371953359,-0.00040909434992257912,0.41935093004552837,-1.3939176852998016,-2.0126912410660619e-06,-1.3267204090965414,2.208800254273827,0,-1.4267204090965415,2.208800254273827,0,0.060349427838365194,0.051326864099177111,5.0421627169541626e-05,0.066119619459422158,0.059483073517993854,0.00016350822538661799,-0.3221254575665301,1.4624650730961588,0.00035867272275303752,-0.4854705495049505,1.3344346117818078,-0.00016149553414555192,-0.26177602972816494,1.5137919371953359,0.00040909434992257912,-0.41935093004552837,1.3939176852998016,2.0126912410660619e-06,0,0,0,0,0,0,0,0,0,0,0,0
control,0,90,450,455,900000000,900000000,0,-1,0.01,1,1,0,0,none,0,0,1,1,-0.090432710035977359,7.3535727249327416e-05,0.56552308335117951,0.99993372723628249,-6.010696325621234e-05,-0.011512464100451649,-2.632195268079906e-05,0.0045952798501075129,-0.0005611691549766908,0.00073398018082299098,0.00087096988976694976,0.0080859970568461208,0.00073441383734066843,-1.330542685115879,2.2057863644533637,0.0001975661098763188,-1.4284781106888462,2.2039830890291578,-0.00086899500880601094,-0.0087203347562272993,-0.0091606578844044811,-0.0024415496140557887,-0.02843037627133713,0.00042216092237067673,0.0020305467768118473,-0.26345544863971948,1.5121369055442628,0.00042152229963845589,-0.42222554095521792,1.3911951714778432,-2.4283583179227075e-06,0.26345544863971948,-1.5121369055442628,-0.00042152229963845589,0.42222554095521792,-1.3911951714778432,2.4283583179227075e-06,-1.3267204090965414,2.208800254273827,0,-1.4267204090965415,2.208800254273827,0,0.058947814366392154,0.049907664672165661,6.2807647739893823e-05,0.063737983514662172,0.057172741552473552,0.00015917116380121087,-0.32240326300611161,1.4622292408720972,0.00035871465189856204,-0.48596352446988011,1.3340224299253696,-0.00016159952211913358,-0.26345544863971948,1.5121369055442628,0.00042152229963845589,-0.42222554095521792,1.3911951714778432,-2.4283583179227075e-06,0,0,0,0,0,0,0,0,0,0,0,0
control,0,91,455,460,910000000,910000000,0,-1,0.01,1,1,0,0,none,0,0,1,1,-0.090380581360714224,6.7717251584464499e-05,0.56553140918134526,0.99993425459203844,-5.5504254406962181e-05,-0.011466598879942617,-2.2866330384938707e-05,0.0056032175248961575,-0.0005944306943396929,0.00089485859503729039,0.00093961448259462569,0.0098613328668180397,0.00067196990009552547,-1.3306200164461486,2.2057050544536847,0.00017351941711632609,-1.4287403724682106,2.203996081349612,-0.00084808365543347921,-0.0070213695039652944,-0.0074086756149368774,-0.0025073765555789326,-0.024695784794133764,0.0019343253211208953,0.0019830111586322499,-0.26530420841324942,1.5102907857993728,0.00043206305915002993,-0.42508986050601055,1.3884317869469023,-6.4092997218528588e-06,0.26530420841324942,-1.5102907857993728,-0.00043206305915002993,0.42508986050601055,-1.3884317869469023,6.4092997218528588e-06,-1.3267204090965414,2.208800254273827,0,-1.4267204090965415,2.208800254273827,0,0.05732734245123372,0.048255411264112681,7.3313002644048833e-05,0.061283237651229824,0.054748587108898392,0.00015527453869843127,-0.32263155086448314,1.4620353745352601,0.00035875005650598112,-0.48637309815724039,1.3336831998380039,-0.00016168383842028413,-0.26530420841324942,1.5102907857993728,0.00043206305915002993,-0.42508986050601055,1.3884317869469023,-6.4092997218528588e-06,0,0,0,0,0,0,0,0,0,0,0,0
control,0,92,460,465,920000000,920000000,0,-1,0.01,1,1,0,0,none,0,0,1,1,-0.090319149815152183,6.162135135975257e-05,0.56554121793919143,0.99993487335367781,-5.0612456294326775e-05,-0.011412541386436496,-1.971413847192369e-05,0.006481106277196726,-0.00061850338313693121,0.0010346545410756982,0.00099127855384484385,0.011407581250419383,0.00061448062249394716,-1.3306804485917694,2.2056411988049747,0.00014907307094298451,-1.4289667803900561,2.2040238473985547,-0.00082765104091090487,-0.0053359413216627159,-0.0056666414298913725,-0.0025337225281553766,-0.021211157213505194,0.0033889228729504068,0.0019346602838459851,-0.26728596641287461,1.5082920928039449,0.00044074307719547116,-0.42793092213790562,1.3856463089377205,-1.0187334404056084e-05,0.26728596641287461,-1.5082920928039449,-0.00044074307719547116,0.42793092213790562,-1.3856463089377205,1.0187334404056084e-05,-1.3267204090965414,2.208800254273827,0,-1.4267204090965415,2.208800254273827,0,0.055524385925229361,0.046408627771064803,8.1964205124873484e-05,0.05877319134243264,0.052233498193841446,0.00015156229808097223,-0.32281035233810396,1.4618834650328802,0.00035877887207059767,-0.48670411348033826,1.333412810743879,-0.00016174963248502831,-0.26728596641287461,1.5082920928039449,0.00044074307719547116,-0.42793092213790562,1.3856463089377205,-1.0187334404056084e-05,0,0,0,0,0,0,0,0,0,0,0,0
control,0,93,465,470,930000000,930000000,0,-1,0.01,1,1,0,0,none,0,0,1,1,-0.090249733597220508,5.5338598064594746e-05,0.56555229602998502,0.99993556900914315,-4.5514858157960334e-05,-0.011351452557193444,-1.6840465175153464e-05,0.0072262957317095235,-0.0006336230734015903,0.0011529585997887837,0.0010264386783417545,0.012720076255484672,0.00056154774136635667,-1.3307242432258188,2.2055945602508418,0.00012459149925290937,-1.429159790705357,2.2040657484025736,-0.00080768906409725441,-0.0036859519739441925,-0.0039580872659988209,-0.0025236967369018605,-0.017969641986434977,0.0047748803017222457,0.0018896658937617608,-0.26936544307328902,1.5061783802575168,0.00044760851714536955,-0.4307344026406163,1.3828588388369913,-1.3974623674833768e-05,0.26936544307328902,-1.5061783802575168,-0.00044760851714536955,0.4307344026406163,-1.3828588388369913,1.3974623674833768e-05,-1.3267204090965414,2.208800254273827,0,-1.4267204090965415,2.208800254273827,0,0.053574937512245159,0.044405459174820701,8.8807387069220228e-05,0.056227042285438664,0.0496517500024568,0.00014782342454108826,-0.3229403805855342,1.4617729210826962,0.0003588011300761493,-0.48696144492605498,1.3332070888345346,-0.00016179804821592203,-0.26936544307328902,1.5061783802575168,0.00044760851714536955,-0.4307344026406163,1.3828588388369913,-1.3974623674833768e-05,0,0,0,0,0,0,0,0,0,0,0,0
control,0,94,470,475,940000000,940000000,0,-1,0.01,1,1,0,0,none,0,0,1,1,-0.090173666353519449,4.8956603526276844e-05,0.56556442765890669,0.9999363270119247,-4.0291842089111973e-05,-0.011284506909385431,-1.422258454853401e-05,0.0078379633734233251,-0.0006401241741901282,0.0012496740438607281,0.0010457513752986441,0.013797376294873414,0.00051273980339921088,-1.3307518683486514,2.2055646799816033,0.0001004078638093403,-1.4293217978540502,2.2041210365883113,-0.00078815393923473902,-0.0020911272467369173,-0.0023042125976884139,-0.002480562361147754,-0.014965493622541005,0.0060814348854384111,0.0018511356891654268,-0.27150876552494219,1.5039858333483505,0.00045272270857505065,-0.43348511130361794,1.3800902440053628,-1.7940835067577297e-05,0.27150876552494219,-1.5039858333483505,-0.00045272270857505065,0.43348511130361794,-1.3800902440053628,1.7940835067577297e-05,-1.3267204090965414,2.208800254273827,0,-1.4267204090965415,2.208800254273827,0,0.051514201895425549,0.042283210403216455,9.3905758914585624e-05,0.053664905523915965,0.047028459898030936,0.00014388939731215037,-0.32302296742036773,1.461702622945134,0.00035881694966046504,-0.48715001682753389,1.333061784107332,-0.00016183023237972767,-0.27150876552494219,1.5039858333483505,0.00045272270857505065,-0.43348511130361794,1.3800902440053628,-1.7940835067577297e-05,0,0,0,0,0,0,0,0,0,0,0,0
control,0,95,475,480,950000000,950000000,0,-1,0.01,1,1,0,0,none,0,0,1,1,-0.090092279567199007,4.2559095412498218e-05,0.56557739782585359,0.99993713303515308,-3.5020052819273884e-05,-0.011212877010337675,-1.1840040429886125e-05,0.0083170008513337619,-0.0006384294284936707,0.0013249943325824702,0.0010500303832565645,0.014641062765449599,0.00046762008561442112,-1.3307639761535832,2.2055509014286701,7.6822902229448125e-05,-1.4294551433367537,2.2041888600852313,-0.00076897600475468817,-0.0005689513910416789,-0.00072380201264074723,-0.0024076848872101424,-0.012193700947260456,0.0072984419339324376,0.0018212324182245337,-0.27368376542818462,1.5017489159064112,0.00045616390261433998,-0.43616744846262395,1.3773616342039445,-2.2216159403259017e-05,0.27368376542818462,-1.5017489159064112,-0.00045616390261433998,0.43616744846262395,-1.3773616342039445,2.2216159403259017e-05,-1.3267204090965414,2.208800254273827,0,-1.4267204090965415,2.208800254273827,0,0.049376231771063948,0.040077937160844249,9.7337373691672678e-05,0.051107362303437084,0.044389067362249568,0.00013963118051517977,-0.32305999719924855,1.4616709787455671,0.0003588265289226673,-0.48727481076606105,1.332972566841695,-0.00016184733991843878,-0.27368376542818462,1.5017489159064112,0.00045616390261433998,-0.43616744846262395,1.3773616342039445,-2.2216159403259017e-05,0,0,0,0,0,0,0,0,0,0,0,0
control,0,96,480,485,960000000,960000000,0,-1,0.01,1,1,0,0,none,0,0,1,1,-0.09000688616222155,3.6225097448323743e-05,0.56559099508026001,0.99993797319382738,-2.9771678039910452e-05,-0.011137719024571327,-9.674612067294772e-06,0.0086658874411667201,-0.00062903929662701274,0.0013793782244233719,0.0010402244601443325,0.01525551596600451,0.0004257671250452475,-1.3307613804197485,2.2055523946551312,5.4104239459496891e-05,-1.4295621211333454,2.2042682706363621,-0.00075006836407684756,0.00086536728735797923,0.00076681830375430974,-0.0023084860086309421,-0.0096496602513481029,0.0084166365893714595,0.0018012919085960049,-0.27586023404203625,1.4995000703577392,0.00045802316460722239,-0.43876582863890479,1.3746938812719696,-2.6894622711016476e-05,0.27586023404203625,-1.4995000703577392,-0.00045802316460722239,0.43876582863890479,-1.3746938812719696,2.6894622711016476e-05,-1.3267204090965414,2.208800254273827,0,-1.4267204090965415,2.208800254273827,0,0.04719360494744728,0.037824087968717904,9.9193028593698044e-05,0.048575034818668164,0.041758848765521321,0.00013495591379325401,-0.32305383898948353,1.4616759823890213,0.00035883013601352437,-0.48734086345757294,1.3329350325064482,-0.00016185053650427048,-0.27586023404203625,1.4995000703577392,0.00045802316460722239,-0.43876582863890479,1.3746938812719696,-2.6894622711016476e-05,0,0,0,0,0,0,0,0,0,0,0,0
control,0,97,485,490,970000000,970000000,0,-1,0.01,1,1,0,0,none,0,0,1,1,-0.089918765438371184,3.0028217534129349e-05,0.5656050140160227,0.99993883423332763,-2.4613837019389298e-05,-0.011060159438553869,-7.7101947640331338e-06,0.0088885530057847845,-0.00061252106950352499,0.0014135231544667943,0.001017395725768854,0.01564767250792248,0.0003867891030485898,-1.3307450337268905,2.2055681809761918,3.2486118300280745e-05,-1.4296449801188165,2.2043582336574961,-0.00073133438235936632,0.0021989025067120976,0.002153788982034156,-0.0021864022723964462,-0.0073288936129649101,0.009427849444636649,0.0017919378780771244,-0.2780101362005204,1.4972694682885184,0.00045840237826059657,-0.44126506381978942,1.3721071870854034,-3.2037577880360323e-05,0.2780101362005204,-1.4972694682885184,-0.00045840237826059657,0.44126506381978942,-1.3721071870854034,3.2037577880360323e-05,-1.3267204090965414,2.208800254273827,0,-1.4267204090965415,2.208800254273827,0,0.044997141804120185,0.03555419609857112,9.9574278129738078e-05,0.046088192686746722,0.039162473229016087,0.00012980342080395364,-0.32300727800464057,1.4617152721899473,0.00035882810013085847,-0.48735325650653616,1.3329447138563872,-0.00016184099868431397,-0.2780101362005204,1.4972694682885184,0.00045840237826059657,-0.44126506381978942,1.3721071870854034,-3.2037577880360323e-05,0,0,0,0,0,0,0,0,0,0,0,0
control,0,98,490,495,980000000,980000000,0,-1,0.01,1,1,0,0,none,0,0,1,1,-0.089829149428154731,2.4036045711737365e-05,0.56561925749288422,0.999939703683703,-1.9608075052621161e-05,-0.010981283043283286,-5.9326230034583247e-06,0.0089902327595236028,-0.00058949783628234841,0.0014283374867790819,0.00098269858712745077,0.015826768346615627,0.00035033320922440818,-1.3307160047604305,2.2055971574795432,1.2169506091476483e-05,-1.429705923923597,2.2044576401853497,-0.00071267408023933726,0.0034209902756725291,0.0034256943320224017,-0.0020448477762675566,-0.0052268116344372888,0.010325176401373114,0.0017931920089494886,-0.28010778465546887,1.4950848094489726,0.00045741233951319884,-0.44365070403008861,1.3696207034321319,-3.7677288339988616e-05,0.28010778465546887,-1.4950848094489726,-0.00045741233951319884,0.44365070403008861,-1.3696207034321319,3.7677288339988616e-05,-1.3267204090965414,2.208800254273827,0,-1.4267204090965415,2.208800254273827,0,0.042815662553160085,0.033298620033371591,9.859153698593489e-05,0.04366639537632129,0.036623604459667308,0.00012414262362432676,-0.32292344720862898,1.461786189415601,0.00035882080252726392,-0.48731709940640988,1.3329970989724647,-0.00016181991196431537,-0.28010778465546887,1.4950848094489726,0.00045741233951319884,-0.44365070403008861,1.3696207034321319,-3.7677288339988616e-05,0,0,0,0,0,0,0,0,0,0,0,0
control,0,99,495,500,990000000,990000000,0,-1,0.01,1,1,0,0,none,0,0,1,1,-0.089739210743998626,1.8309662667631309e-05,0.56563353857644039,0.99994056998038894,-1.4809960945382076e-05,-0.010902122234520412,-4.3294582442655105e-06,0.0089773160855840181,-0.00056063743316318317,0.0014249122034142533,0.00093735930823822772,0.015804071449671261,0.00031609098020871529,-1.3306754559511631,2.2056381211500509,-6.677459681965935e-06,-1.42974710867501,2.2045653202662963,-0.00069398947883789371,0.0045231856586716631,0.0045735110163675503,-0.001887180450080528,-0.0033385193338750746,0.01110310435469886,0.0018045780547007652,-0.2821299761374147,1.492971166976357,0.00045517092803362284,-0.44590933319113901,1.3672522055831458,-4.3820526260728609e-05,0.2821299761374147,-1.492971166976357,-0.00045517092803362284,0.44590933319113901,-1.3672522055831458,4.3820526260728609e-05,-1.3267204090965414,2.208800254273827,0,-1.4267204090965415,2.208800254273827,0,0.040675783767452532,0.031085330960762016,9.6362260408616176e-05,0.041328173942434147,0.03416455155832037,0.00011796794091632983,-0.32280575990486721,1.4618858360155951,0.00035880866762500667,-0.48723750713357317,1.3330876540248253,-0.00016178846717705844,-0.2821299761374147,1.492971166976357,0.00045517092803362284,-0.44590933319113901,1.3672522055831458,-4.3820526260728609e-05,0,0,0,0,0,0,0,0,0,0,0,0
control,0,100,500,505,1000000000,1000000000,0,-1,0.01,1,1,0,0,none,0,0,1,1,-0.089650051962098409,1.2903258209374977e-05,0.5656476821942259,0.99994142255299101,-1.0268784313913617e-05,-0.010823647670840708,-2.889758981281597e-06,0.0088571915780834582,-0.00052664149745732197,0.0014044925354879246,0.00088265630238646201,0.01559260796882485,0.0002838004739617414,-1.3306246216716042,2.2056897923357788,-2.3918720228700403e-05,-1.4297706390400311,2.2046800573574208,-0.00067518896069228371,0.0054991982160944594,0.0055905317451324966,-0.0017166716020263345,-0.0016586632747418264,0.01175759502091569,0.0018252190360368737,-0.28405609046936303,1.4909508765219732,0.00045180135049237909,-0.44802881939183581,1.3650178200517304,-5.0452119064848974e-05,0.28405609046936303,-1.4909508765219732,-0.00045180135049237909,0.44802881939183581,-1.3650178200517304,5.0452119064848974e-05,-1.3267204090965414,2.208800254273827,0,-1.4267204090965415,2.208800254273827,0,0.03860175357661183,0.028939745638879695,9.300919616992685e-05,0.039090754233987696,0.031805970465500787,0.00011129573640584141,-0.32265784404597486,1.4620111308830934,0.00035879215432245225,-0.48711957362582353,1.3332118495862297,-0.00016174785547069039,-0.28405609046936303,1.4909508765219732,0.00045180135049237909,-0.44802881939183581,1.3650178200517304,-5.0452119064848974e-05,0,0,0,0,0,0,0,0,0,0,0,0
control,0,101,505,510,1010000000,1010000000,0,-1,0.01,1,1,0,0,none,0,0,1,1,-0.089562696568122338,7.8638579373191802e-06,0.56566152651002399,0.99994225188453756,-6.0273490064040144e-06,-0.010746760310880262,-1.6038467223966309e-06,0.0086380903838047772,-0.00048823474653312074,0.0013684499806114287,0.00081990123455523466,0.01520688559967657,0.00025324601582356467,-1.3305647871896928,2.2057508373237282,-3.944926960502584e-05,-1.4297785629674868,2.2048006033382088,-0.00065619071865102548,0.0063448082224798648,0.0064722670848957045,-0.0015364785406100795,-0.00018131753246231834,0.012286129801843189,0.0018539269005514989,-0.28586815413577582,1.4890434668392982,0.00044743045547924402,-0.44999851961161813,1.3629318059152691,-5.7538391669278164e-05,0.28586815413577582,-1.4890434668392982,-0.00044743045547924402,0.44999851961161813,-1.3629318059152691,5.7538391669278164e-05,-1.3267204090965414,2.208800254273827,0,-1.4267204090965415,2.208800254273827,0,0.036615324784097153,0.026884602773841429,8.8658707912011729e-05,0.036969822750037365,0.029566616524653134,0.00010416087056773268,-0.322483478919873,1.4621588640654568,0.00035877174756723232,-0.48696834236165548,1.333365189390616,-0.00016169926223701085,-0.28586815413577582,1.4890434668392982,0.00044743045547924402,-0.44999851961161813,1.3629318059152691,-5.7538391669278164e-05,0,0,0,0,0,0,0,0,0,0,0,0
control,0,102,510,515,1020000000,1020000000,0,-1,0.01,1,1,0,0,none,0,0,1,1,-0.089478081469887893,3.2311551753947866e-06,0.56567492402260322,0.99994304954418267,-2.1218584448382484e-06,-0.010672284833358501,-4.6307818457093924e-07,0.0083289298049872024,-0.00044615459487988123,0.0013182550872052464,0.00075042102884288135,0.014662617600040581,0.0002242561383580002,-1.330497268559707,2.2058198898239754,-5.3193883603975717e-05,-1.4297728655016997,2.2049256937626209,-0.00063692536945249485,0.0070577657365473315,0.0072163283791927537,-0.001349620170561578,0.0011000942621207965,0.012687719009482725,0.0018892842610850763,-0.28755086983648187,1.4872656292435973,0.00044218712387249383,-0.45180943969866716,1.3610063881331711,-6.5030462498915785e-05,0.28755086983648187,-1.4872656292435973,-0.00044218712387249383,0.45180943969866716,-1.3610063881331711,6.5030462498915785e-05,-1.3267204090965414,2.208800254273827,0,-1.4267204090965415,2.208800254273827,0,0.034735664953165331,0.02493988082943023,8.3439173609271624e-05,0.034979335468716795,0.027463147620248499,9.6613397781494624e-05,-0.32228653478964719,1.462325748414167,0.00035874795026322219,-0.48678877516738395,1.3335432405129226,-0.00016164386028041041,-0.28755086983648187,1.4872656292435973,0.00044218712387249383,-0.45180943969866716,1.3610063881331711,-6.5030462498915785e-05,0,0,0,0,0,0,0,0,0,0,0,0
control,0,103,515,520,1030000000,1030000000,0,-1,0.01,1,1,0,0,none,0,0,1,1,-0.089397051063274557,-9.6255585909875808e-07,0.56568774239851161,0.99994380819670026,1.4181118367579115e-06,-0.010600964426809476,5.4036879133082875e-07,0.0079391589958544978,-0.00040114121439914496,0.0012554513228524445,0.00067554087834178491,0.013976450699363794,0.00019670023328512945,-1.3304233936094974,2.2058955711902608,-6.510563203579426e-05,-1.4297554620103956,2.2050540630162354,-0.00061733781132169334,0.0076376746029834458,0.0078222946778573436,-0.0011589555141098714,0.0021928438311259978,0.012962879061741527,0.0019297180164891681,-0.28909161373568093,1.4856312232214488,0.00043620074088716171,-0.45345435106008253,1.3592516405365298,-7.2867359933801994e-05,0.28909161373568093,-1.4856312232214488,-0.00043620074088716171,0.45345435106008253,-1.3592516405365298,7.2867359933801994e-05,-1.3267204090965414,2.208800254273827,0,-1.4267204090965415,2.208800254273827,0,0.032979302250995872,0.023122754986008062,7.7479465316231843e-05,0.033131369219560038,0.025509976498486537,8.8715442572049585e-05,-0.32207091598667681,1.4625084682354408,0.0003587212755709299,-0.48658572027964259,1.3337416640380433,-0.00016158280250585158,-0.28909161373568093,1.4856312232214488,0.00043620074088716171,-0.45345435106008253,1.3592516405365298,-7.2867359933801994e-05,0,0,0,0,0,0,0,0,0,0,0,0
control,0,104,520,525,1040000000,1040000000,0,-1,0.01,1,1,0,0,none,0,0,1,1,-0.089320352820143126,-4.6923506602610533e-06,0.56569986505135728,0.9999445215922852,4.5695596965856426e-06,-0.010533456920556043,1.4136904250375411e-06,0.0074786084444863499,-0.0003539281333543891,0.0011816302825612857,0.00059656835263997756,0.013165699872286659,0.00017048434303447416,-1.3303444841623777,2.205976509233524,-7.5164202679332208e-05,-1.4297281911383781,2.2051844590802072,-0.00059738840541211872,0.0080858634678375521,0.0082915664903304587,-0.00096716514633264162,0.0031049133162653186,0.013113581424303633,0.001973564904412329,-0.2904804022913674,1.4841513153218027,0.00042959975777426485,-0.45492786605689406,1.3576754155721882,-8.0978937976764127e-05,0.2904804022913674,-1.4841513153218027,-0.00042959975777426485,0.45492786605689406,-1.3576754155721882,8.0978937976764127e-05,-1.3267204090965414,2.208800254273827,0,-1.4267204090965415,2.208800254273827,0,0.031360105588279091,0.021447590748140639,7.0907518120431748e-05,0.031436014527641269,0.02371917018698172,8.0538276403019159e-05,-0.32184050787964652,1.462703724573662,0.0003586922396538331,-0.48636388058453534,1.3339562453852065,-0.00016151721437978329,-0.2904804022913674,1.4841513153218027,0.00042959975777426485,-0.45492786605689406,1.3576754155721882,-8.0978937976764127e-05,0,0,0,0,0,0,0,0,0,0,0,0
control,0,105,525,530,1050000000,1050000000,0,-1,0.01,1,1,0,0,none,0,0,1,1,-0.089248634351038664,-7.9405547164236083e-06,0.56571119148221094,0.99994518454019043,7.3159256577373548e-06,-0.01047033221443339,2.1636299858442155e-06,0.006957344776232762,-0.00030523345869902063,0.0010984084345705186,0.00051477869354773348,0.012248092666651033,0.00014554643455777722,-1.3302618396108703,2.2060613555125976,-8.3374065458151057e-05,-1.4296928077655189,2.2053156576421209,-0.00057705356058292752,0.0084052459497543971,0.0086272091023799347,-0.00077673559234450913,0.003844983869675946,0.013143177174826517,0.0020191289540864026,-0.29170983081835045,1.4828342483109158,0.00042251035417102429,-0.4562264746208376,1.3562833173750406,-8.9288565921527864e-05,0.29170983081835045,-1.4828342483109158,-0.00042251035417102429,0.4562264746208376,-1.3562833173750406,8.9288565921527864e-05,-1.3267204090965414,2.208800254273827,0,-1.4267204090965415,2.208800254273827,0,0.029889297247314837,0.019925971481182261,6.3848999254670778e-05,0.02990130822321441,0.02210039381823322,7.2159620470558109e-05,-0.32159912806566526,1.4629082768297335,0.0003586613549163535,-0.486127782844052,1.3341829235568075,-0.00016144818639208597,-0.29170983081835045,1.4828342483109158,0.00042251035417102429,-0.4562264746208376,1.3562833173750406,-8.9288565921527864e-05,0,0,0,0,0,0,0,0,0,0,0,0
control,0,106,530,535,1060000000,1060000000,0,-1,0.01,1,1,0,0,none,0,0,1,1,-0.089182441881023158,-1.0696540152654627e-05,0.56572163739742809,0.9999457928695954,9.6468921268789969e-06,-0.010412070952146548,2.7966267949041239e-06,0.0063855322594847698,-0.00025575179488736489,0.0010074055499522977,0.00043140138100352255,0.011241525497234518,0.00012185143298240744,-1.33017672193837,2.2061488010128425,-8.9762504650323685e-05,-1.4296509762139393,2.2054464753323351,-0.00055632579943768552,0.0086001720598145592,0.0088337880528592191,-0.00058994654761994564,0.0044224011231820707,0.013056301009883337,0.0020647311887602823,-0.29277498604302971,1.4816857375368011,0.00041505520254831656,-0.45734854488448995,1.3550787144677128,-9.7715586327291794e-05,0.29277498604302971,-1.4816857375368011,-0.00041505520254831656,0.45734854488448995,-1.3550787144677128,9.7715586327291794e-05,-1.3267204090965414,2.208800254273827,0,-1.4267204090965415,2.208800254273827,0,0.02857549601222098,0.018566757052524956,5.642607877609439e-05,0.028533203724000599,0.020660895783077962,6.3661180393291517e-05,-0.32135048205525069,1.4631189804842761,0.00035862912377222219,-0.48588174860849054,1.3344178186846347,-0.00016137676672058331,-0.29277498604302971,1.4816857375368011,0.00041505520254831656,-0.45734854488448995,1.3550787144677128,-9.7715586327291794e-05,0,0,0,0,0,0,0,0,0,0,0,0
control,0,107,535,540,1070000000,1070000000,0,-1,0.01,1,1,0,0,none,0,0,1,1,-0.089122220064174112,-1.2956446071743419e-05,0.56573113462136126,0.99994634338084931,1.1558119122459669e-05,-0.010359064371990155,3.3189406608812719e-06,0.0057733022259183189,-0.00020614692001915332,0.00091022491488218645,0.000347608038739583,0.010163834011307639,9.9386231316737927e-05,-1.3300903422637633,2.2062375901488593,-9.4377547141752377e-05,-1.4296042639157516,2.2055757819020871,-0.00053521338001647671,0.0086762729993453327,0.0089171992692141239,-0.0004088610551165932,0.0048471209135588379,0.01285875844039467,0.0021087518669133318,-0.29367333514332061,1.4807089913564795,0.00040735234987364046,-0.45829429094344021,1.354062788148801,-0.00010617753361344095,0.29367333514332061,-1.4807089913564795,-0.00040735234987364046,0.45829429094344021,-1.354062788148801,0.00010617753361344095,-1.3267204090965414,2.208800254273827,0,-1.4267204090965415,2.208800254273827,0,0.027424788507644737,0.01737617059579049,4.8756316898355368e-05,0.027335576460182368,0.019405530800286067,5.5126420659276415e-05,-0.32109812365096535,1.463332820760689,0.00035859603297528508,-0.48562986740362257,1.3346572573485149,-0.00016130395427271736,-0.29367333514332061,1.4807089913564795,0.00040735234987364046,-0.45829429094344021,1.354062788148801,-0.00010617753361344095,0,0,0,0,0,0,0,0,0,0,0,0
control,0,108,540,545,1080000000,1080000000,0,-1,0.01,1,1,0,0,none,0,0,1,1,-0.089068313051193337,-1.4722830466483153e-05,0.56573963082217571,0.99994683378990712,1.305092340226714e-05,-0.010311615259031936,3.7367520780289037e-06,0.005130631446181878,-0.0001570452677134276,0.00080843538424985408,0.00026450173753507847,0.0090325793297665463,7.8154839057013509e-05,-1.3300038489628003,2.206326533051679,-9.7285814586013376e-05,-1.4295541357190542,2.2057025111964355,-0.0005137395446435871,0.0086403014544283591,0.0088844962293905382,-0.00023531851955835544,0.0051296386143621104,0.012557399796693642,0.002149665580602575,-0.29440459393595081,1.4799048524474603,0.00039951421889162001,-0.45906571112428701,1.3532346124764292,-0.00011459210788952079,0.29440459393595081,-1.4799048524474603,-0.00039951421889162001,0.45906571112428701,-1.3532346124764292,0.00011459210788952079,-1.3267204090965414,2.208800254273827,0,-1.4267204090965415,2.208800254273827,0,0.026440826213464226,0.016357910321689605,4.0951670353721786e-05,0.026310261548609101,0.018336817233657821,4.6638584362947364e-05,-0.32084542014941503,1.4635469421257707,0.0003585625485378982,-0.48537597267289612,1.3348977952427714,-0.00016123069225246816,-0.29440459393595081,1.4799048524474603,0.00039951421889162001,-0.45906571112428701,1.3532346124764292,-0.00011459210788952079,0,0,0,0,0,0,0,0,0,0,0,0
control,0,109,545,550,1090000000,1090000000,0,-1,0.01,1,1,0,0,none,0,0,1,1,-0.089020966715183225,-1.6004261984151134e-05,0.56574708906935922,0.99994726266837908,1.4131908130726646e-05,-0.010269939914744277,4.0562392071148168e-06,0.0044672303311348851,-0.00010903025049604435,0.00070355530130517289,0.00018310773836135541,0.0078648516647067419,5.8173792210869279e-05,-1.3299183173991782,2.206414516123655,-9.8570326493885706e-05,-1.4295019489770975,2.2058256708101971,-0.00049194146335183072,0.0084999694551062786,0.0087437163723551852,-7.0930503882932734e-05,0.0052809053109606294,0.012159984473354271,0.0021860696755163617,-0.29497057698081752,1.4792719568280199,0.00039164673439735987,-0.4596665002508401,1.3525912617152813,-0.00012287890714478007,0.29497057698081752,-1.4792719568280199,-0.00039164673439735987,0.4596665002508401,-1.3525912617152813,0.00012287890714478007,-1.3267204090965414,2.208800254273827,0,-1.4267204090965415,2.208800254273827,0,0.025624945448981896,0.015513283243530702,3.3117623142312349e-05,0.025457120600230587,0.017455024853527241,3.8278955229731132e-05,-0.32059552242979944,1.4637586735844892,0.0003585291112550475,-0.48512362085107069,1.3351362368617541,-0.0001611578623745112,-0.29497057698081752,1.4792719568280199,0.00039164673439735987,-0.4596665002508401,1.3525912617152813,-0.00012287890714478007,0,0,0,0,0,0,0,0,0,0,0,0
control,0,110,550,555,1100000000,1100000000,0,-1,0.01,1,1,0,0,none,0,0,1,1,-0.088980331932974652,-1.6814860107050461e-05,0.56575348724159014,0.9999476293812033,1.4812550396148249e-05,-0.01023417105346402,4.2836331606857053e-06,0.0037924416575190029,-6.26374480305574e-05,0.00059703828044639694,0.00010436570202790892,0.0066770925129966364,3.9467911594794781e-05,-1.3298347412780234,2.2065005108655811,-9.8328280462088569e-05,-1.4294489495339473,2.2059443503480671,-0.00046986893474100657,0.0082637858043138352,0.0085037088186224723,8.2920793677948096e-05,0.0053122339281474916,0.011675038622477089,0.0022167064485676467,-0.29537503245824959,1.4788069074512991,0.00038384857730006995,-0.46010193949067418,1.3521279411414562,-0.00013096092182849522,0.29537503245824959,-1.4788069074512991,-0.00038384857730006995,0.46010193949067418,-1.3521279411414562,0.00013096092182849522,-1.3267204090965414,2.208800254273827,0,-1.4267204090965415,2.208800254273827,0,0.024976307471312503,0.01484135767101712,2.5352444454729165e-05,0.02477413435664812,0.016758289175402574,3.0125357993919638e-05,-0.32035133992956211,1.4639655497802819,0.00035849613284534077,-0.48487607384732229,1.3353696519660536,-0.00016108627982241484,-0.29537503245824959,1.4788069074512991,0.00038384857730006995,-0.46010193949067418,1.3521279411414562,-0.00013096092182849522,0,0,0,0,0,0,0,0,0,0,0,0
control,0,111,555,560,1110000000,1110000000,0,-1,0.01,1,1,0,0,none,0,0,1,1,-0.088946468813416502,-1.7173792473427012e-05,0.56575881730346733,0.99994793402352189,1.5108753975864253e-05,-0.01020436152994828,4.4252534618231689e-06,0.0031151503480689644,-1.8350671431801741e-05,0.0004902608282591343,2.9123375539026029e-05,0.0054849363297204854,2.2066468214553149e-05,-1.3297540256149112,2.2065835810001699,-9.6668834627530463e-05,-1.4293962686898842,2.2060577282407592,-0.00044758290239256733,0.0079408950026858029,0.0081739652882549581,0.00022508150450996687,0.0052351982546193845,0.011111709260408749,0.0022404796149323326,-0.2956234647330282,1.478504459314036,0.00037621056787581747,-0.46037876738585337,1.3518381371811687,-0.00013876579905256685,0.2956234647330282,-1.478504459314036,-0.00037621056787581747,0.46037876738585337,-1.3518381371811687,0.00013876579905256685,-1.3267204090965414,2.208800254273827,0,-1.4267204090965415,2.208800254273827,0,0.024492055716408327,0.014339131351502089,1.7746575162760795e-05,0.024257517738183455,0.016242748506200399,2.2250889971153561e-05,-0.32011552044943653,1.464165327962534,0.00035846399271305667,-0.48463628512403684,1.3355953886749683,-0.00016101668902372039,-0.2956234647330282,1.478504459314036,0.00037621056787581747,-0.46037876738585337,1.3518381371811687,-0.00013876579905256685,0,0,0,0,0,0,0,0,0,0,0,0
control,0,112,560,565,1120000000,1120000000,0,-1,0.01,1,1,0,0,none,0,0,1,1,-0.088919351759728121,-1.7104738104888178e-05,0.56576308446924728,0.99994817735794228,1.5040374747777531e-05,-0.010180488798634077,4.4875257608078696e-06,0.0024437046718326755,2.3401096803349924e-05,0.00038451176108461534,-4.1868251566929532e-05,0.0043030722990891465,5.9997891985602934e-06,-1.3296769812950602,2.2066628879339105,-9.3710916001301173e-05,-1.4293449212014744,2.2061650770971482,-0.00042515384001808542,0.0075409194671244703,0.0077644559337150202,0.00035462266123582322,0.0050615276182771445,0.010479617491345072,0.0022564655497002216,-0.29572294749529981,1.4783577131067105,0.00036881517706718349,-0.4605050356410243,1.3517137829909052,-0.00014622688577175147,0.29572294749529981,-1.4783577131067105,-0.00036881517706718349,0.4605050356410243,-1.3517137829909052,0.00014622688577175147,-1.3267204090965414,2.208800254273827,0,-1.4267204090965415,2.208800254273827,0,0.024167487181538265,0.014001712178424962,1.0382141738599187e-05,0.023901853831778647,0.015902699883128313,1.4722874520414525e-05,-0.31989043467683809,1.4643560009282854,0.00035843303532858431,-0.48440688947280292,1.335811083107777,-0.000160949760292166,-0.29572294749529981,1.4783577131067105,0.00036881517706718349,-0.4605050356410243,1.3517137829909052,-0.00014622688577175147,0,0,0,0,0,0,0,0,0,0,0,0
control,0,113,565,570,1130000000,1130000000,0,-1,0.01,1,1,0,0,none,0,0,1,1,-0.088898875250313467,-1.6635325236398349e-05,0.56576630627124258,0.99994836075298787,1.4630726068451009e-05,-0.010162460002951453,4.4769840110174779e-06,0.0017858490717593744,6.2245898539030694e-05,0.00028098336526214275,-0.00010795834290023838,0.0031451265444324482,-8.7036786753890567e-06,-1.3296043211801285,2.2067376946153852,-8.958107666355877e-05,-1.4292958043450124,2.2062657675978454,-0.00040266005346504212,0.0070738067181410945,0.0072854716127000105,0.00047083454964313585,0.0048029997491719585,0.0097887132800126998,0.0022639198191662592,-0.29568193034264617,1.4783583145677732,0.0003617361637348463,-0.46048995315430585,1.3517454357576144,-0.00015328406228511934,0.29568193034264617,-1.4783583145677732,-0.0003617361637348463,0.46048995315430585,-1.3517454357576144,0.00015328406228511934,-1.3267204090965414,2.208800254273827,0,-1.4267204090965415,2.208800254273827,0,0.0239962349258332,0.013822508482251829,3.3325955169108369e-06,0.023700243357892087,0.015730770191759561,7.6020250811996627e-06,-0.31967816526847936,1.4645358060855214,0.00035840356821793546,-0.48419019651219797,1.3360146655658549,-0.00016088608736631899,-0.29568193034264617,1.4783583145677732,0.0003617361637348463,-0.46048995315430585,1.3517454357576144,-0.00015328406228511934,0,0,0,0,0,0,0,0,0,0,0,0
control,0,114,570,575,1140000000,1140000000,0,-1,0.01,1,1,0,0,none,0,0,1,1,-0.088884860221281142,-1.5796552267299721e-05,0.56576851154994123,0.99994848612322296,1.3906071275632855e-05,-0.010150117592122403,4.4002593415137431e-06,0.0011486686752810154,9.7870153475192851e-05,0.00018076423733199675,-0.00016859820177526224,0.0020235648568666252,-2.2019846927018246e-05,-1.3295366577041747,2.2068073678622899,-8.4411417988364788e-05,-1.4292496980479799,2.2063592709583091,-0.0003801859426891185,0.0065496830610127198,0.0067474739380173031,0.00057321903733272114,0.0044713341468786607,0.0090491339249084025,0.0022622795056483308,-0.29551004159033634,1.4784966568519895,0.00035503833407553987,-0.46034372166606302,1.3519224622083645,-0.00015988437833029618,0.29551004159033634,-1.4784966568519895,-0.00035503833407553987,0.46034372166606302,-1.3519224622083645,0.00015988437833029618,-1.3267204090965414,2.208800254273827,0,-1.4267204090965415,2.208800254273827,0,0.023970458700080501,0.01379342603141869,-3.3375264701266241e-06,0.023644466196942035,0.015718098898852163,9.4180752431900934e-07,-0.31948050029041686,1.4647032308205707,0.00035837586054566649,-0.48398818786300507,1.3362043633095124,-0.00016082618585461521,-0.29551004159033634,1.4784966568519895,0.00035503833407553987,-0.46034372166606302,1.3519224622083645,-0.00015988437833029618,0,0,0,0,0,0,0,0,0,0,0,0
control,0,115,575,580,1150000000,1150000000,0,-1,0.01,1,1,0,0,none,0,0,1,1,-0.088877060934219751,-1.4622200077272385e-05,0.56576973938224251,0.99994855587126874,1.2895110236260091e-05,-0.010143245363223556,4.2640578414578775e-06,0.00053854540138291332,0.00013001920108686088,8.4833735652666949e-05,-0.00022334190115206885,0.00094961577634340136,-3.3931013164583062e-05,-1.3294745018861056,2.2068713792416701,-7.8337601050781837e-05,-1.429207266071552,2.2064451600095758,-0.00035782026177961319,0.0059787151155026213,0.0061609542537830317,0.00066148009414532748,0.0040780880039828831,0.0082710681198624163,0.0022511618406296464,-0.29521788997519061,1.4787620833873254,0.00034877741787754928,-0.4600773662015657,1.352233229028764,-0.00016598250607693062,0.29521788997519061,-1.4787620833873254,-0.00034877741787754928,0.4600773662015657,-1.352233229028764,0.00016598250607693062,-1.3267204090965414,2.208800254273827,0,-1.4267204090965415,2.208800254273827,0,0.024081040801516199,0.013905069005208071,-9.5727243920318283e-06,0.02372515169415166,0.015854528991220519,-5.2120134975983741e-06,-0.31929893077670679,1.4648570143821174,0.00035835014226958111,-0.48380251789571738,1.3363787000375436,-0.00016077049257933224,-0.29521788997519061,1.4787620833873254,0.00034877741787754928,-0.4600773662015657,1.352233229028764,-0.00016598250607693062,0,0,0,0,0,0,0,0,0,0,0,0
control,0,116,580,585,1160000000,1160000000,0,-1,0.01,1,1,0,0,none,0,0,1,1,-0.088875172214446532,-1.3148243592306421e-05,0.56577003796349412,0.99994857283171534,1.1628466554743333e-05,-0.010141574827816854,4.0751293997682332e-06,-3.8874555108396615e-05,0.00015849707050073143,-5.942028811804326e-06,-0.00027184562315657674,-6.6786370330043873e-05,-4.4427457474289855e-05,-1.329418263673448,2.2069293045982814,-7.1496959228126774e-05,-1.4291690582080778,2.206523108961933,-0.00033565441025758453,0.0053709803686331449,0.0055363024990844603,0.00073551272868472,0.0036345565020833408,0.0074646272121069489,0.002230359625612471,-0.29481686776657667,1.4791430888771122,0.00034300005517430283,-0.45970256330731341,1.352665295148447,-0.00017154102399981954,0.29481686776657667,-1.4791430888771122,-0.00034300005517430283,0.45970256330731341,-1.352665295148447,0.00017154102399981954,-1.3267204090965414,2.208800254273827,0,-1.4267204090965415,2.208800254273827,0,0.024317784369928548,0.014146942357920205,-1.5326548665797967e-05,0.023931954585310652,0.016128802924566803,-1.0821658203348199e-05,-0.31913465213650521,1.4649961465191921,0.00035832660384010082,-0.48363451789262407,1.3365364922238803,-0.00016071936579647132,-0.29481686776657667,1.4791430888771122,0.00034300005517430283,-0.45970256330731341,1.352665295148447,-0.00017154102399981954,0,0,0,0,0,0,0,0,0,0,0,0
control,0,117,585,590,1170000000,1170000000,0,-1,0.01,1,1,0,0,none,0,0,1,1,-0.088878836947842613,-1.1412270054568584e-05,0.56576946345828671,0.99994854021679669,1.013818169904051e-05,-0.010144791805045444,3.8402296316265178e-06,-0.000578702193190612,0.00018316552325975386,-9.081273601375714e-05,-0.00031386578235517742,-0.001017039068077915,-5.3508633392761034e-05,-1.3293682535217377,2.206980822334442,-6.4026726584125629e-05,-1.4291355134409047,2.2065928919313591,-0.00031378078400230854,0.0047363477120777268,0.0048836867194386839,0.00079539062469306332,0.0031516790146159336,0.0066397249912624294,0.0021998339633915961,-0.2943189575798052,1.4796275163236405,0.00033774388315283791,-0.45923146981188057,1.3532056031273441,-0.00017653054922375566,0.2943189575798052,-1.4796275163236405,-0.00033774388315283791,0.45923146981188057,-1.3532056031273441,0.00017653054922375566,-1.3267204090965414,2.208800254273827,0,-1.4267204090965415,2.208800254273827,0,0.024669611534238738,0.014507653193461268,-2.056151325941548e-05,0.02425373361043457,0.016528760622720892,-1.5857462968887247e-05,-0.31898856911404394,1.4651198631301792,0.0003583053964122534,-0.48348520342231516,1.3366768425046232,-0.00016067308625486841,-0.2943189575798052,1.4796275163236405,0.00033774388315283791,-0.45923146981188057,1.3532056031273441,-0.00017653054922375566,0,0,0,0,0,0,0,0,0,0,0,0
control,0,118,590,595,1180000000,1180000000,0,-1,0.01,1,1,0,0,none,0,0,1,1,-0.088887653728397686,-9.4529109164965298e-06,0.56576807883421121,0.9999484615636024,8.457221830897837e-06,-0.010152543146602062,3.5660767972814644e-06,-0.0010768165908624692,0.0002039424303481652,-0.00016914501206764503,-0.00034925604242990154,-0.0018938906379581675,-6.1183977147383854e-05,-1.3293246851051201,2.207025710551465,-5.6062393533635386e-05,-1.4291069639997123,2.2066543803203218,-0.00029229120970716024,0.0040843688126165822,0.0042129438614875317,0.00084135255981684183,0.0026399525957797195,0.0058059671013850995,0.0021597046234195783,-0.29373654510182851,1.4802027480710589,0.00033303772260321712,-0.45867655474331831,1.3538406671304621,-0.00018092972730502965,0.29373654510182851,-1.4802027480710589,-0.00033303772260321712,0.45867655474331831,-1.3538406671304621,0.00018092972730502965,-1.3267204090965414,2.208800254273827,0,-1.4267204090965415,2.208800254273827,0,0.025124758884019646,0.014975108876112286,-2.5248909930751481e-05,0.02467872994437937,0.01704153678998456,-2.0297868258830839e-05,-0.31886130398584817,1.4652276391949466,0.00035828663253396859,-0.48335528468769767,1.3367991303404776,-0.00016063185904619881,-0.29373654510182851,1.4802027480710589,0.00033303772260321712,-0.45867655474331831,1.3538406671304621,-0.00018092972730502965,0,0,0,0,0,0,0,0,0,0,0,0
control,0,119,595,600,1190000000,1190000000,0,-1,0.01,1,1,0,0,none,0,0,1,1,-0.088901184554143683,-7.3092936884999117e-06,0.56576595269194341,0.99994834068256921,6.6190026650660901e-06,-0.010164443503834919,3.2593054667130967e-06,-0.0015298657935481207,0.00022079953416354335,-0.0002404222813612122,-0.000377963295566922,-0.0026914417543840671,-6.7473375036753547e-05,-1.3292876790458334,2.2070638431683984,-4.7736201130149087e-05,-1.4290836402322868,2.2067075391552202,-0.00027127548474834023,0.0034241809729558576,0.0035334823117269859,0.00087378775588709977,0.0021093537797658617,0.0049725510829713134,0.0021102383301451967,-0.29308223973004455,1.4808558890725556,0.0003289018598154938,-0.45805043661722289,1.3545567550060815,-0.00018472508727065723,0.29308223973004455,-1.4808558890725556,-0.0003289018598154938,0.45805043661722289,-1.3545567550060815,0.00018472508727065723,-1.3267204090965414,2.208800254273827,0,-1.4267204090965415,2.208800254273827,0,0.025670967932070417,0.015536709797552097,-2.9368527455310268e-05,0.025194742959295108,0.017653754798824129,-2.4129271082757775e-05,-0.31875320766211496,1.4653191792750035,0.00035827038727080407,-0.48324517957651802,1.3369030002072575,-0.00016059581618789947,-0.29308223973004455,1.4808558890725556,0.0003289018598154938,-0.45805043661722289,1.3545567550060815,-0.00018472508727065723,0,0,0,0,0,0,0,0,0,0,0,0
control,0,120,600,605,1200000000,1200000000,0,-1,0.01,1,1,0,0,none,0,0,1,1,-0.088918962474821631,-5.0205195376374123e-06,0.56576315810427813,0.99994818160700527,4.6569372199773776e-06,-0.010180082052388345,2.9264185116574619e-06,-0.0019352582771507644,0.00023375965944352168,-0.00030424338488808608,-0.00040002272769252558,-0.0034051304425310046,-7.2407316436330128e-05,-1.3292572675466949,2.2070951851369225,-3.9175779524384133e-05,-1.4290656762056142,2.2067524224893833,-0.00025082003647329022,0.002764421719365113,0.002854196473972124,0.00089322087649324584,0.0015692694398343073,0.0041481775234979744,0.002051835972227716,-0.29236870452920183,1.4815739408030126,0.00032534838975656734,-0.45736572797439434,1.3553400627117957,-0.00018791080754168108,0.29236870452920183,-1.4815739408030126,-0.00032534838975656734,0.45736572797439434,-1.3553400627117957,0.00018791080754168108,-1.3267204090965414,2.208800254273827,0,-1.4267204090965415,2.208800254273827,0,0.026295668822794341,0.016179534931895709,-3.2908309967347055e-05,0.025789301149120696,0.018351715128077158,-2.7345787669398743e-05,-0.31866437335199616,1.465394405871117,0.00035825669972391438,-0.48315502912351505,1.3369883475837185,-0.00016056501987228233,-0.29236870452920183,1.4815739408030126,0.00032534838975656734,-0.45736572797439434,1.3553400627117957,-0.00018791080754168108,0,0,0,0,0,0,0,0,0,0,0,0
control,0,121,605,610,1210000000,1210000000,0,-1,0.01,1,1,0,0,none,0,0,1,1,-0.088940499101284945,-2.6251717210708027e-06,0.56575977147595635,0.99994798854345757,2.6040107117868449e-06,-0.01019902909540293,2.5737388733008605e-06,-0.0022911457124149062,0.00024289344238335824,-0.00036032004929164425,-0.0004155520770274934,-0.0040317018127843732,-7.6026763704135908e-05,-1.3292333998069692,2.2071197868734553,-3.0502935832497928e-05,-1.4290531159418691,2.2067891679866101,-0.00023100671379064252,0.0021131555425596966,0.0021833933664539341,0.00090029643474692225,0.0010284373637328933,0.0033409729146157653,0.0019850183678976788,-0.29160849723460647,1.4823439646865799,0.00032238163390842369,-0.45663488897691856,1.3561768790957462,-0.00019048837056706054,0.29160849723460647,-1.4823439646865799,-0.00032238163390842369,0.45663488897691856,-1.3561768790957462,0.00019048837056706054,-1.3267204090965414,2.208800254273827,0,-1.4267204090965415,2.208800254273827,0,0.026986155211293633,0.016890518754778823,-3.586394098759674e-05,0.026449826098331901,0.019121576074679299,-2.9948904257691192e-05,-0.31859465244590007,1.4654534459318012,0.00035824557489602042,-0.48308471507525047,1.337055303021067,-0.00016053946630936933,-0.29160849723460647,1.4823439646865799,0.00032238163390842369,-0.45663488897691856,1.3561768790957462,-0.00019048837056706054,0,0,0,0,0,0,0,0,0,0,0,0
control,0,122,610,615,1220000000,1220000000,0,-1,0.01,1,1,0,0,none,0,0,1,1,-0.088965291894276557,-1.6085925873995012e-07,0.56575587143526107,0.99994776582280875,4.9238627196679843e-07,-0.010220842473052032,2.2073623579895733e-06,-0.0025963978077982964,0.00024831564753979916,-0.0004084732928168398,-0.00042474520867921922,-0.0045691639006593694,-7.8382782800926073e-05,-1.3292159481004275,2.2071377780255643,-2.1832591603691403e-05,-1.4290459201898076,2.2068179907990815,-0.00021191171673409101,0.0014778127354122227,0.0015287308931243842,0.00089576338678653926,0.00049489696126929885,0.002558423719984583,0.0019104119763026022,-0.29081392332865141,1.4831532344397751,0.00031999859400065042,-0.45587009156647068,1.3570537406981182,-0.00019246617388142355,0.29081392332865141,-1.4831532344397751,-0.00031999859400065042,0.45587009156647068,-1.3570537406981182,0.00019246617388142355,-1.3267204090965414,2.208800254273827,0,-1.4267204090965415,2.208800254273827,0,0.027729748943514924,0.017656618639465303,-3.823839185821954e-05,0.027163787677288817,0.019949526116969183,-3.1947083794902817e-05,-0.31854367227216634,1.4654966158003098,0.00035823698585886997,-0.48303387924375951,1.3371042145811491,-0.00016051909008652073,-0.29081392332865141,1.4831532344397751,0.00031999859400065042,-0.45587009156647068,1.3570537406981182,-0.00019246617388142355,0,0,0,0,0,0,0,0,0,0,0,0
control,0,123,615,620,1230000000,1230000000,0,-1,0.01,1,1,0,0,none,0,0,1,1,-0.088992831158182031,2.3362004410365401e-06,0.56575153776749165,0.99994751785208225,-1.6469553992576841e-06,-0.010245073713136901,1.8331125551028874e-06,-0.0028505700421357283,0.00025018114059975686,-0.00044862885592278346,-0.00042786511247077877,-0.0050167310279503313,-7.9535960598986087e-05,-1.3292047143959884,2.2071493606938244,-1.32718745915074e-05,-1.429043973630624,2.2068391768580118,-0.00019360467225233867,0.00086514015203964121,0.0008971684650005648,0.00088045880771461576,-2.4049944467377597e-05,0.0018073227949705357,0.0018287331377593984,-0.28999690201950862,1.4839893751509508,0.00031818949816714878,-0.45508309500240102,1.3579575737335838,-0.00019385902417864691,0.28999690201950862,-1.4839893751509508,-0.00031818949816714878,0.45508309500240102,-1.3579575737335838,0.00019385902417864691,-1.3267204090965414,2.208800254273827,0,-1.4267204090965415,2.208800254273827,0,0.028513953365304386,0.01846497026253021,-4.0041378008278574e-05,0.027918849325690408,0.020821944797326516,-3.3355255212268333e-05,-0.318510855384813,1.4655244048884206,0.00035823087617542737,-0.4830019443280914,1.3371356289362573,-0.00016050376896637857,-0.28999690201950862,1.4839893751509508,0.00031818949816714878,-0.45508309500240102,1.3579575737335838,-0.00019385902417864691,0,0,0,0,0,0,0,0,0,0,0,0
control,0,124,620,625,1240000000,1240000000,0,-1,0.01,1,1,0,0,none,0,0,1,1,-0.089022606673700766,4.8315569872034586e-06,0.56574685039954054,0.99994724906704524,-3.7845399278999289e-06,-0.010271273864762074,1.4564988187508474e-06,-0.0030538651343119988,0.00024868058804683528,-0.00048081174653283348,-0.00042523644948647853,-0.0053747561668086819,-7.9555644167938358e-05,-1.3291994374016689,2.2071548022284384,-4.919365751894647e-06,-1.4290470924159824,2.20685307569806,-0.00017614786178482268,0.00028116388667720818,0.00029492924271979162,0.00085529205893853429,-0.00052186798682337797,0.0010937276232483527,0.0017407724658646114,-0.28916884621162503,1.4848404890414246,0.00031693836930784142,-0.45428513406460375,1.358875822901555,-0.00019468759379971692,0.28916884621162503,-1.4848404890414246,-0.00031693836930784142,0.45428513406460375,-1.358875822901555,0.00019468759379971692,-1.3267204090965414,2.208800254273827,0,-1.4267204090965415,2.208800254273827,0,0.029326593831513866,0.019303030680583193,-4.1288793221358323e-05,0.028703001813525371,0.021725551474331271,-3.4194264757783769e-05,-0.3184954400431389,1.4655374583608414,0.00035822716252919976,-0.48298813587812911,1.3371502714272236,-0.00016049332904193316,-0.28916884621162503,1.4848404890414246,0.00031693836930784142,-0.45428513406460375,1.358875822901555,-0.00019468759379971692,0,0,0,0,0,0,0,0,0,0,0,0
control,0,125,625,630,1250000000,1250000000,0,-1,0.01,1,1,0,0,none,0,0,1,1,-0.089054113912002131,7.2928581358126006e-06,0.56574188844385531,0.99994696388580084,-5.8926848013566252e-06,-0.010298998964641114,1.0826780939695824e-06,-0.003207089119750501,0.00024403595421499188,-0.00050513999517103167,-0.00041723776553147425,-0.0056446538246942343,-7.8519033694311066e-05,-1.3291997999155301,2.2071544277145869,3.1355024802725794e-06,-1.4290550319360877,2.2068600929315187,-0.00015959559901592796,-0.00026883659848020523,-0.00027252635489093151,0.00082122925107377617,-0.00099280699865513899,0.00042293006702226411,0.00164737934741766,-0.28834055683068821,1.4856952673459285,0.00031622362421561184,-0.45348682051032702,1.3597965663754821,-0.00019497783783270928,0.28834055683068821,-1.4856952673459285,-0.00031622362421561184,0.45348682051032702,-1.3597965663754821,0.00019497783783270928,-1.3267204090965414,2.208800254273827,0,-1.4267204090965415,2.208800254273827,0,0.030155944725583805,0.020158708243217117,-4.2002113297770588e-05,0.029504684572537333,0.0226475410071654,-3.4490287666104618e-05,-0.31849650155627202,1.4655365591027114,0.00035822573751338244,-0.48299150508286437,1.3371490253683167,-0.00016048755016660467,-0.28834055683068821,1.4856952673459285,0.00031622362421561184,-0.45348682051032702,1.3597965663754821,-0.00019497783783270928,0,0,0,0,0,0,0,0,0,0,0,0
control,0,126,630,635,1260000000,1260000000,0,-1,0.01,1,1,0,0,none,0,0,1,1,-0.08908685978170322,9.6901350295999895e-06,0.56573672930910068,0.99994666666365373,-7.945745217576461e-06,-0.010327815093243708,7.164212186083987e-07,-0.0033116029136489302,0.00023649586408695778,-0.00052181771908024191,-0.00040429348621613979,-0.0058288149882481854,-7.6510159298844499e-05,-1.3292054363721371,2.2071486122564679,1.081290027455864e-05,-1.4290674947186783,2.2068606824856056,-0.00014399375596687076,-0.00078034339982670979,-0.00080051632849964744,0.00077927811822041046,-0.0014319109832557418,-0.00020056268039906591,0.0015494466814049519,-0.28752213177230501,1.486543087932245,0.00031601869654063956,-0.45269805813373953,1.3607086163582975,-0.00019476037885932763,0.28752213177230501,-1.486543087932245,-0.00031601869654063956,0.45269805813373953,-1.3607086163582975,0.00019476037885932763,-1.3267204090965414,2.208800254273827,0,-1.4267204090965415,2.208800254273827,0,0.030990842406887629,0.021020478701058946,-4.2207775993388122e-05,0.03031289394052537,0.023575705479254801,-3.4274207280186373e-05,-0.31851297417919266,1.4655226092311859,0.0003582264725340277,-0.48301095207426492,1.3371329108790428,-0.00016048617157914124,-0.28752213177230501,1.486543087932245,0.00031601869654063956,-0.45269805813373953,1.3607086163582975,-0.00019476037885932763,0,0,0,0,0,0,0,0,0,0,0,0
control,0,127,635,640,1270000000,1270000000,0,-1,0.01,1,1,0,0,none,0,0,1,1,-0.089120367868805603,1.1996040605470931e-05,0.56573144788382057,0.99994636164962303,-9.9203194920665578e-06,-0.010357302985690882,3.6208419093891689e-07,-0.003369270239317114,0.00022633089827410317,-0.00053112759784591009,-0.00038686580650719194,-0.0059305156624206937,-7.3618770453025203e-05,-1.3292159404785839,2.2071377731648996,1.8042911726203175e-05,-1.4290841383636601,2.2068553387119216,-0.00012937943380979302,-0.0012496047463144008,-0.0012851425094904103,0.00073047344289643701,-0.0018350177295289635,-0.00077303643388685727,0.001447896070403245,-0.28672288955832576,1.4873740984703483,0.00031629267512046059,-0.45192797165025128,1.3616016049054811,-0.00019406987102264309,0.28672288955832576,-1.4873740984703483,-0.00031629267512046059,0.45192797165025128,-1.3616016049054811,0.00019406987102264309,-1.3267204090965414,2.208800254273827,0,-1.4267204090965415,2.208800254273827,0,0.031820783703981649,0.02187748707136461,-4.1936545662682803e-05,0.031117277799716479,0.024498541393694451,-3.3580973377224356e-05,-0.31854367326230743,1.4654966113989838,0.0003582292207831434,-0.48304524944996774,1.3371030635117866,-0.00016048889764541874,-0.28672288955832576,1.4873740984703483,0.00031629267512046059,-0.45192797165025128,1.3616016049054811,-0.00019406987102264309,0,0,0,0,0,0,0,0,0,0,0,0
control,0,128,640,645,1280000000,1280000000,0,-1,0.01,1,1,0,0,none,0,0,1,1,-0.08915418313845179,1.4186040874531332e-05,0.5657261157983513,0.99994605294503047,-1.1795413816038134e-05,-0.010387062169938108,2.3584759577611412e-08,-0.0033824027880670362,0.00021382888354986755,-0.00053342286630509849,-0.00036544658202571225,-0.0059538205216639849,-6.9939164913682803e-05,-1.3292308728405295,2.2071223621474445,2.4765709493107e-05,-1.4291045834230116,2.2068445884717702,-0.00011578077305646146,-0.0016736298954628012,-0.0017232863271716946,0.00067586314816214994,-0.0021987496147946812,-0.0012915682142379064,0.0013436636216428853,-0.28595130760327409,1.4881792851303688,0.00031701094998373323,-0.45118484939324821,1.3624660548765604,-0.0001929443528075924,0.28595130760327409,-1.4881792851303688,-0.00031701094998373323,0.45118484939324821,-1.3624660548765604,0.0001929443528075924,-1.3267204090965414,2.208800254273827,0,-1.4267204090965415,2.208800254273827,0,0.032636009771051543,0.022719635007347232,-4.1222870256039594e-05,0.031908216339833102,0.025405341946037857,-3.2448949165205836e-05,-0.31858731737432561,1.4654596501230215,0.00035823382023977281,-0.48309306573308131,1.3370607129305225,-0.00016049540364238655,-0.28595130760327409,1.4881792851303688,0.00031701094998373323,-0.45118484939324821,1.3624660548765604,-0.0001929443528075924,0,0,0,0,0,0,0,0,0,0,0,0
control,0,129,645,650,1290000000,1290000000,0,-1,0.01,1,1,0,0,none,0,0,1,1,-0.089187876075904449,1.6238559392640139e-05,0.56572080076916764,0.99994574446463214,-1.3552566680007974e-05,-0.01041671461226875,-2.9561543267672119e-07,-0.0033537034552954164,0.00019929023881013844,-0.0005291189331607252,-0.00034054932369192282,-0.0059034831531823897,-6.5568982382877621e-05,-1.3292497684858218,2.2071028575934273,3.093159986739887e-05,-1.4291284211414785,2.2068289832948662,-0.00010321689635199085,-0.0020501750968626282,-0.0021125956148661906,0.00061649516130460661,-0.0025204962198070663,-0.0017540149592981161,0.0012376864989555431,-0.28521497482097868,1.4889505269423096,0.00031813585863421862,-0.45047609963591584,1.3632934360665416,-0.00019142459755556098,0.28521497482097868,-1.4889505269423096,-0.00031813585863421862,0.45047609963591584,-1.3632934360665416,0.00019142459755556098,-1.3267204090965414,2.208800254273827,0,-1.4267204090965415,2.208800254273827,0,0.033427575316658006,0.023537653587095669,-4.0104238025449998e-05,0.032676888868954763,0.026286274186476423,-3.091925604217991e-05,-0.3186425501376367,1.4654128733552139,0.00035824009665966862,-0.4831529885048706,1.3370071618800652,-0.00016050534151338107,-0.28521497482097868,1.4889505269423096,0.00031813585863421862,-0.45047609963591584,1.3632934360665416,-0.00019142459755556098,0,0,0,0,0,0,0,0,0,0,0,0
control,0,130,650,655,1300000000,1300000000,0,-1,0.01,1,1,0,0,none,0,0,1,1,-0.089221046252425246,1.8135075813728008e-05,0.56571556602874618,0.99994543990078544,-1.5175933765229797e-05,-0.01044590785737177,-5.9252303510509504e-07,-0.0032862084667300675,0.00018302343219363053,-0.00051868473510153568,-0.00031270139016346374,-0.0057848443200327589,-6.0607986101345508e-05,-1.3292721442010504,2.2070797570390819,3.6500946309380757e-05,-1.4291552209802134,2.2068090917019876,-9.1697975876709899e-05,-0.0023777214210512296,-0.002451463191256326,0.00055340513874290375,-0.0027983894483872016,-0.0021589934751381182,0.0011308903440121162,-0.28452055815067173,1.4896806360991262,0.00031962732568711113,-0.44980822018904498,1.3640762067425294,-0.00018955346996628547,0.28452055815067173,-1.4896806360991262,-0.00031962732568711113,0.44980822018904498,-1.3640762067425294,0.00018955346996628547,-1.3267204090965414,2.208800254273827,0,-1.4267204090965415,2.208800254273827,0,0.034187403385684989,0.024323161603825687,-3.8620540829959416e-05,0.033415326776643536,0.027132441074779978,-2.9035124437592841e-05,-0.31870796153635672,1.4653574744953004,0.00035824786651707057,-0.48322354696568853,1.3369437656677494,-0.00016051834552869264,-0.28452055815067173,1.4896806360991262,0.00031962732568711113,-0.44980822018904498,1.3640762067425294,-0.00018955346996628547,0,0,0,0,0,0,0,0,0,0,0,0
control,0,131,655,660,1310000000,1310000000,0,-1,0.01,1,1,0,0,none,0,0,1,1,-0.089253325309643375,1.9860179948310602e-05,0.56571046984292983,0.99994514269112178,-1.6652334555618403e-05,-0.010474317657224513,-8.6461949572261444e-07,-0.003183229170111687,0.00016534060050838866,-0.00050263393673875996,-0.00028243646476837505,-0.0056037296054871587,-5.5156853683194046e-05,-1.3292975056045602,2.2070535698904679,4.1443980244383327e-05,-1.4291845378527495,2.20678549177453,-8.1225416343418802e-05,-0.0026554452926899554,-0.0027389979936022356,0.00048760512792453951,-0.0030312718982376621,-0.002505852409777411,0.0010241776642715065,-0.28387378244401479,1.4903633846182127,0.00032144348939572081,-0.44918678077894864,1.3648078409666251,-0.00018737529610104422,0.28387378244401479,-1.4903633846182127,-0.00032144348939572081,0.44918678077894864,-1.3648078409666251,0.00018737529610104422,-1.3267204090965414,2.208800254273827,0,-1.4267204090965415,2.208800254273827,0,0.034908326035259805,0.0250687095907128,-3.6813450469541973e-05,0.034116452921851767,0.027935928606230068,-2.684125831054969e-05,-0.31878210847927457,1.4652946750275,0.00035825693986526276,-0.48330323370080042,1.3368719123603949,-0.00016053403779049452,-0.28387378244401479,1.4903633846182127,0.00032144348939572081,-0.44918678077894864,1.3648078409666251,-0.00018737529610104422,0,0,0,0,0,0,0,0,0,0,0,0
control,0,132,660,665,1320000000,1320000000,0,-1,0.01,1,1,0,0,none,0,0,1,1,-0.089284379363490873,2.140158323147848e-05,0.56570556511667558,0.99994485599016791,-1.7971262332141197e-05,-0.010501650089578582,-1.1098619755415052e-06,-0.003048294221943615,0.00014655337712683839,-0.00048151608560125533,-0.00025028739516093015,-0.0053663477214641979,-4.9315996546848444e-05,-1.3293253538879863,2.2070248104738321,4.5740508561890705e-05,-1.4292159190103588,2.2067587640458473,-7.1792143760733007e-05,-0.0028831825919957022,-0.0029749895719327476,0.00042007322779948991,-0.0032186592655898349,-0.0027946370773930841,0.00091841726448868392,-0.28327942303760889,1.4909935179018388,0.00032354130912741556,-0.44861641758607668,1.3654828422311323,-0.00018493525362310993,0.28327942303760889,-1.4909935179018388,-0.00032354130912741556,0.44861641758607668,-1.3654828422311323,0.00018493525362310993,-1.3267204090965414,2.208800254273827,0,-1.4267204090965415,2.208800254273827,0,0.035584111385332441,0.025767809957837153,-3.4725813958541712e-05,0.034774107864192431,0.028689838351846332,-2.4383220096214302e-05,-0.31886353442294135,1.4652257079440016,0.00035826712308595728,-0.48339052545026912,1.3367930038792859,-0.00016055203352689562,-0.28327942303760889,1.4909935179018388,0.00032354130912741556,-0.44861641758607668,1.3654828422311323,-0.00018493525362310993,0,0,0,0,0,0,0,0,0,0,0,0
control,0,133,665,670,1330000000,1330000000,0,-1,0.01,1,1,0,0,none,0,0,1,1,-0.089313910835775223,2.2750089934768228e-05,0.56570089908799392,0.99994458264530928,-1.9124859576914877e-05,-0.010527643172997989,-1.3266788442015308e-06,-0.0028850928472726098,0.00012696896922737306,-0.00045590782911448694,-0.00021677946498390715,-0.0050791906744477215,-4.3184424839377049e-05,-1.3293551921670836,2.2069939914749011,4.9379527756729455e-05,-1.4292489105218187,2.206729484780797,-6.3382989505772944e-05,-0.0030613872015814395,-0.0031598667740531279,0.00035174429584297813,-0.0033606975910899966,-0.0030260479927512493,0.00081443478180688144,-0.28274131023477628,1.4915667558472605,0.00032587714838189241,-0.44810083921565202,1.3660967440603415,-0.00018227878836448602,0.28274131023477628,-1.4915667558472605,-0.00032587714838189241,0.44810083921565202,-1.3660967440603415,0.00018227878836448602,-1.3267204090965414,2.208800254273827,0,-1.4267204090965415,2.208800254273827,0,0.036209477648878712,0.026414953748190834,-3.2401073119167741e-05,0.035383063489960953,0.029388305905486609,-2.1706842238612192e-05,-0.318950787883655,1.4651518020990697,0.00035827822150106013,-0.48348390270561298,1.3367084381548548,-0.00016057194612587383,-0.28274131023477628,1.4915667558472605,0.00032587714838189241,-0.44810083921565202,1.3660967440603415,-0.00018227878836448602,0,0,0,0,0,0,0,0,0,0,0,0
control,0,134,670,675,1340000000,1340000000,0,-1,0.01,1,1,0,0,none,0,0,1,1,-0.089341659727900036,2.3899530832101605e-05,0.5656965131088334,0.99994432517740384,-2.0107861133017449e-05,-0.010552067991072289,-1.5139600071714049e-06,-0.0026974197934095663,0.00010688651972619285,-0.00042640429644890114,-0.00018242415725556725,-0.004748936883291476,-3.6858673575275565e-05,-1.3293865313914186,2.2069616178201805,5.2358755093227076e-05,-1.4292830633007585,2.2066982197011717,-5.5975158713578669e-05,-0.0031910848827956849,-0.0032946514688286764,0.00028350174632775315,-0.0034581161679437269,-0.0032013940006285742,0.00071300437531924914,-0.28226234482833712,1.4920797822649303,0.00032840732797960329,-0.44764284327761938,1.3666460983539293,-0.00017945106301793499,0.28226234482833712,-1.4920797822649303,-0.00032840732797960329,0.44764284327761938,-1.3666460983539293,0.00017945106301793499,-1.3267204090965414,2.208800254273827,0,-1.4267204090965415,2.208800254273827,0,0.036780094862719583,0.027005614647000513,-2.9882713844355781e-05,0.035939024702519279,0.030026505872805639,-1.8857671151888859e-05,-0.31904243969105672,1.4650741676179297,0.00035829004182395905,-0.48358186798013869,1.3366195924811237,-0.00016059339186604612,-0.28226234482833712,1.4920797822649303,0.00032840732797960329,-0.44764284327761938,1.3666460983539293,-0.00017945106301793499,0,0,0,0,0,0,0,0,0,0,0,0
control,0,135,675,680,1350000000,1350000000,0,-1,0.01,1,1,0,0,none,0,0,1,1,-0.08936740435710018,2.4846662349612527e-05,0.56569244251067297,0.99994408576628691,-2.0917507736809621e-05,-0.010574729343589785,-1.6710423854953765e-06,-0.0024891225385887082,8.6593783613443857e-05,-0.00039361074291832779,-0.0001477134597770743,-0.0043823582391603342,-3.0431803148095353e-05,-1.3294188957712427,2.2069281810448786,5.4684087351961033e-05,-1.4293179386419075,2.206665518205837,-4.9538771812169954e-05,-0.0032738233482136397,-0.0033809081536046496,0.00021617044209071699,-0.0035121769231350507,-0.0033225408884012719,0.0006148415690073088,-0.28184452374129682,1.492530223442686,0.00033108864612098251,-0.44724434269517976,1.3671284523365288,-0.00017649644121431749,0.28184452374129682,-1.492530223442686,-0.00033108864612098251,0.44724434269517976,-1.3671284523365288,0.00017649644121431749,-1.3267204090965414,2.208800254273827,0,-1.4267204090965415,2.208800254273827,0,0.037292575118735995,0.027536240977786987,-2.7213748310124157e-05,0.03643861992909412,0.030600644148481584,-1.5880446906714459e-05,-0.31913709886003283,1.464993982464899,0.00035830239443110666,-0.4836829626242739,1.3365278081880472,-0.00016061599430760304,-0.28184452374129682,1.492530223442686,0.00033108864612098251,-0.44724434269517976,1.3671284523365288,-0.00017649644121431749,0,0,0,0,0,0,0,0,0,0,0,0
control,0,136,680,685,1360000000,1360000000,0,-1,0.01,1,1,0,0,none,0,0,1,1,-0.089390961580785189,2.5591034492161117e-05,0.56568871655164199,0.99994386624129183,-2.1553432762259003e-05,-0.010595465947073238,-1.7976909235115818e-06,-0.0022640512525166213,6.6364142694481709e-05,-0.00035813454769469068,-0.00011311475297955497,-0.0039862319857405879,-2.3992485046071206e-05,-1.3294518276884288,2.2068941541836504,5.6368997895569162e-05,-1.4293531132356465,2.2066319081255101,-4.4037467838689709e-05,-0.0033116193831367957,-0.0034206902890267094,0.00015051071239840933,-0.0035246210789748197,-0.0033918563739745418,0.00052059728734725453,-0.28148897480397517,1.4929166167713437,0.00033387886044964097,-0.4469064007939314,1.3675423150687387,-0.00017345801232883446,0.28148897480397517,-1.4929166167713437,-0.00033387886044964097,0.4469064007939314,-1.3675423150687387,0.00017345801232883446,-1.3267204090965414,2.208800254273827,0,-1.4267204090965415,2.208800254273827,0,0.037744452177354157,0.028004236515658719,-2.4436234988591216e-05,0.03687938128772212,0.031107938340763971,-1.2818624015755814e-05,-0.31923342698132934,1.4649123802556849,0.00035831509543823219,-0.48378578208165351,1.3364343767279747,-0.00016063938831307865,-0.28148897480397517,1.4929166167713437,0.00033387886044964097,-0.4469064007939314,1.3675423150687387,-0.00017345801232883446,0,0,0,0,0,0,0,0,0,0,0,0
control,0,137,685,690,1370000000,1370000000,0,-1,0.01,1,1,0,0,none,0,0,1,1,-0.089412186539163066,2.613483104507802e-05,0.5656853584411291,0.99994366807682555,-2.2017525190116717e-05,-0.010614150211127823,-1.8940755494396632e-06,-0.0020260119401620093,4.6453977046021743e-05,-0.00032057764761514007,-7.9066310963972554e-05,-0.0035672581832649087,-1.7624182218141657e-05,-1.3294848920667515,2.2068599872119874,5.7433882868664153e-05,-1.429388183638213,2.2065978910432489,-3.9429058076692366e-05,-0.0033069038451026319,-0.0034164841919583828,8.7213487010914025e-05,-0.0034976138799188337,-0.0034121523504435903,0.00043085306949370688,-0.28119599964461151,1.4932383704093348,0.00033673712935788653,-0.44662927418606702,1.3678871145431388,-0.00017037715972560932,0.28119599964461151,-1.4932383704093348,-0.00033673712935788653,0.44662927418606702,-1.3678871145431388,0.00017037715972560932,-1.3267204090965414,2.208800254273827,0,-1.4267204090965415,2.208800254273827,0,0.038134151410174379,0.028407931030012587,-2.1590839211144948e-05,0.037259715319935549,0.031546587292602554,-9.7139360516776364e-06,-0.3193301510547859,1.4648304393793223,0.00035832796856903148,-0.48388898950600256,1.3363405272505362,-0.00016066322367393169,-0.28119599964461151,1.4932383704093348,0.00033673712935788653,-0.44662927418606702,1.3678871145431388,-0.00017037715972560932,0,0,0,0,0,0,0,0,0,0,0,0
control,0,138,690,695,1380000000,1380000000,0,-1,0.01,1,1,0,0,none,0,0,1,1,-0.089430971950232821,2.6482685699095386e-05,0.56568238543706972,0.99994349239292835,-2.2313771940318678e-05,-0.010630687620518647,-1.9607445525472527e-06,-0.0017787231335992316,2.7100405897209623e-05,-0.00028152948049785589,-4.597343694820257e-05,-0.0031319834030812963,-1.1404431274591858e-05,-1.3295176801848645,2.206826103057911,5.7905367232265317e-05,-1.4294227701825835,2.2065639382030393,-3.5666218737997638e-05,-0.0032624653335178869,-0.0033711512972559505,2.6896535360540656e-05,-0.003433688139481356,-0.0033866252501426257,0.00034611744376040771,-0.28096512365178145,1.4934957150130925,0.00033962440986987725,-0.4464124624408557,1.3681631464434727,-0.00016729317489175554,0.28096512365178145,-1.4934957150130925,-0.00033962440986987725,0.4464124624408557,-1.3681631464434727,0.00016729317489175554,-1.3267204090965414,2.208800254273827,0,-1.4267204090965415,2.208800254273827,0,0.038460951060153563,0.0287465415368751,-1.8716436937706626e-05,0.037578865241725289,0.031915730724665969,-6.6060065666210948e-06,-0.31942607471193502,1.4647491734762175,0.00035834084680758387,-0.48399132768258096,1.3362474157188067,-0.00016068716832513444,-0.28096512365178145,1.4934957150130925,0.00033962440986987725,-0.4464124624408557,1.3681631464434727,-0.00016729317489175554,0,0,0,0,0,0,0,0,0,0,0,0
control,0,139,695,700,1390000000,1390000000,0,-1,0.01,1,1,0,0,none,0,0,1,1,-0.089447246994479146,2.6641477840693366e-05,0.56567980901042436,0.99994333996064433,-2.2448082784294379e-05,-0.010645015755775634,-1.9985948699836587e-06,-0.0015257764299045119,8.5194052023576285e-06,-0.00024156050145528036,-1.4205245021491436e-05,-0.0026867311820051774,-5.4042317674184694e-06,-1.3295498129230243,2.2067928941957033,5.7815581157046804e-05,-1.4294565203224079,2.206530487020415,-3.26972116400098e-05,-0.003181393283500047,-0.0032878695687084038,-2.9898211773658435e-05,-0.0033356873285623322,-0.0033187953605037582,0.00026682343578680911,-0.28079515195371529,1.4936896485908855,0.00034250381007056534,-0.4462547635177484,1.3683715156804164,-0.0001642429194333152,0.28079515195371529,-1.4936896485908855,-0.00034250381007056534,0.4462547635177484,-1.3683715156804164,0.0001642429194333152,-1.3267204090965414,2.208800254273827,0,-1.4267204090965415,2.208800254273827,0,0.038724935843044754,0.029020125290546192,-1.5849763758431116e-05,0.037836865703239901,0.032215400081699541,-3.5320082973375174e-06,-0.31952008779676006,1.4646695233003393,0.00035835357382899648,-0.48409162922098831,1.3361561155987169,-0.00016071091113597767,-0.28079515195371529,1.4936896485908855,0.00034250381007056534,-0.4462547635177484,1.3683715156804164,-0.0001642429194333152,0,0,0,0,0,0,0,0,0,0,0,0
control,0,140,700,705,1400000000,1400000000,0,-1,0.01,1,1,0,0,none,0,0,1,1,-0.089460975829187939,2.6620111791208417e-05,0.56567763507079116,0.99994321121194685,-2.2428101086860714e-05,-0.010657102987418931,-2.0088397966529113e-06,-0.0012706011070041121,-9.0956960478628781e-06,-0.00020121632463598833,1.5907908707133448e-05,-0.0022375396492352053,3.1245396460670487e-07,-1.3295809434418824,2.2067607198257964,5.7201417021874284e-05,-1.4294891114083403,2.2064979382009402,-3.0466622165743539e-05,-0.0030670211918410557,-0.0031700748056241283,-8.2706290289269325e-05,-0.0032067088840569379,-0.0032124458894324604,0.00019332717080632153,-0.28068423036268764,1.4938218755606298,0.0003453408946137556,-0.44615433394051762,1.3685140718423499,-0.00016126053616165263,0.28068423036268764,-1.4938218755606298,-0.0003453408946137556,0.44615433394051762,-1.3685140718423499,0.00016126053616165263,-1.3267204090965414,2.208800254273827,0,-1.4267204090965415,2.208800254273827,0,0.038926943931852961,0.029229525584803656,-1.3025110592098818e-05,0.038034491067671254,0.032446461708790036,-5.2637189059301544e-07,-0.31961117429454061,1.4645923499758262,0.0003583660052058544,-0.48418882500818888,1.3360676101335598,-0.00016073416427105961,-0.28068423036268764,1.4938218755606298,0.0003453408946137556,-0.44615433394051762,1.3685140718423499,-0.00016126053616165263,0,0,0,0,0,0,0,0,0,0,0,0
control,0,141,705,710,1410000000,1410000000,0,-1,0.01,1,1,0,0,none,0,0,1,1,-0.089472155774229442,2.6429283268733384e-05,0.56567586424664107,0.99994310625386706,-2.2263003617400874e-05,-0.010666946880617874,-1.9929746437708993e-06,-0.0010164329847457446,-2.5575343653958963e-05,-0.00016101253167918756,4.4076350982293999e-05,-0.0017901066245764089,5.6890887495977741e-06,-1.3296107592984683,2.2067299036377621,5.6103776891767845e-05,-1.4295202529026316,2.206466653464668,-2.891610424548327e-05,-0.0029228706344313492,-0.0030214025482532812,-0.00013114132341935478,-0.0030500483700837294,-0.0030715625336999635,0.00012590751914516007,-0.28062991024386996,1.4938947410966033,0.00034810394249436093,-0.44610875270336781,1.3685933397067562,-0.00015837720980450847,0.28062991024386996,-1.4938947410966033,-0.00034810394249436093,0.44610875270336781,-1.3685933397067562,0.00015837720980450847,-1.3267204090965414,2.208800254273827,0,-1.4267204090965415,2.208800254273827,0,0.039068508374769224,0.029376311455158316,-1.0274066896562612e-05,0.038173198228206889,0.032610553510458051,2.3794553163869771e-06,-0.31969841861863918,1.4645184296414449,0.00035837800939092355,-0.48428195093157472,1.3359827861962983,-0.00016075666512089544,-0.28062991024386996,1.4938947410966033,0.00034810394249436093,-0.44610875270336781,1.3685933397067562,-0.00015837720980450847,0,0,0,0,0,0,0,0,0,0,0,0
control,0,142,710,715,1420000000,1420000000,0,-1,0.01,1,1,0,0,none,0,0,1,1,-0.089480815212451451,2.6081236789508828e-05,0.56567449221331623,0.99994302488640951,-2.1963292618920119e-05,-0.010674572348256209,-1.9527408743964472e-06,-0.00076628763597712734,-4.0774517774729097e-05,-0.00012143017651063721,7.0052385622865237e-05,-0.0013497423762377301,1.0676836548368752e-05,-1.3296389840107525,2.2067007321465657,5.4566819880057121e-05,-1.4295496880438796,2.2064369538674566,-2.7985122635729521e-05,-0.0027525966785131679,-0.0028456312396933224,-0.00017489468665825557,-0.0028691450746469423,-0.0029002742538978346,6.476672704224147e-05,-0.28062921629549281,1.4939111618471013,0.00035076415684811549,-0.4461150879214561,1.3686124459516673,-0.00015562097736809697,0.28062921629549281,-1.4939111618471013,-0.00035076415684811549,0.4461150879214561,-1.3686124459516673,0.00015562097736809697,-1.3267204090965414,2.208800254273827,0,-1.4267204090965415,2.208800254273827,0,0.039151793988302985,0.029462712386675312,-7.625311631104357e-06,0.038255064980027467,0.032710016257290822,5.1572004386067827e-06,-0.3197810102837958,1.464448449460426,0.00035838946847921985,-0.48437015290148355,1.3359024296943764,-0.00016077817780670375,-0.28062921629549281,1.4939111618471013,0.00035076415684811549,-0.4461150879214561,1.3686124459516673,-0.00015562097736809697,0,0,0,0,0,0,0,0,0,0,0,0
control,0,143,715,720,1430000000,1430000000,0,-1,0.01,1,1,0,0,none,0,0,1,1,-0.089487011248511897,2.5589517624040319e-05,0.56567351006171052,0.99994296662377991,-2.1540583235014623e-05,-0.01068002959099751,-1.8900892400258521e-06,-0.00052293799265810536,-5.4573135982061549e-05,-8.2912004790806405e-05,9.363097759061177e-05,-0.00092133012069608251,1.5234727999655386e-05,-1.3296653780879069,2.2066734535860042,5.2637218265836921e-05,-1.4295771949793672,2.2064091187033221,-2.7611683385533838e-05,-0.0025599352414506088,-0.0026466272459581717,-0.00021373427476753201,-0.0026675295725830665,-0.0027027959024009539,1.0031965752508372e-05,-0.28067871625317437,1.4938745540812959,0.00035329582701360273,-0.44616996526802266,1.3685750431846249,-0.00015301658754063871,0.28067871625317437,-1.4938745540812959,-0.00035329582701360273,0.44616996526802266,-1.3685750431846249,0.00015301658754063871,-1.3267204090965414,2.208800254273827,0,-1.4267204090965415,2.208800254273827,0,0.039179530758561031,0.029491549122810653,-5.1044517413744751e-06,0.03828272495278269,0.032747820699659681,7.7819067280347324e-06,-0.31985824701173537,1.4643830049584852,0.0003584002787549772,-0.48445269022080534,1.3358272224849652,-0.00016079849426867344,-0.28067871625317437,1.4938745540812959,0.00035329582701360273,-0.44616996526802266,1.3685750431846249,-0.00015301658754063871,0,0,0,0,0,0,0,0,0,0,0,0
control,0,144,720,725,1440000000,1440000000,0,-1,0.01,1,1,0,0,none,0,0,1,1,-0.089490827170090187,2.4968721782330239e-05,0.56567290470042808,0.99994293071841034,-2.1007389272631803e-05,-0.010683391863054455,-1.8071424308072592e-06,-0.00028889633570583977,-6.6876115440333672e-05,-4.5859394848828251e-05,0.00011464985389783314,-0.00050929424736231811,1.9329718718767685e-05,-1.329689739548551,2.2066482773375689,5.0363430626005739e-05,-1.4296025873873859,2.2063833849658891,-2.7733044070559858e-05,-0.0023486528860694926,-0.0024282922819667658,-0.00024750243776288473,-0.0024487737276504252,-0.0024833732927516962,-3.8242274963275175e-05,-0.28077459157744539,1.4937887602973359,0.00035567644373157701,-0.44626963728425667,1.3684852323776338,-0.00015058540798201618,0.28077459157744539,-1.4937887602973359,-0.00035567644373157701,0.44626963728425667,-1.3684852323776338,0.00015058540798201618,-1.3267204090965414,2.208800254273827,0,-1.4267204090965415,2.208800254273827,0,0.039154944753218637,0.029466161658047666,-2.7339072996574836e-06,0.03825930008160798,0.032727491634381503,1.0232026969331715e-05,-0.31992953633066401,1.4643225986392883,0.00035841035103123449,-0.48452893736586466,1.3357577407432522,-0.00016081743495134789,-0.28077459157744539,1.4937887602973359,0.00035567644373157701,-0.44626963728425667,1.3684852323776338,-0.00015058540798201618,0,0,0,0,0,0,0,0,0,0,0,0
control,0,145,725,730,1450000000,1450000000,0,-1,0.01,1,1,0,0,none,0,0,1,1,-0.089492369754980192,2.4234247324768161e-05,0.56567265928422272,0.99994291618722897,-2.0376910125006398e-05,-0.010684753101995724,-1.7061577333227466e-06,-6.6400604663245378e-05,-7.7613113332614496e-05,-1.0630016412577389e-05,0.00013298905431045806,-0.00011757615743058316,2.2936644913672821e-05,-1.3297119039538308,2.2066253738678445,4.7794999565484653e-05,-1.4296257146163567,2.206359947341519,-2.8286396122288769e-05,-0.0021224994853080588,-0.002194513728390266,-0.00027611315795850698,-0.0022164435525659043,-0.0022462312316032644,-8.0071028245965272e-05,-0.28091270822887471,1.4936579752788324,0.00035788676881998128,-0.44641005269102446,1.3683474847476771,-0.00014834537885467927,0.28091270822887471,-1.4936579752788324,-0.00035788676881998128,0.44641005269102446,-1.3683474847476771,0.00014834537885467927,-1.3267204090965414,2.208800254273827,0,-1.4267204090965415,2.208800254273827,0,0.039081687515434095,0.029390335464374921,-5.3284197172004588e-07,0.038188331566630776,0.03265303003510104,1.2489470248984894e-05,-0.31999439574430882,1.4642676398144574,0.0003584196107917013,-0.48459838425765522,1.335694454712576,-0.00016083484910366417,-0.28091270822887471,1.4936579752788324,0.00035788676881998128,-0.44641005269102446,1.3683474847476771,-0.00014834537885467927,0,0,0,0,0,0,0,0,0,0,0,0
control,0,146,730,735,1460000000,1460000000,0,-1,0.01,1,1,0,0,none,0,0,1,1,-0.089491766466641448,2.3402050086809589e-05,0.5656727536616083,0.99994292183962374,-1.9662821500099092e-05,-0.010684225460111305,-1.5894901652643031e-06,0.00014259508454833215,-8.6737967390331503e-05,2.2463806631285527e-05,0.00014856996923356627,0.00025038247884492368,2.6038082078597266e-05,-1.3297317439861494,2.2066048751430989,4.4981880891749892e-05,-1.4296464613713984,2.2063389587018558,-2.9209512387631968e-05,-0.0018851641266932734,-0.0019491182607282004,-0.00029954854844294423,-0.0019740552838323497,-0.0019955249686673454,-0.00011553501379829492,-0.28108868669324083,1.4934866725342826,0.00035991086130086972,-0.44658692489158835,1.3681665640696221,-0.00014631101030843999,0.28108868669324083,-1.4934866725342826,-0.00035991086130086972,0.44658692489158835,-1.3681665640696221,0.00014631101030843999,-1.3267204090965414,2.208800254273827,0,-1.4267204090965415,2.208800254273827,0,0.038963764865334941,0.029268226959829408,1.4828631546222437e-06,0.038073710224030985,0.032528834316655021,1.4539604406204336e-05,-0.32005245155857576,1.4642184455744531,0.00035842799814624749,-0.48466063511561935,1.3356377297529671,-0.00016085061471464432,-0.28108868669324083,1.4934866725342826,0.00035991086130086972,-0.44658692489158835,1.3681665640696221,-0.00014631101030843999,0,0,0,0,0,0,0,0,0,0,0,0
control,0,147,735,740,1470000000,1470000000,0,-1,0.01,1,1,0,0,none,0,0,1,1,-0.089489162579406964,2.2488406669830591e-05,0.56567316483473129,0.99994294630654479,-1.8879072395563618e-05,-0.010681936773649224,-1.459556525142549e-06,0.00033642586838982305,-9.4227861645389808e-05,5.3156052354666281e-05,0.00016135390883144807,0.0005916493174207458,2.8624113636276237e-05,-1.3297491686076948,2.2065868754858733,4.1973810249945784e-05,-1.4296647469822124,2.2063205310594269,-3.0441353948497707e-05,-0.001640234563653485,-0.0016958291487709953,-0.00031785475760061116,-0.0017250349732094246,-0.0017352954454813148,-0.0001447762155577908,-0.28129797048513383,1.4932795319960315,0.00036173606241785044,-0.44679579890944821,1.3679474503352675,-0.0001444934211462832,0.28129797048513383,-1.4932795319960315,-0.00036173606241785044,0.44679579890944821,-1.3679474503352675,0.0001444934211462832,-1.3267204090965414,2.208800254273827,0,-1.4267204090965415,2.208800254273827,0,0.038805465979320233,0.029104289178600778,3.3005948050468239e-06,0.037919607087864141,0.032359621741022485,1.6371216962438852e-05,-0.32010343646445405,1.4641752428174306,0.00035843546761280361,-0.48471540599731233,1.3355878285942451,-0.00016086463810872204,-0.28129797048513383,1.4932795319960315,0.00036173606241785044,-0.44679579890944821,1.3679474503352675,-0.0001444934211462832,0,0,0,0,0,0,0,0,0,0,0,0
control,0,148,740,745,1480000000,1480000000,0,-1,0.01,1,1,0,0,none,0,0,1,1,-0.089484718272706071,2.1509687280286912e-05,0.56567386742487802,0.99994298807020077,-1.8039690529014738e-05,-0.010678028004634169,-1.3188007651684332e-06,0.00051371771368446842,-0.00010008224453651477,8.1227308253873395e-05,0.00017134024828779405,0.00090380414346130059,3.0692016840336807e-05,-1.3297641218358076,2.2065714328351307,3.8819712746031786e-05,-1.4296805242889539,2.206304736946413,-3.1922630800765724e-05,-0.0013911604882625968,-0.00143822752692216,-0.00033113731209570958,-0.0014726818518755787,-0.001469428677643742,-0.00016799291122646874,-0.28153589238138282,1.4930413697998939,0.00036335293952060606,-0.44703211605020915,1.3676952656361565,-0.00014290041842562423,0.28153589238138282,-1.4930413697998939,-0.00036335293952060606,0.44703211605020915,-1.3676952656361565,0.00014290041842562423,-1.3267204090965414,2.208800254273827,0,-1.4267204090965415,2.208800254273827,0,0.038611293603588052,0.02890319855473876,4.9109517809759447e-06,0.037730405086761558,0.032150350945432796,1.7976434801553152e-05,-0.32014718598497088,1.4641381712451551,0.00035844198773963014,-0.48476252113697071,1.3355449146907237,-0.0001608768532271774,-0.28153589238138282,1.4930413697998939,0.00036335293952060606,-0.44703211605020915,1.3676952656361565,-0.00014290041842562423,0,0,0,0,0,0,0,0,0,0,0,0
control,0,149,745,750,1490000000,1490000000,0,-1,0.01,1,1,0,0,none,0,0,1,1,-0.089478605731494854,2.0482140739070613e-05,0.56567483413735353,0.9999430454938445,-1.7158598214832058e-05,-0.010672650688038365,-1.169661048766966e-06,0.00067338536775828962,-0.00010432152592684604,0.00010650446775140581,0.00017856419571190879,0.0011849352814310235,3.224587541897675e-05,-1.3297765811743196,2.2065585703689994,3.556715994102768e-05,-1.4296937781847279,2.2062916111738717,-3.3596312137191008e-05,-0.0011412207861331307,-0.0011797178557773655,-0.00033955608068317756,-0.001220135627956307,-0.0012016195069291277,-0.00018543433841030382,-0.2817977377883556,1.4927770708705279,0.00036475519663476021,-0.44729127570321259,1.367415203027446,-0.00014153661006261977,0.2817977377883556,-1.4927770708705279,-0.00036475519663476021,0.44729127570321259,-1.367415203027446,0.00014153661006261977,-1.3267204090965414,2.208800254273827,0,-1.4267204090965415,2.208800254273827,0,0.038385896112538051,0.0286697836415972,6.3076560518505766e-06,0.037510632500170671,0.031906146459856614,1.9350610561672492e-05,-0.32018363390089366,1.4641072872289307,0.00035844754058290962,-0.48480190820338326,1.3355090565675893,-0.00016088722062429227,-0.2817977377883556,1.4927770708705279,0.00036475519663476021,-0.44729127570321259,1.367415203027446,-0.00014153661006261977,0,0,0,0,0,0,0,0,0,0,0,0
control,0,150,750,755,1500000000,1500000000,0,-1,0.01,1,1,0,0,none,0,0,1,1,-0.089471006287668103,1.9421693685889921e-05,0.56567603621987994,0.99994311685116577,-1.6249440415345567e-05,-0.010665964414965985,-1.014538820022563e-06,0.0008146269379895898,-0.00010698558394449938,0.00012885986007355203,0.00018309423574658991,0.0014336300589383004,3.329612678044318e-05,-1.3297865557415052,2.2065482784471699,3.2261877788755719e-05,-1.4297045238548951,2.2062811529266848,-3.5408082882839606e-05,-0.00089349492310996758,-0.00092349775147148108,-0.00034331986414856192,-0.00097034786855897093,-0.00093533990997670281,-0.00019739500960209213,-0.2820788046509341,1.4924915249908672,0.00036593955092613243,-0.44756869369997027,1.3671124590743817,-0.00014040355086347673,0.2820788046509341,-1.4924915249908672,-0.00036593955092613243,0.44756869369997027,-1.3671124590743817,0.00014040355086347673,-1.3267204090965414,2.208800254273827,0,-1.4267204090965415,2.208800254273827,0,0.038134002124229842,0.028408956547091677,7.4874298708013828e-06,0.037264898903081468,0.031632226030671118,2.049217534495649e-05,-0.32021280677516395,1.4640825684437755,0.00035845212105533106,-0.48483359260305176,1.3354802330437106,-0.00016089572620843322,-0.2820788046509341,1.4924915249908672,0.00036593955092613243,-0.44756869369997027,1.3671124590743817,-0.00014040355086347673,0,0,0,0,0,0,0,0,0,0,0,0
control,0,151,755,760,1510000000,1510000000,0,-1,0.01,1,1,0,0,none,0,0,1,1,-0.089462107634466603,1.8343765701564423e-05,0.56567744390914521,0.9999432003548675,-1.5325426440331645e-05,-0.010658134380075259,-8.5577016616019734e-07,0.00093691538629794835,-0.00010813211152223336,0.00014820986355742029,0.00018502929968654337,0.0016489598313632419,3.3859053884808374e-05,-1.329794084136475,2.2065405168292371,2.8947308018903178e-05,-1.4297128047544816,2.2062733281485141,-3.7306744241833856e-05,-0.00065083855201311159,-0.00067253218916894168,-0.00034268080735018382,-0.00072605754033199443,-0.00067381188587513189,-0.00020420888226799748,-0.28237445939200695,1.4921895667851044,0.00036690558412365629,-0.44785985675224238,1.3667921705449753,-0.00013949991237345005,0.28237445939200695,-1.4921895667851044,-0.00036690558412365629,0.44785985675224238,-1.3667921705449753,0.00013949991237345005,-1.3267204090965414,2.208800254273827,0,-1.4267204090965415,2.208800254273827,0,0.037860358307222987,0.028125647618831597,8.4498479618382397e-06,0.03699783420577886,0.03133383133256764,2.1402467385950031e-05,-0.32023481769922996,1.4640639191662728,0.00035845573616181806,-0.48485769095802123,1.3354583392124075,-0.00016090237975940007,-0.28237445939200695,1.4921895667851044,0.00036690558412365629,-0.44785985675224238,1.3667921705449753,-0.00013949991237345005,0,0,0,0,0,0,0,0,0,0,0,0
control,0,152,760,765,1520000000,1520000000,0,-1,0.01,1,1,0,0,none,0,0,1,1,-0.089452101142937071,1.7263101768897018e-05,0.56567902686065052,0.99994329418403904,-1.4399186509223422e-05,-0.010649329018852091,-6.9559970658147949e-07,0.0010399872401200786,-0.00010783483301715623,0.00016451305577193522,0.00018449571375418498,0.0018304600989683751,3.3956231714834432e-05,-1.3297992320860752,2.2065352171245061,2.5664225017288006e-05,-1.429718690365148,2.2062680721702148,-3.9244556505036395e-05,-0.00041586332493264089,-0.00042953223058011451,-0.00033792854782692139,-0.00048977069601578921,-0.00041998508283794657,-0.00020624328898621755,-0.28268018852424193,1.4918759202676679,0.000367655564024896,-0.44816037262213193,1.3664593559276001,-0.00013882168185306245,0.28268018852424193,-1.4918759202676679,-0.000367655564024896,0.44816037262213193,-1.3664593559276001,0.00013882168185306245,-1.3267204090965414,2.208800254273827,0,-1.4267204090965415,2.208800254273827,0,0.03756967086180419,0.027824744137721142,9.1971598861596693e-06,0.036714031267301224,0.031016162867602941,2.2085531400821793e-05,-0.32024985938604611,1.4640511761299468,0.00035845840413873634,-0.48487440388943315,1.3354431930599973,-0.00016090721325388423,-0.28268018852424193,1.4918759202676679,0.000367655564024896,-0.44816037262213193,1.3664593559276001,-0.00013882168185306245,0,0,0,0,0,0,0,0,0,0,0,0
control,0,153,765,770,1530000000,1530000000,0,-1,0.01,1,1,0,0,none,0,0,1,1,-0.089441179306400137,1.6193623189154017e-05,0.56568075455756361,0.99994339651000685,-1.3482644131164774e-05,-0.010639717757608315,-5.3615719814300204e-07,0.0011238288358896413,-0.00010618162124820184,0.00017776795636636404,0.00018164397772114715,0.0019781062750638258,3.3613937709350467e-05,-1.3298020899144358,2.2065322854281946,2.2450409888019566e-05,-1.4297222737733102,2.2062652925344786,-4.11775227040013e-05,-0.00019092092755122929,-0.00019693823037959858,-0.00032938426927610283,-0.00026374432727375785,-0.00017651911939729807,-0.00020389280537572776,-0.2829916455294863,1.4915551483240705,0.00036819424401043964,-0.4484660156270216,1.3661188621518467,-0.00013836238195127847,0.2829916455294863,-1.4915551483240705,-0.00036819424401043964,0.4484660156270216,-1.3661188621518467,0.00013836238195127847,-1.3267204090965414,2.208800254273827,0,-1.4267204090965415,2.208800254273827,0,0.037266551206059574,0.027511033493158275,9.734090497399273e-06,0.036417992612134582,0.030684319551276963,2.2547897079986778e-05,-0.3202581967355459,1.4640441148309122,0.00035846015351304034,-0.48488400823915617,1.3354345426005698,-0.00016091027903126525,-0.2829916455294863,1.4915551483240705,0.00036819424401043964,-0.4484660156270216,1.3661188621518467,-0.00013836238195127847,0,0,0,0,0,0,0,0,0,0,0,0
control,0,154,770,775,1540000000,1540000000,0,-1,0.01,1,1,0,0,none,0,0,1,1,-0.089429533335655537,1.5148297770410549e-05,0.56568259669484222,0.99994350552039157,-1.2586904999004665e-05,-0.010629468896232078,-3.7943699991352284e-07,0.0011886604205523289,-0.00010327254477233545,0.0001880104201845901,0.00017664542482413818,0.0020922856795914111,3.2862535925489511e-05,-1.3298027698769046,2.2065316050998831,1.9340381889754159e-05,-1.4297236691105633,2.2062648719703701,-4.306561326717231e-05,2.1908743308231746e-05,2.3092577578151317e-05,-0.00031739477460919539,-4.997429945958291e-05,5.4229492612750008e-05,-0.00019757317261182459,-0.28330469274735354,1.4912316073989267,0.00036852864626131916,-0.44877276724263304,1.3657753168096143,-0.00013811330522129064,0.28330469274735354,-1.4912316073989267,-0.00036852864626131916,0.44877276724263304,-1.3657753168096143,0.00013811330522129064,-1.3267204090965414,2.208800254273827,0,-1.4267204090965415,2.208800254273827,0,0.036955466249395684,0.027189151220959221,1.0067624163533521e-05,0.036114081617450201,0.030343243402563023,2.2798342610742925e-05,-0.3202601589967492,1.4640424561779675,0.00035846102209778565,-0.48488684886008326,1.3354320734070513,-0.00016091164783203356,-0.28330469274735354,1.4912316073989267,0.00036852864626131916,-0.44877276724263304,1.3657753168096143,-0.00013811330522129064,0,0,0,0,0,0,0,0,0,0,0,0
control,0,155,775,780,1550000000,1550000000,0,-1,0.01,1,1,0,0,none,0,0,1,1,-0.089417350924365743,1.4139029810642065e-05,0.56568452353548349,0.99994361944115595,-1.1722162843195074e-05,-0.010618747640815801,-2.2728049487256247e-07,0.0012349184416796095,-9.9217874380058384e-05,0.00019531073874318557,0.0001696888123448976,0.0021737663416471933,3.1735844646803956e-05,-1.3298014033990619,2.2065330396411382,1.6365186819591166e-05,-1.4297230088965278,2.2062666714725063,-4.4872932448421149e-05,0.00022082538173320414,0.00022869423465452342,-0.0003023266149343323,0.00014981274885626498,0.00027021594853347429,-0.00018771531044289036,-0.28361543809004924,1.4909094076240301,0.0003686678306409417,-0.44907685162606215,1.3654330861144135,-0.00013806376148387908,0.28361543809004924,-1.4909094076240301,-0.0003686678306409417,0.44907685162606215,-1.3654330861144135,0.00013806376148387908,-1.3267204090965414,2.208800254273827,0,-1.4267204090965415,2.208800254273827,0,0.036640693557646341,0.026863534240283239,1.0206774700839266e-05,0.035806478476551135,0.029997669693047652,2.2847645256670862e-05,-0.32025613164769556,1.4640458733837469,0.00035846105594010245,-0.48488333010261331,1.3354354164213658,-0.00016091140674054995,-0.28361543809004924,1.4909094076240301,0.0003686678306409417,-0.44907685162606215,1.3654330861144135,-0.00013806376148387908,0,0,0,0,0,0,0,0,0,0,0,0
control,0,156,780,785,1560000000,1560000000,0,-1,0.01,1,1,0,0,none,0,0,1,1,-0.089404814200745558,1.3176570115604803e-05,0.56568650623632788,0.9999437365564906,-1.0897622449499933e-05,-0.010607714300363391,-8.1361521333795985e-08,0.0012632363573319345,-9.4136076589701413e-05,0.00019977050782383842,0.00016097689032662106,0.0022236631953354946,3.0270496674601003e-05,-1.3297981382600781,2.2065364356307349,1.3552241351875317e-05,-1.4297204413228504,2.2062705334411454,-4.6567827876252378e-05,0.0004043122124087742,0.00041829612267215962,-0.00028456034899902613,0.00033416369712317267,0.00046971144955654893,-0.00017475949711063632,-0.28392026646640334,1.4905923785301742,0.00036862265328162653,-0.44937476595053166,1.3650962387482506,-0.00013820133384457133,0.28392026646640334,-1.4905923785301742,-0.00036862265328162653,0.44937476595053166,-1.3650962387482506,0.00013820133384457133,-1.3267204090965414,2.208800254273827,0,-1.4267204090965415,2.208800254273827,0,0.03632628164382673,0.026538379533097057,1.0162345044388713e-05,0.035499141170021398,0.029652082817843751,2.270832321840753e-05,-0.32024654811023007,1.4640539989970771,0.00035846030823723782,-0.48487390712055306,1.3354441559304069,-0.00016090965706297886,-0.28392026646640334,1.4905923785301742,0.00036862265328162653,-0.44937476595053166,1.3650962387482506,-0.00013820133384457133,0,0,0,0,0,0,0,0,0,0,0,0
control,0,157,785,790,1570000000,1570000000,0,-1,0.01,1,1,0,0,none,0,0,1,1,-0.089392097878389962,1.2270446022333344e-05,0.56568851714141866,0.99994385522642848,-1.0121439814027747e-05,-0.010596522658871788,5.6825175570486517e-08,0.001274424293411839,-8.815182045346045e-05,0.0002015193176312884,0.00015072299336897296,0.0022434022472219276,2.8505301089970097e-05,-1.3297931357578987,2.2065416256778332,1.0925231692210893e-05,-1.429716127515327,2.2062762848414765,-4.8122945223555091e-05,0.00057113626087528619,0.00059062315174813508,-0.00026448499509648557,0.00050189961438490297,0.000651303418092149,-0.00015914977777834079,-0.28421586586635755,1.4902840404055187,0.00036840551848283282,-0.44966330551021072,1.364768515660747,-0.0001385121397140869,0.28421586586635755,-1.4902840404055187,-0.00036840551848283282,0.44966330551021072,-1.364768515660747,0.0001385121397140869,-1.3267204090965414,2.208800254273827,0,-1.4267204090965415,2.208800254273827,0,0.036016015544974342,0.026217608424303332,9.9466802471610117e-06,0.03519577160384782,0.029310678061067151,2.2394372455983565e-05,-0.32023188141133191,1.4640664319812153,0.00035845883823567182,-0.48485907711405851,1.3354578375996797,-0.00016090651217007048,-0.28421586586635755,1.4902840404055187,0.00036840551848283282,-0.44966330551021072,1.364768515660747,-0.0001385121397140869,0,0,0,0,0,0,0,0,0,0,0,0
control,0,158,790,795,1580000000,1580000000,0,-1,0.01,1,1,0,0,none,0,0,1,1,-0.089379367615834579,1.1428911146067894e-05,0.56569053004147329,0.99994397390213052,-9.4006791926882002e-06,-0.010585318531226474,1.859725021517417e-07,0.0012694478690616949,-8.1394022275297004e-05,0.00020071132007481784,0.00013914769747765097,0.0022346832807239622,2.6480614760280785e-05,-1.3297865678916194,2.2065484313558033,8.5040643371800794e-06,-1.4297102388090492,2.2062837403427782,-4.9515230563594939e-05,0.00072034517977036781,0.00074469231701299087,-0.00024249273259408655,0.0006521130323681024,0.00081389188517077291,-0.00014132865823460132,-0.28449924812496552,1.4899875812889183,0.00036803012745611487,-0.44993958361905534,1.3644533058074142,-0.00013898109325222581,0.28449924812496552,-1.4899875812889183,-0.00036803012745611487,0.44993958361905534,-1.3644533058074142,0.00013898109325222581,-1.3267204090965414,2.208800254273827,0,-1.4267204090965415,2.208800254273827,0,0.035713387771280317,0.025904836540765239,9.5734173285503045e-06,0.034899787001540471,0.028977329344829342,2.1921002080808547e-05,-0.32021263589624582,1.464082744748153,0.00035845671012756455,-0.48483937062059579,1.3354759764625848,-0.00016090209533303437,-0.28449924812496552,1.4899875812889183,0.00036803012745611487,-0.44993958361905534,1.3644533058074142,-0.00013898109325222581,0,0,0,0,0,0,0,0,0,0,0,0
control,0,159,795,800,1590000000,1590000000,0,-1,0.01,1,1,0,0,none,0,0,1,1,-0.089366778591298435,1.0658914333782998e-05,0.56569252039855078,0.99994409113882965,-8.7412866014785758e-06,-0.010574238508577622,3.049666514145314e-07,0.0012494065000698221,-7.3993950919508129e-05,0.00019752172519772813,0.00012647558070702977,0.0021994416439634064,2.4237731239996741e-05,-1.329778614594008,2.206556666082006,6.3048662203033482e-06,-1.4297029540691009,2.2062927054008679,-5.0725883481724661e-05,0.0008512608841453347,0.00087980590000433841,-0.00021897390316134881,0.00078416206816986432,0.00095668233692694407,-0.00012173213319720315,-0.2847677644480115,1.4897058395172649,0.00036751122724991051,-0.4502010463887689,1.3641536277405093,-0.00013959216587467051,0.2847677644480115,-1.4897058395172649,-0.00036751122724991051,0.4502010463887689,-1.3641536277405093,0.00013959216587467051,-1.3267204090965414,2.208800254273827,0,-1.4267204090965415,2.208800254273827,0,0.035421574643381248,0.025603349451845756,9.0572352919764372e-06,0.034614296568457312,0.028655562970119022,2.1304371704377555e-05,-0.32018933909139274,1.4641024900654191,0.00035845399195793409,-0.48481534295722623,1.3354980647703902,-0.00016089653757904806,-0.2847677644480115,1.4897058395172649,0.00036751122724991051,-0.4502010463887689,1.3641536277405093,-0.00013959216587467051,0,0,0,0,0,0,0,0,0,0,0,0
control,0,160,800,805,1600000000,1600000000,0,-1,0.01,1,1,0,0,none,0,0,1,1,-0.08935447429603699,9.9660870932476757e-06,0.56569446553550329,0.99994420560645758,-8.1480791406616641e-06,-0.010563408896201493,4.1288991674661513e-07,0.001215511476621187,-6.6083414278467512e-05,0.00019214327555074724,0.00011293212271422724,0.0021398096433028024,2.1818294007741194e-05,-1.3297694610444677,2.2065661379117532,4.3400310809844751e-06,-1.4296944570867238,2.2063029792502702,-5.1740264444710557e-05,0.0009634702707553756,0.00099554161601942293,-0.00019431235512620501,0.00089766166616826607,0.00107917533404376,-0.00010078509122791131,-0.28501911583795009,1.4894412916796229,0.00036686436298701317,-0.45044548252615296,1.3638721168973384,-0.00014032864169623616,0.28501911583795009,-1.4894412916796229,-0.00036686436298701317,0.45044548252615296,-1.3638721168973384,0.00014032864169623616,-1.3267204090965414,2.208800254273827,0,-1.4267204090965415,2.208800254273827,0,0.035143417968982085,0.025316083920856748,8.4136084320149081e-06,0.034342083382935255,0.028348537281615824,2.0561333894808732e-05,-0.32016253380693216,1.4641252077587661,0.00035845075455499825,-0.48478756590908822,1.3355235796157225,-0.0001608899755910449,-0.28501911583795009,1.4894412916796229,0.00036686436298701317,-0.45044548252615296,1.3638721168973384,-0.00014032864169623616,0,0,0,0,0,0,0,0,0,0,0,0
control,0,161,805,810,1610000000,1610000000,0,-1,0.01,1,1,0,0,none,0,0,1,1,-0.08934258554686611,9.3547485742071044e-06,0.56569634479026798,0.99994431609800971,-7.6247493513786593e-06,-0.010552944844325587,5.0902081632568622e-07,0.0011690640953436796,-5.7793045228486599e-05,0.00018478274406256669,9.874077451925733e-05,0.0020580780357584414,1.9263740254138103e-05,-1.3297592950898733,2.2065766522177812,2.6183085176079065e-06,-1.4296849340780684,2.2063143577757924,-5.2547760290552131e-05,0.0010568133169643948,0.0010917400250963314,-0.00016888116703151588,0.00099247224903866566,0.0011811532360571143,-7.8897130858579764e-05,-0.28525135861562667,1.4891960457764943,0.00036610563629135801,-0.45067102834509676,1.3636110183731285,-0.00014117336504423749,0.28525135861562667,-1.4891960457764943,-0.00036610563629135801,0.45067102834509676,-1.3636110183731285,0.00014117336504423749,-1.3267204090965414,2.208800254273827,0,-1.4267204090965415,2.208800254273827,0,0.034881411944536304,0.025045614634904748,7.6585657962934231e-06,0.034085591404764609,0.028059028122328876,1.9709184630094627e-05,-0.32013277056016298,1.4641504311415896,0.00035844707049506461,-0.48475661974986134,1.3355519902507995,-0.00016088254967433212,-0.28525135861562667,1.4891960457764943,0.00036610563629135801,-0.45067102834509676,1.3636110183731285,-0.00014117336504423749,0,0,0,0,0,0,0,0,0,0,0,0
control,0,162,810,815,1620000000,1620000000,0,-1,0.01,1,1,0,0,none,0,0,1,1,-0.089331229715728044,8.8279270089798718e-06,0.56569813963548676,0.99994442153573659,-7.1738836683694441e-06,-0.010542949670027297,5.9283168768044245e-07,0.0011114341069748241,-4.9250703059924451e-05,0.00017565749692222734,8.4120225777867255e-05,0.0019566580804418212,1.6614780623416199e-05,-1.3297483047976923,2.2065880142298311,1.1449318813822968e-06,-1.4296745713096732,2.2063266362365992,-5.3141611988043526e-05,0.0011313688659007753,0.0011684895403098034,-0.0001430387791521235,0.001068686078669821,0.0012626643793094208,-5.6458814672376631e-05,-0.2854629052768472,1.4889718393272691,0.00036525147250542685,-0.45087616823081439,1.3633721849082661,-0.0001421089774803329,0.2854629052768472,-1.4889718393272691,-0.00036525147250542685,0.45087616823081439,-1.3633721849082661,0.0001421089774803329,-1.3267204090965414,2.208800254273827,0,-1.4267204090965415,2.208800254273827,0,0.03463769511495985,0.024794146217486029,6.8084593931914867e-06,0.033846917439575873,0.027789419877769315,1.8765424330031891e-05,-0.32010060039180704,1.464177693109783,0.00035844301311223537,-0.48472308567039024,1.3355827650304968,-0.0001608744018103648,-0.2854629052768472,1.4889718393272691,0.00036525147250542685,-0.45087616823081439,1.3633721849082661,-0.0001421089774803329,0,0,0,0,0,0,0,0,0,0,0,0
control,0,163,815,820,1630000000,1630000000,0,-1,0.01,1,1,0,0,none,0,0,1,1,-0.089320510171678968,8.3873963743163187e-06,0.56569983376433319,0.9999445209752682,-6.7969939080065186e-06,-0.010533514366123358,6.6398393502975465e-07,0.0010440387202777048,-4.0580003958749833e-05,0.00016499215910153664,6.9281892753180019e-05,0.0018380445725272234,1.3910919482107067e-05,-1.3297366761626721,2.2066000314123064,-7.8219073968243435e-08,-1.4296635528717516,2.2063396118194087,-5.3518709036173759e-05,0.0011874384162241863,0.0012261093737562048,-0.00011712555604066574,0.0011266116395442726,0.0013240050650490469,-3.383838207186366e-05,-0.28565252096851163,1.4887700421264631,0.00036431839908624531,-0.45105973083854983,1.3631570797749148,-0.00014311814200121761,0.28565252096851163,-1.4887700421264631,-0.00036431839908624531,0.45105973083854983,-1.3631570797749148,0.00014311814200121761,-1.3267204090965414,2.208800254273827,0,-1.4267204090965415,2.208800254273827,0,0.034414047169231798,0.024563510277612305,5.8797435242237604e-06,0.033627807843204786,0.027541701855445286,1.774753181444531e-05,-0.32006656813774342,1.4642065318488509,0.00035843865556202154,-0.48468753868175463,1.3356153779194695,-0.00016086567381566293,-0.28565252096851163,1.4887700421264631,0.00036431839908624531,-0.45105973083854983,1.3631570797749148,-0.00014311814200121761,0,0,0,0,0,0,0,0,0,0,0,0
control,0,164,820,825,1640000000,1640000000,0,-1,0.01,1,1,0,0,none,0,0,1,1,-0.089310515928402584,8.0337269152259911e-06,0.56570141314377886,0.99994461360779596,-6.4945606271756857e-06,-0.010524717290966403,7.2232113175816198e-07,0.00096832238066295643,-3.1898991677095589e-05,0.00015301541602700936,5.4427646019938464e-05,0.0017047802440997362,1.1190019576467613e-05,-1.3297245909851654,2.2066125156614111,-1.0524250397097687e-06,-1.4296520586172088,2.2063530860010281,-5.3679355013383117e-05,0.001225528239116996,0.001265130764158466,-9.1460793304127123e-05,0.001166756360850801,0.0013656997181091316,-1.1378931251074931e-05,-0.28581931590429299,1.4885916633111576,0.00036332283712386775,-0.45122088134219995,1.3629667842083357,-0.00014418375255487119,0.28581931590429299,-1.4885916633111576,-0.00036332283712386775,0.45122088134219995,-1.3629667842083357,0.00014418375255487119,-1.3267204090965414,2.208800254273827,0,-1.4267204090965415,2.208800254273827,0,0.034211890304811865,0.024355167202752319,4.8887671771192863e-06,0.033429659706731008,0.027317469696423034,1.6672753066568681e-05,-0.32003120620910486,1.4642364961084053,0.00035843406994674846,-0.48465054104893096,1.3356493145119126,-0.00016085650562143986,-0.28581931590429299,1.4885916633111576,0.00036332283712386775,-0.45122088134219995,1.3629667842083357,-0.00014418375255487119,0,0,0,0,0,0,0,0,0,0,0,0
control,0,165,825,830,1650000000,1650000000,0,-1,0.01,1,1,0,0,none,0,0,1,1,-0.089301321488310478,7.7663480747285417e-06,0.56570286603683839,0.99994469876045255,-6.2660871056695094e-06,-0.010516624031265602,7.6786019583282155e-07,0.000885737518611,-2.3318957094828256e-05,0.00013995698054593321,3.9747792773184065e-05,0.0015594218749202047,8.4879139492899218e-06,-1.3297122249359541,2.2066252853065973,-1.7819078450177636e-06,-1.4296402622811657,2.2063668667040388,-5.3627008863738634e-05,0.0012463301439503915,0.0012862768295189538,-6.6340177603717789e-05,0.0011898079932322653,0.0013884795765736094,1.0603922446570229e-05,-0.28596273406695905,1.488437362369899,0.0003622809077430998,-0.45135911007542723,1.3628020089944659,-0.00014528912715027403,0.28596273406695905,-1.488437362369899,-0.0003622809077430998,0.45135911007542723,-1.3628020089944659,0.00014528912715027403,-1.3267204090965414,2.208800254273827,0,-1.4267204090965415,2.208800254273827,0,0.034032294857026323,0.024170212362477784,3.8515812336912184e-06,0.033253526225641726,0.027117931472597629,1.5557906536793078e-05,-0.31999502892398535,1.4642671500074211,0.0003584293265094086,-0.48461263630106893,1.3356840775218684,-0.00016084703368706712,-0.28596273406695905,1.488437362369899,0.0003622809077430998,-0.45135911007542723,1.3628020089944659,-0.00014528912715027403,0,0,0,0,0,0,0,0,0,0,0,0
control,0,166,830,835,1660000000,1660000000,0,-1,0.01,1,1,0,0,none,0,0,1,1,-0.089292986872481453,7.5836223009347802e-06,0.5657041829956031,0.99994477589503483,-6.1101626426614906e-06,-0.010509287428461783,8.0078086765216939e-07,0.00079772643862707218,-1.4943412969027035e-05,0.00012604475034761221,2.5419324503263526e-05,0.0014045084131825089,5.8380673042545639e-06,-1.3296997458192186,2.2066381669045372,-2.2735893969879168e-06,-1.429628329792598,2.2063807702330096,-5.3368006527302232e-05,0.0012507012138819739,0.0012904413809529584,-4.2033702691322212e-05,0.0011966149556113389,0.0013932602657322627,3.1823912945688682e-05,-0.28608253857313093,1.4883074637018816,0.00036120825485504301,-0.45147421793505493,1.3626631098024926,-0.00014641818324713249,0.28608253857313093,-1.4883074637018816,-0.00036120825485504301,0.45147421793505493,-1.3626631098024926,0.00014641818324713249,-1.3267204090965414,2.208800254273827,0,-1.4267204090965415,2.208800254273827,0,0.033875988851302712,0.024009386360048166,2.7837619536624859e-06,0.033100125919260974,0.026943918091210127,1.4419206310906234e-05,-0.31995852742443365,1.4642980773418335,0.0003584244929013805,-0.48457434385431591,1.3357191917112825,-0.00016083738955803873,-0.28608253857313093,1.4883074637018816,0.00036120825485504301,-0.45147421793505493,1.3626631098024926,-0.00014641818324713249,0,0,0,0,0,0,0,0,0,0,0,0
control,0,167,835,840,1670000000,1670000000,0,-1,0.01,1,1,0,0,none,0,0,1,1,-0.089285557824135178,7.4829281540042185e-06,0.56570535682709322,0.99994484460522437,-6.0245338159492343e-06,-0.010502747757816974,8.2141372781572991e-07,0.00070570449475619004,-6.8672278263020037e-06,0.0001115021765791568,1.1604436807376334e-05,0.0012425313627864429,3.2712881670495695e-06,-1.3296873120421457,2.2066509968171735,-2.5368332484040478e-06,-1.4296164177866169,2.2063946229820988,-5.2911267471958145e-05,0.0012396428223721775,0.0012786670270611821,-1.8784036578508616e-05,0.0011881659575900543,0.0013811186026872644,5.2025521853811355e-05,-0.2861787940892821,1.4882019743133514,0.00036011988533165402,-0.45156629892877831,1.3625501058287601,-0.00014755559442777169,0.2861787940892821,-1.4882019743133514,-0.00036011988533165402,0.45156629892877831,-1.3625501058287601,0.00014755559442777169,-1.3267204090965414,2.208800254273827,0,-1.4267204090965415,2.208800254273827,0,0.033743371113693459,0.023873088939250327,1.7002518034466452e-06,0.032969855344518947,0.0267958975967077,1.3272104148896875e-05,-0.31992216520297556,1.4643288853741012,0.00035841963352820739,-0.48453615427329727,1.3357542082320524,-0.00016082769857666857,-0.2861787940892821,1.4882019743133514,0.00036011988533165402,-0.45156629892877831,1.3625501058287601,-0.00014755559442777169,0,0,0,0,0,0,0,0,0,0,0,0
control,0,168,840,845,1680000000,1680000000,0,-1,0.01,1,1,0,0,none,0,0,1,1,-0.089279066172023802,7.4607511095909683e-06,0.56570638253414973,0.99994490461245977,-6.006182330414711e-06,-0.010497033048227767,8.3022699667473893e-07,0.00061104467369717404,8.2407930282148703e-07,9.6545860655702988e-05,-1.5506757521605735e-06,0.0010759076496432696,8.154924675578368e-07,-1.3296750712966128,2.2066636225685818,-2.5831730993317269e-06,-1.4296046723228959,2.2064082629082855,-5.2267990582147463e-05,0.0012142792340036532,0.0012521228820989818,3.1946693925197132e-06,0.0011655691957187519,0.0013532689616861228,7.0984921132492991e-05,-0.28625184670404213,1.4881206042318482,0.00035903002743659595,-0.45163572026510096,1.3624627013110828,-0.00014868692763334547,0.28625184670404213,-1.4881206042318482,-0.00035903002743659595,0.45163572026510096,-1.3624627013110828,0.00014868692763334547,-1.3267204090965414,2.208800254273827,0,-1.4267204090965415,2.208800254273827,0,0.033634527549850662,0.023761396139793209,6.1521846017353238e-07,0.032862804922674405,0.026673992943968435,1.213115111801959e-05,-0.31988637425389282,1.4643592080920551,0.0003584148089764224,-0.48449852518777536,1.3357887083671145,-0.00016081807875136507,-0.28625184670404213,1.4881206042318482,0.00035903002743659595,-0.45163572026510096,1.3624627013110828,-0.00014868692763334547,0,0,0,0,0,0,0,0,0,0,0,0
control,0,169,845,850,1690000000,1690000000,0,-1,0.01,1,1,0,0,none,0,0,1,1,-0.089273530339062671,7.5127804513394779e-06,0.56570725723372561,0.99994495576061404,-6.0514080786299571e-06,-0.010492159529840006,8.2781235842368025e-07,0.00051506368179385343,8.0548837484620731e-06,8.1383392080712586e-05,-1.3916750483804694e-05,0.00090695513593146235,-1.5044815567754046e-06,-1.329663159455442,2.206675903978442,-2.4260324175674434e-06,-1.4295932278128711,2.2064215407676797,-5.1451343707248846e-05,0.0011758360762467316,0.0012120821782178658,2.3717543987812156e-05,0.0011300314054053056,0.0013110395168067519,8.8510477711316974e-05,-0.28630230166334103,1.4880627892090421,0.00035795200804912482,-0.45168310038410703,1.3624003094624955,-0.00014979876056142176,0.28630230166334103,-1.4880627892090421,-0.00035795200804912482,0.45168310038410703,-1.3624003094624955,0.00014979876056142176,-1.3267204090965414,2.208800254273827,0,-1.4267204090965415,2.208800254273827,0,0.033549250192436743,0.023674080277292432,-4.5806747412037489e-07,0.032778777487847313,0.026578002798557081,1.1009879226608805e-05,-0.31985155185577779,1.4643887089317498,0.00035841007552324519,-0.48446187787195433,1.3358223066639383,-0.00016080863978803057,-0.28630230166334103,1.4880627892090421,0.00035795200804912482,-0.45168310038410703,1.3624003094624955,-0.00014979876056142176,0,0,0,0,0,0,0,0,0,0,0,0
control,0,170,850,855,1700000000,1700000000,0,-1,0.01,1,1,0,0,none,0,0,1,1,-0.089268955980707401,7.6340106616030905e-06,0.56570798005504885,0.99994499800963266,-6.1559160507370942e-06,-0.01048813219582689,8.1487005023418694e-07,0.00041900960777819352,1.4759842124932988e-05,6.6211436500607056e-05,-2.5382117299163033e-05,0.00073787090830954147,-3.6670078911047675e-06,-1.3296516996829462,2.2066877140728001,-2.0804391970022266e-06,-1.4295822061556001,2.206434321115406,-5.047615097606155e-05,0.0011256189545454517,0.001159900061248769,4.2629350753184751e-05,0.0010828370364666295,0.0012558486572146891,0.00010444284161296474,-0.28633099937869289,1.4880277152864174,0.000356898148951291,-0.45170928533123345,1.3623620783769437,-0.00015087877907275901,0.28633099937869289,-1.4880277152864174,-0.000356898148951291,0.45170928533123345,-1.3623620783769437,0.00015087877907275901,-1.3267204090965414,2.208800254273827,0,-1.4267204090965415,2.208800254273827,0,0.033487058605038623,0.023610632320449809,-1.5073357785585699e-06,0.032717309154002477,0.026507424915229123,9.9207032121702265e-06,-0.31981805798373153,1.4644170829659675,0.00035840548472984958,-0.4844265944852359,1.3358546534617146,-0.00016079948228492924,-0.28633099937869289,1.4880277152864174,0.000356898148951291,-0.45170928533123345,1.3623620783769437,-0.00015087877907275901,0,0,0,0,0,0,0,0,0,0,0,0
control,0,171,855,860,1710000000,1710000000,0,-1,0.01,1,1,0,0,none,0,0,1,1,-0.089265336737006859,7.8188457555269973e-06,0.56570855202019343,0.99994503142828217,-6.3149057614781479e-06,-0.010484945464187947,7.921934515966648e-07,0.00032405120945857224,2.0884125639448784e-05,5.1214079759342463e-05,-3.5853096724127565e-05,0.00057071242446894721,-5.653758070700352e-06,-1.3296408017568708,2.2066989397754635,-1.5627396647746991e-06,-1.4295717160796009,2.2064464830723827,-4.935858174730261e-05,0.0010649924635434216,0.0010969918288532769,5.9804457019966344e-05,0.0010253278013210791,0.0011891818488180409,0.0001186546436201131,-0.28633899011332864,1.4880143448035521,0.00035587968216628215,-0.45171532387052776,1.3623469184649535,-0.00015191585474710553,0.28633899011332864,-1.4880143448035521,-0.00035587968216628215,0.45171532387052776,-1.3623469184649535,0.00015191585474710553,-1.3267204090965414,2.208800254273827,0,-1.4267204090965415,2.208800254273827,0,0.033447223228637621,0.023570286237081874,-2.5214009515659077e-06,0.032677692094730627,0.02646148164410466,8.8748423431851259e-06,-0.31978621334196627,1.4644440585664702,0.00035840108311784805,-0.48439301596525841,1.3358854368208488,-0.00016079069709029067,-0.28633899011332864,1.4880143448035521,0.00035587968216628215,-0.45171532387052776,1.3623469184649535,-0.00015191585474710553,0,0,0,0,0,0,0,0,0,0,0,0
control,0,172,860,865,1720000000,1720000000,0,-1,0.01,1,1,0,0,none,0,0,1,1,-0.089262655081917261,8.061205057054078e-06,0.5657089759096402,0.99994505618615015,-6.5231619079963586e-06,-0.010482583925125057,7.6065340114375073e-07,0.00023126884982335123,2.6383505788847143e-05,3.656143019539228e-05,-4.525414545150966e-05,0.00040738156244868036,-7.4497392064925439e-06,-1.3296305615964443,2.2067094823858522,-8.9031450825898147e-07,-1.4295618526856306,2.2064579208649251,-4.8115844795333781e-05,0.00099535982518987706,0.0010248118486077976,7.5146442912203199e-05,0.00095888282280372542,0.0011125691941784113,0.00013104983131510212,-0.28632750773950177,1.488021443436814,0.00035490668413450972,-0.45170244172177459,1.3623535309856774,-0.00015290010294713376,0.28632750773950177,-1.488021443436814,-0.00035490668413450972,0.45170244172177459,-1.3623535309856774,0.00015290010294713376,-1.3267204090965414,2.208800254273827,0,-1.4267204090965415,2.208800254273827,0,0.033428790261049939,0.023552044882785856,-3.4902277931324653e-06,0.032658998834863728,0.02643914711555502,7.8822618728450268e-06,-0.31975629800055172,1.464469398554028,0.00035839691192764221,-0.48436144055663832,1.3359143838701224,-0.0001607823648199788,-0.28632750773950177,1.488021443436814,0.00035490668413450972,-0.45170244172177459,1.3623535309856774,-0.00015290010294713376,0,0,0,0,0,0,0,0,0,0,0,0
control,0,173,865,870,1730000000,1730000000,0,-1,0.01,1,1,0,0,none,0,0,1,1,-0.089260883253339696,8.3546289848641029e-06,0.56570925611540324,0.99994507254504184,-6.775145031484896e-06,-0.010481023159444276,7.2118245785181325e-07,0.00014164708640425314,3.122429999205094e-05,2.2408478508247934e-05,-5.3527762334600568e-05,0.0002496115791953635,-9.0432870955157581e-06,-1.3296210609890606,2.2067192578513311,-8.130092551333332e-08,-1.4295526971832062,2.2064685441454603,-4.6765891035373168e-05,0.00091814336385511949,0.00094483336757116639,8.8587379185032004e-05,0.00088489958882472712,0.0010275639153665879,0.00014156267482067454,-0.28629794294931488,1.4880476078741629,0.00035398802827478286,-0.45167201529542589,1.3623804372603394,-0.0001538229219612012,0.28629794294931488,-1.4880476078741629,-0.00035398802827478286,0.45167201529542589,-1.3623804372603394,0.0001538229219612012,-1.3267204090965414,2.208800254273827,0,-1.4267204090965415,2.208800254273827,0,0.033430607664447741,0.023554707018594395,-4.4049786815975998e-06,0.032660107656739205,0.026439175667349768,6.9516335695782217e-06,-0.3197285506137626,1.4644929008555685,0.00035839300695638044,-0.4843321229521651,1.3359412615929898,-0.00016077455553077942,-0.28629794294931488,1.4880476078741629,0.00035398802827478286,-0.45167201529542589,1.3623804372603394,-0.0001538229219612012,0,0,0,0,0,0,0,0,0,0,0,0
control,0,174,870,875,1740000000,1740000000,0,-1,0.01,1,1,0,0,none,0,0,1,1,-0.089259984247425955,8.692383499877153e-06,0.56570939848428425,0.99994508084990219,-7.0650810273590888e-06,-0.010480230613507847,6.7475931099548561e-07,5.6068897502590794e-05,3.5383186037265098e-05,8.8942115641154543e-06,-6.0634169993625549e-05,9.8956949274334438e-05,-1.0426017253944799e-05,-1.3296123675061602,2.2067281968440411,8.4567648978208708e-07,-1.4295443168117496,2.2064782781047461,-4.5327127773671216e-05,0.00083476600330298497,0.00085852940128570423,0.00010008680485311001,0.0008047758961400545,0.00093572195988722291,0.00015015647596930916,-0.28625181628134372,1.4880912937480542,0.00035313135528283854,-0.45162554527895826,1.3624260081690336,-0.00015467701400960918,0.28625181628134372,-1.4880912937480542,-0.00035313135528283854,0.45162554527895826,-1.3624260081690336,0.00015467701400960918,-1.3267204090965414,2.208800254273827,0,-1.4267204090965415,2.208800254273827,0,0.033451351910470592,0.023576895055502117,-5.2580431895901272e-06,0.032679728738287471,0.026460131089140197,6.0903145336359058e-06,-0.31970316819181432,1.464514398692552,0.00035838939847242869,-0.48430527401724571,1.3359658770798934,-0.0001607673285432451,-0.28625181628134372,1.4880912937480542,0.00035313135528283854,-0.45162554527895826,1.3624260081690336,-0.00015467701400960918,0,0,0,0,0,0,0,0,0,0,0,0
control,0,175,875,880,1750000000,1750000000,0,-1,0.01,1,1,0,0,none,0,0,1,1,-0.089259912860977647,9.0675619617315432e-06,0.56570941015375498,0.99994508151939576,-7.3870484306685981e-06,-0.01048016651650599,6.2239352890941522e-07,-2.46884898682937e-05,3.8846895355075821e-05,-3.8590260955999265e-06,-6.6550789157191395e-05,-4.3213978260997024e-05,-1.1592737023780056e-05,-1.3296045345971779,2.2067362446539702,1.87176332626446e-06,-1.4295367649355497,2.2064870633878235,-4.3818147133546821e-05,0.00074663394636704237,0.00076735486401837696,0.00010963043711057405,0.00071989294195042963,0.00083858290248795886,0.00015682201587803832,-0.28619075130479626,1.4881508434710553,0.00035234306034911429,-0.45156463040801392,1.3624884935565382,-0.00015545638906044445,0.28619075130479626,-1.4881508434710553,-0.00035234306034911429,0.45156463040801392,-1.3624884935565382,0.00015545638906044445,-1.3267204090965414,2.208800254273827,0,-1.4267204090965415,2.208800254273827,0,0.033489555088086674,0.023617083142253491,-6.0430508534080405e-06,0.032716430655172622,0.026500416278309555,5.3043433461621302e-06,-0.31968030639288292,1.4645337603288018,0.00035838611120252232,-0.48428106106318652,1.3359880772782287,-0.00016076073240660658,-0.28619075130479626,1.4881508434710553,0.00035234306034911429,-0.45156463040801392,1.3624884935565382,-0.00015545638906044445,0,0,0,0,0,0,0,0,0,0,0,0
control,0,176,880,885,1760000000,1760000000,0,-1,0.01,1,1,0,0,none,0,0,1,1,-0.089260616766216203,9.4731832473625683e-06,0.56570929938289949,0.99994507503626229,-7.7350624940248947e-06,-0.010480784826219105,5.6511082055493826e-07,-9.9956222372530454e-05,4.1611796069919787e-05,-1.5745931554299034e-05,-7.1271524500109837e-05,-0.00017572359664081485,-1.254132232688756e-05,-1.3295976018489513,2.206743360911454,2.9781190225492417e-06,-1.4295300813002902,2.2064948558275033,-4.2257470957323702e-05,0.0006551206727225293,0.00067273007546765086,0.00011722864856432582,0.00063159969740360442,0.00073765228780186415,0.00016157577797203988,-0.28611644827832294,1.4882245136447709,0.00035162829625213859,-0.45149094173160526,1.3625660511997815,-0.00015615635260841248,0.28611644827832294,-1.4882245136447709,-0.00035162829625213859,0.45149094173160526,-1.3625660511997815,0.00015615635260841248,-1.3267204090965414,2.208800254273827,0,-1.4267204090965415,2.208800254273827,0,0.033543632019834159,0.023673625235274817,-6.7548681349810642e-06,0.032768666898879299,0.026558302924181775,4.5984523885951166e-06,-0.31966008029815712,1.4645508884094962,0.00035838316438711963,-0.48425960863048456,1.3360077482755996,-0.0001607548049970076,-0.28611644827832294,1.4882245136447709,0.00035162829625213859,-0.45149094173160526,1.3625660511997815,-0.00015615635260841248,0,0,0,0,0,0,0,0,0,0,0,0
control,0,177,885,890,1770000000,1770000000,0,-1,0.01,1,1,0,0,none,0,0,1,1,-0.089262037602821698,9.9022851008605675e-06,0.565709075380743,0.99994506193756716,-8.103155175287889e-06,-0.010482034189983613,5.0393896758675101e-07,-0.00016917496142967447,4.3683377798376718e-05,-2.6678414458528449e-05,-7.480588248247933e-05,-0.00029758705138346615,-1.3272562463427899e-05,-1.3295915953967765,2.2067495191535307,4.1461445568649793e-06,-1.4295242924376923,2.2065016260104784,-4.0663314150786216e-05,0.00056155236760114407,0.00057602575598383052,0.00012291473973877957,0.00054119867443646458,0.00063438553386327944,0.00016445797759844641,-0.28603065857774868,1.4883105017355209,0.00035099099154492752,-0.45140619765745271,1.3626567750147403,-0.00015677347837395335,0.28603065857774868,-1.4883105017355209,-0.00035099099154492752,0.45140619765745271,-1.3626567750147403,0.00015677347837395335,-1.3267204090965414,2.208800254273827,0,-1.4267204090965415,2.208800254273827,0,0.033611907051419296,0.02374478280957984,-7.3895803539984728e-06,0.032834802082154682,0.026631960859388161,3.9760953653135436e-06,-0.31964256562916799,1.4645657189259411,0.000358380571898926,-0.48424099973960738,1.3360248141553521,-0.00016074957373926689,-0.28603065857774868,1.4883105017355209,0.00035099099154492752,-0.45140619765745271,1.3626567750147403,-0.00015677347837395335,0,0,0,0,0,0,0,0,0,0,0,0
control,0,178,890,895,1780000000,1780000000,0,-1,0.01,1,1,0,0,none,0,0,1,1,-0.089264112072902774,1.0348011803534709e-05,0.56570874813417849,0.99994504280495122,-8.4854502535550151e-06,-0.010483858908250848,4.3989456546901436e-07,-0.0002318946243227802,4.5075650136170849e-05,-3.6585552237017193e-05,-7.7177941381843405e-05,-0.00040801178789054578,-1.3789977372413267e-05,-1.3295865284723201,2.2067547062495225,5.3576924184783743e-06,-1.429519412203857,2.2065073586922201,-3.9053368102328939e-05,0.00046719486531542482,0.00047854959458276149,0.000126743048025288,0.00044993316820997618,0.0005301734904287795,0.00016553043873470934,-0.28593516015258097,1.4884069717427957,0.00035043388229229422,-0.45131214002834641,1.3627587222096631,-0.00015730556744752782,0.28593516015258097,-1.4884069717427957,-0.00035043388229229422,0.45131214002834641,-1.3627587222096631,0.00015730556744752782,-1.3267204090965414,2.208800254273827,0,-1.4267204090965415,2.208800254273827,0,0.033692640211370431,0.023828751899779323,-7.9444601268079122e-06,0.032913137535471176,0.026719486743638853,3.4394884939632132e-06,-0.31962780036395139,1.4645782198430164,0.00035837834241910215,-0.48422527756381756,1.3360392354660242,-0.00016074505594149103,-0.28593516015258097,1.4884069717427957,0.00035043388229229422,-0.45131214002834641,1.3627587222096631,-0.00015730556744752782,0,0,0,0,0,0,0,0,0,0,0,0
control,0,179,895,900,1790000000,1790000000,0,-1,0.01,1,1,0,0,none,0,0,1,1,-0.089266773025440158,1.080369537759198e-05,0.56570832823756445,0.99994501825498538,-8.8762328999776537e-06,-0.010486199888900542,3.7397069417667861e-07,-0.00028777281753822797,4.5810467692133919e-05,-4.5413343669199246e-05,-7.842519587245806e-05,-0.00050639479776349607,-1.4099610837059994e-05,-1.3295824020729081,2.2067589217019212,6.5952574921671727e-06,-1.4295154424362071,2.2065120520775654,-3.7444605406785809e-05,0.00037324216846069578,0.00038153445242948233,0.00012878692542028365,0.00035897603779310361,0.00042632971718925929,0.00016487435518862617,-0.28583173424288993,1.4885120786120412,0.00034995855614664516,-0.45121051145717705,1.3628699391276278,-0.00015775159536856809,0.28583173424288993,-1.4885120786120412,-0.00034995855614664516,0.45121051145717705,-1.3628699391276278,0.00015775159536856809,-1.3267204090965414,2.208800254273827,0,-1.4267204090965415,2.208800254273827,0,0.033784052463709233,0.023923689184224797,-8.4179235186643342e-06,0.033001936019297254,0.026818931779355064,2.9896638626044333e-06,-0.31961578670659918,1.4645883894278164,0.00035837647966530952,-0.48421244747647429,1.3360510073482728,-0.00016074125923117252,-0.28583173424288993,1.4885120786120412,0.00034995855614664516,-0.45121051145717705,1.3628699391276278,-0.00015775159536856809,0,0,0,0,0,0,0,0,0,0,0,0
control,0,180,900,905,1800000000,1800000000,0,-1,0.01,1,1,0,0,none,0,0,1,1,-0.089269950517735092,1.1262929666360274e-05,0.56570782672591891,0.99994498892972461,-9.2700131405539773e-06,-0.010488995581339576,3.0712562036379209e-07,-0.00033657206570234584,4.5916794553751249e-05,-5.3124276459188951e-05,-7.8597297990726041e-05,-0.00059231774584172202,-1.4209803901661211e-05,-1.3295792057362068,2.2067621768391166,7.8421477993564841e-06,-1.4295123737134214,2.2065157169844158,-3.585310681516662e-05,0.00028080658407062361,0.00028612822952943666,0.00012913662234470804,0.00026942006457463766,0.00032407951848482833,0.00016258797048828016,-0.2857221435635498,1.4886239911913519,0.00034956550720843864,-0.45110303411809294,1.3629884855593384,-0.00015811164856077434,0.2857221435635498,-1.4886239911913519,-0.00034956550720843864,0.45110303411809294,-1.3629884855593384,0.00015811164856077434,-1.3267204090965414,2.208800254273827,0,-1.4267204090965415,2.208800254273827,0,0.03388434979987854,0.024027736872230716,-8.8094754570423469e-06,0.033099445305697035,0.026928328195206401,2.6265335201359765e-06,-0.31960649336342833,1.4645962543191211,0.000358374982665481,-0.48420247942378997,1.336060157364132,-0.00016073818208091033,-0.2857221435635498,1.4886239911913519,0.00034956550720843864,-0.45110303411809294,1.3629884855593384,-0.00015811164856077434,0,0,0,0,0,0,0,0,0,0,0,0
control,0,181,905,910,1810000000,1810000000,0,-1,0.01,1,1,0,0,none,0,0,1,1,-0.089273572842478111,1.1719636762706095e-05,0.56570725491346885,0.99994495548755113,-9.661582758378325e-06,-0.010492182880369428,2.4027261296352006e-07,-0.00037815594711757298,4.5429921069989771e-05,-5.9696725609393614e-05,-7.7754716584984806e-05,-0.00066554017311978571,-1.4130952576659661e-05,-1.3295769184040755,2.2067644939166633,9.082634385367053e-06,-1.4295101862025166,2.2065183759081726,-3.4293910943935977e-05,0.00019091048717398293,0.00019338541316102643,0.00012789710475435146,0.00018226990096138242,0.00022455075103203548,0.0001587842118079003,-0.28560811211878562,1.4887409135439829,0.0003492542005177199,-0.45099139015311923,1.3631124573353333,-0.00015838685171879033,0.28560811211878562,-1.4887409135439829,-0.0003492542005177199,0.45099139015311923,-1.3631124573353333,0.00015838685171879033,-1.3267204090965414,2.208800254273827,0,-1.4267204090965415,2.208800254273827,0,0.03399174595964842,0.024139046166222682,-9.1196455533276894e-06,0.03320392042025859,0.027045714261304876,2.3489626927857777e-06,-0.31959985807843405,1.4646018673777601,0.00035837384607104758,-0.48419531057337784,1.3360667430740283,-0.00016073581441157611,-0.28560811211878562,1.4887409135439829,0.0003492542005177199,-0.45099139015311923,1.3631124573353333,-0.00015838685171879033,0,0,0,0,0,0,0,0,0,0,0,0
control,0,182,910,915,1820000000,1820000000,0,-1,0.01,1,1,0,0,none,0,0,1,1,-0.08927756751019901,1.2168125385277267e-05,0.56570662423914397,0.99994491859438495,-1.0046065292291307e-05,-0.010495697990813856,1.7427093565471246e-07,-0.00041248425290796157,4.4390645667271432e-05,-6.5124200244381537e-05,-7.5967336965592053e-05,-0.00072599098134114,-1.3875253783757235e-05,-1.3295755093593524,2.2067659051439321,1.030207981454707e-05,-1.4295088505772089,2.2065200620046941,-3.2780887121798229e-05,0.00010447970901223319,0.00010426030956164991,0.000125185823956623,9.843560584526953e-05,0.00012876641343167997,0.00015358828967917894,-0.28549130679029816,1.4888611044524873,0.00034902314536107708,-0.45087720382946384,1.3632400070166213,-0.00015857928660803705,0.28549130679029816,-1.4888611044524873,-0.00034902314536107708,0.45087720382946384,-1.3632400070166213,0.00015857928660803705,-1.3267204090965414,2.208800254273827,0,-1.4267204090965415,2.208800254273827,0,0.034104483590213584,0.024255799094395888,-9.3499151421952709e-06,0.03331364435924053,0.027169157609447242,2.1548516525805215e-06,-0.31959579038051172,1.4646053053580914,0.00035837306050327236,-0.48419084818870434,1.336070849407174,-0.00016073413826061758,-0.28549130679029816,1.4888611044524873,0.00034902314536107708,-0.45087720382946384,1.3632400070166213,-0.00015857928660803705,0,0,0,0,0,0,0,0,0,0,0,0
control,0,183,915,920,1830000000,1830000000,0,-1,0.01,1,1,0,0,none,0,0,1,1,-0.089281862178059293,1.2603140928000085e-05,0.56570594612041858,0.99994487891534067,-1.0418958897008865e-05,-0.010499477244952189,1.0991806091540562e-07,-0.00043960729113856221,4.2844434165045717e-05,-6.9414457145221712e-05,-7.3313022165116443e-05,-0.00077375841263236777,-1.3456443431417707e-05,-1.3295749392194653,2.2067664516527592,1.1487045112038527e-05,-1.4295083289918082,2.2065208180093721,-3.1326631364159458e-05,2.2338527316259599e-05,1.9601924043960033e-05,0.0001211304880503688,1.8727746462351341e-05,3.7638981239803895e-05,0.00014713531915539084,-0.28537332081135125,1.4889828950070911,0.00034886997499020188,-0.450762025556535,1.3633693625721099,-0.00015869190505167903,0.28537332081135125,-1.4889828950070911,-0.00034886997499020188,0.450762025556535,-1.3633693625721099,0.00015869190505167903,-1.3267204090965414,2.208800254273827,0,-1.4267204090965415,2.208800254273827,0,0.034220853684112588,0.02437622856674744,-9.5026379361299974e-06,0.033426947123507134,0.027296776701599405,2.0412234514782938e-06,-0.31959417449546385,1.4646066664403437,0.0003583726129263319,-0.48418897268004213,1.3360725858705105,-0.00016073312850315731,-0.28537332081135125,1.4889828950070911,0.00034886997499020188,-0.450762025556535,1.3633693625721099,-0.00015869190505167903,0,0,0,0,0,0,0,0,0,0,0,0
control,0,184,920,925,1840000000,1840000000,0,-1,0.01,1,1,0,0,none,0,0,1,1,-0.089286385517176756,1.3019907030268783e-05,0.56570523181672583,0.99994483710689275,-1.0776171934368318e-05,-0.010503457865885283,4.794313231242988e-08,-0.00045965945986001591,4.0840568596278034e-05,-7.2588499782050547e-05,-6.9876156314442991e-05,-0.00080907874212719289,-1.2889530419199034e-05,-1.3295751609711179,2.2067661824243161,1.262537528833933e-05,-1.4295085760952453,2.2065206951095164,-2.9942385154568448e-05,-5.4793786359621843e-05,-5.9849553902932963e-05,0.00011586685349879724,-5.6145977526009511e-05,-4.8033555091341821e-05,0.00013956797879452479,-0.28525565920243445,1.4891047041876144,0.00034879153177942284,-0.45064731783290163,1.3634988439446927,-0.00015872843700706193,0.28525565920243445,-1.4891047041876144,-0.00034879153177942284,0.45064731783290163,-1.3634988439446927,0.00015872843700706193,-1.3267204090965414,2.208800254273827,0,-1.4267204090965415,2.208800254273827,0,0.034339213174457567,0.024498636524984921,-9.5809552614416613e-06,0.033542222950734217,0.027426760304363633,2.0043166066442947e-06,-0.31959487237689199,1.4646060676626296,0.00035837248704086448,-0.48418954078363585,1.336072083640329,-0.00016073275361370623,-0.28525565920243445,1.4891047041876144,0.00034879153177942284,-0.45064731783290163,1.3634988439446927,-0.00015872843700706193,0,0,0,0,0,0,0,0,0,0,0,0
control,0,185,925,930,1850000000,1850000000,0,-1,0.01,1,1,0,0,none,0,0,1,1,-0.089291068011921049,1.3414158632059153e-05,0.56570449230347308,0.99994479380961232,-1.1114051265382963e-05,-0.010507578671057461,-1.09983157112983e-08,-0.00047285221394165341,3.84312969790661e-05,-7.4679481743192044e-05,-6.57461897266976e-05,-0.00083232390314395247,-1.2190530173352907e-05,-1.3295761210308361,2.2067651531898846,1.3706263801693362e-05,-1.4295095400703506,2.2065197517867037,-2.863797649634148e-05,-0.00012630492125576543,-0.00013346472197493971,0.00010953656283528,-0.00012558264456259867,-0.00012757001259083462,0.00013103423434642172,-0.28513972621820421,1.4892250523804009,0.00034878395640959483,-0.45053444316983987,1.3636268774436144,-0.00015869329522503572,0.28513972621820421,-1.4892250523804009,-0.00034878395640959483,0.45053444316983987,-1.3636268774436144,0.00015869329522503572,-1.3267204090965414,2.208800254273827,0,-1.4267204090965415,2.208800254273827,0,0.034458000593419809,0.024621410090270451,-9.5887072822720095e-06,0.033657945652552639,0.027557384864365896,2.0396812315813572e-06,-0.31959772681162402,1.4646036422901305,0.00035837266369186685,-0.48419238882239252,1.3360694925792485,-0.00016073297645661708,-0.28513972621820421,1.4892250523804009,0.00034878395640959483,-0.45053444316983987,1.3636268774436144,-0.00015869329522503572,0,0,0,0,0,0,0,0,0,0,0,0
control,0,186,930,935,1860000000,1860000000,0,-1,0.01,1,1,0,0,none,0,0,1,1,-0.089295842685862686,1.3782166588655046e-05,0.56570373815750175,0.99994474964151958,-1.1429403307506917e-05,-0.010511780711253397,-6.6328387722752962e-08,-0.00047946654988982514,3.5670994803912101e-05,-7.5731533471950138e-05,-6.1016204112331807e-05,-0.00084398826337012177,-1.137620110408387e-05,-1.3295777603168297,2.2067634253205233,1.4720296545665097e-05,-1.4295111636841491,2.206518052645019,-2.7421782463219632e-05,-0.00019169005776553395,-0.00020072546851522915,0.00010228505132859409,-0.00018908462834560066,-0.0002004067762082729,0.00012168514977277465,-0.2850268148272021,1.4893425727996845,0.00034884277975491215,-0.45042465400961385,1.3637520079293772,-0.00015859147784349597,0.2850268148272021,-1.4893425727996845,-0.00034884277975491215,0.45042465400961385,-1.3637520079293772,0.00015859147784349597,-1.3267204090965414,2.208800254273827,0,-1.4267204090965415,2.208800254273827,0,0.034575749730107845,0.024743035642417296,-9.5303415301292324e-06,0.03377268199380936,0.027687029710008283,2.1422772503271572e-06,-0.31960256455730995,1.4645995371572673,0.00035837312128504136,-0.48419733600342318,1.336064978219369,-0.00016073375509382314,-0.2850268148272021,1.4893425727996845,0.00034884277975491215,-0.45042465400961385,1.3637520079293772,-0.00015859147784349597,0,0,0,0,0,0,0,0,0,0,0,0
control,0,187,935,940,1870000000,1870000000,0,-1,0.01,1,1,0,0,none,0,0,1,1,-0.089300645750290938,1.412075402274453e-05,0.56570297945464743,0.99994470519210077,-1.1719508009870626e-05,-0.010516007841471144,-1.175496293864914e-07,-0.00047984513071510943,3.2615348225741494e-05,-7.5798531022522892e-05,-5.5781515020505972e-05,-0.00084467476674042409,-1.0463787141259286e-05,-1.3295800153184354,2.2067610647197751,1.5659476155953567e-05,-1.4295133853357382,2.2065156672402706,-2.6300712273267089e-05,-0.00025055105981090797,-0.00026122409638741059,9.4259543242392957e-05,-0.00024625880587280069,-0.00026609708869212067,0.000111672805992943,-0.28491809821972391,1.4894560208098859,0.00034896301619706635,-0.45031908463106013,1.3638729087858985,-0.00015842847021661004,0.28491809821972391,-1.4894560208098859,-0.00034896301619706635,0.45031908463106013,-1.3638729087858985,0.00015842847021661004,-1.3267204090965414,2.208800254273827,0,-1.4267204090965415,2.208800254273827,0,0.034691101252443908,0.024862110793204065,-9.4108200089057174e-06,0.033885103079169851,0.027814190035714795,2.3065733823329757e-06,-0.31960919947216782,1.4645939100166818,0.00035837383620597208,-0.48420418771022999,1.3360587187501838,-0.00016073504359894302,-0.28491809821972391,1.4894560208098859,0.00034896301619706635,-0.45031908463106013,1.3638729087858985,-0.00015842847021661004,0,0,0,0,0,0,0,0,0,0,0,0
control,0,188,940,945,1880000000,1880000000,0,-1,0.01,1,1,0,0,none,0,0,1,1,-0.089305417172414442,1.4427304686457999e-05,0.56570222567986883,0.99994466101701152,-1.198212598050617e-05,-0.010520207221128983,-1.6424663847579187e-07,-0.00047438416942733583,2.932056809441547e-05,-7.4942825193514406e-05,-5.0138327130254512e-05,-0.0008350806496657166,-9.4707692467241561e-06,-1.3295828191503309,2.2067581407326351,1.6517227614992865e-05,-1.4295161400892096,2.206512668924268,-2.5280209729753806e-05,-0.00030259442648920446,-0.00031466116607380341,8.5607155871626691e-05,-0.00029681455131487419,-0.00032430897276791238,0.00010114834506963603,-0.28481462331432933,1.4895642811700212,0.00034913925715876189,-0.45021874501113146,1.363988389701136,-0.00015821014720201698,0.28481462331432933,-1.4895642811700212,-0.00034913925715876189,0.45021874501113146,-1.363988389701136,0.00015821014720201698,-1.3267204090965414,2.208800254273827,0,-1.4267204090965415,2.208800254273827,0,0.034802812285207929,0.024977354243413279,-9.2355260780791932e-06,0.033993993738988974,0.027937487653859554,2.5266456654443387e-06,-0.31961743559953726,1.4645869269266079,0.00035837478323684106,-0.48421273875012044,1.3360509020472764,-0.00016073679286746133,-0.28481462331432933,1.4895642811700212,0.00034913925715876189,-0.45021874501113146,1.363988389701136,-0.00015821014720201698,0,0,0,0,0,0,0,0,0,0,0,0
control,0,189,945,950,1890000000,1890000000,0,-1,0.01,1,1,0,0,none,0,0,1,1,-0.089310101161522007,1.4699763691768537e-05,0.56570148565023581,0.99994461763350606,-1.2215499073164376e-05,-0.010524329742083447,-2.0608653438568834e-07,-0.00046352518509987586,2.5842643033958652e-05,-7.3233948441154723e-05,-4.4182456443405511e-05,-0.0008159829320575488,-8.4146285051565794e-06,-1.3295861025797244,2.2067547250829294,1.7288386294375158e-05,-1.4295193606800687,2.2065091337171703,-2.4364273717595206e-05,-0.00034762810661056467,-0.00036084216831181641,7.6473127308072163e-05,-0.00034056061696048059,-0.00037482190051012421,9.0260155003204858e-05,-0.28471730621475982,1.4896663732489244,0.00034936576371205098,-0.45012451659273051,1.3640974023056835,-0.00015794267704829029,0.28471730621475982,-1.4896663732489244,-0.00034936576371205098,0.45012451659273051,-1.3640974023056835,0.00015794267704829029,-1.3267204090965414,2.208800254273827,0,-1.4267204090965415,2.208800254273827,0,0.034909763958111802,0.025087613543239181,-9.0101722537161551e-06,0.034098259927766703,0.028055679530645593,2.7962743651183185e-06,-0.31962707017287162,1.4645787597056852,0.00035837593596576715,-0.48422277652049722,1.3360417227750379,-0.00016073895141340862,-0.28471730621475982,1.4896663732489244,0.00034936576371205098,-0.45012451659273051,1.3640974023056835,-0.00015794267704829029,0,0,0,0,0,0,0,0,0,0,0,0
control,0,190,950,955,1900000000,1900000000,0,-1,0.01,1,1,0,0,none,0,0,1,1,-0.089314646572479894,1.493663104396026e-05,0.56570076745089504,0.99994457551658944,-1.2418344806694204e-05,-0.010528330383908375,-2.4281834731265319e-07,-0.00044774673959447421,2.2236638805802745e-05,-7.0747316710122272e-05,-3.8008131750235429e-05,-0.00078822387342783625,-7.3126231372069188e-06,-1.3295897950158133,2.2067508908501443,1.7969169712025778e-05,-1.4295229784846797,2.2065051392197308,-2.3555495313237231e-05,-0.00038555729127824146,-0.0003996731388739318,6.6999181014762831e-05,-0.00037740101393679608,-0.00041752232794390839,7.9152207754388498e-05,-0.28462692954177338,1.4897614542741136,0.00034963655721991676,-0.45003714988244659,1.3641990437346656,-0.00015763242793749804,0.28462692954177338,-1.4897614542741136,-0.00034963655721991676,0.45003714988244659,-1.3641990437346656,0.00015763242793749804,-1.3267204090965414,2.208800254273827,0,-1.4267204090965415,2.208800254273827,0,0.035010966968179957,0.025191870792502947,-8.7407099643458742e-06,0.034196934178563176,0.028167664141070099,3.1090382062517434e-06,-0.31963789650995333,1.4645695834816106,0.00035837726718426262,-0.48423408406100976,1.3360313795935954,-0.00016074146614374979,-0.28462692954177338,1.4897614542741136,0.00034963655721991676,-0.45003714988244659,1.3641990437346656,-0.00015763242793749804,0,0,0,0,0,0,0,0,0,0,0,0
control,0,191,955,960,1910000000,1910000000,0,-1,0.01,1,1,0,0,none,0,0,1,1,-0.089319007226990169,1.5136948479200552e-05,0.56570007838396985,0.99994453509590953,-1.2589845046791331e-05,-0.010532168496801884,-2.7427139830626765e-07,-0.00042755625638734495,1.8556050183586053e-05,-6.7562942000820976e-05,-3.1706886023363562e-05,-0.00075269657259799925,-6.181581415536749e-06,-1.3295938254519739,2.2067467114955659,1.8557134392629124e-05,-1.4295269244433904,2.206500763576031,-2.2855109963096921e-05,-0.0004163792999723314,-0.0004311553380094238,5.732203795187922e-05,-0.00040733000561774891,-0.00045239822324971127,6.7962560032605411e-05,-0.28454414155333352,1.4898488207033429,0.00034994550705335438,-0.4499572637914333,1.3642925582053833,-0.00015728587811523036,0.28454414155333352,-1.4898488207033429,-0.00034994550705335438,0.4499572637914333,-1.3642925582053833,0.00015728587811523036,-1.3267204090965414,2.208800254273827,0,-1.4267204090965415,2.208800254273827,0,0.035105565215148245,0.025289246346147168,-8.4332422153826983e-06,0.034289179170612666,0.028272485708426602,3.458404987298805e-06,-0.31964970676848176,1.4645595743571957,0.00035837874926873708,-0.484246442962046,1.3360200724969566,-0.00016074428310252918,-0.28454414155333352,1.4898488207033429,0.00034994550705335438,-0.4499572637914333,1.3642925582053833,-0.00015728587811523036,0,0,0,0,0,0,0,0,0,0,0,0
control,0,192,960,965,1920000000,1920000000,0,-1,0.01,1,1,0,0,none,0,0,1,1,-0.089323142154000612,1.5300280163350373e-05,0.56569942493019743,0.9999444967533806,-1.2729629427978796e-05,-0.010535808013341863,-3.0035274999227208e-07,-0.00040348201540168561,1.4852210535825144e-05,-6.3764170545267343e-05,-2.5366546621999117e-05,-0.00071033087636296116,-5.0377121845112702e-06,-1.3295981233523182,2.2067422599463513,1.9051119309865113e-05,-1.4295311299291609,2.2064960844960031,-2.2263063105814868e-05,-0.00044017768137467758,-0.00045537911827795829,4.7572084799009778e-05,-0.00043042633243017847,-0.00047953271860856514,5.6822024531637029e-05,-0.28446945694724279,1.4899279078216014,0.0003502864145095326,-0.44988534661359714,1.3643773367178613,-0.00015690953047253981,0.28446945694724279,-1.4899279078216014,-0.0003502864145095326,0.44988534661359714,-1.3643773367178613,0.00015690953047253981,-1.3267204090965414,2.208800254273827,0,-1.4267204090965415,2.208800254273827,0,0.03519283759138319,0.025379000607124919,-8.0939400329100218e-06,0.034374289490077481,0.028369336411799451,3.8378177051626084e-06,-0.31966229453862599,1.4645489072144766,0.0003583803545424426,-0.48425963610367462,1.3360080003060619,-0.00016074734817770242,-0.28446945694724279,1.4899279078216014,0.0003502864145095326,-0.44988534661359714,1.3643773367178613,-0.00015690953047253981,0,0,0,0,0,0,0,0,0,0,0,0
control,0,193,965,970,1930000000,1930000000,0,-1,0.01,1,1,0,0,none,0,0,1,1,-0.089327015751549527,1.542668785489776e-05,0.56569881272295874,0.99994446082152777,-1.2837754032857013e-05,-0.010539217591094673,-3.2104381489970817e-07,-0.00037606540957280522,1.1173763277407182e-05,-5.9436460303487483e-05,-1.9070331417927599e-05,-0.00066207974806871915,-3.8964343664943081e-06,-1.3296026194754806,2.2067376077449103,1.9451177455685397e-05,-1.4295355275547037,2.2064911783457295,-2.1778087557459066e-05,-0.0004571156515397093,-0.00047251710657964337,3.7872204165673753e-05,-0.00044684678803949779,-0.00049909701816979975,4.585301626237204e-05,-0.28440325922710641,1.4899982876814073,0.00035065309216973368,-0.44982175852283929,1.3644529150014908,-0.00015650983231037176,0.28440325922710641,-1.4899982876814073,-0.00035065309216973368,0.44982175852283929,-1.3644529150014908,0.00015650983231037176,-1.3267204090965414,2.208800254273827,0,-1.4267204090965415,2.208800254273827,0,0.035272198024580079,0.025460534006869075,-7.7289634449893065e-06,0.034451691680005406,0.028457556664424479,4.2407754541191168e-06,-0.3196754572516865,1.4645377536745383,0.00035838205561472298,-0.48427345020284468,1.3359953583370663,-0.00016075060776449089,-0.28440325922710641,1.4899982876814073,0.00035065309216973368,-0.44982175852283929,1.3644529150014908,-0.00015650983231037176,0,0,0,0,0,0,0,0,0,0,0,0
control,0,194,970,975,1940000000,1940000000,0,-1,0.01,1,1,0,0,none,0,0,1,1,-0.089330597873132814,1.5516701170322398e-05,0.56569824653423828,0.99994442758253177,-1.2914675875989677e-05,-0.01054237068879124,-3.3639621394075179e-07,-0.00034585354021966942,7.566198321742381e-06,-5.4666210080468742e-05,-1.2896056195005951e-05,-0.0006089062318660435,-2.7722265004323043e-06,-1.3296072466297111,2.2067328242697046,1.9758497123160263e-05,-1.4295400519123442,2.2064861193121685,-2.1397790949964658e-05,-0.00046742899094398853,-0.00048281682723615865,2.8336770208397275e-05,-0.00045681926589951716,-0.00051134269587788485,3.5168576234370982e-05,-0.28434580450309899,1.4900596655180369,0.00035103943804754538,-0.4497667354619222,1.3645189698454614,-0.00015609310090675477,0.28434580450309899,-1.4900596655180369,-0.00035103943804754538,0.4497667354619222,-1.3645189698454614,0.00015609310090675477,-1.3267204090965414,2.208800254273827,0,-1.4267204090965415,2.208800254273827,0,0.035343193884451791,0.025533385290322442,-7.3443876473679428e-06,0.034520942688481847,0.028536633583718142,4.6609084732708475e-06,-0.31968899838755077,1.4645262802277146,0.00035838382569491331,-0.48428767815040402,1.3359823362617433,-0.0001607540093800256,-0.28434580450309899,1.4900596655180369,0.00035103943804754538,-0.4497667354619222,1.3645189698454614,-0.00015609310090675477,0,0,0,0,0,0,0,0,0,0,0,0
control,0,195,975,980,1950000000,1950000000,0,-1,0.01,1,1,0,0,none,0,0,1,1,-0.089333863842399566,1.5571283615443146e-05,0.56569773027192705,0.99994439726794582,-1.2961223761380896e-05,-0.010545245579416048,-3.4652698169676536e-07,-0.00031339221920170563,4.0714556565131791e-06,-4.9539651331369937e-05,-6.9154569426652173e-06,-0.00055177113239170811,-1.6784970624250522e-06,-1.3296119403545736,2.2067279760323317,1.9975314512529228e-05,-1.4295446402419993,2.2064809786476456,-2.1118751501208837e-05,-0.0004714185220157674,-0.00048659289032288962,1.9070811493174627e-05,-0.00046063539529400715,-0.00051659351442366749,2.4871573143087609e-05,-0.2842972265877568,1.4901118747792732,0.00035143950395030027,-0.44972039428474542,1.3645753139593544,-0.00015566545543176111,0.2842972265877568,-1.4901118747792732,-0.00035143950395030027,0.44972039428474542,-1.3645753139593544,0.00015566545543176111,-1.3267204090965414,2.208800254273827,0,-1.4267204090965415,2.208800254273827,0,0.035405502879410161,0.02559722823342735,-6.9461349284174999e-06,0.034581726838434884,0.028606197785812231,5.0920467932082705e-06,-0.31970272946716699,1.4645146465458458,0.00035838563887871774,-0.48430212112318027,1.3359691161735421,-0.00016075750222496938,-0.2842972265877568,1.4901118747792732,0.00035143950395030027,-0.44972039428474542,1.3645753139593544,-0.00015566545543176111,0,0,0,0,0,0,0,0,0,0,0,0
control,0,196,980,985,1960000000,1960000000,0,-1,0.01,1,1,0,0,none,0,0,1,1,-0.089336794400603423,1.5591795061635045e-05,0.56569726698778411,0.9999443700590479,-1.2978566095598297e-05,-0.010547825304104122,-3.5161321783482708e-07,-0.00027921943654443952,7.2759718854456118e-07,-4.4141812249898224e-05,-1.1936289945549788e-06,-0.00049162151331042056,-6.2747600361039715e-07,-1.3296166395257321,2.206723126054515,2.0104819271471e-05,-1.4295492330238346,2.2064758239981308,-2.0936620407202809e-05,-0.00046944228495460823,-0.0004842188676537568,1.0169340200597413e-05,-0.00045864288221231665,-0.00051523689485532458,1.5054080761235891e-05,-0.2842575432420209,1.4901548709185528,0.0003518475576138954,-0.44968273900922562,1.3646218895200928,-0.00015523275560463024,0.2842575432420209,-1.4901548709185528,-0.0003518475576138954,0.44968273900922562,-1.3646218895200928,0.00015523275560463024,-1.3267204090965414,2.208800254273827,0,-1.4267204090965415,2.208800254273827,0,0.035458928577719435,0.025651866933223928,-6.5399127914711699e-06,0.034633851450835813,0.028666018650637105,5.5282820840990477e-06,-0.31971647181974033,1.4645030039853288,0.00035838747040536657,-0.48431659046006142,1.3359558708694557,-0.0001607610376887293,-0.2842575432420209,1.4901548709185528,0.0003518475576138954,-0.44968273900922562,1.3646218895200928,-0.00015523275560463024,0,0,0,0,0,0,0,0,0,0,0,0
control,0,197,985,990,1970000000,1970000000,0,-1,0.01,1,1,0,0,none,0,0,1,1,-0.089339375591771172,1.5579951351605595e-05,0.5656968588952821,0.99994434608779081,-1.2968176243525189e-05,-0.010550097571208882,-3.5188628523211327e-07,-0.00024385934280865125,-2.43145293207585e-06,-3.8555562211886142e-05,4.2114166385196391e-06,-0.0004293801015530574,3.6987235117158693e-07,-1.3296212868804693,2.2067183333274327,2.0151054561886206e-05,-1.4295537744933009,2.2064707188180752,-2.084622917853155e-05,-0.00046190752549340921,-0.00047611897496092887,1.7168452430320307e-06,-0.00045123766639609651,-0.00050771516243068788,5.7969273208403197e-06,-0.28422666342234459,1.4901887241060199,0.00035225813825360582,-0.44965366803382811,1.3646587605673128,-0.00015480054740825257,0.28422666342234459,-1.4901887241060199,-0.00035225813825360582,0.44965366803382811,-1.3646587605673128,0.00015480054740825257,-1.3267204090965414,2.208800254273827,0,-1.4267204090965415,2.208800254273827,0,0.035503394695374807,0.025697229819172461,-6.1311586307174631e-06,0.034677241260706704,0.028715998212667192,5.9640223875174482e-06,-0.31973005811771943,1.4644914942868474,0.00035838929688432331,-0.48433090929453482,1.3359427623546456,-0.00016076456979577001,-0.28422666342234459,1.4901887241060199,0.00035225813825360582,-0.44965366803382811,1.3646587605673128,-0.00015480054740825257,0,0,0,0,0,0,0,0,0,0,0,0
control,0,198,990,995,1980000000,1980000000,0,-1,0.01,1,1,0,0,none,0,0,1,1,-0.089341598590983118,1.5537781716179713e-05,0.56569650739649346,0.99994432543829848,-1.2931796010899203e-05,-0.010552054605287997,-3.4762565530782295e-07,-0.00020781678605954405,-5.376100181481887e-06,-3.2860743202612374e-05,9.2490809032224901e-06,-0.00036593566753833669,1.3039151720156562e-06,-1.3296258294626855,2.2067136523546642,2.0118813210665375e-05,-1.4295582130773274,2.2064657218733292,-2.084170029141141e-05,-0.00044926260362609135,-0.00046275967316743708,-6.2130550520006046e-06,-0.00043885600125635938,-0.00049451668865048025,-2.8305887998620671e-06,-0.28420439537672598,1.4902136110146318,0.00035266610528015879,-0.44963298216826592,1.3646861044125551,-0.0001543740160639988,0.28420439537672598,-1.4902136110146318,-0.00035266610528015879,0.44963298216826592,-1.3646861044125551,0.0001543740160639988,-1.3267204090965414,2.208800254273827,0,-1.4267204090965415,2.208800254273827,0,0.035538938299167752,0.02573336253970436,-5.7249912105995819e-06,0.034711931771315631,0.028756163838948676,6.3940395274165268e-06,-0.31974333367589375,1.4644802484749275,0.00035839109649075837,-0.48434491393958157,1.3359299405736065,-0.00016076805559141533,-0.28420439537672598,1.4902136110146318,0.00035266610528015879,-0.44963298216826592,1.3646861044125551,-0.0001543740160639988,0,0,0,0,0,0,0,0,0,0,0,0
control,0,199,995,1000,1990000000,1990000000,0,-1,0.01,1,1,0,0,none,0,0,1,1,-0.089343459481504781,1.5467584671794838e-05,0.56569621311711571,0.99994430814886182,-1.287139782768114e-05,-0.010553692951056702,-3.3915249972228339e-07,-0.0001715724340002312,-8.0812052255568984e-06,-2.7133393405358982e-05,1.3876390883522948e-05,-0.00030213443530707204,2.1663961555756972e-06,-1.3296302189871811,2.2067091327789274,2.0013531449413739e-05,-1.429562501751487,2.2064608868325317,-2.091655958908389e-05,-0.0004319889262164177,-0.00044464129542447613,-1.3557806700209844e-05,-0.00042196655755212097,-0.00047616704284962966,-1.0770824378475611e-05,-0.28419045543701332,1.4902298058397643,0.0003530666800296259,-0.44962039332839382,1.3647042022285305,-0.00015395794637070617,0.28419045543701332,-1.4902298058397643,-0.0003530666800296259,0.44962039332839382,-1.3647042022285305,0.00015395794637070617,-1.3267204090965414,2.208800254273827,0,-1.4267204090965415,2.208800254273827,0,0.035565702077001195,0.025760419881931187,-5.3261690998136291e-06,0.034738061695674241,0.028786659859817557,6.8135090956489472e-06,-0.31975615751401454,1.464469385957833,0.00035839284912943953,-0.48435845502406805,1.3359175423687129,-0.00016077145546635513,-0.28419045543701332,1.4902298058397643,0.0003530666800296259,-0.44962039332839382,1.3647042022285305,-0.00015395794637070617,0,0,0,0,0,0,0,0,0,0,0,0
control,0,200,1000,1005,2000000000,2000000000,0,-1,0.01,1,1,0,0,none,0,0,1,1,-0.089344958986758413,1.5371883048839731e-05,0.56569597594868781,0.99994429421437503,-1.2789146189475368e-05,-0.010555013237579522,-3.2682312505463878e-07,-0.00013557850277877062,-1.0526145428612977e-05,-2.1445066634517554e-05,1.8058104387228166e-05,-0.000238772560518015,2.9504603583656907e-06,-1.3296344121240167,2.2067048190917808,1.9841181681171215e-05,-1.4295665983189116,2.2064562619462458,-2.1063848948935274e-05,-0.00041059299906517709,-0.00042228979983873074,-2.0265967729690046e-05,-0.00040106264433353449,-0.00045322025992818656,-1.7977766380176958e-05,-0.28418447735691588,1.4902376707102112,0.00035345548044922334,-0.44961553374787783,1.3647134289850444,-0.00015355669041618275,0.28418447735691588,-1.4902376707102112,-0.00035345548044922334,0.44961553374787783,-1.3647134289850444,0.00015355669041618275,-1.3267204090965414,2.208800254273827,0,-1.4267204090965415,2.208800254273827,0,0.03558392582830068,0.025778656884311715,-4.9390561178668618e-06,0.034755864634941756,0.028807738320866697,7.2180430036894302e-06,-0.31976840318521654,1.4644590138258995,0.00035839453656709018,-0.48437139838281956,1.3359056906641777,-0.00016077473341987217,-0.28418447735691588,1.4902376707102112,0.00035345548044922334,-0.44961553374787783,1.3647134289850444,-0.00015355669041618275,0,0,0,0,0,0,0,0,0,0,0,0
control,0,201,1005,1010,2010000000,2010000000,0,-1,0.01,1,1,0,0,none,0,0,1,1,-0.089346102163287242,1.5253378774271381e-05,0.5656957950970265,0.99994428358915721,-1.2687358891304437e-05,-0.010556019908114616,-3.1102234347056123e-07,-0.00010025510523792662,-1.2694815247107065e-05,-1.586224986900674e-05,2.1766709977498875e-05,-0.00017658969889880331,3.650659684329541e-06,-1.3296383707046469,2.2067007504244809,1.9608165632805718e-05,-1.4295704656126336,2.2064518898121106,-2.1276237822967897e-05,-0.00038559868651442936,-0.00039624873996345307,-2.6297118392005037e-05,-0.00037665463345721727,-0.00042625032243819375,-2.4416866643952651e-05,-0.28418602204819243,1.4902376456461954,0.0003538285487634097,-0.44961796556213085,1.3647142428951067,-0.00015317414258345189,0.28418602204819243,-1.4902376456461954,-0.0003538285487634097,0.44961796556213085,-1.3647142428951067,0.00015317414258345189,-1.3267204090965414,2.208800254273827,0,-1.4267204090965415,2.208800254273827,0,0.03559393732703673,0.025788419302098332,-4.567593770241463e-06,0.034765660143290397,0.028819749024253841,7.6037146790880018e-06,-0.31977995937522918,1.4644492263440971,0.00035839614253365114,-0.48438362570542126,1.3358944938708528,-0.00016077785726253989,-0.28418602204819243,1.4902376456461954,0.0003538285487634097,-0.44961796556213085,1.3647142428951067,-0.00015317414258345189,0,0,0,0,0,0,0,0,0,0,0,0
control,0,202,1010,1015,2020000000,2020000000,0,-1,0.01,1,1,0,0,none,0,0,1,1,-0.089346898060941218,1.5114907998839167e-05,0.56569566913589431,0.99994427619009918,-1.2568468559624674e-05,-0.010556720921093606,-2.9215686781357812e-07,-6.5987223037591356e-05,-1.4575569054404833e-05,-1.0445879838305145e-05,2.4982328524934323e-05,-0.00011626367301949759,4.2629400795573372e-06,-1.3296420618523705,2.206696960417339,1.932120916076633e-05,-1.4295740716238403,2.2064478072233507,-2.1546132362032857e-05,-0.00035753975890919252,-0.00036707153614705276,-3.1621643786747261e-05,-0.00034926266627641526,-0.00039584294606388661,-3.0064747221079735e-05,-0.28419458757148963,1.4902302382146257,0.00035418237223433134,-0.4496271906243498,1.3647071745297559,-0.00015281372169016164,0.28419458757148963,-1.4902302382146257,-0.00035418237223433134,0.4496271906243498,-1.3647071745297559,0.00015281372169016164,-1.3267204090965414,2.208800254273827,0,-1.4267204090965415,2.208800254273827,0,0.035596142708313211,0.025790133582076553,-4.2152805588925357e-06,0.034767844327000162,0.028823129024811732,7.9670770696638443e-06,-0.31979073027980287,1.4644401046325493,0.00035839765279322387,-0.48439503495134995,1.3358840455049441,-0.0001607807987598255,-0.28419458757148963,1.4902302382146257,0.00035418237223433134,-0.4496271906243498,1.3647071745297559,-0.00015281372169016164,0,0,0,0,0,0,0,0,0,0,0,0
control,0,203,1015,1020,2030000000,2030000000,0,-1,0.01,1,1,0,0,none,0,0,1,1,-0.089347359356510489,1.4959397120559497e-05,0.56569559606490938,0.99994427190007518,-1.2434984955285982e-05,-0.010557127427717035,-2.7064881407683843e-07,-3.3122299246288365e-05,-1.6161110469570181e-05,-5.2509582121428841e-06,2.7692523255088379e-05,-5.8406231475265187e-05,4.784611666178594e-06,-1.3296454580403811,2.2066934771641327,1.8987259877485969e-05,-1.4295773895592652,2.2064440450971383,-2.1865780946276733e-05,-0.00032695279871863939,-0.00033531412290086838,-3.6220399583119592e-05,-0.00031940971179262537,-0.00036258774910728948,-3.4908788238716254e-05,-0.28420961924582672,1.4902160130275479,0.00035451389720170387,-0.44964266042102063,1.3646928157554843,-0.00015247836002283657,0.28420961924582672,-1.4902160130275479,-0.00035451389720170387,0.44964266042102063,-1.3646928157554843,0.00015247836002283657,-1.3267204090965414,2.208800254273827,0,-1.4267204090965415,2.208800254273827,0,0.035591016524154528,0.025784296500683063,-3.8851579840898106e-06,0.034762880120372694,0.028818391743924875,8.3051736958188324e-06,-0.31980063576998125,1.4644317165268648,0.00035839905518579367,-0.48440554054139334,1.3358744240115594,-0.00016078353371865541,-0.28420961924582672,1.4902160130275479,0.00035451389720170387,-0.44964266042102063,1.3646928157554843,-0.00015247836002283657,0,0,0,0,0,0,0,0,0,0,0,0
control,0,204,1020,1025,2040000000,2040000000,0,-1,0.01,1,1,0,0,none,0,0,1,1,-0.089347501966953749,1.4789820212619498e-05,0.56569557337071841,0.99994427057156021,-1.2289458482844514e-05,-0.010557253431577027,-2.4692938805146774e-07,-1.9684406683334487e-06,-1.7448332707023142e-05,-3.2626393205391807e-07,2.9892026028030989e-05,-3.5598816346320933e-06,5.2143031748500239e-06,-1.3296485370813642,2.2066903232274284,1.8613388657259509e-05,-1.4295803978315909,2.2064406284785685,-2.2227375062995529e-05,-0.00029437052874813568,-0.00030152803651341129,-4.0084272380847523e-05,-0.00028761503843579341,-0.00032707087522611749,-3.8946610763224544e-05,-0.28423051974582153,1.4901955812200143,0.00035482053666297631,-0.44966378595915357,1.3646718086380418,-0.00015217049896249941,0.28423051974582153,-1.4901955812200143,-0.00035482053666297631,0.44966378595915357,-1.3646718086380418,0.00015217049896249941,-1.3267204090965414,2.208800254273827,0,-1.4267204090965415,2.208800254273827,0,0.035579091610995581,0.025771464611552847,-3.5798029781354762e-06,0.034751287378245704,0.0288061158559412,8.6155430570598867e-06,-0.31980961135681713,1.4644241166084615,0.00035840033964111177,-0.48441507333739925,1.3358656927821007,-0.0001607860420195593,-0.28423051974582153,1.4901955812200143,0.00035482053666297631,-0.44966378595915357,1.3646718086380418,-0.00015217049896249941,0,0,0,0,0,0,0,0,0,0,0,0
control,0,205,1025,1030,2050000000,2050000000,0,-1,0.01,1,1,0,0,none,0,0,1,1,-0.089347344648220695,1.4609158316538502e-05,0.56569559809047898,0.99994427203038938,-1.2134445301054134e-05,-0.010557115435588495,-2.2143282609277674e-07,2.7206787485649609e-05,-1.843811481670186e-05,4.2858400304323064e-06,3.1582388180344758e-05,4.7804234640618741e-05,5.5519021986809305e-06,-1.3296512820531678,2.2066875157200956,1.820669596556589e-05,-1.4295830799872942,2.2064375766153619,-2.262314459817623e-05,-0.00026031561508598275,-0.00026625399927482867,-4.3213646835059298e-05,-0.00025438815089606596,-0.00028986813043327126,-4.2185467861027932e-05,-0.28425665906664266,1.4901695900373484,0.0003551001717184459,-0.449689947508775,1.3646448344501194,-0.00015189209082499026,0.28425665906664266,-1.4901695900373484,-0.0003551001717184459,0.449689947508775,-1.3646448344501194,0.00015189209082499026,-1.3267204090965414,2.208800254273827,0,-1.4267204090965415,2.208800254273827,0,0.035560948902145992,0.025752243643689006,-3.3013264479168017e-06,0.0347336329153759,0.028786934097231053,8.8962167725042649e-06,-0.31981760796878866,1.4644173463936594,0.00035840149816636271,-0.4844235804241509,1.3358579003528883,-0.00016078830759749452,-0.28425665906664266,1.4901695900373484,0.0003551001717184459,-0.449689947508775,1.3646448344501194,-0.00015189209082499026,0,0,0,0,0,0,0,0,0,0,0,0
control,0,206,1030,1035,2060000000,2060000000,0,-1,0.01,1,1,0,0,none,0,0,1,1,-0.089346908585459225,1.4420361010784998e-05,0.56569566687672435,0.99994427607961478,-1.197247438587816e-05,-0.010556732081325123,-1.9459065262346099e-07,5.4176998058323417e-05,-1.9135079002195254e-05,8.5495093147762385e-06,3.2771564833673277e-05,9.5287463548435921e-05,5.7984828089518261e-06,-1.3296536811655419,2.2066850664477693,1.7774223838428461e-05,-1.4295854245768316,2.2064349030978647,-2.3045446735328394e-05,-0.00022529498856212383,-0.00023001604736610823,-4.5617791440098673e-05,-0.00022022323486562914,-0.00025153868521932051,-4.4641556801992786e-05,-0.28428738424577099,1.4901387126528205,0.0003553511472299316,-0.44972050409291464,1.3646126029103876,-0.00015164460651417771,0.28428738424577099,-1.4901387126528205,-0.0003553511472299316,0.44972050409291464,-1.3646126029103876,0.00015164460651417771,-1.3267204090965414,2.208800254273827,0,-1.4267204090965415,2.208800254273827,0,0.035537207310849354,0.025727277983741383,-3.0513775795236042e-06,0.034710520615779117,0.028761522139376106,9.1457118606981565e-06,-0.31982459155662035,1.4644114346690791,0.00035840252480945519,-0.48443102470869376,1.3358510807710116,-0.00016079031837487587,-0.28428738424577099,1.4901387126528205,0.0003553511472299316,-0.44972050409291464,1.3646126029103876,-0.00015164460651417771,0,0,0,0,0,0,0,0,0,0,0,0
control,0,207,1035,1040,2070000000,2070000000,0,-1,0.01,1,1,0,0,none,0,0,1,1,-0.089346216980124127,1.4226310612134663e-05,0.56569577606273458,0.99994428250338629,-1.1806016852096692e-05,-0.010556123785619704,-1.66826309421143e-07,7.8757078540452616e-05,-1.9547314343065996e-05,1.2435434600231012e-05,3.3473441732740152e-05,0.00013856381126737098,5.956222250526192e-06,-1.3296557275733392,2.2066829821066172,1.7322874222358697e-05,-1.4295874249724534,2.206432616058462,-2.3486847778264066e-05,-0.00018979472195522736,-0.00019331623715346382,-4.7314175541925317e-05,-0.00018559414599158281,-0.00021261938055917162,-4.6339265211593888e-05,-0.28432202873685286,1.4901036383221633,0.00035557226211034007,-0.44975480262376472,1.3645758417674569,-0.00015142904855663152,0.28432202873685286,-1.4901036383221633,-0.00035557226211034007,0.44975480262376472,-1.3645758417674569,0.00015142904855663152,-1.3267204090965414,2.208800254273827,0,-1.4267204090965415,2.208800254273827,0,0.035508513804505634,0.025697240362247856,-2.8311534896113429e-06,0.034682581729929829,0.028730587655218864,9.3630175940589137e-06,-0.31983054254135851,1.4644063979599153,0.0003584034155999514,-0.48443738435369454,1.3358452541122381,-0.00016079206615069044,-0.28432202873685286,1.4901036383221633,0.00035557226211034007,-0.44975480262376472,1.3645758417674569,-0.00015142904855663152,0,0,0,0,0,0,0,0,0,0,0,0
control,0,208,1040,1045,2080000000,2080000000,0,-1,0.01,1,1,0,0,none,0,0,1,1,-0.089345294639192746,1.4029789313147534e-05,0.56569592172758187,0.99994429107082328,-1.1637457793370133e-05,-0.010555312379009045,-1.385502034848649e-07,0.00010080278118621175,-1.9686072378444435e-05,1.5920777272168886e-05,3.3707314003986151e-05,0.00017737922405361794,6.0283083896605868e-06,-1.3296574191418753,2.2066812645304723,1.6859334254062229e-05,-1.4295890791392225,2.2064307184241958,-2.394019735337766e-05,-0.00015427548712735703,-0.00015662995882424963,-4.8327731334732411e-05,-0.00015094996676812592,-0.00017361966934165593,-4.731036637452312e-05,-0.28435992134772786,1.4900650629753975,0.00035576275476030523,-0.44979218659999221,1.3645352868345706,-0.00015124596892511372,0.28435992134772786,-1.4900650629753975,-0.00035576275476030523,0.44979218659999221,-1.3645352868345706,0.00015124596892511372,-1.3267204090965414,2.208800254273827,0,-1.4267204090965415,2.208800254273827,0,0.035475533774697421,0.025662821858492429,-2.6414137094820485e-06,0.034650465462324039,0.028694859699586607,9.5475775247394539e-06,-0.31983545512242528,1.4644022411169051,0.00035840416846978727,-0.48444265206231624,1.335840427134984,-0.00016079354644985317,-0.28435992134772786,1.4900650629753975,0.00035576275476030523,-0.44979218659999221,1.3645352868345706,-0.00015124596892511372,0,0,0,0,0,0,0,0,0,0,0,0
control,0,209,1045,1050,2090000000,2090000000,0,-1,0.01,1,1,0,0,none,0,0,1,1,-0.089344167571329514,1.3833449503903029e-05,0.5656960997600774,0.99994430153981462,-1.1469070853157032e-05,-0.010554320750288032,-1.1015521248525296e-07,0.00012020984420175345,-1.9565440085636441e-05,1.8989030344716534e-05,3.3497326281760204e-05,0.00021155004254102039,6.018839630651818e-06,-1.3296587581703478,2.206679910981149,1.6390008943109119e-05,-1.4295903893650197,2.2064292082161154,-2.4398694569660365e-05,-0.00011916861062588865,-0.00012040187493289225,-4.8690072176400893e-05,-0.00011671114938788299,-0.00013501721375873228,-4.7593174797740264e-05,-0.28440039466140871,1.4900236803317906,0.00035592228408193283,-0.44983200428699555,1.3644916725668654,-0.0001510954912263937,0.28440039466140871,-1.4900236803317906,-0.00035592228408193283,0.44983200428699555,-1.3644916725668654,0.0001510954912263937,-1.3267204090965414,2.208800254273827,0,-1.4267204090965415,2.208800254273827,0,0.035438941801615782,0.025624722324534881,-2.4824990741126907e-06,0.034614829945819964,0.028655078513176644,9.6992671107851233e-06,-0.31983933646302448,1.4643989580072556,0.00035840478315604554,-0.48444683423281554,1.3358365940536887,-0.00016079475833717882,-0.28440039466140871,1.4900236803317906,0.00035592228408193283,-0.44983200428699555,1.3644916725668654,-0.0001510954912263937,0,0,0,0,0,0,0,0,0,0,0,0
control,0,210,1050,1055,2100000000,2100000000,0,-1,0.01,1,1,0,0,none,0,0,1,1,-0.089342862594447833,1.3639787471150537e-05,0.56569630592091247,0.99994431366071423,-1.1302995691835855e-05,-0.010553172501088221,-8.2012678519943251e-08,0.00013691268485778639,-1.9201995726710297e-05,2.1629811126016525e-05,3.2871883572842561e-05,0.00024096070221197116,5.932719042776992e-06,-1.3296597510793506,2.2066789144756558,1.5920961591725855e-05,-1.4295913619554477,2.2064280788887469,-2.4855945849136615e-05,-8.4872737333123942e-05,-8.5042491453125459e-05,-4.8438681343043914e-05,-8.3266253948723214e-05,-9.7254147710489376e-05,-4.7231677657636483e-05,-0.2844427928709079,1.4899801736097422,0.00035605090667774607,-0.44987361631364653,1.3644457232570986,-0.00015097733656286945,0.2844427928709079,-1.4899801736097422,-0.00035605090667774607,0.44987361631364653,-1.3644457232570986,0.00015097733656286945,-1.3267204090965414,2.208800254273827,0,-1.4267204090965415,2.208800254273827,0,0.035399412899710173,0.025583641315234038,-2.3543544103655606e-06,0.03457633368779689,0.028611985842526399,9.8183676376228082e-06,-0.31984220577061806,1.4643965322945083,0.00035840526108811164,-0.48444995000144342,1.3358337374145721,-0.00016079570420049225,-0.2844427928709079,1.4899801736097422,0.00035605090667774607,-0.44987361631364653,1.3644457232570986,-0.00015097733656286945,0,0,0,0,0,0,0,0,0,0,0,0
control,0,211,1055,1060,2110000000,2110000000,0,-1,0.01,1,1,0,0,none,0,0,1,1,-0.089341406958691583,1.3451120613846146e-05,0.56569653590235069,0.99994432717988613,-1.1141218468955431e-05,-0.010551891614023203,-5.4468912828056426e-08,0.00015088270787197845,-1.8614452936244908e-05,2.3838592658511549e-05,3.1863042036938231e-05,0.00026556075637201003,5.7755443868018767e-06,-1.3296604080685599,2.2066782641439526,1.5457862187007347e-05,-1.4295920068995849,2.2064273197030078,-2.5306014245694971e-05,-5.1751102414710487e-05,-5.0925365635250183e-05,-4.7616079182309607e-05,-5.0969282044565538e-05,-6.0734010370645537e-05,-4.6274649680700681e-05,-0.28448647897252505,1.4899352078991013,0.00035614905056459369,-0.44991640263283383,1.3643981449219857,-0.00015089085274973171,0.28448647897252505,-1.4899352078991013,-0.00035614905056459369,0.44991640263283383,-1.3643981449219857,0.00015089085274973171,-1.3267204090965414,2.208800254273827,0,-1.4267204090965415,2.208800254273827,0,0.035357614317843643,0.025540269606945092,-2.2565546969867232e-06,0.03453562755958714,0.028566315865386591,9.9055367577435252e-06,-0.31984409329036867,1.4643949382921562,0.00035840560526158039,-0.484452030192421,1.3358318290565991,-0.00016079638950747523,-0.28448647897252505,1.4899352078991013,0.00035614905056459369,-0.44991640263283383,1.3643981449219857,-0.00015089085274973171,0,0,0,0,0,0,0,0,0,0,0,0
control,0,212,1060,1065,2120000000,2120000000,0,-1,0.01,1,1,0,0,none,0,0,1,1,-0.089339827988414278,1.3269568261215113e-05,0.56569678538490509,0.99994434184306535,-1.0985555414247877e-05,-0.010550502137550627,-2.7842226300940021e-08,0.00016212627429993412,-1.7823298265550047e-05,2.5616381192267499e-05,3.0505888620100057e-05,0.00028536130128452238,5.5534956824937834e-06,-1.3296607427506435,2.2066779456109464,1.5005943887216325e-05,-1.4295923375125101,2.2064269161259,-2.574346018353751e-05,-2.0129406784152667e-05,-1.8384942285359632e-05,-4.6268983262888588e-05,-2.0137600979239515e-05,-2.581934361378479e-05,-4.4774766639967413e-05,-0.28453084126990991,1.4898894232439379,0.00035621748609826785,-0.44995976880058081,1.3643496179310755,-0.00015083504615381638,0.28453084126990991,-1.4898894232439379,-0.00035621748609826785,0.44995976880058081,-1.3643496179310755,0.00015083504615381638,-1.3267204090965414,2.208800254273827,0,-1.4267204090965415,2.208800254273827,0,0.035314197959401036,0.025495281367994584,-2.1883340030204674e-06,0.034493347393092254,0.028518786790544089,9.9617763870596227e-06,-0.31984503922931096,1.4643941418759434,0.00035840582010128832,-0.48445311619367304,1.3358308311405314,-0.00016079682254087601,-0.28453084126990991,1.4898894232439379,0.00035621748609826785,-0.44995976880058081,1.3643496179310755,-0.00015083504615381638,0,0,0,0,0,0,0,0,0,0,0,0
control,0,213,1065,1070,2130000000,2130000000,0,-1,0.01,1,1,0,0,none,0,0,1,1,-0.089338152746273505,1.3097036128595001e-05,0.56569705009050131,0.99994435739850762,-1.0837639517410326e-05,-0.010549027890295493,-2.4204929962480848e-09,0.00017068237738058979,-1.6850427179527211e-05,2.6969347127345649e-05,2.8837918083610639e-05,0.00030043088527158463,5.2732219084174839e-06,-1.329660771767349,2.2066779413965159,1.4569967606710345e-05,-1.4295923700604332,2.2064268502504203,-2.616337366841396e-05,9.7057171000477226e-06,1.2284995616285673e-05,-4.4447471634917403e-05,8.949554305598663e-06,7.1700603095900551e-06,-4.2787727831085035e-05,-0.28457529915474444,1.4898434284742863,0.00035625729461556498,-0.45000315154149773,1.3643007904196116,-0.00015080861562460121,0.28457529915474444,-1.4898434284742863,-0.00035625729461556498,0.45000315154149773,-1.3643007904196116,0.00015080861562460121,-1.3267204090965414,2.208800254273827,0,-1.4267204090965415,2.208800254273827,0,0.03526979347404053,0.025449327034309105,-2.1486167002672326e-06,0.034450107235241278,0.028470093190415883,9.9883984920784395e-06,-0.31984509262878497,1.4643941014399773,0.00035840591131583221,-0.484453258776739,1.3358306972291958,-0.00016079701411667965,-0.28457529915474444,1.4898434284742863,0.00035625729461556498,-0.45000315154149773,1.3643007904196116,-0.00015080861562460121,0,0,0,0,0,0,0,0,0,0,0,0
control,0,214,1070,1075,2140000000,2140000000,0,-1,0.01,1,1,0,0,none,0,0,1,1,-0.089336407722089145,1.2935204397945728e-05,0.56569732583171095,0.99994437359989852,-1.0698910325233009e-05,-0.01054749218716705,2.1540753390393725e-08,0.00017662007234188956,-1.5718783230585177e-05,2.790841696436683e-05,2.6898415508160765e-05,0.00031089098452357993,4.9417283340748397e-06,-1.3296605143935567,2.2066782313275448,1.4154194609676729e-05,-1.4295921233740874,2.2064271012293166,-2.6561398121087592e-05,3.7507668362418238e-05,4.083228244801643e-05,-4.220415890046961e-05,3.6052020590908251e-05,3.7958281203430351e-05,-4.0371397420308661e-05,-0.2846193081404727,1.4897977958139552,0.00035626983530799962,-0.45004602357906687,1.3642522725149269,-0.00015080998798239578,0.2846193081404727,-1.4897977958139552,-0.00035626983530799962,0.45004602357906687,-1.3642522725149269,0.00015080998798239578,-1.3267204090965414,2.208800254273827,0,-1.4267204090965415,2.208800254273827,0,0.035225002061639636,0.025403026931713955,-2.1360504378795381e-06,0.034406493299663776,0.028420899112319133,9.9869893073417097e-06,-0.31984431020211235,1.4643947688822412,0.00035840588574587916,-0.48445251687873064,1.3358313734026077,-0.0001607969772897375,-0.2846193081404727,1.4897977958139552,0.00035626983530799962,-0.45004602357906687,1.3642522725149269,-0.00015080998798239578,0,0,0,0,0,0,0,0,0,0,0,0
control,0,215,1075,1080,2150000000,2150000000,0,-1,0.01,1,1,0,0,none,0,0,1,1,-0.089334618548644551,1.2785519364523763e-05,0.56569760855670659,0.99994439020900638,-1.0570606795759756e-05,-0.010545917589187387,4.3819696995158794e-08,0.00018003570712890477,-1.4452004819407556e-05,2.8448833819794368e-05,2.4727851815759078e-05,0.00031691112834819081,4.5662658991990831e-06,-1.3296599921348604,2.2066787929561928,1.3762366931767813e-05,-1.429591618455833,2.2064276457165475,-2.6933746074084997e-05,6.3070294912316279e-05,6.7046757892100296e-05,-3.9593394365917233e-05,6.0969111683137624e-05,6.6313790051388555e-05,-3.7584973904134291e-05,-0.2846623641363919,1.4897530562804255,0.00035625671084726771,-0.45008789771958263,1.3642046313944385,-0.00015083735453379432,0.2846623641363919,-1.4897530562804255,-0.00035625671084726771,0.45008789771958263,-1.3642046313944385,0.00015083735453379432,-1.3267204090965414,2.208800254273827,0,-1.4267204090965415,2.208800254273827,0,0.035180391017459317,0.025356965674771439,-2.1490403612344823e-06,0.034363058643973612,0.0283718320022769,9.9593725174322138e-06,-0.31984275515385119,1.4643960906056541,0.0003584057512085022,-0.48445095636355623,1.3358327993921615,-0.00016079672705122654,-0.2846623641363919,1.4897530562804255,0.00035625671084726771,-0.45008789771958263,1.3642046313944385,-0.00015083735453379432,0,0,0,0,0,0,0,0,0,0,0,0
control,0,216,1080,1085,2160000000,2160000000,0,-1,0.01,1,1,0,0,none,0,0,1,1,-0.089332809746141717,1.2649188549205031e-05,0.56569789438967188,0.9999444069980582,-1.0453763123165218e-05,-0.010544325678539015,6.4229104418057114e-08,0.00018105000041029176,-1.3074083600047416e-05,2.8609693927620386e-05,2.236729925042632e-05,0.00031870375546964928,4.1542239303422133e-06,-1.3296592283239581,2.2066796019789043,1.3397695365370754e-05,-1.4295908780856372,2.2064284583106,-2.7277207056491496e-05,8.622779441732851e-05,9.0760119116764458e-05,-3.6670490541829731e-05,8.3539518855072352e-05,9.2049397350527507e-05,-3.4488196011004681e-05,-0.28470400695877124,1.4897096958819127,0.00035621973225716198,-0.45012833018790466,1.3641583871816085,-0.00015088870810462705,0.28470400695877124,-1.4897096958819127,-0.00035621973225716198,0.45012833018790466,-1.3641583871816085,0.00015088870810462705,-1.3267204090965414,2.208800254273827,0,-1.4267204090965415,2.208800254273827,0,0.035136489037374145,0.025311687360396563,-2.1857840825197394e-06,0.0343203185908659,0.028323477462698306,9.907571917497683e-06,-0.31984049599614539,1.4643980085215162,0.00035840551633968174,-0.48444864877877053,1.3358349097189102,-0.00016079628002212473,-0.28470400695877124,1.4897096958819127,0.00035621973225716198,-0.45012833018790466,1.3641583871816085,-0.00015088870810462705,0,0,0,0,0,0,0,0,0,0,0,0
control,0,217,1085,1090,2170000000,2170000000,0,-1,0.01,1,1,0,0,none,0,0,1,1,-0.089331004496566987,1.2527179137650737e-05,0.56569817966646707,0.99994442375183512,-1.0349207414225098e-05,-0.010542736859936326,8.2616695538408363e-08,0.00017980501209539018,-1.1609038202530498e-05,2.8413466302511443e-05,1.9857873099578784e-05,0.00031651888102440876,3.7130273768990336e-06,-1.3296582477208172,2.2066806326510164,1.3062854668525791e-05,-1.4295899264307821,2.2064295119941901,-2.7589148066359259e-05,0.0001068541329784659,0.00011184527376170249,-3.349098956343634e-05,0.00010364073967755769,0.00011502166826039389,-3.1140592436096183e-05,-0.28474382308488544,1.48966815260607,0.00035616088351461195,-0.45016692322201779,1.3641140096751256,-0.00015096188010495245,0.28474382308488544,-1.48966815260607,-0.00035616088351461195,0.45016692322201779,-1.3641140096751256,0.00015096188010495245,-1.3267204090965414,2.208800254273827,0,-1.4267204090965415,2.208800254273827,0,0.03509378229184152,0.025267691563083942,-2.2443069223859202e-06,0.034278746901370477,0.028276374853251615,9.8337740417125876e-06,-0.31983760537672695,1.4644004610429862,0.00035840519043699789,-0.48444567012338829,1.3358376348218741,-0.00016079565414666504,-0.28474382308488544,1.48966815260607,0.00035616088351461195,-0.45016692322201779,1.3641140096751256,-0.00015096188010495245,0,0,0,0,0,0,0,0,0,0,0,0
control,0,218,1090,1095,2180000000,2180000000,0,-1,0.01,1,1,0,0,none,0,0,1,1,-0.089329224448775599,1.2420219573210821e-05,0.56569846096542653,0.99994444026946783,-1.025756306787397e-05,-0.010541170189035422,9.8865044765907963e-08,0.00017646104998337699,-1.0080606537973792e-05,2.7885502514526794e-05,1.7240205238745481e-05,0.00031063865106507052,3.2500396222370792e-06,-1.3296570761212105,2.2066818581922156,1.275998559132075e-05,-1.4295887886638032,2.2064307785652484,-2.7867507095101976e-05,0.00012486201960997692,0.00013021523351198878,-3.0109973993037718e-05,0.00012118807263330271,0.00013512984568063457,-2.7600781746315383e-05,-0.28478144766542085,1.4896288141862486,0.00035608228632665967,-0.45020332694273313,1.3640719158977359,-0.00015105457717363798,0.28478144766542085,-1.4896288141862486,-0.00035608228632665967,0.45020332694273313,-1.3640719158977359,0.00015105457717363798,-1.3267204090965414,2.208800254273827,0,-1.4267204090965415,2.208800254273827,0,0.03505271126661428,0.025225430129068232,-2.3224969777443392e-06,0.034238772698190617,0.028231013734422182,9.740291215846361e-06,-0.31983415893203515,1.4644033840571804,0.00035840478330440403,-0.48444209964092377,1.3358409021633137,-0.00016079486838948434,-0.28478144766542085,1.4896288141862486,0.00035608228632665967,-0.45020332694273313,1.3640719158977359,-0.00015105457717363798,0,0,0,0,0,0,0,0,0,0,0,0
control,0,219,1095,1100,2190000000,2190000000,0,-1,0.01,1,1,0,0,none,0,0,1,1,-0.089327489554686723,1.2328804100350892e-05,0.56569873513322655,0.99994445636594864,-1.0179252683548903e-05,-0.010539643228223598,1.1289104157175176e-07,0.00017119355412284249,-8.5119595256129668e-06,2.705354325488486e-05,1.4553954355862803e-05,0.00030137185778794802,2.7724717883058385e-06,-1.3296557399778279,2.2066832511784944,1.2490703256779795e-05,-1.4295874905927601,2.2064322290545357,-2.8110780223465144e-05,0.00014020147774921769,0.00014582159080563399,-2.6581427459903911e-05,0.00013613321794927284,0.00015231432550929971,-2.3925827778983199e-05,-0.28481656581895748,1.4895920166232273,0.00035598616549679051,-0.45023724052296543,1.3640324684422767,-0.00015116441698390527,0.28481656581895748,-1.4895920166232273,-0.00035598616549679051,0.45023724052296543,-1.3640324684422767,0.00015116441698390527,-1.3267204090965414,2.208800254273827,0,-1.4267204090965415,2.208800254273827,0,0.035013668358814198,0.025185304757782526,-2.4181396040387427e-06,0.034200778127699477,0.028187831143231021,9.629525455988703e-06,-0.31983023417777168,1.4644067118654447,0.00035840430510082925,-0.48443801865066488,1.3358446372990456,-0.00016079394243989398,-0.28481656581895748,1.4895920166232273,0.00035598616549679051,-0.45023724052296543,1.3640324684422767,-0.00015116441698390527,0,0,0,0,0,0,0,0,0,0,0,0
control,0,220,1100,1105,2200000000,2200000000,0,-1,0.01,1,1,0,0,none,0,0,1,1,-0.089325817936570448,1.2253200029614892e-05,0.56569899930583079,0.99994447187334401,-1.0114504301936209e-05,-0.010538171929775563,1.2464494309576525e-07,0.00016418999807521787,-6.9254386435483059e-06,2.5947227865738283e-05,1.1837356963031386e-05,0.00028904848447297929,2.2872993085566228e-06,-1.3296542660377413,2.2066847839167076,1.2256111386272282e-05,-1.4295860583075344,2.2064338341256908,-2.8318002853139253e-05,0.0001528580562626124,0.00015865262462180874,-2.2957649794279236e-05,0.00014846252625115881,0.00016655473190329336,-2.017065477296217e-05,-0.28484891323794831,1.4895580434309221,0.00035587481526803153,-0.4502684126863562,1.363995974582846,-0.00015128896283180641,0.28484891323794831,-1.4895580434309221,-0.00035587481526803153,0.4502684126863562,-1.363995974582846,0.00015128896283180641,-1.3267204090965414,2.208800254273827,0,-1.4267204090965415,2.208800254273827,0,0.034976996210004316,0.025147665348499396,-2.5289509261677226e-06,0.034165096742537579,0.028147209679778861,9.5039335945898842e-06,-0.31982590944795264,1.4644103780824227,0.00035840376619419926,-0.48443350942889379,1.3358487649030673,-0.00016079289642639629,-0.28484891323794831,1.4895580434309221,0.00035587481526803153,-0.4502684126863562,1.363995974582846,-0.00015128896283180641,0,0,0,0,0,0,0,0,0,0,0,0
control,0,221,1105,1110,2210000000,2210000000,0,-1,0.01,1,1,0,0,none,0,0,1,1,-0.089324225785037806,1.2193457473772682e-05,0.56569925092457884,0.99994448664171942,-1.0063359763438353e-05,-0.010536770546033034,1.3410905491590881e-07,0.00015564684355136952,-5.342319262111231e-06,2.4597612534876958e-05,9.1268225441770901e-06,0.00027401434435529915,1.8011864160138188e-06,-1.3296526809995695,2.2066864287983039,1.2056821819711376e-05,-1.4295845178454225,2.2064355644540008,-2.8488725674174599e-05,0.00016285072456101752,0.00016873108251411279,-1.9288730355690296e-05,0.00015819493872435623,0.00017786764180480766,-1.6387525670285022e-05,-0.28487827614272176,1.4895271255681592,0.00035575056699416451,-0.45029664157193783,1.3639626861122029,-0.00015142575665847864,0.28487827614272176,-1.4895271255681592,-0.00035575056699416451,0.45029664157193783,-1.3639626861122029,0.00015142575665847864,-1.3267204090965414,2.208800254273827,0,-1.4267204090965415,2.208800254273827,0,0.034942986749494802,0.02511280908250578,-2.6526100281288983e-06,0.034132012578485332,0.028109476375206978,9.3659939857666295e-06,-0.31982126289221657,1.4644143164856536,0.00035840317702229339,-0.48442865415042319,1.335853209736996,-0.00016079175064424527,-0.28487827614272176,1.4895271255681592,0.00035575056699416451,-0.45029664157193783,1.3639626861122029,-0.00015142575665847864,0,0,0,0,0,0,0,0,0,0,0,0
control,0,222,1110,1115,2220000000,2220000000,0,-1,0.01,1,1,0,0,none,0,0,1,1,-0.089322727286996945,1.2149421287865584e-05,0.5656994877475332,0.99994450053978867,-1.0025684955176396e-05,-0.010535451565958781,1.412960787324469e-07,0.00014576658187791621,-3.7826012772264465e-06,2.3036702530655142e-05,6.4565754320331808e-06,0.00025662587231974076,1.3204190515656294e-06,-1.3296510111932307,2.206688158629265,1.1892978752126162e-05,-1.429582894878844,2.2064373910806725,-2.8622985994286236e-05,0.00017022949834802296,0.00017611168586766646,-1.5622082111917499e-05,0.0001653796644216545,0.00018630400800829597,-1.2625585851579092e-05,-0.2849044906270678,1.4894994420144994,0.00035561575844164682,-0.45032177400840956,1.3639327998619439,-0.00015157235020765058,0.2849044906270678,-1.4894994420144994,-0.00035561575844164682,0.45032177400840956,-1.3639327998619439,0.00015157235020765058,-1.3267204090965414,2.208800254273827,0,-1.4267204090965415,2.208800254273827,0,0.03491188091274923,0.02508098020594178,-2.7867895200419737e-06,0.034101759890997833,0.028074902305841379,9.2181750908648267e-06,-0.31981637153981701,1.4644184618085576,0.00035840254796168879,-0.4844235338994074,1.3358578975561026,-0.00016079052529851539,-0.2849044906270678,1.4894994420144994,0.00035561575844164682,-0.45032177400840956,1.3639327998619439,-0.00015157235020765058,0,0,0,0,0,0,0,0,0,0,0,0
control,0,223,1115,1120,2230000000,2230000000,0,-1,0.01,1,1,0,0,none,0,0,1,1,-0.089321334582521228,1.2120744933307684e-05,0.56569970785625812,0.99994451345529112,-1.0001181706588935e-05,-0.010534225677138404,1.4624716769563613e-07,0.00013475489256589452,-2.2648281259438807e-06,2.1297003207318488e-05,3.8583452652660998e-06,0.00023724512272125302,8.5084655093028798e-07,-1.3296492822847121,2.206689946933774,1.1764287088928369e-05,-1.4295812144275311,2.206439285739898,-2.8721275071726815e-05,0.00017507284142565001,0.00018087840711725854,-1.2002038193906376e-05,0.00017009363916089049,0.00019194633195365678,-8.9304735645978034e-06,-0.28492744144147031,1.4894751209407782,0.00035547270498887599,-0.45034370424382553,1.3639064588542662,-0.00015172633406504232,0.28492744144147031,-1.4894751209407782,-0.00035547270498887599,0.45034370424382553,-1.3639064588542662,0.00015172633406504232,-1.3267204090965414,2.208800254273827,0,-1.4267204090965415,2.208800254273827,0,0.034883868995909922,0.025052370469960342,-2.929184216983192e-06,0.034074523513133087,0.028043702909217219,9.0629061997479337e-06,-0.3198113104373802,1.4644227504708178,0.00035840188920585917,-0.48441822775695859,1.3358627559450489,-0.00016078924026479026,-0.28492744144147031,1.4894751209407782,0.00035547270498887599,-0.45034370424382553,1.3639064588542662,-0.00015172633406504232,0,0,0,0,0,0,0,0,0,0,0,0
control,0,224,1120,1125,2240000000,2240000000,0,-1,0.01,1,1,0,0,none,0,0,1,1,-0.089320057749293802,1.2106905977936624e-05,0.56569990965824146,0.99994452529511402,-9.9894010866134631e-06,-0.010533101752054285,1.4902973144422443e-07,0.0001228179458934385,-8.0593484197478145e-07,1.9411093939425718e-05,1.3611071487706459e-06,0.00021623502069950416,3.9783234198244808e-07,-1.3296475190078307,2.206691768229613,1.167004430939477e-05,-1.4295795005971261,2.2064412211564957,-2.8784502101380866e-05,0.00017748488915959325,0.00018314156704328925,-8.4695119790286572e-06,0.0001724388106670963,0.00019490563684290772,-5.343997658357728e-06,-0.2849470602644113,1.4894542414213214,0.00035532367295945319,-0.45036237218070163,1.3638837540304016,-0.00015188536435591069,0.2849470602644113,-1.4894542414213214,-0.00035532367295945319,0.45036237218070163,-1.3638837540304016,0.00015188536435591069,-1.3267204090965414,2.208800254273827,0,-1.4267204090965415,2.208800254273827,0,0.03485909160173227,0.025027120180002901,-3.0775376938669979e-06,0.034050439791014672,0.0280160389527115,8.9025505133321458e-06,-0.31980615186614358,1.4644271212413185,0.0003584012106533202,-0.48441281197171632,1.3358677150776901,-0.00016078791486924283,-0.2849470602644113,1.4894542414213214,0.00035532367295945319,-0.45036237218070163,1.3638837540304016,-0.00015188536435591069,0,0,0,0,0,0,0,0,0,0,0,0
control,0,225,1125,1130,2250000000,2250000000,0,-1,0.01,1,1,0,0,none,0,0,1,1,-0.089318904813045455,1.210722293978699e-05,0.56570009188521231,0.99994453598517874,-9.9897578519157986e-06,-0.010532086857237648,1.4973503366780212e-07,0.00011015987291765886,5.7887459805609428e-07,1.7411228735710826e-05,-1.009128056420466e-06,0.00019395490820160513,-3.3786241516323878e-08,-1.3296457449245027,2.206693598273767,1.1609175224848899e-05,-1.4295777763456643,2.2064431713124324,-2.8813955503263127e-05,0.00017759253944007731,0.00018303479825542009,-5.0617205952454765e-06,0.00017253929483483559,0.00019531828984872831,-1.9038821956344675e-06,-0.28496332351669218,1.489436835633269,0.0003551708552688395,-0.45037776117084155,1.3638647264986035,-0.00015204718692875849,0.28496332351669218,-1.489436835633269,-0.0003551708552688395,0.45037776117084155,-1.3638647264986035,0.00015204718692875849,-1.3267204090965414,2.208800254273827,0,-1.4267204090965415,2.208800254273827,0,0.034837641126375295,0.025005319803336774,-3.2296665376923959e-06,0.034029598047221075,0.027992018101961932,8.7393807607606612e-06,-0.31980096464306745,1.4644315158299321,0.00035840052180653189,-0.48440735921806261,1.3358727083966415,-0.00016078656768951915,-0.28496332351669218,1.489436835633269,0.0003551708552688395,-0.45037776117084155,1.3638647264986035,-0.00015204718692875849,0,0,0,0,0,0,0,0,0,0,0,0
control,0,226,1130,1135,2260000000,2260000000,0,-1,0.01,1,1,0,0,none,0,0,1,1,-0.089317881782186997,1.2120873182196539e-05,0.56570025358763987,0.99994454547009992,-1.0001545795500251e-05,-0.010531186283717251,1.4847562513270545e-07,9.6980422818553441e-05,1.8762207745508388e-06,1.5328966583457835e-05,-3.2294735485819353e-06,0.00017075641974528968,-4.3972905845357233e-07,-1.3296439822145976,2.2066954142771573,1.1580269022847437e-05,-1.4295760632789818,2.206445111680984,-2.8811262153099192e-05,0.00017554245425604388,0.00018071192105098395,-1.8119711621399493e-06,0.00017053844531317945,0.00019334272218816779,1.356423321198764e-06,-0.28497624977362468,1.4894228914839995,0.00035501634953334882,-0.45038989542406033,1.363849370240338,-0.00015220965889763759,0.28497624977362468,-1.4894228914839995,-0.00035501634953334882,0.45038989542406033,-1.363849370240338,0.00015220965889763759,-1.3267204090965414,2.208800254273827,0,-1.4267204090965415,2.208800254273827,0,0.034819563735289528,0.024987012078459454,-3.3834821487472333e-06,0.034012042521313478,0.027971697030833433,8.5755574798698183e-06,-0.31979581350891423,1.4644358794055401,0.00035839983168209604,-0.48440193794537378,1.3358776732095046,-0.0001607852163775074,-0.28497624977362468,1.4894228914839995,0.00035501634953334882,-0.45038989542406033,1.363849370240338,-0.00015220965889763759,0,0,0,0,0,0,0,0,0,0,0,0
control,0,227,1135,1140,2270000000,2270000000,0,-1,0.01,1,1,0,0,none,0,0,1,1,-0.089316992704662937,1.2146911571421859e-05,0.56570039412572637,0.99994455371264634,-1.002395374809671e-05,-0.010530403597026557,1.4538265468700676e-07,8.3472823916839312e-05,3.0746136707814319e-06,1.319483408254274e-05,-5.2802773632768682e-06,0.00014697971670343555,-8.1629530354993903e-07,-1.3296422514960244,2.2066971950878904,1.1581617999541512e-05,-1.4295743814756801,2.206447019427797,-2.8778345179082713e-05,0.00017149801425758076,0.00017634377503756709,1.2504916544600551e-06,0.00016659587785027892,0.00018915609312639294,4.4078699039066805e-06,-0.28498589683271008,1.4894123556074377,0.00035486213875002574,-0.45039883708742978,1.3638376352125787,-0.00015237076744619869,0.28498589683271008,-1.4894123556074377,-0.00035486213875002574,0.45039883708742978,-1.3638376352125787,0.00015237076744619869,-1.3267204090965414,2.208800254273827,0,-1.4267204090965415,2.208800254273827,0,0.034804861772409747,0.024972194568682396,-3.5370099825854558e-06,0.033997774732887016,0.027955084012670477,8.4131100585294801e-06,-0.31979075860511985,1.4644401610387552,0.00035839914873261121,-0.48439661182031679,1.3358825511999082,-0.00016078387750472818,-0.28498589683271008,1.4894123556074377,0.00035486213875002574,-0.45039883708742978,1.3638376352125787,-0.00015237076744619869,0,0,0,0,0,0,0,0,0,0,0,0
control,0,228,1140,1145,2280000000,2280000000,0,-1,0.01,1,1,0,0,none,0,0,1,1,-0.089316239744907724,1.2184289614976116e-05,0.56570051315723191,0.99994456069301341,-1.0056081990760056e-05,-0.010529740704906275,1.4060309981826897e-07,6.9821861199755871e-05,4.1644897000085974e-06,1.103802231292574e-05,-7.1451855449037324e-06,0.00012295010268234695,-1.160376941353263e-06,-1.329640571675291,2.2066989213428205,1.1611257400685e-05,-1.4295727493418673,2.2064488735785415,-2.8717380926235494e-05,0.0001656362659779624,0.00017011504817949724,4.1005788826532644e-06,0.00016088448820421962,0.00018295094214429352,7.2258738430741669e-06,-0.28499235849406884,1.4894051366686247,0.00035471007461604896,-0.45040468305136938,1.363829430782858,-0.00015252864584504891,0.28499235849406884,-1.4894051366686247,-0.00035471007461604896,0.45040468305136938,-1.363829430782858,0.00015252864584504891,-1.3267204090965414,2.208800254273827,0,-1.4267204090965415,2.208800254273827,0,0.034793496546028348,0.024960822599808152,-3.6884061643381631e-06,0.033986756211602895,0.027942141930209677,8.2539205857169392e-06,-0.31978585504009721,1.4644443140688166,0.00035839848078038713,-0.48439143926297229,1.3358872888526483,-0.00016078256643076584,-0.28499235849406884,1.4894051366686247,0.00035471007461604896,-0.45040468305136938,1.363829430782858,-0.00015252864584504891,0,0,0,0,0,0,0,0,0,0,0,0
control,0,229,1145,1150,2290000000,2290000000,0,-1,0.01,1,1,0,0,none,0,0,1,1,-0.089315623278681186,1.2231874809108886e-05,0.56570061062247756,0.99994456640793772,-1.0096958845875911e-05,-0.01052919794074433,1.3429695693199512e-07,5.6202179729585403e-05,5.1382220542116464e-06,8.8861194136643402e-06,-8.8111596650369215e-06,9.8975036498154956e-05,-1.4694637663754234e-06,-1.3296389598283915,2.2067005755876261,1.1667005815572438e-05,-1.4295711834955349,2.2064506551532772,-2.8630755661340802e-05,0.000158144899568632,0.0001622211416185243,6.7173940035230248e-06,0.00015358750062500641,0.00017493187020765891,9.7903233913031615e-06,-0.28499576111163222,1.4894011089170682,0.00035456186351821308,-0.45040756153939748,1.3638246294345782,-0.00015268158666601934,0.28499576111163222,-1.4894011089170682,-0.00035456186351821308,0.45040756153939748,-1.3638246294345782,0.00015268158666601934,-1.3267204090965414,2.208800254273827,0,-1.4267204090965415,2.208800254273827,0,0.034785391432848256,0.024952812521982625,-3.8359714448478821e-06,0.033978911536983222,0.02793279164128578,8.0997105288370809e-06,-0.31978115254448047,1.4644482963950856,0.00035839783496306098,-0.48438647307638072,1.3358918377932925,-0.00016078129719485643,-0.28499576111163222,1.4894011089170682,0.00035456186351821308,-0.45040756153939748,1.3638246294345782,-0.00015268158666601934,0,0,0,0,0,0,0,0,0,0,0,0
control,0,230,1150,1155,2300000000,2300000000,0,-1,0.01,1,1,0,0,none,0,0,1,1,-0.089315142003484158,1.2288469936922299e-05,0.56570068672689588,0.99994457086966826,-1.0145557224977826e-05,-0.010528774160730664,1.2663442966418163e-07,4.2776819970485592e-05,5.9901057885837538e-06,6.7648798251867744e-06,-1.0268451108053284e-05,7.53415533897037e-05,-1.7416405218194621e-06,-1.3296374311115184,2.2067021423659647,1.1746505597987982e-05,-1.4295696986800575,2.2064523472680451,-2.8521022557625412e-05,0.00014921929178023753,0.00015286510599843593,9.0842164551164241e-06,0.0001448955808764475,0.00016531228835114201,1.2085531050084948e-05,-0.28499625997172157,1.4894001159298069,0.00035441905518886002,-0.45040762853709787,1.3638230706805123,-0.00015282805221567033,0.28499625997172157,-1.4894001159298069,-0.00035441905518886002,0.45040762853709787,-1.3638230706805123,0.00015282805221567033,-1.3267204090965414,2.208800254273827,0,-1.4267204090965415,2.208800254273827,0,0.034780435242053778,0.024948045235349266,-3.9781625021522152e-06,0.03397413163087655,0.027926915636856241,7.9520302147833758e-06,-0.31977669521377533,1.4644520706944577,0.00035839721769101223,-0.48438176016797441,1.3358961550436561,-0.0001607800824304537,-0.28499625997172157,1.4894001159298069,0.00035441905518886002,-0.45040762853709787,1.3638230706805123,-0.00015282805221567033,0,0,0,0,0,0,0,0,0,0,0,0
control,0,231,1155,1160,2310000000,2310000000,0,-1,0.01,1,1,0,0,none,0,0,1,1,-0.089314793062214501,1.2352832074219474e-05,0.56570074192149422,0.99994457410481652,-1.020081092515782e-05,-0.010528466852667969,1.1779315129104075e-07,2.9695987893981781e-05,6.7163192947732499e-06,4.6980304938995457e-06,-1.1510534953339992e-05,5.2314099481776008e-05,-1.9755765833640328e-06,-1.3296359987007642,2.2067036082786196,1.1847262821207572e-05,-1.429568307706004,2.2064539352045682,-2.8390859460272951e-05,0.00013905964502099758,0.00014225468283293995,1.1188435419043042e-05,0.00013500404384596512,0.00015431126947409079,1.410013552749496e-05,-0.28499403555275765,1.4894019744850697,0.0003542830339990205,-0.45040506411259246,1.3638245651223455,-0.00015296668224062561,0.28499403555275765,-1.4894019744850697,-0.0003542830339990205,0.45040506411259246,-1.3638245651223455,0.00015296668224062561,-1.3267204090965414,2.208800254273827,0,-1.4267204090965415,2.208800254273827,0,0.034778485783141855,0.024946369918239685,-4.1136006173144236e-06,0.033972277247780333,0.027924361926893876,7.812251061707137e-06,-0.31977252133589951,1.46445560456683,0.00035839663461633493,-0.4843773413603728,1.3359002031954517,-0.00016077893330233275,-0.28499403555275765,1.4894019744850697,0.0003542830339990205,-0.45040506411259246,1.3638245651223455,-0.00015296668224062561,0,0,0,0,0,0,0,0,0,0,0,0
control,0,232,1160,1165,2320000000,2320000000,0,-1,0.01,1,1,0,0,none,0,0,1,1,-0.089314572177714976,1.2423691077973958e-05,0.56570077688160181,0.99994457615311183,-1.0261630481116349e-05,-0.010528272254370615,1.079554747776069e-07,1.7096059655578431e-05,7.3148640214164673e-06,2.707114130459715e-06,-1.2534006638066846e-05,3.0132779154655893e-05,-2.1705087647148147e-06,-1.3296346737596865,2.2067049620138492,1.1966686311757198e-05,-1.4295670214201421,2.2064554064492685,-2.8243027892698249e-05,0.00012786825238583543,0.00013059947870283135,1.3021438019651369e-05,0.0001241101850187812,0.0001421505334036238,1.582695770988708e-05,-0.2849892897211031,1.4894064785131609,0.00035415501281849408,-0.45040006868239474,1.3638288985998908,-0.00015309629898322818,0.2849892897211031,-1.4894064785131609,-0.00035415501281849408,0.45040006868239474,-1.3638288985998908,0.00015309629898322818,-1.3267204090965414,2.208800254273827,0,-1.4267204090965415,2.208800254273827,0,0.034779373579161707,0.024947607901678541,-4.241077794509728e-06,0.033973182605679234,0.027924948094596089,7.6815604823151207e-06,-0.31976866330026482,1.4644588706114823,0.00035839609061300384,-0.48437325128807396,1.3359039505052948,-0.0001607778594655433,-0.2849892897211031,1.4894064785131609,0.00035415501281849408,-0.45040006868239474,1.3638288985998908,-0.00015309629898322818,0,0,0,0,0,0,0,0,0,0,0,0
control,0,233,1165,1170,2330000000,2330000000,0,-1,0.01,1,1,0,0,none,0,0,1,1,-0.089314473795881422,1.2499767351928395e-05,0.56570079248427019,0.9999445770660762,-1.0326918396716934e-05,-0.010528185479600881,9.7305861146604393e-08,5.0988178424545707e-06,7.7854844680984483e-06,8.1136893472769505e-07,-1.3338444866007635e-05,9.012010032910271e-06,-2.3262178830168518e-06,-1.3296334654333348,2.2067061943504269,1.2102125347922536e-05,-1.4295658487002625,2.2064567507030963,-2.808033371821867e-05,0.00011584691257248693,0.00011810829919633832,1.4578456219779103e-05,0.00011241075907993395,0.00012905159425826912,1.7262815514518578e-05,-0.28498224191156951,1.4894134030699113,0.00035403602935238826,-0.45039285926974115,1.3638358363723406,-0.00015321590970556614,0.28498224191156951,-1.4894134030699113,-0.00035403602935238826,0.45039285926974115,-1.3638358363723406,0.00015321590970556614,-1.3267204090965414,2.208800254273827,0,-1.4267204090965415,2.208800254273827,0,0.034782905672662019,0.024951556632006214,-4.3595604153657156e-06,0.033976659106031704,0.027928465457380446,7.5609593397396725e-06,-0.31976514758423152,1.4644618464379051,0.00035839558976775396,-0.48436951837577286,1.3359073709149603,-0.0001607768690453058,-0.28498224191156951,1.4894134030699113,0.00035403602935238826,-0.45039285926974115,1.3638358363723406,-0.00015321590970556614,0,0,0,0,0,0,0,0,0,0,0,0
control,0,234,1170,1175,2340000000,2340000000,0,-1,0.01,1,1,0,0,none,0,0,1,1,-0.089314491235047519,1.2579788704923113e-05,0.56570078978468397,0.99994457690564487,-1.0395583597994449e-05,-0.010528200649531824,8.6028393788240659e-08,-6.1890863361793238e-06,8.1295706124615353e-06,-9.723561102671881e-07,-1.3926244460509019e-05,-1.0860424310791182e-05,-2.4429997413437657e-06,-1.3296323808671169,2.2067072981350897,1.2250905651067552e-05,-1.4295647964742271,2.2064579598639416,-2.7905589825434809e-05,0.00010319451682236461,0.00010498666432989024,1.5858376870907894e-05,0.0001000996272302931,0.00011523309380971664,1.8408302334094568e-05,-0.28497312534047414,1.4894225082835046,0.0003539269448422343,-0.45038366580192468,1.3638451272793848,-0.00015332470680581823,0.28497312534047414,-1.4894225082835046,-0.0003539269448422343,0.45038366580192468,-1.3638451272793848,0.00015332470680581823,-1.3267204090965414,2.208800254273827,0,-1.4267204090965415,2.208800254273827,0,0.034788869471671854,0.024957993668352507,-4.4681905388656601e-06,0.033982499091381201,0.027934683277910537,7.4512618309257129e-06,-0.31976199481214601,1.464464514615152,0.00035839513538109995,-0.48436616489330586,1.3359104440014742,-0.00016077596863674394,-0.28497312534047414,1.4894225082835046,0.0003539269448422343,-0.45038366580192468,1.3638451272793848,-0.00015332470680581823,0,0,0,0,0,0,0,0,0,0,0,0
control,0,235,1175,1180,2350000000,2350000000,0,-1,0.01,1,1,0,0,none,0,0,1,1,-0.089314616839431912,1.2662506139783185e-05,0.56570076999193208,0.99994457574274986,-1.0466554968633748e-05,-0.010528311027788648,7.4304443111825072e-08,-1.6676452923269244e-05,8.3500450316957047e-06,-2.6296515839016041e-06,-1.4302423034577281e-05,-2.9323938020788844e-05,-2.5216312267954411e-06,-1.3296314252486747,2.2067082682363228,1.2410363343472439e-05,-1.4295638697614514,2.2064590279835881,-2.7721581157408477e-05,9.010482640456116e-05,9.1434523562252749e-05,1.6863519735302041e-05,8.7365591318799387e-05,0.00010090834071623381,1.9267534227777677e-05,-0.28496218329555978,1.4894335432290065,0.00035382844498802108,-0.45037272748970053,1.3638565078339349,-0.00015342206568735194,0.28496218329555978,-1.4894335432290065,-0.00035382844498802108,0.45037272748970053,-1.3638565078339349,0.00015342206568735194,-1.3267204090965414,2.208800254273827,0,-1.4267204090965415,2.208800254273827,0,0.034797036585992688,0.0249666806647065,-4.5662849898068339e-06,0.033990479591940896,0.027943352971792665,7.3530976358336582e-06,-0.31975921988155248,1.4644668625643,0.00035839472997782791,-0.48436320708164143,1.3359131548621421,-0.00016077516332318559,-0.28496218329555978,1.4894335432290065,0.00035382844498802108,-0.45037272748970053,1.3638565078339349,-0.00015342206568735194,0,0,0,0,0,0,0,0,0,0,0,0
control,0,236,1180,1185,2360000000,2360000000,0,-1,0.01,1,1,0,0,none,0,0,1,1,-0.089314842134527839,1.2746708433619799e-05,0.56570073444447377,0.9999445736558884,-1.0538793848676565e-05,-0.010528509157202175,6.2310502602172069e-08,-2.6287645297447229e-05,8.4512370414044808e-06,-4.1485652374785647e-06,-1.4474405449731214e-05,-4.6245340836456357e-05,-2.5633322433376526e-06,-1.32963060187079,2.2067091014765619,1.2577876591393379e-05,-1.4295630717348742,2.2064599512013832,-2.7531032355819034e-05,7.6764455022179182e-05,7.7644185675379806e-05,1.7599388079808366e-05,7.4390428683432459e-05,8.6283072580556556e-05,1.9847870804022543e-05,-0.28494966554229134,1.4894462496876488,0.00035374104294481874,-0.45036028932683236,1.3638697062005685,-0.00015350754054506641,0.28494966554229134,-1.4894462496876488,-0.00035374104294481874,0.45036028932683236,-1.3638697062005685,0.00015350754054506641,-1.3267204090965414,2.208800254273827,0,-1.4267204090965415,2.208800254273827,0,0.034807166608449118,0.024977367288668464,-4.6533323814084321e-06,0.034000366016966772,0.027954212260454966,7.2669161665445823e-06,-0.31975683215074047,1.4644688823989804,0.00035839437532622718,-0.48436065534379913,1.3359154939401134,-0.000160774456711611,-0.28494966554229134,1.4894462496876488,0.00035374104294481874,-0.45036028932683236,1.3638697062005685,-0.00015350754054506641,0,0,0,0,0,0,0,0,0,0,0,0
control,0,237,1185,1190,2370000000,2370000000,0,-1,0.01,1,1,0,0,none,0,0,1,1,-0.089315157982425897,1.283123539378874e-05,0.56570068458561529,0.9999445707296879,-1.061130539724555e-05,-0.010528786996507198,5.0216213855162494e-08,-3.4962506438797774e-05,8.4387461995138438e-06,-5.5195888387059952e-06,-1.4451790082551711e-05,-6.1518691279927536e-05,-2.5697242215888855e-06,-1.3296299122132005,2.2067097965450255,1.2750894698707018e-05,-1.4295624038013404,2.2064607276569093,-2.7336578242329135e-05,6.3351066991624498e-05,6.3798475263457808e-05,1.8074396759664582e-05,6.1347138251386624e-05,7.1553453941278566e-05,2.0159614985711866e-05,-0.28493582488197805,1.4894603657519787,0.00035366508421766981,-0.45034659874400829,1.3638844460185131,-0.00015358085826030568,0.28493582488197805,-1.4894603657519787,-0.00035366508421766981,0.45034659874400829,-1.3638844460185131,0.00015358085826030568,-1.3267204090965414,2.208800254273827,0,-1.4267204090965415,2.208800254273827,0,0.034819010799421179,0.024989795032722258,-4.7289882475953348e-06,0.034011915750209058,0.027966989222100721,7.1929927234131466e-06,-0.31975483568139923,1.4644705707192565,0.00035839407246526512,-0.48435851449421735,1.3359174567964125,-0.00016077385098371884,-0.28493582488197805,1.4894603657519787,0.00035366508421766981,-0.45034659874400829,1.3638844460185131,-0.00015358085826030568,0,0,0,0,0,0,0,0,0,0,0,0
control,0,238,1190,1195,2380000000,2380000000,0,-1,0.01,1,1,0,0,none,0,0,1,1,-0.08931555473519355,1.2914989697307337e-05,0.56570062193929227,0.99994456705349277,-1.0683148740307518e-05,-0.010529136055332922,3.818259480021573e-08,-4.2656092988965811e-05,8.3192975315730548e-06,-6.7356162554079969e-06,-1.4246100937468045e-05,-7.5064829083148297e-05,-2.5427859114175549e-06,-1.3296293560411254,2.2067103538934889,1.2926964462346675e-05,-1.4295618656982438,2.2064613573840761,-2.7140737310513443e-05,5.0031800313283454e-05,5.0069122491906136e-05,1.8299582506641333e-05,4.8398406742926381e-05,5.6904318137926962e-05,2.0215696538019918e-05,-0.28492091389535401,1.4894756292446731,0.00035360075327482969,-0.45033190244946913,1.3639004500344494,-0.00015364191059473104,0.28492091389535401,-1.4894756292446731,-0.00035360075327482969,0.45033190244946913,-1.3639004500344494,0.00015364191059473104,-1.3267204090965414,2.208800254273827,0,-1.4267204090965415,2.208800254273827,0,0.034832315634537953,0.025003700880319009,-4.7930684640360691e-06,0.034024881610313439,0.027981406199803469,7.1314363662530367e-06,-0.31975322952989194,1.4644719283643541,0.00035839382173886574,-0.48435678405978255,1.335919043834646,-0.00016077334696098407,-0.28492091389535401,1.4894756292446731,0.00035360075327482969,-0.45033190244946913,1.3639004500344494,-0.00015364191059473104,0,0,0,0,0,0,0,0,0,0,0,0
control,0,239,1195,1200,2390000000,2390000000,0,-1,0.01,1,1,0,0,none,0,0,1,1,-0.089316022384576949,1.2996947244913667e-05,0.56570054808643166,0.99994456271998466,-1.0753445844528179e-05,-0.010529547525959294,2.6360481855676164e-08,-4.9338242032932251e-05,8.1005907989333946e-06,-7.7918752076113116e-06,-1.3870529574228349e-05,-8.6830613119190543e-05,-2.4848072036201402e-06,-1.3296289315182277,2.2067107756173563,1.310375364794143e-05,-1.4295614556042024,2.2064618421890954,-2.6945888353419882e-05,3.6961918285601124e-05,3.6615391423175157e-05,1.8288301347356907e-05,3.5695298465593132e-05,4.2507659385468913e-05,2.0031344526463645e-05,-0.28490518189768665,1.4894917809204031,0.00035354808167466819,-0.45031644348132188,1.3639174435124652,-0.00015369074490231878,0.28490518189768665,-1.4894917809204031,-0.00035354808167466819,0.45031644348132188,-1.3639174435124652,0.00015369074490231878,-1.3267204090965414,2.208800254273827,0,-1.4267204090965415,2.208800254273827,0,0.034846826182806788,0.025018820790513506,-4.845541161750274e-06,0.034039015144232736,0.027997183527701267,7.0821992797027817e-06,-0.31975200808049342,1.4644729601298896,0.00035839362283641849,-0.48435545862555462,1.3359202599847639,-0.00016077294418202157,-0.28490518189768665,1.4894917809204031,0.00035354808167466819,-0.45031644348132188,1.3639174435124652,-0.00015369074490231878,0,0,0,0,0,0,0,0,0,0,0,0
control,0,240,1200,1205,2400000000,2400000000,0,-1,0.01,1,1,0,0,none,0,0,1,1,-0.089316550706446535,1.3076165983829644e-05,0.56570046464214219,0.99994455782384906,-1.0821389077886371e-05,-0.010530012410450521,1.488919339330957e-08,-5.4992986610186593e-05,7.7911460719996943e-06,-8.685835157720528e-06,-1.3339670722737976e-05,-9.6787893031366704e-05,-2.3983416737004563e-06,-1.3296286353317193,2.2067110653244253,1.3279071486540814e-05,-1.4295611702615232,2.206462185514861,-2.6754250305931277e-05,2.4283691738407804e-05,2.3582947933988953e-05,1.8055917154017872e-05,2.3376170610282471e-05,2.8521376865630828e-05,1.9623752994503747e-05,-0.28488887212932107,1.4895085674262261,0.00035350695753496263,-0.45030045849425004,1.3639351573946348,-0.00015372755354846828,0.28488887212932107,-1.4895085674262261,-0.00035350695753496263,0.45030045849425004,-1.3639351573946348,0.00015372755354846828,-1.3267204090965414,2.208800254273827,0,-1.4267204090965415,2.208800254273827,0,0.034862289284526414,0.025034892970919272,-4.8865173036631373e-06,0.034054069723864551,0.028014043042293886,7.0450874420541945e-06,-0.31975116141384746,1.4644736744553069,0.00035839347483862576,-0.48435452821811459,1.3359211143523408,-0.00016077264099052249,-0.28488887212932107,1.4895085674262261,0.00035350695753496263,-0.45030045849425004,1.3639351573946348,-0.00015372755354846828,0,0,0,0,0,0,0,0,0,0,0,0
control,0,241,1205,1210,2410000000,2410000000,0,-1,0.01,1,1,0,0,none,0,0,1,1,-0.089317129398575196,1.3151793175429127e-05,0.5657003732339555,0.9999445524605044,-1.0886247436693167e-05,-0.010530521641922275,3.8954186464290701e-09,-5.9617836752262438e-05,7.4001477872732498e-06,-9.4170940354778228e-06,-1.2669255314505586e-05,-0.00010493224410000662,-2.2861585313511979e-06,-1.3296284628273145,2.2067112279937309,1.3450886134127659e-05,-1.4295610051082115,2.2064623922942368,-2.6567865339811913e-05,1.2125510275614031e-05,1.110296599729319e-05,1.7619485867348696e-05,1.1565812362113473e-05,1.5088270346437475e-05,1.9011744339163322e-05,-0.28487221920004896,1.4895257439993905,0.0003534771361341841,-0.45028417529799103,1.3639533311893977,-0.00015375266224703724,0.28487221920004896,-1.4895257439993905,-0.0003534771361341841,0.45028417529799103,-1.3639533311893977,0.00015375266224703724,-1.3267204090965414,2.208800254273827,0,-1.4267204090965415,2.208800254273827,0,0.034878456503863474,0.025051660912157343,-4.9162401336057321e-06,0.034069803421496486,0.028031711349562543,7.0197723849854067e-06,-0.31975067570391241,1.4644740830872331,0.00035839337626778986,-0.48435397871948754,1.3359216198398352,-0.00016077243463202264,-0.28487221920004896,1.4895257439993905,0.0003534771361341841,-0.45028417529799103,1.3639533311893977,-0.00015375266224703724,0,0,0,0,0,0,0,0,0,0,0,0
control,0,242,1210,1215,2420000000,2420000000,0,-1,0.01,1,1,0,0,none,0,0,1,1,-0.089317748210506254,1.32230711051783e-05,0.56570027548131274,0.99994454672490241,-1.0947371436816729e-05,-0.010531066198850096,-6.5076669160323914e-09,-6.3222943415082084e-05,6.9372893602310553e-06,-9.9872464293890351e-06,-1.1875884478105137e-05,-0.00011128149592692285,-2.1511946194913819e-06,-1.3296284081517591,2.2067112698268176,1.3617339078818646e-05,-1.429560954417306,2.2064624687947512,-2.6388585205249953e-05,6.0121927533759472e-07,-7.0853302803939723e-07,1.6997439696724323e-05,3.7480457857303651e-07,2.3352824429781752e-06,1.8215434883259477e-05,-0.28485544680305386,1.489543076888034,0.00035345825143315995,-0.45026781066233384,1.3639717155714743,-0.00015376651754034517,0.28485544680305386,-1.489543076888034,-0.00035345825143315995,0.45026781066233384,-1.3639717155714743,0.00015376651754034517,-1.3267204090965414,2.208800254273827,0,-1.4267204090965415,2.208800254273827,0,0.034895086833698893,0.025068876163654073,-4.9350737084818104e-06,0.034085981642306119,0.028049922825245321,7.0058038174120109e-06,-0.31975053363675277,1.4644742007243798,0.00035839332514164178,-0.48435379230463999,1.335921792746229,-0.00016077232135775719,-0.28485544680305386,1.489543076888034,0.00035345825143315995,-0.45026781066233384,1.3639717155714743,-0.00015376651754034517,0,0,0,0,0,0,0,0,0,0,0,0
control,0,243,1215,1220,2430000000,2430000000,0,-1,0.01,1,1,0,0,none,0,0,1,1,-0.089318397064447205,1.3289341252191945e-05,0.56570017297646802,0.99994454071041028,-1.1004196684034592e-05,-0.010531637211481036,-1.622106169454014e-08,-6.583016294943148e-05,6.4126202996385098e-06,-1.0399736124528231e-05,-1.0976767826768681e-05,-0.00011587408598638966,-1.9965070795196202e-06,-1.329628464400727,2.2067111980937368,1.3776756518124978e-05,-1.4295610114413795,2.2064624224571179,-2.6218060773649824e-05,-1.019032483702631e-05,-1.1751114048876085e-05,1.620927495494243e-05,-1.0100907376842571e-05,-9.6270181988551319e-06,1.7255906417998025e-05,-0.28483876570720845,1.4895603454816382,0.00035344982832664868,-0.45025156839663633,1.3639900746790776,-0.00015376967362269568,0.28483876570720845,-1.4895603454816382,-0.00035344982832664868,0.45025156839663633,-1.3639900746790776,0.00015376967362269568,-1.3267204090965414,2.208800254273827,0,-1.4267204090965415,2.208800254273827,0,0.034911949137482572,0.025086300832155031,-4.9434907031846151e-06,0.034102379499120802,0.028068422327807502,7.0026229111950457e-06,-0.31975071484469103,1.4644740446494831,0.00035839331902983329,-0.48435394789575714,1.33592165235127,-0.00016077229653389073,-0.28483876570720845,1.4895603454816382,0.00035344982832664868,-0.45025156839663633,1.3639900746790776,-0.00015376967362269568,0,0,0,0,0,0,0,0,0,0,0,0
control,0,244,1220,1225,2440000000,2440000000,0,-1,0.01,1,1,0,0,none,0,0,1,1,-0.089319066166300254,1.3350046954348222e-05,0.56570006726694555,0.9999445345077842,-1.1056246154382144e-05,-0.010532226059566519,-2.5160378221426499e-08,-6.7472039851494657e-05,5.8363976238560141e-06,-1.0659695698723748e-05,-9.9894691210821723e-06,-0.00011876726926770984,-1.8252272385404104e-06,-1.329628623769944,2.2067110209759813,1.3927657763301358e-05,-1.4295611685601173,2.2064622617299405,-2.6057734701547442e-05,-2.016548880966333e-05,-2.1940145053035552e-05,1.5275247084038978e-05,-1.9780235343055703e-05,-2.0704722858635342e-05,1.6154887238782943e-05,-0.28482237203552274,1.4895773441453117,0.00035345129542903872,-0.45023563771077635,1.3640081881012791,-0.00015376277870592594,0.28482237203552274,-1.4895773441453117,-0.00035345129542903872,0.45023563771077635,-1.3640081881012791,0.00015376277870592594,-1.3267204090965414,2.208800254273827,0,-1.4267204090965415,2.208800254273827,0,0.034928824314044739,0.025103709791728147,-4.9420596831923562e-06,0.034118783915923698,0.028086967610925315,7.0095760485250843e-06,-0.3197511963495675,1.4644736343535836,0.00035839335511223111,-0.48435442162670006,1.3359212204903539,-0.00016077235475445102,-0.28482237203552274,1.4895773441453117,0.00035345129542903872,-0.45023563771077635,1.3640081881012791,-0.00015376277870592594,0,0,0,0,0,0,0,0,0,0,0,0
control,0,245,1225,1230,2450000000,2450000000,0,-1,0.01,1,1,0,0,none,0,0,1,1,-0.089319746106117981,1.3404734621969502e-05,0.56569995983966459,0.99994452820423896,-1.1103131229994369e-05,-0.010532824460789861,-3.3256070798087604e-08,-6.819072537040916e-05,5.2189432212452068e-06,-1.0773775957802463e-05,-8.9316621159175809e-06,-0.00012003521494684297,-1.6405162423413617e-06,-1.329628877707502,2.2067107474084544,1.4068760760858719e-05,-1.4295614174289835,2.2064619959028389,-2.5908837102574676e-05,-2.9255897403597126e-05,-3.1206808045776089e-05,1.4216076193977093e-05,-2.8596975546660284e-05,-3.0820648858595319e-05,1.493444601682634e-05,-0.28480644583151815,1.4895938837542253,0.0003534619982002377,-0.45022019185875034,1.3640258525509328,-0.00015374656112642946,0.28480644583151815,-1.4895938837542253,-0.0003534619982002377,0.45022019185875034,-1.3640258525509328,0.00015374656112642946,-1.3267204090965414,2.208800254273827,0,-1.4267204090965415,2.208800254273827,0,0.034945507177632749,0.025120892596539504,-4.9314320379564704e-06,0.03413499545262328,0.028105331425145225,7.0259288299310851e-06,-0.31975195300915088,1.4644729911576857,0.00035839343023819417,-0.48435518731137361,1.3359205211257876,-0.00016077248995636056,-0.28480644583151815,1.4895938837542253,0.0003534619982002377,-0.45022019185875034,1.3640258525509328,-0.00015374656112642946,0,0,0,0,0,0,0,0,0,0,0,0
control,0,246,1230,1235,2460000000,2460000000,0,-1,0.01,1,1,0,0,none,0,0,1,1,-0.089320427947447184,1.3453053568482964e-05,0.56569985210681784,0.99994452188261951,-1.1144551549144585e-05,-0.010533424549414954,-4.0453460017239721e-08,-6.8036849200944384e-05,4.5705086261408144e-06,-1.0749967925072326e-05,-7.8208991100395263e-06,-0.00011976702042114159,-1.4455228957562983e-06,-1.3296292170654436,2.2067103869224574,1.41989848499637e-05,-1.4295617491271035,2.2064616349401169,-2.5772384085430646e-05,-3.7408281236870209e-05,-3.94979172199759e-05,1.3052665894687601e-05,-3.6499653469214345e-05,-3.9914199167373448e-05,1.3616701305391033e-05,-0.284791149912414,1.4896097929288152,0.00035348121223632487,-0.45020538706313956,1.3640428832231266,-0.0001537218153746785,0.284791149912414,-1.4896097929288152,-0.00035348121223632487,0.45020538706313956,-1.3640428832231266,0.0001537218153746785,-1.3267204090965414,2.208800254273827,0,-1.4267204090965415,2.208800254273827,0,0.034961808048680966,0.02513765509226544,-4.9123287497234902e-06,0.034150829846948096,0.028123303303271611,7.0508801603596414e-06,-0.31975295796109499,1.4644721378365497,0.00035839354098604837,-0.48435621691008768,1.3359195799198551,-0.00016077269553503815,-0.284791149912414,1.4896097929288152,0.00035348121223632487,-0.45020538706313956,1.3640428832231266,-0.0001537218153746785,0,0,0,0,0,0,0,0,0,0,0,0
control,0,247,1235,1240,2470000000,2470000000,0,-1,0.01,1,1,0,0,none,0,0,1,1,-0.089321103305190996,1.3494754540119159e-05,0.56569974539356083,0.99994451562067699,-1.1180293740880787e-05,-0.010534018944831488,-4.6712565713172565e-08,-6.7068360949674354e-05,3.9011485025807442e-06,-1.0597420024832022e-05,-6.6743944096190002e-06,-0.00011806467206802965,-1.2433441189649928e-06,-1.3296296322488237,2.2067099494915405,1.4317450900207873e-05,-1.4295621543026169,2.2064611893169537,-2.5649178990479171e-05,-4.4584151516015126e-05,-4.6775558927548692e-05,1.1805838005985855e-05,-4.3451200035276695e-05,-4.7941030414360281e-05,1.2223549201377712e-05,-0.28477662900453821,1.4896249189748776,0.0003535081565516629,-0.45019136171541585,1.3640591148428496,-0.00015368938822205583,0.28477662900453821,-1.4896249189748776,-0.0003535081565516629,0.45019136171541585,-1.3640591148428496,0.00015368938822205583,-1.3267204090965414,2.208800254273827,0,-1.4267204090965415,2.208800254273827,0,0.034977554054661124,0.025153820725828665,-4.8855271703616544e-06,0.03416611927295754,0.028140691028101197,7.0835762370748653e-06,-0.31975418305919934,1.464471098249049,0.00035839368372202456,-0.48435748098837339,1.3359184238147483,-0.00016077296445913069,-0.28477662900453821,1.4896249189748776,0.0003535081565516629,-0.45019136171541585,1.3640591148428496,-0.00015368938822205583,0,0,0,0,0,0,0,0,0,0,0,0
control,0,248,1240,1245,2480000000,2480000000,0,-1,0.01,1,1,0,0,none,0,0,1,1,-0.089321764411785479,1.3529687038518986e-05,0.56569964092754721,0.99994450949045477,-1.1210229124784446e-05,-0.010534600809815345,-5.2007761653359438e-08,-6.5349357356840802e-05,3.2206039424076285e-06,-1.0326252982510999e-05,-5.5088245989806424e-06,-0.0001150409808726064,-1.0369883719775824e-06,-1.3296301133606123,2.2067094453819021,1.442347899675369e-05,-1.4295626233138996,2.2064606698599296,-2.5539816135755132e-05,-5.075931669895825e-05,-5.3016569332075071e-05,1.0496085351008314e-05,-4.9428473893407577e-05,-5.4872545670446896e-05,1.077641128402802e-05,-0.284763009153296,1.4896391285362418,0.00035354200669140317,-0.45017823584406397,1.3640744024092726,-0.00015365016510651816,0.284763009153296,-1.4896391285362418,-0.00035354200669140317,0.45017823584406397,-1.3640744024092726,0.00015365016510651816,-1.3267204090965414,2.208800254273827,0,-1.4267204090965415,2.208800254273827,0,0.034992590143899105,0.025169231557097181,-4.8518479665765224e-06,0.034180713319137135,0.028157321785274067,7.1231242765251376e-06,-0.3197555992971951,1.4644698969791445,0.00035839385465797968,-0.4843589491632011,1.3359170806239986,-0.00016077328938304329,-0.284763009153296,1.4896391285362418,0.00035354200669140317,-0.45017823584406397,1.3640744024092726,-0.00015365016510651816,0,0,0,0,0,0,0,0,0,0,0,0
control,0,249,1245,1250,2490000000,2490000000,0,-1,0.01,1,1,0,0,none,0,0,1,1,-0.089322404171638697,1.3557795540055277e-05,0.56569953983031462,0.99994450355778264,-1.1234310464894435e-05,-0.010535163898459356,-5.632726677124941e-08,-6.2948910416850233e-05,2.5381964956635497e-06,-9.9473747314963992e-06,-4.3401471895408214e-06,-0.00011081751957889775,-8.293423378193698e-07,-1.3296306503409436,2.2067088850088536,1.451658385926117e-05,-1.4295631463652094,2.2064600875935372,-2.5444686864864843e-05,-5.5923256587474202e-05,-5.8211867120436837e-05,9.143344513839647e-06,-5.4421644959651718e-05,-6.0695229951528617e-05,9.2960045854222455e-06,-0.28475039739801317,1.4896523079715003,0.00035358190752380833,-0.45016611084055197,1.3640886216480157,-0.00015360505692585809,0.28475039739801317,-1.4896523079715003,-0.00035358190752380833,0.45016611084055197,-1.3640886216480157,0.00015360505692585809,-1.3267204090965414,2.208800254273827,0,-1.4267204090965415,2.208800254273827,0,0.035006779817707619,0.025183748980360621,-4.812142383470333e-06,0.034194479691454338,0.02817304300840491,7.1686058301883408e-06,-0.31975717721572078,1.4644685589911397,0.00035839404990727867,-0.48436059053200631,1.3359155786396109,-0.00016077366275604643,-0.28475039739801317,1.4896523079715003,0.00035358190752380833,-0.45016611084055197,1.3640886216480157,-0.00015360505692585809,0,0,0,0,0,0,0,0,0,0,0,0
control,0,250,1250,1255,2500000000,2500000000,0,-1,0.01,1,1,0,0,none,0,0,1,1,-0.089323016203926284,1.3579114723714788e-05,0.56569944311051223,0.99994449788187301,-1.1252567873723033e-05,-0.0105357025938572,-5.96724889979099e-08,-5.9939910511002332e-05,1.8627336614051606e-06,-9.4722977762607637e-06,-3.1834388906123241e-06,-0.0001055225862182494,-6.2314111124381808e-07,-1.3296312330993929,2.2067082788007162,1.4596468195700219e-05,-1.4295637136354684,2.2064594535941584,-2.5363987674807785e-05,-6.007837219561379e-05,-6.2365656964725124e-05,7.7667898538530294e-06,-5.8433457304044616e-05,-6.5409844878256464e-05,7.8021349533599147e-06,-0.28473888169611544,1.48966436346527,0.000353626985586874,-0.45015506942733702,1.3641016691820049,-0.00015355498737208061,0.28473888169611544,-1.48966436346527,-0.000353626985586874,0.45015506942733702,-1.3641016691820049,0.00015355498737208061,-1.3267204090965414,2.208800254273827,0,-1.4267204090965415,2.208800254273827,0,0.035020005592511123,0.025197254162776645,-4.7672799514027175e-06,0.034207304653078793,0.028187722923340288,7.2190895547743398e-06,-0.31975888728862656,1.4644671093024932,0.00035839426553827669,-0.48436237408041583,1.3359139462586647,-0.00016077407692685494,-0.28473888169611544,1.48966436346527,0.000353626985586874,-0.45015506942733702,1.3641016691820049,-0.00015355498737208061,0,0,0,0,0,0,0,0,0,0,0,0
control,0,251,1255,1260,2510000000,2510000000,0,-1,0.01,1,1,0,0,none,0,0,1,1,-0.089323594873975287,1.3593763825545213e-05,0.56569935165892804,0.99994449251502948,-1.1265103967576223e-05,-0.010536211935742607,-6.2057238644613104e-08,-5.6397937637640364e-05,1.202426380337217e-06,-8.9129608719342012e-06,-2.0527544314440477e-06,-9.9289217034281935e-05,-4.2094204773146295e-07,-1.3296318516391283,2.2067076370713141,1.4663014204119607e-05,-1.4295643153990609,2.2064587788527805,-2.5297730191559234e-05,-6.3239126359304959e-05,-6.549452385430582e-05,6.3846500634524306e-06,-6.1478385901860309e-05,-6.903050341347579e-05,6.3135146941278689e-06,-0.28472853108468194,1.4896752208929447,0.00035367636086049956,-0.45014517585604746,1.3641134624403106,-0.00015350088091994703,0.28472853108468194,-1.4896752208929447,-0.00035367636086049956,0.45014517585604746,-1.3641134624403106,0.00015350088091994703,-1.3267204090965414,2.208800254273827,0,-1.4267204090965415,2.208800254273827,0,0.035032169200581831,0.025209648215935763,-4.7181367644085034e-06,0.034219093209085658,0.0282012508076777,7.2736433227613763e-06,-0.31976070028526377,1.4644655726770088,0.00035839449762490807,-0.48436426906513314,1.335912211632633,-0.00016077452424270841,-0.28472853108468194,1.4896752208929447,0.00035367636086049956,-0.45014517585604746,1.3641134624403106,-0.00015350088091994703,0,0,0,0,0,0,0,0,0,0,0,0
control,0,252,1260,1265,2520000000,2520000000,0,-1,0.01,1,1,0,0,none,0,0,1,1,-0.089324135313587946,1.3601940241965262e-05,0.56569926624526601,0.99994448750245535,-1.1272088378062967e-05,-0.010536687638394408,-6.3506828992850647e-08,-5.2400172604944016e-05,5.6481888466017481e-07,-8.2815569480769459e-06,-9.6100653854388239e-07,-9.225326972116306e-05,-2.251024136773814e-07,-1.3296324961719534,2.2067069699020649,1.4716273445535616e-05,-1.4295649421376961,2.2064580741475637,-2.5245752752848433e-05,-6.5431093730082754e-05,-6.7626435225853342e-05,5.0140480872391549e-06,-6.3581705600014113e-05,-7.1583642395157436e-05,4.8476053619095722e-06,-0.28471939606036234,1.4896848254548127,0.00035372915785593026,-0.45013647631665754,1.3641239393209692,-0.00015344365158434129,0.28471939606036234,-1.4896848254548127,-0.00035372915785593026,0.45013647631665754,-1.3641239393209692,0.00015344365158434129,-1.3267204090965414,2.208800254273827,0,-1.4267204090965415,2.208800254273827,0,0.035043191545539337,0.025220852113983245,-4.6655844380226424e-06,0.034229769052255436,0.028213536978752392,7.3313455577590512e-06,-0.3197625876059017,1.4644639733408296,0.00035839474229395292,-0.48436624536891298,1.3359104023422168,-0.00016077499714210034,-0.28471939606036234,1.4896848254548127,0.00035372915785593026,-0.45013647631665754,1.3641239393209692,-0.00015344365158434129,0,0,0,0,0,0,0,0,0,0,0,0
control,0,253,1265,1270,2530000000,2530000000,0,-1,0.01,1,1,0,0,none,0,0,1,1,-0.089324633430770281,1.3603912506731004e-05,0.56569918751659576,0.99994448288215931,-1.1273751726812209e-05,-0.010537126099216136,-6.4057082172692424e-08,-4.8024358805774419e-05,-4.3268914972944872e-08,-7.5903690222806261e-06,8.013262321759063e-08,-8.455159565191917e-05,-3.7760894291063036e-08,-1.3296331572234328,2.2067062870344745,1.4756455315214547e-05,-1.4295655846425517,2.206457349927152,-2.5207733353975011e-05,-6.6689937596248604e-05,-6.8799668688053297e-05,3.6708646377332898e-06,-6.4778489320578558e-05,-7.3106911695689674e-05,3.4204857774697095e-06,-0.2847115091588524,1.4896931410984577,0.00035378451594217212,-0.45012899953904922,1.3641330576276256,-0.00015338419252312839,0.2847115091588524,-1.4896931410984577,-0.00035378451594217212,0.45012899953904922,-1.3641330576276256,0.00015338419252312839,-1.3267204090965414,2.208800254273827,0,-1.4267204090965415,2.208800254273827,0,0.035053012429090591,0.025230806375262226,-4.6104798264510286e-06,0.03423927428610278,0.028224512527642881,7.3912957173190175e-06,-0.319764521587943,1.4644623347231955,0.00035839499576862315,-0.48436827382515202,1.3359085450999828,-0.00016077548824044741,-0.2847115091588524,1.4896931410984577,0.00035378451594217212,-0.45012899953904922,1.3641330576276256,-0.00015338419252312839,0,0,0,0,0,0,0,0,0,0,0,0
control,0,254,1270,1275,2540000000,2540000000,0,-1,0.01,1,1,0,0,none,0,0,1,1,-0.089325085909429197,1.360001276711665e-05,0.56569911599738965,0.9999444786849554,-1.1270379171073249e-05,-0.010537524398485612,-6.3753258537307526e-08,-4.3347823910630588e-05,-6.1578649665379131e-07,-6.8516155479566038e-06,1.0603085310458405e-06,-7.6320317548535685e-05,1.3917703330392526e-07,-1.3296338257274689,2.2067055977736834,1.4783914341820524e-05,-1.4295662341060882,2.2064566162054686,-2.5183203712294218e-05,-6.7060330150588696e-05,-6.9061683620874679e-05,2.3696255603400508e-06,-6.5112551795845882e-05,-7.3647999188050612e-05,2.0467452912164922e-06,-0.28470488571474112,1.4897001497506881,0.0003538415988276122,-0.45012275756783271,1.3641407943017145,-0.00015332336655898149,0.28470488571474112,-1.4897001497506881,-0.0003538415988276122,0.45012275756783271,-1.3641407943017145,0.00015332336655898149,-1.3267204090965414,2.208800254273827,0,-1.4267204090965415,2.208800254273827,0,0.035061590066355633,0.025239470527154768,-4.5536555805631595e-06,0.034247568942253753,0.028234128819082344,7.4526238491274412e-06,-0.31976647578109674,1.4644606792235333,0.00035839525440817537,-0.48437032651008649,1.3359066654826321,-0.00016077599040810892,-0.28470488571474112,1.4897001497506881,0.0003538415988276122,-0.45012275756783271,1.3641407943017145,-0.00015332336655898149,0,0,0,0,0,0,0,0,0,0,0,0
control,0,255,1275,1280,2550000000,2550000000,0,-1,0.01,1,1,0,0,none,0,0,1,1,-0.089325490199685706,1.3590628883988456e-05,0.56569905209104221,0.99994447493455041,-1.126230362711444e-05,-0.010537880290845033,-6.2648927673854395e-08,-3.8446569484980526e-05,-1.1474853994268757e-06,-6.0773064527833424e-06,1.9705401660376754e-06,-6.7693226687722498e-05,3.0404989474695623e-07,-1.3296344931098592,2.2067049109035177,1.4799136544201086e-05,-1.4295668822030858,2.2064558824685125,-2.5171564207655219e-05,-6.659483295105323e-05,-6.8467953955602981e-05,1.1234129112508461e-06,-6.4635355128830999e-05,-7.3263409891893518e-05,7.394020113944273e-07,-0.28469952478092586,1.4897058503806444,0.00035389960313450151,-0.45011774668994314,1.3641471444728277,-0.00015326199767858238,0.28469952478092586,-1.4897058503806444,-0.00035389960313450151,0.45011774668994314,-1.3641471444728277,0.00015326199767858238,-1.3267204090965414,2.208800254273827,0,-1.4267204090965415,2.208800254273827,0,0.035068900409239212,0.025246822374644463,-4.4959116088228681e-06,0.034254630311224721,0.028242356778611095,7.5144991617268437e-06,-0.31976842519016507,1.4644590280059999,0.00035839551474332437,-0.48437237700116786,1.3359047876942165,-0.00016077649684030922,-0.28469952478092586,1.4897058503806444,0.00035389960313450151,-0.45011774668994314,1.3641471444728277,-0.00015326199767858238,0,0,0,0,0,0,0,0,0,0,0,0
control,0,256,1280,1285,2560000000,2560000000,0,-1,0.01,1,1,0,0,none,0,0,1,1,-0.089325844499525825,1.357619627803849e-05,0.56569899608276097,0.99994447164771139,-1.1249898776265152e-05,-0.010538192189165694,-6.0804798873107403e-08,-3.339443519523861e-05,-1.6339398004364942e-06,-5.2791109498304529e-06,2.8032551701464115e-06,-5.8800311383033222e-05,4.5544726809792019e-07,-1.329635151360532,2.2067042346133374,1.4802725071836044e-05,-1.4295675211606098,2.2064551575935272,-2.5172099461096411e-05,-6.5352753903731131e-05,-6.7080778576984068e-05,-5.6200756099784587e-08,-6.3404892184396015e-05,-7.2017216726369759e-05,-4.9015464731864691e-07,-0.28469541018584976,1.4897102579159485,0.00035395776602355531,-0.45011394849354586,1.3641521203498916,-0.00015320086354793608,0.28469541018584976,-1.4897102579159485,-0.00035395776602355531,0.45011394849354586,-1.3641521203498916,0.00015320086354793608,-1.3267204090965414,2.208800254273827,0,-1.4267204090965415,2.208800254273827,0,0.035074936298742525,0.025252857093740155,-4.4380074837458242e-06,0.034260452107096086,0.028249185988687243,7.5761375706948557e-06,-0.31977034648459229,1.4644574008222082,0.00035839577350730114,-0.48437440060064196,1.3359029343612043,-0.00016077700111863093,-0.28469541018584976,1.4897102579159485,0.00035395776602355531,-0.45011394849354586,1.3641521203498916,-0.00015320086354793608,0,0,0,0,0,0,0,0,0,0,0,0
control,0,257,1285,1290,2570000000,2570000000,0,-1,0.01,1,1,0,0,none,0,0,1,1,-0.089326147728567673,1.3557189640616596e-05,0.56569894814370292,0.99994446883450838,-1.1233571955158889e-05,-0.010538459141472936,-5.828752836476161e-08,-2.8262342939638826e-05,-2.0715554332769266e-06,-4.468237955947234e-06,3.5523050458949012e-06,-4.976642614505098e-05,5.9221321622897355e-07,-1.3296357930943137,2.2067035764368157,1.479538534907617e-05,-1.4295681438167736,2.2064544497807161,-2.5183994321834998e-05,-6.3398995926887433e-05,-6.496808541214374e-05,-1.1591955838239949e-06,-6.1484562566004803e-05,-6.9979800007832999e-05,-1.6321979783271329e-06,-0.28469251170720417,1.4897134020347309,0.00035401537183692318,-0.45011133103723272,1.3641557499771573,-0.00015314068906841318,0.28469251170720417,-1.4897134020347309,-0.00035401537183692318,0.45011133103723272,-1.3641557499771573,0.00015314068906841318,-1.3267204090965414,2.208800254273827,0,-1.4267204090965415,2.208800254273827,0,0.035079706467157301,0.025257586172253634,-4.3806558255316508e-06,0.034265043486633381,0.028254623617341792,7.6368081954668554e-06,-0.31977221817436147,1.4644558158624772,0.00035839602766245482,-0.48437637452386612,1.3359011263598155,-0.00016077749726388005,-0.28469251170720417,1.4897134020347309,0.00035401537183692318,-0.45011133103723272,1.3641557499771573,-0.00015314068906841318,0,0,0,0,0,0,0,0,0,0,0,0
control,0,258,1290,1295,2580000000,2580000000,0,-1,0.01,1,1,0,0,none,0,0,1,1,-0.089326399494769337,1.353411462248466e-05,0.56569890833622904,0.99994446649861968,-1.121375702734734e-05,-0.010538680801657088,-5.5168519915307745e-08,-2.3117624925481909e-05,-2.4575674071515029e-06,-3.6553297720380533e-06,4.2129613573968278e-06,-4.0710108590834195e-05,7.1344626766608991e-07,-1.3296364116002242,2.2067029432026195,1.4777909935236647e-05,-1.4295687436683049,2.2064537664975279,-2.5206350042347473e-05,-6.0802911869692892e-05,-6.2202244022596399e-05,-2.1771259876152015e-06,-5.8942055420836634e-05,-6.7226591512548249e-05,-2.6786756299464448e-06,-0.28469078634027134,1.4897153258561009,0.00035407175774117533,-0.45010985010806343,1.364158075878505,-0.00015308214098603466,0.28469078634027134,-1.4897153258561009,-0.00035407175774117533,0.45010985010806343,-1.364158075878505,0.00015308214098603466,-1.3267204090965414,2.208800254273827,0,-1.4267204090965415,2.208800254273827,0,0.035083234411997365,0.025261036220523593,-4.324516681190234e-06,0.034268427944291656,0.028258693202857888,7.6958387942015633e-06,-0.31977402075226868,1.4644542896355772,0.00035839627442236556,-0.48437827805235506,1.3358993826756471,-0.00016077797978023624,-0.28469078634027134,1.4897153258561009,0.00035407175774117533,-0.45010985010806343,1.364158075878505,-0.00015308214098603466,0,0,0,0,0,0,0,0,0,0,0,0
control,0,259,1295,1300,2590000000,2590000000,0,-1,0.01,1,1,0,0,none,0,0,1,1,-0.089326600054935479,1.350749960755914e-05,0.56569887662013962,0.9999444646376987,-1.1190907328086649e-05,-0.010538857394724715,-5.1522734504506183e-08,-1.802343843683719e-05,-2.7900275949395911e-06,-2.8503694803435198e-06,4.7818940770002079e-06,-3.1742548960409616e-05,8.1849614625031938e-07,-1.3296370008794498,2.2067023409968316,1.4751163302224873e-05,-1.4295693149070614,2.2064531144353796,-2.5238200433325805e-05,-5.7637179219388086e-05,-5.8858900495104927e-05,-3.1031217814307918e-06,-5.5848252236630899e-05,-6.3836837943009742e-05,-3.6232002142220713e-06,-0.28469017963929177,1.48971608455128,0.00035412631836789153,-0.45010945054736606,1.3641591536135012,-0.00015302582355000412,0.28469017963929177,-1.48971608455128,-0.00035412631836789153,0.45010945054736606,-1.3641591536135012,0.00015302582355000412,-1.3267204090965414,2.208800254273827,0,-1.4267204090965415,2.208800254273827,0,0.035085557163729561,0.025263247674687191,-4.2701929015959222e-06,0.034270642104593581,0.028261433318282896,7.7526201407088445e-06,-0.31977573680302135,1.4644528368765928,0.00035839651126948744,-0.48438009265195964,1.3358977202952182,-0.00016077844369071295,-0.28469017963929177,1.48971608455128,0.00035412631836789153,-0.45010945054736606,1.3641591536135012,-0.00015302582355000412,0,0,0,0,0,0,0,0,0,0,0,0
control,0,260,1300,1305,2600000000,2600000000,0,-1,0.01,1,1,0,0,none,0,0,1,1,-0.089326750269899113,1.347788767144679e-05,0.56569885285975219,0.99994446324378894,-1.1165488767868967e-05,-0.010538989677362312,-4.7427523761165501e-08,-1.3038268820475528e-05,-3.0677823527064509e-06,-2.0626022528900729e-06,5.2571333828018075e-06,-2.2966714911098623e-05,9.0695748439923405e-07,-1.3296375556722513,2.2067017751368074,1.471606671978035e-05,-1.4295698524457616,2.2064524994785431,-2.5278527803881405e-05,-5.3976706524336987e-05,-5.5015847779632304e-05,-3.931870100259364e-06,-5.2276161240826726e-05,-5.9892397906229147e-05,-4.4610203187414117e-06,-0.28469062711165172,1.4897157438981237,0.00035417850945747536,-0.45011006762449313,1.3641590502689582,-0.00015297227520695542,0.28469062711165172,-1.4897157438981237,-0.00035417850945747536,0.45011006762449313,-1.3641590502689582,0.00015297227520695542,-1.3267204090965414,2.208800254273827,0,-1.4267204090965415,2.208800254273827,0,0.035086723968304707,0.025264273415904034,-4.218226510921136e-06,0.03427173443250249,0.028262896140266499,7.8066093571014914e-06,-0.31977735107995642,1.4644514704822196,0.0003583967359683965,-0.4843818020569956,1.3358961541286918,-0.00016077888456405691,-0.28469062711165172,1.4897157438981237,0.00035417850945747536,-0.45011006762449313,1.3641590502689582,-0.00015297227520695542,0,0,0,0,0,0,0,0,0,0,0,0
control,0,261,1305,1310,2610000000,2610000000,0,-1,0.01,1,1,0,0,none,0,0,1,1,-0.089326851555264319,1.3445828816469997e-05,0.56569883683168343,0.99994446230378009,-1.1137973173316479e-05,-0.010539078894591603,-4.2961500688152089e-08,-8.2155210346534074e-06,-3.2904414118512193e-06,-1.3004706805424982e-06,5.6380163485181128e-06,-1.4476632221651237e-05,9.7866076828033448e-07,-1.3296380714741964,2.2067012501560606,1.4673583424705018e-05,-1.4295703519333132,2.206451926684788,-2.5326278507248372e-05,-4.9897583311809011e-05,-5.0751942350387924e-05,-4.6595795999840351e-06,-4.8299894852416721e-05,-5.5476584268844666e-05,-5.1889735088956279e-06,-0.2846920556437037,1.489714378799242,0.00035422785052735046,-0.45011162843794061,1.3641578429075878,-0.00015292196630569169,0.2846920556437037,-1.489714378799242,-0.00035422785052735046,0.45011162843794061,-1.3641578429075878,0.00015292196630569169,-1.3267204090965414,2.208800254273827,0,-1.4267204090965415,2.208800254273827,0,0.035086794906827784,0.025264177326722658,-4.1690960474123036e-06,0.034271763883538378,0.028263145944871546,7.8573322276192923e-06,-0.31977885055053151,1.4644502014725194,0.00035839694657476277,-0.48438339232147898,1.3358946969627163,-0.000160779298533311,-0.2846920556437037,1.489714378799242,0.00035422785052735046,-0.45011162843794061,1.3641578429075878,-0.00015292196630569169,0,0,0,0,0,0,0,0,0,0,0,0
control,0,262,1310,1315,2620000000,2620000000,0,-1,0.01,1,1,0,0,none,0,0,1,1,-0.089326905828592595,1.3411872566067963e-05,0.56569882823319229,0.99994446179990004,-1.110883193649895e-05,-0.010539126733293026,-3.82034599434713e-08,-3.6031990227987874e-06,-3.4583388492088239e-06,-5.7156397752733322e-07,5.9251200747038242e-06,-6.3568200977109743e-06,1.0336607984456777e-06,-1.3296385445422072,2.2067007697996335,1.4624704235618093e-05,-1.4295708097602238,2.2064514002772619,-2.5380377928858907e-05,-4.5476082957271643e-05,-4.6146077814630324e-05,-5.2839285211814912e-06,-4.3993699407354227e-05,-5.0673063357793005e-05,-5.8054231090694891e-06,-0.28469438493962712,1.4897120717849308,0.000354273926595591,-0.45011405332568272,1.3641556169958249,-0.00015287529777224129,0.28469438493962712,-1.4897120717849308,-0.000354273926595591,0.45011405332568272,-1.3641556169958249,0.00015287529777224129,-1.3267204090965414,2.208800254273827,0,-1.4267204090965415,2.208800254273827,0,0.035085839472425155,0.025263032807043978,-4.1232148446263527e-06,0.034270798513298041,0.02826225755381713,7.9043845341111461e-06,-0.31978022441205228,1.4644490389778868,0.00035839714144021733,-0.48438485183898078,1.3358933594420077,-0.00016077968230635242,-0.28469438493962712,1.4897120717849308,0.000354273926595591,-0.45011405332568272,1.3641556169958249,-0.00015287529777224129,0,0,0,0,0,0,0,0,0,0,0,0
control,0,263,1315,1320,2630000000,2630000000,0,-1,0.01,1,1,0,0,none,0,0,1,1,-0.089326915453899855,1.3376560992108143e-05,0.56569882669095151,0.99994446171022644,-1.1078530035715096e-05,-0.010539135273361869,-3.3231358600663392e-08,7.5632885939359582e-07,-3.5724870882077326e-06,1.1741913436028578e-07,6.1201828941647245e-06,1.3181220310517413e-06,1.0722229506675995e-06,-1.3296389718910002,2.2067003370293561,1.4570433758816409e-05,-1.4295712230546689,2.2064509236469871,-2.5439744770865644e-05,-4.078772777282909e-05,-4.1276223612681983e-05,-5.8039983182739667e-06,-3.9431046113874467e-05,-4.5564820099346281e-05,-6.3101805304533503e-06,-0.28469752895418304,1.48970891151885,0.0003543163890015832,-0.45011725726615837,1.3641524648302907,-0.00015283260071101144,0.28469752895418304,-1.48970891151885,-0.0003543163890015832,0.45011725726615837,-1.3641524648302907,0.00015283260071101144,-1.3267204090965414,2.208800254273827,0,-1.4267204090965415,2.208800254273827,0,0.035083935125164722,0.025260921269069758,-4.0809302117312238e-06,0.034268914066699165,0.028260314752227105,7.9474324577823601e-06,-0.31978146407934777,1.4644479902497802,0.00035839731921331441,-0.48438617133285755,1.3358921500780636,-0.00016078003316879379,-0.28469752895418304,1.48970891151885,0.0003543163890015832,-0.45011725726615837,1.3641524648302907,-0.00015283260071101144,0,0,0,0,0,0,0,0,0,0,0,0
control,0,264,1320,1325,2640000000,2640000000,0,-1,0.01,1,1,0,0,none,0,0,1,1,-0.08932688318431245,1.3340422238895067e-05,0.56569883177010871,0.99994446200922416,-1.1047520482421957e-05,-0.010539106937241296,-2.8121366879706586e-08,4.8264810272788638e-06,-3.6345249183894946e-06,7.6069445880685806e-07,6.2260153401715203e-06,8.4837809090283054e-06,1.0948075529601023e-06,-1.3296393512805811,2.2066999540382768,1.451177731468453e-05,-1.4295715896698595,2.2064504993652601,-2.5503304505143559e-05,-3.590642232025861e-05,-3.6218537748516348e-05,-6.2201944308307044e-06,-3.4683789014598462e-05,-4.0233198717458286e-05,-6.7044150383226554e-06,-0.28470139730439048,1.4897049913267746,0.00035435495536396755,-0.45012115125555152,1.3641484839840348,-0.00015279413687624175,0.28470139730439048,-1.4897049913267746,-0.00035435495536396755,0.45012115125555152,-1.3641484839840348,0.00015279413687624175,-1.3267204090965414,2.208800254273827,0,-1.4267204090965415,2.208800254273827,0,0.035081165841956218,0.025257930633225054,-4.0425234728638231e-06,0.034266192563338051,0.028257408700879293,7.9862121034592005e-06,-0.31978256314634668,1.4644470606935496,0.00035839747883683134,-0.48438734381888959,1.3358910752831554,-0.00016078034897970095,-0.28470139730439048,1.4897049913267746,0.00035435495536396755,-0.45012115125555152,1.3641484839840348,-0.00015279413687624175,0,0,0,0,0,0,0,0,0,0,0,0
control,0,265,1325,1330,2650000000,2650000000,0,-1,0.01,1,1,0,0,none,0,0,1,1,-0.089326812103692213,1.3303964597657845e-05,0.56569884298351314,0.99994446266828418,-1.1016239240408303e-05,-0.01053904443854807,-2.2946996937810443e-08,8.5765340173206511e-06,-3.6466605404244065e-06,1.3534036486767161e-06,6.2464026048130497e-06,1.508605530339692e-05,1.1020526665887443e-06,-1.3296396811955171,2.206699622273502,1.4449728697385764e-05,-1.4295719081634288,2.2064501292051655,-2.5570001884426877e-05,-3.0903662855417485e-05,-3.1046557712282824e-05,-6.5341561475098371e-06,-2.9821397671714807e-05,-3.4757023961346449e-05,-6.9905527491720553e-06,-0.28470589664171148,1.489700407762014,0.00035438940873983374,-0.45012564364339908,1.3641437757874355,-0.00015276009995785817,0.28470589664171148,-1.489700407762014,-0.00035438940873983374,0.45012564364339908,-1.3641437757874355,0.00015276009995785817,-1.3267204090965414,2.208800254273827,0,-1.4267204090965415,2.208800254273827,0,0.035077620681991398,0.025254153840467867,-4.0082108018402369e-06,0.034262720899155275,0.028253636359880038,8.0205282027866659e-06,-0.31978351732370286,1.4644462539215461,0.00035839761954167398,-0.48438836454255435,1.3358901394275555,-0.00016078062816064485,-0.28470589664171148,1.489700407762014,0.00035438940873983374,-0.45012564364339908,1.3641437757874355,-0.00015276009995785817,0,0,0,0,0,0,0,0,0,0,0,0
control,0,266,1330,1335,2660000000,2660000000,0,-1,0.01,1,1,0,0,none,0,0,1,1,-0.089326705568006745,1.3267671175199428e-05,0.56569885980098167,0.99994446365627088,-1.0985100654656087e-05,-0.010538950730471983,-1.7778316310873771e-08,1.1981618256519722e-05,-3.611610646678515e-06,1.8916135905386869e-06,6.1860002129110153e-06,2.1081148792105742e-05,1.0947556050348186e-06,-1.3296399608167695,2.2066993424666363,1.4385258861833114e-05,-1.4295721777695976,2.2064498141713669,-2.5638812420691092e-05,-2.5847826244207701e-05,-2.5830475688518559e-05,-6.7486573463273981e-06,-2.4910267725324603e-05,-2.9211809595685988e-05,-7.172166989984692e-06,-0.28471093197265629,1.4896952592243908,0.0003544195960464447,-0.45013064141505227,1.3641384438617479,-0.00015273061760293733,0.28471093197265629,-1.4896952592243908,-0.0003544195960464447,0.45013064141505227,-1.3641384438617479,0.00015273061760293733,-1.3267204090965414,2.208800254273827,0,-1.4267204090965415,2.208800254273827,0,0.03507339238210308,0.025249687399820347,-3.9781447912335647e-06,0.034258589478260375,0.02824909894391479,8.0502520757065633e-06,-0.31978432435475934,1.4644455718245706,0.00035839774083767825,-0.48438923089331265,1.3358893449178331,-0.00016078086967864389,-0.28471093197265629,1.4896952592243908,0.0003544195960464447,-0.45013064141505227,1.3641384438617479,-0.00015273061760293733,0,0,0,0,0,0,0,0,0,0,0,0
control,0,267,1335,1340,2670000000,2670000000,0,-1,0.01,1,1,0,0,none,0,0,1,1,-0.089326567147170244,1.3231995190314974e-05,0.56569888165849225,0.9999444649400604,-1.0954493418690631e-05,-0.010538828954588766,-1.2681251132872047e-08,1.5022643163771777e-05,-3.532536541525262e-06,2.3723046037362381e-06,6.0502246332115854e-06,2.6435438130968178e-05,1.0738534884179229e-06,-1.3296401899869021,2.2066991146709514,1.4319305616067832e-05,-1.4295723983649244,2.2064495545372753,-2.5708752757824436e-05,-2.0803542361880007e-05,-2.063650100431086e-05,-6.8674997827760441e-06,-2.001311318940074e-05,-2.3669057666769421e-05,-7.253861699108982e-06,-0.28471640791439262,1.4896896446456211,0.00035444542580593944,-0.45013605140806318,1.3641325927190091,-0.00015270575411129679,0.28471640791439262,-1.4896896446456211,-0.00035444542580593944,0.45013605140806318,-1.3641325927190091,0.00015270575411129679,-1.3267204090965414,2.208800254273827,0,-1.4267204090965415,2.208800254273827,0,0.035068575997871373,0.025244629986013817,-3.952416695681547e-06,0.034253890890379217,0.028243900425120129,8.07531891230278e-06,-0.31978498391226401,1.4644450146596073,0.00035839784250162098,-0.4843899422984424,1.3358886922938891,-0.00016078107302359957,-0.28471640791439262,1.4896896446456211,0.00035444542580593944,-0.45013605140806318,1.3641325927190091,-0.00015270575411129679,0,0,0,0,0,0,0,0,0,0,0,0
control,0,268,1340,1345,2680000000,2680000000,0,-1,0.01,1,1,0,0,none,0,0,1,1,-0.089326400568030345,1.3197355921660567e-05,0.56569890796719524,0.9999444664850724,-1.0924777100707175e-05,-0.010538682390680303,-7.7169828276760224e-09,1.7686157034390929e-05,-3.4129782846029974e-06,2.7933483054622612e-06,5.8451405090699137e-06,3.1125226803267991e-05,1.0404031403130871e-06,-1.3296403691695142,2.2066989383044082,1.4252764379111713e-05,-1.4295725704284659,2.2064493498886772,-2.5778889883607476e-05,-1.5831152204498643e-05,-1.5526311895625338e-05,-6.8954008473297578e-06,-1.5188442567895023e-05,-1.8195651192034257e-05,-7.2411498452652546e-06,-0.28472222987434798,1.4896836622526106,0.00035446686529139713,-0.45014178145205624,1.3641263264409624,-0.00015268551372350493,0.28472222987434798,-1.4896836622526106,-0.00035446686529139713,0.45014178145205624,-1.3641263264409624,0.00015268551372350493,-1.3267204090965414,2.208800254273827,0,-1.4267204090965415,2.208800254273827,0,0.035063267603980271,0.025239081100868557,-3.9310592713670267e-06,0.034248718646943933,0.02823814609858484,8.0957244573455059e-06,-0.31978549747832824,1.4644445811517421,0.00035839792456276418,-0.4843905000990002,1.3358881803423777,-0.00016078123818085043,-0.28472222987434798,1.4896836622526106,0.00035446686529139713,-0.45014178145205624,1.3641263264409624,-0.00015268551372350493,0,0,0,0,0,0,0,0,0,0,0,0
control,0,269,1345,1350,2690000000,2690000000,0,-1,0.01,1,1,0,0,none,0,0,1,1,-0.089326209659118055,1.3164135321099334e-05,0.56569893812214678,0.99994446825578354,-1.0896279240484919e-05,-0.010538514408105546,-2.9414405454398082e-09,1.9964147589909963e-05,-3.2567878090484524e-06,3.1534761462207521e-06,5.57734613801694e-06,3.5136394100498136e-05,9.9556062530686039e-07,-1.3296404994037565,2.2066988121976276,1.418648004804526e-05,-1.4295726949971896,2.2064491991728796,-2.5848349143929534e-05,-1.0986252339958495e-05,-1.055659801475912e-05,-6.8378773637256425e-06,-1.0490119346514108e-05,-1.2853342039309135e-05,-7.1403286221365552e-06,-0.28472830514506409,1.489677408419523,0.00035448393714003794,-0.45014774142377645,1.3641197474485003,-0.00015266984442520424,0.28472830514506409,-1.489677408419523,-0.00035448393714003794,0.45014774142377645,-1.3641197474485003,0.00015266984442520424,-1.3267204090965414,2.208800254273827,0,-1.4267204090965415,2.208800254273827,0,0.035057563065090815,0.025233139811414142,-3.9140501462272951e-06,0.034243165986797233,0.028231941224427192,8.1115211742856882e-06,-0.31978586821015492,1.4644442686081089,0.00035839798728626521,-0.48439090741057367,1.3358878062240731,-0.00016078136559948992,-0.28472830514506409,1.489677408419523,0.00035448393714003794,-0.45014774142377645,1.3641197474485003,-0.00015266984442520424,0,0,0,0,0,0,0,0,0,0,0,0
control,0,270,1350,1355,2700000000,2700000000,0,-1,0.01,1,1,0,0,none,0,0,1,1,-0.089325998297715592,1.3132675297279625e-05,0.56569897151067638,0.99994447021621524,-1.0869293021146137e-05,-0.010538328419211549,1.5951097146381488e-09,2.1853789449631411e-05,-3.0680619242850434e-06,3.4522394133976289e-06,5.2538587587426009e-06,3.8463950731786938e-05,9.4056069796678698e-07,-1.3296405822548008,2.2066987346459115,1.412124000144315e-05,-1.4295727736174908,2.2064491007524185,-2.5916321038553903e-05,-6.319326987081335e-06,-5.77869199026245e-06,-6.7011272514071365e-06,-5.9670080876895204e-06,-7.6983327756813953e-06,-6.9583530890341487e-06,-0.2847345439044916,1.4896709766146852,0.00035449671551693172,-0.45015384420796689,1.3641129553688065,-0.00015265864219108919,0.2847345439044916,-1.4896709766146852,-0.00035449671551693172,0.45015384420796689,-1.3641129553688065,0.00015265864219108919,-1.3267204090965414,2.208800254273827,0,-1.4267204090965415,2.208800254273827,0,0.035051556889592467,0.025226903572971315,-3.901315637862588e-06,0.03423732476352289,0.028225389756065124,8.1228139660178779e-06,-0.31978610079408409,1.4644440730417139,0.0003583980311547943,-0.48439116897148976,1.3358875656127414,-0.00016078145615710707,-0.2847345439044916,1.4896709766146852,0.00035449671551693172,-0.45015384420796689,1.3641129553688065,-0.00015265864219108919,0,0,0,0,0,0,0,0,0,0,0,0
control,0,271,1355,1360,2710000000,2710000000,0,-1,0.01,1,1,0,0,none,0,0,1,1,-0.089325770359738196,1.3103275665401564e-05,0.56569900752030922,0.9999444723304064,-1.0844075512280022e-05,-0.010538127835218432,5.8483796877157185e-09,2.3357144954205625e-05,-2.8510760620263956e-06,3.6899620249299093e-06,4.8820011116835923e-06,4.1111512324774726e-05,8.7669645468761866e-07,-1.3296406197611195,2.2066987034644225,1.4057768250994718e-05,-1.4295728082936461,2.2064490524623976,-2.5982066794558941e-05,-1.8754641077811122e-06,-1.2382913376267829e-06,-6.4919104397526056e-06,-1.662702412322125e-06,-2.780953963532761e-06,-6.7027100344590969e-06,-0.28474086011937649,1.4896644564528609,0.0003545053218953825,-0.45016000656224298,1.364106046011202,-0.00015265175558151184,0.28474086011937649,-1.4896644564528609,-0.0003545053218953825,0.45016000656224298,-1.364106046011202,0.00015265175558151184,-1.3267204090965414,2.208800254273827,0,-1.4267204090965415,2.208800254273827,0,0.035045341171098129,0.025220467149859718,-3.8927349533107841e-06,0.034231284418873208,0.028218593168097349,8.1297555400906365e-06,-0.31978620129047464,1.4644439893030012,0.00035839805684869329,-0.48439129098111616,1.3358874528431046,-0.00016078151112160248,-0.28474086011937649,1.4896644564528609,0.0003545053218953825,-0.45016000656224298,1.364106046011202,-0.00015265175558151184,0,0,0,0,0,0,0,0,0,0,0,0
control,0,272,1360,1365,2720000000,2720000000,0,-1,0.01,1,1,0,0,none,0,0,1,1,-0.089325529672851595,1.3076192750884757e-05,0.56569904554617634,0.99994447456284308,-1.0820846473874269e-05,-0.010537916024953556,9.7802786856710134e-09,2.4480825002019858e-05,-2.6102195661488487e-06,3.8676869143817535e-06,4.4692906491285821e-06,4.3090702488150688e-05,8.0529940396767722e-07,-1.3296406143794157,2.2066987160456377,1.3996720739093283e-05,-1.429572801434027,2.20644905167052,-2.6044922727543618e-05,2.3058437271294299e-06,3.0247343989140973e-06,-6.2174306252720327e-06,2.384664326436879e-06,1.8545679562623185e-06,-6.3812933013845584e-06,-0.28474717234299102,1.4896579328537327,0.0003545099205345508,-0.45016614987751802,1.3640991104532667,-0.00015264899062740071,0.28474717234299102,-1.4896579328537327,-0.0003545099205345508,0.45016614987751802,-1.3640991104532667,0.00015264899062740071,-1.3267204090965414,2.208800254273827,0,-1.4267204090965415,2.208800254273827,0,0.03503900462890077,0.025213921636672739,-3.8881446904643826e-06,0.034225131053335932,0.028211649387749751,8.1325414833323133e-06,-0.31978617697189177,1.46444401121706,0.00035839806522501517,-0.48439128093085393,1.3358874610655169,-0.00016078153211073303,-0.28474717234299102,1.4896579328537327,0.0003545099205345508,-0.45016614987751802,1.3640991104532667,-0.00015264899062740071,0,0,0,0,0,0,0,0,0,0,0,0
control,0,273,1365,1370,2730000000,2730000000,0,-1,0.01,1,1,0,0,none,0,0,1,1,-0.08932527997318912,1.3051638627042154e-05,0.56569908499785748,0.99994447687886334,-1.0799787703977769e-05,-0.010537696276751916,1.3359041386996887e-08,2.5235616568542053e-05,-2.3499332596566312e-06,3.9871171198639027e-06,4.0233326450406659e-06,4.4420497223755738e-05,7.2772021296761982e-07,-1.3296405689280291,2.2066987694182494,1.3938681764481866e-05,-1.4295727557958746,2.2064490953389218,-2.6104303415953542e-05,6.1908181684645619e-06,6.9764531650996842e-06,-5.8852194114844175e-06,6.1425301452122762e-06,6.1702539337521573e-06,-6.0022823747018997e-06,-0.28475340440639629,1.489651485311636,0.00035451071373699533,-0.45017220083356635,1.3640922342430057,-0.0001526501159064987,0.28475340440639629,-1.489651485311636,-0.00035451071373699533,0.45017220083356635,-1.3640922342430057,0.0001526501159064987,-1.3267204090965414,2.208800254273827,0,-1.4267204090965415,2.208800254273827,0,0.035032631750598911,0.025207353587183498,-3.8873435587703382e-06,0.034218946596779348,0.028204651837962117,8.1314051435211577e-06,-0.31978603615699519,1.4644441317244525,0.00035839805729576569,-0.48439114743034573,1.3358875824050436,-0.00016078152105001987,-0.28475340440639629,1.489651485311636,0.00035451071373699533,-0.45017220083356635,1.3640922342430057,-0.0001526501159064987,0,0,0,0,0,0,0,0,0,0,0,0
control,0,274,1370,1375,2740000000,2740000000,0,-1,0.01,1,1,0,0,none,0,0,1,1,-0.089325024865959488,1.3029780959947669e-05,0.56569912530560751,0.99994447924502128,-1.0781042907091109e-05,-0.010537471763781054,1.6559267313902223e-08,2.5636083556255922e-05,-2.0746499522788669e-06,4.0505526986292133e-06,3.5517183421675025e-06,4.5126522360297725e-05,6.4531032766173895e-07,-1.3296404865295934,2.2066988603066902,1.3884161507143635e-05,-1.429572674429396,2.206449180086941,-2.6159703726354752e-05,9.7514374892960468e-06,1.0588900283532197e-05,-5.5030237755581693e-06,9.5839411620202609e-06,1.0134430437653319e-05,-5.5740251914375348e-06,-0.28475948600202589,1.4896451872789356,0.00035450793694230017,-0.45017809194879654,1.3640854967197091,-0.00015265486775215779,0.28475948600202589,-1.4896451872789356,-0.00035450793694230017,0.45017809194879654,-1.3640854967197091,0.00015265486775215779,-1.3267204090965414,2.208800254273827,0,-1.4267204090965415,2.208800254273827,0,0.035026302040390103,0.025200844255216567,-3.8900972633651823e-06,0.034212808082510142,0.028197688596975037,8.1266123774783023e-06,-0.31978578804241597,1.4644443430237191,0.00035839803420566532,-0.48439090003130669,1.3358878081227341,-0.00016078148012963609,-0.28475948600202589,1.4896451872789356,0.00035450793694230017,-0.45017809194879654,1.3640854967197091,-0.00015265486775215779,0,0,0,0,0,0,0,0,0,0,0,0
control,0,275,1375,1380,2750000000,2750000000,0,-1,0.01,1,1,0,0,none,0,0,1,1,-0.089324767790173759,1.3010743427505374e-05,0.56569916592593261,0.9999444816294154,-1.0764718054976299e-05,-0.010537245512990377,1.9361876604301884e-08,2.5700147533254986e-05,-1.7887384757269224e-06,4.0608244547226954e-06,3.0619291419459766e-06,4.5240315572086705e-05,5.5940464489194243e-07,-1.3296403705536917,2.2066989851905232,1.3833594612094949e-05,-1.4295725606219021,2.2064493022540068,-2.6210699738370421e-05,1.2965406323309777e-05,1.3840034122611818e-05,-5.0786981981742226e-06,1.2687517704132827e-05,1.3721707803619936e-05,-5.1049264206718459e-06,-0.28476535315847629,1.4896391056621834,0.00035450185373601126,-0.45018376202349164,1.36407897045314,-0.00015266295551831396,0.28476535315847629,-1.4896391056621834,-0.00035450185373601126,0.45018376202349164,-1.36407897045314,0.00015266295551831396,-1.3267204090965414,2.208800254273827,0,-1.4267204090965415,2.208800254273827,0,0.035020089376317828,0.025194468948461318,-3.8961434737197733e-06,0.034206787027770497,0.028190841676136523,8.1184562425447182e-06,-0.31978544253479413,1.464444636713722,0.00035839799720973101,-0.48439054905126216,1.3358881287770035,-0.00016078141176085868,-0.28476535315847629,1.4896391056621834,0.00035450185373601126,-0.45018376202349164,1.36407897045314,-0.00015266295551831396,0,0,0,0,0,0,0,0,0,0,0,0
control,0,276,1380,1385,2760000000,2760000000,0,-1,0.01,1,1,0,0,none,0,0,1,1,-0.089324511987652969,1.2994606674327299e-05,0.56569920634648863,0.99994448400197522,-1.0750882206950178e-05,-0.010537020377828317,2.1753987509557538e-08,2.5448654733342833e-05,-1.4964517551211302e-06,4.0212254917324666e-06,2.5612477062595281e-06,4.4798564190329608e-05,4.7130540479567655e-07,-1.3296402245602008,2.2066991403629883,1.3787339780758448e-05,-1.4295724178426636,2.2064494579618712,-2.6256948628600528e-05,1.5816058020584132e-05,1.6713622637295123e-05,-4.6201024660514982e-06,1.5437354944518758e-05,1.6912883983350241e-05,-4.6033422230019778e-06,-0.28477094860811308,1.4896333004302247,0.00035449275084003618,-0.45018915647828966,1.3640727208006407,-0.00015267406683291317,0.28477094860811308,-1.4896333004302247,-0.00035449275084003618,0.45018915647828966,-1.3640727208006407,0.00015267406683291317,-1.3267204090965414,2.208800254273827,0,-1.4267204090965415,2.208800254273827,0,0.035014061476881693,0.025188296496108098,-3.9051968109249595e-06,0.034200948921048725,0.028184186417494369,8.1072516997302573e-06,-0.31978501008499477,1.4644450039341166,0.00035839794765096111,-0.48439010539933841,1.3358885343831464,-0.00016078131853264344,-0.28477094860811308,1.4896333004302247,0.00035449275084003618,-0.45018915647828966,1.3640727208006407,-0.00015267406683291317,0,0,0,0,0,0,0,0,0,0,0,0
control,0,277,1385,1390,2770000000,2770000000,0,-1,0.01,1,1,0,0,none,0,0,1,1,-0.089324260476417949,1.2981409759421298e-05,0.56569924609028799,0.99994448633470845,-1.0739568752776461e-05,-0.010536799014815747,2.372872172845754e-08,2.4904935446595541e-05,-1.201879344917121e-06,3.9354415682497659e-06,2.0566767048284723e-06,4.3842329610381454e-05,3.8226743431555435e-07,-1.3296400522439711,2.2066993219880358,1.3745680310101161e-05,-1.429572249689109,2.2064496431754836,-2.629818758184688e-05,1.8292195165256118e-05,1.9199066559435816e-05,-4.1350059566195218e-06,1.7822863550429677e-05,1.9694779612809224e-05,-4.0774823668414909e-06,-0.28477622204998365,1.48962782433201,0.00035448093314318854,-0.45019422759060362,1.364066805579883,-0.0001526878727759427,0.28477622204998365,-1.48962782433201,-0.00035448093314318854,0.45019422759060362,-1.364066805579883,0.0001526878727759427,-1.3267204090965414,2.208800254273827,0,-1.4267204090965415,2.208800254273827,0,0.03500827947640793,0.025182388829655532,-3.9169537951993714e-06,0.034195352815484227,0.028177791010700816,8.0933303928961391e-06,-0.3197845015263916,1.4644454355023544,0.0003583978869383879,-0.48438958040608787,1.3358890145691822,-0.00016078120316883883,-0.28477622204998365,1.48962782433201,0.00035448093314318854,-0.45019422759060362,1.364066805579883,-0.0001526878727759427,0,0,0,0,0,0,0,0,0,0,0,0
control,0,278,1390,1395,2780000000,2780000000,0,-1,0.01,1,1,0,0,none,0,0,1,1,-0.089324016028501499,1.2971152049901497e-05,0.5656992847192065,0.99994448860190621,-1.0730777038023918e-05,-0.010536583864011594,2.5284944259200979e-08,2.4094361627783501e-05,-9.089047753911135e-07,3.8074811878618793e-06,1.5548658001830618e-06,4.2416268533833626e-05,2.93484852839411e-07,-1.3296398573814197,2.2066995261552669,1.3708825511881776e-05,-1.4295720598349295,2.2064498537618524,-2.6334231805095727e-05,2.0387874148282903e-05,2.129116545897345e-05,-3.6309992060243631e-06,1.9838556137362089e-05,2.206001075844833e-05,-3.535320364501297e-06,-0.28478113031157881,1.4896227227203263,0.00035446671883247667,-0.45019893463269328,1.3640612748539271,-0.00015270403292676294,0.28478113031157881,-1.4896227227203263,-0.00035446671883247667,0.45019893463269328,-1.3640612748539271,0.00015270403292676294,-1.3267204090965414,2.208800254273827,0,-1.4267204090965415,2.208800254273827,0,0.035002797607316255,0.025176800674532769,-3.9310976932633141e-06,0.034190051026449966,0.028171716127556909,8.0770355597537812e-06,-0.31978392791889504,1.4644459220457935,0.00035839781652573997,-0.48438898565914323,1.3358895587263702,-0.00016078106848651673,-0.28478113031157881,1.4896227227203263,0.00035446671883247667,-0.45019893463269328,1.3640612748539271,-0.00015270403292676294,0,0,0,0,0,0,0,0,0,0,0,0
control,0,279,1395,1400,2790000000,2790000000,0,-1,0.01,1,1,0,0,none,0,0,1,1,-0.08932378115216752,1.2963795510954493e-05,0.56569932183679505,0.99994449078030812,-1.0724474329202783e-05,-0.010536377133357221,2.642694489171029e-08,2.3043908203110579e-05,-6.2116797548852377e-07,3.6416062514730568e-06,1.0620473252779873e-06,4.0567860718167671e-05,2.060793243237075e-07,-1.3296396437795661,2.2066997489322357,1.3676912938229563e-05,-1.4295718519805973,2.2064500855463129,-2.6364971725771792e-05,2.2102139780903442e-05,2.2989833437854714e-05,-3.1154133288787009e-06,2.1483785367083512e-05,2.4006706370663323e-05,-2.9845122457292439e-06,-0.28478563741363971,1.4896180334765581,0.00035445043467590884,-0.4502032439157001,1.364056170823539,-0.00015272220022583398,0.28478563741363971,-1.4896180334765581,-0.00035445043467590884,0.4502032439157001,-1.364056170823539,0.00015272220022583398,-1.3267204090965414,2.208800254273827,0,-1.4267204090965415,2.208800254273827,0,0.034997662986624864,0.025171579348937979,-3.9473032150249331e-06,0.034185088930619098,0.028166014670612423,8.0587171300179983e-06,-0.31978330040026459,1.4644464541276201,0.00035839773789093378,-0.48438833284631921,1.3358901561529266,-0.00016078091735585197,-0.28478563741363971,1.4896180334765581,0.00035445043467590884,-0.4502032439157001,1.364056170823539,-0.00015272220022583398,0,0,0,0,0,0,0,0,0,0,0,0
control,0,280,1400,1405,2800000000,2800000000,0,-1,0.01,1,1,0,0,none,0,0,1,1,-0.089323558078469728,1.2959267340121102e-05,0.56569935709040409,0.99994449284922626,-1.072059807413006e-05,-0.010536180786839992,2.7164068802798051e-08,2.1781723147379316e-05,-3.4203295741416711e-07,3.4422641220907356e-06,5.8398097050556214e-07,3.8346652139785656e-05,1.2108991834701826e-07,-1.3296394152279698,2.2066999864136521,1.3650011334471088e-05,-1.4295716298067465,2.2064503343656878,-2.6390369460670269e-05,2.3438716752149343e-05,2.4299770743989741e-05,-2.595247784510103e-06,2.2762440390411933e-05,2.5538176978304348e-05,-2.4323243957938521e-06,-0.28478971454402285,1.4896137870314285,0.00035443241150547532,-0.45020712874572172,1.3640515278218226,-0.00015274202560394814,0.28478971454402285,-1.4896137870314285,-0.00035443241150547532,0.45020712874572172,-1.3640515278218226,0.00015274202560394814,-1.3267204090965414,2.208800254273827,0,-1.4267204090965415,2.208800254273827,0,0.034992915502012216,0.025166764665983058,-3.9652410111158211e-06,0.034180504861873635,0.028160731632202382,8.0387270579907727e-06,-0.31978263004603508,1.4644470223654455,0.00035839765251659115,-0.48438763360759535,1.3358907961896203,-0.00016078075266193892,-0.28478971454402285,1.4896137870314285,0.00035443241150547532,-0.45020712874572172,1.3640515278218226,-0.00015274202560394814,0,0,0,0,0,0,0,0,0,0,0,0
control,0,281,1405,1410,2810000000,2810000000,0,-1,0.01,1,1,0,0,none,0,0,1,1,-0.089323348752033335,1.2957462892565829e-05,0.56569939017264093,0.99994449479062997,-1.0719058411784831e-05,-0.010535996536373955,2.7510303932262375e-08,2.033671098236692e-05,-7.4560871026131969e-08,3.2140218003285602e-06,1.2590766532658882e-07,3.5803521780755365e-05,3.9464613570533754e-08,-1.3296391754539616,2.2067002347670872,1.3628124236631197e-05,-1.4295713969307917,2.2064505961178993,-2.6410454644950711e-05,2.4405664076093958e-05,2.5230098517692248e-05,-2.0771068150620463e-06,2.3682607624681339e-05,2.6662542147971e-05,-1.8855707167218392e-06,-0.28479333994627171,1.489610006474726,0.00035441297994151505,-0.45021056929761416,1.3640473724040609,-0.00015276316233955856,0.28479333994627171,-1.489610006474726,-0.00035441297994151505,0.45021056929761416,-1.3640473724040609,0.00015276316233955856,-1.3267204090965414,2.208800254273827,0,-1.4267204090965415,2.208800254273827,0,0.03498858779292785,0.025162388933100698,-3.9845819302362564e-06,0.034176330099565333,0.028155904057910346,8.0174149293213041e-06,-0.31978192773919956,1.4644476175416252,0.00035839756187175132,-0.48438689939717949,1.3358914683461507,-0.00016078057726887985,-0.28479333994627171,1.489610006474726,0.00035441297994151505,-0.45021056929761416,1.3640473724040609,-0.00015276316233955856,0,0,0,0,0,0,0,0,0,0,0,0
control,0,282,1410,1415,2820000000,2820000000,0,-1,0.01,1,1,0,0,none,0,0,1,1,-0.089323154825900253,1.2958248843375405e-05,0.56569942082218572,0.99994449658919315,-1.071974088537403e-05,-0.010535825837257004,2.7483832919113955e-08,1.8738133880583949e-05,1.7851153842708441e-07,2.9615028761260921e-06,-3.0748728839249767e-07,3.2989979388372599e-05,-3.7946542137700295e-08,-1.3296389280815057,2.206700490274851,1.3611194128358549e-05,-1.4295711568671094,2.2064508668076526,-2.6425319712742766e-05,2.5014999235205024e-05,2.579396332755587e-05,-1.5671447795395862e-06,2.4256202425355947e-05,2.7392323699656711e-05,-1.3505593089553873e-06,-0.28479649872988794,1.4896067077471997,0.00035439246639539326,-0.45021355241352401,1.3640437235258875,-0.00015278527010716819,0.28479649872988794,-1.4896067077471997,-0.00035439246639539326,0.45021355241352401,-1.3640437235258875,0.00015278527010716819,-1.3267204090965414,2.208800254273827,0,-1.4267204090965415,2.208800254273827,0,0.034984705320718956,0.025158477042719878,-4.0050009995305845e-06,0.034172588943177123,0.028151561108543471,7.9951238792705997e-06,-0.31978120405060689,1.4644482307044799,0.00035839746739492386,-0.48438614135670116,1.3358921624173441,-0.00016078039398643879,-0.28479649872988794,1.4896067077471997,0.00035439246639539326,-0.45021355241352401,1.3640437235258875,-0.00015278527010716819,0,0,0,0,0,0,0,0,0,0,0,0
control,0,283,1415,1420,2830000000,2830000000,0,-1,0.01,1,1,0,0,none,0,0,1,1,-0.089322977660239541,1.2961466533018625e-05,0.56569944882399581,0.99994449823230702,-1.0722509312408137e-05,-0.010535669887029815,2.7106557381430345e-08,1.7015234070458368e-05,4.1478810619979668e-07,2.6893278798609271e-06,-7.1210189500966086e-07,2.9957500724602614e-05,-1.1039662227054211e-07,-1.3296386765939505,2.2067007493717776,1.3599107070888242e-05,-1.4295709129910295,2.2064511425879032,-2.6435114721784535e-05,2.5282298728045707e-05,2.600811801895008e-05,-1.0710204488321555e-06,2.4498578210422174e-05,2.7744011595802983e-05,-8.3304871145260167e-07,-0.28479918261001158,1.4896038999073502,0.00035437118937977621,-0.45021607133379249,1.3640405928021309,-0.00015280801868738556,0.28479918261001158,-1.4896038999073502,-0.00035437118937977621,0.45021607133379249,-1.3640405928021309,0.00015280801868738556,-1.3267204090965414,2.208800254273827,0,-1.4267204090965415,2.208800254273827,0,0.034981286520816994,0.025155046647563822,-4.0261810988248647e-06,0.034169298866539556,0.028147724213691619,7.9721868521079889e-06,-0.31978046913082858,1.4644488532597864,0.00035839737047860108,-0.48438537020033207,1.3358928685884393,-0.00016078020553949354,-0.28479918261001158,1.4896038999073502,0.00035437118937977621,-0.45021607133379249,1.3640405928021309,-0.00015280801868738556,0,0,0,0,0,0,0,0,0,0,0,0
control,0,284,1420,1425,2840000000,2840000000,0,-1,0.01,1,1,0,0,none,0,0,1,1,-0.089322818324688968,1.2966935442873623e-05,0.5656994740089365,0.99994449971005572,-1.0727208766250966e-05,-0.010535529627531631,2.6403602226267582e-08,1.519688075992093e-05,6.3222416099373919e-07,2.4020584758552713e-06,-1.0844361321744138e-06,2.6756905966123308e-05,-1.7724539741386224e-07,-1.3296384243008763,2.2067010086787238,1.3591697719375566e-05,-1.4295706685068328,2.2064514197968634,-2.6440041813813189e-05,2.5226280825638784e-05,2.5892486064583018e-05,-5.9386027736008466e-07,2.4428118693553206e-05,2.7737610023812448e-05,-3.3821355746004228e-07,-0.28480138958330348,1.4896015854641829,0.00035434945615338005,-0.45021812536702205,1.3640379848373942,-0.00015283109131846581,0.28480138958330348,-1.4896015854641829,-0.00035434945615338005,0.45021812536702205,-1.3640379848373942,0.00015283109131846581,-1.3267204090965414,2.208800254273827,0,-1.4267204090965415,2.208800254273827,0,0.034978343030780082,0.025152108412141719,-4.0478163019446647e-06,0.034166470745454876,0.028144407308526836,7.9489232220169584e-06,-0.31977973261408354,1.4644494770520411,0.00035839727245532473,-0.48438459611247692,1.3358935775288674,-0.00016078001454048277,-0.28480138958330348,1.4896015854641829,0.00035434945615338005,-0.45021812536702205,1.3640379848373942,-0.00015283109131846581,0,0,0,0,0,0,0,0,0,0,0,0
control,0,285,1425,1430,2850000000,2850000000,0,-1,0.01,1,1,0,0,none,0,0,1,1,-0.08932267760406809,1.2974456749127389e-05,0.5656994962528793,0.99994450101516752,-1.0733668624807104e-05,-0.010535405749922603,2.5402807479432745e-08,1.3311244264731666e-05,8.2913233878656678e-07,2.1041460220091388e-06,-1.4216018882954065e-06,2.3437785989152001e-05,-2.379613354701734e-07,-1.3296381743091725,2.2067012650316502,1.3588754639879211e-05,-1.4295704264198834,2.2064516949903967,-2.6440349401247421e-05,2.486837757830812e-05,2.5469714888960935e-05,-1.4023047286759843e-07,2.4065820089751097e-05,2.7396169620746688e-05,1.2938044411701213e-07,-0.28480312354938359,1.4895997607689724,0.00035432755971705519,-0.4502197195084861,1.3640358976208795,-0.0001528541876668152,0.28480312354938359,-1.4895997607689724,-0.00035432755971705519,0.4502197195084861,-1.3640358976208795,0.0001528541876668152,-1.3267204090965414,2.208800254273827,0,-1.4267204090965415,2.208800254273827,0,0.034975879985205689,0.025149666333787849,-4.0696148683203835e-06,0.034164109149968071,0.028141617146731898,7.9256357981683754e-06,-0.31977900353458927,1.4644500944351846,0.00035839717458537555,-0.4843838286584542,1.3358942804741476,-0.00016077982346498357,-0.28480312354938359,1.4895997607689724,0.00035432755971705519,-0.4502197195084861,1.3640358976208795,-0.0001528541876668152,0,0,0,0,0,0,0,0,0,0,0,0
control,0,286,1430,1435,2860000000,2860000000,0,-1,0.01,1,1,0,0,none,0,0,1,1,-0.089322556007173759,1.2983816905332051e-05,0.56569951547531305,0.99994450214292685,-1.07417056437084e-05,-0.010535298702420936,2.4134214846403875e-08,1.1385499570877621e-05,1.0041835171380847e-06,1.7998846543348725e-06,-1.7213245445530422e-06,2.0047980451112821e-05,-2.9212210469883824e-07,-1.329637929498428,2.206701515506214,1.3590025842894172e-05,-1.4295701895129702,2.2064519649697014,-2.6436326167995525e-05,2.4232300466934036e-05,2.4764725878899196e-05,2.8588226564222205e-07,2.3434867520855902e-05,2.6745313875016143e-05,5.6579260368655578e-07,-0.28480439388364165,1.4895984164551272,0.00035430577617998082,-0.45022086401255851,1.3640343229743495,-0.000152877026410304,0.28480439388364165,-1.4895984164551272,-0.00035430577617998082,0.45022086401255851,-1.3640343229743495,0.000152877026410304,-1.3267204090965414,2.208800254273827,0,-1.4267204090965415,2.208800254273827,0,0.034973896371937971,0.025147718122537861,-4.0913018661503626e-06,0.034162212695863038,0.028139353678694214,7.9026082202143291e-06,-0.31977829025557963,1.4644506983325893,0.00035839707804613118,-0.48438307670842157,1.3358949692956552,-0.00016077963463051833,-0.28480439388364165,1.4895984164551272,0.00035430577617998082,-0.45022086401255851,1.3640343229743495,-0.000152877026410304,0,0,0,0,0,0,0,0,0,0,0,0
control,0,287,1435,1440,2870000000,2870000000,0,-1,0.01,1,1,0,0,none,0,0,1,1,-0.089322453778356778,1.2994791206401174e-05,0.5656995316375153,0.9999445030910713,-1.0751127013508742e-05,-0.01053520870048676,2.2629555891148036e-08,9.4455609962845728e-06,1.1564031392835105e-06,1.4933693974845526e-06,-1.9819366655878506e-06,1.663311063051947e-05,-3.3941364184411065e-07,-1.3296376925006534,2.2067017574378696,1.3595224452191501e-05,-1.4295699603268714,2.2064522268042523,-2.6428294969341604e-05,2.334360749952977e-05,2.3804264570645734e-05,6.8108178861208658e-07,2.2560213330393926e-05,2.5812763659291073e-05,9.6771464650049869e-07,-0.28480521497291805,1.4895975379209225,0.00035428436249802532,-0.45022157393064444,1.3640332470476169,-0.00015289934742015917,0.28480521497291805,-1.4895975379209225,-0.00035428436249802532,0.45022157393064444,-1.3640332470476169,0.00015289934742015917,-1.3267204090965414,2.208800254273827,0,-1.4267204090965415,2.208800254273827,0,0.034972385438094875,0.025146255634633068,-4.1126214250880545e-06,0.034160774443963537,0.028137610489406644,7.8801027584774566e-06,-0.31977760041101294,1.4644512822862894,0.00035839698392311337,-0.48438234837460797,1.3358956365582102,-0.00016077945017863664,-0.28480521497291805,1.4895975379209225,0.00035428436249802532,-0.45022157393064444,1.3640332470476169,-0.00015289934742015917,0,0,0,0,0,0,0,0,0,0,0,0
control,0,288,1440,1445,2880000000,2880000000,0,-1,0.01,1,1,0,0,none,0,0,1,1,-0.089322370911558202,1.3007147289777696e-05,0.56569954474033546,0.99994450385965994,-1.0761733362919837e-05,-0.010535135739172002,2.0921748266802778e-08,7.5158491902349695e-06,1.2851632391207837e-06,1.1884593518633161e-06,-2.2023643282145065e-06,1.3236169168861226e-05,-3.7962790043672105e-07,-1.329637465684302,2.2067019884375134,1.360403443216134e-05,-1.429569741145106,2.2064524778500214,-2.6416606710647785e-05,2.2229275071947482e-05,2.2616458227223518e-05,1.0425657181048834e-06,2.1468160402447555e-05,2.4627867538092064e-05,1.3324701408949706e-06,-0.28480560571935787,1.4895971058439585,0.00035426355458717198,-0.45022186861959795,1.3640326508499176,-0.00015292091355413297,0.28480560571935787,-1.4895971058439585,-0.00035426355458717198,0.45022186861959795,-1.3640326508499176,0.00015292091355413297,-1.3267204090965414,2.208800254273827,0,-1.4267204090965415,2.208800254273827,0,0.034971335140518513,0.025145265348421909,-4.133338615553646e-06,0.034159782342170611,0.028136375284359701,7.8583585061495869e-06,-0.3197769408598764,1.4644518404955367,0.00035839689320272562,-0.48438165096176855,1.3358962755655579,-0.00016077927206028256,-0.28480560571935787,1.4895971058439585,0.00035426355458717198,-0.45022186861959795,1.3640326508499176,-0.00015292091355413297,0,0,0,0,0,0,0,0,0,0,0,0
control,0,289,1445,1450,2890000000,2890000000,0,-1,0.01,1,1,0,0,none,0,0,1,1,-0.089322307166478085,1.3020648532851959e-05,0.56569955482164014,0.99994450445092276,-1.0773321672992815e-05,-0.010535079607347347,1.9044405962772517e-08,5.6190912087730527e-06,1.3901705164106744e-06,8.8874611007678802e-07,-2.3821066884471671e-06,9.897168046973967e-06,-4.126593727350096e-07,-1.3296372511425074,2.206702206402773,1.3616116300000576e-05,-1.4295695339827883,2.2064527157630702,-2.6401634280455083e-05,2.0917280273540152e-05,2.1230385010412428e-05,1.3681211612895422e-06,2.0185956054680079e-05,2.3221142436784674e-05,1.6580061811428196e-06,-0.28480558902164904,1.4895970967200307,0.00035424356581859561,-0.45022177122971674,1.3640325108094133,-0.00015294151204932907,0.28480558902164904,-1.4895970967200307,-0.00035424356581859561,0.45022177122971674,-1.3640325108094133,0.00015294151204932907,-1.3267204090965414,2.208800254273827,0,-1.4267204090965415,2.208800254273827,0,0.034970728631181495,0.025144728875131698,-4.1532409480646491e-06,0.034159219700879324,0.028135630415425855,7.8375899750793847e-06,-0.31977631765283054,1.4644523678448991,0.00035839680676666023,-0.48438099093059606,1.3358968803939875,-0.00016077910202440845,-0.28480558902164904,1.4895970967200307,0.00035424356581859561,-0.45022177122971674,1.3640325108094133,-0.00015294151204932907,0,0,0,0,0,0,0,0,0,0,0,0
control,0,290,1450,1455,2900000000,2900000000,0,-1,0.01,1,1,0,0,none,0,0,1,1,-0.089322262086543702,1.3035057309382481e-05,0.56569956195347604,0.99994450486909503,-1.0785688070302913e-05,-0.010535039903513255,1.7031369013246679e-08,3.7761539672581811e-06,1.4714508409736358e-06,5.975274208132315e-07,-2.5212094348764697e-06,6.652845310263713e-06,-4.3850050364071058e-07,-1.329637050685412,2.2067024095250867,1.3631112754132242e-05,-1.4295693405794581,2.2064529385086376,-2.6383766608144242e-05,1.9436197751429244e-05,1.9675659500120537e-05,1.6561135693998825e-06,1.8741400482800353e-05,2.1623829795351361e-05,1.9428781153040065e-06,-0.28480519124097553,1.4895974834178805,0.00035422458588322598,-0.45022130817944639,1.3640327993520003,-0.00015296095553309148,0.28480519124097553,-1.4895974834178805,-0.00035422458588322598,0.45022130817944639,-1.3640327993520003,0.00015296095553309148,-1.3267204090965414,2.208800254273827,0,-1.4267204090965415,2.208800254273827,0,0.034970544769820255,0.025144623495633508,-4.1721395047096666e-06,0.034159065694274265,0.028135353437580113,7.8179860766780713e-06,-0.31977573601079579,1.4644528599222471,0.00035839672538793567,-0.48438037387372063,1.3358974459144202,-0.00016077894160976955,-0.28480519124097553,1.4895974834178805,0.00035422458588322598,-0.45022130817944639,1.3640327993520003,-0.00015296095553309148,0,0,0,0,0,0,0,0,0,0,0,0
control,0,291,1455,1460,2910000000,2910000000,0,-1,0.01,1,1,0,0,none,0,0,1,1,-0.089322235018343285,1.3050138071607088e-05,0.56569956623899864,0.99994450512023625,-1.0798630470571391e-05,-0.010535016052901573,1.4916257561529261e-08,2.0059109350983012e-06,1.5293305881023782e-06,3.1778613479157626e-07,-2.6202328175652093e-06,3.5364303062369585e-06,-4.5723611638328816e-07,-1.3296368658364122,2.2067025962927578,1.3648654156218252e-05,-1.4295691623957159,2.2064531443659079,-2.6363402909958342e-05,1.7814815491285749e-05,1.7982038097300097e-05,1.9054693223912114e-06,1.7162473964231519e-05,1.9867471185028479e-05,2.186227868449701e-06,-0.2848044416597646,1.4895982357427326,0.00035420678001552063,-0.45022050862461221,1.3640334854917151,-0.00015297908266022581,0.2848044416597646,-1.4895982357427326,-0.00035420678001552063,0.45022050862461221,-1.3640334854917151,0.00015297908266022581,-1.3267204090965414,2.208800254273827,0,-1.4267204090965415,2.208800254273827,0,0.034970758655211855,0.02514492271568446,-4.1898697129850355e-06,0.034159295879145658,0.028135517688251503,7.7997094795650169e-06,-0.31977520031497647,1.4644533130270483,0.00035839664972850567,-0.48437980450375789,1.3358979678034637,-0.00016077879213979081,-0.2848044416597646,1.4895982357427326,0.00035420678001552063,-0.45022050862461221,1.3640334854917151,-0.00015297908266022581,0,0,0,0,0,0,0,0,0,0,0,0
control,0,292,1460,1465,2920000000,2920000000,0,-1,0.01,1,1,0,0,none,0,0,1,1,-0.089322225132196176,1.3065660228861905e-05,0.56569956780922348,0.99994450521203981,-1.0811951047696652e-05,-0.010535007325577649,1.273205455225792e-08,3.2514155936504823e-07,1.5644152246747955e-06,5.2174295200941758e-08,-2.6802149696365992e-06,5.7746654736885327e-07,-4.6903698522683467e-07,-1.3296366978321188,2.2067027654902009,1.3668363809756098e-05,-1.4295690006134594,2.2064533319286777,-2.6340947180885908e-05,1.6081772434327351e-05,1.6179048370254059e-05,2.1156526224001458e-06,1.5476985632505018e-05,1.7983507783794315e-05,2.3877565834260139e-06,-0.28480337193944277,1.4895993210004506,0.00035419028856432467,-0.45021940392822385,1.3640345354241106,-0.00015299575839527739,0.28480337193944277,-1.4895993210004506,-0.00035419028856432467,0.45021940392822385,-1.3640345354241106,0.00015299575839527739,-1.3267204090965414,2.208800254273827,0,-1.4267204090965415,2.208800254273827,0,0.034971342168276902,0.025145596830957021,-4.2062917740468357e-06,0.03415988272456548,0.028136092880116235,7.782896325094471e-06,-0.31977471410771968,1.4644537241694935,0.00035839658033837152,-0.48437928665278934,1.3358984425439944,-0.00016077865472037187,-0.28480337193944277,1.4895993210004506,0.00035419028856432467,-0.45021940392822385,1.3640345354241106,-0.00015299575839527739,0,0,0,0,0,0,0,0,0,0,0,0
control,0,293,1465,1470,2930000000,2930000000,0,-1,0.01,1,1,0,0,none,0,0,1,1,-0.089322231443536904,1.3081400797793331e-05,0.56569956681964761,0.99994450515363509,-1.0825458506830445e-05,-0.010535012855259148,1.0510720731318108e-08,-1.2515374747767654e-06,1.5775655765760561e-06,-1.9699771863151503e-07,-2.7026312601126067e-06,-2.198309391452588e-06,-4.7415267934654503e-07,-1.3296365476257925,2.2067029161936413,1.3689862984212867e-05,-1.4295688561394866,2.2064535001021723,-2.6316802983270747e-05,1.4265221362165002e-05,1.4295644839491186e-05,2.286637348531903e-06,1.371224715277211e-05,1.6002906546782216e-05,2.5476922375388132e-06,-0.28480201558451246,1.4896007045560289,0.00035417522689341788,-0.45021802713793252,1.3640359131159696,-0.00015301087395736432,0.28480201558451246,-1.4896007045560289,-0.00035417522689341788,0.45021802713793252,-1.3640359131159696,0.00015301087395736432,-1.3267204090965414,2.208800254273827,0,-1.4267204090965415,2.208800254273827,0,0.034972264518969953,0.025146613494968443,-4.2212907626904554e-06,0.034160796144611656,0.028137045700035522,7.7676562831042826e-06,-0.31977428010348241,1.4644540910610604,0.00035839651765610833,-0.48437882328254417,1.335898867415934,-0.0001607785302404686,-0.28480201558451246,1.4896007045560289,0.00035417522689341788,-0.45021802713793252,1.3640359131159696,-0.00015301087395736432,0,0,0,0,0,0,0,0,0,0,0,0
control,0,294,1470,1475,2940000000,2940000000,0,-1,0.01,1,1,0,0,none,0,0,1,1,-0.089322252834801483,1.3097146803582278e-05,0.56569956344679184,0.99994450495538456,-1.0838970143850054e-05,-0.010535031658577571,8.2828449944811029e-09,-2.7117103549695756e-06,1.5698722120517387e-06,-4.2776722180163537e-07,-2.6893504211177546e-06,-4.769035050238413e-06,-4.7290381728450485e-07,-1.3296364158939875,2.2067030477635421,1.3712775640245032e-05,-1.4295687296122057,2.2064536480963057,-2.6291368576133619e-05,1.2392519167791569e-05,1.2359894041277142e-05,2.4188745450373988e-06,1.1894773283217073e-05,1.3955816264292284e-05,2.6667529700022983e-06,-0.28480040741853729,1.4896023503795328,0.00035416168559138447,-0.45021641247641958,1.3640375808838303,-0.00015302434645092419,0.28480040741853729,-1.4896023503795328,-0.00035416168559138447,0.45021641247641958,-1.3640375808838303,0.00015302434645092419,-1.3267204090965414,2.208800254273827,0,-1.4267204090965415,2.208800254273827,0,0.034973492790601274,0.02514793828235674,-4.2347764193253799e-06,0.034162004028045492,0.028138340405858546,7.7540729243399699e-06,-0.3197739002091386,1.4644544120971761,0.00035839646201070983,-0.48437841650446506,1.3358992404779717,-0.00016077841937526415,-0.28480040741853729,1.4896023503795328,0.00035416168559138447,-0.45021641247641958,1.3640375808838303,-0.00015302434645092419,0,0,0,0,0,0,0,0,0,0,0,0
control,0,295,1475,1480,2950000000,2950000000,0,-1,0.01,1,1,0,0,none,0,0,1,1,-0.089322288077518616,1.3112697415951283e-05,0.56569955788471094,0.99994450462867812,-1.0852313677310694e-05,-0.010535062654520521,6.0773325059338369e-09,-4.045171129636489e-06,1.5426283755069674e-06,-6.3852067775147042e-07,-2.6425881940942405e-06,-7.116737993489176e-06,-4.6567386139401097e-07,-1.3296363030461225,2.2067031598340683,1.3736732817691124e-05,-1.4295686214111685,2.2064537754156857,-2.6265032422339685e-05,1.0489946560308461e-05,1.0398690780058129e-05,2.5132561853699873e-06,1.0050011313448427e-05,1.1871255670453406e-05,2.746106822581485e-06,-0.28479858307764083,1.489604221573634,0.00035414973097006779,-0.45021459485023069,1.3640394999552186,-0.00015303611820615271,0.28479858307764083,-1.489604221573634,-0.00035414973097006779,0.45021459485023069,-1.3640394999552186,0.00015303611820615271,-1.3267204090965414,2.208800254273827,0,-1.4267204090965415,2.208800254273827,0,0.034974992475131868,0.025149535240934259,-4.246682654575837e-06,0.034163472758553255,0.028139939414190171,7.7422043855728309e-06,-0.31977357555277269,1.4644546863326997,0.00035839641362464363,-0.48437806760878394,1.3358995605410284,-0.00016077832259172553,-0.28479858307764083,1.489604221573634,0.00035414973097006779,-0.45021459485023069,1.3640394999552186,-0.00015303611820615271,0,0,0,0,0,0,0,0,0,0,0,0
control,0,296,1480,1485,2960000000,2960000000,0,-1,0.01,1,1,0,0,none,0,0,1,1,-0.089322335854325155,1.3127865808026783e-05,0.56569955034151465,0.99994450418573022,-1.0865328842651829e-05,-0.010535104683807564,3.9211323877985582e-09,-5.2439053457209759e-06,1.4973018985332133e-06,-8.2799078276931934e-07,-2.5648592258863725e-06,-9.2273035730413876e-06,-4.5290058244054499e-07,-1.3296362092366694,2.2067032522999002,1.376137665502258e-05,-1.4295685316691336,2.2064538818466986,-2.6238169103708228e-05,8.5824591737169579e-06,8.4375064885043665e-06,2.5710759715284554e-06,8.2021012409984003e-06,9.7768348538930559e-06,2.787328624775745e-06,-0.2847965785272929,1.4896062808783666,0.0003541394058229202,-0.45021260938243995,1.36404163100757,-0.00015304615585645228,0.2847965785272929,-1.4896062808783666,-0.0003541394058229202,0.45021260938243995,-1.36404163100757,0.00015304615585645228,-1.3267204090965414,2.208800254273827,0,-1.4267204090965415,2.208800254273827,0,0.034976727992774626,0.025151367427389028,-4.2569667950831973e-06,0.034165167719242953,0.028141803873260311,7.7320842998736797e-06,-0.31977330652006752,1.4644549134509774,0.00035839637261800338,-0.48437777710168289,1.3358998271343097,-0.00016077824015632596,-0.2847965785272929,1.4896062808783666,0.0003541394058229202,-0.45021260938243995,1.36404163100757,-0.00015304615585645228,0,0,0,0,0,0,0,0,0,0,0,0
control,0,297,1485,1490,2970000000,2970000000,0,-1,0.01,1,1,0,0,none,0,0,1,1,-0.089322394780643397,1.3142480730339043e-05,0.56569954103594278,0.99994450363937848,-1.0877868742040759e-05,-0.010535156527969127,1.8390061596668901e-09,-6.3020463046736565e-06,1.4355065045198012e-06,-9.9524957745316535e-07,-2.4589279265453882e-06,-1.1090397996572406e-05,-4.3506732940607235e-07,-1.3296361343796486,2.2067033253007309,1.3786364015353435e-05,-1.4295684602863443,2.2064539674420161,-2.6211135667143779e-05,6.6934702730433016e-06,6.5001715231523492e-06,2.5939877669649932e-06,6.3736668614525236e-06,7.6985119720550333e-06,2.7923547509623579e-06,-0.28479442960548307,1.4896084911471363,0.00035413073042068045,-0.450210490972209,1.3640439346786259,-0.00015305444918210266,0.28479442960548307,-1.4896084911471363,-0.00035413073042068045,0.450210490972209,-1.3640439346786259,0.00015305444918210266,-1.3267204090965414,2.208800254273827,0,-1.4267204090965415,2.208800254273827,0,0.03497866319187598,0.025153397419868492,-4.2656085929542801e-06,0.034167053777341451,0.028143894213773061,7.7237229625950164e-06,-0.31977309279735905,1.4644550937272678,0.00035839633901363474,-0.48437754474955047,1.3359000404648529,-0.00016077817214469768,-0.28479442960548307,1.4896084911471363,0.00035413073042068045,-0.450210490972209,1.3640439346786259,-0.00015305444918210266,0,0,0,0,0,0,0,0,0,0,0,0
control,0,298,1490,1495,2980000000,2980000000,0,-1,0.01,1,1,0,0,none,0,0,1,1,-0.089322463425779833,1.315638779630661e-05,0.5656995301940323,0.99994450300288829,-1.0889800946724235e-05,-0.010535216927916324,-1.4666246837080921e-10,-7.2158081050521015e-06,1.3589729061252622e-06,-1.1396978813888655e-06,-2.3277589739272276e-06,-1.2699350535104451e-05,-4.1269421786566934e-07,-1.3296360781651029,2.2067033792037853,1.3811369700120036e-05,-1.4295684069467109,2.206454032502875,-2.6184268418378756e-05,4.8446663050846258e-06,4.6086912217298509e-06,2.5839623098785783e-06,4.5856388831884524e-06,5.6603853695226979e-06,2.7634363798321459e-06,-0.28479217159711728,1.4896108157910051,0.0003541237037175826,-0.45020827388565998,1.3640463720448244,-0.0001530610097464554,0.28479217159711728,-1.4896108157910051,-0.0003541237037175826,0.45020827388565998,-1.3640463720448244,0.0001530610097464554,-1.3267204090965414,2.208800254273827,0,-1.4267204090965415,2.208800254273827,0,0.0349807618232797,0.025155587803667053,-4.2726090255299398e-06,0.034169095743708328,0.028146170673369789,7.717108706522019e-06,-0.31977293342039698,1.464455227987338,0.00035839631274311252,-0.48437736962936834,1.3359002013714545,-0.00016077811845297742,-0.28479217159711728,1.4896108157910051,0.0003541237037175826,-0.45020827388565998,1.3640463720448244,-0.0001530610097464554,0,0,0,0,0,0,0,0,0,0,0,0
control,0,299,1495,1500,2990000000,2990000000,0,-1,0.01,1,1,0,0,none,0,0,1,1,-0.089322540333226341,1.3169450479429584e-05,0.56569951804590834,0.99994450228976528,-1.0901008352083542e-05,-0.010535284601809402,-2.0160164153076401e-09,-7.9833977744237827e-06,1.2695200751968013e-06,-1.2610514189652733e-06,-2.1744681139612206e-06,-1.4050998914893571e-05,-3.8632936078849217e-07,-1.329636040077228,2.2067034145847009,1.3836089238099258e-05,-1.4295683711355767,2.2064540775594899,-2.6157880173430312e-05,3.0558551723001019e-06,2.783095997682669e-06,2.5432429134503591e-06,2.8571099876372742e-06,3.6845215109821626e-06,2.7030919579091937e-06,-0.28478983884238562,1.489613219187562,0.00035411830473633816,-0.45020599138076062,1.3640489050636917,-0.00015306586935646271,0.28478983884238562,-1.489613219187562,-0.00035411830473633816,0.45020599138076062,-1.3640489050636917,0.00015306586935646271,-1.3267204090965414,2.208800254273827,0,-1.4267204090965415,2.208800254273827,0,0.034982987985480628,0.025157901625516753,-4.277988917102296e-06,0.034171258803440289,0.028148593789778999,7.7122094541336349e-06,-0.31977282682786623,1.4644553175620452,0.00035839629365344046,-0.48437725018420091,1.3359003112739127,-0.00016077807881059635,-0.28478983884238562,1.489613219187562,0.00035411830473633816,-0.45020599138076062,1.3640489050636917,-0.00015306586935646271,0,0,0,0,0,0,0,0,0,0,0,0
control,0,300,1500,1505,3000000000,3000000000,0,-1,0.01,1,1,0,0,none,0,0,1,1,-0.089322624039969434,1.3181550826068358e-05,0.56569950482273401,0.99994450151357461,-1.0911389788721248e-05,-0.010535358262053386,-3.7518331547703448e-09,-8.6049088974172569e-06,1.1690270401965379e-06,-1.3593240305534587e-06,-2.0022738647814077e-06,-1.5145502121088264e-05,-3.5654024915273576e-07,-1.3296360194138317,2.2067034322071017,1.3860241243378601e-05,-1.4295683521587468,2.2064541033499552,-2.6132257971572242e-05,1.3448469463783547e-06,1.0413251574365468e-06,2.4743006846908838e-06,1.205221464576266e-06,1.7908185947255606e-06,2.6140594818710599e-06,-0.28478746438164726,1.4896156670516731,0.00035411449410709816,-0.45020367536853073,1.3640514969770681,-0.00015306907837688786,0.28478746438164726,-1.4896156670516731,-0.00035411449410709816,0.45020367536853073,-1.3640514969770681,0.00015306907837688786,-1.3267204090965414,2.208800254273827,0,-1.4267204090965415,2.208800254273827,0,0.034985306537063582,0.025160302812966662,-4.2817874072481247e-06,0.034173508914266258,0.028151124858569555,7.7089744173781181e-06,-0.31977277091871081,1.4644553642387066,0.00035839628151434631,-0.48437718428279697,1.3359003721184985,-0.00016077805279426599,-0.28478746438164726,1.4896156670516731,0.00035411449410709816,-0.45020367536853073,1.3640514969770681,-0.00015306907837688786,0,0,0,0,0,0,0,0,0,0,0,0
control,0,301,1505,1510,3010000000,3010000000,0,-1,0.01,1,1,0,0,none,0,0,1,1,-0.089322713094637032,1.3192589891076709e-05,0.56569949075384152,0.99994450068777474,-1.0920860395817607e-05,-0.010535436631271005,-5.3395927328284735e-09,-9.0821992205398456e-06,1.0594055396043434e-06,-1.4348083451134921e-06,-1.8144506876553931e-06,-1.5986124994962815e-05,-3.2390538126524987e-07,-1.3296360153067988,2.2067034330012132,1.3883569341252531e-05,-1.4295683491624731,2.2064541107979845,-2.6107661247824226e-05,-2.726335267877587e-07,-6.0085643173661211e-07,2.3797898700804774e-06,-3.5491911464633788e-07,-3.0949401510318868e-09,2.4992491974031786e-06,-0.2847850796389288,1.4896181267660837,0.00035411221573016546,-0.45020135611246942,1.3640541126730683,-0.00015307070392843979,0.2847850796389288,-1.4896181267660837,-0.00035411221573016546,0.45020135611246942,-1.3640541126730683,0.00015307070392843979,-1.3267204090965414,2.208800254273827,0,-1.4267204090965415,2.208800254273827,0,0.034987683473378099,0.025162756556013102,-4.2840602958797825e-06,0.034175813169851008,0.028153726352520218,7.7073359144771078e-06,-0.3197727631123069,1.4644553702100707,0.00035839627602604526,-0.48437716928232044,1.3359003863205481,-0.0001607780398429169,-0.2847850796389288,1.4896181267660837,0.00035411221573016546,-0.45020135611246942,1.3640541126730683,-0.00015307070392843979,0,0,0,0,0,0,0,0,0,0,0,0
control,0,302,1510,1515,3020000000,3020000000,0,-1,0.01,1,1,0,0,none,0,0,1,1,-0.089322806074338124,1.3202487906661907e-05,0.56569947606407212,0.99994449982555977,-1.0929351765655644e-05,-0.010535518457125173,-6.7675073197633134e-09,-9.418754745365449e-06,9.4257382914611331e-07,-1.4880543209866505e-06,-1.6142841336768184e-06,-1.6578999040391914e-05,-2.8900623816004156e-07,-1.3296360267432539,2.2067034180418186,1.3905843666745348e-05,-1.4295683611540877,2.2064541009898373,-2.6084320457524557e-05,-1.7830031816497258e-06,-2.1299098670008174e-06,2.2625038728355493e-06,-1.8102902899954188e-06,-1.6819279057604995e-06,2.3616972478035086e-06,-0.28478271414527673,1.4896205676705376,0.00035411139853368251,-0.45019906196725323,1.3640567190048059,-0.0001530708279984774,0.28478271414527673,-1.4896205676705376,-0.00035411139853368251,0.45019906196725323,-1.3640567190048059,0.0001530708279984774,-1.3267204090965414,2.208800254273827,0,-1.4267204090965415,2.208800254273827,0,0.034990086265321789,0.02516522964890134,-4.2848782936653818e-06,0.034178140125989118,0.028156362299734831,7.7072112748671903e-06,-0.31977280041059852,1.4644553380216363,0.00035839627682734791,-0.48437720209324236,1.3359003567050711,-0.0001607780392733446,-0.28478271414527673,1.4896205676705376,0.00035411139853368251,-0.45019906196725323,1.3640567190048059,-0.0001530708279984774,0,0,0,0,0,0,0,0,0,0,0,0
control,0,303,1515,1520,3030000000,3030000000,0,-1,0.01,1,1,0,0,none,0,0,1,1,-0.089322901600074459,1.3211184197641875e-05,0.56569946097133905,0.99994449893971771,-1.093681187061393e-05,-0.010535602525885257,-8.0265141437965982e-09,-9.6195428274048424e-06,8.204319103271086e-07,-1.5198460404983719e-06,-1.4050284250997017e-06,-1.6932863861260276e-05,-2.5241968329289869e-07,-1.3296360525871163,2.2067033885258889,1.3926861944968373e-05,-1.4295683870229927,2.2064540751507575,-2.6062436140630439e-05,-3.1748476922809145e-06,-3.5345433879566989e-06,2.1253323971472257e-06,-3.1499803368845626e-06,-3.2327613463876158e-06,2.2045207782717578e-06,-0.28478039530284838,1.4896229613084371,0.00035411195830064272,-0.45019681915755561,1.3640592850650628,-0.00015306954549305471,0.28478039530284838,-1.4896229613084371,-0.00035411195830064272,0.45019681915755561,-1.3640592850650628,0.00015306954549305471,-1.3267204090965414,2.208800254273827,0,-1.4267204090965415,2.208800254273827,0,0.034992484158436338,0.025167690790339179,-4.2843252033478729e-06,0.034180460087919667,0.028158998618852949,7.7085048032755421e-06,-0.31977287946128474,1.464455270518098,0.0003583962835039906,-0.48437727924547525,1.33590028644621,-0.00016077805029633024,-0.28478039530284838,1.4896229613084371,0.00035411195830064272,-0.45019681915755561,1.3640592850650628,-0.00015306954549305471,0,0,0,0,0,0,0,0,0,0,0,0
control,0,304,1520,1525,3040000000,3040000000,0,-1,0.01,1,1,0,0,none,0,0,1,1,-0.089322998350630151,1.3218636858734239e-05,0.56569944568443342,0.99994449804250085,-1.0943204786039599e-05,-0.010535687674653543,-9.1102340146103294e-09,-9.6908567650786441e-06,6.9483841258051467e-07,-1.5311771647574198e-06,-1.1898668684994516e-06,-1.7058793617416533e-05,-2.1471086120880119e-07,-1.3296360916007652,2.2067033457501593,1.3946450167308666e-05,-1.4295684255617296,2.2064540346212467,-2.6042178408724225e-05,-4.4389204944191627e-06,-4.8057048367419218e-06,1.971220204786907e-06,-4.3651838582949062e-06,-4.6450525128593881e-06,2.0308749519516951e-06,-0.28477814818982838,1.4896252816308571,0.00035411379953664401,-0.45019465159681532,1.3640617824160997,-0.00015306696225798834,0.28477814818982838,-1.4896252816308571,-0.00035411379953664401,0.45019465159681532,-1.3640617824160997,0.00015306696225798834,-1.3267204090965414,2.208800254273827,0,-1.4267204090965415,2.208800254273827,0,0.034994848431427278,0.025170110841267856,-4.2824960604319451e-06,0.034182745358044206,0.02816160340973296,7.7111097750196827e-06,-0.31977299662125569,1.4644551707895892,0.00035839629559707593,-0.48437739695485954,1.3359001790063667,-0.00016077807203300801,-0.28477814818982838,1.4896252816308571,0.00035411379953664401,-0.45019465159681532,1.3640617824160997,-0.00015306696225798834,0,0,0,0,0,0,0,0,0,0,0,0
control,0,305,1525,1530,3050000000,3050000000,0,-1,0.01,1,1,0,0,none,0,0,1,1,-0.089323095074867881,1.3224822211639751e-05,0.56569943040107962,0.99994449714551226,-1.0948510224239509e-05,-0.010535772802189848,-1.0014897953571283e-08,-9.6401543103003123e-06,5.6758932867246032e-07,-1.5232254293274402e-06,-9.7187544210145763e-07,-1.6969912775550832e-05,-1.7642665442161955e-07,-1.3296361424665415,2.2067032910889455,1.3964462881007243e-05,-1.4295684754868687,2.2064539808334613,-2.6023686833806024e-05,-5.5681156210024631e-06,-5.9365473703307032e-06,1.8031278230027228e-06,-5.4491730190632004e-06,-5.9106098775306203e-06,1.8439122636942701e-06,-0.28477599540603249,1.4896275051580523,0.00035411681735605759,-0.4501925807457362,1.3640641852749469,-0.00015306319309431159,0.28477599540603249,-1.4896275051580523,-0.00035411681735605759,0.4501925807457362,-1.3640641852749469,0.00015306319309431159,-1.3267204090965414,2.208800254273827,0,-1.4267204090965415,2.208800254273827,0,0.034997152613432246,0.02517246303963357,-4.2794952554523085e-06,0.034184970443454962,0.028164147199204008,7.7149104369570945e-06,-0.31977314801946471,1.4644550421184188,0.0003583963126115099,-0.48437755118919118,1.3359000380757429,-0.00016077810353126867,-0.28477599540603249,1.4896275051580523,0.00035411681735605759,-0.4501925807457362,1.3640641852749469,-0.00015306319309431159,0,0,0,0,0,0,0,0,0,0,0,0
control,0,306,1530,1535,3060000000,3060000000,0,-1,0.01,1,1,0,0,none,0,0,1,1,-0.08932319060238593,1.3229734061461505e-05,0.5656994153062509,0.99994449625960669,-1.0952722896352668e-05,-0.010535856878293205,-1.0739244711927387e-08,-9.4758924497641832e-06,4.4039876665405907e-07,-1.4973265372512436e-06,-7.5398983620850974e-07,-1.6681105273189392e-05,-1.3808975355159674e-07,-1.3296362038078402,2.2067032259724422,1.3980783113781833e-05,-1.4295685354594727,2.2064539152880212,-2.6007070714425455e-05,-6.5574162769195697e-06,-6.9223706701719855e-06,1.6239946443160863e-06,-6.3972453252788207e-06,-7.0235414023179794e-06,1.6467444953353816e-06,-0.28477395695852925,1.4896296110995157,0.00035412089935798655,-0.45019062550983741,1.3640664706547891,-0.00015305835979243234,0.28477395695852925,-1.4896296110995157,-0.00035412089935798655,0.45019062550983741,-1.3640664706547891,0.00015305835979243234,-1.3267204090965414,2.208800254273827,0,-1.4267204090965415,2.208800254273827,0,0.034999372660000611,0.02517472317262294,-4.2754346663503539e-06,0.034187112223162217,0.028166603141773428,7.7197839895608675e-06,-0.31977332961852989,1.4644548879268928,0.00035839633402433692,-0.48437773773299964,1.3358998675130158,-0.00016077814378199321,-0.28477395695852925,1.4896296110995157,0.00035412089935798655,-0.45019062550983741,1.3640664706547891,-0.00015305835979243234,0,0,0,0,0,0,0,0,0,0,0,0
control,0,307,1535,1540,3070000000,3070000000,0,-1,0.01,1,1,0,0,none,0,0,1,1,-0.08932328385251162,1.32333827734279e-05,0.56569940057074719,0.99994449539480734,-1.0955851720090339e-05,-0.010535938951719651,-1.1284392171052645e-08,-9.2073606962406995e-06,3.1488184740075051e-07,-1.4549478189152005e-06,-5.3897616820702152e-07,-1.6208721075700897e-05,-1.0019337737433136e-07,-1.3296362742095615,2.2067031518657387,1.399532195791222e-05,-1.4295686041049189,2.2064538395314739,-2.5992409691553504e-05,-7.4038215157887583e-06,-7.7605397756376748e-06,1.4367046297233438e-06,-7.2066502976554057e-06,-7.9801782594625074e-06,1.4424076364708806e-06,-0.28477205018587642,1.4896315814335175,0.0003541259274740167,-0.45018880217441093,1.3640686184634068,-0.00015305258920929378,0.28477205018587642,-1.4896315814335175,-0.0003541259274740167,0.45018880217441093,-1.3640686184634068,0.00015305258920929378,-1.3267204090965414,2.208800254273827,0,-1.4267204090965415,2.208800254273827,0,0.035001487088515013,0.025176869706722425,-4.2704318188598331e-06,0.034189150075975373,0.028168947175626236,7.7256025256425075e-06,-0.31977353727439145,1.464454711726795,0.00035839635929287651,-0.48437795225038632,1.3358996712877806,-0.00016077819173493629,-0.28477205018587642,1.4896315814335175,0.0003541259274740167,-0.45018880217441093,1.3640686184634068,-0.00015305258920929378,0,0,0,0,0,0,0,0,0,0,0,0
control,0,308,1540,1545,3080000000,3080000000,0,-1,0.01,1,1,0,0,none,0,0,1,1,-0.089323373841629389,1.3235794191970231e-05,0.56569938635003703,0.99994449456023704,-1.0957918892259802e-05,-0.010536018156634335,-1.1653685771260838e-08,-8.8445150058338877e-06,1.9253984213851168e-07,-1.3976620030120002e-06,-3.2940553353706979e-07,-1.5570283809752302e-05,-6.3196674309198964e-08,-1.3296363522377168,2.2067030702487678,1.4008017840540159e-05,-1.4295686800318752,2.206453755134651,-2.5979754684360113e-05,-8.1062532538502758e-06,-8.4503839642388644e-06,1.2440548759067028e-06,-7.8764972029751455e-06,-8.7789765098696508e-06,1.233829938670911e-06,-0.28477028971944196,1.4896334009476906,0.00035413177976661834,-0.45018712437547537,1.3640706115602264,-0.00015304601140571098,0.28477028971944196,-1.4896334009476906,-0.00035413177976661834,0.45018712437547537,-1.3640706115602264,0.00015304601140571098,-1.3267204090965414,2.208800254273827,0,-1.4267204090965415,2.208800254273827,0,0.035003477073985351,0.025178883876656837,-4.2646080959573827e-06,0.034191065969808691,0.028171158134876209,7.7322349083744871e-06,-0.31977376679342734,1.4644545170710337,0.00035839638786257575,-0.48437819034528407,1.3358994534253501,-0.00016077824631408546,-0.28477028971944196,1.4896334009476906,0.00035413177976661834,-0.45018712437547537,1.3640706115602264,-0.00015304601140571098,0,0,0,0,0,0,0,0,0,0,0,0
control,0,309,1545,1550,3090000000,3090000000,0,-1,0.01,1,1,0,0,none,0,0,1,1,-0.089323459688861739,1.3237008424939891e-05,0.56569937278335802,0.99994449376406669,-1.0958958845616566e-05,-0.010536093717613897,-1.1852527234556926e-08,-8.3978142955466744e-06,7.474760964701869e-08,-1.3271213856817092e-06,-1.2763249478542354e-07,-1.4784202973686216e-05,-2.7520824400214897e-08,-1.3296364364580033,2.2067029825973616,1.4018835509401313e-05,-1.4295687618502602,2.2064536636721197,-2.5969129114034055e-05,-8.6654458523719228e-06,-8.9930784057217634e-06,1.0487272969706228e-06,-8.4076460567698115e-06,-9.4203995131101751e-06,1.0238033530516932e-06,-0.28476868748017226,1.4896350572430894,0.00035413833215683198,-0.45018560310486133,1.3640724357741814,-0.00015303875786578893,0.28476868748017226,-1.4896350572430894,-0.00035413833215683198,0.45018560310486133,-1.3640724357741814,0.00015303875786578893,-1.3267204090965414,2.208800254273827,0,-1.4267204090965415,2.208800254273827,0,0.035005326506321405,0.025180749735192662,-4.2580870176689245e-06,0.034192844513708853,0.028173217819756988,7.7395485665576318e-06,-0.31977401398649369,1.4644543075078968,0.00035839641917450091,-0.48437844761857018,1.3358992179544245,-0.00016077830643234658,-0.28476868748017226,1.4896350572430894,0.00035413833215683198,-0.45018560310486133,1.3640724357741814,-0.00015303875786578893,0,0,0,0,0,0,0,0,0,0,0,0
control,0,310,1550,1555,3100000000,3100000000,0,-1,0.01,1,1,0,0,none,0,0,1,1,-0.089323540620140196,1.3237078516158343e-05,0.56569935999307364,0.99994449301347665,-1.0959017109940446e-05,-0.010536164953231727,-1.1888186903506492e-08,-7.8780613762503377e-06,-3.7256638505992771e-08,-1.2450326817763061e-06,6.4222442287314111e-08,-1.3869493918435213e-05,6.4541501850056699e-09,-1.3296365254531908,2.2067028903655794,1.402776476475238e-05,-1.429568848188028,2.2064535667029053,-2.596053038217478e-05,-9.0838208264583652e-06,-9.3915110415220411e-06,8.5326352516031071e-07,-8.8025843618245507e-06,-9.9067836679696586e-06,8.1495845748435197e-07,-0.28476725270841063,1.4896365407038399,0.00035414546006671654,-0.45018424674716628,1.3640740798846498,-0.00015303095981364086,0.28476725270841063,-1.4896365407038399,-0.00035414546006671654,0.45018424674716628,-1.3640740798846498,0.00015303095981364086,-1.3267204090965414,2.208800254273827,0,-1.4267204090965415,2.208800254273827,0,0.035007022011031834,0.0251824541655329,-4.250992605683729e-06,0.034194472974380323,0.028175111026562508,7.7474111917782168e-06,-0.31977427471944248,1.4644540865383069,0.00035839645267240024,-0.48437871972154661,1.3358989688580873,-0.00016077837100541908,-0.28476725270841063,1.4896365407038399,0.00035414546006671654,-0.45018424674716628,1.3640740798846498,-0.00015303095981364086,0,0,0,0,0,0,0,0,0,0,0,0
control,0,311,1555,1560,3110000000,3110000000,0,-1,0.01,1,1,0,0,none,0,0,1,1,-0.089323615970719958,1.3236069029580312e-05,0.56569934808427424,0.99994449231463356,-1.0958149097304541e-05,-0.010536231278273711,-1.1769603043861068e-08,-7.2962499389403677e-06,-1.423792488249134e-07,-1.1531328584207996e-06,2.4428637363290323e-07,-1.2845508473522816e-05,3.8391862149779876e-08,-1.3296366178391865,2.2067027949694373,1.4034818969078283e-05,-1.4295689377066558,2.2064534657526407,-2.5953931569533702e-05,-9.3653493780085806e-06,-9.6501369911378252e-06,6.6004310379303037e-07,-9.0652922542557679e-06,-1.0242189894111638e-05,6.0974293999927248e-07,-0.28476599202391667,1.4896378444345559,0.00035415303996336737,-0.4501830611456164,1.3640755355675778,-0.00015302274664088562,0.28476599202391667,-1.4896378444345559,-0.00035415303996336737,0.4501830611456164,-1.3640755355675778,0.00015302274664088562,-1.3267204090965414,2.208800254273827,0,-1.4267204090965415,2.208800254273827,0,0.035008552935808068,0.025183986858162487,-4.2434478459131359e-06,0.034195941259753095,0.028176825539076827,7.7556923238601462e-06,-0.31977454495972474,1.4644538575763935,0.00035839648780928052,-0.48437900240536952,1.3358987100285009,-0.00016077843896474578,-0.28476599202391667,1.4896378444345559,0.00035415303996336737,-0.4501830611456164,1.3640755355675778,-0.00015302274664088562,0,0,0,0,0,0,0,0,0,0,0,0
control,0,312,1560,1565,3120000000,3120000000,0,-1,0.01,1,1,0,0,none,0,0,1,1,-0.089323685186208548,1.3234054568137358e-05,0.56569933714461407,0.99994449167268062,-1.0956418831324677e-05,-0.010536292204645713,-1.1507171422415195e-08,-6.6634190659919362e-06,-2.396767453098394e-07,-1.0531661372622533e-06,4.1094361709969058e-07,-1.1731678819383137e-05,6.8001340072372047e-08,-1.3296367122796666,2.2067026977721507,1.4040033366884857e-05,-1.4295690291152268,2.2064533622972617,-2.5949283320452313e-05,-9.5154047658593893e-06,-9.7748235129306975e-06,4.712650612299905e-07,-9.2010979924331669e-06,-1.0432244022715759e-05,4.1040367558444216e-07,-0.28476490951410899,1.4896389641690468,0.00035416095079032035,-0.45018204969488712,1.3640767973104277,-0.00015301424445708441,0.28476490951410899,-1.4896389641690468,-0.00035416095079032035,0.45018204969488712,-1.3640767973104277,0.00015301424445708441,-1.3267204090965414,2.208800254273827,0,-1.4267204090965415,2.208800254273827,0,0.03500991130465108,0.025185340255385141,-4.2355732631269565e-06,0.034197241871211578,0.028178352084816897,7.7642648123564715e-06,-0.31977482081876007,1.4644536239136616,0.00035839652405344731,-0.48437929156609871,1.3358984452256109,-0.00016077850926944089,-0.28476490951410899,1.4896389641690468,0.00035416095079032035,-0.45018204969488712,1.3640767973104277,-0.00015301424445708441,0,0,0,0,0,0,0,0,0,0,0,0
control,0,313,1565,1570,3130000000,3130000000,0,-1,0.01,1,1,0,0,none,0,0,1,1,-0.089323747822190769,1.3231118249835504e-05,0.56569932724436955,0.99994449109174099,-1.0953897639752906e-05,-0.010536347341045768,-1.111252840661548e-08,-5.9905165430436654e-06,-3.2835921780471082e-07,-9.4686239269636415e-07,5.6284151246994442e-07,-1.0547276844604776e-05,9.5038124354385794e-08,-1.3296368074991913,2.2067026000709675,1.4043463247400171e-05,-1.4295691211830268,2.2064532577483518,-2.5946515878147761e-05,-9.5406072903417665e-06,-9.7726876798150722e-06,2.889328793404318e-07,-9.2165265160806509e-06,-1.0483968387907497e-05,2.1897240093601784e-07,-0.28476400684710745,1.4896398981527803,0.00035416907527578522,-0.45018121345748924,1.3640778622983973,-0.00015300557477371742,0.28476400684710745,-1.4896398981527803,-0.00035416907527578522,0.45018121345748924,-1.3640778622983973,0.00015300557477371742,-1.3267204090965414,2.208800254273827,0,-1.4267204090965415,2.208800254273827,0,0.035011091742734313,0.025186509465833191,-4.2274856181870722e-06,0.034198369827597656,0.02817968425828437,7.7730061433975277e-06,-0.31977509858984177,1.4644533886869471,0.0003583965608939723,-0.4843795832850869,1.3358981780401129,-0.00016077858091711496,-0.28476400684710745,1.4896398981527803,0.00035416907527578522,-0.45018121345748924,1.3640778622983973,-0.00015300557477371742,0,0,0,0,0,0,0,0,0,0,0,0
control,0,314,1570,1575,3140000000,3140000000,0,-1,0.01,1,1,0,0,none,0,0,1,1,-0.089323803542545363,1.322735016292851e-05,0.56569931843670462,0.9999444905749344,-1.0950662829133158e-05,-0.010536396391484508,-1.0598330731296902e-08,-5.2882720648686434e-06,-4.0779156399902886e-07,-8.3591709974503821e-07,6.9889254570776755e-07,-9.3111909155172662e-06,1.1930470767841933e-07,-1.329636902294739,2.2067025030856526,1.4045181982508376e-05,-1.4295692127506021,2.2064531534401999,-2.5945541236537521e-05,-9.4486640423035593e-06,-9.6519294141822155e-06,1.1484278691399308e-07,-9.1191431272209959e-06,-1.0405607448593092e-05,3.7254905379953005e-08,-0.28476328340695978,1.4896406470025254,0.0003541773011114575,-0.45018055130112217,1.3640787302755359,-0.00015299685332784786,0.28476328340695978,-1.4896406470025254,-0.0003541773011114575,0.45018055130112217,-1.3640787302755359,0.00015299685332784786,-1.3267204090965414,2.208800254273827,0,-1.4267204090965415,2.208800254273827,0,0.035012091374433861,0.025187492152213425,-4.2192967340982124e-06,0.034199322563417962,0.028180818414698123,7.7817996256922584e-06,-0.31977537478139362,1.4644531548503119,0.0003583965978455557,-0.48437987386454012,1.3358979118608378,-0.00016077865295354013,-0.28476328340695978,1.4896406470025254,0.0003541773011114575,-0.45018055130112217,1.3640787302755359,-0.00015299685332784786,0,0,0,0,0,0,0,0,0,0,0,0
control,0,315,1575,1580,3150000000,3150000000,0,-1,0.01,1,1,0,0,none,0,0,1,1,-0.089323852116557162,1.3222845821001966e-05,0.56569931075812663,0.99994449012440134,-1.0946796359391054e-05,-0.010536439152745629,-9.9780349376911327e-09,-4.5670812296826131e-06,-4.7749269266177387e-07,-7.219730172310206e-07,8.1827298215005824e-07,-8.0417216376542212e-06,1.4065034917938734e-07,-1.3296369955456266,2.2067024079486552,1.4045278971742305e-05,-1.429569302739238,2.2064530506186304,-2.5946255374999727e-05,-9.2482060015670097e-06,-9.4216618784430295e-06,-4.9424685427484839e-08,-8.9173948641414634e-06,-1.0206449569845474e-05,-1.3317633863838487e-07,-0.28476273644746386,1.4896412135458379,0.00035418552199551487,-0.45018006005345473,1.3640794033834043,-0.00015298818905167672,0.28476273644746386,-1.4896412135458379,-0.00035418552199551487,0.45018006005345473,-1.3640794033834043,0.00015298818905167672,-1.3267204090965414,2.208800254273827,0,-1.4267204090965415,2.208800254273827,0,0.035012909698024897,0.025188288394878511,-4.2111124572513172e-06,0.034200099804653862,0.028181753536713771,7.7905354294318384e-06,-0.31977564614548876,1.4644529251509595,0.00035839663445276618,-0.48438015985810862,1.3358976498466906,-0.00016077872448110855,-0.28476273644746386,1.4896412135458379,0.00035418552199551487,-0.45018006005345473,1.3640794033834043,-0.00015298818905167672,0,0,0,0,0,0,0,0,0,0,0,0
control,0,316,1580,1585,3160000000,3160000000,0,-1,0.01,1,1,0,0,none,0,0,1,1,-0.089323893414938113,1.3217704637609872e-05,0.5656993042291143,0.99994448974134231,-1.0942383535207098e-05,-0.010536475510885403,-9.2656793156792023e-09,-3.8369010414484899e-06,-5.3713281492153154e-07,-6.0660366945156651e-07,9.2041822509335176e-07,-6.7563978707924767e-06,1.5897030534842679e-07,-1.3296370862217941,2.2067023156969725,1.4043857525046002e-05,-1.4295693901588489,2.2064529504316108,-2.5948540543837246e-05,-8.9486241509136579e-06,-9.0917419353335691e-06,-2.0250999420111313e-07,-8.620451113175063e-06,-9.8966478840751342e-06,-2.9098626821816731e-07,-0.28476236126231103,1.4896416026443717,0.00035419363853584138,-0.45017973467211275,1.3640798859815828,-0.00015297968318950234,0.28476236126231103,-1.4896416026443717,-0.00035419363853584138,0.45017973467211275,-1.3640798859815828,0.00015297968318950234,-1.3267204090965414,2.208800254273827,0,-1.4267204090965415,2.208800254273827,0,0.035013548439258482,0.025188900535156693,-4.2030317578037446e-06,0.034200703424358013,0.028182491078419948,7.7991114765620827e-06,-0.31977590970156949,1.4644527021092151,0.00035839667029364511,-0.48438043809647074,1.3358973949031629,-0.00016077879466606444,-0.28476236126231103,1.4896416026443717,0.00035419363853584138,-0.45017973467211275,1.3640798859815828,-0.00015297968318950234,0,0,0,0,0,0,0,0,0,0,0,0
control,0,317,1585,1590,3170000000,3170000000,0,-1,0.01,1,1,0,0,none,0,0,1,1,-0.089323927404874562,1.3212028438729473e-05,0.56569929885489889,0.9999444894260634,-1.0937511729841689e-05,-0.010536505436875431,-8.4756709864032603e-09,-3.1071574471131708e-06,-5.8652896801106835e-07,-4.9129870405267446e-07,1.0050151478419178e-06,-5.4718139254512181e-06,1.7420451631785235e-07,-1.3296371733904599,2.2067022272656955,1.4041032713497164e-05,-1.4295694741142835,2.2064528539216508,-2.5952267569330575e-05,-8.5599068717974197e-06,-8.6726025674433356e-06,-3.4327679541280035e-07,-8.238045687381939e-06,-9.4870422352362849e-06,-4.3507815031718728e-07,-0.28476215136807825,1.4896418210039668,0.00035420155900839438,-0.45017956842647872,1.3640801844529042,-0.00015297142856618082,0.28476215136807825,-1.4896418210039668,-0.00035420155900839438,0.45017956842647872,-1.3640801844529042,0.00015297142856618082,-1.3267204090965414,2.208800254273827,0,-1.4267204090965415,2.208800254273827,0,0.035014011387329895,0.025189333001428473,-4.1951459742785087e-06,0.034201137281434577,0.028183034789466974,7.807434178315032e-06,-0.31977616275540816,1.4644524880025382,0.00035839670498267291,-0.48438070570791331,1.3358971496634373,-0.00016077886274449584,-0.28476215136807825,1.4896418210039668,0.00035420155900839438,-0.45017956842647872,1.3640801844529042,-0.00015297142856618082,0,0,0,0,0,0,0,0,0,0,0,0
control,0,318,1590,1595,3180000000,3180000000,0,-1,0.01,1,1,0,0,none,0,0,1,1,-0.089323954144224033,1.3205920029771836e-05,0.56569929462638258,0.99994448917802892,-1.093226915576796e-05,-0.010536528981496433,-7.6225805559040092e-09,-2.3866652469882379e-06,-6.2563892947828802e-07,-3.7745124258046457e-07,1.0719916696362234e-06,-4.2034885439905061e-06,1.8633579677193774e-07,-1.3296372562211722,2.2067021434832119,1.4036929215829696e-05,-1.4295695538100726,2.2064527620199583,-2.595729814910214e-05,-8.0924808626357171e-06,-8.1750887511753767e-06,-4.7081137436949237e-07,-7.7803225508805464e-06,-8.9889839270617467e-06,-5.6459155707771637e-07,-0.28476209869650682,1.4896418769740247,0.00035420919997707182,-0.45017955308779461,1.3640803069963037,-0.00015296350900451306,0.28476209869650682,-1.4896418769740247,-0.00035420919997707182,0.45017955308779461,-1.3640803069963037,0.00015296350900451306,-1.3267204090965414,2.208800254273827,0,-1.4267204090965415,2.208800254273827,0,0.035014304216863627,0.025189592120507479,-4.1875381960304333e-06,0.03420140704619877,0.028183390522314451,7.8154190225845276e-06,-0.31977640291337045,1.4644522848535173,0.00035839673817310226,-0.4843809601339934,1.3358969164739891,-0.00016077892802709759,-0.28476209869650682,1.4896418769740247,0.00035420919997707182,-0.45017955308779461,1.3640803069963037,-0.00015296350900451306,0,0,0,0,0,0,0,0,0,0,0,0
control,0,319,1595,1600,3190000000,3190000000,0,-1,0.01,1,1,0,0,none,0,0,1,1,-0.089323973774985826,1.3199481832232882e-05,0.56569929152116827,0.9999444889959217,-1.0926743695052862e-05,-0.010536546269593113,-6.7209465195956156e-09,-1.6835605573754688e-06,-6.5455369169118978e-07,-2.6634722893583461e-07,1.1215038659414861e-06,-2.9657459719033859e-06,1.9538758504819414e-07,-1.329637333989298,2.206702065068014,1.4031679186882427e-05,-1.4295696285536612,2.2064526755423226,-2.5963487110960473e-05,-7.5570568504664619e-06,-7.6102989649954821e-06,-5.8441941384434412e-07,-7.2576864028329498e-06,-8.4141655868842119e-06,-6.7889766499335235e-07,-0.28476219379376699,1.4896417803399253,0.00035421648677329932,-0.4501796791253434,1.3640802634110343,-0.00015295599888618487,0.28476219379376699,-1.4896417803399253,-0.00035421648677329932,0.4501796791253434,-1.3640802634110343,0.00015295599888618487,-1.3267204090965414,2.208800254273827,0,-1.4267204090965415,2.208800254273827,0,0.035014434298353971,0.025189685918202896,-4.18028278537251e-06,0.034201520015040524,0.028183566026432814,7.8229910165378082e-06,-0.31977662809212098,1.4644520944217225,0.00035839676955867181,-0.48438119914038391,1.3358966973846014,-0.00016077898990272268,-0.28476219379376699,1.4896417803399253,0.00035421648677329932,-0.4501796791253434,1.3640802634110343,-0.00015295599888618487,0,0,0,0,0,0,0,0,0,0,0,0
control,0,320,1600,1605,3200000000,3200000000,0,-1,0.01,1,1,0,0,none,0,0,1,1,-0.089323986516173029,1.3192814603319957e-05,0.56569928950468595,0.99994448887771326,-1.0921021800926896e-05,-0.010536557493800903,-5.7850913428650191e-09,-1.0052458522468542e-06,-6.7348867447311183e-07,-1.5915666354203181e-07,1.1539209171018032e-06,-1.7716191785324585e-06,2.0142130778159625e-07,-1.3296374060780045,2.2067019926270484,1.4025420172922477e-05,-1.4295696977571852,2.206452595186648,-2.5970684610002918e-05,-6.964481183502083e-06,-6.9894344993317568e-06,-6.8362021252341115e-07,-6.6806590978529702e-06,-7.7744584883568491e-06,-7.7759198040727017e-07,-0.28476242602460483,1.489641542112369,0.0003542233538334663,-0.4501799359067456,1.3640800648764748,-0.00015294896285874084,0.28476242602460483,-1.489641542112369,-0.0003542233538334663,0.4501799359067456,-1.3640800648764748,0.00015294896285874084,-1.3267204090965414,2.208800254273827,0,-1.4267204090965415,2.208800254273827,0,0.035014410499332245,0.025189623913092447,-4.1734450412505718e-06,0.034201484916371323,0.028183570733879726,7.8300849820212382e-06,-0.31977683652393707,1.4644519181992766,0.00035839679887471684,-0.48438142082311691,1.335896494142595,-0.00016077904784076209,-0.28476242602460483,1.489641542112369,0.0003542233538334663,-0.4501799359067456,1.3640800648764748,-0.00015294896285874084,0,0,0,0,0,0,0,0,0,0,0,0
control,0,321,1605,1610,3210000000,3210000000,0,-1,0.01,1,1,0,0,none,0,0,1,1,-0.089323992656207357,1.3186016250069407e-05,0.56569928853139517,0.99994448882072817,-1.0915187480417902e-05,-0.010536562907854355,-4.8289509076697318e-09,-3.5834740748269606e-07,-6.8277386048664848e-07,-5.6926943185600406e-08,1.1698082140279762e-06,-6.3277490166359315e-07,2.045334007960005e-07,-1.3296374719788107,2.206701926655525,1.4018293096038654e-05,-1.4295697609378588,2.2064525215320785,-2.5978738241079698e-05,-6.3255965037477418e-06,-6.3236559508942336e-06,-7.6813881136398347e-07,-6.0597451429713311e-06,-7.0817568679955348e-06,-8.6048482505892847e-07,-0.28476278377587305,1.4896411743135007,0.00035422974491046221,-0.4501803118968799,1.3640797237273983,-0.00015294245567881579,0.28476278377587305,-1.4896411743135007,-0.00035422974491046221,0.4501803118968799,-1.3640797237273983,0.00015294245567881579,-1.3267204090965414,2.208800254273827,0,-1.4267204090965415,2.208800254273827,0,0.035014242981986354,0.025189416903550053,-4.1670809882433961e-06,0.034201311713521983,0.02818341553628384,7.8366457135768555e-06,-0.31977702675785941,1.4644517574099507,0.00035839682589870563,-0.48438162361040188,1.3358963081911144,-0.00016077910139239264,-0.28476278377587305,1.4896411743135007,0.00035422974491046221,-0.4501803118968799,1.3640797237273983,-0.00015294245567881579,0,0,0,0,0,0,0,0,0,0,0,0
control,0,322,1610,1615,3220000000,3220000000,0,-1,0.01,1,1,0,0,none,0,0,1,1,-0.08932399254496351,1.3179180747610381e-05,0.56569928854604068,0.99994448882172227,-1.0909321366332881e-05,-0.010536562819585274,-3.8659187234499866e-09,2.5131510106718334e-07,-6.8284303964923668e-07,3.9421965907314151e-08,1.1699089359281562e-06,4.4053990241024676e-07,2.0485206787271291e-07,-1.3296375312907907,2.2067018675381038,1.4010440326865837e-05,-1.4295698177170688,2.2064524550396096,-2.5987495047080796e-05,-5.6511103270390532e-06,-5.6239505306049964e-06,-8.3789608611315317e-07,-5.4053049556703588e-06,-6.3478330406271178e-06,-9.2758991529679036e-07,-0.2847632546604375,1.4896406897660561,0.00035423561315647465,-0.45018079485656409,1.3640792532313557,-0.00015293652218086886,0.2847632546604375,-1.4896406897660561,-0.00035423561315647465,0.45018079485656409,-1.3640792532313557,0.00015293652218086886,-1.3267204090965414,2.208800254273827,0,-1.4267204090965415,2.208800254273827,0,0.035013942996481223,0.025189076754473787,-4.1612372937540937e-06,0.034201011403761035,0.028183112560169157,7.8426280098890775e-06,-0.3197771976569187,1.4644516130115823,0.00035839685045022872,-0.48438180626032512,1.3358961406711864,-0.00016077915019075794,-0.2847632546604375,1.4896406897660561,0.00035423561315647465,-0.45018079485656409,1.3640792532313557,-0.00015293652218086886,0,0,0,0,0,0,0,0,0,0,0,0
control,0,323,1615,1620,3230000000,3230000000,0,-1,0.01,1,1,0,0,none,0,0,1,1,-0.089323986585579412,1.3172397169353912e-05,0.56569928948494697,0.99994448887695675,-1.0903499885262179e-05,-0.010536557583715385,-2.9087060299694409e-09,8.1874727210999416e-07,-6.7422235097033279e-07,1.2910049929689423e-07,1.1551244261127433e-06,1.4395309697421526e-06,2.0253381366968425e-07,-1.3296375837185266,2.2067018155513423,1.4002003864416734e-05,-1.429569867818258,2.2064523960540936,-2.5996803404939415e-05,-4.9514740483710426e-06,-4.901009727913506e-06,-8.9299703182075321e-07,-4.7274383948910736e-06,-5.584202949523564e-06,-9.7911108813741697e-07,-0.28476382571684494,1.4896401018859644,0.00035424092108274428,-0.45018137203649361,1.3640786673685461,-0.00015293119737425369,0.28476382571684494,-1.4896401018859644,-0.00035424092108274428,0.45018137203649361,-1.3640786673685461,0.00015293119737425369,-1.3267204090965414,2.208800254273827,0,-1.4267204090965415,2.208800254273827,0,0.035013522674894389,0.025188616184408499,-4.1559513077339822e-06,0.034200595818190231,0.028182674941224829,7.847996575888696e-06,-0.31977734839173932,1.4644514857015558,0.00035839687239047825,-0.48438196785468385,1.3358959924273213,-0.00016077919395014238,-0.28476382571684494,1.4896401018859644,0.00035424092108274428,-0.45018137203649361,1.3640786673685461,-0.00015293119737425369,0,0,0,0,0,0,0,0,0,0,0,0
control,0,324,1620,1625,3240000000,3240000000,0,-1,0.01,1,1,0,0,none,0,0,1,1,-0.089323975226147739,1.3165748835017679e-05,0.56569929127733121,0.99994448898227628,-1.0897794526673514e-05,-0.010536547594544091,-1.9692186789514727e-09,1.3397874549327835e-06,-6.5751830729686522e-07,2.1145067722309389e-07,1.1264936822720544e-06,2.3568699213525117e-06,1.9775981490128533e-07,-1.3296376290689147,2.2067017708673013,1.3993123637643268e-05,-1.4295699110637075,2.2064523448075128,-2.6006514774345426e-05,-4.2367729390735648e-06,-4.1651183082463935e-06,-9.3371765653620801e-07,-4.0358790669208144e-06,-4.8020033240496951e-06,-1.0154276453081547e-06,-0.2847644836029351,1.4896394244808617,0.00035424564041279045,-0.45018203036471771,1.3640779806170884,-0.00015292650664964886,0.2847644836029351,-1.4896394244808617,-0.00035424564041279045,0.45018203036471771,-1.3640779806170884,0.00015292650664964886,-1.3267204090965414,2.208800254273827,0,-1.4267204090965415,2.208800254273827,0,0.035012994827887778,0.025188048555769938,-4.1512512084661701e-06,0.0342000774245916,0.028182116600755699,7.8527258145690342e-06,-0.31977747843082288,1.4644513759250919,0.00035839689162125662,-0.48438210778930929,1.3358958640163328,-0.00016077923246421791,-0.2847644836029351,1.4896394244808617,0.00035424564041279045,-0.45018203036471771,1.3640779806170884,-0.00015292650664964886,0,0,0,0,0,0,0,0,0,0,0,0
control,0,325,1625,1630,3250000000,3250000000,0,-1,0.01,1,1,0,0,none,0,0,1,1,-0.089323958951396401,1.3159312580560218e-05,0.56569929384661777,0.99994448913318512,-1.0892271216591739e-05,-0.010536533278626563,-1.0584513916827546e-09,1.8111036539728662e-06,-6.3340548502279698e-07,2.8594561423386713e-07,1.0851722725806714e-06,3.1866888514699544e-06,1.9073218841112693e-07,-1.329637667246937,2.2067017335581909,1.3983935941472285e-05,-1.4295699473703272,2.2064523014234148,-2.6016485296991621e-05,-3.5166275498564911e-06,-3.4260554718707453e-06,-9.6049062059783736e-07,-3.3398998377223469e-06,-4.0118813264218291e-06,-1.037078508908216e-06,-0.28476521478176708,1.4896386715569105,0.00035424975183214342,-0.45018275662601426,1.3640772077460206,-0.00015292246608889745,0.28476521478176708,-1.4896386715569105,-0.00035424975183214342,0.45018275662601426,-1.3640772077460206,0.00015292246608889745,-1.3267204090965414,2.208800254273827,0,-1.4267204090965415,2.208800254273827,0,0.035012372746071538,0.025187387670840989,-4.1471562514117932e-06,0.034199469135184332,0.028181452026936359,7.8567995145428978e-06,-0.31977758752783864,1.4644512838860695,0.00035839690808355521,-0.4843822257611986,1.3358957557190843,-0.00016077926560344036,-0.28476521478176708,1.4896386715569105,0.00035424975183214342,-0.45018275662601426,1.3640772077460206,-0.00015292246608889745,0,0,0,0,0,0,0,0,0,0,0,0
control,0,326,1630,1635,3260000000,3260000000,0,-1,0.01,1,1,0,0,none,0,0,1,1,-0.089323938274460155,1.3153158152318745e-05,0.5656992971117385,0.9999444893249243,-1.0886989797833083e-05,-0.010536515087531659,-1.8639973695511891e-10,2.2301805772503321e-06,-6.0261405386447167e-07,3.5218748322726943e-07,1.032410977953023e-06,3.9245575508521575e-06,1.81670206266933e-07,-1.3296376982505191,2.2067017036019272,1.3974572017667645e-05,-1.42956997674457,2.2064522659223704,-2.6026577236579087e-05,-2.8001070055225952e-06,-2.6930086163571068e-06,-9.7388988362425899e-07,-2.6482299209715036e-06,-3.2238973088158348e-06,-1.0447454560327648e-06,-0.28476600569803834,1.4896378571357929,0.00035425324464463063,-0.45018353763160868,1.3640763636182587,-0.00015291908286790888,0.28476600569803834,-1.4896378571357929,-0.00035425324464463063,0.45018353763160868,-1.3640763636182587,0.00015291908286790888,-1.3267204090965414,2.208800254273827,0,-1.4267204090965415,2.208800254273827,0,0.035011670008240792,0.025186647575722022,-4.1436771111190805e-06,0.034198784121222993,0.028180696063441868,7.8602104437753642e-06,-0.31977767570627913,1.4644512095600708,0.00035839692175574972,-0.48438232175283169,1.3358956675548168,-0.00016077929331168424,-0.28476600569803834,1.4896378571357929,0.00035425324464463063,-0.45018353763160868,1.3640763636182587,-0.00015291908286790888,0,0,0,0,0,0,0,0,0,0,0,0
control,0,327,1635,1640,3270000000,3270000000,0,-1,0.01,1,1,0,0,none,0,0,1,1,-0.089323913728836649,1.314734772593428e-05,0.56569930098840382,0.99994448955254567,-1.0882003617294349e-05,-0.01053649349076218,6.3801006545501668e-10,2.595297621638228e-06,-5.6591731469381599e-07,4.0990403955242152e-07,9.6953444816749337e-07,4.5674447888058933e-06,1.7080650972077675e-07,-1.3296377221645903,2.2067016808884792,1.3965156788514249e-05,-1.4295699992765856,2.2064522382283269,-2.603666025226189e-05,-2.0956546042655437e-06,-1.9744997656465218e-06,-9.7461464433861405e-07,-1.9689839840901383e-06,-2.4474408067796427e-06,-1.0392356892489211e-06,-0.28476684294333299,1.4896369950831838,0.00035425611634712042,-0.45018436037753207,1.3640754630049361,-0.00015291635574206369,0.28476684294333299,-1.4896369950831838,-0.00035425611634712042,0.45018436037753207,-1.3640754630049361,0.00015291635574206369,-1.3267204090965414,2.208800254273827,0,-1.4267204090965415,2.208800254273827,0,0.035010900298492922,0.025185842373822091,-4.1408163043373445e-06,0.034198035636504712,0.028179863707210848,7.8629598601410128e-06,-0.3197777432418259,1.4644511527093618,0.00035839693265145777,-0.48438239601403676,1.3358955992977253,-0.00016077931560220472,-0.28476684294333299,1.4896369950831838,0.00035425611634712042,-0.45018436037753207,1.3640754630049361,-0.00015291635574206369,0,0,0,0,0,0,0,0,0,0,0,0
control,0,328,1640,1645,3280000000,3280000000,0,-1,0.01,1,1,0,0,none,0,0,1,1,-0.089323885860613003,1.3141935549028646e-05,0.56569930539033109,0.99994448981098472,-1.0877359219408701e-05,-0.010536468968912895,1.406973645078937e-09,2.9054986433963752e-06,-5.2411940314036783e-07,4.58943846260267e-07,8.979201419164579e-07,5.1136651192257437e-06,1.5838337003595656e-07,-1.3296377391544723,2.2067016652268769,1.3955807748706532e-05,-1.4295700151337358,2.2064522181757216,-2.6046612500837604e-05,-1.4110257741809405e-06,-1.2783248382222994e-06,-9.6347278477033657e-07,-1.3096032788711858e-06,-1.691160035383884e-06,-1.0214640206929769e-06,-0.28476771340895746,1.4896360989501571,0.00035425837213173329,-0.45018521219053204,1.3640745204127573,-0.00015291427560173293,0.28476771340895746,-1.4896360989501571,-0.00035425837213173329,0.45018521219053204,-1.3640745204127573,0.00015291427560173293,-1.3267204090965414,2.208800254273827,0,-1.4267204090965415,2.208800254273827,0,0.035010077233831143,0.0251849860506578,-4.1385686853734427e-06,0.03419723685125,0.028178969917318001,7.8650569512859301e-06,-0.31977779064278861,1.4644511128994993,0.0003583969408171067,-0.48438244904178201,1.3358955504954393,-0.00016077933255301887,-0.28476771340895746,1.4896360989501571,0.00035425837213173329,-0.45018521219053204,1.3640745204127573,-0.00015291427560173293,0,0,0,0,0,0,0,0,0,0,0,0
control,0,329,1645,1650,3290000000,3290000000,0,-1,0.01,1,1,0,0,none,0,0,1,1,-0.089323855221039153,1.3136967705085768e-05,0.56569931023041875,0.99994449009512831,-1.0873096143583621e-05,-0.010536442007133922,2.1138436385994392e-09,3.1605544077107159e-06,-4.7804330562955542e-07,4.9927034611849359e-07,8.1897780156433301e-07,5.5628128064343428e-06,1.4464904353240937e-07,-1.3296377494587197,2.2067016563527488,1.3946634018764718e-05,-1.4295700245535907,2.2064522055172215,-2.6056321565363847e-05,-7.5323827333878509e-07,-6.1150570993624251e-07,-9.4136407377285606e-07,-6.7680868929954631e-07,-9.6290490443624624e-07,-9.9243489181910379e-07,-0.28476860442543894,1.4896351818287523,0.00035426002432731914,-0.45018608086065126,1.3640735499256789,-0.00015291282608759951,0.28476860442543894,-1.4896351818287523,-0.00035426002432731914,0.45018608086065126,-1.3640735499256789,0.00015291282608759951,-1.3267204090965414,2.208800254273827,0,-1.4267204090965415,2.208800254273827,0,0.035009214203549341,0.025184092311502562,-4.1369220019407722e-06,0.034196400697624398,0.028178029436621892,7.86651821420011e-06,-0.3197778186289883,1.4644510895172498,0.00035839694632925994,-0.48438248155827568,1.335895520489057,-0.00016077934430179961,-0.28476860442543894,1.4896351818287523,0.00035426002432731914,-0.45018608086065126,1.3640735499256789,-0.00015291282608759951,0,0,0,0,0,0,0,0,0,0,0,0
control,0,330,1650,1655,3300000000,3300000000,0,-1,0.01,1,1,0,0,none,0,0,1,1,-0.089323822359516358,1.3132481994596601e-05,0.56569931542185381,0.99994449039988154,-1.086924682224011e-05,-0.010536413088959041,2.753148050301023e-09,3.3609186439378034e-06,-4.2851932212865076e-07,5.3095491881814926e-07,7.3412969332576868e-07,5.9156844819851941e-06,1.2985425762143768e-07,-1.3296377533815327,2.2067016539362689,1.3937735561034115e-05,-1.4295700278365238,2.2064521999319582,-2.6065685210061117e-05,-1.2853459995104794e-07,1.974529203729041e-08,-9.0926332174674642e-07,-7.6565597540723777e-08,-2.6968329519275749e-07,-9.5322445682229538e-07,-0.28476950388762839,1.4896342562222911,0.00035426109178952648,-0.45018695475955794,1.3640725650617642,-0.0001529119842545149,0.28476950388762839,-1.4896342562222911,-0.00035426109178952648,0.45018695475955794,-1.3640725650617642,0.0001529119842545149,-1.3267204090965414,2.208800254273827,0,-1.4267204090965415,2.208800254273827,0,0.035008324221794819,0.02518317443275846,-4.1358575022228974e-06,0.034195539728183198,0.028177056627368382,7.8673667858594508e-06,-0.31977782810942323,1.4644510817895326,0.00035839694929174935,-0.48438249448774112,1.3358955084343958,-0.00016077935104037434,-0.28476950388762839,1.4896342562222911,0.00035426109178952648,-0.45018695475955794,1.3640725650617642,-0.0001529119842545149,0,0,0,0,0,0,0,0,0,0,0,0
control,0,331,1655,1660,3310000000,3310000000,0,-1,0.01,1,1,0,0,none,0,0,1,1,-0.089323787817058312,1.3128507928263302e-05,0.56569932087914598,0.99994449072022606,-1.0865836574989687e-05,-0.010536382690550327,3.3205925548607259e-09,3.5076786493308657e-06,-3.7637409660699679e-07,5.5416907891386372e-07,6.4479181920444943e-07,6.1741922114711171e-06,1.1424887018306195e-07,-1.3296377512848607,2.2067016575903837,1.392920255733253e-05,-1.4295700253380215,2.2064522010341161,-2.6074611963482111e-05,4.5764387312479991e-07,6.1004870535697087e-07,-8.6820372861209796e-07,4.859398625220363e-07,3.8236964401866832e-07,-9.0496295332244383e-07,-0.28477040036506013,1.4896333339313392,0.0003542615992518926,-0.45018782294427651,1.3640715786461826,-0.00015291172127221279,0.28477040036506013,-1.4896333339313392,-0.0003542615992518926,0.45018782294427651,-1.3640715786461826,0.00015291172127221279,-1.3267204090965414,2.208800254273827,0,-1.4267204090965415,2.208800254273827,0,0.035007419794021839,0.025182245128261019,-4.1353505807691535e-06,0.034194665987965576,0.028176065322064518,7.8676317367107553e-06,-0.31977782015908196,1.4644510888030782,0.00035839694983266177,-0.48438248893224206,1.3358955133241179,-0.00016077935300892355,-0.28477040036506013,1.4896333339313392,0.0003542615992518926,-0.45018782294427651,1.3640715786461826,-0.00015291172127221279,0,0,0,0,0,0,0,0,0,0,0,0
control,0,332,1660,1665,3320000000,3320000000,0,-1,0.01,1,1,0,0,none,0,0,1,1,-0.089323752120274838,1.31250668259325e-05,0.56569932651907795,0.99994449105127814,-1.0862883693518376e-05,-0.010536351275401989,3.8130476317258534e-09,3.6025013903091429e-06,-3.2242032200810007e-07,5.6917596064117125e-07,5.523562843700468e-07,6.3412686312013109e-06,9.8078730439411339e-08,-1.3296377435803151,2.2067016668792094,1.3921114945282294e-05,-1.4295700174608201,2.2064522083817639,-2.6083021534001481e-05,1.0006713596759609e-06,1.1548696615975958e-06,-8.1926058539589991e-07,1.0063135338968635e-06,9.8800972216685788e-07,-8.4881755366297339e-07,-0.28477128319698958,1.4896324259554443,0.00035426157664690907,-0.45018867524586303,1.364070602700588,-0.00015291200315208073,0.28477128319698958,-1.4896324259554443,-0.00035426157664690907,0.45018867524586303,-1.364070602700588,0.00015291200315208073,-1.3267204090965414,2.208800254273827,0,-1.4267204090965415,2.208800254273827,0,0.035006512798243995,0.025181316430918154,-4.1353714543148932e-06,0.034193790901042485,0.028175068690173413,7.8673473378835927e-06,-0.31977779599523359,1.4644511095245261,0.00035839694810122397,-0.4843824661469055,1.3358955340104146,-0.00016077935048996434,-0.28477128319698958,1.4896324259554443,0.00035426157664690907,-0.45018867524586303,1.364070602700588,-0.00015291200315208073,0,0,0,0,0,0,0,0,0,0,0,0
control,0,333,1665,1670,3330000000,3330000000,0,-1,0.01,1,1,0,0,none,0,0,1,1,-0.089323715775916038,1.312217201394811e-05,0.56569933226156832,0.99994449138833774,-1.0860399610907637e-05,-0.010536319289538151,4.2285215705228009e-09,3.6475760450761769e-06,-2.6744721179858369e-07,5.7632123471512487e-07,4.5817497724933403e-07,6.4207658092684751e-06,8.1582771931117696e-08,-1.3296377307209992,2.2067016813264764,1.39135421088861e-05,-1.4295700046469755,2.2064522214857916,-2.6090845063282879e-05,1.4967413035579296e-06,1.6505185973784699e-06,-7.6353551442605e-07,1.4809555204944713e-06,1.5428899952696859e-06,-7.8597585976527644e-07,-0.28477214257197814,1.4896315424109967,0.00035426105840768849,-0.45018950234295785,1.3640696483493586,-0.00015291279149023645,0.28477214257197814,-1.4896315424109967,-0.00035426105840768849,0.45018950234295785,-1.3640696483493586,0.00015291279149023645,-1.3267204090965414,2.208800254273827,0,-1.4267204090965415,2.208800254273827,0,0.03500561438153816,0.025180399590311223,-4.1358858569445273e-06,0.034192925171926764,0.02817407912143207,7.8665523119731262e-06,-0.31977775695351629,1.4644511428206854,0.00035839694426463304,-0.48438242751488458,1.3358955692279266,-0.00016077934380220957,-0.28477214257197814,1.4896315424109967,0.00035426105840768849,-0.45018950234295785,1.3640696483493586,-0.00015291279149023645,0,0,0,0,0,0,0,0,0,0,0,0
control,0,334,1670,1675,3340000000,3340000000,0,-1,0.01,1,1,0,0,none,0,0,1,1,-0.089323679266008482,1.3119829112782319e-05,0.56569933803044015,0.99994449172693423,-1.0858389148408633e-05,-0.010536287157231016,4.5661205073715761e-09,3.6455539093156323e-06,-2.122118152774676e-07,5.7602362111693279e-07,3.6354469448372984e-07,6.4173494726267919e-06,6.4990362016437142e-08,-1.3296377131933597,2.2067017004239244,1.3906542716992288e-05,-1.4295699873699661,2.2064522398188493,-2.6098025225072976e-05,1.9428599717961735e-06,2.0941415553013862e-06,-7.021414172977898e-07,1.9070527727346146e-06,2.0435557294734872e-06,-7.1763021762018243e-07,-0.28477296959226278,1.4896306924652039,0.00035426008276063825,-0.45019029582043946,1.3640687257427639,-0.00015291404421597906,0.28477296959226278,-1.4896306924652039,-0.00035426008276063825,0.45019029582043946,-1.3640687257427639,0.00015291404421597906,-1.3267204090965414,2.208800254273827,0,-1.4267204090965415,2.208800254273827,0,0.035004734871861058,0.025179504986497531,-4.1368557442327965e-06,0.034192078701935857,0.028173108126137901,7.8652890784029017e-06,-0.31977770446412385,1.4644511874787063,0.00035839693850487107,-0.48438237452237531,1.3358956176166261,-0.00016077933329438195,-0.28477296959226278,1.4896306924652039,0.00035426008276063825,-0.45019029582043946,1.3640687257427639,-0.00015291404421597906,0,0,0,0,0,0,0,0,0,0,0,0
control,0,335,1675,1680,3350000000,3350000000,0,-1,0.01,1,1,0,0,none,0,0,1,1,-0.089323643043603101,1.3118036406123754e-05,0.5656993437540927,0.99994449206286562,-1.0856850832102476e-05,-0.010536255277257814,4.8259967454339261e-09,3.5994865663489053e-06,-1.5743123846436524e-07,5.6876511753759566e-07,2.6969381695278104e-07,6.3363901716026597e-06,4.8518924237454981e-08,-1.3296376915091574,2.2067017236395423,1.3900164702211456e-05,-1.4295699661269232,2.206452262824171,-2.6104516178058558e-05,2.3368304982185122e-06,2.48370105199031e-06,-6.3618823180161178e-07,2.2825625060737115e-06,2.4874289931611507e-06,-6.4496297712338573e-07,-0.28477375632274066,1.4896298842857534,0.00035425869101647341,-0.45019104821317679,1.3640678439967449,-0.00015291571633678996,0.28477375632274066,-1.4896298842857534,-0.00035425869101647341,0.45019104821317679,-1.3640678439967449,0.00015291571633678996,-1.3267204090965414,2.208800254273827,0,-1.4267204090965415,2.208800254273827,0,0.035003883705644889,0.025178642059838028,-4.1382399990733568e-06,0.034191260520821283,0.028172166252382599,7.8636030022737366e-06,-0.31977764002838555,1.4644512422259153,0.00035839693101554675,-0.48438230873399807,1.3358956777443622,-0.00016077931933906368,-0.28477375632274066,1.4896298842857534,0.00035425869101647341,-0.45019104821317679,1.3640678439967449,-0.00015291571633678996,0,0,0,0,0,0,0,0,0,0,0,0
control,0,336,1680,1685,3360000000,3360000000,0,-1,0.01,1,1,0,0,none,0,0,1,1,-0.089323607529147891,1.3116785282071701e-05,0.56569934936607569,0.99994449239223249,-1.085577727142488e-05,-0.010536224019707245,5.0092866956188263e-09,3.5127631811273415e-06,-1.0377581774427468e-07,5.5508108740399024e-07,1.7777061731655924e-07,6.1838528973096243e-06,3.2371851344417092e-08,-1.3296376661976472,2.206701750425569,1.3894445371413443e-05,-1.4295699414310759,2.2064522899241927,-2.6110283382705359e-05,2.6772283399306291e-06,2.8179482329156788e-06,-5.6676968005671313e-07,2.6061873386027094e-06,2.8727836409785244e-06,-5.6913281916978841e-07,-0.28477449582521691,1.4896291250058533,0.00035425692687137653,-0.45019175303540176,1.3640670111489919,-0.00015291776067088069,0.28477449582521691,-1.4896291250058533,-0.00035425692687137653,0.45019175303540176,-1.3640670111489919,0.00015291776067088069,-1.3267204090965414,2.208800254273827,0,-1.4267204090965415,2.208800254273827,0,0.035003069370759664,0.025177819256745879,-4.1399951274211973e-06,0.034190478733404091,0.028171263020149485,7.861541655770097e-06,-0.31977756519597655,1.4644513057491075,0.00035839692199879771,-0.48438223176880585,1.3358957481288425,-0.0001607793023266508,-0.28477449582521691,1.4896291250058533,0.00035425692687137653,-0.45019175303540176,1.3640670111489919,-0.00015291776067088069,0,0,0,0,0,0,0,0,0,0,0,0
control,0,337,1685,1690,3370000000,3370000000,0,-1,0.01,1,1,0,0,none,0,0,1,1,-0.089323573107488563,1.3116060736706032e-05,0.56569935480556288,0.9999444927114659,-1.0855155591208093e-05,-0.010536193723338897,5.1180398268194522e-09,3.3890477328888988e-06,-5.1863278053661021e-08,5.3555034764610402e-07,8.8833253702842175e-08,5.9661865927718573e-06,1.6736716691004818e-08,-1.329637637798047,2.2067017802261657,1.3889411637997121e-05,-1.4295699138044853,2.2064523205288653,-2.6115303293086046e-05,2.963369024357498e-06,3.0963871545713495e-06,-4.9495102616272798e-07,2.8773430916461016e-06,3.1987115046843952e-06,-4.9126225731518578e-07,-0.2847751821784909,1.4896284207042858,0.00035425483572219861,-0.4501924047964892,1.3640662341310847,-0.00015292012855869024,0.2847751821784909,-1.4896284207042858,-0.00035425483572219861,0.4501924047964892,-1.3640662341310847,0.00015292012855869024,-1.3267204090965414,2.208800254273827,0,-1.4267204090965415,2.208800254273827,0,0.035002299364530302,0.025177043991203511,-4.1420759400910002e-06,0.034189740480687673,0.028170406872283039,7.8591541007915726e-06,-0.31977748154302121,1.4644513767130822,0.00035839691166228963,-0.48438214527717688,1.3358958272588017,-0.00016077928265948181,-0.2847751821784909,1.4896284207042858,0.00035425483572219861,-0.4501924047964892,1.3640662341310847,-0.00015292012855869024,0,0,0,0,0,0,0,0,0,0,0,0
control,0,338,1690,1695,3380000000,3380000000,0,-1,0.01,1,1,0,0,none,0,0,1,1,-0.089323540125493428,1.3115841930066731e-05,0.56569936001772791,0.99994449301734833,-1.0854967908689895e-05,-0.010536164693491924,5.1551400455154987e-09,3.2322169529752151e-06,-2.253893824289149e-09,5.1078535945949577e-07,3.8414810067303639e-09,5.6902149022643219e-06,1.7837891992765957e-09,-1.3296376068523701,2.2067018124846944,1.3885080365316312e-05,-1.4295698837711415,2.2064523540435883,-2.6119562935401895e-05,3.1952689094960724e-06,3.3192323163352356e-06,-4.2175799897125735e-07,3.096119884396865e-06,3.4650809859297453e-06,-4.1242636258109486e-07,-0.28477581048469119,1.4896277763993755,0.00035425246400669466,-0.45019299900344101,1.3640655187555499,-0.00015292277054744808,0.28477581048469119,-1.4896277763993755,-0.00035425246400669466,0.45019299900344101,-1.3640655187555499,0.00015292277054744808,-1.3267204090965414,2.208800254273827,0,-1.4267204090965415,2.208800254273827,0,0.035001580166579678,0.025176322621116021,-4.1444362096463311e-06,0.034189051915372803,0.028169605141385209,7.8564901987496228e-06,-0.31977739065127087,1.4644514537782596,0.00035839690021634101,-0.48438205091881381,1.3358959136141648,-0.00016077926074619772,-0.28477581048469119,1.4896277763993755,0.00035425246400669466,-0.45019299900344101,1.3640655187555499,-0.00015292277054744808,0,0,0,0,0,0,0,0,0,0,0,0
control,0,339,1695,1700,3390000000,3390000000,0,-1,0.01,1,1,0,0,none,0,0,1,1,-0.08932350889029135,1.3116102784482461e-05,0.56569936495402284,0.99994449330703228,-1.0855191846859725e-05,-0.010536137200533209,5.1242209481912755e-09,3.0462996741294371e-06,4.4553343673406012e-08,4.8142264195248053e-07,-7.634991462068892e-08,5.3630294014642693e-06,-1.2335143382596666e-08,-1.3296375738986832,2.2067018466505375,1.3881458809799531e-05,-1.4295698518504814,2.2064523898766888,-2.6123059385574024e-05,3.3736000213143654e-06,3.4873602520731414e-06,-3.4816689812654672e-07,3.2632376011005867e-06,3.6724888678911091e-06,-3.3364279851714623e-07,-0.28477637686289164,1.4896271960563088,0.00035424985857316683,-0.45019353215116836,1.3640648697173745,-0.00015292563704079099,0.28477637686289164,-1.4896271960563088,-0.00035424985857316683,0.45019353215116836,-1.3640648697173745,0.00015292563704079099,-1.3267204090965414,2.208800254273827,0,-1.4267204090965415,2.208800254273827,0,0.035000917225669261,0.025175660439095891,-4.147029298033532e-06,0.034188418190876368,0.028168864032356425,7.8535999555980641e-06,-0.31977729408856093,1.464451535617213,0.00035839688787120036,-0.48438195034204473,1.335896005685018,-0.00016077923699638904,-0.28477637686289164,1.4896271960563088,0.00035424985857316683,-0.45019353215116836,1.3640648697173745,-0.00015292563704079099,0,0,0,0,0,0,0,0,0,0,0,0
control,0,340,1700,1705,3400000000,3400000000,0,-1,0.01,1,1,0,0,none,0,0,1,1,-0.089323479668103903,1.3116812615226032e-05,0.56569936957236322,0.99994449357804716,-1.085580107554368e-05,-0.010536111478828995,5.0295763778719756e-09,2.8354182334294431e-06,8.8123561266518941e-08,4.4811352140665884e-07,-1.509959721309107e-07,4.9918864398769206e-06,-2.5487650043740299e-08,-1.329637539464845,2.2067018821854028,1.3878545152181787e-05,-1.4295698185513774,2.2064524274463855,-2.6125799158748998e-05,3.4996399013164118e-06,3.6022561242723214e-06,-2.7509592394363108e-07,3.379996649085756e-06,3.8222063477136607e-06,-2.558631913159228e-07,-0.28477687843089655,1.4896266826068987,0.00035424706608504252,-0.45019400170152901,1.3640642906090203,-0.00015292867890838408,0.28477687843089655,-1.4896266826068987,-0.00035424706608504252,0.45019400170152901,-1.3640642906090203,0.00015292867890838408,-1.3267204090965414,2.208800254273827,0,-1.4267204090965415,2.208800254273827,0,0.035000314959790557,0.025175061676904319,-4.1498087494573545e-06,0.034187843463057366,0.028168188619776449,7.8505329071904957e-06,-0.31977719339068711,1.4644516209299943,0.00035839687483449985,-0.48438184516458638,1.3358961019892439,-0.00016077921181557457,-0.28477687843089655,1.4896266826068987,0.00035424706608504252,-0.45019400170152901,1.3640642906090203,-0.00015292867890838408,0,0,0,0,0,0,0,0,0,0,0,0
control,0,341,1705,1710,3410000000,3410000000,0,-1,0.01,1,1,0,0,none,0,0,1,1,-0.089323452683649579,1.3117936783636406e-05,0.5656993738372218,0.99994449382831041,-1.085676587176864e-05,-0.010536087726218901,4.8760676911881775e-09,2.6037325161363058e-06,1.2808786219791103e-07,4.1151524211090856e-07,-2.1946473938897317e-07,4.5841086341977141e-06,-3.7561234289985471e-08,-1.329637504062771,2.2067019185690739,1.3876329104319931e-05,-1.4295697843666459,2.2064524661871885,-2.6127797523738458e-05,3.5752170285141922e-06,3.6659567283405067e-06,-2.0339782483341348e-07,3.4482244867712455e-06,3.9161207499814878e-06,-1.799658460019381e-07,-0.28477731327563005,1.4896262379800791,0.00035424413246885016,-0.45019440605139915,1.3640637839472167,-0.00015293184805113092,0.28477731327563005,-1.4896262379800791,-0.00035424413246885016,0.45019440605139915,-1.3640637839472167,0.00015293184805113092,-1.3267204090965414,2.208800254273827,0,-1.4267204090965415,2.208800254273827,0,0.034999776769212496,0.025174529521943975,-4.152728840054308e-06,0.034187330904522958,0.028167582858536926,7.8473375494216343e-06,-0.31977709004484256,1.4644517084581352,0.00035839686130890449,-0.48438173695592213,1.3358962010886799,-0.00016077918560055256,-0.28477731327563005,1.4896262379800791,0.00035424413246885016,-0.45019440605139915,1.3640637839472167,-0.00015293184805113092,0,0,0,0,0,0,0,0,0,0,0,0
control,0,342,1710,1715,3420000000,3420000000,0,-1,0.01,1,1,0,0,none,0,0,1,1,-0.089323428120087436,1.3119437363129324e-05,0.56569937771963918,0.99994449405612285,-1.0858053691191609e-05,-0.010536066103966268,4.6690291293923614e-09,2.3553871199759377e-06,1.6414424057064378e-07,3.7228272441514274e-07,-2.8123884112500748e-07,4.1469918528828437e-06,-4.8463620222448727e-08,-1.3296374681832561,2.2067019553045659,1.3874792580110332e-05,-1.4295697497680986,2.2064525055556885,-2.6129077755586908e-05,3.602654086958646e-06,3.6809893351665343e-06,-1.3385367923724657e-07,3.4702202965120562e-06,3.9566724061588414e-06,-1.0674983848371045e-07,-0.28477768041525725,1.4896258631443773,0.00035424110239990115,-0.450194744493152,1.3640633512127622,-0.0001529350979165559,0.28477768041525725,-1.4896258631443773,-0.00035424110239990115,0.450194744493152,-1.3640633512127622,0.0001529350979165559,-1.3267204090965414,2.208800254273827,0,-1.4267204090965415,2.208800254273827,0,0.034999305059445852,0.025174066147129956,-4.1557450900712378e-06,0.034186882728240019,0.028167049609052475,7.8440608186002575e-06,-0.31977698547470312,1.4644517969972473,0.00035839684748997238,-0.484381627221392,1.3358963016037098,-0.00016077915873515615,-0.28477768041525725,1.4896258631443773,0.00035424110239990115,-0.450194744493152,1.3640633512127622,-0.0001529350979165559,0,0,0,0,0,0,0,0,0,0,0,0
control,0,343,1715,1720,3430000000,3430000000,0,-1,0.01,1,1,0,0,none,0,0,1,1,-0.089323406119469262,1.3121273808898508e-05,0.56569938119715046,0.99994449426016696,-1.0859629742696401e-05,-0.010536046737155021,4.4141725647554631e-09,2.09446213171124e-06,1.9605759350111959e-07,3.3106067145354453e-07,-3.3591549929815225e-07,3.6877185489601066e-06,-5.8122777273352457e-08,-1.329637432291388,2.2067019919226718,1.3873910417491047e-05,-1.4295697152021711,2.2064525450357113,-2.6129670338876154e-05,3.5847070512023854e-06,3.6503104536740927e-06,-6.7168129901431773e-08,3.4486955661551357e-06,3.9467908180932587e-06,-3.6930360785483499e-08,-0.28477797974965974,1.4896255581563409,0.0003542380188454869,-0.45019501716387661,1.36406299289737,-0.00015293838396673564,0.28477797974965974,-1.4896255581563409,-0.0003542380188454869,0.45019501716387661,-1.36406299289737,0.00015293838396673564,-1.3267204090965414,2.208800254273827,0,-1.4267204090965415,2.208800254273827,0,0.034998901277581755,0.025173672748181622,-4.1588147187522425e-06,0.034186500224206114,0.028166590671160893,7.8407476197021194e-06,-0.3197768810272415,1.4644518854081592,0.00035839683356423915,-0.48438151738808272,1.3358964022262092,-0.00016077913158643776,-0.28477797974965974,1.4896255581563409,0.0003542380188454869,-0.45019501716387661,1.36406299289737,-0.00015293838396673564,0,0,0,0,0,0,0,0,0,0,0,0
control,0,344,1720,1725,3440000000,3440000000,0,-1,0.01,1,1,0,0,none,0,0,1,1,-0.089323386783660474,1.3123403622593625e-05,0.56569938425364141,0.99994449443949784,-1.0861457558689159e-05,-0.010536029715499351,4.1174929213786133e-09,1.8249278254941951e-06,2.2365888344286303e-07,2.8847646149572558e-07,-3.8320510100886364e-07,3.2132780118551092e-06,-6.6486666965903537e-08,-1.3296373968225672,2.2067020279858749,1.3873651139443131e-05,-1.4295696810861429,2.2064525841428124,-2.6129612135403262e-05,3.5245048126447267e-06,3.5772414535085177e-06,-3.9657635487993941e-09,3.386715423811673e-06,3.8898271486108533e-06,2.8864420535151645e-08,-0.28477821200624043,1.4896253222197813,0.00035423492265387971,-0.45019522499049125,1.3640627085622441,-0.00015294166408170897,0.28477821200624043,-1.4896253222197813,-0.00035423492265387971,0.45019522499049125,-1.3640627085622441,0.00015294166408170897,-1.3267204090965414,2.208800254273827,0,-1.4267204090965415,2.208800254273827,0,0.034998565955090356,0.025173349593244788,-4.1618970536554994e-06,0.034186183802080931,0.028166206831451761,7.8374404195942198e-06,-0.3197767779613308,1.4644519726265366,0.00035839681970753522,-0.48438140879257219,1.3358965017307924,-0.0001607791045013032,-0.28477821200624043,1.4896253222197813,0.00035423492265387971,-0.45019522499049125,1.3640627085622441,-0.00015294166408170897,0,0,0,0,0,0,0,0,0,0,0,0
control,0,345,1725,1730,3450000000,3450000000,0,-1,0.01,1,1,0,0,none,0,0,1,1,-0.089323370175688588,1.3125783003820822e-05,0.56569938687913546,0.99994449459353096,-1.0863499554093373e-05,-0.010536015094529966,3.7851754164381824e-09,1.5506036129682186e-06,2.4684350916590186e-07,2.4513365280828245e-07,-4.2292840856325614e-07,2.7303940872688025e-06,-7.3522763510533124e-08,-1.3296373621791382,2.2067020630916252,1.3873977742952824e-05,-1.4295696478049498,2.2064526224280971,-2.6128945527925579e-05,3.4254871186539667e-06,3.4654048692231399e-06,5.5211376227572757e-08,3.287638410119011e-06,3.7894869096473002e-06,9.0095498801980172e-08,-0.28477837867764816,1.4896251537501048,0.00035423185219184334,-0.45019536962727835,1.364062496902726,-0.00015294489892016751,0.28477837867764816,-1.4896251537501048,-0.00035423185219184334,0.45019536962727835,-1.364062496902726,0.00015294489892016751,-1.3267204090965414,2.208800254273827,0,-1.4267204090965415,2.208800254273827,0,0.034998298760483174,0.025173096079117534,-4.1649538916972255e-06,0.03418593304328385,0.028165897918393565,7.8341788834375747e-06,-0.31977667743813132,1.4644520576709874,0.00035839680608354055,-0.48438130267056217,1.3358965989843323,-0.00016077907780360508,-0.28477837867764816,1.4896251537501048,0.00035423185219184334,-0.45019536962727835,1.364062496902726,-0.00015294489892016751,0,0,0,0,0,0,0,0,0,0,0,0
control,0,346,1730,1735,3460000000,3460000000,0,-1,0.01,1,1,0,0,none,0,0,1,1,-0.089323356321475797,1.3128367480945347e-05,0.56569938906951966,0.99994449472202618,-1.0865717567591347e-05,-0.010536002897118308,3.4235056952790885e-09,1.2751214581555841e-06,2.6556895165231751e-07,2.0160620185362485e-07,-4.550125285009084e-07,2.2454607644635582e-06,-7.9217347817063653e-08,-1.32963732872764,2.206702096874976,1.3874848504116666e-05,-1.4295696157085982,2.2064526594813709,-2.6127717551915264e-05,3.2913430077078582e-06,3.318660915194416e-06,1.0990499413140255e-07,3.1550568291315489e-06,3.6497624588752524e-06,1.4631377229112749e-07,-0.28477848195462746,1.4896250504444655,0.0003542288430416398,-0.45019545338895384,1.3640623558195424,-0.000152948052214742,0.28477848195462746,-1.4896250504444655,-0.0003542288430416398,0.45019545338895384,-1.3640623558195424,0.000152948052214742,-1.3267204090965414,2.208800254273827,0,-1.4267204090965415,2.208800254273827,0,0.034998098558670733,0.025172910794839173,-4.16794980094157e-06,0.034185746759436419,0.028165662865784331,7.8309995769600214e-06,-0.31977658051329821,1.4644521396496264,0.00035839679284258138,-0.48438120014839026,1.3358966929537581,-0.00016077905179170203,-0.28477848195462746,1.4896250504444655,0.0003542288430416398,-0.45019545338895384,1.3640623558195424,-0.000152948052214742,0,0,0,0,0,0,0,0,0,0,0,0
control,0,347,1735,1740,3470000000,3470000000,0,-1,0.01,1,1,0,0,none,0,0,1,1,-0.089323345211909766,1.3131112514371196e-05,0.56569939082621767,0.99994449482506742,-1.0868073379257479e-05,-0.010535993115298558,3.038783847279308e-09,1.0018939151486572e-06,2.7985176650358132e-07,1.5843341466378311e-07,-4.7948576115420038e-07,1.7644858994982523e-06,-8.3574602990941891e-08,-1.3296372967966634,2.2067021290105977,1.3876217788518725e-05,-1.4295695851101669,2.2064526949336156,-2.6125979026884951e-05,3.1259501665824204e-06,3.1410452081662575e-06,1.5974071939721577e-07,2.9927381277371271e-06,3.474866330542949e-06,1.9715971777929729e-07,-0.28477852465474202,1.4896250093560834,0.00035422592774813825,-0.45019547918010544,1.3640622824951756,-0.00015295109101430701,0.28477852465474202,-1.4896250093560834,-0.00035422592774813825,0.45019547918010544,-1.3640622824951756,0.00015295109101430701,-1.3267204090965414,2.208800254273827,0,-1.4267204090965415,2.208800254273827,0,0.034997963476214068,0.025172791590939086,-4.1708523725254778e-06,0.034185623056312377,0.028165499783040483,7.8279357221765206e-06,-0.3197764881309561,1.4644522177651444,0.00035839678012066374,-0.48438110223641784,1.3358967827121351,-0.00016077902673648352,-0.28477852465474202,1.4896250093560834,0.00035422592774813825,-0.45019547918010544,1.3640622824951756,-0.00015295109101430701,0,0,0,0,0,0,0,0,0,0,0,0
control,0,348,1740,1745,3480000000,3480000000,0,-1,0.01,1,1,0,0,none,0,0,1,1,-0.089323336805205822,1.3133974066210357e-05,0.56569939215581677,0.9999444949030426,-1.0870529199360083e-05,-0.010535985712346197,2.6372431760651055e-09,7.3408687908537376e-07,2.8976399792421079e-07,1.1611564207731615e-07,-4.964714593686777e-07,1.2930432287569413e-06,-8.6615533519750811e-08,-1.3296372666753091,2.2067021592141756,1.3878036856882697e-05,-1.4295695562843884,2.2064527284588102,-2.6123783697623893e-05,2.9333158711992789e-06,2.9367083820219965e-06,2.044272393631527e-07,2.8045678648578505e-06,3.2691662264229109e-06,2.4236199597326541e-07,-0.28477851014802019,1.4896250269716362,0.00035422313561971313,-0.45019545042188447,1.3640622734739276,-0.00015295398587036703,0.28477851014802019,-1.4896250269716362,-0.00035422313561971313,0.45019545042188447,-1.3640622734739276,0.00015295398587036703,-1.3267204090965414,2.208800254273827,0,-1.4267204090965415,2.208800254273827,0,0.034997890971405543,0.025172735653243971,-4.1736324190329666e-06,0.034185559402365527,0.028165406030861217,7.825017009488504e-06,-0.31977640111942573,1.4644522913183922,0.00035839676803874608,-0.48438100982424998,1.3358968674430665,-0.00016077900287985553,-0.28477851014802019,1.4896250269716362,0.00035422313561971313,-0.45019545042188447,1.3640622734739276,-0.00015295398587036703,0,0,0,0,0,0,0,0,0,0,0,0
control,0,349,1745,1750,3490000000,3490000000,0,-1,0.01,1,1,0,0,none,0,0,1,1,-0.089323331029513314,1.3136909131029836e-05,0.56569939306965633,0.99994449495661764,-1.0873048123773318e-05,-0.010535980625071448,2.2249744813037675e-09,4.7459707986955293e-07,2.9542909336521005e-07,7.511070324701205e-08,-5.0618103179248744e-07,8.362327462088865e-07,-8.8376732694604675e-08,-1.3296372386122197,2.206702187243224,1.3880254656304113e-05,-1.4295695294667847,2.2064527597751185,-2.6121187395251975e-05,2.7175200643404871e-06,2.7098583268737809e-06,2.4375445309260776e-07,2.5944948588431968e-06,3.0371223968198449e-06,2.8173505619090089e-07,-0.28477844228057497,1.4896250992902984,0.00035422049258269255,-0.45019537097708501,1.3640623247443908,-0.00015295671096790558,0.28477844228057497,-1.4896250992902984,-0.00035422049258269255,0.45019537097708501,-1.3640623247443908,0.00015295671096790558,-1.3267204090965414,2.208800254273827,0,-1.4267204090965415,2.208800254273827,0,0.034997877908042936,0.025172739579745706,-4.1762641195458637e-06,0.034185552700630228,0.028165378300907064,7.8222694657660466e-06,-0.3197763201886179,1.4644523597105528,0.00035839675670223839,-0.48438092367771524,1.3358969464434838,-0.00016077898043367162,-0.28477844228057497,1.4896250992902984,0.00035422049258269255,-0.45019537097708501,1.3640623247443908,-0.00015295671096790558,0,0,0,0,0,0,0,0,0,0,0,0
control,0,350,1750,1755,3500000000,3500000000,0,-1,0.01,1,1,0,0,none,0,0,1,1,-0.089323327785718665,1.3139876223163116e-05,0.56569939358338472,0.99994449498671167,-1.087559455212773e-05,-0.010535977766285976,1.8078565106182877e-09,2.2603428024148847e-07,2.9701739897648508e-07,3.5831084974635892e-08,-5.0890622836837584e-07,3.9864933923223391e-07,-8.8909019782257434e-08,-1.3296372128151659,2.2067022128973344,1.3882818588623308e-05,-1.4295695048533372,2.2064527886454641,-2.6118247226922199e-05,2.4826614409350637e-06,2.4647051670400851e-06,2.7759081997290272e-07,2.3664793340905859e-06,2.7832276467630056e-06,3.1517587906186419e-07,-0.28477832529771074,1.4896252219041095,0.00035421802108313876,-0.45019524507500203,1.3640624318237593,-0.0001529592442049757,0.28477832529771074,-1.4896252219041095,-0.00035421802108313876,0.45019524507500203,-1.3640624318237593,0.0001529592442049757,-1.3267204090965414,2.208800254273827,0,-1.4267204090965415,2.208800254273827,0,0.034997920631332127,0.025172799460160756,-4.1787251175856376e-06,0.03418559936254733,0.028165412698884111,7.8197153741235668e-06,-0.31977624592904286,1.4644524224439488,0.0003583967462007244,-0.48438084443754936,1.3358970191248751,-0.00016077895957909927,-0.28477832529771074,1.4896252219041095,0.00035421802108313876,-0.45019524507500203,1.3640624318237593,-0.0001529592442049757,0,0,0,0,0,0,0,0,0,0,0,0
control,0,351,1755,1760,3510000000,3510000000,0,-1,0.01,1,1,0,0,none,0,0,1,1,-0.089323326950398643,1.3142835816882194e-05,0.56569939371649303,0.99994449499446925,-1.0878134565520285e-05,-0.010535977027401874,1.3914931083060831e-09,-9.2919038444396288e-09,2.9474131719958872e-07,-1.3581369836369744e-09,-5.0501084657055969e-07,-1.5640415023956338e-08,-8.8275977095265053e-08,-1.3296371894511514,2.2067022360178981,1.3885675248110597e-05,-1.4295694826006549,2.2064528148775251,-2.6115020802027049e-05,2.2328066066810467e-06,2.2054099418226545e-06,3.0587988036214451e-07,2.1244441205631489e-06,2.5119509602679121e-06,3.4265993365432702e-07,-0.28477816376691417,1.4896253900778096,0.00035421574003944114,-0.45019507723649577,1.3640625898422321,-0.00015296156722247254,0.28477816376691417,-1.4896253900778096,-0.00035421574003944114,0.45019507723649577,-1.3640625898422321,0.00015296156722247254,-1.3267204090965414,2.208800254273827,0,-1.4267204090965415,2.208800254273827,0,0.034998015045409503,0.025172910956234355,-4.1809965684512861e-06,0.034185695383179261,0.028165504829182241,7.8173732439253974e-06,-0.31977617881232367,1.4644524791215752,0.00035839673660789244,-0.48438077261967505,1.3358970850130498,-0.00016077894046639794,-0.28477816376691417,1.4896253900778096,0.00035421574003944114,-0.45019507723649577,1.3640625898422321,-0.00015296156722247254,0,0,0,0,0,0,0,0,0,0,0,0
control,0,352,1760,1765,3520000000,3520000000,0,-1,0.01,1,1,0,0,none,0,0,1,1,-0.089323328378878505,1.3145750736535004e-05,0.56569939349183096,0.99994449498123217,-1.0880636261297972e-05,-0.010535978281122889,9.8115747098757802e-10,-2.2938069602699803e-07,2.888502070094008e-07,-3.6140686501177349e-08,-4.9492199672186422e-07,-4.0311356923707112e-07,-8.655240770864227e-08,-1.3296371686470077,2.2067022564873393,1.3888771121294456e-05,-1.4295694628266109,2.2064528383231949,-2.6111565502046979e-05,1.9719427909173478e-06,1.9360372882759167e-06,3.2863609549774026e-07,1.8722293317293289e-06,2.2276851411896969e-06,3.6423642307777783e-07,-0.28477796250171206,1.4896255988273603,0.00035421366484050061,-0.45019487220013288,1.3640627936264151,-0.00015296366538562338,0.28477796250171206,-1.4896255988273603,-0.00035421366484050061,0.45019487220013288,-1.3640627936264151,0.00015296366538562338,-1.3267204090965414,2.208800254273827,0,-1.4267204090965415,2.208800254273827,0,0.034998156691408253,0.025173069381919638,-4.1830631411632239e-06,0.034185836416835015,0.028165649879872658,7.8152578294602038e-06,-0.31977611919312032,1.4644525294454407,0.00035839672798166386,-0.48438070861696791,1.3358971437465426,-0.00016077892321508358,-0.28477796250171206,1.4896255988273603,0.00035421366484050061,-0.45019487220013288,1.3640627936264151,-0.00015296366538562338,0,0,0,0,0,0,0,0,0,0,0,0
control,0,353,1765,1770,3530000000,3530000000,0,-1,0.01,1,1,0,0,none,0,0,1,1,-0.089323331908350873,1.3148586494556092e-05,0.56569939293511573,0.99994449494851012,-1.0883070043121501e-05,-0.010535981384189369,5.8174382575341056e-10,-4.325445545821247e-07,2.7962510667308103e-07,-6.8249772108418469e-08,-4.7912106353516945e-07,-7.6079855718843925e-07,-8.382273676552796e-08,-1.3296371504904339,2.2067022742278972,1.3892053243012262e-05,-1.4295694456114083,2.206452858877535,-2.6107937800081354e-05,1.7039347898538539e-06,1.6605121090490115e-06,3.4594010344437274e-07,1.6135512274197126e-06,1.934698468790365e-06,3.8002295372990232e-07,-0.28477772648782629,1.4896258429968059,0.00035421180738642882,-0.45019463485085304,1.3640630377815406,-0.00015296552772212047,0.28477772648782629,-1.4896258429968059,-0.00035421180738642882,0.45019463485085304,-1.3640630377815406,0.00015296552772212047,-1.3267204090965414,2.208800254273827,0,-1.4267204090965415,2.208800254273827,0,0.03499834082452425,0.025173269782993536,-4.1849129780758973e-06,0.034186017851560321,0.028165842707801165,7.8133801923379117e-06,-0.31977606731235053,1.4644525732138123,0.00035839672036450473,-0.48438065270241337,1.3358971950737395,-0.00016077890791445839,-0.28477772648782629,1.4896258429968059,0.00035421180738642882,-0.45019463485085304,1.3640630377815406,-0.00015296552772212047,0,0,0,0,0,0,0,0,0,0,0,0
control,0,354,1770,1775,3540000000,3540000000,0,-1,0.01,1,1,0,0,none,0,0,1,1,-0.089323337361013916,1.3151311576037484e-05,0.56569939207443476,0.9999444948979519,-1.0885408865179574e-05,-0.010535986180140219,1.9772670885529908e-10,-6.1740948579866525e-07,2.6737335569235333e-07,-9.7468154200026327e-08,-4.5813449425731245e-07,-1.0862757560785505e-06,-8.0179384892670192e-08,-1.3296371350314475,2.2067022892000026,1.3895469803458612e-05,-1.4295694309990343,2.2064528764772811,-2.6104192635104546e-05,1.4324858979407481e-06,1.3825809986451018e-06,3.5793347051596209e-07,1.3519649506910908e-06,1.6370912437392341e-06,3.9019971542275421e-07,-0.2847774608115568,1.4896261173318643,0.00035421017616934212,-0.45019437015101049,1.3640633167705614,-0.00015296714681970849,0.2847774608115568,-1.4896261173318643,-0.00035421017616934212,0.45019437015101049,-1.3640633167705614,0.00015296714681970849,-1.3267204090965414,2.208800254273827,0,-1.4267204090965415,2.208800254273827,0,0.034998562490026357,0.025173507014395143,-4.186537614563381e-06,0.034186234882487683,0.028166077921685483,7.8117478047602251e-06,-0.31977602330158317,1.4644526103174691,0.00035839671378390549,-0.48438060503349817,1.3358972388488759,-0.00016077889462446873,-0.2847774608115568,1.4896261173318643,0.00035421017616934212,-0.45019437015101049,1.3640633167705614,-0.00015296714681970849,0,0,0,0,0,0,0,0,0,0,0,0
control,0,355,1775,1780,3550000000,3550000000,0,-1,0.01,1,1,0,0,none,0,0,1,1,-0.089323344547189737,1.3153897669302222e-05,0.56569939093975341,0.9999444948313162,-1.0887628430076607e-05,-0.010535992502057265,-1.6687206138260948e-10,-7.8291154187363168e-07,2.5242319049085804e-07,-1.2362757931623526e-07,-4.3252454238907275e-07,-1.3776713326570584e-06,-7.5721129082431895e-08,-1.3296371222841943,2.2067023014002967,1.3898970702099647e-05,-1.4295694189990604,2.2064528910989356,-2.6100382845000731e-05,1.161103581239669e-06,1.1057780410383064e-06,3.6481305021747269e-07,1.0908319278933564e-06,1.3387568384137639e-06,3.9500327757920267e-07,-0.28477717059200941,1.4896264165503807,0.00035420877638986896,-0.45019408307539588,1.3640636249904328,-0.00015296851868724514,0.28477717059200941,-1.4896264165503807,-0.00035420877638986896,0.45019408307539588,-1.3640636249904328,0.00015296851868724514,-1.3267204090965414,2.208800254273827,0,-1.4267204090965415,2.208800254273827,0,0.034998816596462375,0.025173775815302255,-4.187931863140767e-06,0.034186482582335039,0.028166349963438822,7.8103646896212596e-06,-0.31977598718847178,1.4644526407350784,0.00035839670825300971,-0.48438056565773091,1.335897275026994,-0.00016077888337686641,-0.28477717059200941,1.4896264165503807,0.00035420877638986896,-0.45019408307539588,1.3640636249904328,-0.00015296851868724514,0,0,0,0,0,0,0,0,0,0,0,0
control,0,356,1780,1785,3560000000,3560000000,0,-1,0.01,1,1,0,0,none,0,0,1,1,-0.089323353268386113,1.3156319842638393e-05,0.56569938956243138,0.99994449475044433,-1.0889707340526656e-05,-0.010536000175259989,-5.0850874745547658e-10,-9.2828978444667252e-07,2.3511838333780642e-07,-1.4660767415742186e-07,-4.0288008441168899e-07,-1.6336448705276903e-06,-7.0551481286623527e-08,-1.3296371122290789,2.2067023108593338,1.3902508045266199e-05,-1.4295694095887421,2.2064529027565056,-2.6096558661406509e-05,8.9306948643899285e-07,8.3339561682773522e-07,3.6682504462449169e-07,8.332914645372985e-07,1.0433479891572552e-06,3.9472011465468878e-07,-0.2847768609168837,1.4896267354082908,0.00035420761010556805,-0.45019377854991566,1.3640639568438908,-0.00015296964258394461,0.2847768609168837,-1.4896267354082908,-0.00035420761010556805,0.45019377854991566,-1.3640639568438908,0.00015296964258394461,-1.3267204090965414,2.208800254273827,0,-1.4267204090965415,2.208800254273827,0,0.034999097986219696,0.025174070880493261,-4.1890936658110836e-06,0.03418675596921044,0.028166653185872463,7.8092315926892171e-06,-0.3197759589031034,1.4644526645277975,0.00035839670377137915,-0.4843805345191261,1.3358973036580184,-0.00016077887417663382,-0.2847768609168837,1.4896267354082908,0.00035420761010556805,-0.45019377854991566,1.3640639568438908,-0.00015296964258394461,0,0,0,0,0,0,0,0,0,0,0,0
control,0,357,1785,1790,3570000000,3570000000,0,-1,0.01,1,1,0,0,none,0,0,1,1,-0.089323363320267968,1.3158556668026524e-05,0.56569938797475283,0.9999444946572309,-1.0891627205568265e-05,-0.010536009019921104,-8.2413550280201438e-10,-1.0530760302601403e-06,2.1581299057332502e-07,-1.6633431968077163e-07,-3.6980762429329962e-07,-1.8533713253945909e-06,-6.4777095854594568e-08,-1.3296371048151661,2.2067023176390244,1.3906036584794375e-05,-1.4295694027153794,2.2064529114989271,-2.6092767268522717e-05,6.3141424932136136e-07,5.6845991321350333e-07,3.6425881650630484e-07,5.8223701229793338e-07,7.5424801733458079e-07,3.896799284586634e-07,-0.28477653678299919,1.489627068760988,0.0003542066764096081,-0.45019346139500654,1.3640643068068206,-0.0001529705208195114,0.28477653678299919,-1.489627068760988,-0.0003542066764096081,0.45019346139500654,-1.3640643068068206,0.0001529705208195114,-1.3267204090965414,2.208800254273827,0,-1.4267204090965415,2.208800254273827,0,0.034999401502121566,0.025174386927761642,-4.1900239162636276e-06,0.034187050070535588,0.028166981926772756,7.8083461841338821e-06,-0.31977593828512074,1.4644526818332264,0.0003583967003258717,-0.48438051146554212,1.3358973248800479,-0.00016077886700364529,-0.28477653678299919,1.489627068760988,0.0003542066764096081,-0.45019346139500654,1.3640643068068206,-0.0001529705208195114,0,0,0,0,0,0,0,0,0,0,0,0
control,0,358,1790,1795,3580000000,3580000000,0,-1,0.01,1,1,0,0,none,0,0,1,1,-0.089323374495509006,1.3160590293318055e-05,0.56569938620947602,0.99994449455359846,-1.0893372702549253e-05,-0.010536018853576348,-1.1112108402745952e-09,-1.1570817055906635e-06,1.9486627016453424e-07,-1.8277759113221321e-07,-3.3392258720994895e-07,-2.0365178958805176e-06,-5.8506231668705644e-08,-1.3296370999628087,2.2067023218298569,1.3909514096282621e-05,-1.4295693982988844,2.20645291740724,-2.6089052427259823e-05,3.7889679526749232e-07,3.137114090452369e-07,3.5744060553981238e-07,3.402967844501414e-07,4.7454732542522415e-07,3.802488664812757e-07,-0.28477620304146944,1.4896274116193464,0.00035420597163245734,-0.45019313627375601,1.3640646694900815,-0.00015297115852966773,0.28477620304146944,-1.4896274116193464,-0.00035420597163245734,0.45019313627375601,-1.3640646694900815,0.00015297115852966773,-1.3267204090965414,2.208800254273827,0,-1.4267204090965415,2.208800254273827,0,0.034999722050013789,0.025174718760527057,-4.1907262591617765e-06,0.034187359982937988,0.028167330578055219,7.8077032848538832e-06,-0.31977592509148323,1.4644526928588193,0.00035839669789161909,-0.48438049625669399,1.3358973389120263,-0.00016077886181452161,-0.28477620304146944,1.4896274116193464,0.00035420597163245734,-0.45019313627375601,1.3640646694900815,-0.00015297115852966773,0,0,0,0,0,0,0,0,0,0,0,0
control,0,359,1795,1800,3590000000,3590000000,0,-1,0.01,1,1,0,0,none,0,0,1,1,-0.089323386586496384,1.3162406464894307e-05,0.56569938429940581,0.99994449444147293,-1.0894931596622796e-05,-0.010536029493504949,-1.3677030406413012e-09,-1.2403821608483993e-06,1.7263782385164886e-07,-1.9594927124606001e-07,-2.9584099855969502e-07,-2.1832164192330976e-06,-5.1847277807969614e-08,-1.3296370975664524,2.2067023235479568,1.3912901696256983e-05,-1.4295693962345204,2.2064529205915493,-2.6085454164980236e-05,1.3798848716861948e-07,7.1589868600491374e-08,3.4672718560076806e-07,1.0981907846394838e-07,2.0702469071234494e-07,3.6682275562441229e-07,-0.28477586434852925,1.4896277592005136,0.00035420548956492551,-0.45019280764560543,1.3640650396961882,-0.00015297156343293766,0.28477586434852925,-1.4896277592005136,-0.00035420548956492551,0.45019280764560543,-1.3640650396961882,0.00015297156343293766,-1.3267204090965414,2.208800254273827,0,-1.4267204090965415,2.208800254273827,0,0.035000054656201242,0.025175061325639108,-4.1912068681571328e-06,0.034187680927128809,0.028167693650296161,7.8072951117128497e-06,-0.31977591900473051,1.4644526978748744,0.00035839669643308262,-0.48438048857273425,1.3358973460458921,-0.0001607788585446505,-0.28477586434852925,1.4896277592005136,0.00035420548956492551,-0.45019280764560543,1.3640650396961882,-0.00015297156343293766,0,0,0,0,0,0,0,0,0,0,0,0
control,0,360,1800,1805,3600000000,3600000000,0,-1,0.01,1,1,0,0,none,0,0,1,1,-0.089323399387864516,1.3163994503346996e-05,0.56569938227699301,0.99994449432275823,-1.0896294719933747e-05,-0.0105360407589602,-1.5920868655494932e-09,-1.3032987934565893e-06,1.4948301217435592e-07,-2.059000293576269e-07,-2.561716295013285e-07,-2.2940319084966253e-06,-4.4907366120863023e-08,-1.3296370974975775,2.2067023229320175,1.3916164098461836e-05,-1.429569396395759,2.2064529211878332,-2.6082008530319892e-05,-8.9138400246434001e-08,-1.5577588605381861e-07,3.3249958769789964e-07,-1.0713824002867837e-07,-4.5866295153494811e-08,3.4982040446921599e-07,-0.28477552512158744,1.4896281069727531,0.00035420522169624807,-0.45019247972526399,1.3640654124697262,-0.00015297174557145948,0.28477552512158744,-1.4896281069727531,-0.00035420522169624807,0.45019247972526399,-1.3640654124697262,0.00015297174557145948,-1.3267204090965414,2.208800254273827,0,-1.4267204090965415,2.208800254273827,0,0.035000394520033493,0.025175409765542684,-4.1914742089234455e-06,0.034188008297969488,0.028168065831368026,7.8071115388725069e-06,-0.31977591964162094,1.4644526972072103,0.00035839669590517152,-0.48438048802323347,1.3358973466383581,-0.00016077885711033199,-0.28477552512158744,1.4896281069727531,0.00035420522169624807,-0.45019247972526399,1.3640654124697262,-0.00015297174557145948,0,0,0,0,0,0,0,0,0,0,0,0
control,0,361,1805,1810,3610000000,3610000000,0,-1,0.01,1,1,0,0,none,0,0,1,1,-0.089323412698839352,1.3165347235172433e-05,0.56569938017396393,0.99994449419931652,-1.0897455913061565e-05,-0.0105360524732327,-1.7833340010858478e-09,-1.3463793399224363e-06,1.2574868540095725e-07,-2.1271630220248708e-07,-2.1550868387407449e-07,-2.3699278652847222e-06,-3.7791076970932806e-08,-1.3296370996077258,2.2067023201401592,1.3919269809946429e-05,-1.4295693986372211,2.2064529193546427,-2.6078747411941132e-05,-3.0061775737610589e-07,-3.6657383842227174e-07,3.1515689899096375e-07,-3.0881395741524899e-07,-2.8200608547274598e-07,3.2967705713569223e-07,-0.28477518950116198,1.4896284506944109,0.00035420515746647054,-0.45019215644735677,1.3640657831417691,-0.00015297171704029271,0.28477518950116198,-1.4896284506944109,-0.00035420515746647054,0.45019215644735677,-1.3640657831417691,0.00015297171704029271,-1.3267204090965414,2.208800254273827,0,-1.4267204090965415,2.208800254273827,0,0.035000737060848532,0.025175759464770839,-4.1915387879334767e-06,0.034188337709091091,0.028168442039339363,7.8071403707255547e-06,-0.31977592656201054,1.4644526912296401,0.00035839669625440404,-0.48438049415644785,1.3358973411024297,-0.00016077885741101825,-0.28477518950116198,1.4896284506944109,0.00035420515746647054,-0.45019215644735677,1.3640657831417691,-0.00015297171704029271,0,0,0,0,0,0,0,0,0,0,0,0
control,0,362,1810,1815,3620000000,3620000000,0,-1,0.01,1,1,0,0,none,0,0,1,1,-0.089323426325375946,1.3166460883858901e-05,0.5656993780209828,0.99994449407294761,-1.0898411931618112e-05,-0.010536064465532119,-1.9408977178539957e-09,-1.3703766898422181e-06,1.0176926625742843e-07,-2.1651695398814535e-07,-1.7442508721342337e-07,-2.4122289925346058e-06,-3.0599253745024729e-08,-1.3296371037315791,2.2067023153467544,1.392219126850842e-05,-1.4295694027976551,2.206452915269737,-2.6075698419309379e-05,-4.9489266072483804e-07,-5.5931030917070721e-07,2.9511026439971406e-07,-4.9374582350709006e-07,-4.9961333625579404e-07,3.0683806173410251e-07,-0.28477486131840452,1.4896287864466853,0.00035420528452632417,-0.45019184143663032,1.3640661473678699,-0.00015297149170890776,0.28477486131840452,-1.4896287864466853,-0.00035420528452632417,0.45019184143663032,-1.3640661473678699,0.00015297149170890776,-1.3267204090965414,2.208800254273827,0,-1.4267204090965415,2.208800254273827,0,0.035001077959442663,0.025176106090334372,-4.1914128937725113e-06,0.034188665032098199,0.028168817469084503,7.8073676227061092e-06,-0.3197759392778472,1.4644526803563509,0.00035839669742009669,-0.48438050646872854,1.3358973298987855,-0.00016077885933161385,-0.28477486131840452,1.4896287864466853,0.00035420528452632417,-0.45019184143663032,1.3640661473678699,-0.00015297149170890776,0,0,0,0,0,0,0,0,0,0,0,0
control,0,363,1815,1820,3630000000,3630000000,0,-1,0.01,1,1,0,0,none,0,0,1,1,-0.089323440082077252,1.316733492406777e-05,0.5656993758473482,0.99994449394537066,-1.0899162321175818e-05,-0.010536076572676245,-2.0646922666913344e-09,-1.3762265775458695e-06,7.7863213914076881e-08,-2.1744975009595274e-07,-1.334664291150463e-07,-2.4225819245570203e-06,-2.3427930260523291e-08,-1.3296371096900401,2.206702308739255,1.3924904923548161e-05,-1.4295694087029172,2.2064529091267087,-2.6072884822985064e-05,-6.7071432968160348e-07,-7.328076336658644e-07,2.7277711383657606e-07,-6.6076900172423348e-07,-6.9724478935464255e-07,2.8175282642999498e-07,-0.28477454406869701,1.489629110660591,0.00035420558900280818,-0.45019153798394485,1.3640665011597461,-0.00015297108493922838,0.28477454406869701,-1.489629110660591,-0.00035420558900280818,0.45019153798394485,-1.3640665011597461,0.00015297108493922838,-1.3267204090965414,2.208800254273827,0,-1.4267204090965415,2.208800254273827,0,0.035001413193478791,0.025176445626314353,-4.191110332756277e-06,0.034188986430010206,0.02816918763260385,7.8077778055740205e-06,-0.31977595726217578,1.4644526650342766,0.00035839669933556448,-0.48438052441395507,1.3358973135271424,-0.0001607788627448024,-0.28477454406869701,1.489629110660591,0.00035420558900280818,-0.45019153798394485,1.3640665011597461,-0.00015297108493922838,0,0,0,0,0,0,0,0,0,0,0,0
control,0,364,1820,1825,3640000000,3640000000,0,-1,0.01,1,1,0,0,none,0,0,1,1,-0.089323453793884899,1.3167971902868975e-05,0.5656993736807262,0.99994449381820927,-1.0899709263923374e-05,-0.010536088640579313,-2.155067578908718e-09,-1.365024490531752e-06,5.4329893045628553e-08,-2.1568771342500419e-07,-9.3145598989739394e-08,-2.4029145831930934e-06,-1.6367383349199844e-08,-1.3296371172932868,2.2067023005150732,1.3927391263049723e-05,-1.4295694161689141,2.2064529011316258,-2.6070325551267414e-05,-8.2713753612652151e-07,-8.8619803870107102e-07,2.4857570004705902e-07,-8.09011054840913e-07,-8.7379104181211265e-07,2.5486912174487754e-07,-0.28477424089078029,1.489629420137675,0.00035420605576539797,-0.45019124902782737,1.3640668409106675,-0.00015297051330408142,0.28477424089078029,-1.489629420137675,-0.00035420605576539797,0.45019124902782737,-1.3640668409106675,0.00015297051330408142,-1.3267204090965414,2.208800254273827,0,-1.4267204090965415,2.208800254273827,0,0.035001739067248842,0.025176774402103266,-4.1906461639172698e-06,0.034189298385053066,0.028169548392976352,7.8083542092929801e-06,-0.31977597995802914,1.4644526457355718,0.00035839670192931527,-0.48438054741288045,1.3358972925176913,-0.00016077886751337441,-0.28477424089078029,1.489629420137675,0.00035420605576539797,-0.45019124902782737,1.3640668409106675,-0.00015297051330408142,0,0,0,0,0,0,0,0,0,0,0,0
control,0,365,1825,1830,3650000000,3650000000,0,-1,0.01,1,1,0,0,none,0,0,1,1,-0.089323467297535736,1.3168377232178651e-05,0.56569937154691918,0.99994449369297744,-1.0900057400606968e-05,-0.010536100525534423,-2.2127798629381994e-09,-1.3380021285193064e-06,3.1446863290622076e-08,-2.1142539655303941e-07,-5.3938142059775971e-08,-2.3553947405132443e-06,-9.5013112117499783e-09,-1.3296371263437574,2.2067022908785368,1.3929634789893061e-05,-1.4295694250044797,2.2064528914997448,-2.6068035239635061e-05,-9.6351249510586692e-07,-1.0189142889175244e-06,2.2291997534533772e-07,-9.3788363965381425e-07,-1.0284686165991509e-06,2.2662776037959597e-07,-0.28477395455177934,1.4896297120651747,0.00035420666869049217,-0.4501909771415562,1.3640671634146346,-0.00015296979430865187,0.28477395455177934,-1.4896297120651747,-0.00035420666869049217,0.4501909771415562,-1.3640671634146346,0.00015296979430865187,-1.3267204090965414,2.208800254273827,0,-1.4267204090965415,2.208800254273827,0,0.035002052235334452,0.025177089114916083,-4.1900364357351855e-06,0.034189597720717634,0.02816989599191138,7.8090791838715375e-06,-0.31977600678711376,1.4644526229502586,0.00035839670512622735,-0.48438057486227382,1.3358972674227232,-0.00016077887349252341,-0.28477395455177934,1.4896297120651747,0.00035420666869049217,-0.4501909771415562,1.3640671634146346,-0.00015296979430865187,0,0,0,0,0,0,0,0,0,0,0,0
control,0,366,1830,1835,3660000000,3660000000,0,-1,0.01,1,1,0,0,none,0,0,1,1,-0.089323480442782127,1.3168558956678174e-05,0.56569936946967392,0.99994449357106874,-1.0900213631428813e-05,-0.010536112095287783,-2.2389587047387778e-09,-1.2965037236764249e-06,9.4676007317001444e-09,-2.0487514050937403e-07,-1.6278355018609753e-08,-2.2823883307902544e-06,-2.9061444605693704e-09,-1.3296371366390387,2.2067022800379563,1.3931623950999144e-05,-1.4295694350141497,2.2064528804523196,-2.6066024328982941e-05,-1.0794738230072883e-06,-1.130677153254424e-06,1.9621484697822362e-07,-1.047071365036295e-06,-1.1608085240109868e-06,1.9745770974885346e-07,-0.28477368743749526,1.4896299840253084,0.00035420741092104593,-0.45019072452541997,1.3640674658793965,-0.00015296894611887976,0.28477368743749526,-1.4896299840253084,-0.00035420741092104593,0.45019072452541997,-1.3640674658793965,0.00015296894611887976,-1.3267204090965414,2.208800254273827,0,-1.4267204090965415,2.208800254273827,0,0.035002349720701834,0.025177386846177787,-4.1892979276486541e-06,0.034189881618345491,0.028170227070874861,7.8099344132074381e-06,-0.31977603715819708,1.4644525971791307,0.00035839670884869461,-0.48438060614376549,1.3358972388085217,-0.0001607788805320872,-0.28477368743749526,1.4896299840253084,0.00035420741092104593,-0.45019072452541997,1.3640674658793965,-0.00015296894611887976,0,0,0,0,0,0,0,0,0,0,0,0
control,0,367,1835,1840,3670000000,3670000000,0,-1,0.01,1,1,0,0,none,0,0,1,1,-0.089323493093376088,1.3168527501560614e-05,0.56569936747052563,0.99994449345374692,-1.0900186899630303e-05,-0.010536123229905141,-2.2350712986064189e-09,-1.241962518704899e-06,-1.1380345043545253e-08,-1.9626336429820217e-07,1.9443872120867371e-08,-2.1864180508900618e-06,3.3495114314988392e-09,-1.3296371479746278,2.206702268202839,1.3933351023140983e-05,-1.4295694460008102,2.206452868213542,-2.6064299208360491e-05,-1.1749267671353603e-06,-1.2214801697025836e-06,1.6885184160678496e-07,-1.1365180692893997e-06,-1.2706417484629016e-06,1.6777165305513244e-07,-0.28477344154791939,1.4896302339990983,0.00035420826511870488,-0.45019049300398412,1.3640677459336474,-0.00015296798729885517,0.28477344154791939,-1.4896302339990983,-0.00035420826511870488,0.45019049300398412,-1.3640677459336474,0.00015296798729885517,-1.3267204090965414,2.208800254273827,0,-1.4267204090965415,2.208800254273827,0,0.03500262892718764,0.025177665072110427,-4.1884478990226342e-06,0.034190147628327512,0.0281705386860421,7.8109011798553908e-06,-0.31977607047510703,1.4644525689269878,0.00035839671301772752,-0.48438064063231162,1.3358972072476054,-0.00016077888847871056,-0.28477344154791939,1.4896302339990983,0.00035420826511870488,-0.45019049300398412,1.3640677459336474,-0.00015296798729885517,0,0,0,0,0,0,0,0,0,0,0,0
control,0,368,1840,1845,3680000000,3680000000,0,-1,0.01,1,1,0,0,none,0,0,1,1,-0.089323505127820127,1.3168295404455956e-05,0.56569936556867872,0.99994449334213864,-1.0899987961494786e-05,-0.010536133822433217,-2.2028844185897642e-09,-1.1758776794130345e-06,-3.0896759852388996e-08,-1.8582691403935502e-07,5.2885470592072421e-08,-2.0701227105302442e-06,9.2053034627566722e-09,-1.3296371601465431,2.2067022555812605,1.3934811959652521e-05,-1.4295694577681965,2.2064528550076479,-2.6062862397651581e-05,-1.2500309275698401e-06,-1.2915721799489213e-06,1.4120521936207164e-07,-1.2064107523232151e-06,-1.3580821070626804e-06,1.3796203329848582e-07,-0.28477321849787562,1.4896304603653148,0.00035420921370513732,-0.45019028402819872,1.3640680016287106,-0.00015296693656027528,0.28477321849787562,-1.4896304603653148,-0.00035420921370513732,0.45019028402819872,-1.3640680016287106,0.00015296693656027528,-1.3267204090965414,2.208800254273827,0,-1.4267204090965415,2.208800254273827,0,0.035002887646411331,0.025177921669067186,-4.1875038488638598e-06,0.034190393675988848,0.028170828317309871,7.8119606176305496e-06,-0.31977610614428698,1.4644525386962475,0.00035839671755400116,-0.48438067770418758,1.3358971733114007,-0.00016077889717790582,-0.28477321849787562,1.4896304603653148,0.00035420921370513732,-0.45019028402819872,1.3640680016287106,-0.00015296693656027528,0,0,0,0,0,0,0,0,0,0,0,0
control,0,369,1845,1850,3690000000,3690000000,0,-1,0.01,1,1,0,0,none,0,0,1,1,-0.089323516439891643,1.3167877035841413e-05,0.56569936378092467,0.99994449323722912,-1.0899629146463449e-05,-0.01053614377936136,-2.144424751161368e-09,-1.0997918914599088e-06,-4.8909746169615414e-08,-1.7380952495440815e-07,8.3751875224258542e-08,-1.9362177987973309e-06,1.4609426658482651e-08,-1.3296371729537593,2.2067022423774287,1.3936006202461542e-05,-1.4295694701232207,2.2064528410561999,-2.6061712765340835e-05,-1.3051820566388339e-06,-1.3414377918857268e-06,1.1362855623944467e-07,-1.2571616510762837e-06,-1.4235067506732744e-06,1.0839760970950008e-07,-0.28477301952212181,1.4896306618944732,0.00035421023909028889,-0.45019009868183507,1.364068231435037,-0.0001529658125268809,0.28477301952212181,-1.4896306618944732,-0.00035421023909028889,0.45019009868183507,-1.364068231435037,0.0001529658125268809,-1.3267204090965414,2.208800254273827,0,-1.4267204090965415,2.208800254273827,0,0.035003124059699055,0.025178154913466758,-4.1864832885504342e-06,0.034190618062626355,0.028171093871651252,7.8130939491167743e-06,-0.31977614358182088,1.4644525069810064,0.00035839672237883934,-0.48438071674446143,1.3358971375633857,-0.00016077890647599768,-0.28477301952212181,1.4896306618944732,0.00035421023909028889,-0.45019009868183507,1.364068231435037,-0.0001529658125268809,0,0,0,0,0,0,0,0,0,0,0,0
control,0,370,1850,1855,3700000000,3700000000,0,-1,0.01,1,1,0,0,none,0,0,1,1,-0.089323526938948142,1.3167288312141198e-05,0.56569936212159344,0.99994449313985911,-1.0899124110971969e-05,-0.010536153020890622,-2.0619381868834267e-09,-1.0152698708835009e-06,-6.5276289391026763e-08,-1.6045842213641531e-07,1.1179799574067467e-07,-1.7874576497736541e-06,1.9518795382643073e-08,-1.3296371862004526,2.2067022287894504,1.3936936463934428e-05,-1.429569482878108,2.2064528265755841,-2.6060845776540185e-05,-1.3409920793351721e-06,-1.3717763091752933e-06,8.6451779934596266e-08,-1.2893886955930423e-06,-1.4675347565905944e-06,7.9420503494628983e-08,-0.28477284548484666,1.4896308377385623,0.00035421132388695052,-0.45018993769203186,1.3640684342338345,-0.00015296463351414301,0.28477284548484666,-1.4896308377385623,-0.00035421132388695052,0.45018993769203186,-1.3640684342338345,0.00015296463351414301,-1.3267204090965414,2.208800254273827,0,-1.4267204090965415,2.208800254273827,0,0.035003336735052668,0.025178363476982268,-4.1854035281770577e-06,0.034190819461841548,0.028171333681049938,7.8142827077873238e-06,-0.31977618221989934,1.4644524742615801,0.00035839672741512757,-0.48438075715387341,1.3358971005527847,-0.00016077891622193034,-0.28477284548484666,1.4896308377385623,0.00035421132388695052,-0.45018993769203186,1.3640684342338345,-0.00015296463351414301,0,0,0,0,0,0,0,0,0,0,0,0
control,0,371,1855,1860,3710000000,3710000000,0,-1,0.01,1,1,0,0,none,0,0,1,1,-0.089323536550024313,1.3166546405573191e-05,0.56569936060253734,0.99994449305072386,-1.0898487589489509e-05,-0.010536161481019414,-1.9578486481218109e-09,-9.238779878425615e-07,-7.9882425151497474e-08,-1.4602110321387715e-07,1.3682850474393566e-07,-1.6265995717378191e-06,2.389909320984346e-08,-1.3296371996980372,2.206702215007315,1.3937608483078643e-05,-1.4295694958523348,2.2064528117747257,-2.6060253766270887e-05,-1.3582678503759082e-06,-1.3834793436310155e-06,5.9978699135094162e-08,-1.3038947876458727e-06,-1.4910041240873699e-06,5.1343775052105183e-08,-0.28477269689294604,1.4896309874167186,0.00035421245110826767,-0.45018980144338383,1.364068609304232,-0.00015296341732779978,0.28477269689294604,-1.4896309874167186,-0.00035421245110826767,0.45018980144338383,-1.364068609304232,0.00015296341732779978,-1.3267204090965414,2.208800254273827,0,-1.4267204090965415,2.208800254273827,0,0.035003524619724495,0.025178546417159147,-4.1842814798803478e-06,0.034190996911701278,0.028171546495400983,7.8155089411286602e-06,-0.31977622151267054,1.4644524409995594,0.000358396732588148,-0.48438079835508513,1.3358970628088311,-0.00016077892626892843,-0.28477269689294604,1.4896309874167186,0.00035421245110826767,-0.45018980144338383,1.364068609304232,-0.00015296341732779978,0,0,0,0,0,0,0,0,0,0,0,0
control,0,372,1860,1865,3720000000,3720000000,0,-1,0.01,1,1,0,0,none,0,0,1,1,-0.089323545213732647,1.3165669454610703e-05,0.56569935923314751,0.99994449297037413,-1.0897735146078645e-05,-0.010536169107456462,-1.834717006792676e-09,-8.2716518077823132e-07,-9.2643028398331974e-08,-1.3074231948025221e-07,1.586974778597054e-07,-1.4563702445469071e-06,2.7724707634696724e-08,-1.3296372132669851,2.2067022012111095,1.3938030760805393e-05,-1.4295695088743514,2.206452796853041,-2.6059926233138879e-05,-1.357988868801261e-06,-1.3776075772197739e-06,3.4485000529621876e-08,-1.3016460988266689e-06,-1.494947658639772e-06,2.4449488499868033e-08,-0.28477257391281979,1.4896311107973934,0.00035421360434806419,-0.45018968999539916,1.364068756306563,-0.00015296218108048319,0.28477257391281979,-1.4896311107973934,-0.00035421360434806419,0.45018968999539916,-1.364068756306563,0.00015296218108048319,-1.3267204090965414,2.208800254273827,0,-1.4267204090965415,2.208800254273827,0,0.035003687028627717,0.025178703163975667,-4.1831334782680981e-06,0.034191149802866964,0.028171731470920131,7.816755395516671e-06,-0.31977626094144751,1.4644524076334178,0.00035839673782633229,-0.48438083979826613,1.3358970248356428,-0.00016077893647599987,-0.28477257391281979,1.4896311107973934,0.00035421360434806419,-0.45018968999539916,1.364068756306563,-0.00015296218108048319,0,0,0,0,0,0,0,0,0,0,0,0
control,0,373,1865,1870,3730000000,3730000000,0,-1,0.01,1,1,0,0,none,0,0,1,1,-0.089323552885981899,1.3164676278696547e-05,0.56569935802039806,0.99994449289921905,-1.0896882929597317e-05,-0.010536175861373212,-1.6952006102748454e-09,-7.2664530784680497e-07,-1.0350124887898378e-07,-1.14861289067339e-07,1.7730742801042695e-07,-1.2794346527423447e-06,3.0978558644782987e-08,-1.329637226738418,2.2067021875694657,1.3938214278733887e-05,-1.4295695217830846,2.2064527819986379,-2.6059850148493977e-05,-1.3412843619352947e-06,-1.3553669386775638e-06,1.0216716851524204e-08,-1.2837498598553561e-06,-1.480567981488676e-06,-1.0127079882892022e-09,-0.28477247639019232,1.4896312080774203,0.0003542147679424646,-0.45018960310267314,1.3640688752619752,-0.00015296094102932239,0.28477247639019232,-1.4896312080774203,-0.0003542147679424646,0.45018960310267314,-1.3640688752619752,0.00015296094102932239,-1.3267204090965414,2.208800254273827,0,-1.4267204090965415,2.208800254273827,0,0.035003823629061716,0.025178833502743629,-4.1819751194627426e-06,0.034191277863306828,0.028171888154240897,7.8180056799476066e-06,-0.31977630001925406,1.4644523745746767,0.00035839674306192734,-0.48438088096597998,1.3358969871077342,-0.00016077894670926999,-0.28477247639019232,1.4896312080774203,0.0003542147679424646,-0.45018960310267314,1.3640688752619752,-0.00015296094102932239,0,0,0,0,0,0,0,0,0,0,0,0
control,0,374,1870,1875,3740000000,3740000000,0,-1,0.01,1,1,0,0,none,0,0,1,1,-0.089323559537528158,1.3163586100588028e-05,0.56569935696891649,0.99994449283752973,-1.0895947435443062e-05,-0.01053618171700906,-1.5420138892891041e-09,-6.2378105795740278e-07,-1.124276197105407e-07,-9.8609156080501697e-08,1.9260777958099416e-07,-1.098367751148906e-06,3.36518286882874e-08,-1.3296372399554697,2.2067021742382518,1.3938172205988135e-05,-1.4295695344292179,2.2064527673867649,-2.6060010276347716e-05,-1.3094100115931133e-06,-1.318084550156505e-06,-1.261085134966714e-08,-1.2514318155983738e-06,-1.4492121298332599e-06,-2.4826527302029303e-08,-0.28477240387253433,1.4896312797583748,0.00035421592711234236,-0.4501895402375351,1.3640689665291095,-0.00015295971243387739,0.28477240387253433,-1.4896312797583748,-0.00035421592711234236,0.4501895402375351,-1.3640689665291095,0.00015295971243387739,-1.3267204090965414,2.208800254273827,0,-1.4267204090965415,2.208800254273827,0,0.03500393442215631,0.025178937553727774,-4.1808211192289571e-06,0.034191381139839466,0.028172016462939951,7.819244409269415e-06,-0.31977633829469065,1.4644523422046472,0.00035839674823157135,-0.4843809213773746,1.3358969500661695,-0.0001607789568431468,-0.28477240387253433,1.4896312797583748,0.00035421592711234236,-0.4501895402375351,1.3640689665291095,-0.00015295971243387739,0,0,0,0,0,0,0,0,0,0,0,0
control,0,375,1875,1880,3750000000,3750000000,0,-1,0.01,1,1,0,0,none,0,0,1,1,-0.089323565153375042,1.3162418279417991e-05,0.5656993560810788,0.99994449278544517,-1.089494527648545e-05,-0.01053618666114357,-1.3778904969914044e-09,-5.1996951841212882e-07,-1.1941886988435446e-07,-8.2206692191188595e-08,2.0459283556153694e-07,-9.1562906138781524e-07,3.5743601710116683e-08,-1.3296372527744138,2.2067021613594981,1.3937919598486068e-05,-1.429569546676245,2.2064527531785187,-2.6060389499486983e-05,-1.2637245481281808e-06,-1.2671848839506384e-06,-3.381374178458109e-08,-1.2060136296113369e-06,-1.4023461240210849e-06,-4.6809518482020462e-08,-0.28477235563383196,1.4896313266210182,0.00035421706808432457,-0.45018950061476271,1.3640690307782593,-0.00015295850943553791,0.28477235563383196,-1.4896313266210182,-0.00035421706808432457,0.45018950061476271,-1.3640690307782593,0.00015295850943553791,-1.3267204090965414,2.208800254273827,0,-1.4267204090965415,2.208800254273827,0,0.03500401972129065,0.025179015749271894,-4.179685192456591e-06,0.034191459976886523,0.028172116662884855,7.8204573257701944e-06,-0.3197763753551226,1.4644523108717462,0.00035839675327678115,-0.4843809605916492,1.3358969141153745,-0.00016077896676130812,-0.28477235563383196,1.4896313266210182,0.00035421706808432457,-0.45018950061476271,1.3640690307782593,-0.00015295850943553791,0,0,0,0,0,0,0,0,0,0,0,0
control,0,376,1880,1885,3760000000,3760000000,0,-1,0.01,1,1,0,0,none,0,0,1,1,-0.089323569732039559,1.3161192057248643e-05,0.56569935535712579,0.99994449274297981,-1.0893892965570284e-05,-0.010536190692450695,-1.2055473709426359e-09,-4.165294599909712e-07,-1.2449647174170993e-07,-6.5862306272295969e-08,2.1329929063608638e-07,-7.3354028142011442e-07,3.7260421886201401e-08,-1.3296372650655619,2.2067021490605643,1.3937473094686785e-05,-1.4295695584013008,2.2064527395198019,-2.6060969147391741e-05,-1.2056668736735938e-06,-1.2041659614435316e-06,-5.323956889644257e-08,-1.1488908274470943e-06,-1.3415294654460196e-06,-6.6813100867345866e-08,-0.28477233070063662,1.4896313496974816,0.00035421817819438584,-0.45018948321746916,1.364069068963089,-0.00015295734495825454,0.28477233070063662,-1.4896313496974816,-0.00035421817819438584,0.45018948321746916,-1.364069068963089,0.00015295734495825454,-1.3267204090965414,2.208800254273827,0,-1.4267204090965415,2.208800254273827,0,0.035004080128556159,0.02517906880809459,-4.1785799499612139e-06,0.034191514993353059,0.028172189342498884,7.8216313992608886e-06,-0.31977641082919278,1.4644522808893869,0.00035839675814434708,-0.4843809982108222,1.3358968796205901,-0.00016077897635751544,-0.28477233070063662,1.4896313496974816,0.00035421817819438584,-0.45018948321746916,1.364069068963089,-0.00015295734495825454,0,0,0,0,0,0,0,0,0,0,0,0
control,0,377,1885,1890,3770000000,3770000000,0,-1,0.01,1,1,0,0,none,0,0,1,1,-0.089323573284701474,1.3159926321562913e-05,0.56569935479529687,0.99994449271002928,-1.0892806711693979e-05,-0.010536193820750368,-1.0276510636001217e-09,-3.1469039098515454e-07,-1.2770495774776412e-07,-4.9770316088764748e-08,2.1880334861778774e-07,-5.5426601210084709e-07,3.8215784988083594e-08,-1.3296372767139331,2.2067021374535369,1.3936850611622486e-05,-1.4295695694957735,2.206452726540534,-2.6061729321996042e-05,-1.1367334199331237e-06,-1.1305764522302629e-06,-7.0767337642779441e-08,-1.0815110390106928e-06,-1.2683903575286979e-06,-8.4722204150322747e-08,-0.28477232787983831,1.4896313502425866,0.00035421924597003521,-0.45018948682445592,1.3640690822910218,-0.00015295623062944557,0.28477232787983831,-1.4896313502425866,-0.00035421924597003521,0.45018948682445592,-1.3640690822910218,0.00015295623062944557,-1.3267204090965414,2.208800254273827,0,-1.4267204090965415,2.208800254273827,0,0.035004116508829432,0.025179097708158842,-4.1775168166046073e-06,0.034191547057342495,0.028172235385051602,7.8227549068063292e-06,-0.31977644438866776,1.4644522525344279,0.00035839676278663982,-0.48438103388179843,1.3358968469059702,-0.0001607789855362519,-0.28477232787983831,1.4896313502425866,0.00035421924597003521,-0.45018948682445592,1.3640690822910218,-0.00015295623062944557,0,0,0,0,0,0,0,0,0,0,0,0
control,0,378,1890,1895,3780000000,3780000000,0,-1,0.01,1,1,0,0,none,0,0,1,1,-0.089323575834254362,1.3158639385797756e-05,0.56569935439198005,0.99994449268638186,-1.0891702231655158e-05,-0.010536196066173112,-8.4678663482397889e-10,-2.1558339805433957e-07,-1.291100404793399e-07,-3.4109488039065684e-08,2.2121750274798603e-07,-3.7979762711322233e-07,3.8629569751256286e-08,-1.3296372876197038,2.2067021266348541,1.3936071045121395e-05,-1.4295695798657033,2.2064527143541035,-2.6062649217410424e-05,-1.0584562633753067e-06,-1.0479936565055552e-06,-8.6306865016565628e-08,-1.0053529783201368e-06,-1.1846017259390919e-06,-1.0045450056833949e-07,-0.28477234578730865,1.4896313297043238,0.00035422026119154309,-0.45018951003835389,1.3640690721925623,-0.00015295517672293921,0.28477234578730865,-1.4896313297043238,-0.00035422026119154309,0.45018951003835389,-1.3640690721925623,0.00015295517672293921,-1.3267204090965414,2.208800254273827,0,-1.4267204090965415,2.208800254273827,0,0.035004129962343367,0.025179103658159317,-4.1765059702855907e-06,0.034191557259409103,0.028172255939270592,7.8238174902515426e-06,-0.31977647574965201,1.4644522260461645,0.00035839676716182867,-0.48438106729776298,1.3358968162532918,-0.00016077899421319076,-0.28477234578730865,1.4896313297043238,0.00035422026119154309,-0.45018951003835389,1.3640690721925623,-0.00015295517672293921,0,0,0,0,0,0,0,0,0,0,0,0
control,0,379,1895,1900,3790000000,3790000000,0,-1,0.01,1,1,0,0,none,0,0,1,1,-0.089323577414274838,1.3157348789672709e-05,0.56569935414187467,0.99994449267172603,-1.0890594578686329e-05,-0.010536197458253464,-6.65429368586118e-10,-1.2023376677581568e-07,-1.2879657159378941e-07,-1.9041869586686876e-08,2.2068704066521133e-07,-2.1194027974801475e-07,3.8527417195313193e-08,-1.3296372976984427,2.2067021166851406,1.3935153977625358e-05,-1.4295695894319786,2.2064527030570584,-2.606370743001376e-05,-9.7238234610136879e-07,-9.5800243174911171e-07,-9.9797889951327981e-08,-9.2190655805038606e-07,-1.0918580865947551e-06,-1.1395929235016238e-07,-0.28477238287683748,1.4896312896937292,0.00035422121493522673,-0.45018955131383653,1.3640690402896241,-0.00015295419212187474,0.28477238287683748,-1.4896312896937292,-0.00035422121493522673,0.45018955131383653,-1.3640690402896241,0.00015295419212187474,-1.3267204090965414,2.208800254273827,0,-1.4267204090965415,2.208800254273827,0,0.035004121796334907,0.025179088067884152,-4.1755562987900403e-06,0.034191546885082628,0.028172252388352501,7.8248101936216358e-06,-0.31977650467317237,1.464452201625845,0.00035839677123401678,-0.48438109819891917,1.3358967879012715,-0.00016077900231549637,-0.28477238287683748,1.4896312896937292,0.00035422121493522673,-0.45018955131383653,1.3640690402896241,-0.00015295419212187474,0,0,0,0,0,0,0,0,0,0,0,0
control,0,380,1900,1905,3800000000,3800000000,0,-1,0.01,1,1,0,0,none,0,0,1,1,-0.089323578067929371,1.3156071120718843e-05,0.56569935403816451,0.99994449266566121,-1.0889497989273186e-05,-0.010536198034967676,-4.8591950650083245e-10,-2.9555356410686373e-08,-1.268663739404579e-07,-4.7119135407570756e-09,2.1738633113631129e-07,-5.2302995139693901e-08,3.7940076075321874e-08,-1.3296373068811473,2.2067021076692503,1.3934119396350832e-05,-1.4295695981303387,2.2064526927290147,-2.6064882255911367e-05,-8.8005387772779626e-07,-8.6217533239025366e-07,-1.1120889300495395e-07,-8.3265415776448792e-07,-9.918536119903928e-07,-1.2521610407972267e-07,-0.28477243746910536,1.4896312319545939,0.0003542220995990391,-0.45018960898581484,1.3640689883635999,-0.00015295328429999205,0.28477243746910536,-1.4896312319545939,-0.0003542220995990391,0.45018960898581484,-1.3640689883635999,0.00015295328429999205,-1.3267204090965414,2.208800254273827,0,-1.4267204090965415,2.208800254273827,0,0.035004093496087504,0.025179052517918191,-4.1746753742550025e-06,0.034191517386802588,0.028172226318165638,7.8257254819773954e-06,-0.31977653096519287,1.4644521794366756,0.00035839677497329412,-0.48438112637261743,1.3358967620454343,-0.00016077900978196945,-0.28477243746910536,1.4896312319545939,0.0003542220995990391,-0.45018960898581484,1.3640689883635999,-0.00015295328429999205,0,0,0,0,0,0,0,0,0,0,0,0
control,0,381,1905,1910,3810000000,3810000000,0,-1,0.01,1,1,0,0,none,0,0,1,1,-0.08932357784683484,1.3154821858061439e-05,0.56569935407269722,0.99994449266770891,-1.0888425749066256e-05,-0.010536197841731003,-3.1044014423128879e-10,5.5653310330232578e-08,-1.2343598259369607e-07,8.7541483433933634e-09,2.1151495507362614e-07,9.77082177825688e-08,3.690271906258955e-08,-1.329637315114089,2.206702099636495,1.3932987424708388e-05,-1.4295696059111962,2.2064526834327816,-2.606615197302774e-05,-7.8298985459362081e-07,-7.6205438865453349e-07,-1.2053561619043966e-07,-7.3905302601690636e-07,-8.8626177051976431e-07,-1.3423300070497171e-07,-0.28477250778072227,1.4896311583338548,0.00035422290890911248,-0.45018968129750292,1.3640689183237276,-0.00015295245932109546,0.28477250778072227,-1.4896311583338548,-0.00035422290890911248,0.45018968129750292,-1.3640689183237276,0.00015295245932109546,-1.3267204090965414,2.208800254273827,0,-1.4267204090965415,2.208800254273827,0,0.035004046695352745,0.025178998729566787,-4.1738694466029946e-06,0.034191470355395132,0.028172179485200833,7.8265572419435701e-06,-0.319776554476075,1.4644521596042881,0.00035839677835571547,-0.48438115165289802,1.3358967388385268,-0.00016077901656303903,-0.28477250778072227,1.4896311583338548,0.00035422290890911248,-0.45018968129750292,1.3640689183237276,-0.00015295245932109546,0,0,0,0,0,0,0,0,0,0,0,0
control,0,382,1910,1915,3820000000,3820000000,0,-1,0.01,1,1,0,0,none,0,0,1,1,-0.089323576809890018,1.3153615239169544e-05,0.5656993542361699,0.9999444926773231,-1.0887390078497428e-05,-0.010536196930369276,-1.4099839129497619e-10,1.3471130790785957e-07,-1.1863432760494751e-07,2.1248678098838571e-08,2.0329373629736782e-07,2.3689435658599102e-07,3.5454242583245353e-08,-1.3296373223584843,2.2067020926210463,1.3931778069559471e-05,-1.4295696127392925,2.2064526752146749,-2.606749510521846e-05,-6.8266911737039727e-07,-6.5913437880359482e-07,-1.2779933701934094e-07,-6.4251914959948778e-07,-7.7671650323481104e-07,-1.4104463548476898e-07,-0.28477259195254939,1.4896310707525691,0.0003542236379091905,-0.45018976642776881,1.3640688321759893,-0.00015295172185727742,0.28477259195254939,-1.4896310707525691,-0.0003542236379091905,0.45018976642776881,-1.3640688321759893,0.00015295172185727742,-1.3267204090965414,2.208800254273827,0,-1.4267204090965415,2.208800254273827,0,0.035003983146990582,0.025178928534936008,-4.1731434540168739e-06,0.034191407491736228,0.02817211378457958,7.8273007633397753e-06,-0.31977657509953999,1.4644521422176331,0.0003583967813632074,-0.48438117391950503,1.3358967183914097,-0.00016077902262061718,-0.28477259195254939,1.4896310707525691,0.0003542236379091905,-0.45018976642776881,1.3640688321759893,-0.00015295172185727742,0,0,0,0,0,0,0,0,0,0,0,0
control,0,383,1915,1920,3830000000,3830000000,0,-1,0.01,1,1,0,0,none,0,0,1,1,-0.089323575022093704,1.315246414995162e-05,0.56569935451831443,0.99994449269390073,-1.0886402038426128e-05,-0.010536195358078926,2.059014283488563e-11,2.0705600386323768e-07,-1.1260039219426019e-07,3.2682718048521877e-08,1.9296073063501925e-07,3.6426464626781305e-07,3.3636556486525047e-08,-1.3296373285900056,2.2067020866424998,1.3930510986059369e-05,-1.4295696185932028,2.2064526681050167,-2.6068890666414735e-05,-5.8051523055463047e-07,-5.5484748416342024e-07,-1.3304499596145023e-07,-5.4441295860207274e-07,-6.6479478996458515e-07,-1.4571013259228644e-07,-0.28477268807675238,1.4896309711774132,0.00035422428293738938,-0.45018986251702742,1.3640687319923199,-0.00015295107522126739,0.28477268807675238,-1.4896309711774132,-0.00035422428293738938,0.45018986251702742,-1.3640687319923199,0.00015295107522126739,-1.3267204090965414,2.208800254273827,0,-1.4267204090965415,2.208800254273827,0,0.035003904694415944,0.025178843847152608,-4.1725010460197385e-06,0.034191330579372681,0.028172031217908022,7.8279527065540345e-06,-0.31977659277116832,1.4644521273302606,0.00035839678398340915,-0.4843811930964001,1.3358967007744118,-0.00016077902792782143,-0.28477268807675238,1.4896309711774132,0.00035422428293738938,-0.45018986251702742,1.3640687319923199,-0.00015295107522126739,0,0,0,0,0,0,0,0,0,0,0,0
control,0,384,1920,1925,3840000000,3840000000,0,-1,0.01,1,1,0,0,none,0,0,1,1,-0.089323572553365344,1.3151380038260906e-05,0.56569935490808543,0.99994449271679353,-1.0885471455872361e-05,-0.010536193186388761,1.7271354217979112e-10,2.722422706809537e-07,-1.0548087649791509e-07,4.2985882844732334e-08,1.8076722348991516e-07,4.7903516230850809e-07,3.1493880986882116e-08,-1.3296373337981497,2.2067020817065779,1.3929205261876703e-05,-1.4295696234647037,2.2064526621187914,-2.6070318383319586e-05,-4.7788259093894911e-07,-4.5055010589442781e-07,-1.3633911286564281e-07,-4.4602617769365273e-07,-5.5200144634613961e-07,-1.4831082026086033e-07,-0.28477279422329993,1.4896308615941003,0.00035422484158653553,-0.45018996769263464,1.364068619881674,-0.00015295052141257214,0.28477279422329993,-1.4896308615941003,-0.00035422484158653553,0.45018996769263464,-1.364068619881674,0.00015295052141257214,-1.3267204090965414,2.208800254273827,0,-1.4267204090965415,2.208800254273827,0,0.035003813243186181,0.025178746632147926,-4.1719446229197288e-06,0.034191241457213084,0.028171933862596112,7.8285110560089184e-06,-0.31977660746648612,1.4644521149619523,0.00035839678620945526,-0.48438120914984772,1.335896686019078,-0.00016077903246858105,-0.28477279422329993,1.4896308615941003,0.00035422484158653553,-0.45018996769263464,1.364068619881674,-0.00015295052141257214,0,0,0,0,0,0,0,0,0,0,0,0
control,0,385,1925,1930,3850000000,3850000000,0,-1,0.01,1,1,0,0,none,0,0,1,1,-0.089323569477381265,1.315037285057157e-05,0.56569935539384275,0.99994449274531805,-1.0884606869631345e-05,-0.010536190480135972,3.1397248611884513e-10,3.2994032815686973e-07,-9.742789715217258e-08,5.2106012231088979e-08,1.6697378952444595e-07,5.8062503499067212e-07,2.9072049644252942e-08,-1.3296373379854773,2.2067020778059541,1.3927879222336435e-05,-1.4295696273580221,2.2064526572564458,-2.6071758895063668e-05,-3.7604456681495064e-07,-3.4751116514735246e-07,-1.3776757891748425e-07,-3.4857069634649591e-07,-4.3975545609850696e-07,-1.4894778883717218e-07,-0.28477290846461489,1.489630743981871,0.00035422531265195007,-0.45019008009229294,1.3640684979620361,-0.00015295006117917626,0.28477290846461489,-1.489630743981871,-0.00035422531265195007,0.45019008009229294,-1.3640684979620361,0.00015295006117917626,-1.3267204090965414,2.208800254273827,0,-1.4267204090965415,2.208800254273827,0,0.035003710734081143,0.025178638881222692,-4.1714753877550566e-06,0.034191141993811076,0.028171823841758387,7.8289750579609593e-06,-0.31977661919869604,1.4644521051006483,0.00035839678803970513,-0.48438122208610401,1.3358966741202778,-0.00016077903623713721,-0.28477290846461489,1.489630743981871,0.00035422531265195007,-0.45019008009229294,1.3640684979620361,-0.00015295006117917626,0,0,0,0,0,0,0,0,0,0,0,0
control,0,386,1930,1935,3860000000,3860000000,0,-1,0.01,1,1,0,0,none,0,0,1,1,-0.089323565870440783,1.3149450991307591e-05,0.56569935596353127,0.99994449277876707,-1.0883815495325543e-05,-0.010536187306467873,4.4318593247266212e-10,3.7993232531177256e-07,-8.8596748997139185e-08,6.0008633090711111e-08,1.5184645807034708e-07,6.6865043489041441e-07,2.6417834539495585e-08,-1.329637341166745,2.2067020749211865,1.3926550257303132e-05,-1.429569630288982,2.2064526535048161,-2.6073193929034417e-05,-2.7618325261780086e-07,-2.4690233979482251e-07,-1.3743338029074492e-07,-2.5316897329703637e-07,-3.2937835103437223e-07,-1.4773942395838744e-07,-0.28477302889877076,1.4896306202898431,0.00035422569606925031,-0.45019019788602477,1.3640683683342842,-0.00015294969408754212,0.28477302889877076,-1.4896306202898431,-0.00035422569606925031,0.45019019788602477,-1.3640683683342842,0.00015294969408754212,-1.3267204090965414,2.208800254273827,0,-1.4267204090965415,2.208800254273827,0,0.035003599117322176,0.025178522585195096,-4.1710934081764026e-06,0.034191034062745533,0.028171703295656873,7.8293451499082446e-06,-0.31977662801609291,1.464452097704648,0.00035839678947742671,-0.48438123194877031,1.3358966650386275,-0.00016077903923745037,-0.28477302889877076,1.4896306202898431,0.00035422569606925031,-0.45019019788602477,1.3640683683342842,-0.00015294969408754212,0,0,0,0,0,0,0,0,0,0,0,0
control,0,387,1935,1940,3870000000,3870000000,0,-1,0.01,1,1,0,0,none,0,0,1,1,-0.089323561810372876,1.314862130404928e-05,0.56569935660485438,0.9999444928164184,-1.0883103209230474e-05,-0.010536183733879828,5.5939369804609694e-10,4.2210778656932438e-07,-7.9143754224270255e-08,6.6676236791419454e-08,1.3565302843141376e-07,7.4291656277151261e-07,2.3578296938406848e-08,-1.3296373433679445,2.2067020730217357,1.392523467059832e-05,-1.4295696322840634,2.2064526508381568,-2.6074606452260573e-05,-1.79381023630745e-07,-1.4979007455223313e-07,-1.3545423852262508e-07,-1.6084619427709097e-07,-2.2208446584225866e-07,-1.4481885167479651e-07,-0.28477315367084899,1.4896304924152273,0.00035422599284118763,-0.45019031929631365,1.3640682330579024,-0.00015294941860426599,0.28477315367084899,-1.4896304924152273,-0.00035422599284118763,0.45019031929631365,-1.3640682330579024,0.00015294941860426599,-1.3267204090965414,2.208800254273827,0,-1.4267204090965415,2.208800254273827,0,0.035003480328372034,0.025178399710207057,-4.1707976892533648e-06,0.034190919519554198,0.028171574354741141,7.8296228782619125e-06,-0.31977663399922102,1.4644520927050202,0.000358396790530441,-0.48438123881586787,1.3358966587031613,-0.00016077904148252789,-0.28477315367084899,1.4896304924152273,0.00035422599284118763,-0.45019031929631365,1.3640682330579024,-0.00015294941860426599,0,0,0,0,0,0,0,0,0,0,0,0
control,0,388,1940,1945,3880000000,3880000000,0,-1,0.01,1,1,0,0,none,0,0,1,1,-0.089323557375494897,1.3147889073607363e-05,0.56569935730543719,0.99994449285754583,-1.088247455000769e-05,-0.01053617983129863,6.6185607823037409e-10,4.564580480937394e-07,-6.9224221235905657e-08,7.2107407568289101e-08,1.1865957296028526e-07,8.0340785857588407e-07,2.060017152035924e-08,-1.3296373446252674,2.2067020720670532,1.3923947552310285e-05,-1.4295696333793955,2.2064526492192589,-2.6075980798044882e-05,-8.6613782928591752e-08,-5.7129453591279307e-08,-1.3196022956549699e-07,-7.2524056444893189e-08,-1.1897317472997481e-07,-1.4033138103569926e-07,-0.28477328099243632,1.4896303621836595,0.00035422620495651895,-0.45019044261634544,1.3640680941288053,-0.00015294923218522012,0.28477328099243632,-1.4896303621836595,-0.00035422620495651895,0.45019044261634544,-1.3640680941288053,0.00015294923218522012,-1.3267204090965414,2.208800254273827,0,-1.4267204090965415,2.208800254273827,0,0.035003356265385928,0.025178272175466278,-4.1705862542148099e-06,0.034190800180332021,0.028171439114579328,7.8298108084652483e-06,-0.31977663725782224,1.4644520900081932,0.00035839679121073379,-0.48438124279667744,1.3358966550142259,-0.00016077904299368538,-0.28477328099243632,1.4896303621836595,0.00035422620495651895,-0.45019044261634544,1.3640680941288053,-0.00015294923218522012,0,0,0,0,0,0,0,0,0,0,0,0
control,0,389,1945,1950,3890000000,3890000000,0,-1,0.01,1,1,0,0,none,0,0,1,1,-0.089323552643632342,1.3147258047748774e-05,0.56569935805298233,0.99994449290142762,-1.0881932737302127e-05,-0.010536175667219625,7.5005067974394029e-10,4.8306981932163893e-07,-5.8990532575780345e-08,7.6315804901625422e-08,1.011271610752776e-07,8.5027666757431872e-07,1.7529290224901185e-08,-1.3296373449840126,2.2067020720077211,1.3922702674094976e-05,-1.4295696336196955,2.2064526486006306,-2.6077302767911123e-05,1.2539959682215518e-09,3.0240252609043237e-08,-1.2709141273839329e-07,1.0983712075193492e-08,-2.1022942913299607e-08,-1.3443195987579517e-07,-0.28477340915896537,1.4896302313315695,0.00035422633530245081,-0.45019056622613651,1.3640679534592912,-0.0001529491313713888,0.28477340915896537,-1.4896302313315695,-0.00035422633530245081,0.45019056622613651,-1.3640679534592912,0.0001529491313713888,-1.3267204090965414,2.208800254273827,0,-1.4267204090965415,2.208800254273827,0,0.035003228768660653,0.025178141832892114,-4.1704562315915732e-06,0.034190677802279267,0.02817129961277072,7.8299124283671269e-06,-0.31977663792762601,1.4644520894986774,0.00035839679153404239,-0.48438124402841576,1.3358966538465205,-0.00016077904379975592,-0.28477340915896537,1.4896302313315695,0.00035422633530245081,-0.45019056622613651,1.3640679534592912,-0.0001529491313713888,0,0,0,0,0,0,0,0,0,0,0,0
control,0,390,1950,1955,3900000000,3900000000,0,-1,0.01,1,1,0,0,none,0,0,1,1,-0.089323547691207289,1.3146730477178494e-05,0.56569935883541345,0.99994449294735499,-1.0881479706007105e-05,-0.010536171308904477,8.2366666686379978e-10,5.0211800354075018e-07,-4.8590379104613028e-08,7.9329020123237049e-08,8.3308833849878619e-08,8.8383060771232419e-07,1.4410049643483231e-08,-1.3296373444974545,2.2067020727866247,1.3921512407145715e-05,-1.4295696330571721,2.2064526489257323,-2.6078559709278159e-05,8.3472541644885925e-08,1.1159837398186792e-07,-1.2099549234611901e-07,8.8974218774876073e-08,7.0912815679624203e-08,-1.2728269168880662e-07,-0.28477353656488924,1.4896301014907414,0.0003542263875718968,-0.45019068860653144,1.364067812860182,-0.00015294911188888915,0.28477353656488924,-1.4896301014907414,-0.0003542263875718968,0.45019068860653144,-1.364067812860182,0.00015294911188888915,-1.3267204090965414,2.208800254273827,0,-1.4267204090965415,2.208800254273827,0,0.035003099602144615,0.025178010448866757,-4.1704039475264089e-06,0.03419055406623888,0.028171157807912149,7.8299320473678868e-06,-0.31977663616703383,1.4644520910418746,0.00035839679151942322,-0.48438124267277033,1.3358966550522697,-0.00016077904393625703,-0.28477353656488924,1.4896301014907414,0.0003542263875718968,-0.45019068860653144,1.364067812860182,-0.00015294911188888915,0,0,0,0,0,0,0,0,0,0,0,0
control,0,391,1955,1960,3910000000,3910000000,0,-1,0.01,1,1,0,0,none,0,0,1,1,-0.089323542592402744,1.3146307172230081e-05,0.56569935964100782,0.99994449299464006,-1.0881116154870083e-05,-0.01053616682164547,8.8259664604355119e-10,5.1385790827445387e-07,-3.8165154128611035e-08,8.1187360387351879e-08,6.5446852084527995e-08,9.0451885570025779e-07,1.1284929698717677e-08,-1.3296373432256858,2.2067020743401451,1.3920387662489976e-05,-1.4295696317504092,2.2064526501302386,-2.6079740569423231e-05,1.5940861894666164e-07,1.8634382890626189e-07,-1.1382552750631718e-07,1.6085690654901894e-07,1.5610791929245592e-07,-1.1905040285999726e-07,-0.28477366171693419,1.4896299741753805,0.00035422636616643498,-0.45019080835132047,1.3640676740256343,-0.00015294916875356141,0.28477366171693419,-1.4896299741753805,-0.00035422636616643498,0.45019080835132047,-1.3640676740256343,0.00015294916875356141,-1.3267204090965414,2.208800254273827,0,-1.4267204090965415,2.208800254273827,0,0.035002970436804372,0.025177879688439288,-4.1704250223716766e-06,0.034190430561052178,0.02817101556118146,7.8298746909699693e-06,-0.31977663215373858,1.4644520944869412,0.00035839679118880667,-0.48438123891237267,1.3358966584644529,-0.00016077904344453137,-0.28477366171693419,1.4896299741753805,0.00035422636616643498,-0.45019080835132047,1.3640676740256343,-0.00015294916875356141,0,0,0,0,0,0,0,0,0,0,0,0
control,0,392,1960,1965,3920000000,3920000000,0,-1,0.01,1,1,0,0,none,0,0,1,1,-0.089323537418407623,1.3145987574593176e-05,0.56569936045851554,0.99994449304262256,-1.0880841608004254e-05,-0.010536162268100958,9.2692642018067031e-10,5.1861698565755145e-07,-2.7848519134508755e-08,8.1942531893352733e-08,4.7770238873512752e-08,9.129176127756697e-07,8.1940603023375874e-09,-1.329637341234454,2.2067020765993544,1.3919337852849967e-05,-1.4295696297632443,2.206452652143311,-2.608083592656689e-05,2.2854560346320143e-07,2.5399483625457039e-07,-1.0573772973019837e-07,2.2615336216665947e-07,2.3396416647670441e-07,-1.0990431927718278e-07,-0.2847737832447807,1.4896298507710843,0.00035422627609717764,-0.45019092417685402,1.3640675385200021,-0.00015294929637693963,0.2847737832447807,-1.4896298507710843,-0.00035422627609717764,0.45019092417685402,-1.3640675385200021,0.00015294929637693963,-1.3267204090965414,2.208800254273827,0,-1.4267204090965415,2.208800254273827,0,0.035002842836545443,0.025177751101417099,-4.1705144693684797e-06,0.034190308770390226,0.028170874619942179,7.8297459939339259e-06,-0.31977662608132612,1.4644520996696673,0.00035839679056654612,-0.48438123294724422,1.3358966639000598,-0.00016077904237087355,-0.2847737832447807,1.4896298507710843,0.00035422627609717764,-0.45019092417685402,1.3640675385200021,-0.00015294929637693963,0,0,0,0,0,0,0,0,0,0,0,0
control,0,393,1965,1970,3930000000,3930000000,0,-1,0.01,1,1,0,0,none,0,0,1,1,-0.089323532236746536,1.3145769842310497e-05,0.56569936127726539,0.99994449309067635,-1.0880654487790338e-05,-0.010536157707705411,9.5692286974125233e-10,5.1678622679873341e-07,-1.7765149333567463e-08,8.1656287456111713e-08,3.0492629606857541e-08,9.0971495714535095e-07,5.1748462554728195e-09,-1.3296373385940012,2.2067020794911931,1.391837087511162e-05,-1.4295696271636549,2.2064526548888743,-2.6081837999278794e-05,2.9048235472657672e-07,3.1418697773959796e-07,-9.6889370992865664e-08,2.8449596847328249e-07,3.0401030044707581e-07,-1.0001387536405728e-07,-0.28477389990992291,1.4896297325264649,0.00035422612288498281,-0.4501910349298443,1.3640674077673183,-0.00015294948867209819,0.28477389990992291,-1.4896297325264649,-0.00035422612288498281,0.4501910349298443,-1.3640674077673183,0.00015294948867209819,-1.3267204090965414,2.208800254273827,0,-1.4267204090965415,2.208800254273827,0,0.035002718245985609,0.025177626111139648,-4.1706667939838422e-06,0.034190190061407576,0.028170736603981235,7.8295520935518404e-06,-0.31977661815590852,1.4644521064153253,0.00035839678967896667,-0.48438122499125186,1.3358966711633371,-0.00016077904076565002,-0.28477389990992291,1.4896297325264649,0.00035422612288498281,-0.4501910349298443,1.3640674077673183,-0.00015294948867209819,0,0,0,0,0,0,0,0,0,0,0,0
control,0,394,1970,1975,3940000000,3940000000,0,-1,0.01,1,1,0,0,none,0,0,1,1,-0.089323527110697354,1.314565094621194e-05,0.5656993620872568,0.99994449313821454,-1.0880552197596406e-05,-0.010536153196156483,9.7302021995124614e-10,5.0881134129812252e-07,-8.0296643509164544e-09,8.0399027846740836e-08,1.3810439442947375e-08,8.9569531304791845e-07,2.2616454030451063e-09,-1.3296373353779265,2.2067020829396298,1.3917493112321816e-05,-1.4295696240226659,2.2064526582868691,-2.6082740635393959e-05,3.4493058731352159e-07,3.6667012624915132e-07,-8.7436802178918465e-08,3.3562517103539041e-07,3.6589962007811784e-07,-8.9546635534929074e-08,-0.28477401061207475,1.4896296205466479,0.0003542259124603306,-0.45019113959289681,1.3640672830430387,-0.00015294973916003357,0.28477401061207475,-1.4896296205466479,-0.0003542259124603306,0.45019113959289681,-1.3640672830430387,0.00015294973916003357,-1.3267204090965414,2.208800254273827,0,-1.4267204090965415,2.208800254273827,0,0.035002597980739847,0.025177506005177114,-4.1708760935875983e-06,0.03419007567573544,0.028170602994064497,7.8292995223949328e-06,-0.31977660859281459,1.4644521145414708,0.00035839678855391821,-0.48438121526863226,1.3358966800489742,-0.00016077903868242852,-0.28477401061207475,1.4896296205466479,0.0003542259124603306,-0.45019113959289681,1.3640672830430387,-0.00015294973916003357,0,0,0,0,0,0,0,0,0,0,0,0
control,0,395,1975,1980,3950000000,3950000000,0,-1,0.01,1,1,0,0,none,0,0,1,1,-0.089323522098797098,1.3145626775910218e-05,0.56569936287923839,0.99994449318469425,-1.088053121270686e-05,-0.010536148784980298,9.7580496349648154e-10,4.9518383976572845e-07,1.2542523094996346e-09,7.8248391953103921e-08,-2.0986463341719131e-09,8.7172375579884507e-07,-5.1449266653750742e-10,-1.3296373316620802,2.2067020868667746,1.3916709453906081e-05,-1.4295696204132931,2.2064526622544758,-2.6083539281912106e-05,3.9171116860522442e-07,4.1130407155625483e-07,-7.7533621877679618e-08,3.793856736981742e-07,4.1940618847556994e-07,-7.8666395192806974e-08,-0.28477411439367667,1.4896295157891704,0.00035422565106526215,-0.45019123728809968,1.3640671654681376,-0.00015295004107279041,0.28477411439367667,-1.4896295157891704,-0.00035422565106526215,0.45019123728809968,-1.3640671654681376,0.00015295004107279041,-1.3267204090965414,2.208800254273827,0,-1.4267204090965415,2.208800254273827,0,0.035002483219712346,0.025177391928521177,-4.1711361550779403e-06,0.03418996672250784,0.028170475122931648,7.8289951043332718e-06,-0.319776597613389,1.4644521238606492,0.00035839678722034011,-0.48438120401060752,1.3358966903452059,-0.00016077903617712369,-0.28477411439367667,1.4896295157891704,0.00035422565106526215,-0.45019123728809968,1.3640671654681376,-0.00015295004107279041,0,0,0,0,0,0,0,0,0,0,0,0
control,0,396,1980,1985,3960000000,3960000000,0,-1,0.01,1,1,0,0,none,0,0,1,1,-0.089323517254437615,1.3145692253469731e-05,0.56569936364477114,0.99994449322962009,-1.0880587177840446e-05,-0.010536144521175225,9.6599970727246181e-10,4.7643213376640811e-07,9.9945452222926748e-09,7.5287857420345e-08,-1.7076858452269896e-08,8.3873034859050159e-07,-3.1260344179028495e-09,-1.3296373275234998,2.2067020911939492,1.3916023332707496e-05,-1.4295696164095268,2.2064526667072895,-2.6084230937488851e-05,4.3074931632900869e-07,4.4805309631533057e-07,-6.7328982490508225e-08,4.1572165618963802e-07,4.6441978056772576e-07,-6.7531435819068314e-08,-0.28477421044238987,1.4896294190618851,0.00035422534515715102,-0.45019132727880073,1.3640670560055648,-0.00015295038745413226,0.28477421044238987,-1.4896294190618851,-0.00035422534515715102,0.45019132727880073,-1.3640670560055648,0.00015295038745413226,-1.3267204090965414,2.208800254273827,0,-1.4267204090965415,2.208800254273827,0,0.035002374999526353,0.025177284878888616,-4.1714405506877233e-06,0.034189864173339614,0.02817035416877943,7.8286458530376075e-06,-0.31977658544191623,1.4644521341829964,0.00035839678570783872,-0.48438119145214037,1.3358967018367853,-0.00016077903330716987,-0.28477421044238987,1.4896294190618851,0.00035422534515715102,-0.45019132727880073,1.3640670560055648,-0.00015295038745413226,0,0,0,0,0,0,0,0,0,0,0,0
control,0,397,1985,1990,3970000000,3970000000,0,-1,0.01,1,1,0,0,none,0,0,1,1,-0.08932351262554919,1.3145841452869055e-05,0.5656993643762791,0.99994449327254775,-1.0880715009643452e-05,-0.010536140446933412,9.444462029868365e-10,4.5311276324562206e-07,1.811129183628474e-08,7.1605341787009749e-08,-3.0987209328879377e-08,7.9769469322958036e-07,-5.5491122424086508e-09,-1.3296373230394021,2.2067020958426924,1.391543677733894e-05,-1.4295696120853729,2.2064526715604438,-2.6084814089153582e-05,4.6206872120757599e-07,4.7697975356403329e-07,-5.696607463592351e-08,4.4467091895617983e-07,5.0093992131613304e-07,-5.6292959142571782e-08,-0.2847742980914672,1.4896293310226802,0.00035422500131681656,-0.45019140896924714,1.3640669554585347,-0.00015295077125602454,0.2847742980914672,-1.4896293310226802,-0.00035422500131681656,0.45019140896924714,-1.3640669554585347,0.00015295077125602454,-1.3267204090965414,2.208800254273827,0,-1.4267204090965415,2.208800254273827,0,0.035002274211245916,0.025177185703984722,-4.1717827294698855e-06,0.034189768859598374,0.028170241150716431,7.828258874703204e-06,-0.31977657230271311,1.4644521453186956,0.00035839678404628642,-0.48438117782884554,1.3358967143078182,-0.00016077903013072775,-0.2847742980914672,1.4896293310226802,0.00035422500131681656,-0.45019140896924714,1.3640669554585347,-0.00015295077125602454,0,0,0,0,0,0,0,0,0,0,0,0
control,0,398,1990,1995,3980000000,3980000000,0,-1,0.01,1,1,0,0,none,0,0,1,1,-0.089323508254370909,1.3146067723414043e-05,0.56569936506708562,0.99994449331308566,-1.0880909002578559e-05,-0.010536136599438464,9.1208783635374288e-10,4.2580184233016431e-07,2.5537025098961086e-08,6.7291871800943092e-08,-4.3714047045270214e-08,7.49630875382901e-07,-7.7636174256137814e-09,-1.3296373182862367,2.2067021007357024,1.3914950478155152e-05,-1.4295696075139523,2.2064526767296648,-2.608528863510156e-05,4.8578510421900295e-07,4.982375944963782e-07,-4.6580768579817277e-08,4.6635857051648004e-07,5.2906868730075669e-07,-4.5093719392652585e-08,-0.28477437681871987,1.4896292521813821,0.00035422462616042336,-0.45019148190302066,1.364066864471333,-0.00015295118542943355,0.28477437681871987,-1.4896292521813821,-0.00035422462616042336,0.45019148190302066,-1.364066864471333,0.00015295118542943355,-1.3267204090965414,2.208800254273827,0,-1.4267204090965415,2.208800254273827,0,0.035002181598686399,0.025177095101103358,-4.1721561050175547e-06,0.034189681471074131,0.028170136926914842,7.827841276500101e-06,-0.31977655841740626,1.4644521570802786,0.00035839678226544093,-0.48438116337409481,1.335896727544418,-0.00016077902670593366,-0.28477437681871987,1.4896292521813821,0.00035422462616042336,-0.45019148190302066,1.364066864471333,-0.00015295118542943355,0,0,0,0,0,0,0,0,0,0,0,0
control,0,399,1995,2000,3990000000,3990000000,0,-1,0.01,1,1,0,0,none,0,0,1,1,-0.0893235041773046,1.3146363815310652e-05,0.56569936571143609,0.99994449335089597,-1.0881162936670984e-05,-0.010536133010736796,8.6995181755053335e-10,3.9508682333352387e-07,3.2216879375939375e-08,6.2440262714670715e-08,-5.5163305934016227e-08,6.955729666019511e-07,-9.7532436037528304e-09,-1.3296373133388089,2.2067021057977003,1.3914563865242202e-05,-1.4295696027666713,2.2064526821322517,-2.6085655795308796e-05,5.0209873585635909e-07,5.120636076481214e-07,-3.6300443251410377e-08,4.80989678693422e-07,5.4900310803242834e-07,-3.406682188100083e-08,-0.28477444624330855,1.4896291829028587,0.00035422422625718214,-0.45019154575929676,1.3640667835314055,-0.00015295162301051061,0.28477444624330855,-1.4896291829028587,-0.00035422422625718214,0.45019154575929676,-1.3640667835314055,0.00015295162301051061,-1.3267204090965414,2.208800254273827,0,-1.4267204090965415,2.208800254273827,0,0.03500209775910533,0.025177013618108448,-4.1725541374100898e-06,0.034189602557039712,0.028170042194241875,7.8274000796866885e-06,-0.3197765440024139,1.4644521692847503,0.00035839678039459224,-0.4843811483163365,1.3358967413371636,-0.00016077902309019729,-0.28477444624330855,1.4896291829028587,0.00035422422625718214,-0.45019154575929676,1.3640667835314055,-0.00015295162301051061,0,0,0,0,0,0,0,0,0,0,0,0
