scenario,episode,tick,physics_begin,physics_end,source_time_ns,receipt_time_ns,core_status,probe_status,dt_s,command_attempted,command_accepted,probe_command_attempted,probe_command_accepted,fault_event,injected_torque_nm,zoh_ctrl_max_difference,contact_left,contact_right,base_position_0,base_position_1,base_position_2,base_quaternion_0,base_quaternion_1,base_quaternion_2,base_quaternion_3,base_linear_velocity_0,base_linear_velocity_1,base_linear_velocity_2,base_angular_velocity_0,base_angular_velocity_1,base_angular_velocity_2,q_0,q_1,q_2,q_3,q_4,q_5,dq_0,dq_1,dq_2,dq_3,dq_4,dq_5,tau_0,tau_1,tau_2,tau_3,tau_4,tau_5,ctrl_0,ctrl_1,ctrl_2,ctrl_3,ctrl_4,ctrl_5,reference_0,reference_1,reference_2,reference_3,reference_4,reference_5,tau_pd_0,tau_pd_1,tau_pd_2,tau_pd_3,tau_pd_4,tau_pd_5,tau_gravity_0,tau_gravity_1,tau_gravity_2,tau_gravity_3,tau_gravity_4,tau_gravity_5,tau_raw_0,tau_raw_1,tau_raw_2,tau_raw_3,tau_raw_4,tau_raw_5,saturated_0,saturated_1,saturated_2,saturated_3,saturated_4,saturated_5,disturbance_0,disturbance_1,disturbance_2,disturbance_3,disturbance_4,disturbance_5
control,0,0,0,5,0,0,0,-1,0,1,1,0,0,none,0,0,1,1,-0.077378152000000006,8.0999999999999997e-07,0.56772232,1,0,0,0,0,0,0,0,0,0,-1.3267204093873923,2.2088002548867229,0,-1.3267204093873923,2.2088002548867229,0,-0,-0,-0,-0,-0,-0,3.4902107870493637e-09,-7.3547514745087028e-09,0,3.4902107870493637e-09,-7.3547514745087028e-09,0,-3.4902107870493637e-09,7.3547514745087028e-09,-0,-3.4902107870493637e-09,7.3547514745087028e-09,-0,-1.3267204090965414,2.208800254273827,0,-1.3267204090965414,2.208800254273827,0,3.4902107870493637e-09,-7.3547514745087028e-09,0,3.4902107870493637e-09,-7.3547514745087028e-09,0,0,0,0,0,0,0,3.4902107870493637e-09,-7.3547514745087028e-09,0,3.4902107870493637e-09,-7.3547514745087028e-09,0,0,0,0,0,0,0,0,0,0,0,0,0
control,0,1,5,10,10000000,10000000,0,-1,0.01,1,1,0,0,none,0,0,1,1,-0.077450418208601504,8.1536089312468089e-07,0.5676710992207874,0.9999999976752364,-2.8586600807789064e-09,-6.8187438891314719e-05,-1.7666275295231543e-08,-0.012128522192002488,9.096377576103874e-07,-0.0075956320097103304,-1.0282698100176296e-06,-0.022656951493458165,-5.3640824331640577e-06,-1.3240375492517282,2.2056465323430912,0.00033567406981889914,-1.3240369433969241,2.2056462940655637,0.00033360405824674655,0.4517059663934283,-0.53135533927910594,0.057193797413658237,0.45180631563081475,-0.53139536033865609,0.05684481816396756,-0.70975326772790082,0.83487767208748875,-0.0029603920916285815,-0.70991106184162978,0.83494056300714381,-0.0029423221256724024,0.70975326772790082,-0.83487767208748875,0.0029603920916285815,0.70991106184162978,-0.83494056300714381,0.0029423221256724024,-1.3267204090965414,2.208800254273827,0,-1.3267204090965414,2.208800254273827,0,-0.70975326772790082,0.83487767208748875,-0.0029603920916285815,-0.70991106184162978,0.83494056300714381,-0.0029423221256724024,0,0,0,0,0,0,-0.70975326772790082,0.83487767208748875,-0.0029603920916285815,-0.70991106184162978,0.83494056300714381,-0.0029423221256724024,0,0,0,0,0,0,0,0,0,0,0,0
control,0,2,10,15,20000000,20000000,0,-1,0.01,1,1,0,0,none,0,0,1,1,-0.077635398295960723,9.1581700358894279e-07,0.5675615295506875,0.99999997062330381,-1.083541283752821e-07,-0.00024239095953853992,4.7720207091900861e-08,-0.022795566774960672,1.6036571128294079e-05,-0.012357849240842956,-3.3585153152688866e-05,-0.0427423212941846,2.30655820174626e-05,-1.3196912314941622,2.1997552863754088,0.001068573474536117,-1.3196912286598468,2.1997532783711149,0.0011426197363629182,0.42773756042635985,-0.63268157410392722,0.084800912638205522,0.42757410422087172,-0.63294754586633051,0.097707026884040774,-0.7259564718680902,1.0575619759369084,-0.0045606176742711115,-0.72571132157164331,1.0579850296320408,-0.005228137265110914,0.7259564718680902,-1.0575619759369084,0.0045606176742711115,0.72571132157164331,-1.0579850296320408,0.005228137265110914,-1.3267204090965414,2.208800254273827,0,-1.3267204090965414,2.208800254273827,0,-0.7259564718680902,1.0575619759369084,-0.0045606176742711115,-0.72571132157164331,1.0579850296320408,-0.005228137265110914,0,0,0,0,0,0,-0.7259564718680902,1.0575619759369084,-0.0045606176742711115,-0.72571132157164331,1.0579850296320408,-0.005228137265110914,0,0,0,0,0,0,0,0,0,0,0,0
control,0,3,15,20,30000000,30000000,0,-1,0.01,1,1,0,0,none,0,0,1,1,-0.077933953461197553,1.170822167320816e-06,0.56743246197533648,0.99999986596277579,-3.4701094285574231e-07,-0.00051775892628302305,6.2085840440867844e-08,-0.034481959495479532,3.1691073630265227e-05,-0.01266713507239775,-5.6941215885551815e-05,-0.062958098791518924,-8.600797671474831e-06,-1.3157481419876107,2.1931796057558279,0.0016772635430991434,-1.3157492182829795,2.1931742794340487,0.001868609631637184,0.37497543460604882,-0.67781270706130503,0.045955371009448666,0.37490108268714001,-0.67818832214747993,0.056899055716034735,-0.69413035721624206,1.2041668428079462,-0.0028009476134021761,-0.69400591379345289,1.2047941812985588,-0.0034055356752928923,0.69413035721624206,-1.2041668428079462,0.0028009476134021761,0.69400591379345289,-1.2047941812985588,0.0034055356752928923,-1.3267204090965414,2.208800254273827,0,-1.3267204090965414,2.208800254273827,0,-0.69413035721624206,1.2041668428079462,-0.0028009476134021761,-0.69400591379345289,1.2047941812985588,-0.0034055356752928923,0,0,0,0,0,0,-0.69413035721624206,1.2041668428079462,-0.0028009476134021761,-0.69400591379345289,1.2047941812985588,-0.0034055356752928923,0,0,0,0,0,0,0,0,0,0,0,0
control,0,4,20,25,40000000,40000000,0,-1,0.01,1,1,0,0,none,0,0,1,1,-0.078347559144177473,1.5771673798371528e-06,0.56732000613438749,0.99999960454209313,-7.0598544682245971e-07,-0.0008893341095233628,1.0200599350803313e-08,-0.045607562227570321,4.6273919571596586e-05,-0.010156910399902614,-8.1053638710469833e-05,-0.081266210185919868,-1.1624763171931391e-05,-1.3123459311045644,2.1863032513704233,0.0020158861918753573,-1.3123481245854143,2.1862939230344471,0.0023172225739491329,0.31696160083185049,-0.6951773953232393,0.027507186029462907,0.31682312639481502,-0.6955916741371263,0.038536699700766439,-0.64793613715149967,1.3127301278257038,-0.0019801251590357526,-0.64770210372574843,1.3134634860782475,-0.0026220017572230617,0.64793613715149967,-1.3127301278257038,0.0019801251590357526,0.64770210372574843,-1.3134634860782475,0.0026220017572230617,-1.3267204090965414,2.208800254273827,0,-1.3267204090965414,2.208800254273827,0,-0.64793613715149967,1.3127301278257038,-0.0019801251590357526,-0.64770210372574843,1.3134634860782475,-0.0026220017572230617,0,0,0,0,0,0,-0.64793613715149967,1.3127301278257038,-0.0019801251590357526,-0.64770210372574843,1.3134634860782475,-0.0026220017572230617,0,0,0,0,0,0,0,0,0,0,0,0
control,0,5,25,30,50000000,50000000,0,-1,0.01,1,1,0,0,none,0,0,1,1,-0.078863751116795527,2.1205773529634514e-06,0.56722807037108103,0.99999909462191827,-1.1793123152179231e-06,-0.0013456425788597318,-4.9948069118831215e-08,-0.055388372926480571,5.9506405143667024e-05,-0.0088295811183069072,-0.00010340804198074597,-0.097605901805460638,-1.2455045353290173e-05,-1.3095901725924046,2.179448677886203,0.0021691366166272717,-1.3095939081919619,2.1794350533939078,0.0025764224872191397,0.24613085699561524,-0.67735009618548059,0.0077502961802336737,0.24596529163261274,-0.67778864132142269,0.018055284742655799,-0.57475912354306458,1.3682440609297086,-0.0010382557939998653,-0.57446594830387387,1.3690653725411648,-0.0016756909832985319,0.57475912354306458,-1.3682440609297086,0.0010382557939998653,0.57446594830387387,-1.3690653725411648,0.0016756909832985319,-1.3267204090965414,2.208800254273827,0,-1.3267204090965414,2.208800254273827,0,-0.57475912354306458,1.3682440609297086,-0.0010382557939998653,-0.57446594830387387,1.3690653725411648,-0.0016756909832985319,0,0,0,0,0,0,-0.57475912354306458,1.3682440609297086,-0.0010382557939998653,-0.57446594830387387,1.3690653725411648,-0.0016756909832985319,0,0,0,0,0,0,0,0,0,0,0,0
control,0,6,30,35,60000000,60000000,0,-1,0.01,1,1,0,0,none,0,0,1,1,-0.079472886749340083,2.7864199304392618e-06,0.56713909090775338,0.99999823095340323,-1.7583142782548611e-06,-0.0018809803191947043,-1.0498739725285884e-07,-0.064376124083094607,7.108291525615981e-05,-0.0090588700640326699,-0.00012364526962463444,-0.1130406444659199,-1.0507433738380928e-05,-1.3074915895269497,2.1728580575521894,0.0021274306063253632,-1.30749702502498,2.1728400288399436,0.0026310488456139838,0.18461713117138526,-0.64618278178776045,-0.011410833468278845,0.18444361383809754,-0.646622896949407,-0.0022258998640445429,-0.50767153159217915,1.4005805333412915,-6.7687508483666716e-05,-0.50734602961588349,1.4014570506307105,-0.00067801966048196803,0.50767153159217915,-1.4005805333412915,6.7687508483666716e-05,0.50734602961588349,-1.4014570506307105,0.00067801966048196803,-1.3267204090965414,2.208800254273827,0,-1.3267204090965414,2.208800254273827,0,-0.50767153159217915,1.4005805333412915,-6.7687508483666716e-05,-0.50734602961588349,1.4014570506307105,-0.00067801966048196803,0,0,0,0,0,0,-0.50767153159217915,1.4005805333412915,-6.7687508483666716e-05,-0.50734602961588349,1.4014570506307105,-0.00067801966048196803,0,0,0,0,0,0,0,0,0,0,0,0
control,0,7,35,40,70000000,70000000,0,-1,0.01,1,1,0,0,none,0,0,1,1,-0.080166360370485051,3.5568813103247469e-06,0.56704370613260946,0.99999690151751475,-2.4300148366362692e-06,-0.0024893672777442167,-1.451150638136089e-07,-0.072441477624645881,8.0793449208508563e-05,-0.0098943908958111833,-0.00014100579914452322,-0.1270797544867493,-7.0615146236835254e-06,-1.3059168782048307,2.1665864719031851,0.0019423698763153213,-1.3059240614799694,2.1665641444106645,0.0025316481126986296,0.13866008239180255,-0.61425578738419184,-0.022386600036991531,0.13848401563278337,-0.61467704884211583,-0.014233925399174554,-0.45763249428823249,1.4279490695239905,0.00053661903895498031,-0.45728219484803917,1.4288488916211239,-4.7798163850861094e-05,0.45763249428823249,-1.4279490695239905,-0.00053661903895498031,0.45728219484803917,-1.4288488916211239,4.7798163850861094e-05,-1.3267204090965414,2.208800254273827,0,-1.3267204090965414,2.208800254273827,0,-0.45763249428823249,1.4279490695239905,0.00053661903895498031,-0.45728219484803917,1.4288488916211239,-4.7798163850861094e-05,0,0,0,0,0,0,-0.45763249428823249,1.4279490695239905,0.00053661903895498031,-0.45728219484803917,1.4288488916211239,-4.7798163850861094e-05,0,0,0,0,0,0,0,0,0,0,0,0
control,0,8,40,45,80000000,80000000,0,-1,0.01,1,1,0,0,none,0,0,1,1,-0.080933964030545757,4.4139613450363033e-06,0.56693867947368426,0.99999499900268152,-3.1796434515457291e-06,-0.0031625874672896238,-1.6792922551822867e-07,-0.079418285340852476,8.8752180116542497e-05,-0.01090679129836113,-0.000155397980009154,-0.13931806938272415,-3.6762602705695737e-06,-1.3047371939568089,2.1606362869754854,0.0016779660754621156,-1.304746109595619,2.1606099101352725,0.0023439313870404709,0.10361517030854023,-0.58219965841845434,-0.028208369402051094,0.10344335279146621,-0.5825918020471389,-0.020863028972466668,-0.41922133713960108,1.4512670952077809,0.0009070286474639202,-0.41885662319826866,1.4521718327333624,0.00033997203251119232,0.41922133713960108,-1.4512670952077809,-0.0009070286474639202,0.41885662319826866,-1.4521718327333624,-0.00033997203251119232,-1.3267204090965414,2.208800254273827,0,-1.3267204090965414,2.208800254273827,0,-0.41922133713960108,1.4512670952077809,0.0009070286474639202,-0.41885662319826866,1.4521718327333624,0.00033997203251119232,0,0,0,0,0,0,-0.41922133713960108,1.4512670952077809,0.0009070286474639202,-0.41885662319826866,1.4521718327333624,0.00033997203251119232,0,0,0,0,0,0,0,0,0,0,0,0
control,0,9,45,50,90000000,90000000,0,-1,0.01,1,1,0,0,none,0,0,1,1,-0.081764082679421021,5.340455345348898e-06,0.56682359432298346,0.99999243077769284,-3.9920649556868297e-06,-0.0038908060030057906,-1.7661766290064242e-07,-0.085185685936270614,9.5015483893720582e-05,-0.011890597312072619,-0.00016674937211705874,-0.1494857863183871,-1.2115104303174136e-06,-1.3038634147026142,2.1550070068331841,0.0013758288532495573,-1.3038739845389262,2.1549769128453726,0.0021111868776543196,0.07606517707532176,-0.5501963562402814,-0.03057009866811276,0.07590344395287657,-0.55055252619028783,-0.023902116681523592,-0.38838169834010888,1.4708135036481362,0.0011157562774307709,-0.38801226062069738,1.4717088864268839,0.00056174977077988388,0.38838169834010888,-1.4708135036481362,-0.0011157562774307709,0.38801226062069738,-1.4717088864268839,-0.00056174977077988388,-1.3267204090965414,2.208800254273827,0,-1.3267204090965414,2.208800254273827,0,-0.38838169834010888,1.4708135036481362,0.0011157562774307709,-0.38801226062069738,1.4717088864268839,0.00056174977077988388,0,0,0,0,0,0,-0.38838169834010888,1.4708135036481362,0.0011157562774307709,-0.38801226062069738,1.4717088864268839,0.00056174977077988388,0,0,0,0,0,0,0,0,0,0,0,0
control,0,10,50,55,100000000,100000000,0,-1,0.01,1,1,0,0,none,0,0,1,1,-0.082644156122542056,6.3196903226412133e-06,0.56669938571125633,0.99998912738962342,-4.8522044233665784e-06,-0.0046631619062907472,-1.7596463687082351e-07,-0.089667998301981078,9.9633460344486922e-05,-0.012747272572714073,-0.00017511234842701353,-0.15742026867052311,3.0691119720257221e-07,-1.3032330665354486,2.1496957245871302,0.0010633988077741274,-1.3032451670945102,2.1496622972449613,0.0018619341308255175,0.05389570160845257,-0.51858544181495736,-0.030693256103393737,0.053747716449557531,-0.51890166296644014,-0.02460941577486514,-0.36269166314579315,1.4871325189627973,0.0012156431628374488,-0.36232447869871087,1.4880079787960487,0.00067189054949560187,0.36269166314579315,-1.4871325189627973,-0.0012156431628374488,0.36232447869871087,-1.4880079787960487,-0.00067189054949560187,-1.3267204090965414,2.208800254273827,0,-1.3267204090965414,2.208800254273827,0,-0.36269166314579315,1.4871325189627973,0.0012156431628374488,-0.36232447869871087,1.4880079787960487,0.00067189054949560187,0,0,0,0,0,0,-0.36269166314579315,1.4871325189627973,0.0012156431628374488,-0.36232447869871087,1.4880079787960487,0.00067189054949560187,0,0,0,0,0,0,0,0,0,0,0,0
control,0,11,55,60,110000000,110000000,0,-1,0.01,1,1,0,0,none,0,0,1,1,-0.083561099407013825,7.3355321354228097e-06,0.56656762980043207,0.99998504908796348,-5.7454297889770637e-06,-0.005468232575866672,-1.701627010473892e-07,-0.092828736661938333,0.00010266209738563614,-0.013430673439921843,-0.00018059322049005861,-0.16304216576905853,1.0710238029697258e-06,-1.30280028601034,2.1446961802419864,0.00075836722456196107,-1.3028137670564175,2.1446598287523444,0.0016146454992720632,0.035771058651552876,-0.48772789969302238,-0.02938244983008036,0.035638866046583263,-0.48800262072146072,-0.02381471114730617,-0.34069806501174604,1.5008407379216209,0.0012416123241354297,-0.34033800355136212,1.501689037339982,0.0007063419075836895,0.34069806501174604,-1.5008407379216209,-0.0012416123241354297,0.34033800355136212,-1.501689037339982,-0.0007063419075836895,-1.3267204090965414,2.208800254273827,0,-1.3267204090965414,2.208800254273827,0,-0.34069806501174604,1.5008407379216209,0.0012416123241354297,-0.34033800355136212,1.501689037339982,0.0007063419075836895,0,0,0,0,0,0,-0.34069806501174604,1.5008407379216209,0.0012416123241354297,-0.34033800355136212,1.501689037339982,0.0007063419075836895,0,0,0,0,0,0,0,0,0,0,0,0
control,0,12,60,65,120000000,120000000,0,-1,0.01,1,1,0,0,none,0,0,1,1,-0.084501665182507013,8.3724692845392346e-06,0.56643019416701468,0.9999801900405304,-6.6577495956754565e-06,-0.0062944008572937034,-1.6224631437633463e-07,-0.094665280021693513,0.00010416751655553573,-0.013920608815771706,-0.00018333189524406162,-0.16633892800023892,1.3278723846273708e-06,-1.3025298839678758,2.1399989815309461,0.00047178845375422105,-1.3025445822349546,2.1399601192639346,0.0013809716260990272,0.020813102845493786,-0.45791865960321737,-0.027203746428877539,0.020697546507547251,-0.45815224337103971,-0.022098095108978567,-0.32150595581222785,1.5124932623193961,0.0012186507853176108,-0.32115624210036264,1.5133099851752683,0.00069061326761922026,0.32150595581222785,-1.5124932623193961,-0.0012186507853176108,0.32115624210036264,-1.5133099851752683,-0.00069061326761922026,-1.3267204090965414,2.208800254273827,0,-1.3267204090965414,2.208800254273827,0,-0.32150595581222785,1.5124932623193961,0.0012186507853176108,-0.32115624210036264,1.5133099851752683,0.00069061326761922026,0,0,0,0,0,0,-0.32150595581222785,1.5124932623193961,0.0012186507853176108,-0.32115624210036264,1.5133099851752683,0.00069061326761922026,0,0,0,0,0,0,0,0,0,0,0,0
control,0,13,65,70,130000000,130000000,0,-1,0.01,1,1,0,0,none,0,0,1,1,-0.085452754421598776,9.4157207498494894e-06,0.56628906215069008,0.99997458011257667,-7.5759349184506855e-06,-0.0071301522604528553,-1.5409039540568371e-07,-0.095203998525449515,0.00010422711732828846,-0.014210139256528861,-0.00018348880452001144,-0.16735252131413167,1.2954742956317961e-06,-1.3023938080080311,2.1355923920666249,0.00021002598116781125,-1.3024095570569367,2.135551420509235,0.0011677626894341575,0.0084220062414186985,-0.42935803914249249,-0.02455894526437007,0.0083230862599218518,-0.42955224016861354,-0.019870284340404651,-0.30455222242425245,1.5225314052001639,0.00116493946886816,-0.30421485386513919,1.5233143654280243,0.00064318541018998539,0.30455222242425245,-1.5225314052001639,-0.00116493946886816,0.30421485386513919,-1.5233143654280243,-0.00064318541018998539,-1.3267204090965414,2.208800254273827,0,-1.3267204090965414,2.208800254273827,0,-0.30455222242425245,1.5225314052001639,0.00116493946886816,-0.30421485386513919,1.5233143654280243,0.00064318541018998539,0,0,0,0,0,0,-0.30455222242425245,1.5225314052001639,0.00116493946886816,-0.30421485386513919,1.5233143654280243,0.00064318541018998539,0,0,0,0,0,0,0,0,0,0,0,0
control,0,14,70,75,140000000,140000000,0,-1,0.01,1,1,0,0,none,0,0,1,1,-0.086401680068642725,1.0451348354318128e-05,0.56614623976451606,0.9999682842779396,-8.4876029198498273e-06,-0.0079643183118643292,-1.4663315058520837e-07,-0.094495754116940181,0.00010292951934835786,-0.014299622560405761,-0.00018123954424200967,-0.16616965962744473,1.1398215951463266e-06,-1.3023689491918498,2.1314632462022369,-2.3896342307532596e-05,-1.3023855862073799,2.1314205437225922,0.00097845788953804485,-0.0018250477043618165,-0.40215350220531831,-0.021734609703264428,-0.0019079062299753586,-0.40231101584942991,-0.017423784408428667,-0.28947994729975735,1.531274350167058,0.0010938993878554812,-0.28915601532497565,1.5320230503889629,0.00057765185356001996,0.28947994729975735,-1.531274350167058,-0.0010938993878554812,0.28915601532497565,-1.5320230503889629,-0.00057765185356001996,-1.3267204090965414,2.208800254273827,0,-1.3267204090965414,2.208800254273827,0,-0.28947994729975735,1.531274350167058,0.0010938993878554812,-0.28915601532497565,1.5320230503889629,0.00057765185356001996,0,0,0,0,0,0,-0.28947994729975735,1.531274350167058,0.0010938993878554812,-0.28915601532497565,1.5320230503889629,0.00057765185356001996,0,0,0,0,0,0,0,0,0,0,0,0
control,0,15,75,80,150000000,150000000,0,-1,0.01,1,1,0,0,none,0,0,1,1,-0.087336387247812175,1.1466364023370941e-05,0.56600370069668282,0.99996139989079613,-9.3812832687086559e-06,-0.0087862756849212877,-1.4014273087733093e-07,-0.09261171454903469,0.00010037373566759472,-0.014194003982942276,-0.00017677206031331864,-0.16291357789920874,9.7395820314547453e-07,-1.3024357229450234,2.1275977802920836,-0.0002293213521562363,-1.3024530932444529,2.1275536948804943,0.0008140801662102873,-0.010233729271391535,-0.37633431889012625,-0.018932156409379883,-0.0103014747493839,-0.37645842053721873,-0.014964308631224934,-0.27606563991112892,1.5389311661161102,0.0010154042261158651,-0.27575557810098644,1.5396463435258205,0.00050399138169816057,0.27606563991112892,-1.5389311661161102,-0.0010154042261158651,0.27575557810098644,-1.5396463435258205,-0.00050399138169816057,-1.3267204090965414,2.208800254273827,0,-1.3267204090965414,2.208800254273827,0,-0.27606563991112892,1.5389311661161102,0.0010154042261158651,-0.27575557810098644,1.5396463435258205,0.00050399138169816057,0,0,0,0,0,0,-0.27606563991112892,1.5389311661161102,0.0010154042261158651,-0.27575557810098644,1.5396463435258205,0.00050399138169816057,0,0,0,0,0,0,0,0,0,0,0,0
control,0,16,80,85,160000000,160000000,0,-1,0.01,1,1,0,0,none,0,0,1,1,-0.088245633232277659,1.2448826088813054e-05,0.56586334842860697,0.99995405216549749,-1.0246474716343644e-05,-0.0095861072805371594,-1.3445824082993444e-07,-0.089639469776282982,9.6667892781505436e-05,-0.013901606835204968,-0.00017028485102230564,-0.15773684231780918,8.6629236453938371e-07,-1.3025771183673287,2.1239822996316819,-0.00040723149101715308,-1.3025950782172782,2.1239371447336812,0.0006739757176790046,-0.01702991688965539,-0.35187009679493891,-0.016288661297527811,-0.01708372338986977,-0.351964367799668,-0.012632254298035482,-0.26417461341606968,1.5456206008981488,0.00093660251218153647,-0.26387838546635461,1.5463038661812512,0.00042941999959807283,0.26417461341606968,-1.5456206008981488,-0.00093660251218153647,0.26387838546635461,-1.5463038661812512,-0.00042941999959807283,-1.3267204090965414,2.208800254273827,0,-1.3267204090965414,2.208800254273827,0,-0.26417461341606968,1.5456206008981488,0.00093660251218153647,-0.26387838546635461,1.5463038661812512,0.00042941999959807283,0,0,0,0,0,0,-0.26417461341606968,1.5456206008981488,0.00093660251218153647,-0.26387838546635461,1.5463038661812512,0.00042941999959807283,0,0,0,0,0,0,0,0,0,0,0,0
control,0,17,85,90,170000000,170000000,0,-1,0.01,1,1,0,0,none,0,0,1,1,-0.089119130265941676,1.3387921168665602e-05,0.56572698611742434,0.99994638828864535,-1.1073693731838882e-05,-0.010354729636764138,-1.2918150332535872e-07,-0.085679449888773476,9.192768076784672e-05,-0.013433566197603405,-0.00016198532992451847,-0.15081493329184531,8.5110512373191253e-07,-1.3027780473812607,2.120603665265099,-0.00055969596314587547,-1.3027964655867206,2.120557717916054,0.00055637436546197318,-0.022384382642673069,-0.32868887551111697,-0.013891991197126224,-0.022425543223102872,-0.32875700263816859,-0.010518208131544459,-0.25373176661935937,1.5513923813714108,0.0008625083488000739,-0.25344900728319597,1.5520459402505291,0.00035899809693863097,0.25373176661935937,-1.5513923813714108,-0.0008625083488000739,0.25344900728319597,-1.5520459402505291,-0.00035899809693863097,-1.3267204090965414,2.208800254273827,0,-1.3267204090965414,2.208800254273827,0,-0.25373176661935937,1.5513923813714108,0.0008625083488000739,-0.25344900728319597,1.5520459402505291,0.00035899809693863097,0,0,0,0,0,0,-0.25373176661935937,1.5513923813714108,0.0008625083488000739,-0.25344900728319597,1.5520459402505291,0.00035899809693863097,0,0,0,0,0,0,0,0,0,0,0,0
control,0,18,90,95,180000000,180000000,0,-1,0.01,1,1,0,0,none,0,0,1,1,-0.08994765429676338,1.4274029663551115e-05,0.56559629052811344,0.99993857062455571,-1.1854514726588109e-05,-0.011083990110759084,-1.2381772792141212e-07,-0.08084164506507048,8.6274659324884668e-05,-0.012803495581860324,-0.00015208804954337473,-0.14234046310926265,9.3842787779918151e-07,-1.3030248966290241,2.1174496145957447,-0.00068944784441081096,-1.303043655247565,2.1174031152108097,0.00045881721151163507,-0.026429950019275564,-0.30669294756628457,-0.011792374132448203,-0.026459801374104988,-0.30673858091619444,-0.008674726087309903,-0.24470122458129465,1.5562470974864149,0.0007964530599456535,-0.24443134412655912,1.5568735401304989,0.00029609114091200467,0.24470122458129465,-1.5562470974864149,-0.0007964530599456535,0.24443134412655912,-1.5568735401304989,-0.00029609114091200467,-1.3267204090965414,2.208800254273827,0,-1.3267204090965414,2.208800254273827,0,-0.24470122458129465,1.5562470974864149,0.0007964530599456535,-0.24443134412655912,1.5568735401304989,0.00029609114091200467,0,0,0,0,0,0,-0.24470122458129465,1.5562470974864149,0.0007964530599456535,-0.24443134412655912,1.5568735401304989,0.00029609114091200467,0,0,0,0,0,0,0,0,0,0,0,0
control,0,19,95,100,190000000,190000000,0,-1,0.01,1,1,0,0,none,0,0,1,1,-0.090723122652532517,1.5098773937392094e-05,0.56547278893046182,0.9999307694771653,-1.2581600708149876e-05,-0.011766736781834649,-1.1787168624275388e-07,-0.075242625307317165,7.9834505556574314e-05,-0.012027200264387267,-0.00014081270627976363,-0.13251795329697758,1.1222414196587342e-06,-1.3033052226711732,2.1145089413556377,-0.00079956202413700595,-1.3033242171182939,2.1144620946720774,0.00037848188179510559,-0.029273863694997401,-0.285771819634351,-0.010011505170668242,-0.029293734302999808,-0.28579847529349034,-0.0071255628986235768,-0.2370714415619225,1.5601534844697977,0.00074044386577451385,-0.23681370228447021,1.5607556281612309,0.00024273358039264716,0.2370714415619225,-1.5601534844697977,-0.00074044386577451385,0.23681370228447021,-1.5607556281612309,-0.00024273358039264716,-1.3267204090965414,2.208800254273827,0,-1.3267204090965414,2.208800254273827,0,-0.2370714415619225,1.5601534844697977,0.00074044386577451385,-0.23681370228447021,1.5607556281612309,0.00024273358039264716,0,0,0,0,0,0,-0.2370714415619225,1.5601534844697977,0.00074044386577451385,-0.23681370228447021,1.5607556281612309,0.00024273358039264716,0,0,0,0,0,0,0,0,0,0,0,0
control,0,20,100,105,200000000,200000000,0,-1,0.01,1,1,0,0,none,0,0,1,1,-0.091438643639763631,1.5855048964540867e-05,0.56535783900779146,0.99992315584432689,-1.3248723226307471e-05,-0.012396863747723825,-1.1090845603691721e-07,-0.069002854548644466,7.2735264471307553e-05,-0.011122362029910415,-0.00012838195245736935,-0.1215591278771722,1.3868158021752148e-06,-1.303607551393251,2.1117715631367195,-0.00089321317013138588,-1.303626690136791,2.1117245399296078,0.00031242679271875325,-0.031006883700133759,-0.26581232596977045,-0.0085498323539453039,-0.031018059384812235,-0.26582332196345287,-0.0058730342011739023,-0.23084396688928432,1.5630627825999448,0.000695455568736681,-0.23059753843978681,1.5636435550758088,0.00019992367224306917,0.23084396688928432,-1.5630627825999448,-0.000695455568736681,0.23059753843978681,-1.5636435550758088,-0.00019992367224306917,-1.3267204090965414,2.208800254273827,0,-1.3267204090965414,2.208800254273827,0,-0.23084396688928432,1.5630627825999448,0.000695455568736681,-0.23059753843978681,1.5636435550758088,0.00019992367224306917,0,0,0,0,0,0,-0.23084396688928432,1.5630627825999448,0.000695455568736681,-0.23059753843978681,1.5636435550758088,0.00019992367224306917,0,0,0,0,0,0,0,0,0,0,0,0
control,0,21,105,110,210000000,210000000,0,-1,0.01,1,1,0,0,none,0,0,1,1,-0.092088540971148117,1.6537035736321933e-05,0.56525261221987178,0.99991589455092444,-1.3850770790742401e-05,-0.012969334314815069,-1.0258754943334185e-07,-0.062244290987964364,6.5105646248365579e-05,-0.010108174116821553,-0.00011501908071984401,-0.10967869357770434,1.7113664213633194e-06,-1.3039212540408525,2.1092285031943909,-0.0009734979305563538,-1.3039404580298761,2.1091814424865252,0.00025777058031514538,-0.031709988760053223,-0.24670616551936747,-0.0073924251919971849,-0.031713690966490238,-0.24670458208294105,-0.0049039339474103664,-0.22602487752818778,1.5649202612322839,0.00066167063876676545,-0.2257888763502483,1.5654826145720333,0.00016786552327597469,0.22602487752818778,-1.5649202612322839,-0.00066167063876676545,0.2257888763502483,-1.5654826145720333,-0.00016786552327597469,-1.3267204090965414,2.208800254273827,0,-1.3267204090965414,2.208800254273827,0,-0.22602487752818778,1.5649202612322839,0.00066167063876676545,-0.2257888763502483,1.5654826145720333,0.00016786552327597469,0,0,0,0,0,0,-0.22602487752818778,1.5649202612322839,0.00066167063876676545,-0.2257888763502483,1.5654826145720333,0.00016786552327597469,0,0,0,0,0,0,0,0,0,0,0,0
control,0,22,110,115,220000000,220000000,0,-1,0.01,1,1,0,0,none,0,0,1,1,-0.09266835583044071,1.7140198090904606e-05,0.56515808110578147,0.99990913808206228,-1.4383745339234409e-05,-0.013480184460369062,-9.2677967431673722e-08,-0.05508826343029613,5.7073402492151526e-05,-0.0090049305293400175,-0.00010094565573578742,-0.097090584830607257,2.0733222059569546e-06,-1.3042364792814674,2.1068718100699342,-0.0010433088624091152,-1.3042556812148329,2.1068248216338721,0.00021181941157047334,-0.031459249643046583,-0.22835522344925402,-0.0065137010992785682,-0.031456622847127531,-0.22834388078519349,-0.0041942931228801618,-0.22261828331631905,1.5656741656205946,0.00063867771368666297,-0.22239180030981071,1.5662210128572491,0.00014616883267286611,0.22261828331631905,-1.5656741656205946,-0.00063867771368666297,0.22239180030981071,-1.5662210128572491,-0.00014616883267286611,-1.3267204090965414,2.208800254273827,0,-1.3267204090965414,2.208800254273827,0,-0.22261828331631905,1.5656741656205946,0.00063867771368666297,-0.22239180030981071,1.5662210128572491,0.00014616883267286611,0,0,0,0,0,0,-0.22261828331631905,1.5656741656205946,0.00063867771368666297,-0.22239180030981071,1.5662210128572491,0.00014616883267286611,0,0,0,0,0,0,0,0,0,0,0,0
control,0,23,115,120,230000000,230000000,0,-1,0.01,1,1,0,0,none,0,0,1,1,-0.093174829270918913,1.7661263901321527e-05,0.56507501089685586,0.9999030213631106,-1.4844746724566658e-05,-0.013926508842791518,-8.1060199325845693e-08,-0.047653611922980704,4.876380503559127e-05,-0.0078335848264831365,-8.6379164275254323e-05,-0.084004654206846247,2.4505123626074296e-06,-1.3045441253038095,2.1046944349611123,-0.001105249901205382,-1.3045632688131339,2.104647601969118,0.00017215249471944191,-0.030329261734927265,-0.21067504606647866,-0.0058812126682881586,-0.030321367273935897,-0.21065649451086144,-0.0037131885405272454,-0.22062151291039256,1.5652824008522941,0.00062563560377602249,-0.22040363248998662,1.5658165694227995,0.00013401367861052971,0.22062151291039256,-1.5652824008522941,-0.00062563560377602249,0.22040363248998662,-1.5658165694227995,-0.00013401367861052971,-1.3267204090965414,2.208800254273827,0,-1.3267204090965414,2.208800254273827,0,-0.22062151291039256,1.5652824008522941,0.00062563560377602249,-0.22040363248998662,1.5658165694227995,0.00013401367861052971,0,0,0,0,0,0,-0.22062151291039256,1.5652824008522941,0.00062563560377602249,-0.22040363248998662,1.5658165694227995,0.00013401367861052971,0,0,0,0,0,0,0,0,0,0,0,0
control,0,24,120,125,240000000,240000000,0,-1,0.01,1,1,0,0,none,0,0,1,1,-0.093605867519258645,1.8098191753011922e-05,0.56500395563252326,0.99989765765528771,-1.5231945529302876e-05,-0.014306431541474761,-6.7719754683445919e-08,-0.040055079958101085,4.0298244311399757e-05,-0.0066152971739077268,-7.1530745459746925e-05,-0.070623789834837886,2.8225437460426034e-06,-1.3048358392960511,2.1026900832584925,-0.0011615849511112178,-1.3048548780948539,2.1026434649787626,0.00013667429632465417,-0.02839542999245593,-0.19359681127073047,-0.0054586543100650095,-0.028383244286736789,-0.19357333015790743,-0.0034257637206747062,-0.22002169261720045,1.5637172690901096,0.00062140820083661584,-0.2198115055901452,1.5642414667776332,0.00013028589713633907,0.22002169261720045,-1.5637172690901096,-0.00062140820083661584,0.2198115055901452,-1.5642414667776332,-0.00013028589713633907,-1.3267204090965414,2.208800254273827,0,-1.3267204090965414,2.208800254273827,0,-0.22002169261720045,1.5637172690901096,0.00062140820083661584,-0.2198115055901452,1.5642414667776332,0.00013028589713633907,0,0,0,0,0,0,-0.22002169261720045,1.5637172690901096,0.00062140820083661584,-0.2198115055901452,1.5642414667776332,0.00013028589713633907,0,0,0,0,0,0,0,0,0,0,0,0
control,0,25,125,130,250000000,250000000,0,-1,0.01,1,1,0,0,none,0,0,1,1,-0.093960492624589997,1.8450124382015444e-05,0.56494525878187052,0.99989313565871007,-1.5544544799083388e-05,-0.01461906361419864,-5.2735602445438158e-08,-0.032401944849079732,3.1792959246214358e-05,-0.0053709884489888853,-5.6603052206852705e-05,-0.05714144133585141,3.1715924610170397e-06,-1.3051040342288809,2.1008530534852068,-0.0012142125820554241,-1.3051229312626171,2.1008066879537091,0.00010364053833126954,-0.025735340481960703,-0.17706809755295369,-0.0052082171528195611,-0.025719756143733973,-0.1770417000967647,-0.0032955929847399939,-0.22079348768898552,1.5609685557928727,0.0006246746322576053,-0.22059009979149058,1.5614853459865621,0.00013368748773761886,0.22079348768898552,-1.5609685557928727,-0.0006246746322576053,0.22059009979149058,-1.5614853459865621,-0.00013368748773761886,-1.3267204090965414,2.208800254273827,0,-1.3267204090965414,2.208800254273827,0,-0.22079348768898552,1.5609685557928727,0.0006246746322576053,-0.22059009979149058,1.5614853459865621,0.00013368748773761886,0,0,0,0,0,0,-0.22079348768898552,1.5609685557928727,0.0006246746322576053,-0.22059009979149058,1.5614853459865621,0.00013368748773761886,0,0,0,0,0,0,0,0,0,0,0,0
control,0,26,130,135,260000000,260000000,0,-1,0.01,1,1,0,0,none,0,0,1,1,-0.094238780755564466,1.8717330240433141e-05,0.56489905819593711,0.99988951784335334,-1.5782731507847794e-05,-0.014864449464733601,-3.6265921495845947e-08,-0.024796872500841397,2.3357906659080705e-05,-0.0041209183430671488,-4.1788284357002307e-05,-0.04373953536967011,3.4827849483574292e-06,-1.3053419149707044,2.099178074094735,-0.0012646609794109568,-1.3053606415898362,2.0991319807142128,7.1663870926279928e-05,-0.022429412047273313,-0.16105271380406019,-0.0050923996494440403,-0.022411240776780285,-0.1610251560736421,-0.0032864977679299997,-0.22289781143913442,1.557045232855194,0.00063401827629548907,-0.22270034891529206,1.5575570168258333,0.00014282572711861604,0.22289781143913442,-1.557045232855194,-0.00063401827629548907,0.22270034891529206,-1.5575570168258333,-0.00014282572711861604,-1.3267204090965414,2.208800254273827,0,-1.3267204090965414,2.208800254273827,0,-0.22289781143913442,1.557045232855194,0.00063401827629548907,-0.22270034891529206,1.5575570168258333,0.00014282572711861604,0,0,0,0,0,0,-0.22289781143913442,1.557045232855194,0.00063401827629548907,-0.22270034891529206,1.5575570168258333,0.00014282572711861604,0,0,0,0,0,0,0,0,0,0,0,0
control,0,27,135,140,270000000,270000000,0,-1,0.01,1,1,0,0,none,0,0,1,1,-0.094441790308796514,1.8901134616392781e-05,0.56486529506239092,0.99988683996521976,-1.5947618738070177e-05,-0.015043503914947116,-1.8532820592652628e-08,-0.017334982615919668,1.5095774996914981e-05,-0.002884301650734522,-2.7266424374881915e-05,-0.030586761260877168,3.7443012611681628e-06,-1.3055435075119055,2.0976601461873026,-0.0013140982653358352,-1.3055620426810519,2.097614328220915,3.9704130461713215e-05,-0.01856099032723511,-0.14552981423284528,-0.005075364790862737,-0.018540966804904475,-0.14550260685237626,-0.0033639071827210117,-0.22628133352477839,1.5519760183875608,0.00064799771914388743,-0.22608894677851749,1.5524850229135083,0.00015628411999753664,0.22628133352477839,-1.5519760183875608,-0.00064799771914388743,0.22608894677851749,-1.5524850229135083,-0.00015628411999753664,-1.3267204090965414,2.208800254273827,0,-1.3267204090965414,2.208800254273827,0,-0.22628133352477839,1.5519760183875608,0.00064799771914388743,-0.22608894677851749,1.5524850229135083,0.00015628411999753664,0,0,0,0,0,0,-0.22628133352477839,1.5519760183875608,0.00064799771914388743,-0.22608894677851749,1.5524850229135083,0.00015628411999753664,0,0,0,0,0,0,0,0,0,0,0,0
control,0,28,140,145,280000000,280000000,0,-1,0.01,1,1,0,0,none,0,0,1,1,-0.094571481851839417,1.9003841768712681e-05,0.56484372641113068,0.99988511167226291,-1.6041179682721346e-05,-0.015157941774049475,1.9287177909057765e-10,-0.010103110365446538,7.1011447352888999e-06,-0.0016789737862224821,-1.3203698089431122e-05,-0.017837206495060324,3.9472982163068502e-06,-1.305703686542758,2.0962943981654565,-0.0013633541375918734,-1.3057220160924767,2.0962488451037959,7.0472553537532702e-06,-0.014216020303917623,-0.13049248891584136,-0.0051239214232727736,-0.014194806521264532,-0.13046691051329248,-0.0034958411702866047,-0.23087664018952431,1.5458090066742081,0.00066520231244120067,-0.23068850626687956,1.5463172758103112,0.00017267788190820425,0.23087664018952431,-1.5458090066742081,-0.00066520231244120067,0.23068850626687956,-1.5463172758103112,-0.00017267788190820425,-1.3267204090965414,2.208800254273827,0,-1.3267204090965414,2.208800254273827,0,-0.23087664018952431,1.5458090066742081,0.00066520231244120067,-0.23068850626687956,1.5463172758103112,0.00017267788190820425,0,0,0,0,0,0,-0.23087664018952431,1.5458090066742081,0.00066520231244120067,-0.23068850626687956,1.5463172758103112,0.00017267788190820425,0,0,0,0,0,0,0,0,0,0,0,0
control,0,29,145,150,290000000,290000000,0,-1,0.01,1,1,0,0,none,0,0,1,1,-0.094630631784316896,1.9028649547340934e-05,0.56483394062853887,0.99988431806353717,-1.6066174659990608e-05,-0.015210201592726553,1.9606052394048284e-08,-0.0031792506648338067,-5.4020422568007154e-07,-0.00052111331959985702,2.487245090579232e-07,-0.0056293212063366444,4.0857223932083514e-06,-1.3058181978579766,2.0950759566214412,-0.0014129494776127826,-1.3058363137812294,2.0950306464097248,-2.6723780133253104e-05,-0.0094824110794417688,-0.11594599096241717,-0.0052081959717606647,-0.0094606007287154226,-0.11592310267338979,-0.0036535831503263926,-0.2366029182436154,1.5386105582722551,0.00068429464187186794,-0.23641824269067074,1.5391199483793108,0.00019069629155629556,0.2366029182436154,-1.5386105582722551,-0.00068429464187186794,0.23641824269067074,-1.5391199483793108,-0.00019069629155629556,-1.3267204090965414,2.208800254273827,0,-1.3267204090965414,2.208800254273827,0,-0.2366029182436154,1.5386105582722551,0.00068429464187186794,-0.23641824269067074,1.5391199483793108,0.00019069629155629556,0,0,0,0,0,0,-0.2366029182436154,1.5386105582722551,0.00068429464187186794,-0.23641824269067074,1.5391199483793108,0.00019069629155629556,0,0,0,0,0,0,0,0,0,0,0,0
control,0,30,150,155,300000000,300000000,0,-1,0.01,1,1,0,0,none,0,0,1,1,-0.094622741463422852,1.8979557968595602e-05,0.5648353753792712,0.99988442203601524,-1.602607238230522e-05,-0.015203365182282552,3.9380610283229549e-08,0.00336782843148203,-7.7518381876397781e-06,0.00057497380352636578,1.295577802631181e-05,0.0059148097033343327,4.1560596652374018e-06,-1.305883673079913,2.0939998362941732,-0.0014631311858913009,-1.3059015728722798,2.0939547374121159,-6.1763265599203788e-05,-0.0044491864371860364,-0.10190573526203144,-0.0053020522338891145,-0.0044273091104030876,-0.10188639579506939,-0.0038121002508738058,-0.24336705254376159,1.5304636186488927,0.00070404196746184596,-0.24318507102553477,1.5309757960331369,0.00020913399222345145,0.24336705254376159,-1.5304636186488927,-0.00070404196746184596,0.24318507102553477,-1.5309757960331369,-0.00020913399222345145,-1.3267204090965414,2.208800254273827,0,-1.3267204090965414,2.208800254273827,0,-0.24336705254376159,1.5304636186488927,0.00070404196746184596,-0.24318507102553477,1.5309757960331369,0.00020913399222345145,0,0,0,0,0,0,-0.24336705254376159,1.5304636186488927,0.00070404196746184596,-0.24318507102553477,1.5309757960331369,0.00020913399222345145,0,0,0,0,0,0,0,0,0,0,0,0
control,0,31,155,160,310000000,310000000,0,-1,0.01,1,1,0,0,none,0,0,1,1,-0.094551943419272963,1.8861273231261927e-05,0.56484733730359526,0.99988536723618116,-1.5924966810259308e-05,-0.015141074379256002,5.9181300218192017e-08,0.0094788142453142814,-1.4467066901348823e-05,0.0015970062491672055,2.4799280550311333e-05,0.016689904682893945,4.1570585084396756e-06,-1.3058976350088847,2.0930608507450348,-0.0015139100856624845,-1.3059153210494081,2.093015924135635,-9.8000124817151606e-05,0.00079450419799445646,-0.088395176481929641,-0.0053833182806013943,0.00081597919017692812,-0.088380057445103952,-0.0039502703227205548,-0.25106504534887281,1.5214656070684007,0.00072333893972881497,-0.25088502535086527,1.52198204782596,0.00022691355358117325,0.25106504534887281,-1.5214656070684007,-0.00072333893972881497,0.25088502535086527,-1.52198204782596,-0.00022691355358117325,-1.3267204090965414,2.208800254273827,0,-1.3267204090965414,2.208800254273827,0,-0.25106504534887281,1.5214656070684007,0.00072333893972881497,-0.25088502535086527,1.52198204782596,0.00022691355358117325,0,0,0,0,0,0,-0.25106504534887281,1.5214656070684007,0.00072333893972881497,-0.25088502535086527,1.52198204782596,0.00022691355358117325,0,0,0,0,0,0,0,0,0,0,0,0
control,0,32,160,165,320000000,320000000,0,-1,0.01,1,1,0,0,none,0,0,1,1,-0.094422906131284401,1.867910851571456e-05,0.56486902286050023,0.99988708142746241,-1.5767490777733113e-05,-0.015027446418155647,7.867419618801944e-08,0.015103940100486513,-2.0629218577863893e-05,0.0025348175524516226,3.5678502251294854e-05,0.02660766600042673,4.0894582733317084e-06,-1.3058584926715138,2.0922535443507995,-0.001565099954623266,-1.3058759716408386,2.0922087451978082,-0.00013517641492809149,0.0061604374981149186,-0.075443674163511512,-0.0054338085189996593,0.0061810975906173866,-0.075433275241194295,-0.0040509041742983606,-0.25958365334750427,1.5117260303215974,0.00074122041233696276,-0.25940489585436038,1.5122480217740168,0.00024309813319334548,0.25958365334750427,-1.5117260303215974,-0.00074122041233696276,0.25940489585436038,-1.5122480217740168,-0.00024309813319334548,-1.3267204090965414,2.208800254273827,0,-1.3267204090965414,2.208800254273827,0,-0.25958365334750427,1.5117260303215974,0.00074122041233696276,-0.25940489585436038,1.5122480217740168,0.00024309813319334548,0,0,0,0,0,0,-0.25958365334750427,1.5117260303215974,0.00074122041233696276,-0.25940489585436038,1.5122480217740168,0.00024309813319334548,0,0,0,0,0,0,0,0,0,0,0,0
control,0,33,165,170,330000000,330000000,0,-1,0.01,1,1,0,0,none,0,0,1,1,-0.094240738670164512,1.8438882849865386e-05,0.56489953971670637,0.9998894800890783,-1.555872752299854e-05,-0.014866989107023484,9.7535353612224167e-08,0.020202947177876966,-2.6191773487655901e-05,0.0033803872757111348,4.5510484611386084e-05,0.035596725839476574,3.9555548296456418e-06,-1.3057655256422309,2.0915721452984961,-0.0016163562086460507,-1.3057828079820832,2.0915274246543212,-0.00017288547254670837,0.011562401202315168,-0.063084414690664253,-0.0054392514454324305,0.011581885480490283,-0.063079078560473734,-0.0041006717962604371,-0.26880220325519893,1.5013639297399668,0.0007568694348654367,-0.26862404159423375,1.5018925732747803,0.00025689923157703434,0.26880220325519893,-1.5013639297399668,-0.0007568694348654367,0.26862404159423375,-1.5018925732747803,-0.00025689923157703434,-1.3267204090965414,2.208800254273827,0,-1.3267204090965414,2.208800254273827,0,-0.26880220325519893,1.5013639297399668,0.0007568694348654367,-0.26862404159423375,1.5018925732747803,0.00025689923157703434,0,0,0,0,0,0,-0.26880220325519893,1.5013639297399668,0.0007568694348654367,-0.26862404159423375,1.5018925732747803,0.00025689923157703434,0,0,0,0,0,0,0,0,0,0,0,0
control,0,34,170,175,340000000,340000000,0,-1,0.01,1,1,0,0,none,0,0,1,1,-0.094010896457523585,1.8146819684739109e-05,0.56493792811160159,0.99989247007269233,-1.5304121460584162e-05,-0.014664516960998505,1.1545798148631167e-07,0.024744926070547749,-3.1118323434016619e-05,0.0041278172387908939,5.4230073282608207e-05,0.043602367024781395,3.7591851842570711e-06,-1.3056188576264829,2.0910105386323159,-0.0016672132465748719,-1.3056359570494687,2.0909658449134305,-0.00021060873780762108,0.016917257159235335,-0.051352464725185398,-0.0053890976111307049,0.016935253524887069,-0.051352388905826857,-0.0040899172367897174,-0.27859450337955555,1.490505284785911,0.00076961885452899684,-0.27841630485220381,1.4910414956834979,0.00026767848318177219,0.27859450337955555,-1.490505284785911,-0.00076961885452899684,0.27841630485220381,-1.4910414956834979,-0.00026767848318177219,-1.3267204090965414,2.208800254273827,0,-1.3267204090965414,2.208800254273827,0,-0.27859450337955555,1.490505284785911,0.00076961885452899684,-0.27841630485220381,1.4910414956834979,0.00026767848318177219,0,0,0,0,0,0,-0.27859450337955555,1.490505284785911,0.00076961885452899684,-0.27841630485220381,1.4910414956834979,0.00026767848318177219,0,0,0,0,0,0,0,0,0,0,0,0
control,0,35,175,180,350000000,350000000,0,-1,0.01,1,1,0,0,none,0,0,1,1,-0.093739089251622137,1.7809446479567241e-05,0.56498318168988315,0.99989595316198387,-1.5009390027597562e-05,-0.014425069323492586,1.321595697314343e-07,0.028708053545724956,-3.5382452119689175e-05,0.0047732597894914117,6.1789586999515334e-05,0.050586049773728416,3.5054110232569587e-06,-1.3054194197160516,2.0905622581264236,-0.0017171198760581321,-1.3054363526947446,2.0905175384764818,-0.00024775068948401852,0.022145952353511165,-0.04028291477076193,-0.0052763393000205628,0.022162201095224932,-0.040288167396821284,-0.0040124728656747632,-0.28883080109614501,1.4792803259249834,0.00077895292781846774,-0.28865197846439983,1.4798248406633741,0.00027494885012894371,0.28883080109614501,-1.4792803259249834,-0.00077895292781846774,0.28865197846439983,-1.4798248406633741,-0.00027494885012894371,-1.3267204090965414,2.208800254273827,0,-1.3267204090965414,2.208800254273827,0,-0.28883080109614501,1.4792803259249834,0.00077895292781846774,-0.28865197846439983,1.4798248406633741,0.00027494885012894371,0,0,0,0,0,0,-0.28883080109614501,1.4792803259249834,0.00077895292781846774,-0.28865197846439983,1.4798248406633741,0.00027494885012894371,0,0,0,0,0,0,0,0,0,0,0,0
control,0,36,180,185,360000000,360000000,0,-1,0.01,1,1,0,0,none,0,0,1,1,-0.093431192329842802,1.7433495660171653e-05,0.56503426736658657,0.99989982940392252,-1.4680436702397519e-05,-0.014153831370634706,1.4738721676832941e-07,0.032079236811431551,-3.8967563657610259e-05,0.005314805478899811,6.8158639722458417e-05,0.056524767178722894,3.2004185073312862e-06,-1.3051689039065346,2.0902204957714572,-0.0017654724103352152,-1.3051856891714833,2.0901756972647703,-0.00028367135276907094,0.027174466951044137,-0.029909213284408005,-0.0050972067743395204,0.027188757633252153,-0.029919748609331141,-0.0038653477770321572,-0.29937976270664796,1.4678209219550495,0.00078450206181754053,-0.29919977555057636,1.4683743070226773,0.00027836879468232914,0.29937976270664796,-1.4678209219550495,-0.00078450206181754053,0.29919977555057636,-1.4683743070226773,-0.00027836879468232914,-1.3267204090965414,2.208800254273827,0,-1.3267204090965414,2.208800254273827,0,-0.29937976270664796,1.4678209219550495,0.00078450206181754053,-0.29919977555057636,1.4683743070226773,0.00027836879468232914,0,0,0,0,0,0,-0.29937976270664796,1.4678209219550495,0.00078450206181754053,-0.29919977555057636,1.4683743070226773,0.00027836879468232914,0,0,0,0,0,0,0,0,0,0,0,0
control,0,37,185,190,370000000,370000000,0,-1,0.01,1,1,0,0,none,0,0,1,1,-0.093093161728806884,1.7025808308534286e-05,0.56509014386454082,0.99990400010683456,-1.4323265881930903e-05,-0.013856058789155398,1.6092189035918346e-07,0.034853676372175478,-4.1866550568121884e-05,0.0057523379362416074,7.3323607242587068e-05,0.061410251767021473,2.8511389862009385e-06,-1.3048697076372053,2.0899781262892265,-0.0018116442318226943,-1.3048863656984224,2.0899331969792145,-0.00031771530828502391,0.031934678884273357,-0.020261771477100728,-0.0048507799656398948,0.031946848505751663,-0.020277445387342115,-0.0036483490591144451,-0.31011043583844322,1.4562581930308565,0.00078603226782880307,-0.30992879353605557,1.4568208556163624,0.00027773204544122944,0.31011043583844322,-1.4562581930308565,-0.00078603226782880307,0.30992879353605557,-1.4568208556163624,-0.00027773204544122944,-1.3267204090965414,2.208800254273827,0,-1.3267204090965414,2.208800254273827,0,-0.31011043583844322,1.4562581930308565,0.00078603226782880307,-0.30992879353605557,1.4568208556163624,0.00027773204544122944,0,0,0,0,0,0,-0.31011043583844322,1.4562581930308565,0.00078603226782880307,-0.30992879353605557,1.4568208556163624,0.00027773204544122944,0,0,0,0,0,0,0,0,0,0,0,0
control,0,38,190,195,380000000,380000000,0,-1,0.01,1,1,0,0,none,0,0,1,1,-0.092730954287235615,1.6593241780324784e-05,0.56514977864359783,0.99990837042815728,-1.3943901265242001e-05,-0.013537006805197392,1.7258098402378021e-07,0.037034358836947508,-4.4081363180663569e-05,0.006087363808330565,7.7286870190654497e-05,0.065248054869925784,2.4649661078967505e-06,-1.3045248704353041,2.0898277444023958,-0.0018550117885144954,-1.3045414231330459,2.0897826342389774,-0.00034923716143393622,0.036365103817747421,-0.01136677553024747,-0.0045386420888031097,0.036375033041878203,-0.011387356894090282,-0.0033637336887084222,-0.32089411966146941,1.4447202817525451,0.00078343564099450408,-0.32071038112476385,1.4452924757593308,0.000272957832865602,0.32089411966146941,-1.4447202817525451,-0.00078343564099450408,0.32071038112476385,-1.4452924757593308,-0.000272957832865602,-1.3267204090965414,2.208800254273827,0,-1.3267204090965414,2.208800254273827,0,-0.32089411966146941,1.4447202817525451,0.00078343564099450408,-0.32071038112476385,1.4452924757593308,0.000272957832865602,0,0,0,0,0,0,-0.32089411966146941,1.4447202817525451,0.00078343564099450408,-0.32071038112476385,1.4452924757593308,0.000272957832865602,0,0,0,0,0,0,0,0,0,0,0,0
control,0,39,195,200,390000000,390000000,0,-1,0.01,1,1,0,0,none,0,0,1,1,-0.092350453124415879,1.6142582309534402e-05,0.56521216302042665,0.99991285150246179,-1.3548308468719599e-05,-0.013201864134481442,1.822197275536523e-07,0.038631490912033738,-4.5622467727070167e-05,0.0063228257174329948,8.0065893354199576e-05,0.068056520529637093,2.0495565067819192e-06,-1.304138003898623,2.0897617126698904,-0.0018949770658127419,-1.304154473985851,2.0897163743052136,-0.00037762347018384813,0.04041151267093273,-0.0032452259388559782,-0.0041645119388823478,0.040419123289617977,-0.0032704080809239297,-0.0030158389230138449,-0.33160613138142025,1.4333303381555227,0.00077671871668794003,-0.33141990626271156,1.4339121717447463,0.00026407898720584669,0.33160613138142025,-1.4333303381555227,-0.00077671871668794003,0.33141990626271156,-1.4339121717447463,-0.00026407898720584669,-1.3267204090965414,2.208800254273827,0,-1.3267204090965414,2.208800254273827,0,-0.33160613138142025,1.4333303381555227,0.00077671871668794003,-0.33141990626271156,1.4339121717447463,0.00026407898720584669,0,0,0,0,0,0,-0.33160613138142025,1.4333303381555227,0.00077671871668794003,-0.33141990626271156,1.4339121717447463,0.00026407898720584669,0,0,0,0,0,0,0,0,0,0,0,0
control,0,40,200,205,400000000,400000000,0,-1,0.01,1,1,0,0,none,0,0,1,1,-0.091957399076989244,1.5680463460630647e-05,0.5652763253538855,0.99991736208661508,-1.3142322794205264e-05,-0.012855692318486879,1.8973176512359851e-07,0.039661885429776243,-4.6508234635518584e-05,0.0064629056116108155,8.1692136787705325e-05,0.069865674844209857,1.6126806473365938e-06,-1.3037132162800857,2.0897722176206992,-0.0019309864634063376,-1.3037296270262357,2.0897266070997609,-0.00040231106089435274,0.044027420147108656,0.004087796694157762,-0.0037338787064612276,0.044032673256517461,0.0040583843660211925,-0.0026107157126988943,-0.34212744401813128,1.4222047447962967,0.00076598987434496266,-0.34193839472844451,1.4227961895397614,0.00025122910390325054,0.34212744401813128,-1.4222047447962967,-0.00076598987434496266,0.34193839472844451,-1.4227961895397614,-0.00025122910390325054,-1.3267204090965414,2.208800254273827,0,-1.3267204090965414,2.208800254273827,0,-0.34212744401813128,1.4222047447962967,0.00076598987434496266,-0.34193839472844451,1.4227961895397614,0.00025122910390325054,0,0,0,0,0,0,-0.34212744401813128,1.4222047447962967,0.00076598987434496266,-0.34193839472844451,1.4227961895397614,0.00025122910390325054,0,0,0,0,0,0,0,0,0,0,0,0
control,0,41,205,210,410000000,410000000,0,-1,0.01,1,1,0,0,none,0,0,1,1,-0.091557328510043154,1.5213291064648281e-05,0.56534134224085353,0.99992182972283716,-1.2731582770021707e-05,-0.012503370809545566,1.9504906238167935e-07,0.040148309963056517,-4.6764267446450045e-05,0.0065128252085865888,8.2209863665392606e-05,0.070716050873735406,1.1620943109448976e-06,-1.3032550329926962,2.0898513319632048,-0.0019625461326644293,-1.3032714078060741,2.0898054093017446,-0.0004228017924688632,0.047174439300929738,0.010623646689087942,-0.00325364452144704,0.047177333439217935,0.01059042756747053,-0.0021557701615965933,-0.35234617219753761,1.411451597693834,0.00075144606587168074,-0.35215401564443499,1.4120524983137823,0.00023462904582048863,0.35234617219753761,-1.411451597693834,-0.00075144606587168074,0.35215401564443499,-1.4120524983137823,-0.00023462904582048863,-1.3267204090965414,2.208800254273827,0,-1.3267204090965414,2.208800254273827,0,-0.35234617219753761,1.411451597693834,0.00075144606587168074,-0.35215401564443499,1.4120524983137823,0.00023462904582048863,0,0,0,0,0,0,-0.35234617219753761,1.411451597693834,0.00075144606587168074,-0.35215401564443499,1.4120524983137823,0.00023462904582048863,0,0,0,0,0,0,0,0,0,0,0,0
control,0,42,210,215,420000000,420000000,0,-1,0.01,1,1,0,0,none,0,0,1,1,-0.091155517815105488,1.4747175198990045e-05,0.56540634772943954,0.99992619144106398,-1.2321469948651113e-05,-0.012149548070229452,1.9814119635023481e-07,0.040118808212513041,-4.6422677980951427e-05,0.0064786493866158153,8.1674855103350545e-05,0.070657468286589725,7.0541284153611441e-07,-1.3027683143871622,2.0899910807476609,-0.0019892338916946122,-1.3027846764570172,2.0899448104027316,-0.00043867388710701273,0.049822499677811813,0.01636042125551455,-0.0027317816592438036,0.049823068790309739,0.016323861005887591,-0.0016594196240954642,-0.36215888602926816,1.4011694504307206,0.0007333592504705738,-0.36196339485975498,1.401779534944313,0.00021457314733687704,0.36215888602926816,-1.4011694504307206,-0.0007333592504705738,0.36196339485975498,-1.401779534944313,-0.00021457314733687704,-1.3267204090965414,2.208800254273827,0,-1.3267204090965414,2.208800254273827,0,-0.36215888602926816,1.4011694504307206,0.0007333592504705738,-0.36196339485975498,1.401779534944313,0.00021457314733687704,0,0,0,0,0,0,-0.36215888602926816,1.4011694504307206,0.0007333592504705738,-0.36196339485975498,1.401779534944313,0.00021457314733687704,0,0,0,0,0,0,0,0,0,0,0,0
control,0,43,215,220,430000000,430000000,0,-1,0.01,1,1,0,0,none,0,0,1,1,-0.090756934808214965,1.4287869682814334e-05,0.56547054060933732,0.99993039403894979,-1.1917055364949311e-05,-0.011798598859814621,1.9901405560430811e-07,0.039606003939065278,-4.5521318739681099e-05,0.0063670974198712241,8.0153053364727991e-05,0.069747785870584375,2.4999222557846231e-07,-1.3022581721627353,2.0901835095004557,-0.0020107078926970517,-1.3022745441230057,2.0901368607394968,-0.00044959000297910859,0.051949929156283221,0.021303077061665735,-0.0021770094914693302,0.051948240355578455,0.021263673655384532,-0.0011307686693413439,-0.37147173694009822,1.3914463216879565,0.00071206284238258205,-0.37127274021579648,1.3920652119288857,0.00019141543436079975,0.37147173694009822,-1.3914463216879565,-0.00071206284238258205,0.37127274021579648,-1.3920652119288857,-0.00019141543436079975,-1.3267204090965414,2.208800254273827,0,-1.3267204090965414,2.208800254273827,0,-0.37147173694009822,1.3914463216879565,0.00071206284238258205,-0.37127274021579648,1.3920652119288857,0.00019141543436079975,0,0,0,0,0,0,-0.37147173694009822,1.3914463216879565,0.00071206284238258205,-0.37127274021579648,1.3920652119288857,0.00019141543436079975,0,0,0,0,0,0,0,0,0,0,0,0
control,0,44,220,225,440000000,440000000,0,-1,0.01,1,1,0,0,none,0,0,1,1,-0.090366197146258778,1.3840719442797386e-05,0.56553318988204726,0.99993439399075768,-1.1523052956679917e-05,-0.011454587793396873,1.9770800444486155e-07,0.038646396753187193,-4.41029845247537e-05,0.0061853659500735155,7.7719150221930672e-05,0.068051643901324677,-1.9718104887442013e-07,-1.3017298857561184,2.0904207525207745,-0.0020267122600415551,-1.3017462893721612,2.0903736996935112,-0.00045530226925828411,0.053543402042566121,0.025463373629557248,-0.0015984951950642427,0.053539553253837677,0.025421647770132963,-0.00057930906942848593,-0.38020138314892593,1.3823589605922935,0.00068793843776567866,-0.37999876657331938,1.3829861833085904,0.00016555613424890954,0.38020138314892593,-1.3823589605922935,-0.00068793843776567866,0.37999876657331938,-1.3829861833085904,-0.00016555613424890954,-1.3267204090965414,2.208800254273827,0,-1.3267204090965414,2.208800254273827,0,-0.38020138314892593,1.3823589605922935,0.00068793843776567866,-0.37999876657331938,1.3829861833085904,0.00016555613424890954,0,0,0,0,0,0,-0.38020138314892593,1.3823589605922935,0.00068793843776567866,-0.37999876657331938,1.3829861833085904,0.00016555613424890954,0,0,0,0,0,0,0,0,0,0,0,0
control,0,45,225,230,450000000,450000000,0,-1,0.01,1,1,0,0,none,0,0,1,1,-0.089987537789944935,1.3410615981658161e-05,0.56559363854646616,0.99993815704518552,-1.1143780157835445e-05,-0.011121239178076125,1.9429554942508487e-07,0.037279658504754988,-4.2214595816537268e-05,0.0059409665672107452,7.4455144011422109e-05,0.065639212040906766,-6.2959253527585661e-07,-1.301188820008403,2.0906950997205391,-0.0020370799540911449,-1.3012052758891652,2.090647622438897,-0.00045565454146750955,0.054597759239945212,0.028859663411053473,-0.0010055817920594037,0.054591876498031107,0.028816149582193893,-1.4647408729350181e-05,-0.38827570791757937,1.3739723595228739,0.00066140307583031368,-0.38806941323556099,1.3746073576458688,0.00013742873287672037,0.38827570791757937,-1.3739723595228739,-0.00066140307583031368,0.38806941323556099,-1.3746073576458688,-0.00013742873287672037,-1.3267204090965414,2.208800254273827,0,-1.3267204090965414,2.208800254273827,0,-0.38827570791757937,1.3739723595228739,0.00066140307583031368,-0.38806941323556099,1.3746073576458688,0.00013742873287672037,0,0,0,0,0,0,-0.38827570791757937,1.3739723595228739,0.00066140307583031368,-0.38806941323556099,1.3746073576458688,0.00013742873287672037,0,0,0,0,0,0,0,0,0,0,0,0
control,0,46,230,235,460000000,460000000,0,-1,0.01,1,1,0,0,none,0,0,1,1,-0.089624777457757238,1.3001961073858707e-05,0.5656513058582231,0.99994165757709241,-1.0783125751748639e-05,-0.010801913055802387,1.8887855988238137e-07,0.035547938472240692,-3.9906373547949097e-05,0.0056415799127940824,7.0448886677807241e-05,0.0625849572547309,-1.0412906873826546e-06,-1.3006403453418764,2.0909990605964697,-0.0020417331374486545,-1.3006568726806089,2.090951143828315,-0.00045058215900822422,0.055115707744952905,0.031516549721355612,-0.00040754466898148406,0.055107942203591963,0.031471787795867706,0.00055373811019348912,-0.39563432667340914,1.3663394995462543,0.00063289717468367052,-0.39542435029657808,1.3669816436523416,0.00010748774219279282,0.39563432667340914,-1.3663394995462543,-0.00063289717468367052,0.39542435029657808,-1.3669816436523416,-0.00010748774219279282,-1.3267204090965414,2.208800254273827,0,-1.3267204090965414,2.208800254273827,0,-0.39563432667340914,1.3663394995462543,0.00063289717468367052,-0.39542435029657808,1.3669816436523416,0.00010748774219279282,0,0,0,0,0,0,-0.39563432667340914,1.3663394995462543,0.00063289717468367052,-0.39542435029657808,1.3669816436523416,0.00010748774219279282,0,0,0,0,0,0,0,0,0,0,0,0
control,0,47,235,240,470000000,470000000,0,-1,0.01,1,1,0,0,none,0,0,1,1,-0.089281303936762521,1.2618638704701844e-05,0.56570568823483292,0.99994487775932894,-1.0444524986762332e-05,-0.010499587313771827,1.8158511693311216e-07,0.033495184929637163,-3.723101678224892e-05,0.0052949273216948258,6.5792636381048833e-05,0.058966444858140184,-1.4269623699133048e-06,-1.3000897615946336,2.0913254241331494,-0.0020406813376058377,-1.3001063779407735,2.091277058215196,-0.00044010950464500514,0.055107408971950281,0.033464433672603149,0.00018662098457212633,0.055097933660280825,0.033418961051988341,0.0011167095049475753,-0.40222888348081903,1.3595013111792267,0.00060287335205314496,-0.4020152743596358,1.3601499111255886,7.6197376146122783e-05,0.40222888348081903,-1.3595013111792267,-0.00060287335205314496,0.4020152743596358,-1.3601499111255886,-7.6197376146122783e-05,-1.3267204090965414,2.208800254273827,0,-1.3267204090965414,2.208800254273827,0,-0.40222888348081903,1.3595013111792267,0.00060287335205314496,-0.4020152743596358,1.3601499111255886,7.6197376146122783e-05,0,0,0,0,0,0,-0.40222888348081903,1.3595013111792267,0.00060287335205314496,-0.4020152743596358,1.3601499111255886,7.6197376146122783e-05,0,0,0,0,0,0,0,0,0,0,0,0
control,0,48,240,245,480000000,480000000,0,-1,0.01,1,1,0,0,none,0,0,1,1,-0.088960058044755513,1.2263995158919909e-05,0.56575635898400034,0.99994780661895388,-1.0130941866217531e-05,-0.010216845661810761,1.7256606732028403e-07,0.031166489948997331,-3.4242894013626592e-05,0.0049086602245535524,6.058163547242677e-05,0.054863184388938759,-1.7819927478869078e-06,-1.2995422265511174,2.0916673136497468,-0.0020340177132710242,-1.2995589476156564,2.0916184942249054,-0.00042434567907938579,0.054589967826528155,0.034738971461058164,0.00076838137149492559,0.054578974181429152,0.034693315752851131,0.0016656487676948784,-0.40802314228488068,1.353486830297375,0.00057178624540656098,-0.40780599904276438,1.354141146957782,4.4021265339071804e-05,0.40802314228488068,-1.353486830297375,-0.00057178624540656098,0.40780599904276438,-1.354141146957782,-4.4021265339071804e-05,-1.3267204090965414,2.208800254273827,0,-1.3267204090965414,2.208800254273827,0,-0.40802314228488068,1.353486830297375,0.00057178624540656098,-0.40780599904276438,1.354141146957782,4.4021265339071804e-05,0,0,0,0,0,0,-0.40802314228488068,1.353486830297375,0.00057178624540656098,-0.40780599904276438,1.354141146957782,4.4021265339071804e-05,0,0,0,0,0,0,0,0,0,0,0,0
control,0,49,245,250,490000000,490000000,0,-1,0.01,1,1,0,0,none,0,0,1,1,-0.088663525973787488,1.1940827063085323e-05,0.56580296703052557,0.9999504390374917,-9.8448584323092038e-06,-0.0099558712215284881,1.6199136342549425e-07,0.02860746360085175,-3.0997257887279221e-05,0.0044902668670236505,5.4912730975670088e-05,0.050355530639430116,-2.1025083042412039e-06,-1.2990026900797123,2.0920182358124628,-0.0020219137323509127,-1.2990195295760203,2.091968963697024,-0.00040347860589309245,0.053586835865130439,0.035380462622524214,0.0013298139870619439,0.053574530080358972,0.035335134870562349,0.0021926055902693133,-0.41299288199964579,1.3483135276025835,0.00054008342035217658,-0.41277234936679208,1.3489727846157922,1.1413302254462067e-05,0.41299288199964579,-1.3483135276025835,-0.00054008342035217658,0.41277234936679208,-1.3489727846157922,-1.1413302254462067e-05,-1.3267204090965414,2.208800254273827,0,-1.3267204090965414,2.208800254273827,0,-0.41299288199964579,1.3483135276025835,0.00054008342035217658,-0.41277234936679208,1.3489727846157922,1.1413302254462067e-05,0,0,0,0,0,0,-0.41299288199964579,1.3483135276025835,0.00054008342035217658,-0.41277234936679208,1.3489727846157922,1.1413302254462067e-05,0,0,0,0,0,0,0,0,0,0,0,0
control,0,50,250,255,500000000,500000000,0,-1,0.01,1,1,0,0,none,0,0,1,1,-0.088393737687910048,1.1651377093062416e-05,0.56584523480948712,0.99995277474817634,-9.5882707828166764e-06,-0.0097184454242896113,1.5004627345541171e-07,0.025863642977497454,-2.7549492322158887e-05,0.0040469953684770564,4.8883053072603061e-05,0.045523648795029181,-2.3854025418631048e-06,-1.2984758346482759,2.0923721232353869,-0.0020046125656973386,-1.2984928041698749,2.0923224042216386,-0.00037776787833098389,0.052127143154581987,0.035433188845869837,0.0018637268066901721,0.052113742400650989,0.035388677334107159,0.0026904136379655615,-0.4171256081110597,1.3439877891924761,0.00050819742937469297,-0.41690187272097495,1.3446511846250995,-2.1190318398982925e-05,0.4171256081110597,-1.3439877891924761,-0.00050819742937469297,0.41690187272097495,-1.3446511846250995,2.1190318398982925e-05,-1.3267204090965414,2.208800254273827,0,-1.3267204090965414,2.208800254273827,0,-0.4171256081110597,1.3439877891924761,0.00050819742937469297,-0.41690187272097495,1.3446511846250995,-2.1190318398982925e-05,0,0,0,0,0,0,-0.4171256081110597,1.3439877891924761,0.00050819742937469297,-0.41690187272097495,1.3446511846250995,-2.1190318398982925e-05,0,0,0,0,0,0,0,0,0,0,0,0
control,0,51,255,260,510000000,510000000,0,-1,0.01,1,1,0,0,none,0,0,1,1,-0.088152270998227783,1.1397336973269632e-05,0.56588295548110157,0.99995481737490777,-9.3626914875203123e-06,-0.0095059518742426526,1.3692754568473774e-07,0.022979940711444422,-2.3954400112507696e-05,0.0035857917436224744,4.2588765288189549e-05,0.040446551260227261,-2.6283445026247975e-06,-1.297966022837169,2.0927233702807473,-0.0019824214914869794,-1.2979831317733543,2.0926732148808513,-0.00034753665008948687,0.050244974408629871,0.034944721559563935,0.0023637479192258745,0.050230702987456577,0.034901486214082275,0.0031527765444193741,-0.42042009672541403,1.3405055255776104,0.00047653905148480009,-0.42019338235942999,1.3411722433945843,-5.3377832194122655e-05,0.42042009672541403,-1.3405055255776104,-0.00047653905148480009,0.42019338235942999,-1.3411722433945843,5.3377832194122655e-05,-1.3267204090965414,2.208800254273827,0,-1.3267204090965414,2.208800254273827,0,-0.42042009672541403,1.3405055255776104,0.00047653905148480009,-0.42019338235942999,1.3411722433945843,-5.3377832194122655e-05,0,0,0,0,0,0,-0.42042009672541403,1.3405055255776104,0.00047653905148480009,-0.42019338235942999,1.3411722433945843,-5.3377832194122655e-05,0,0,0,0,0,0,0,0,0,0,0,0
control,0,52,260,265,520000000,520000000,0,-1,0.01,1,1,0,0,none,0,0,1,1,-0.087940260896120961,1.1179857319635293e-05,0.56591598960718947,0.99995657354851508,-9.1691580073315567e-06,-0.0093193847985605146,1.2283960820491838e-07,0.020000136911957254,-2.0265538106845056e-05,0.0031132512473604772,3.6123898563570088e-05,0.035201212426776374,-2.8297706256427176e-06,-1.2974772523128206,2.093066861843738,-0.0019557035897015862,-1.2974945078023656,2.0930162849809735,-0.00031316285648798808,0.047978605213422947,0.033965215057359777,0.0028243874159477708,0.047963690717875547,0.033923682473910581,0.0035743254934858812,-0.42288578922478404,1.3378528865750279,0.00044549170611308733,-0.42265635160692283,1.3385221078033762,-8.4767417727897639e-05,0.42288578922478404,-1.3378528865750279,-0.00044549170611308733,0.42265635160692283,-1.3385221078033762,8.4767417727897639e-05,-1.3267204090965414,2.208800254273827,0,-1.3267204090965414,2.208800254273827,0,-0.42288578922478404,1.3378528865750279,0.00044549170611308733,-0.42265635160692283,1.3385221078033762,-8.4767417727897639e-05,0,0,0,0,0,0,-0.42288578922478404,1.3378528865750279,0.00044549170611308733,-0.42265635160692283,1.3385221078033762,-8.4767417727897639e-05,0,0,0,0,0,0,0,0,0,0,0,0
control,0,53,265,270,530000000,530000000,0,-1,0.01,1,1,0,0,none,0,0,1,1,-0.087758413690785492,1.0999563813301435e-05,0.56594426141185628,0.99995805212641875,-9.0082466640733601e-06,-0.0091593616795824662,1.0799088093246456e-07,0.016966417689297405,-1.6534606029446049e-05,0.0026355812651105777,2.9579279446914752e-05,0.029861766336849699,-2.9888610497302304e-06,-1.2970131185662102,2.0933979950642314,-0.0019248689866701312,-1.2970305254886707,2.0933470157179883,-0.00027507003225284474,0.045369714362863432,0.032546700041209894,0.0032410735957081886,0.045354383914700168,0.032507259165755066,0.0039506505183446528,-0.42454205790827049,1.3360070604533321,0.00041540701621562993,-0.42431017916649894,1.3366779739214314,-0.00011501151624137924,0.42454205790827049,-1.3360070604533321,-0.00041540701621562993,0.42431017916649894,-1.3366779739214314,0.00011501151624137924,-1.3267204090965414,2.208800254273827,0,-1.3267204090965414,2.208800254273827,0,-0.42454205790827049,1.3360070604533321,0.00041540701621562993,-0.42431017916649894,1.3366779739214314,-0.00011501151624137924,0,0,0,0,0,0,-0.42454205790827049,1.3360070604533321,0.00041540701621562993,-0.42431017916649894,1.3366779739214314,-0.00011501151624137924,0,0,0,0,0,0,0,0,0,0,0,0
control,0,54,270,275,540000000,540000000,0,-1,0.01,1,1,0,0,none,0,0,1,1,-0.087607025469952929,1.0856579137917318e-05,0.56596775473095284,0.99995926353241493,-8.8800916632989313e-06,-0.0090261396424461265,9.2590269598821516e-08,0.013918962702226728,-1.2810893936793027e-05,0.0021585739404221104,2.3041560837133477e-05,0.024498790952443669,-3.105501891569569e-06,-1.2965767855636248,2.0937126940463666,-0.0018903658867159812,-1.2965943465670342,2.0936613348575506,-0.00023371796834319484,0.042462587864932948,0.030742390663184672,0.0036101659802614885,0.042447064504097548,0.030705389151137529,0.0042783081135865852,-0.42541736419239939,1.3349371367347473,0.00038660146700171994,-0.42518334711023303,1.3356089492686105,-0.00014380001517637082,0.42541736419239939,-1.3349371367347473,-0.00038660146700171994,0.42518334711023303,-1.3356089492686105,0.00014380001517637082,-1.3267204090965414,2.208800254273827,0,-1.3267204090965414,2.208800254273827,0,-0.42541736419239939,1.3349371367347473,0.00038660146700171994,-0.42518334711023303,1.3356089492686105,-0.00014380001517637082,0,0,0,0,0,0,-0.42541736419239939,1.3349371367347473,0.00038660146700171994,-0.42518334711023303,1.3356089492686105,-0.00014380001517637082,0,0,0,0,0,0,0,0,0,0,0,0
control,0,55,275,280,550000000,550000000,0,-1,0.01,1,1,0,0,none,0,0,1,1,-0.087486004382586469,1.075055006993771e-05,0.56598650873712153,0.99996021922449341,-8.7844086360601983e-06,-0.0089196351567894013,7.6843902424414671e-08,0.010895583450269333,-9.1407922175439009e-06,0.0016875867982495281,1.6592361865616688e-05,0.019178681551837207,-3.1802354481115215e-06,-1.2961709643066683,2.094007417787128,-0.0018526716018929437,-1.2961886798697102,2.0939557046308748,-0.00018959342308659476,0.039303329380820685,0.02860601625371826,0.003928947866591594,0.039287828675544555,0.028571757529537126,0.0045548080035161297,-0.42554833154970817,1.3346050134598109,0.00035935408723830338,-0.42531249373529156,1.3352769594211209,-0.00017086237324982805,0.42554833154970817,-1.3346050134598109,-0.00035935408723830338,0.42531249373529156,-1.3352769594211209,0.00017086237324982805,-1.3267204090965414,2.208800254273827,0,-1.3267204090965414,2.208800254273827,0,-0.42554833154970817,1.3346050134598109,0.00035935408723830338,-0.42531249373529156,1.3352769594211209,-0.00017086237324982805,0,0,0,0,0,0,-0.42554833154970817,1.3346050134598109,0.00035935408723830338,-0.42531249373529156,1.3352769594211209,-0.00017086237324982805,0,0,0,0,0,0,0,0,0,0,0,0
control,0,56,280,285,560000000,560000000,0,-1,0.01,1,1,0,0,none,0,0,1,1,-0.087394896229269298,1.0680679078725558e-05,0.56600061351062214,0.99996093129067798,-8.7205221382927679e-06,-0.0088394466018967728,6.0952159575793221e-08,0.0079314133450104872,-5.5673669672344015e-06,0.0012275297636621049,1.0307521671275084e-05,0.013963114643474646,-3.2142005635384429e-06,-1.2957978991578791,2.0942791616161172,-0.0018122837630516666,-1.2958157676839728,2.0942271231489076,-0.00014320107392054712,0.03593909074342614,0.026191187030131152,0.0041956012776905591,0.03592381768417708,0.026159928062945127,0.0047785820560733595,-0.4249787553790868,1.3349663313473212,0.00033390506503097194,-0.42474142347708949,1.3356376814046151,-0.00019596878062750386,0.4249787553790868,-1.3349663313473212,-0.00033390506503097194,0.42474142347708949,-1.3356376814046151,0.00019596878062750386,-1.3267204090965414,2.208800254273827,0,-1.3267204090965414,2.208800254273827,0,-0.4249787553790868,1.3349663313473212,0.00033390506503097194,-0.42474142347708949,1.3356376814046151,-0.00019596878062750386,0,0,0,0,0,0,-0.4249787553790868,1.3349663313473212,0.00033390506503097194,-0.42474142347708949,1.3356376814046151,-0.00019596878062750386,0,0,0,0,0,0,0,0,0,0,0,0
control,0,57,285,290,570000000,570000000,0,-1,0.01,1,1,0,0,none,0,0,1,1,-0.087332912839604065,1.0645759771280091e-05,0.56601020551127235,0.99996141216611367,-8.6873965282381994e-06,-0.0087848792409462861,4.5107033827950409e-08,0.0050586499393748003,-2.1300025152699353e-06,0.00078285717305664234,4.2564700436406759e-06,0.0089086027199321242,-3.2090655933437369e-06,-1.2954593616603931,2.0945254525311783,-0.0017697118669608369,-1.2954773796005479,2.0944731197195559,-9.5054866206872914e-05,0.032417334808373881,0.023550801250252842,0.0044091672173941403,0.03240248103996627,0.023522751053445267,0.0049489383818760854,-0.42375857144634071,1.3359714190364052,0.00031045519921854396,-0.4235200755118721,1.3366414880710855,-0.00021893045923174242,0.42375857144634071,-1.3359714190364052,-0.00031045519921854396,0.4235200755118721,-1.3366414880710855,0.00021893045923174242,-1.3267204090965414,2.208800254273827,0,-1.3267204090965414,2.208800254273827,0,-0.42375857144634071,1.3359714190364052,0.00031045519921854396,-0.4235200755118721,1.3366414880710855,-0.00021893045923174242,0,0,0,0,0,0,-0.42375857144634071,1.3359714190364052,0.00031045519921854396,-0.4235200755118721,1.3366414880710855,-0.00021893045923174242,0,0,0,0,0,0,0,0,0,0,0,0
control,0,58,290,295,580000000,580000000,0,-1,0.01,1,1,0,0,none,0,0,1,1,-0.087298962715890202,1.0644215504740462e-05,0.5660154629941988,0.99996167445918616,-8.6836696327718752e-06,-0.008754972151453785,2.94898486966875e-08,0.002306349074433214,1.1358881324044037e-06,0.00035756360839285967,-1.498283804001329e-06,0.0040661391724651965,-3.166956454136502e-06,-1.295156651467235,2.0947443388792029,-0.0017254692858294613,-1.2951748134680532,2.0946917445173359,-4.5669885870737144e-05,0.028785141290619685,0.020736499549927952,0.0045694940850276198,0.028770882726183711,0.020711818403561233,0.0050660036081141731,-0.42194280348760643,1.3375662354105975,0.00028916608149745737,-0.42170347163113447,1.3382343894725515,-0.00023959921464448755,0.42194280348760643,-1.3375662354105975,-0.00028916608149745737,0.42170347163113447,-1.3382343894725515,0.00023959921464448755,-1.3267204090965414,2.208800254273827,0,-1.3267204090965414,2.208800254273827,0,-0.42194280348760643,1.3375662354105975,0.00028916608149745737,-0.42170347163113447,1.3382343894725515,-0.00023959921464448755,0,0,0,0,0,0,-0.42194280348760643,1.3375662354105975,0.00028916608149745737,-0.42170347163113447,1.3382343894725515,-0.00023959921464448755,0,0,0,0,0,0,0,0,0,0,0,0
control,0,59,295,300,590000000,590000000,0,-1,0.01,1,1,0,0,none,0,0,1,1,-0.087291683428252928,1.0674140487973271e-05,0.56601660140190124,0.99996173087041806,-8.7076886122251027e-06,-0.0087485266652698214,1.4269348217955782e-08,-0.00029972987686758824,4.19908513248917e-06,-4.4817363415457952e-05,-6.9015446891940295e-06,-0.00051906824814444707,-3.090382207149805e-06,-1.2948906038996553,2.0949343748795557,-0.0016800658381863594,-1.2949089029724965,2.0948815531028093,4.445146082010206e-06,0.025088564507524311,0.017798170608934169,0.0046771769751456664,0.025075059356304601,0.017776969993790158,0.0051306561815056186,-0.41959050912392043,1.3396932968178541,0.00027016090269862448,-0.41935066252299608,1.3403589590615266,-0.00025786635289988405,0.41959050912392043,-1.3396932968178541,-0.00027016090269862448,0.41935066252299608,-1.3403589590615266,0.00025786635289988405,-1.3267204090965414,2.208800254273827,0,-1.3267204090965414,2.208800254273827,0,-0.41959050912392043,1.3396932968178541,0.00027016090269862448,-0.41935066252299608,1.3403589590615266,-0.00025786635289988405,0,0,0,0,0,0,-0.41959050912392043,1.3396932968178541,0.00027016090269862448,-0.41935066252299608,1.3403589590615266,-0.00025786635289988405,0,0,0,0,0,0,0,0,0,0,0,0
control,0,60,300,305,600000000,600000000,0,-1,0.01,1,1,0,0,none,0,0,1,1,-0.087309475256958868,1.0733342697346321e-05,0.56601386875761717,0.99996159418527264,-8.7575474355514521e-06,-0.008764135881705104,-3.9983816770343343e-10,-0.0027372288018327568,7.0327161904160771e-06,-0.00042121217825214207,-1.1905707164626057e-05,-0.0048077776233358908,-2.9821601261408565e-06,-1.2946616035775693,2.0950946005191273,-0.0016340009897541851,-1.2946800312846609,2.0950415863206753,5.4794690651318522e-05,0.021372049635044237,0.014783510491227602,0.0047334915523843946,0.021359436858761953,0.014765853717527783,0.005144454506102597,-0.4167637406802317,1.3422925793195544,0.00025352571930703575,-0.41652368903070913,1.3429552348615288,-0.00027366113250052538,0.4167637406802317,-1.3422925793195544,-0.00025352571930703575,0.41652368903070913,-1.3429552348615288,0.00027366113250052538,-1.3267204090965414,2.208800254273827,0,-1.3267204090965414,2.208800254273827,0,-0.4167637406802317,1.3422925793195544,0.00025352571930703575,-0.41652368903070913,1.3429552348615288,-0.00027366113250052538,0,0,0,0,0,0,-0.4167637406802317,1.3422925793195544,0.00025352571930703575,-0.41652368903070913,1.3429552348615288,-0.00027366113250052538,0,0,0,0,0,0,0,0,0,0,0,0
control,0,61,305,310,610000000,610000000,0,-1,0.01,1,1,0,0,none,0,0,1,1,-0.087350535592625067,1.0819387947706634e-05,0.5660075410800397,0.9999612773207559,-8.8311253954033054e-06,-0.0088002148299018562,-1.4378364256186792e-08,-0.0049872477817039544,9.6143471679200592e-06,-0.00076900444930859337,-1.6470921739305108e-05,-0.0087668099018532314,-2.8453435123535015e-06,-1.2944696035041909,2.0952245173651498,-0.0015877577311683743,-1.294488150157332,2.0951713461223447,0.00010490247587532904,0.017677914018699083,0.011737637556621154,0.0047403217912132751,0.017666312236130223,0.011723541043072811,0.0051095593128076327,-0.41352653813625456,1.3453023865691944,0.0002393112297898485,-0.41328657562470866,1.3459615862531784,-0.00028694870840298035,0.41352653813625456,-1.3453023865691944,-0.0002393112297898485,0.41328657562470866,-1.3459615862531784,0.00028694870840298035,-1.3267204090965414,2.208800254273827,0,-1.3267204090965414,2.208800254273827,0,-0.41352653813625456,1.3453023865691944,0.0002393112297898485,-0.41328657562470866,1.3459615862531784,-0.00028694870840298035,0,0,0,0,0,0,-0.41352653813625456,1.3453023865691944,0.0002393112297898485,-0.41328657562470866,1.3459615862531784,-0.00028694870840298035,0,0,0,0,0,0,0,0,0,0,0,0
control,0,62,310,315,620000000,620000000,0,-1,0.01,1,1,0,0,none,0,0,1,1,-0.087412893636080541,1.0929644505657643e-05,0.56599791783497799,0.99996079340560617,-8.9261261335939097e-06,-0.0088550308838204195,-2.7542986590103952e-08,-0.0070343572343784582,1.1926011388421031e-05,-0.0010860306656357086,-2.0565155139518945e-05,-0.012369068955503685,-2.6831516191016341e-06,-1.2943141489283856,2.0953240608700128,-0.0015417972047712441,-1.294332803795786,2.0952707678867601,0.00015431678200059735,0.014045897096473926,0.0087027655178943432,0.0047000812915387906,0.014035403931538092,0.0086922006749088863,0.0050286500989776021,-0.40994396766258101,1.3486601725689289,0.00022753509685443372,-0.40970436950637268,1.3493155356324387,-0.00029772753954905931,0.40994396766258101,-1.3486601725689289,-0.00022753509685443372,0.40970436950637268,-1.3493155356324387,0.00029772753954905931,-1.3267204090965414,2.208800254273827,0,-1.3267204090965414,2.208800254273827,0,-0.40994396766258101,1.3486601725689289,0.00022753509685443372,-0.40970436950637268,1.3493155356324387,-0.00029772753954905931,0,0,0,0,0,0,-0.40994396766258101,1.3486601725689289,0.00022753509685443372,-0.40970436950637268,1.3493155356324387,-0.00029772753954905931,0,0,0,0,0,0,0,0,0,0,0,0
control,0,63,315,320,630000000,630000000,0,-1,0.01,1,1,0,0,none,0,0,1,1,-0.087494444956189535,1.1061327609768303e-05,0.56598531743989067,0.99996015587495968,-9.0401166267548267e-06,-0.0089267340500981725,-3.9787032178420331e-08,-0.0088665665560039002,1.3954175387193205e-05,-0.0013705742308638112,-2.4164134176644301e-05,-0.015593486416501675,-2.4988986759806518e-06,-1.2941944053050882,2.0953935697495369,-0.0014965540717868622,-1.2942131568217112,2.0953401898197241,0.00020261494097333061,0.01051277926190671,0.0057179342650716548,0.0046156392937714043,0.010503471187631478,0.0057108297660006455,0.0049048468913137477,-0.40608121439029854,1.3523033128938728,0.00021818425684748844,-0.40584223407940961,1.3529545288002331,-0.00030602682685768658,0.40608121439029854,-1.3523033128938728,-0.00021818425684748844,0.40584223407940961,-1.3529545288002331,0.00030602682685768658,-1.3267204090965414,2.208800254273827,0,-1.3267204090965414,2.208800254273827,0,-0.40608121439029854,1.3523033128938728,0.00021818425684748844,-0.40584223407940961,1.3529545288002331,-0.00030602682685768658,0,0,0,0,0,0,-0.40608121439029854,1.3523033128938728,0.00021818425684748844,-0.40584223407940961,1.3529545288002331,-0.00030602682685768658,0,0,0,0,0,0,0,0,0,0,0,0
control,0,64,320,325,640000000,640000000,0,-1,0.01,1,1,0,0,none,0,0,1,1,-0.087592985491787886,1.121154334538038e-05,0.56597007283793133,0.99995937856237016,-9.1705655810526019e-06,-0.0090133867694965498,-5.1020608643249114e-08,-0.010475252905456998,1.5689656215439685e-05,-0.0016213578240208367,-2.7251201837519982e-05,-0.018424897378427944,-2.295953401285218e-06,-1.2941091896369228,2.0954337529275877,-0.0014524325508305977,-1.294128025614927,2.0953803199239238,0.00024940712491277207,0.0071120736046107009,0.002818782772979742,0.0044902568267775004,0.0071040059590020228,0.0028150274493385389,0.0047416425068046138,-0.40200274392233981,1.3561698419954016,0.00021121692391030429,-0.40176461071787606,1.3568166710248302,-0.00031190426281406234,0.40200274392233981,-1.3561698419954016,-0.00021121692391030429,0.40176461071787606,-1.3568166710248302,0.00031190426281406234,-1.3267204090965414,2.208800254273827,0,-1.3267204090965414,2.208800254273827,0,-0.40200274392233981,1.3561698419954016,0.00021121692391030429,-0.40176461071787606,1.3568166710248302,-0.00031190426281406234,0,0,0,0,0,0,-0.40200274392233981,1.3561698419954016,0.00021121692391030429,-0.40176461071787606,1.3568166710248302,-0.00031190426281406234,0,0,0,0,0,0,0,0,0,0,0,0
control,0,65,325,330,650000000,650000000,0,-1,0.01,1,1,0,0,none,0,0,1,1,-0.087706244619434909,1.1377331402953292e-05,0.56595252715935851,0.99995847577464925,-9.3148809277181055e-06,-0.0091129929040496618,-6.1170590307951104e-08,-0.011855053482958001,1.7127488742499658e-05,-0.0018375338874518914,-2.9817101729552512e-05,-0.020853852802757911,-2.0776854279588635e-06,-1.2940570045308639,2.0954456545414883,-0.0014098031180570343,-1.2940759123677628,2.0953922010379271,0.00029433943529835364,0.0038737809542477675,3.738044772163304e-05,0.0043275128448959903,0.003866988338668709,3.6826952991334504e-05,0.00454282512366654,-0.39777152621950179,1.3601991261164812,0.00020656529317231073,-0.39753444325334714,1.3608413984013115,-0.00031544308677283311,0.39777152621950179,-1.3601991261164812,-0.00020656529317231073,0.39753444325334714,-1.3608413984013115,0.00031544308677283311,-1.3267204090965414,2.208800254273827,0,-1.3267204090965414,2.208800254273827,0,-0.39777152621950179,1.3601991261164812,0.00020656529317231073,-0.39753444325334714,1.3608413984013115,-0.00031544308677283311,0,0,0,0,0,0,-0.39777152621950179,1.3601991261164812,0.00020656529317231073,-0.39753444325334714,1.3608413984013115,-0.00031544308677283311,0,0,0,0,0,0,0,0,0,0,0,0
control,0,66,330,335,660000000,660000000,0,-1,0.01,1,1,0,0,none,0,0,1,1,-0.087831916942790286,1.1555706217717344e-05,0.56593302949071311,0.99995746233807392,-9.4704459410103868e-06,-0.00922352561147354,-7.0180345478096806e-08,-0.013003724872771244,1.8266746013409089e-05,-0.0020186729707659013,-3.1859670237481937e-05,-0.022876374794450149,-1.8474153581852466e-06,-1.2940360742985559,2.0954306175841375,-0.0013689999368949577,-1.2940550411781717,2.095377174515594,0.00033709623599427447,0.00082421460453901605,-0.0025978881865225171,0.0041312293201202438,0.00081871178925470029,-0.0025954195564480941,0.0043124013389584503,-0.39344833948263441,1.3643324725560575,0.0002041385150624751,-0.39321248270431863,1.3649700864334677,-0.00031674893774620485,0.39344833948263441,-1.3643324725560575,-0.0002041385150624751,0.39321248270431863,-1.3649700864334677,0.00031674893774620485,-1.3267204090965414,2.208800254273827,0,-1.3267204090965414,2.208800254273827,0,-0.39344833948263441,1.3643324725560575,0.0002041385150624751,-0.39321248270431863,1.3649700864334677,-0.00031674893774620485,0,0,0,0,0,0,-0.39344833948263441,1.3643324725560575,0.0002041385150624751,-0.39321248270431863,1.3649700864334677,-0.00031674893774620485,0,0,0,0,0,0,0,0,0,0,0,0
control,0,67,335,340,670000000,670000000,0,-1,0.01,1,1,0,0,none,0,0,1,1,-0.087967692496583844,1.1743696054255763e-05,0.56591193077487112,0.99995635360785151,-9.6346535876816749e-06,-0.009342953840020634,-7.8009244025730233e-08,-0.013921973192658676,1.9110317173473729e-05,-0.0021647496548435779,-3.3383454241775245e-05,-0.024493661067910556,-1.6083710911146857e-06,-1.2940443824282191,2.0953902466678791,-0.0013303189548159492,-1.2940633955109688,2.0953368430294916,0.00037740179930424061,-0.0020141094702109852,-0.0050623925626808392,0.0039054065360603326,-0.002018326382285625,-0.0050571097845635536,0.0040545294963484652,-0.38909115581455195,1.3685136801153959,0.00020382535964176814,-0.38885667345344282,1.3691465996088694,-0.00031594701460869545,0.38909115581455195,-1.3685136801153959,-0.00020382535964176814,0.38885667345344282,-1.3691465996088694,0.00031594701460869545,-1.3267204090965414,2.208800254273827,0,-1.3267204090965414,2.208800254273827,0,-0.38909115581455195,1.3685136801153959,0.00020382535964176814,-0.38885667345344282,1.3691465996088694,-0.00031594701460869545,0,0,0,0,0,0,-0.38909115581455195,1.3685136801153959,0.00020382535964176814,-0.38885667345344282,1.3691465996088694,-0.00031594701460869545,0,0,0,0,0,0,0,0,0,0,0,0
control,0,68,340,345,680000000,680000000,0,-1,0.01,1,1,0,0,none,0,0,1,1,-0.088111285096456757,1.1938379652358498e-05,0.56588957986768096,0.99995516543611673,-9.8049387700535771e-06,-0.0094692672094781709,-8.4631990779590784e-08,-0.014613258946656766,1.9664649828454745e-05,-0.00227612581343272,-3.4399266144390198e-05,-0.025711745239229304,-1.3636551878455205e-06,-1.2940797098038923,2.0953263703628342,-0.0012940166094319117,-1.2940987564040127,2.0952730329509364,0.00041502132717801532,-0.0046225219061530017,-0.0073352805470430571,0.0036541610758924364,-0.0046254740891981073,-0.0073274156045102365,0.0037734564179221224,-0.38475460865255995,1.372689527752478,0.00020549692903495167,-0.38452162117654726,1.3733177792814528,-0.00031317921904951075,0.38475460865255995,-1.372689527752478,-0.00020549692903495167,0.38452162117654726,-1.3733177792814528,0.00031317921904951075,-1.3267204090965414,2.208800254273827,0,-1.3267204090965414,2.208800254273827,0,-0.38475460865255995,1.372689527752478,0.00020549692903495167,-0.38452162117654726,1.3733177792814528,-0.00031317921904951075,0,0,0,0,0,0,-0.38475460865255995,1.372689527752478,0.00020549692903495167,-0.38452162117654726,1.3733177792814528,-0.00031317921904951075,0,0,0,0,0,0,0,0,0,0,0,0
control,0,69,345,350,690000000,690000000,0,-1,0.01,1,1,0,0,none,0,0,1,1,-0.088260458605415759,1.2136920110734149e-05,0.56586631977906376,0.99995391409698209,-9.9788081769612512e-06,-0.0096004990776807752,-9.0037832035607321e-08,-0.015083580550081669,1.9939462231729424e-05,-0.0023535310171445578,-3.4923685256747692e-05,-0.026541119720306934,-1.1162204654802639e-06,-1.2941396730941244,2.0952410035384998,-0.0012603091076244246,-1.2941587408418973,2.0951877567347434,0.00044976139024003573,-0.0069861932873294223,-0.0093994611715570425,0.0033816680723142579,-0.0069879176285067585,-0.0093892656757596019,0.0034734589879599404,-0.38048954209801067,1.3768102005812612,0.00020900932867161446,-0.38025814261296936,1.3774338689826418,-0.00030860136647000775,0.38048954209801067,-1.3768102005812612,-0.00020900932867161446,0.38025814261296936,-1.3774338689826418,0.00030860136647000775,-1.3267204090965414,2.208800254273827,0,-1.3267204090965414,2.208800254273827,0,-0.38048954209801067,1.3768102005812612,0.00020900932867161446,-0.38025814261296936,1.3774338689826418,-0.00030860136647000775,0,0,0,0,0,0,-0.38048954209801067,1.3768102005812612,0.00020900932867161446,-0.38025814261296936,1.3774338689826418,-0.00030860136647000775,0,0,0,0,0,0,0,0,0,0,0,0
control,0,70,350,355,700000000,700000000,0,-1,0.01,1,1,0,0,none,0,0,1,1,-0.088413050927533973,1.2336595740137458e-05,0.56584248412793881,0.99995261617015996,-1.0153867503434387e-05,-0.0097347476260190857,-9.4229671075747339e-08,-0.015341240519368067,1.9947430859883864e-05,-0.0023980399649940797,-3.4978515181677276e-05,-0.026996328048676577,-8.6885208670347854e-07,-1.2942217627797827,2.095136310108169,-0.0012293722359118643,-1.2942408397673142,2.0950831757075332,0.00048146983216397802,-0.0090940764630629105,-0.011241548584147793,0.0030921076252782204,-0.0090946238713990307,-0.011229289353832585,0.0031587904657414344,-0.37634264110650995,1.3808296528641171,0.00021420628950964826,-0.37611289614362836,1.381448876826274,-0.00030238047293626512,0.37634264110650995,-1.3808296528641171,-0.00021420628950964826,0.37611289614362836,-1.381448876826274,0.00030238047293626512,-1.3267204090965414,2.208800254273827,0,-1.3267204090965414,2.208800254273827,0,-0.37634264110650995,1.3808296528641171,0.00021420628950964826,-0.37611289614362836,1.381448876826274,-0.00030238047293626512,0,0,0,0,0,0,-0.37634264110650995,1.3808296528641171,0.00021420628950964826,-0.37611289614362836,1.381448876826274,-0.00030238047293626512,0,0,0,0,0,0,0,0,0,0,0,0
control,0,71,355,360,710000000,710000000,0,-1,0.01,1,1,0,0,none,0,0,1,1,-0.088566995579338628,1.2534827672648167e-05,0.56581839384090948,0.99995128838724556,-1.0327845848084248e-05,-0.0098701948315735102,-9.7223121099575551e-08,-0.015396598290545632,1.9703858854569092e-05,-0.0024110469257660246,-3.4590206745609997e-05,-0.027095533459917834,-6.2415475953086349e-07,-1.2943233803412388,2.0950145665454176,-0.0012013416602611314,-1.2943424552508014,2.0949615636281171,0.00051003518648360714,-0.010938803027644566,-0.01285177027270892,0.0027896154853259097,-0.010938236660687125,-0.012837724944532052,0.0028336315720344442,-0.37235614052216426,1.3847059081499757,0.00022092172381204395,-0.37212809115784989,1.3853208751653161,-0.00029469213454680435,0.37235614052216426,-1.3847059081499757,-0.00022092172381204395,0.37212809115784989,-1.3853208751653161,0.00029469213454680435,-1.3267204090965414,2.208800254273827,0,-1.3267204090965414,2.208800254273827,0,-0.37235614052216426,1.3847059081499757,0.00022092172381204395,-0.37212809115784989,1.3853208751653161,-0.00029469213454680435,0,0,0,0,0,0,-0.37235614052216426,1.3847059081499757,0.00022092172381204395,-0.37212809115784989,1.3853208751653161,-0.00029469213454680435,0,0,0,0,0,0,0,0,0,0,0,0
control,0,72,360,365,720000000,720000000,0,-1,0.01,1,1,0,0,none,0,0,1,1,-0.088720340728555253,1.2729204068048556e-05,0.56579435412418222,0.99994994744685894,-1.0498617144427137e-05,-0.010005123227271179,-9.9045517682441112e-08,-0.015261813552664072,1.9226330702814883e-05,-0.0023942372789635532,-3.37892558621483e-05,-0.026860070401845133,-3.8454390991539954e-07,-1.2944418741777843,2.0948781265111323,-0.0011763136734043516,-1.2944609363921642,2.0948252713577644,0.00053538565253467927,-0.012516539303548841,-0.014223842645130616,0.0024782379940762461,-0.012514932753597089,-0.014208295380752314,0.0025020462855335594,-0.36856761006976191,1.3884012971200326,0.00022898220231749319,-0.36834127332213118,1.3890122380638792,-0.00028571801003708175,0.36856761006976191,-1.3884012971200326,-0.00022898220231749319,0.36834127332213118,-1.3890122380638792,0.00028571801003708175,-1.3267204090965414,2.208800254273827,0,-1.3267204090965414,2.208800254273827,0,-0.36856761006976191,1.3884012971200326,0.00022898220231749319,-0.36834127332213118,1.3890122380638792,-0.00028571801003708175,0,0,0,0,0,0,-0.36856761006976191,1.3884012971200326,0.00022898220231749319,-0.36834127332213118,1.3890122380638792,-0.00028571801003708175,0,0,0,0,0,0,0,0,0,0,0,0
control,0,73,365,370,730000000,730000000,0,-1,0.01,1,1,0,0,none,0,0,1,1,-0.088871265628055321,1.2917500811063162e-05,0.565770651736623,0.99994860980641598,-1.0664218528580515e-05,-0.01013793038446292,-9.9734907786892807e-08,-0.014950583860194586,1.8534358367988353e-05,-0.0023495563553543688,-3.2609585480061289e-05,-0.026313985506517871,-1.5223992441801296e-07,-1.2945745738856187,2.0947293868985737,-0.0011543463481708705,-1.2945936135803,2.0946766929471932,0.00055748767619223053,-0.0138268072025843,-0.015354817065636229,0.0021618912366522538,-0.013824242680192958,-0.015338054416731016,0.0021679422437862325,-0.36500981172719638,1.3918826341014938,0.00023820934261864843,-0.36478518217460765,1.3924898175447022,-0.00027564341504698078,0.36500981172719638,-1.3918826341014938,-0.00023820934261864843,0.36478518217460765,-1.3924898175447022,0.00027564341504698078,-1.3267204090965414,2.208800254273827,0,-1.3267204090965414,2.208800254273827,0,-0.36500981172719638,1.3918826341014938,0.00023820934261864843,-0.36478518217460765,1.3924898175447022,-0.00027564341504698078,0,0,0,0,0,0,-0.36500981172719638,1.3918826341014938,0.00023820934261864843,-0.36478518217460765,1.3924898175447022,-0.00027564341504698078,0,0,0,0,0,0,0,0,0,0,0,0
control,0,74,370,375,740000000,740000000,0,-1,0.01,1,1,0,0,none,0,0,1,1,-0.089018094409559739,1.3097698644081362e-05,0.56574755258921372,0.99994729145931116,-1.082286559015725e-05,-0.010267141084181947,-9.9339028445997584e-08,-0.014477880123824574,1.7649023857402202e-05,-0.0022791758833324138,-3.1087920222571682e-05,-0.025483574278191392,7.0735287464682606e-08,-1.2947188225739905,2.0945707555728719,-0.0011354610559796046,-1.2947378307913624,2.094518233416133,0.00057634417981621054,-0.01487227528249035,-0.016244899473109895,0.0018443243892330582,-0.014868841830547536,-0.016227206458091951,0.001835035669132324,-0.36171062534687548,1.3951213336211261,0.00024842209733222847,-0.36148767691632711,1.3957250599794662,-0.00026465503740147935,0.36171062534687548,-1.3951213336211261,-0.00024842209733222847,0.36148767691632711,-1.3957250599794662,0.00026465503740147935,-1.3267204090965414,2.208800254273827,0,-1.3267204090965414,2.208800254273827,0,-0.36171062534687548,1.3951213336211261,0.00024842209733222847,-0.36148767691632711,1.3957250599794662,-0.00026465503740147935,0,0,0,0,0,0,-0.36171062534687548,1.3951213336211261,0.00024842209733222847,-0.36148767691632711,1.3957250599794662,-0.00026465503740147935,0,0,0,0,0,0,0,0,0,0,0,0
control,0,75,375,380,750000000,750000000,0,-1,0.01,1,1,0,0,none,0,0,1,1,-0.089159307236433269,1.3267996728203273e-05,0.56572529969251528,0.99994600770676922,-1.0972964495233235e-05,-0.010391417173679392,-9.7914283500879162e-08,-0.013859683372131721,1.6592622941525037e-05,-0.0021854584434084223,-2.9263162209767907e-05,-0.024396919427241565,2.8256032901716627e-07,-1.294872006951842,2.0944046210495673,-0.0011196443093682235,-1.2948909756579166,2.0943522784695596,0.00059199248548966806,-0.01565852524298042,-0.016897246785885629,0.0015290872695420455,-0.015654317009798396,-0.016878903225659016,0.001506820769369327,-0.35869303787192236,1.3980934688699451,0.00025943892933336478,-0.35847172574880093,1.3986940644896968,-0.00025293878411536679,0.35869303787192236,-1.3980934688699451,-0.00025943892933336478,0.35847172574880093,-1.3986940644896968,0.00025293878411536679,-1.3267204090965414,2.208800254273827,0,-1.3267204090965414,2.208800254273827,0,-0.35869303787192236,1.3980934688699451,0.00025943892933336478,-0.35847172574880093,1.3986940644896968,-0.00025293878411536679,0,0,0,0,0,0,-0.35869303787192236,1.3980934688699451,0.00025943892933336478,-0.35847172574880093,1.3986940644896968,-0.00025293878411536679,0,0,0,0,0,0,0,0,0,0,0,0
control,0,76,380,385,760000000,760000000,0,-1,0.01,1,1,0,0,none,0,0,1,1,-0.089293548847552237,1.3426822671009792e-05,0.56570411146919564,0.99994477293358242,-1.1113121011678099e-05,-0.01050956513346543,-9.5524725321678905e-08,-0.013112725957224817,1.5388314457476503e-05,-0.0020709204176554957,-2.7175775878836242e-05,-0.023083436424969548,4.8161491592221249e-07,-1.295031584967705,2.0942333243254234,-0.0011068498901335489,-1.295050507092087,2.0941811663634002,0.00060450197228820244,-0.016193798769568481,-0.017317743201840635,0.0012195017380286931,-0.016188913363529522,-0.017299020354171975,0.0011865431909571331,-0.35597519139168465,1.4007797741836037,0.00027107988013862997,-0.35575545400815861,1.4013775854563788,-0.00024067775123431739,0.35597519139168465,-1.4007797741836037,-0.00027107988013862997,0.35575545400815861,-1.4013775854563788,0.00024067775123431739,-1.3267204090965414,2.208800254273827,0,-1.3267204090965414,2.208800254273827,0,-0.35597519139168465,1.4007797741836037,0.00027107988013862997,-0.35575545400815861,1.4013775854563788,-0.00024067775123431739,0,0,0,0,0,0,-0.35597519139168465,1.4007797741836037,0.00027107988013862997,-0.35575545400815861,1.4013775854563788,-0.00024067775123431739,0,0,0,0,0,0,0,0,0,0,0,0
control,0,77,385,390,770000000,770000000,0,-1,0.01,1,1,0,0,none,0,0,1,1,-0.089419634554378291,1.357283910156843e-05,0.56568418044342228,0.9999436003964598,-1.1242146502948722e-05,-0.010620541406640311,-9.224104628600931e-08,-0.012254240108065376,1.4059779257542077e-05,-0.0019381939832229503,-2.486718881195147e-05,-0.021573431406241985,6.6647974914257937e-07,-1.2951951108337143,2.0940591330430482,-0.0010970012236593671,-1.2952139802937597,2.0940071621009104,0.00061397150873918299,-0.016488729483357487,-0.017514759626515043,0.00091863732673377928,-0.016483266428251476,-0.017495917149473107,0.00087717785331186868,-0.35357048492888932,1.4031655942091172,0.00028316850076112114,-0.3533522459910039,1.4037609817992083,-0.00022805034528734831,0.35357048492888932,-1.4031655942091172,-0.00028316850076112114,0.3533522459910039,-1.4037609817992083,0.00022805034528734831,-1.3267204090965414,2.208800254273827,0,-1.3267204090965414,2.208800254273827,0,-0.35357048492888932,1.4031655942091172,0.00028316850076112114,-0.3533522459910039,1.4037609817992083,-0.00022805034528734831,0,0,0,0,0,0,-0.35357048492888932,1.4031655942091172,0.00028316850076112114,-0.3533522459910039,1.4037609817992083,-0.00022805034528734831,0,0,0,0,0,0,0,0,0,0,0,0
control,0,78,390,395,780000000,780000000,0,-1,0.01,1,1,0,0,none,0,0,1,1,-0.089536553780752384,1.3704946911711327e-05,0.56566567231313358,0.99994250203282975,-1.1359060991034362e-05,-0.010723455566566086,-8.8139582634748226e-08,-0.011301716456602993,1.263089251033034e-05,-0.001789988743712526,-2.2379215284624495e-05,-0.019897676085136106,8.3593584530130679e-07,-1.2953602573105456,2.0938842181385446,-0.00108999396034705,-1.295379069020814,2.0938324341086663,0.00062052670075360926,-0.016556064463281756,-0.017498899465900213,0.00062929080491195156,-0.01655012376776447,-0.017480182733962457,0.00058141081483764027,-0.35148772473702727,1.4052407828222384,0.00029553364785851738,-0.35127089525708233,1.4058341160828722,-0.00021522855096796478,0.35148772473702727,-1.4052407828222384,-0.00029553364785851738,0.35127089525708233,-1.4058341160828722,0.00021522855096796478,-1.3267204090965414,2.208800254273827,0,-1.3267204090965414,2.208800254273827,0,-0.35148772473702727,1.4052407828222384,0.00029553364785851738,-0.35127089525708233,1.4058341160828722,-0.00021522855096796478,0,0,0,0,0,0,-0.35148772473702727,1.4052407828222384,0.00029553364785851738,-0.35127089525708233,1.4058341160828722,-0.00021522855096796478,0,0,0,0,0,0,0,0,0,0,0,0
control,0,79,395,400,790000000,790000000,0,-1,0.01,1,1,0,0,none,0,0,1,1,-0.089643471259421056,1.3822285317306201e-05,0.56564872540511701,0.9999414882967641,-1.1463093420234659e-05,-0.010817571420762775,-8.3301332523576131e-08,-0.010272674866261329,1.1125412659633901e-05,-0.0016290536142895221,-1.975350842423334e-05,-0.018087003847505913,9.8896347050642281e-07,-1.2955248351729136,2.0937106330890711,-0.0010856987261247532,-1.2955435850411192,2.0936590335088763,0.00062431699372494671,-0.016410379492386166,-0.017282734036737985,0.00035396971663071396,-0.016404060343068787,-0.017264371825101509,0.00030162515744521943,-0.34973131784495454,1.4069995552721772,0.00030801113200589023,-0.34951579815046341,1.4075912069170606,-0.00020237635598974497,0.34973131784495454,-1.4069995552721772,-0.00030801113200589023,0.34951579815046341,-1.4075912069170606,0.00020237635598974497,-1.3267204090965414,2.208800254273827,0,-1.3267204090965414,2.208800254273827,0,-0.34973131784495454,1.4069995552721772,0.00030801113200589023,-0.34951579815046341,1.4075912069170606,-0.00020237635598974497,0,0,0,0,0,0,-0.34973131784495454,1.4069995552721772,0.00030801113200589023,-0.34951579815046341,1.4075912069170606,-0.00020237635598974497,0,0,0,0,0,0,0,0,0,0,0,0
control,0,80,400,405,800000000,800000000,0,-1,0.01,1,1,0,0,none,0,0,1,1,-0.089739726020773153,1.3924228923882157e-05,0.56563345050663538,0.99994056802728148,-1.1553679280803604e-05,-0.010902306168161307,-7.7810989572945971e-08,-0.0091844495858693798,9.5666899412295172e-06,-0.0014581395769411329,-1.7031046169489313e-05,-0.016171930660169254,1.1247407254207918e-06,-1.2956868098149574,2.0935402958447904,-0.001083964004196767,-1.2957054947257036,2.0934888760723611,0.00062551266684890547,-0.016067791862981018,-0.016880530846044624,9.4879841764337918e-05,-0.016061191446847079,-0.016862733391391799,3.989079750233194e-05,-0.34830150358453649,1.4084402974175059,0.0003204452091708132,-0.34808718527978311,1.409030638504678,-0.00018964833992978823,0.34830150358453649,-1.4084402974175059,-0.0003204452091708132,0.34808718527978311,-1.409030638504678,0.00018964833992978823,-1.3267204090965414,2.208800254273827,0,-1.3267204090965414,2.208800254273827,0,-0.34830150358453649,1.4084402974175059,0.0003204452091708132,-0.34808718527978311,1.409030638504678,-0.00018964833992978823,0,0,0,0,0,0,-0.34830150358453649,1.4084402974175059,0.0003204452091708132,-0.34808718527978311,1.409030638504678,-0.00018964833992978823,0,0,0,0,0,0,0,0,0,0,0,0
control,0,81,405,410,810000000,810000000,0,-1,0.01,1,1,0,0,none,0,0,1,1,-0.089824828327631862,1.4010382007478775e-05,0.56561993106128605,0.99993974835276789,-1.1630455775249422e-05,-0.010977227743420874,-7.1755993167179024e-08,-0.0080539904402803873,7.9773969401076092e-06,-0.0012799639020053548,-1.425165549142944e-05,-0.01418230389738058,1.2426417495259682e-06,-1.2958443149913479,2.0933749734973772,-0.001084619110701943,-1.2958629327789575,2.0933237269043454,0.00062430175680839759,-0.015545674251585782,-0.016307977972117173,-0.0001460834675757692,-0.015538886710154467,-0.016290935411222934,-0.00020204186271738898,-0.34719461788494382,1.4095653362755729,0.00033268990658937134,-0.34698138574577575,1.4101547315506131,-0.00017718843390664984,0.34719461788494382,-1.4095653362755729,-0.00033268990658937134,0.34698138574577575,-1.4101547315506131,0.00017718843390664984,-1.3267204090965414,2.208800254273827,0,-1.3267204090965414,2.208800254273827,0,-0.34719461788494382,1.4095653362755729,0.00033268990658937134,-0.34698138574577575,1.4101547315506131,-0.00017718843390664984,0,0,0,0,0,0,-0.34719461788494382,1.4095653362755729,0.00033268990658937134,-0.34698138574577575,1.4101547315506131,-0.00017718843390664984,0,0,0,0,0,0,0,0,0,0,0,0
control,0,82,410,415,820000000,820000000,0,-1,0.01,1,1,0,0,none,0,0,1,1,-0.089898454725183111,1.4080570243898592e-05,0.56560822371103192,0.99993903463366729,-1.1693254730197012e-05,-0.011042050495872013,-6.5225597043903953e-08,-0.0068976814563024317,6.379283251137783e-06,-0.0010971763928897009,-1.1453578610898696e-05,-0.012146981639224869,1.3422344402097421e-06,-1.2959956637232011,2.09321626970533,-0.0010874772275553245,-1.2960142131349706,2.0931651878833089,0.00062088694701811504,-0.014862372851979035,-0.015581907731917879,-0.00036734014190256746,-0.014855488366786055,-0.015565788913379858,-0.0004227445417496907,-0.34640338520211572,1.4103806764198401,0.00034461017536172576,-0.34619111898867139,1.4109694800562873,-0.00016512885701794997,0.34640338520211572,-1.4103806764198401,-0.00034461017536172576,0.34619111898867139,-1.4109694800562873,0.00016512885701794997,-1.3267204090965414,2.208800254273827,0,-1.3267204090965414,2.208800254273827,0,-0.34640338520211572,1.4103806764198401,0.00034461017536172576,-0.34619111898867139,1.4109694800562873,-0.00016512885701794997,0,0,0,0,0,0,-0.34640338520211572,1.4103806764198401,0.00034461017536172576,-0.34619111898867139,1.4109694800562873,-0.00016512885701794997,0,0,0,0,0,0,0,0,0,0,0,0
control,0,83,415,420,830000000,830000000,0,-1,0.01,1,1,0,0,none,0,0,1,1,-0.089960441387247556,1.4134830137648782e-05,0.56559835916109957,0.99993843044405895,-1.1742093473088865e-05,-0.011096629361767028,-5.8309958261483925e-08,-0.0057311780133523739,4.7929558849012559e-06,-0.00091232815494440378,-8.6730841752672083e-06,-0.010093544452138881,1.4232775661197945e-06,-1.2961393564280839,2.093065614865087,-0.0010923384564816016,-1.2961578370792604,2.0930146878419902,0.00061548245760489569,-0.014036932652477832,-0.014720022733922825,-0.00056762652216085037,-0.014030036659297841,-0.014704974392686265,-0.00062111005134203839,-0.345917233042774,1.4108957070057637,0.00035608286305252297,-0.34570580921842614,1.411484258771071,-0.00015358923471436679,0.345917233042774,-1.4108957070057637,-0.00035608286305252297,0.34570580921842614,-1.411484258771071,0.00015358923471436679,-1.3267204090965414,2.208800254273827,0,-1.3267204090965414,2.208800254273827,0,-0.345917233042774,1.4108957070057637,0.00035608286305252297,-0.34570580921842614,1.411484258771071,-0.00015358923471436679,0,0,0,0,0,0,-0.345917233042774,1.4108957070057637,0.00035608286305252297,-0.34570580921842614,1.411484258771071,-0.00015358923471436679,0,0,0,0,0,0,0,0,0,0,0,0
control,0,84,420,425,840000000,840000000,0,-1,0.01,1,1,0,0,none,0,0,1,1,-0.090010775949186772,1.4173396415788019e-05,0.56559034333983038,0.99993793759127925,-1.1777163905698119e-05,-0.011140952696949561,-5.1099249268504484e-08,-0.0045692633079249196,3.2376866481634085e-06,-0.00072784332038025048,-5.944125664874539e-06,-0.0080480411280742549,1.48571710425681e-06,-1.2962740863602518,2.092924258986574,-0.0010989928593619558,-1.2962924986820039,2.0928734754492906,0.00060831096995177529,-0.013088832395270552,-0.01374062732569673,-0.00074599289708579151,-0.01308200492272911,-0.013726773605328682,-0.00079634779302786645,-0.34572262424257016,1.4111228844355812,0.00036699750266287626,-0.34551191759035654,1.4117115063024297,-0.00014267590133413925,0.34572262424257016,-1.4111228844355812,-0.00036699750266287626,0.34551191759035654,-1.4117115063024297,0.00014267590133413925,-1.3267204090965414,2.208800254273827,0,-1.3267204090965414,2.208800254273827,0,-0.34572262424257016,1.4111228844355812,0.00036699750266287626,-0.34551191759035654,1.4117115063024297,-0.00014267590133413925,0,0,0,0,0,0,-0.34572262424257016,1.4111228844355812,0.00036699750266287626,-0.34551191759035654,1.4117115063024297,-0.00014267590133413925,0,0,0,0,0,0,0,0,0,0,0,0
control,0,85,425,430,850000000,850000000,0,-1,0.01,1,1,0,0,none,0,0,1,1,-0.090049588023866325,1.4196687661771541e-05,0.56558415882172663,0.99993755617145719,-1.1798820015570701e-05,-0.011175133942849028,-4.3682796648517636e-08,-0.00342572462984898,1.7312473266272893e-06,-0.00054599408225448703,-3.2980485546612873e-06,-0.00603476933767178,1.5296816286186295e-06,-1.2963987424711498,2.092793267202822,-0.0011072234513363987,-1.2964170876527423,2.092742614722888,0.00059960061813542798,-0.012037731493493582,-0.012662367269153188,-0.00090179758543938043,-0.012031046620372852,-0.012649809572834986,-0.00094797592888739885,-0.34580340226445877,1.4110773957557896,0.00037725691467288861,-0.34559328739502998,1.4116663889705199,-0.00013248138899625846,0.34580340226445877,-1.4110773957557896,-0.00037725691467288861,0.34559328739502998,-1.4116663889705199,0.00013248138899625846,-1.3267204090965414,2.208800254273827,0,-1.3267204090965414,2.208800254273827,0,-0.34580340226445877,1.4110773957557896,0.00037725691467288861,-0.34559328739502998,1.4116663889705199,-0.00013248138899625846,0,0,0,0,0,0,-0.34580340226445877,1.4110773957557896,0.00037725691467288861,-0.34559328739502998,1.4116663889705199,-0.00013248138899625846,0,0,0,0,0,0,0,0,0,0,0,0
control,0,86,430,435,860000000,860000000,0,-1,0.01,1,1,0,0,none,0,0,1,1,-0.090077138600405227,1.4205290470306118e-05,0.56557976647890673,0.99993728465772291,-1.1807564072053771e-05,-0.011199402301965916,-3.614825084880054e-08,-0.0023132496722446292,2.8977310770604069e-07,-0.00036887930432502494,-7.6334707019882026e-07,-0.0040760916557803506,1.5554765934346896e-06,-1.2965124098212513,2.0926735178160496,-0.0011168091146951892,-1.2965306897475741,2.0926229830751701,0.00058958207786573996,-0.010903230881272095,-0.011503980302842861,-0.0010346977507515345,-0.010896756306038024,-0.011492797450704582,-0.0010758104258321475,-0.34614114498157383,1.4107768079475929,0.00038677762194613347,-0.34593149772855059,1.411366450559939,-0.0001230841020681146,0.34614114498157383,-1.4107768079475929,-0.00038677762194613347,0.34593149772855059,-1.411366450559939,0.0001230841020681146,-1.3267204090965414,2.208800254273827,0,-1.3267204090965414,2.208800254273827,0,-0.34614114498157383,1.4107768079475929,0.00038677762194613347,-0.34593149772855059,1.411366450559939,-0.0001230841020681146,0,0,0,0,0,0,-0.34614114498157383,1.4107768079475929,0.00038677762194613347,-0.34593149772855059,1.411366450559939,-0.0001230841020681146,0,0,0,0,0,0,0,0,0,0,0,0
control,0,87,435,440,870000000,870000000,0,-1,0.01,1,1,0,0,none,0,0,1,1,-0.090093808526083383,1.4199942406368262e-05,0.56557710732405742,0.99993712001696711,-1.1804031755776161e-05,-0.011214092599867609,-2.8580791912320152e-08,-0.0012433428372539143,-1.0723456881628933e-06,-0.00019840688496038431,1.634529283930875e-06,-0.0021922869468538699,1.563577369691081e-06,-1.2966143676924695,2.0925657027573688,-0.0011275274035877363,-1.2966325848780027,2.0925152717698721,0.00057848578144905195,-0.0097046494940423618,-0.010284060029432935,-0.001144637168953487,-0.0096984462095301045,-0.010274308697378696,-0.0011799512011926188,-0.34671552260779942,1.4102407082416482,0.00039549007952399521,-0.3465062213081696,1.410831253093527,-0.00011454817437508465,0.34671552260779942,-1.4102407082416482,-0.00039549007952399521,0.3465062213081696,-1.410831253093527,0.00011454817437508465,-1.3267204090965414,2.208800254273827,0,-1.3267204090965414,2.208800254273827,0,-0.34671552260779942,1.4102407082416482,0.00039549007952399521,-0.3465062213081696,1.410831253093527,-0.00011454817437508465,0,0,0,0,0,0,-0.34671552260779942,1.4102407082416482,0.00039549007952399521,-0.3465062213081696,1.410831253093527,-0.00011454817437508465,0,0,0,0,0,0,0,0,0,0,0,0
control,0,88,440,445,880000000,880000000,0,-1,0.01,1,1,0,0,none,0,0,1,1,-0.090100086269931462,1.4181514050096496e-05,0.56557610450672091,0.99993705785039178,-1.1788976469437931e-05,-0.011219634509309387,-2.1062376797904703e-08,-0.00022626125829606515,-2.3425438500688905e-06,-3.627996444382688e-05,3.8733198747147075e-06,-0.00040143665861828331,1.554620927308091e-06,-1.2967040855658154,2.0924703303143799,-0.0011391572118811893,-1.2967222430860346,2.0924199886439516,0.00056653928493776448,-0.0084608178105601665,-0.0090208353146017401,-0.0012318312014249508,-0.0084549398765681617,-0.0090125507278585402,-0.0012607656262075644,-0.34750465565287209,1.4094903404852677,0.00040333872363560429,-0.34729558231123014,1.4100820136502921,-0.00010692350417095111,0.34750465565287209,-1.4094903404852677,-0.00040333872363560429,0.34729558231123014,-1.4100820136502921,0.00010692350417095111,-1.3267204090965414,2.208800254273827,0,-1.3267204090965414,2.208800254273827,0,-0.34750465565287209,1.4094903404852677,0.00040333872363560429,-0.34729558231123014,1.4100820136502921,-0.00010692350417095111,0,0,0,0,0,0,-0.34750465565287209,1.4094903404852677,0.00040333872363560429,-0.34729558231123014,1.4100820136502921,-0.00010692350417095111,0,0,0,0,0,0,0,0,0,0,0,0
control,0,89,445,450,890000000,890000000,0,-1,0.01,1,1,0,0,none,0,0,1,1,-0.090096555162419573,1.4150990404678313e-05,0.56557666542437268,0.9999370925526756,-1.176325307401362e-05,-0.011216541308617444,-1.3671034309709027e-08,0.00072902995021009319,-3.5101340367351686e-06,0.00011601301873459199,5.9340486505242578e-06,0.0012806548200724487,1.5293960753505573e-06,-1.2967812171417266,2.0923877299608069,-0.0011514812792927092,-1.296799318562881,2.0923374629291138,0.00055396481081275754,-0.0071898896056579115,-0.0077319670834008298,-0.0012967493166903563,-0.0071843840118204945,-0.0077251639372122802,-0.001318869731766514,-0.34848546904929156,1.408548242381342,0.00041028184962233058,-0.34827651038619445,1.4091412420423763,-0.00010024595665550156,0.34848546904929156,-1.408548242381342,-0.00041028184962233058,0.34827651038619445,-1.4091412420423763,0.00010024595665550156,-1.3267204090965414,2.208800254273827,0,-1.3267204090965414,2.208800254273827,0,-0.34848546904929156,1.408548242381342,0.00041028184962233058,-0.34827651038619445,1.4091412420423763,-0.00010024595665550156,0,0,0,0,0,0,-0.34848546904929156,1.408548242381342,0.00041028184962233058,-0.34827651038619445,1.4091412420423763,-0.00010024595665550156,0,0,0,0,0,0,0,0,0,0,0,0
control,0,90,450,455,900000000,900000000,0,-1,0.01,1,1,0,0,none,0,0,1,1,-0.090083880299829777,1.4109451937574591e-05,0.56557868391013344,0.99993721748441255,-1.1727801288554144e-05,-0.011205398341406388,-6.4802139409455829e-09,0.001614883877932307,-4.566332959177359e-06,0.00025720449211842389,7.8010731492555825e-06,0.002840506865153115,1.4888322682331835e-06,-1.2968455925902016,2.0923180591057049,-0.0011642885153579443,-1.2968636418983193,2.0922678519908042,0.00054097698511163038,-0.0059091728207358567,-0.0064343640513163328,-0.0013400955860954908,-0.0059040794327625797,-0.0064290376298882304,-0.0013551075403352459,-0.34963403884497418,1.4074378880944396,0.0004162913339121578,-0.34942508722952215,1.4080323838411053,-9.4537718516726822e-05,0.34963403884497418,-1.4074378880944396,-0.0004162913339121578,0.34942508722952215,-1.4080323838411053,9.4537718516726822e-05,-1.3267204090965414,2.208800254273827,0,-1.3267204090965414,2.208800254273827,0,-0.34963403884497418,1.4074378880944396,0.0004162913339121578,-0.34942508722952215,1.4080323838411053,-9.4537718516726822e-05,0,0,0,0,0,0,-0.34963403884497418,1.4074378880944396,0.0004162913339121578,-0.34942508722952215,1.4080323838411053,-9.4537718516726822e-05,0,0,0,0,0,0,0,0,0,0,0,0
control,0,91,455,460,910000000,910000000,0,-1,0.01,1,1,0,0,none,0,0,1,1,-0.09006279529276974,1.4058055510040729e-05,0.56558204246031729,0.99993742515252326,-1.1683628977543388e-05,-0.011186851336969885,4.4180568862482731e-10,0.0024249805028799969,-5.5042626690364376e-06,0.00038625031193352186,9.4620895730737323e-06,0.0042669782601962103,1.4339870837678644e-06,-1.2968972092282998,2.0922613115636399,-0.0011773761166178997,-1.2969152107582238,2.0922111497863716,0.00052778079209164276,-0.0046349805800309897,-0.0051440190296670758,-0.0013627862546347878,-0.0046303321649657295,-0.0051401464921933355,-0.0013705276266218805,-0.35092592754885354,1.4061833410667453,0.00042135214771710932,-0.35071688181236294,1.406779473587755,-8.9807856296398781e-05,0.35092592754885354,-1.4061833410667453,-0.00042135214771710932,0.35071688181236294,-1.406779473587755,8.9807856296398781e-05,-1.3267204090965414,2.208800254273827,0,-1.3267204090965414,2.208800254273827,0,-0.35092592754885354,1.4061833410667453,0.00042135214771710932,-0.35071688181236294,1.406779473587755,-8.9807856296398781e-05,0,0,0,0,0,0,-0.35092592754885354,1.4061833410667453,0.00042135214771710932,-0.35071688181236294,1.406779473587755,-8.9807856296398781e-05,0,0,0,0,0,0,0,0,0,0,0,0
control,0,92,460,465,920000000,920000000,0,-1,0.01,1,1,0,0,none,0,0,1,1,-0.090034089028642003,1.3998015441830578e-05,0.56558661446687797,0.99993770739357923,-1.163179554299882e-05,-0.011161594741544559,7.0324398150435658e-09,0.003154318723894402,-6.3189273026747396e-06,0.00050232890543481525,1.0908095193282909e-05,0.0055512533740022406,1.3660309992589405e-06,-1.2969362208260709,2.0922173275349794,-0.0011905514622081196,-1.2969541791913024,2.0921671968318512,0.00051456975974563347,-0.00338250229324699,-0.0038758668051229318,-0.0013659267294692981,-0.0033783246278828983,-0.0038734086013071959,-0.0013663592439704419,-0.35233650580577647,1.4048089210738559,0.00042546177513590075,-0.35212727192104398,1.4054068022056707,-8.6052965725167934e-05,0.35233650580577647,-1.4048089210738559,-0.00042546177513590075,0.35212727192104398,-1.4054068022056707,8.6052965725167934e-05,-1.3267204090965414,2.208800254273827,0,-1.3267204090965414,2.208800254273827,0,-0.35233650580577647,1.4048089210738559,0.00042546177513590075,-0.35212727192104398,1.4054068022056707,-8.6052965725167934e-05,0,0,0,0,0,0,-0.35233650580577647,1.4048089210738559,0.00042546177513590075,-0.35212727192104398,1.4054068022056707,-8.6052965725167934e-05,0,0,0,0,0,0,0,0,0,0,0,0
control,0,93,465,470,930000000,930000000,0,-1,0.01,1,1,0,0,none,0,0,1,1,-0.089998592607940062,1.3930584945884189e-05,0.5655922664220473,0.9999380555553552,-1.1573395633200491e-05,-0.011130360202281232,1.3235247454991288e-08,0.0037991929176396924,-7.007167511471218e-06,0.00060483725790686394,1.2133308788389917e-05,0.0066868008504072868,1.2862339879058607e-06,-1.2969629257459914,2.0921858048791648,-0.0012036337789370333,-1.2969808457701233,2.0921356914608227,0.00050152438340169618,-0.0021656956061778757,-0.0026436634348766279,-0.0013507876428426103,-0.0021620076421699319,-0.0026425647950794181,-0.0013439877118285595,-0.35384125679733391,1.4033388878882607,0.00042862951582324049,-0.35363174845376277,1.4039386009486707,-8.3257929429080864e-05,0.35384125679733391,-1.4033388878882607,-0.00042862951582324049,0.35363174845376277,-1.4039386009486707,8.3257929429080864e-05,-1.3267204090965414,2.208800254273827,0,-1.3267204090965414,2.208800254273827,0,-0.35384125679733391,1.4033388878882607,0.00042862951582324049,-0.35363174845376277,1.4039386009486707,-8.3257929429080864e-05,0,0,0,0,0,0,-0.35384125679733391,1.4033388878882607,0.00042862951582324049,-0.35363174845376277,1.4039386009486707,-8.3257929429080864e-05,0,0,0,0,0,0,0,0,0,0,0,0
control,0,94,470,475,940000000,940000000,0,-1,0.01,1,1,0,0,none,0,0,1,1,-0.089957166601158808,1.3857038135640372e-05,0.56559886006546234,0.99993846067244041,-1.1509543345066559e-05,-0.011093905334076662,1.9000321618778659e-08,0.0043571553419635301,-7.567595431351125e-06,0.0006933840536795736,1.3135059922372588e-05,0.007669307203789554,1.1959507537896308e-06,-1.2969777541217384,2.0921663114741302,-0.001216455578366968,-1.2969956407714101,2.0921162021678428,0.00048881078409247704,-0.0009971986870883731,-0.0014598864822197308,-0.0013187812918444731,-0.00099401269239434223,-0.0014600791227455255,-0.0013049301539921078,-0.3554160616670034,1.4017971433196905,0.00043087573810231402,-0.35520620086298504,1.4023987439559287,-8.1396727528137714e-05,0.3554160616670034,-1.4017971433196905,-0.00043087573810231402,0.35520620086298504,-1.4023987439559287,8.1396727528137714e-05,-1.3267204090965414,2.208800254273827,0,-1.3267204090965414,2.208800254273827,0,-0.3554160616670034,1.4017971433196905,0.00043087573810231402,-0.35520620086298504,1.4023987439559287,-8.1396727528137714e-05,0,0,0,0,0,0,-0.3554160616670034,1.4017971433196905,0.00043087573810231402,-0.35520620086298504,1.4023987439559287,-8.1396727528137714e-05,0,0,0,0,0,0,0,0,0,0,0,0
control,0,95,475,480,950000000,950000000,0,-1,0.01,1,1,0,0,none,0,0,1,1,-0.089910688759853336,1.3778652794497509e-05,0.56560625444729795,0.99993891363235965,-1.1441357083627804e-05,-0.011053002887553702,2.4284593305098089e-08,0.0048269657389745802,-8.0005113062129907e-06,0.00076778030539550839,1.3913644387787164e-05,0.0084965877461484346,1.096602872312234e-06,-1.2969812542773091,2.0921582984339886,-0.0012288638459513937,-1.2969991125975586,2.0921081808092024,0.00047657962026802762,0.00011173743879055721,-0.00033565899228911347,-0.0012714346374476842,0.00011441558346102879,-0.0003370628042267573,-0.00125080810939447,-0.35703746398897324,1.4002069585664942,0.00043223088565780233,-0.35682718136298525,1.4008104757818356,-8.0433480610684775e-05,0.35703746398897324,-1.4002069585664942,-0.00043223088565780233,0.35682718136298525,-1.4008104757818356,8.0433480610684775e-05,-1.3267204090965414,2.208800254273827,0,-1.3267204090965414,2.208800254273827,0,-0.35703746398897324,1.4002069585664942,0.00043223088565780233,-0.35682718136298525,1.4008104757818356,-8.0433480610684775e-05,0,0,0,0,0,0,-0.35703746398897324,1.4002069585664942,0.00043223088565780233,-0.35682718136298525,1.4008104757818356,-8.0433480610684775e-05,0,0,0,0,0,0,0,0,0,0,0,0
control,0,96,480,485,960000000,960000000,0,-1,0.01,1,1,0,0,none,0,0,1,1,-0.089860042301350668,1.3696694084391521e-05,0.56561430788436484,0.99993940532930559,-1.1369945235263039e-05,-0.011008430423914707,2.9052048243438056e-08,0.0052085295631374671,-8.3078029347018e-06,0.00082802782008288176,1.4472150181069115e-05,0.009168477389544025,9.8965948562253207e-07,-1.2969740785897366,2.0921611139601994,-0.0012407209774032491,-1.2969919136426138,2.0921109764371648,0.00046496525552238674,0.0011512961136324821,0.0007193049194862953,-0.0012103638744684778,0.0011534665799499183,0.00071678015159544473,-0.0011833218073185265,-0.35868291025210708,1.3985907263843012,0.00043273448694439859,-0.35847214531705657,1.3991961638125527,-8.0323486290789697e-05,0.35868291025210708,-1.3985907263843012,-0.00043273448694439859,0.35847214531705657,-1.3991961638125527,8.0323486290789697e-05,-1.3267204090965414,2.208800254273827,0,-1.3267204090965414,2.208800254273827,0,-0.35868291025210708,1.3985907263843012,0.00043273448694439859,-0.35847214531705657,1.3991961638125527,-8.0323486290789697e-05,0,0,0,0,0,0,-0.35868291025210708,1.3985907263843012,0.00043273448694439859,-0.35847214531705657,1.3991961638125527,-8.0323486290789697e-05,0,0,0,0,0,0,0,0,0,0,0,0
control,0,97,485,490,970000000,970000000,0,-1,0.01,1,1,0,0,none,0,0,1,1,-0.089806104872067347,1.3612399347208745e-05,0.56562287978971004,0.99993992680327914,-1.1296392791708047e-05,-0.010960960589441984,3.3273854746335411e-08,0.0055028263063822691,-8.4928308948872423e-06,0.0008743058639125187,1.481625768869288e-05,0.0096867039477161396,8.7661884571362935e-07,-1.2969569689943339,2.0921740176133397,-0.0012519054705989786,-1.2969747858010829,2.0921238495545209,0.00045408517331077037,0.0021131227208165326,0.0016967333349700365,-0.0011372492271636305,0.0021147913686888008,0.0016931861930850878,-0.0011042247461777201,-0.36033096530771541,1.3969697399233929,0.0004324341025378751,-0.36011966659853506,1.3975770773420453,-8.1014314684345117e-05,0.36033096530771541,-1.3969697399233929,-0.0004324341025378751,0.36011966659853506,-1.3975770773420453,8.1014314684345117e-05,-1.3267204090965414,2.208800254273827,0,-1.3267204090965414,2.208800254273827,0,-0.36033096530771541,1.3969697399233929,0.0004324341025378751,-0.36011966659853506,1.3975770773420453,-8.1014314684345117e-05,0,0,0,0,0,0,-0.36033096530771541,1.3969697399233929,0.0004324341025378751,-0.36011966659853506,1.3975770773420453,-8.1014314684345117e-05,0,0,0,0,0,0,0,0,0,0,0,0
control,0,98,490,495,980000000,980000000,0,-1,0.01,1,1,0,0,none,0,0,1,1,-0.089749738279505498,1.3526964127241995e-05,0.56563183235987557,0.99994046936309866,-1.1221749039254072e-05,-0.010911352069157214,3.6928406459056416e-08,0.005711829415733909,-8.5603018871442732e-06,0.00090695638527545552,1.4954018816255269e-05,0.010054746604170526,7.5899029495931903e-07,-1.2969307423230922,2.092196194798889,-0.0012623123777409648,-1.296948545810217,2.0921459865831049,0.00044403963278768821,0.0029903336217326306,0.002589809458974007,-0.0010538103707222004,0.0029915116002527846,0.0025853451612476122,-0.001015299035155339,-0.36196150171398916,1.3953639995107951,0.00043138423185839949,-0.36174962683627221,1.3959731945467935,-8.2446938078539506e-05,0.36196150171398916,-1.3953639995107951,-0.00043138423185839949,0.36174962683627221,-1.3959731945467935,8.2446938078539506e-05,-1.3267204090965414,2.208800254273827,0,-1.3267204090965414,2.208800254273827,0,-0.36196150171398916,1.3953639995107951,0.00043138423185839949,-0.36174962683627221,1.3959731945467935,-8.2446938078539506e-05,0,0,0,0,0,0,-0.36196150171398916,1.3953639995107951,0.00043138423185839949,-0.36174962683627221,1.3959731945467935,-8.2446938078539506e-05,0,0,0,0,0,0,0,0,0,0,0,0
control,0,99,495,500,990000000,990000000,0,-1,0.01,1,1,0,0,none,0,0,1,1,-0.089691779068001312,1.344152952043524e-05,0.56564103210750438,0.99994102469240609,-1.1147016406475947e-05,-0.010860341285788883,4.0001282214435694e-08,0.0058384193038042518,-8.516132375882067e-06,0.00092646814635879884,1.4895619028051418e-05,0.010277682219455761,6.3827660233787131e-07,-1.2968962756580926,2.0922267712701283,-0.001271853525739145,-1.2969140706076276,2.0921765143496445,0.00043491155659588842,0.0037775072747010504,0.0033931652987714265,-0.00096178276930564154,0.0037782105911018139,0.0033878940005131167,-0.00091833176208716972,-0.36355586217343727,1.3937920480962265,0.00042964519618702554,-0.36334337775361814,1.3944030380894206,-8.4556878874408019e-05,0.36355586217343727,-1.3937920480962265,-0.00042964519618702554,0.36334337775361814,-1.3944030380894206,8.4556878874408019e-05,-1.3267204090965414,2.208800254273827,0,-1.3267204090965414,2.208800254273827,0,-0.36355586217343727,1.3937920480962265,0.00042964519618702554,-0.36334337775361814,1.3944030380894206,-8.4556878874408019e-05,0,0,0,0,0,0,-0.36355586217343727,1.3937920480962265,0.00042964519618702554,-0.36334337775361814,1.3944030380894206,-8.4556878874408019e-05,0,0,0,0,0,0,0,0,0,0,0,0
control,0,100,500,505,1000000000,1000000000,0,-1,0.01,1,1,0,0,none,0,0,1,1,-0.089633029998355915,1.335717093393621e-05,0.56565035123040774,0.99994158493836516,-1.1073140544258886e-05,-0.010808634896905974,4.2485125456758463e-08,0.0058862909390213604,-8.3673047743927311e-06,0.00093346009752275365,1.4653126183751353e-05,0.010362022122626373,5.1595677531550709e-07,-1.2968544918717,2.0922648274633864,-0.0012804575154811764,-1.2968722828759611,2.0922145144043474,0.00042676663885707062,0.0044706586068453359,0.0041028573965654208,-0.00086289520544830488,0.0044709076697488342,0.0040968925388408239,-0.00081509265932878765,-0.36509699460836531,1.3922708356304392,0.00042728201491676814,-0.36488387615158691,1.3928835396254942,-8.7275358690681805e-05,0.36509699460836531,-1.3922708356304392,-0.00042728201491676814,0.36488387615158691,-1.3928835396254942,8.7275358690681805e-05,-1.3267204090965414,2.208800254273827,0,-1.3267204090965414,2.208800254273827,0,-0.36509699460836531,1.3922708356304392,0.00042728201491676814,-0.36488387615158691,1.3928835396254942,-8.7275358690681805e-05,0,0,0,0,0,0,-0.36509699460836531,1.3922708356304392,0.00042728201491676814,-0.36488387615158691,1.3928835396254942,-8.7275358690681805e-05,0,0,0,0,0,0,0,0,0,0,0,0
control,0,101,505,510,1010000000,1010000000,0,-1,0.01,1,1,0,0,none,0,0,1,1,-0.089574252476777041,1.3274888317034528e-05,0.56565966881141727,0.99994214278328541,-1.1001001692307761e-05,-0.010756903130014832,4.4379446537588267e-08,0.0058598574724162333,-8.1217184135972026e-06,0.00092866430693797531,1.4240230100349403e-05,0.010315541974139258,3.9346958885590374e-07,-1.2968063455137762,2.0923094124948043,-0.001288069513102089,-1.2968241369348079,2.092259037001567,0.00041965365922406729,0.0050671978504858812,0.0047163260798207141,-0.00075884874039387101,0.0050670169925672616,0.0047097828014955783,-0.00070731330076371894,-0.36656955976891209,1.3908156122285413,0.00042436329095032024,-0.36635579142965308,1.3914299330648763,-9.0530432729034221e-05,0.36656955976891209,-1.3908156122285413,-0.00042436329095032024,0.36635579142965308,-1.3914299330648763,9.0530432729034221e-05,-1.3267204090965414,2.208800254273827,0,-1.3267204090965414,2.208800254273827,0,-0.36656955976891209,1.3908156122285413,0.00042436329095032024,-0.36635579142965308,1.3914299330648763,-9.0530432729034221e-05,0,0,0,0,0,0,-0.36656955976891209,1.3908156122285413,0.00042436329095032024,-0.36635579142965308,1.3914299330648763,-9.0530432729034221e-05,0,0,0,0,0,0,0,0,0,0,0,0
control,0,102,510,515,1020000000,1020000000,0,-1,0.01,1,1,0,0,none,0,0,1,1,-0.089516159964249123,1.3195597902546231e-05,0.56566887184631887,0.99994269149983495,-1.093140736697368e-05,-0.010705773982725791,4.5690352210649068e-08,0.0057641513124176268,-7.7880374667877144e-06,0.000912908732272323,1.3671976655035657e-05,0.01014710720222964,2.7219804839777194e-07,-1.2967528091933025,2.0923595576631846,-0.001294650848466953,-1.2967706051271897,2.0923091145872537,0.00041360498681462587,0.0055658751790133368,0.0052323398267303959,-0.00065129731027668814,0.0055652921641956548,0.0052253334540992907,-0.00059666802862727607,-0.36796001160738728,1.389439849587613,0.00042096012005392026,-0.36774558587851464,1.3900556760577309,-9.4248094613023955e-05,0.36796001160738728,-1.389439849587613,-0.00042096012005392026,0.36774558587851464,-1.3900556760577309,9.4248094613023955e-05,-1.3267204090965414,2.208800254273827,0,-1.3267204090965414,2.208800254273827,0,-0.36796001160738728,1.389439849587613,0.00042096012005392026,-0.36774558587851464,1.3900556760577309,-9.4248094613023955e-05,0,0,0,0,0,0,-0.36796001160738728,1.389439849587613,0.00042096012005392026,-0.36774558587851464,1.3900556760577309,-9.4248094613023955e-05,0,0,0,0,0,0,0,0,0,0,0,0
control,0,103,515,520,1030000000,1030000000,0,-1,0.01,1,1,0,0,none,0,0,1,1,-0.08945941238367526,1.3120125476461942e-05,0.56567785609986743,0.99994322499086319,-1.0865086386560128e-05,-0.010655828302903863,4.6430207659315811e-08,0.0056047240001816283,-7.3755379197114077e-06,0.00088710009254567776,1.2964500092276014e-05,0.0098664964056460278,1.5345501216400936e-07,-1.2966948605878683,2.0924142893200233,-0.001300178437817278,-1.2967126648340257,2.0923637746544301,0.00040863725617489949,0.0059667125786225525,0.0056509264428251044,-0.00054183012451096933,0.005965758098892205,0.0056435710692825086,-0.00048475676982019384,-0.36925665097201121,1.3881551897814068,0.0004171450375707319,-0.36904156829852713,1.3887723988288385,-9.8353338361460146e-05,0.36925665097201121,-1.3881551897814068,-0.0004171450375707319,0.36904156829852713,-1.3887723988288385,9.8353338361460146e-05,-1.3267204090965414,2.208800254273827,0,-1.3267204090965414,2.208800254273827,0,-0.36925665097201121,1.3881551897814068,0.0004171450375707319,-0.36904156829852713,1.3887723988288385,-9.8353338361460146e-05,0,0,0,0,0,0,-0.36925665097201121,1.3881551897814068,0.0004171450375707319,-0.36904156829852713,1.3887723988288385,-9.8353338361460146e-05,0,0,0,0,0,0,0,0,0,0,0,0
control,0,104,520,525,1040000000,1040000000,0,-1,0.01,1,1,0,0,none,0,0,1,1,-0.089404611529031924,1.3049201173417197e-05,0.56568652679227627,0.99994373781511348,-1.0802684232595381e-05,-0.010607595752142752,4.661723721881772e-08,0.0053875461655728141,-6.8939555666363644e-06,0.00085220706783986871,1.2134756989034113e-05,0.0094842249825507,3.8470114917621407e-08,-1.2966334701995781,2.0924726409852141,-0.0013046440490374327,-1.2966512862350879,2.092422051845285,0.00040475219598989801,0.006270924486592026,0.0059732928211113888,-0.00043195601794118591,0.0062696316536725331,0.0059656999874817635,-0.00037308988506248289,-0.37044965349344816,1.3869714202316872,0.00041299101560828911,-0.37023392181795173,1.3875898791612815,-0.00010277116454384525,0.37044965349344816,-1.3869714202316872,-0.00041299101560828911,0.37023392181795173,-1.3875898791612815,0.00010277116454384525,-1.3267204090965414,2.208800254273827,0,-1.3267204090965414,2.208800254273827,0,-0.37044965349344816,1.3869714202316872,0.00041299101560828911,-0.37023392181795173,1.3875898791612815,-0.00010277116454384525,0,0,0,0,0,0,-0.37044965349344816,1.3869714202316872,0.00041299101560828911,-0.37023392181795173,1.3875898791612815,-0.00010277116454384525,0,0,0,0,0,0,0,0,0,0,0,0
control,0,105,525,530,1050000000,1050000000,0,-1,0.01,1,1,0,0,none,0,0,1,1,-0.089352297468453537,1.2983455776434092e-05,0.56569479912067144,0.99994422520028492,-1.0744759728610289e-05,-0.010561551645034877,4.6275070674555881e-08,0.0051189087632272116,-6.3533368954156335e-06,0.00080924402394004253,1.1200265197479006e-05,0.0090113710992942731,-7.1621787746302306e-08,-1.2965695899603125,2.0925336646047836,-0.0013080534288685325,-1.2965874209193207,2.0924829991963501,0.00040193759046006262,0.0064808287778602303,0.0062017350818183298,-0.00032308980496813499,0.0064792326147832188,0.0061940125665788026,-0.00026307509296072195,-0.37153107280153796,1.3858964734057928,0.0004085705189089665,-0.37131470704882402,1.3865160420798548,-0.00010742752248998268,0.37153107280153796,-1.3858964734057928,-0.0004085705189089665,0.37131470704882402,-1.3865160420798548,0.00010742752248998268,-1.3267204090965414,2.208800254273827,0,-1.3267204090965414,2.208800254273827,0,-0.37153107280153796,1.3858964734057928,0.0004085705189089665,-0.37131470704882402,1.3865160420798548,-0.00010742752248998268,0,0,0,0,0,0,-0.37153107280153796,1.3858964734057928,0.0004085705189089665,-0.37131470704882402,1.3865160420798548,-0.00010742752248998268,0,0,0,0,0,0,0,0,0,0,0,0
control,0,106,530,535,1060000000,1060000000,0,-1,0.01,1,1,0,0,none,0,0,1,1,-0.089302945921704791,1.292341848160838e-05,0.56570259862178696,0.99994468304499962,-1.0691783002490114e-05,-0.010518114646628761,4.5432242907440581e-08,0.0048053266968851186,-5.7638945787375425e-06,0.0007592554285554366,1.0178850711438471e-05,0.0084594059465482631,-1.7579053218622171e-07,-1.2965041427732669,2.0925964408649884,-0.0013104253120935941,-1.2965219914314032,2.0925456984411723,0.0004001683526452354,0.0065997497231394236,0.0063395408953592922,-0.00021654073662657924,0.0065978866609358276,0.0063317916219525448,-0.00015600656012374031,-0.3724948204640039,1.3849364495630239,0.00040395463045940722,-0.37227784197306213,1.3855569825589269,-0.0001122501777873836,0.3724948204640039,-1.3849364495630239,-0.00040395463045940722,0.37227784197306213,-1.3855569825589269,0.0001122501777873836,-1.3267204090965414,2.208800254273827,0,-1.3267204090965414,2.208800254273827,0,-0.3724948204640039,1.3849364495630239,0.00040395463045940722,-0.37227784197306213,1.3855569825589269,-0.0001122501777873836,0,0,0,0,0,0,-0.3724948204640039,1.3849364495630239,0.00040395463045940722,-0.37227784197306213,1.3855569825589269,-0.0001122501777873836,0,0,0,0,0,0,0,0,0,0,0,0
control,0,107,535,540,1070000000,1070000000,0,-1,0.01,1,1,0,0,none,0,0,1,1,-0.089256966582006936,1.2869516072154581e-05,0.56570986138366619,0.99994510791125035,-1.0644134684278133e-05,-0.010477645301254647,4.4121654981494225e-08,0.0044534458411044165,-5.1358691361513547e-06,0.000703301096425115,9.0884052170159529e-06,0.0078400300530026262,-2.7311882880555066e-07,-1.2964380130613018,2.0926600884950624,-0.0013117903331663267,-1.2964558818250402,2.0926092693028262,0.00039940768872440331,0.0066319145678664518,0.0063908857769697045,-0.00011350306579179026,0.00662982195239834,0.0063832068439591185,-5.3056153799557076e-05,-0.37333662427467529,1.384095660679721,0.00039921225323948757,-0.37311906018661184,1.3847170093860706,-0.00011716949892734314,0.37333662427467529,-1.384095660679721,-0.00039921225323948757,0.37311906018661184,-1.3847170093860706,0.00011716949892734314,-1.3267204090965414,2.208800254273827,0,-1.3267204090965414,2.208800254273827,0,-0.37333662427467529,1.384095660679721,0.00039921225323948757,-0.37311906018661184,1.3847170093860706,-0.00011716949892734314,0,0,0,0,0,0,-0.37333662427467529,1.384095660679721,0.00039921225323948757,-0.37311906018661184,1.3847170093860706,-0.00011716949892734314,0,0,0,0,0,0,0,0,0,0,0,0
control,0,108,540,545,1080000000,1080000000,0,-1,0.01,1,1,0,0,none,0,0,1,1,-0.089214702342711283,1.2822073431567279e-05,0.56571653411534306,0.99994549700887669,-1.0602106278413959e-05,-0.010440445357599498,4.2380005078284391e-08,0.0040699543655257795,-4.4793981645969113e-06,0.0006424423733434986,7.9466567763628414e-06,0.0071650172407722694,-3.6280865613385439e-07,-1.2963720383762201,2.0927237725084931,-0.0013121898606558531,-1.2963899292770398,2.0926728777262045,0.00039960833230670405,0.006582345374314018,0.006360725091950575,-1.5048707927145347e-05,0.0065800609881529826,0.0063532069301557269,4.4733164569177676e-05,-0.37405396670532748,1.3833766935460812,0.0003944093935931132,-0.3738358493162493,1.3839987081762366,-0.00012211915792047009,0.37405396670532748,-1.3833766935460812,-0.0003944093935931132,0.3738358493162493,-1.3839987081762366,0.00012211915792047009,-1.3267204090965414,2.208800254273827,0,-1.3267204090965414,2.208800254273827,0,-0.37405396670532748,1.3833766935460812,0.0003944093935931132,-0.3738358493162493,1.3839987081762366,-0.00012211915792047009,0,0,0,0,0,0,-0.37405396670532748,1.3833766935460812,0.0003944093935931132,-0.3738358493162493,1.3839987081762366,-0.00012211915792047009,0,0,0,0,0,0,0,0,0,0,0,0
control,0,109,545,550,1090000000,1090000000,0,-1,0.01,1,1,0,0,none,0,0,1,1,-0.089176429380907515,1.2781315312727171e-05,0.56572257408442361,0.99994584817352106,-1.0565901638076317e-05,-0.010406757847565994,4.024719784795836e-08,0.0036614991583894642,-3.8043943598775553e-06,0.00057772934391331517,6.7709557826633394e-06,0.0064460676136032704,-4.4418583601574835e-07,-1.2963070021068244,2.0927867113497003,-0.0013116747745704435,-1.2963249167999953,2.0927357430169864,0.00040071382833539422,0.0064567477429517449,0.0062546834431028092,7.7878043759929235e-05,0.0064543093469727041,0.0062474091022730275,0.0001364518561138802,-0.37464600549103239,1.3827804899248661,0.0003896085301831366,-0.37442737157901279,1.3834030214286774,-0.00012703674130631228,0.37464600549103239,-1.3827804899248661,-0.0003896085301831366,0.37442737157901279,-1.3834030214286774,0.00012703674130631228,-1.3267204090965414,2.208800254273827,0,-1.3267204090965414,2.208800254273827,0,-0.37464600549103239,1.3827804899248661,0.0003896085301831366,-0.37442737157901279,1.3834030214286774,-0.00012703674130631228,0,0,0,0,0,0,-0.37464600549103239,1.3827804899248661,0.0003896085301831366,-0.37442737157901279,1.3834030214286774,-0.00012703674130631228,0,0,0,0,0,0,0,0,0,0,0,0
control,0,110,550,555,1100000000,1100000000,0,-1,0.01,1,1,0,0,none,0,0,1,1,-0.089142358042753791,1.2747369268635538e-05,0.56572794893319656,0.99994615983940338,-1.0535639459543005e-05,-0.010376767870081665,3.7765740710176099e-08,0.0032346080348291616,-3.1204333708082104e-06,0.00051018912513615315,5.5780780106413586e-06,0.0056946707719906092,-5.1670280334410519e-07,-1.2962436273077609,2.0928481829291981,-0.001310304206029895,-1.2962615670755224,2.092797143870385,0.00040265984682019777,0.0062613979823918364,0.0060789430252184565,0.00016446381934524172,0.0062588428814821561,0.0060719875912833851,0.00022132631220951696,-0.37511347843895437,1.3823064415977195,0.00038486807084170638,-0.3748943685744513,1.3829293434543792,-0.00013186426965653518,0.37511347843895437,-1.3823064415977195,-0.00038486807084170638,0.3748943685744513,-1.3829293434543792,0.00013186426965653518,-1.3267204090965414,2.208800254273827,0,-1.3267204090965414,2.208800254273827,0,-0.37511347843895437,1.3823064415977195,0.00038486807084170638,-0.3748943685744513,1.3829293434543792,-0.00013186426965653518,0,0,0,0,0,0,-0.37511347843895437,1.3823064415977195,0.00038486807084170638,-0.3748943685744513,1.3829293434543792,-0.00013186426965653518,0,0,0,0,0,0,0,0,0,0,0,0
control,0,111,555,560,1110000000,1110000000,0,-1,0.01,1,1,0,0,none,0,0,1,1,-0.089112634469131036,1.2720269641143906e-05,0.5657326363844023,0.99994643100808878,-1.0511356706315701e-05,-0.01035060402564633,3.4980135467587809e-08,0.0027956183030169086,-2.4366523442158014e-06,0.00044081528786380078,4.384046268304297e-06,0.0049219802508323265,-5.7993960914187458e-07,-1.2961825716558506,2.0929075295455735,-0.0013081442579096685,-1.2962005374147219,2.0928564232880076,0.00040537550758155673,0.0060030302314659596,0.0058401324289000887,0.00024402758358101968,0.0060003948683432532,0.0058335625713888716,0.00029871945749252604,-0.37545859463548892,1.3819524980956921,0.00038024189819384956,-0.3752390524843498,1.3825756279727495,-0.00013654862514909331,0.37545859463548892,-1.3819524980956921,-0.00038024189819384956,0.3752390524843498,-1.3825756279727495,0.00013654862514909331,-1.3267204090965414,2.208800254273827,0,-1.3267204090965414,2.208800254273827,0,-0.37545859463548892,1.3819524980956921,0.00038024189819384956,-0.3752390524843498,1.3825756279727495,-0.00013654862514909331,0,0,0,0,0,0,-0.37545859463548892,1.3819524980956921,0.00038024189819384956,-0.3752390524843498,1.3825756279727495,-0.00013654862514909331,0,0,0,0,0,0,0,0,0,0,0,0
control,0,112,560,565,1120000000,1120000000,0,-1,0.01,1,1,0,0,none,0,0,1,1,-0.089087342895170785,1.2699962496576636e-05,0.56573662384809997,0.99994666121428133,-1.0493012866212992e-05,-0.01032834044301912,3.1936273260205054e-08,0.0023506121489382959,-1.7616598335400111e-06,0.00037055843051355124,3.2039718287839671e-06,0.0041386999777831054,-6.3360323513193993e-07,-1.2961244235260949,2.0929641617067594,-0.0013052667240314939,-1.2961424158380079,2.0929129923953003,0.00040878469834040545,0.0056887249543387478,0.0055452172608139302,0.00031602027174407616,0.0056860445350816564,0.0055390909085957099,0.00036812957244334145,-0.37568491427686629,1.3817152849135905,0.00037577900362224434,-0.37546498590502447,1.3823385061794271,-0.00014104188812428869,0.37568491427686629,-1.3817152849135905,-0.00037577900362224434,0.37546498590502447,-1.3823385061794271,0.00014104188812428869,-1.3267204090965414,2.208800254273827,0,-1.3267204090965414,2.208800254273827,0,-0.37568491427686629,1.3817152849135905,0.00037577900362224434,-0.37546498590502447,1.3823385061794271,-0.00014104188812428869,0,0,0,0,0,0,-0.37568491427686629,1.3817152849135905,0.00037577900362224434,-0.37546498590502447,1.3823385061794271,-0.00014104188812428869,0,0,0,0,0,0,0,0,0,0,0,0
control,0,113,565,570,1130000000,1130000000,0,-1,0.01,1,1,0,0,none,0,0,1,1,-0.089066508553260468,1.2686311391513988e-05,0.5657399079412273,0.99994685048948939,-1.0480494939682633e-05,-0.010309999336037403,2.868084044991978e-08,0.0019053591898665031,-1.1034575613675778e-06,0.0003003179145366996,2.0519165095772261e-06,0.0033549833563083853,-6.7752530953324026e-07,-1.2960696991659457,2.0930175608760426,-0.0013017478232278197,-1.2960877182528707,2.0929663331849859,0.00041280736983625814,0.0053258001255144793,0.0052013938251600231,0.00038002278452283817,0.0053231082798761622,0.0051957599673343631,0.0004291874803350064,-0.37579721935542021,1.3815902300356722,0.00037152320774220399,-0.3755769525438627,1.3822134131150912,-0.00014530158496762775,0.37579721935542021,-1.3815902300356722,-0.00037152320774220399,0.3755769525438627,-1.3822134131150912,0.00014530158496762775,-1.3267204090965414,2.208800254273827,0,-1.3267204090965414,2.208800254273827,0,-0.37579721935542021,1.3815902300356722,0.00037152320774220399,-0.3755769525438627,1.3822134131150912,-0.00014530158496762775,0,0,0,0,0,0,-0.37579721935542021,1.3815902300356722,0.00037152320774220399,-0.3755769525438627,1.3822134131150912,-0.00014530158496762775,0,0,0,0,0,0,0,0,0,0,0,0
control,0,114,570,575,1140000000,1140000000,0,-1,0.01,1,1,0,0,none,0,0,1,1,-0.089050101106283225,1.2679103848177477e-05,0.5657424939314597,0.99994699932426301,-1.0473623054204652e-05,-0.010295554026109151,2.5260742473527877e-08,0.0014652664383789358,-4.6937434724233265e-07,0.00023093475815871552,9.4077595084706721e-07,0.0025803453881399212,-7.1165834656006972e-07,-1.2960188409339337,2.0930672811799078,-0.0012976669632366108,-1.2960368866956287,2.093016000223562,0.00041736079312525154,0.0049217063125381018,0.004815986977970148,0.00043574248461343069,0.0049190347915765292,0.0048108855854696103,0.00048165225071806052,-0.37580137742009978,1.3815716966600748,0.00036751296474031169,-0.37558082099831797,1.3821947202249747,-0.00014929085047347848,0.37580137742009978,-1.3815716966600748,-0.00036751296474031169,0.37558082099831797,-1.3821947202249747,0.00014929085047347848,-1.3267204090965414,2.208800254273827,0,-1.3267204090965414,2.208800254273827,0,-0.37580137742009978,1.3815716966600748,0.00036751296474031169,-0.37558082099831797,1.3821947202249747,-0.00014929085047347848,0,0,0,0,0,0,-0.37580137742009978,1.3815716966600748,0.00036751296474031169,-0.37558082099831797,1.3821947202249747,-0.00014929085047347848,0,0,0,0,0,0,0,0,0,0,0,0
control,0,115,575,580,1150000000,1150000000,0,-1,0.01,1,1,0,0,none,0,0,1,1,-0.089038038536059849,1.2678058416785616e-05,0.5657443951168788,0.99994710862954794,-1.0472156597806048e-05,-0.010284932364394869,2.1722552061828986e-08,0.0010353358144168253,1.3398766027425797e-07,0.00016318567431989077,-1.1781565377746546e-07,0.0018235880678101324,-7.36070642836521e-07,-1.2959722165573937,2.0931129501251489,-0.0012931055479090338,-1.2959902885918986,2.0930616213682409,0.00042236076577746356,0.0044839267404057732,0.0043963531302519286,0.00048300835069407642,0.0044813051533761101,0.0043918151925391906,0.00052540558439639472,-0.37570420058038145,1.3816531200887594,0.00036378124683800628,-0.37548340378577844,1.382275872078224,-0.0001529785089530588,0.37570420058038145,-1.3816531200887594,-0.00036378124683800628,0.37548340378577844,-1.382275872078224,0.0001529785089530588,-1.3267204090965414,2.208800254273827,0,-1.3267204090965414,2.208800254273827,0,-0.37570420058038145,1.3816531200887594,0.00036378124683800628,-0.37548340378577844,1.382275872078224,-0.0001529785089530588,0,0,0,0,0,0,-0.37570420058038145,1.3816531200887594,0.00036378124683800628,-0.37548340378577844,1.382275872078224,-0.0001529785089530588,0,0,0,0,0,0,0,0,0,0,0,0
control,0,116,580,585,1160000000,1160000000,0,-1,0.01,1,1,0,0,none,0,0,1,1,-0.089030191411186552,1.268283220185691e-05,0.5657456321527613,0.99994717969757008,-1.0475800764320472e-05,-0.010278020487055159,1.8111987537175688e-08,0.00062012924338494357,7.0079447344019835e-07,9.7778229423771523e-05,-1.1135594080511887e-06,0.0010927391085864251,-7.509399765980593e-07,-1.2959301193540023,2.0931542683816478,-0.0012881458396595765,-1.2959482169804752,2.0931028975506631,0.00042772275533443341,0.0040198832870276266,0.0039497892419468623,0.00052176494955431395,0.0040173388788675634,0.0039458369121113468,0.00056044504923695709,-0.37551330184101145,1.3818271468432304,0.00036035550442015726,-0.37529231371109562,1.382449525309799,-0.00015633907906217789,0.37551330184101145,-1.3818271468432304,-0.00036035550442015726,0.37529231371109562,-1.382449525309799,0.00015633907906217789,-1.3267204090965414,2.208800254273827,0,-1.3267204090965414,2.208800254273827,0,-0.37551330184101145,1.3818271468432304,0.00036035550442015726,-0.37529231371109562,1.382449525309799,-0.00015633907906217789,0,0,0,0,0,0,-0.37551330184101145,1.3818271468432304,0.00036035550442015726,-0.37529231371109562,1.382449525309799,-0.00015633907906217789,0,0,0,0,0,0,0,0,0,0,0,0
control,0,117,585,590,1170000000,1170000000,0,-1,0.01,1,1,0,0,none,0,0,1,1,-0.089026387458652559,1.2693028730629226e-05,0.56574623233651733,0.99994721416256072,-1.0484213404012982e-05,-0.010274666837137712,1.4473426147169457e-08,0.0002237412843908903,1.2260096571012348e-06,3.5347092165203047e-05,-2.0375444466662021e-06,0.00039500389581387306,-7.5654626821801283e-07,-1.295892769353131,2.0931910086948213,-0.0012828698874979374,-1.2959108916366213,2.093139601691326,0.00043336297005871772,0.0035368492243419984,0.0034834485092337039,0.00055206539072059728,0.0035344066944672141,0.0034800953498377624,0.00058687633887103904,-0.3752369507574379,1.3820857741842172,0.00035725769671335138,-0.37501581956074215,1.3827076879652556,-0.00015935270796116726,0.3752369507574379,-1.3820857741842172,-0.00035725769671335138,0.37501581956074215,-1.3827076879652556,0.00015935270796116726,-1.3267204090965414,2.208800254273827,0,-1.3267204090965414,2.208800254273827,0,-0.3752369507574379,1.3820857741842172,0.00035725769671335138,-0.37501581956074215,1.3827076879652556,-0.00015935270796116726,0,0,0,0,0,0,-0.3752369507574379,1.3820857741842172,0.00035725769671335138,-0.37501581956074215,1.3827076879652556,-0.00015935270796116726,0,0,0,0,0,0,0,0,0,0,0,0
control,0,118,590,595,1180000000,1180000000,0,-1,0.01,1,1,0,0,none,0,0,1,1,-0.089026416364708733,1.2708206044433525e-05,0.56574622886146697,0.99994721396154063,-1.0497012075460746e-05,-0.010274686387657796,1.084945663937031e-08,-0.00015022085439834998,1.705411943350469e-06,-2.3548664846743074e-05,-2.8822800951271725e-06,-0.00026326958799856282,-7.5326335752419101e-07,-1.2958603152457306,2.0932230139979895,-0.0012773585293790204,-1.295878461023473,2.0931715768148837,0.00043919934868306683,0.0030418693764746427,0.003004263315409015,0.00057406342895044817,0.0030395507389723952,0.0030015146365879298,0.00060490472661494103,-0.37488393027444145,1.3824204883369364,0.00035450438736618368,-0.37466270298527932,1.3830418575524368,-0.00016200504093566711,0.37488393027444145,-1.3824204883369364,-0.00035450438736618368,0.37466270298527932,-1.3830418575524368,0.00016200504093566711,-1.3267204090965414,2.208800254273827,0,-1.3267204090965414,2.208800254273827,0,-0.37488393027444145,1.3824204883369364,0.00035450438736618368,-0.37466270298527932,1.3830418575524368,-0.00016200504093566711,0,0,0,0,0,0,-0.37488393027444145,1.3824204883369364,0.00035450438736618368,-0.37466270298527932,1.3830418575524368,-0.00016200504093566711,0,0,0,0,0,0,0,0,0,0,0,0
control,0,119,595,600,1190000000,1190000000,0,-1,0.01,1,1,0,0,none,0,0,1,1,-0.089030034732341015,1.2727884897705592e-05,0.56574566004973248,0.99994718129532123,-1.0513781197860619e-05,-0.010277865002103237,7.2804745200943805e-09,-0.00049865012937314458,2.135601500978486e-06,-7.842725237364607e-05,-3.6417082071647564e-06,-0.00087661324994904057,-7.4155005804214224e-07,-1.2958328370856371,2.0932501947997877,-0.0012716904758308016,-1.2958510049944636,2.0931987334413713,0.00044515246270568435,0.0025416882125811539,0.0025188758727789696,0.00058800491337183134,0.0025395126971966197,0.002516729153498556,0.00061482591909829177,-0.37446339644972343,1.382822399879303,0.00035210689708064895,-0.37424211827072895,1.3834431562592202,-0.00016428703476661989,0.37446339644972343,-1.382822399879303,-0.00035210689708064895,0.37424211827072895,-1.3834431562592202,0.00016428703476661989,-1.3267204090965414,2.208800254273827,0,-1.3267204090965414,2.208800254273827,0,-0.37446339644972343,1.382822399879303,0.00035210689708064895,-0.37424211827072895,1.3834431562592202,-0.00016428703476661989,0,0,0,0,0,0,-0.37446339644972343,1.382822399879303,0.00035210689708064895,-0.37424211827072895,1.3834431562592202,-0.00016428703476661989,0,0,0,0,0,0,0,0,0,0,0,0
control,0,120,600,605,1200000000,1200000000,0,-1,0.01,1,1,0,0,none,0,0,1,1,-0.089036971125415962,1.2751556955071517e-05,0.56574456857407207,0.99994711858984475,-1.0534079208080527e-05,-0.010283963870946936,3.8043226404616637e-09,-0.00081894561911512404,2.51399552995512e-06,-0.00012888489124294011,-4.311196846405374e-06,-0.0014404493279306038,-7.2194066503823512e-07,-1.2958103496605164,2.0932725259254803,-0.0012659414807891128,-1.2958285381649819,2.0932210463320966,0.00045114632586228175,0.0020426863183389669,0.0020335769045800103,0.00059421858780133352,0.0020406703116926275,0.0020320222867573181,0.00061701631931781575,-0.37398474270980825,1.3832823748232901,0.00035007151484666717,-0.37376345664625343,1.3839024618706286,-0.00016619471372457531,0.37398474270980825,-1.3832823748232901,-0.00035007151484666717,0.37376345664625343,-1.3839024618706286,0.00016619471372457531,-1.3267204090965414,2.208800254273827,0,-1.3267204090965414,2.208800254273827,0,-0.37398474270980825,1.3832823748232901,0.00035007151484666717,-0.37376345664625343,1.3839024618706286,-0.00016619471372457531,0,0,0,0,0,0,-0.37398474270980825,1.3832823748232901,0.00035007151484666717,-0.37376345664625343,1.3839024618706286,-0.00016619471372457531,0,0,0,0,0,0,0,0,0,0,0,0
control,0,121,605,610,1210000000,1210000000,0,-1,0.01,1,1,0,0,none,0,0,1,1,-0.089046931133081972,1.2778692883195123e-05,0.56574300067794248,0.99994702845795835,-1.0557445631944243e-05,-0.010292723965893326,4.5597913921862405e-10,-0.0011090119820902763,2.8388137350225529e-06,-0.00017459562989996535,-4.887516274965442e-06,-0.0019510894361041281,-6.9503496539619141e-07,-1.2957928064474389,2.0932900426938472,-0.001260183604282931,-1.2958110138682706,2.0932385506717783,0.00045710910673722884,0.0015508254506739658,0.001554252580020237,0.00059310654947353789,0.0015489824762618578,0.0015532734253725607,0.00061192301026620054,-0.37345746996524154,1.3837911600897268,0.00034839975381120242,-0.37323621645364302,1.3844105330865248,-0.00016772888253447867,0.37345746996524154,-1.3837911600897268,-0.00034839975381120242,0.37323621645364302,-1.3844105330865248,0.00016772888253447867,-1.3267204090965414,2.208800254273827,0,-1.3267204090965414,2.208800254273827,0,-0.37345746996524154,1.3837911600897268,0.00034839975381120242,-0.37323621645364302,1.3844105330865248,-0.00016772888253447867,0,0,0,0,0,0,-0.37345746996524154,1.3837911600897268,0.00034839975381120242,-0.37323621645364302,1.3844105330865248,-0.00016772888253447867,0,0,0,0,0,0,0,0,0,0,0,0
control,0,122,610,615,1220000000,1220000000,0,-1,0.01,1,1,0,0,none,0,0,1,1,-0.089059602391716022,1.2808750240217602e-05,0.56574100540257877,0.99994691366171984,-1.0583407984576195e-05,-0.010303870456831718,-2.7327053476712632e-09,-0.0013672528137471291,3.1090544124226566e-06,-0.00021531030606986455,-5.368798301704561e-06,-0.0024057228938758053,-6.6148802567012113e-07,-1.2957801040665871,2.0933028366127129,-0.0012544845692366252,-1.2957983286090691,2.093251337769872,0.00046297374289514057,0.0010716023291757659,0.001086339784895377,0.00058513449506105407,0.0010699430666030411,0.001085913277644046,0.00060005359436052881,-0.37289106385321613,1.3843395022560261,0.00034708864601793485,-0.37266988044957289,1.3849581281309931,-0.0001688948025865686,0.37289106385321613,-1.3843395022560261,-0.00034708864601793485,0.37266988044957289,-1.3849581281309931,0.0001688948025865686,-1.3267204090965414,2.208800254273827,0,-1.3267204090965414,2.208800254273827,0,-0.37289106385321613,1.3843395022560261,0.00034708864601793485,-0.37266988044957289,1.3849581281309931,-0.0001688948025865686,0,0,0,0,0,0,-0.37289106385321613,1.3843395022560261,0.00034708864601793485,-0.37266988044957289,1.3849581281309931,-0.0001688948025865686,0,0,0,0,0,0,0,0,0,0,0,0
control,0,123,615,620,1230000000,1230000000,0,-1,0.01,1,1,0,0,none,0,0,1,1,-0.089074659506236928,1.2841181075360841e-05,0.56573863382928224,0.99994677707534507,-1.0611488422238025e-05,-0.010317117040399809,-5.7332234035902426e-09,-0.0015925583799583298,3.3244622238732287e-06,-0.00025085471402358956,-5.7544811957410854e-06,-0.0028023951792758594,-6.2200032182457147e-07,-1.2957720871456164,2.0933110506744477,-0.0012489072121102743,-1.2957903269276227,2.0932595503623421,0.00046867845745457958,0.0006100111778061443,0.00063478939989455559,0.00057082213722002572,0.00060854350316884016,0.0006348872038353595,0.00058196625825320013,-0.37229488017780932,1.3849182590927098,0.00034613105677208102,-0.37207380128177747,1.3855361161320652,-0.00016970185014903387,0.37229488017780932,-1.3849182590927098,-0.00034613105677208102,0.37207380128177747,-1.3855361161320652,0.00016970185014903387,-1.3267204090965414,2.208800254273827,0,-1.3267204090965414,2.208800254273827,0,-0.37229488017780932,1.3849182590927098,0.00034613105677208102,-0.37207380128177747,1.3855361161320652,-0.00016970185014903387,0,0,0,0,0,0,-0.37229488017780932,1.3849182590927098,0.00034613105677208102,-0.37207380128177747,1.3855361161320652,-0.00016970185014903387,0,0,0,0,0,0,0,0,0,0,0,0
control,0,124,620,625,1240000000,1240000000,0,-1,0.01,1,1,0,0,none,0,0,1,1,-0.08909176881752881,1.2875439160537203e-05,0.56573593834448488,0.99994662164892478,-1.0641210078502358e-05,-0.010332170133390148,-8.5205776518110086e-09,-0.0017842882294049299,3.4854884379793372e-06,-0.00028112704067202743,-6.0452413793979729e-06,-0.0031399773872147958,-5.7730736924261767e-07,-1.2957685535087069,2.0933148743333083,-0.0012435090284676662,-1.2957868065880822,2.0932633775957306,0.00047416717757563882,0.00017051479197690693,0.00020403794420221821,0.00055073322500520877,0.00016924385778154132,0.00020462689106528342,0.00055825950906467688,-0.37167803924197973,1.3855185023699206,0.00034551604729003943,-0.37145709588818299,1.3861355798005592,-0.00017016312872592548,0.37167803924197973,-1.3855185023699206,-0.00034551604729003943,0.37145709588818299,-1.3861355798005592,0.00017016312872592548,-1.3267204090965414,2.208800254273827,0,-1.3267204090965414,2.208800254273827,0,-0.37167803924197973,1.3855185023699206,0.00034551604729003943,-0.37145709588818299,1.3861355798005592,-0.00017016312872592548,0,0,0,0,0,0,-0.37167803924197973,1.3855185023699206,0.00034551604729003943,-0.37145709588818299,1.3861355798005592,-0.00017016312872592548,0,0,0,0,0,0,0,0,0,0,0,0
control,0,125,625,630,1250000000,1250000000,0,-1,0.01,1,1,0,0,none,0,0,1,1,-0.089110592967934027,1.2910986783237569e-05,0.56573297193451344,0.99994645037306917,-1.0672103022043337e-05,-0.010348732888806342,-1.107339848026078e-08,-0.0019422492188580604,3.5932444752743517e-06,-0.00030609463649299907,-6.2429133854405593e-06,-0.0034181276291120333,-5.2816937061544476e-07,-1.2957692596053842,2.0933145382463927,-0.0012383418140199341,-1.2957875240063088,2.0932630497750386,0.0004793898551343129,-0.00024297592794050583,-0.0002020127844846099,0.00052546578886025481,-0.00024404758058907329,-0.00020096999235388969,0.00052956221953257433,-0.37104933000197543,1.3861316115059383,0.00034522925476296751,-0.37082854971190782,1.3867479089739909,-0.00017029506751692258,0.37104933000197543,-1.3861316115059383,-0.00034522925476296751,0.37082854971190782,-1.3867479089739909,0.00017029506751692258,-1.3267204090965414,2.208800254273827,0,-1.3267204090965414,2.208800254273827,0,-0.37104933000197543,1.3861316115059383,0.00034522925476296751,-0.37082854971190782,1.3867479089739909,-0.00017029506751692258,0,0,0,0,0,0,-0.37104933000197543,1.3861316115059383,0.00034522925476296751,-0.37082854971190782,1.3867479089739909,-0.00017029506751692258,0,0,0,0,0,0,0,0,0,0,0,0
control,0,126,630,635,1260000000,1260000000,0,-1,0.01,1,1,0,0,none,0,0,1,1,-0.08913079522226032,1.294730103979377e-05,0.56572978751628999,0.9999462662446621,-1.0703709782450697e-05,-0.01036650899717669,-1.3374013861502866e-08,-0.002066669507489786,3.6494497476401514e-06,-0.00032579019057868983,-6.3503996711762722e-06,-0.0036372453466273851,-4.7536118296255785e-07,-1.2957739260965044,2.0933103088560596,-0.0012334513981264049,-1.2957921998345887,2.0932588329532082,0.0004843026932143828,-0.00062711431269431284,-0.00058000840563315773,0.000495642704235917,-0.00062798661973583608,-0.00057855248006025335,0.0004965240398006384,-0.37041712453140246,1.3867493576216581,0.00034525328422612561,-0.37019653121382889,1.3873648845675151,-0.00017011700995434674,0.37041712453140246,-1.3867493576216581,-0.00034525328422612561,0.37019653121382889,-1.3873648845675151,0.00017011700995434674,-1.3267204090965414,2.208800254273827,0,-1.3267204090965414,2.208800254273827,0,-0.37041712453140246,1.3867493576216581,0.00034525328422612561,-0.37019653121382889,1.3873648845675151,-0.00017011700995434674,0,0,0,0,0,0,-0.37041712453140246,1.3867493576216581,0.00034525328422612561,-0.37019653121382889,1.3873648845675151,-0.00017011700995434674,0,0,0,0,0,0,0,0,0,0,0,0
control,0,127,635,640,1270000000,1270000000,0,-1,0.01,1,1,0,0,none,0,0,1,1,-0.089152043507401579,1.2983879578260899e-05,0.56572643730950001,0.99994607223393994,-1.0735590398985848e-05,-0.010385206240682078,-1.5408473415231052e-08,-0.0021581690905895746,3.6563748454982222e-06,-0.00034030738172814338,-6.3715721797828695e-06,-0.0037984195385013055,-4.1966273414567845e-07,-1.295782243518542,2.0933024828884754,-0.0012288774665296768,-1.2958005246244411,2.0932510234367969,0.00048886828223388117,-0.00097912253617308707,-0.00092714731475001134,0.00046190257408405458,-0.00097979775526385658,-0.00092532166567804264,0.00045980619503229006,-0.36978930313173369,1.3873639775963438,0.00034556811125470031,-0.3695689170323086,1.3879787525428777,-0.00016965079442177883,0.36978930313173369,-1.3873639775963438,-0.00034556811125470031,0.3695689170323086,-1.3879787525428777,0.00016965079442177883,-1.3267204090965414,2.208800254273827,0,-1.3267204090965414,2.208800254273827,0,-0.36978930313173369,1.3873639775963438,0.00034556811125470031,-0.3695689170323086,1.3879787525428777,-0.00016965079442177883,0,0,0,0,0,0,-0.36978930313173369,1.3873639775963438,0.00034556811125470031,-0.3695689170323086,1.3879787525428777,-0.00016965079442177883,0,0,0,0,0,0,0,0,0,0,0,0
control,0,128,640,645,1280000000,1280000000,0,-1,0.01,1,1,0,0,none,0,0,1,1,-0.089174014139418584,1.3020245750230233e-05,0.56572297225502766,0.99994587125313028,-1.0767326956218976e-05,-0.010404539772690111,-1.7166529068753753e-08,-0.002217727449149989,3.6167810450514543e-06,-0.00034979607950923186,-6.3111673698925435e-06,-0.0039033719105113227,-3.6184990071961101e-07,-1.2957938779516875,2.0932913818392183,-0.0012246534695402312,-1.2958121644930447,2.0932399422786618,0.00049305565011211481,-0.0012967889628381815,-0.0012411791136234343,0.0004248910305604642,-0.0012972715000002769,-0.0012390291418555414,0.00042007276105548454,-0.36917319029398937,1.3879682378857399,0.00034615148933404616,-0.36895302799196028,1.3885822876547651,-0.00016892033308640866,0.36917319029398937,-1.3879682378857399,-0.00034615148933404616,0.36895302799196028,-1.3885822876547651,0.00016892033308640866,-1.3267204090965414,2.208800254273827,0,-1.3267204090965414,2.208800254273827,0,-0.36917319029398937,1.3879682378857399,0.00034615148933404616,-0.36895302799196028,1.3885822876547651,-0.00016892033308640866,0,0,0,0,0,0,-0.36917319029398937,1.3879682378857399,0.00034615148933404616,-0.36895302799196028,1.3885822876547651,-0.00016892033308640866,0,0,0,0,0,0,0,0,0,0,0,0
control,0,129,645,650,1290000000,1290000000,0,-1,0.01,1,1,0,0,none,0,0,1,1,-0.089196395212690599,1.3055953140632196e-05,0.56571944148370601,0.99994566612689684,-1.0798527579002264e-05,-0.010424235100339145,-1.8641574813467512e-08,-0.0022466488905045056,3.5338571100538033e-06,-0.00035445717093212471,-6.1746764048554888e-06,-0.0039543959568339145,-3.0268589305773223e-07,-1.2958084766221816,2.093277346512457,-0.0012208066111105528,-1.2958267667237477,2.0932259298240954,0.00049684023160737046,-0.001578458747908913,-0.0015203965736128242,0.00038525252453572122,-0.0015787549697643306,-0.0015179689806896358,0.00037798248355522815,-0.36857550157045493,1.3885554879968589,0.00034697935710637976,-0.3683555760188777,1.3891688468678136,-0.00016795119365997253,0.36857550157045493,-1.3885554879968589,-0.00034697935710637976,0.3683555760188777,-1.3891688468678136,0.00016795119365997253,-1.3267204090965414,2.208800254273827,0,-1.3267204090965414,2.208800254273827,0,-0.36857550157045493,1.3885554879968589,0.00034697935710637976,-0.3683555760188777,1.3891688468678136,-0.00016795119365997253,0,0,0,0,0,0,-0.36857550157045493,1.3885554879968589,0.00034697935710637976,-0.3683555760188777,1.3891688468678136,-0.00016795119365997253,0,0,0,0,0,0,0,0,0,0,0,0
control,0,130,650,655,1300000000,1300000000,0,-1,0.01,1,1,0,0,none,0,0,1,1,-0.089218889631459519,1.3090589454244015e-05,0.56571589183866566,0.99994545956485525,-1.0828829867634596e-05,-0.01044403075282199,-1.9830548288485809e-08,-0.0022465261469790127,3.4111543460580944e-06,-0.00035453708929660259,-5.9682321716761176e-06,-0.0039542929672589568,-2.4291320796234815e-07,-1.2958256733747613,2.093260731675366,-0.0012173579136275151,-1.2958439652365679,2.0932093403719754,0.00050020376252864836,-0.0018230182555463912,-0.0017636216379980309,0.00034362266493365623,-0.0018231362904695813,-0.0017609637610656367,0.00033418119851252913,-0.36800230127804212,1.3891197036385292,0.00034802624084157171,-0.36778262188397842,1.3897324124638177,-0.00016677018868422095,0.36800230127804212,-1.3891197036385292,-0.00034802624084157171,0.36778262188397842,-1.3897324124638177,0.00016677018868422095,-1.3267204090965414,2.208800254273827,0,-1.3267204090965414,2.208800254273827,0,-0.36800230127804212,1.3891197036385292,0.00034802624084157171,-0.36778262188397842,1.3897324124638177,-0.00016677018868422095,0,0,0,0,0,0,-0.36800230127804212,1.3891197036385292,0.00034802624084157171,-0.36778262188397842,1.3897324124638177,-0.00016677018868422095,0,0,0,0,0,0,0,0,0,0,0,0
control,0,131,655,660,1310000000,1310000000,0,-1,0.01,1,1,0,0,none,0,0,1,1,-0.089241217769674128,1.3123779746987684e-05,0.56571236745380393,0.99994525413640845,-1.0857903762256272e-05,-0.010463680622921891,-2.0733797156172501e-08,-0.0022192027848641598,3.2525208287958094e-06,-0.00035032212211869084,-5.6984947393042833e-06,-0.0039063059296821486,-1.8324620064424435e-07,-1.2958450939569528,2.0932419008841534,-0.001214322352729369,-1.2958633858704505,2.0931905370072452,0.00050313410500214513,-0.0020298738979575119,-0.0019701860047132971,0.00030062115886434675,-0.0020298234294214863,-0.0019673451833925938,0.00028929490021262422,-0.36745897082812734,1.3896555196831528,0.00034926564787559337,-0.36723954356895933,1.39026762497407,-0.00016540497651127475,0.36745897082812734,-1.3896555196831528,-0.00034926564787559337,0.36723954356895933,-1.39026762497407,0.00016540497651127475,-1.3267204090965414,2.208800254273827,0,-1.3267204090965414,2.208800254273827,0,-0.36745897082812734,1.3896555196831528,0.00034926564787559337,-0.36723954356895933,1.39026762497407,-0.00016540497651127475,0,0,0,0,0,0,-0.36745897082812734,1.3896555196831528,0.00034926564787559337,-0.36723954356895933,1.39026762497407,-0.00016540497651127475,0,0,0,0,0,0,0,0,0,0,0,0
control,0,132,660,665,1320000000,1320000000,0,-1,0.01,1,1,0,0,none,0,0,1,1,-0.089263119750449912,1.3155188999077272e-05,0.56570890939011798,0.99994505224814789,-1.0885453833359598e-05,-0.010482955974099645,-2.1354913439236264e-08,-0.0021667349555477096,3.0620356863459771e-06,-0.00034213257471476556,-5.3725367953871707e-06,-0.0038140522620170058,-1.2436432280098788e-07,-1.2958663610631378,2.0932212215325277,-0.0012117090560341817,-1.2958846514252436,2.0931698866554838,0.00050562501034459324,-0.0021989260255031984,-0.0021399068575222815,0.00025684539319135964,-0.0021987180806945492,-0.0021369298390045807,0.00024392349251124365,-0.36695018736258883,1.3901582531818752,0.00035067044715068652,-0.36673101493453264,1.3907698061786256,-0.00016388367772894014,0.36695018736258883,-1.3901582531818752,-0.00035067044715068652,0.36673101493453264,-1.3907698061786256,0.00016388367772894014,-1.3267204090965414,2.208800254273827,0,-1.3267204090965414,2.208800254273827,0,-0.36695018736258883,1.3901582531818752,0.00035067044715068652,-0.36673101493453264,1.3907698061786256,-0.00016388367772894014,0,0,0,0,0,0,-0.36695018736258883,1.3901582531818752,0.00035067044715068652,-0.36673101493453264,1.3907698061786256,-0.00016388367772894014,0,0,0,0,0,0,0,0,0,0,0,0
control,0,133,665,670,1330000000,1330000000,0,-1,0.01,1,1,0,0,none,0,0,1,1,-0.089284357341628526,1.3184524035562605e-05,0.56570555533089562,0.9999448561240375,-1.0911221002719839e-05,-0.010501647109972475,-2.1700539159601212e-08,-0.0020913529949016609,2.8439442621045453e-06,-0.00033031686459611122,-4.9977305044779131e-06,-0.003681456263089228,-6.6906059431310334e-08,-1.2958890990926912,2.0931990601676169,-0.0012095215593306305,-1.2959073864177186,2.0931477554045146,0.00050767582638060389,-0.0023305385140893419,-0.0022730583358052808,0.00021286469143037877,-0.0023301852506968459,-0.0022699907235086327,0.00019863525206283161,-0.36647991227506838,1.3906239167782286,0.00035221323322767018,-0.36626099426982833,1.3912349725170117,-0.00016223451051732273,0.36647991227506838,-1.3906239167782286,-0.00035221323322767018,0.36626099426982833,-1.3912349725170117,0.00016223451051732273,-1.3267204090965414,2.208800254273827,0,-1.3267204090965414,2.208800254273827,0,-0.36647991227506838,1.3906239167782286,0.00035221323322767018,-0.36626099426982833,1.3912349725170117,-0.00016223451051732273,0,0,0,0,0,0,-0.36647991227506838,1.3906239167782286,0.00035221323322767018,-0.36626099426982833,1.3912349725170117,-0.00016223451051732273,0,0,0,0,0,0,0,0,0,0,0,0
control,0,134,670,675,1340000000,1340000000,0,-1,0.01,1,1,0,0,none,0,0,1,1,-0.089304715468804474,1.3211534807736988e-05,0.56570233933601555,0.99994466778856994,-1.093498370599862e-05,-0.010519564707318985,-2.1780146723282013e-08,-0.0019954233467246825,2.6025949263821206e-06,-0.00031524561992051143,-4.5816371420243096e-06,-0.0035126821196593046,-1.1463596247391146e-08,-1.2959129385830241,2.0931757781123959,-0.0012077581135393326,-1.2959312215124934,2.0931245041320659,0.00050929115623119903,-0.0024255047058589314,-0.0023703393436749218,0.00016921526533499474,-0.0024250191997255582,-0.0023672250939083396,0.00015396201754322366,-0.36605138910341906,1.3910492229526858,0.00035386667079505003,-0.36583272220898799,1.3916598393419961,-0.00016048544774652088,0.36605138910341906,-1.3910492229526858,-0.00035386667079505003,0.36583272220898799,-1.3916598393419961,0.00016048544774652088,-1.3267204090965414,2.208800254273827,0,-1.3267204090965414,2.208800254273827,0,-0.36605138910341906,1.3910492229526858,0.00035386667079505003,-0.36583272220898799,1.3916598393419961,-0.00016048544774652088,0,0,0,0,0,0,-0.36605138910341906,1.3910492229526858,0.00035386667079505003,-0.36583272220898799,1.3916598393419961,-0.00016048544774652088,0,0,0,0,0,0,0,0,0,0,0,0
control,0,135,675,680,1350000000,1350000000,0,-1,0.01,1,1,0,0,none,0,0,1,1,-0.08932400335174466,1.3236015056169758e-05,0.56569929165488686,0.99994448905304156,-1.0956558514680222e-05,-0.010536540817756256,-2.1605797641485877e-08,-0.0018814112521019337,2.3423782391909032e-06,-0.00029730585212877383,-4.1319007302889112e-06,-0.0033120682474615496,4.142175410433947e-08,-1.29593752028487,2.0931517274276361,-0.0012064120356308353,-1.2959557975952281,2.093100484472461,0.00051048047567044423,-0.0024850103541816772,-0.0024328383047266104,0.00012639587445390622,-0.0024844063903025349,-0.0024297192748718183,0.00011039511294902209,-0.36566715020878499,1.3914315796113803,0.00035560381696655524,-0.36544872843030674,1.3920418165286994,-0.00015866389834858437,0.36566715020878499,-1.3914315796113803,-0.00035560381696655524,0.36544872843030674,-1.3920418165286994,0.00015866389834858437,-1.3267204090965414,2.208800254273827,0,-1.3267204090965414,2.208800254273827,0,-0.36566715020878499,1.3914315796113803,0.00035560381696655524,-0.36544872843030674,1.3920418165286994,-0.00015866389834858437,0,0,0,0,0,0,-0.36566715020878499,1.3914315796113803,0.00035560381696655524,-0.36544872843030674,1.3920418165286994,-0.00015866389834858437,0,0,0,0,0,0,0,0,0,0,0,0
control,0,136,680,685,1360000000,1360000000,0,-1,0.01,1,1,0,0,none,0,0,1,1,-0.089342055274323623,1.3257802382732878e-05,0.56569643859688845,0.99994432150504642,-1.0975800240780405e-05,-0.01055242954693021,-2.1191883223217138e-08,-0.001751844608915255,2.067669096658828e-06,-0.00027689526928592801,-3.6561467881511339e-06,-0.0030840636786422125,9.1263357818497452e-08,-1.2959624988536456,2.0931272472403681,-0.0012054720965804246,-1.2959807694619401,2.0930760351492879,0.00051125771619982784,-0.0025105942194962403,-0.0024619954667317429,8.4864202817576162e-05,-0.0025098860885532778,-0.0024589110176063723,6.8382008733953878e-05,-0.36532903158550606,1.3917690776016036,0.00035739841883324861,-0.36511084648238634,1.392378996020879,-0.00015679641529664604,0.36532903158550606,-1.3917690776016036,-0.00035739841883324861,0.36511084648238634,-1.392378996020879,0.00015679641529664604,-1.3267204090965414,2.208800254273827,0,-1.3267204090965414,2.208800254273827,0,-0.36532903158550606,1.3917690776016036,0.00035739841883324861,-0.36511084648238634,1.392378996020879,-0.00015679641529664604,0,0,0,0,0,0,-0.36532903158550606,1.3917690776016036,0.00035739841883324861,-0.36511084648238634,1.392378996020879,-0.00015679641529664604,0,0,0,0,0,0,0,0,0,0,0,0
control,0,137,685,690,1370000000,1370000000,0,-1,0.01,1,1,0,0,none,0,0,1,1,-0.089358731001901573,1.3276777764865569e-05,0.56569380245752066,0.99994416650124185,-1.0992601552947128e-05,-0.010567107423414919,-2.0554850897485002e-08,-0.0016092793658672186,1.7827724179684421e-06,-0.00025441679194798325,-3.161887176300871e-06,-0.0028331671382293712,1.3763228930128871e-07,-1.2959875461370653,2.0931026604598202,-0.0012049229394561808,-1.2960058091046465,2.0930514786950001,0.00051164082092199526,-0.0025041069442205519,-0.0024595633539234085,4.5033946608542427e-05,-0.0025033092466776891,-0.0024565500080375533,2.8323709609921895e-05,-0.36503819509738217,1.3920604707989666,0.00035922518450642714,-0.36482023603272301,1.3926701319579791,-0.00015490843175709466,0.36503819509738217,-1.3920604707989666,-0.00035922518450642714,0.36482023603272301,-1.3926701319579791,0.00015490843175709466,-1.3267204090965414,2.208800254273827,0,-1.3267204090965414,2.208800254273827,0,-0.36503819509738217,1.3920604707989666,0.00035922518450642714,-0.36482023603272301,1.3926701319579791,-0.00015490843175709466,0,0,0,0,0,0,-0.36503819509738217,1.3920604707989666,0.00035922518450642714,-0.36482023603272301,1.3926701319579791,-0.00015490843175709466,0,0,0,0,0,0,0,0,0,0,0,0
control,0,138,690,695,1380000000,1380000000,0,-1,0.01,1,1,0,0,none,0,0,1,1,-0.089373915863467754,1.3292864550438409e-05,0.56569140149790209,0.9999440251633811,-1.1006892137081557e-05,-0.010580473472511166,-1.9712919827000241e-08,-0.0014562667735180091,1.491872854190034e-06,-0.00023027332814540497,-2.6564318867483184e-06,-0.0025638693789836586,1.8015958355604803e-07,-1.2960123540453472,2.0930782708959361,-0.0012047455208228622,-1.2960306085796798,2.0930271185725355,0.00051165128015951788,-0.0024676688138611674,-0.0024275659492165201,7.2726036819589435e-06,-0.0024667962733080626,-0.002424657105871043,-9.4271450787882702e-06,-0.36479515739353896,1.392305149458515,0.00036106002606276069,-0.36457741179237774,1.3929146140743038,-0.00015302402679391594,0.36479515739353896,-1.392305149458515,-0.00036106002606276069,0.36457741179237774,-1.3929146140743038,0.00015302402679391594,-1.3267204090965414,2.208800254273827,0,-1.3267204090965414,2.208800254273827,0,-0.36479515739353896,1.392305149458515,0.00036106002606276069,-0.36457741179237774,1.3929146140743038,-0.00015302402679391594,0,0,0,0,0,0,-0.36479515739353896,1.392305149458515,0.00036106002606276069,-0.36457741179237774,1.3929146140743038,-0.00015302402679391594,0,0,0,0,0,0,0,0,0,0,0,0
control,0,139,695,700,1390000000,1390000000,0,-1,0.01,1,1,0,0,none,0,0,1,1,-0.089387520518837901,1.3306026975914515e-05,0.56568924997470604,0.99994389837755415,-1.1018637438438683e-05,-0.010592449012754848,-1.8685789426645534e-08,-0.0012953227717044857,1.1989889205123303e-06,-0.00020486285821276582,-2.1468084868709358e-06,-0.0022805992683130492,2.185377215865535e-07,-1.2960366369962475,2.0930543607898735,-0.0012049175687903187,-1.2960548824509399,2.0930032367083475,0.00051131365357038011,-0.0024036269837316906,-0.0023682571688293892,-2.81000525618239e-05,-0.0024026942709899535,-0.0023654828761422247,-4.4567490565798204e-05,-0.36459982472792973,1.3925031075606857,0.00036288027326518679,-0.36438227834073328,1.3931124350999666,-0.00015116572154282414,0.36459982472792973,-1.3925031075606857,-0.00036288027326518679,0.36438227834073328,-1.3931124350999666,0.00015116572154282414,-1.3267204090965414,2.208800254273827,0,-1.3267204090965414,2.208800254273827,0,-0.36459982472792973,1.3925031075606857,0.00036288027326518679,-0.36438227834073328,1.3931124350999666,-0.00015116572154282414,0,0,0,0,0,0,-0.36459982472792973,1.3925031075606857,0.00036288027326518679,-0.36438227834073328,1.3931124350999666,-0.00015116572154282414,0,0,0,0,0,0,0,0,0,0,0,0
control,0,140,700,705,1400000000,1400000000,0,-1,0.01,1,1,0,0,none,0,0,1,1,-0.089399480433727918,1.3316268254050337e-05,0.56568735821717009,0.99994378679652973,-1.1027837025305295e-05,-0.010602977195183718,-1.7494344340010064e-08,-0.0011288997489422603,9.0793187508276849e-07,-0.00017857387372836558,-1.6396897913837505e-06,-0.001987674044023338,2.52521360233783e-07,-1.2960601339327718,2.093031188760393,-0.0012054140512481461,-1.2960783698059353,2.0929800914407641,0.00051065508525366984,-0.0023145127177590314,-0.002284079167218045,-6.0812838621481083e-05,-0.0023135342869724613,-0.0022814659504540786,-7.6844383548693834e-05,-0.36445153288859761,1.3926549049120354,0.00036466485730551787,-0.36423417005681524,1.3932641529224352,-0.00014935430639866627,0.36445153288859761,-1.3926549049120354,-0.00036466485730551787,0.36423417005681524,-1.3932641529224352,0.00014935430639866627,-1.3267204090965414,2.208800254273827,0,-1.3267204090965414,2.208800254273827,0,-0.36445153288859761,1.3926549049120354,0.00036466485730551787,-0.36423417005681524,1.3932641529224352,-0.00014935430639866627,0,0,0,0,0,0,-0.36445153288859761,1.3926549049120354,0.00036466485730551787,-0.36423417005681524,1.3932641529224352,-0.00014935430639866627,0,0,0,0,0,0,0,0,0,0,0,0
control,0,141,705,710,1410000000,1410000000,0,-1,0.01,1,1,0,0,none,0,0,1,1,-0.089409755087616963,1.3323628280137266e-05,0.56568573274740175,0.99994369084503343,-1.1034522616809515e-05,-0.01061202230726294,-1.6160359315822186e-08,-0.00095936086556207647,6.2226958877133146e-07,-0.0001517812079450237,-1.1413301984588065e-06,-0.0016892540785186261,2.8192733091476089e-07,-1.2960826099166476,2.0930089881648728,-0.0012062076480983627,-1.2961008358477135,2.0929579158824203,0.00050970481802702105,-0.0022029991495991371,-0.0021776209804067071,-9.0643395132738357e-05,-0.002201989087334019,-0.0021751917252694083,-0.00010605492025485779,-0.36434909143432742,1.3927616247780603,0.00036639446418614571,-0.36413189535493395,1.3933708482847842,-0.0001476086993953634,0.36434909143432742,-1.3927616247780603,-0.00036639446418614571,0.36413189535493395,-1.3933708482847842,0.0001476086993953634,-1.3267204090965414,2.208800254273827,0,-1.3267204090965414,2.208800254273827,0,-0.36434909143432742,1.3927616247780603,0.00036639446418614571,-0.36413189535493395,1.3933708482847842,-0.0001476086993953634,0,0,0,0,0,0,-0.36434909143432742,1.3927616247780603,0.00036639446418614571,-0.36413189535493395,1.3933708482847842,-0.0001476086993953634,0,0,0,0,0,0,0,0,0,0,0,0
control,0,142,710,715,1420000000,1420000000,0,-1,0.01,1,1,0,0,none,0,0,1,1,-0.089418326940971404,1.3328181007764424e-05,0.56568437643987812,0.99994361072776039,-1.1038755819187507e-05,-0.010619568864837938,-1.4706207299705283e-08,-0.00078895708894882212,3.4529557326097941e-07,-0.00012484228815286115,-6.5751099165966991e-07,-0.0013893024146597222,3.0663393450558117e-07,-1.2961038573055246,2.0929879658687907,-0.0012072692216229721,-1.2961220730706542,2.0929369166906184,0.0005084937126936664,-0.0020718600370709926,-0.002051577980906888,-0.00011741782528345922,-0.0020708319252144632,-0.0020493518698433723,-0.00013204556479884798,-0.3642908314365958,1.3928248278317963,0.0003680516577510646,-0.36407378442282518,1.3934340788032675,-0.00014594583556815752,0.3642908314365958,-1.3928248278317963,-0.0003680516577510646,0.36407378442282518,-1.3934340788032675,0.00014594583556815752,-1.3267204090965414,2.208800254273827,0,-1.3267204090965414,2.208800254273827,0,-0.3642908314365958,1.3928248278317963,0.0003680516577510646,-0.36407378442282518,1.3934340788032675,-0.00014594583556815752,0,0,0,0,0,0,-0.3642908314365958,1.3928248278317963,0.0003680516577510646,-0.36407378442282518,1.3934340788032675,-0.00014594583556815752,0,0,0,0,0,0,0,0,0,0,0,0
control,0,143,715,720,1430000000,1430000000,0,-1,0.01,1,1,0,0,none,0,0,1,1,-0.089425200189627574,1.3330031546307739e-05,0.56568328871577567,0.99994354643986882,-1.104062561595029e-05,-0.010625620516573541,-1.3154573886173098e-08,-0.00061980704687629874,8.0003260216000861e-08,-9.8093832969635024e-05,-1.9349477917255858e-07,-0.0010915492617255256,3.2657956782891573e-07,-1.2961236965263119,2.0929683014130132,-0.0012085682794951928,-1.2961419020325406,2.0929172732349857,0.00050705377770982648,-0.0019239299367209016,-0.0019087125817400202,-0.00014100977690365398,-0.0019228967297590426,-0.0019067050807364523,-0.00015471093071694512,-0.36427465593767333,1.392846503202376,0.00036962097269374052,-0.36405773967337079,1.3934558300872004,-0.00014438058677710067,0.36427465593767333,-1.392846503202376,-0.00036962097269374052,0.36405773967337079,-1.3934558300872004,0.00014438058677710067,-1.3267204090965414,2.208800254273827,0,-1.3267204090965414,2.208800254273827,0,-0.36427465593767333,1.392846503202376,0.00036962097269374052,-0.36405773967337079,1.3934558300872004,-0.00014438058677710067,0,0,0,0,0,0,-0.36427465593767333,1.392846503202376,0.00036962097269374052,-0.36405773967337079,1.3934558300872004,-0.00014438058677710067,0,0,0,0,0,0,0,0,0,0,0,0
control,0,144,720,725,1440000000,1440000000,0,-1,0.01,1,1,0,0,none,0,0,1,1,-0.089430399334947522,1.3329313032844895e-05,0.5656824657675722,0.99994349777969016,-1.1040245657867713e-05,-0.010630198786062105,-1.1528181092151767e-08,-0.00045387976391348268,-1.7093444725395371e-07,-7.1849010590015419e-05,2.4601088368906362e-07,-0.00079946156752425817,3.4176072226986934e-07,-1.2961419764610913,2.0929501465641058,-0.0012100734253557188,-1.2961601717393538,2.0928991371476608,0.00050541771421947488,-0.0017620661835635661,-0.0017518165835655188,-0.00016133901225889681,-0.0017610401006266532,-0.0017500394764490901,-0.00017399206260529989,-0.36429809235005617,1.3928290173920022,0.00037108897821966049,-0.36408128813531127,1.3934384647286673,-0.00014292571113557744,0.36429809235005617,-1.3928290173920022,-0.00037108897821966049,0.36408128813531127,-1.3934384647286673,0.00014292571113557744,-1.3267204090965414,2.208800254273827,0,-1.3267204090965414,2.208800254273827,0,-0.36429809235005617,1.3928290173920022,0.00037108897821966049,-0.36408128813531127,1.3934384647286673,-0.00014292571113557744,0,0,0,0,0,0,-0.36429809235005617,1.3928290173920022,0.00037108897821966049,-0.36408128813531127,1.3934384647286673,-0.00014292571113557744,0,0,0,0,0,0,0,0,0,0,0,0
control,0,145,725,730,1450000000,1450000000,0,-1,0.01,1,1,0,0,none,0,0,1,1,-0.089433967598769079,1.3326183330998039e-05,0.56568190080926029,0.99994346436333315,-1.103775139855585e-05,-0.010633341677154209,-9.8495231953270837e-09,-0.00029298030682109585,-4.0518039743488635e-07,-4.6395066427411761e-05,6.5688076148418086e-07,-0.00051621771366308503,3.5222940009541182e-07,-1.2961585744655926,2.0929336252291733,-0.0012117527923210876,-1.2961767596627758,2.0928826322375604,0.00050361848094995266,-0.0015891130111499682,-0.001583675520295339,-0.00017836951247110648,-0.0015881054430353814,-0.0015821369871103698,-0.00018987426749209524,-0.36435834605466133,1.3927750618162877,0.00037244431331988158,-0.36414163504063463,1.3933846699158641,-0.00014159183091038102,0.36435834605466133,-1.3927750618162877,-0.00037244431331988158,0.36414163504063463,-1.3933846699158641,0.00014159183091038102,-1.3267204090965414,2.208800254273827,0,-1.3267204090965414,2.208800254273827,0,-0.36435834605466133,1.3927750618162877,0.00037244431331988158,-0.36414163504063463,1.3933846699158641,-0.00014159183091038102,0,0,0,0,0,0,-0.36435834605466133,1.3927750618162877,0.00037244431331988158,-0.36414163504063463,1.3933846699158641,-0.00014159183091038102,0,0,0,0,0,0,0,0,0,0,0,0
control,0,146,730,735,1460000000,1460000000,0,-1,0.01,1,1,0,0,none,0,0,1,1,-0.089435965212212809,1.332082160835905e-05,0.56568158434745375,0.99994344564087223,-1.1033297120754921e-05,-0.010635102168102371,-8.140617142391349e-09,-0.00013873832781253267,-6.2074329643207127e-07,-2.1991422429152059e-05,1.0355902771907345e-06,-0.00024468731552736676,3.5809000243727346e-07,-1.2961733960433401,2.0929188337134836,-0.001213574455271106,-1.296191571413515,2.0928678547470092,0.000501688882958552,-0.001407868106453799,-0.0014070353068608389,-0.00019210716741358658,-0.0014068895376580489,-0.001405740042583154,-0.00020238454888162028,-0.36445235447873475,1.3926875996844112,0.00037367769495201108,-0.36423571788982961,1.3932974043856881,-0.00014038743744348458,0.36445235447873475,-1.3926875996844112,-0.00037367769495201108,0.36423571788982961,-1.3932974043856881,0.00014038743744348458,-1.3267204090965414,2.208800254273827,0,-1.3267204090965414,2.208800254273827,0,-0.36445235447873475,1.3926875996844112,0.00037367769495201108,-0.36423571788982961,1.3932974043856881,-0.00014038743744348458,0,0,0,0,0,0,-0.36445235447873475,1.3926875996844112,0.00037367769495201108,-0.36423571788982961,1.3932974043856881,-0.00014038743744348458,0,0,0,0,0,0,0,0,0,0,0,0
control,0,147,735,740,1470000000,1470000000,0,-1,0.01,1,1,0,0,none,0,0,1,1,-0.089436467607084527,1.3313424842703261e-05,0.56568150446869414,0.9999434409137854,-1.102705289715662e-05,-0.010635546619831363,-6.4227697712714814e-09,7.4005397699078959e-06,-8.1598286617713979e-07,1.1317568895958988e-06,1.3792252084877449e-06,1.2583952246755333e-05,3.5949574126518682e-07,-1.2961863742012028,2.0929058412963366,-0.0012155068182585346,-1.2962045400961832,2.0928548739262309,0.00049966118770335155,-0.0012210518400283393,-0.0012245714545269589,-0.00020259710242137829,-0.0012201117856666501,-0.0012235208240918797,-0.00021158869683933373,-0.36457684098402166,1.3925698129116748,0.00037478190059862928,-0.36436026032579827,1.3931798454072903,-0.00013931892146903875,0.36457684098402166,-1.3925698129116748,-0.00037478190059862928,0.36436026032579827,-1.3931798454072903,0.00013931892146903875,-1.3267204090965414,2.208800254273827,0,-1.3267204090965414,2.208800254273827,0,-0.36457684098402166,1.3925698129116748,0.00037478190059862928,-0.36436026032579827,1.3931798454072903,-0.00013931892146903875,0,0,0,0,0,0,-0.36457684098402166,1.3925698129116748,0.00037478190059862928,-0.36436026032579827,1.3931798454072903,-0.00013931892146903875,0,0,0,0,0,0,0,0,0,0,0,0
control,0,148,740,745,1480000000,1480000000,0,-1,0.01,1,1,0,0,none,0,0,1,1,-0.089435563537968152,1.3304204305219113e-05,0.56568164713834845,0.99994344935330592,-1.1019201527953458e-05,-0.010634753123082808,-4.7163638174970314e-09,0.00014418050995691284,-9.8961026972741824e-07,2.2774542184597792e-05,1.685483108241857e-06,0.00025338463943866478,3.566446374525816e-07,-1.2961974685142348,2.0928946910982678,-0.0012175189739101538,-1.296215625373609,2.0928437328988423,0.00049756677136939854,-0.0010312793692674239,-0.0010388610655162149,-0.00020992069905788582,-0.0010303863266146621,-0.001038053290949439,-0.00021758809269121674,-0.36472836793377861,1.392425049704985,0.00037575172712594042,-0.36451182518526698,1.3930353364362404,-0.00013839062677625872,0.36472836793377861,-1.392425049704985,-0.00037575172712594042,0.36451182518526698,-1.3930353364362404,0.00013839062677625872,-1.3267204090965414,2.208800254273827,0,-1.3267204090965414,2.208800254273827,0,-0.36472836793377861,1.392425049704985,0.00037575172712594042,-0.36451182518526698,1.3930353364362404,-0.00013839062677625872,0,0,0,0,0,0,-0.36472836793377861,1.392425049704985,0.00037575172712594042,-0.36451182518526698,1.3930353364362404,-0.00013839062677625872,0,0,0,0,0,0,0,0,0,0,0,0
control,0,149,745,750,1490000000,1490000000,0,-1,0.01,1,1,0,0,none,0,0,1,1,-0.089433353162163123,1.3293382066472911e-05,0.56568199650662621,0.99994347001936057,-1.100993549509513e-05,-0.010632809808357995,-3.0406643824407902e-09,0.00027053880304663967,-1.1406840834458116e-06,4.276777717624482e-05,1.952666942866093e-06,0.00047584309838278932,3.4977516765755521e-07,-1.2962066639294019,2.0928854012108529,-0.0012195810322189575,-1.2962248122701792,2.0928344497896463,0.00049543579783790242,-0.00084103576771327507,-0.00085235777677446255,-0.00021419235764180385,-0.00084019718201913142,-0.00085178815202598688,-0.00022051627730129261,-0.3649033883541048,1.3922567734208511,0.0003765839275477774,-0.36468686614331852,1.3928673360382073,-0.0001376049254863061,0.3649033883541048,-1.3922567734208511,-0.0003765839275477774,0.36468686614331852,-1.3928673360382073,0.0001376049254863061,-1.3267204090965414,2.208800254273827,0,-1.3267204090965414,2.208800254273827,0,-0.3649033883541048,1.3922567734208511,0.0003765839275477774,-0.36468686614331852,1.3928673360382073,-0.0001376049254863061,0,0,0,0,0,0,-0.3649033883541048,1.3922567734208511,0.0003765839275477774,-0.36468686614331852,1.3928673360382073,-0.0001376049254863061,0,0,0,0,0,0,0,0,0,0,0,0
control,0,150,750,755,1500000000,1500000000,0,-1,0.01,1,1,0,0,none,0,0,1,1,-0.089429946103373723,1.3281187567813935e-05,0.5656825352174456,0.99994350187977532,-1.0999453970667621e-05,-0.010629813141488162,-1.4136472318188658e-09,0.00038560626935700104,-1.2686021167804967e-06,6.0973198273206386e-05,2.1796714481167167e-06,0.00067842859535400309,3.3916162321437566e-07,-1.2962139693390839,2.0928779660588814,-0.0012216644164955404,-1.2962321097450977,2.0928270190845422,0.00049329693230728362,-0.00065265428966561529,-0.00066736978051588815,-0.00021555604358117759,-0.00065187653371896314,-0.00066703090960081989,-0.00022053532583841509,-0.36509829565499136,1.3920685132501205,0.00037727712712772097,-0.36488177741674599,1.392679368635819,-0.00013696231340026431,0.36509829565499136,-1.3920685132501205,-0.00037727712712772097,0.36488177741674599,-1.392679368635819,0.00013696231340026431,-1.3267204090965414,2.208800254273827,0,-1.3267204090965414,2.208800254273827,0,-0.36509829565499136,1.3920685132501205,0.00037727712712772097,-0.36488177741674599,1.392679368635819,-0.00013696231340026431,0,0,0,0,0,0,-0.36509829565499136,1.3920685132501205,0.00037727712712772097,-0.36488177741674599,1.392679368635819,-0.00013696231340026431,0,0,0,0,0,0,0,0,0,0,0,0
control,0,151,755,760,1510000000,1510000000,0,-1,0.01,1,1,0,0,none,0,0,1,1,-0.089425459523631706,1.3267854297854152e-05,0.56568324471610754,0.99994354382945172,-1.0987959914111648e-05,-0.010625866226393775,1.4814990190748792e-10,0.00048870562698708744,-1.3730894054334518e-06,7.7283160800451932e-05,2.3659627826167812e-06,0.00085994821741341803,3.2510921185130514e-07,-1.2962194159559899,2.092872357963703,-0.0012237421249695485,-1.2962375490671882,2.0928214131914054,0.00049117709084574746,-0.00046829782442418452,-0.00048604100206765962,-0.00021418170420557583,-0.00046758619173247021,-0.00048592305552684845,-0.00021783211630411055,-0.36530947094998228,1.3918638172245896,0.00037783172270114331,-0.36509294106463952,1.3924749775723497,-0.00013646152143851871,0.36530947094998228,-1.3918638172245896,-0.00037783172270114331,0.36509294106463952,-1.3924749775723497,0.00013646152143851871,-1.3267204090965414,2.208800254273827,0,-1.3267204090965414,2.208800254273827,0,-0.36530947094998228,1.3918638172245896,0.00037783172270114331,-0.36509294106463952,1.3924749775723497,-0.00013646152143851871,0,0,0,0,0,0,-0.36530947094998228,1.3918638172245896,0.00037783172270114331,-0.36509294106463952,1.3924749775723497,-0.00013646152143851871,0,0,0,0,0,0,0,0,0,0,0,0
control,0,152,760,765,1520000000,1520000000,0,-1,0.01,1,1,0,0,none,0,0,1,1,-0.089420016226284094,1.3253616609952288e-05,0.56568410555201964,0.999943594709233,-1.0975657289987899e-05,-0.010621077135154335,1.6297524738463954e-09,0.00057934748817553452,-1.4541827774843801e-06,9.1620001178040677e-05,2.5115521305003233e-06,0.001019539881557857,3.0794911949413952e-07,-1.2962230555215604,2.0928685288761719,-0.0012257889571137633,-1.2962411820233097,2.0928175841704033,0.000489101226565057,-0.00028994357391996762,-0.00031033543093501897,-0.00021026161212014287,-0.0002893022831850684,-0.00031042641699739916,-0.00021261454838279593,-0.36553332753889284,1.3916462079182632,0.0003782497677401361,-0.36531677145400276,1.3922576808665801,-0.00013609964055037732,0.36553332753889284,-1.3916462079182632,-0.0003782497677401361,0.36531677145400276,-1.3922576808665801,0.00013609964055037732,-1.3267204090965414,2.208800254273827,0,-1.3267204090965414,2.208800254273827,0,-0.36553332753889284,1.3916462079182632,0.0003782497677401361,-0.36531677145400276,1.3922576808665801,-0.00013609964055037732,0,0,0,0,0,0,-0.36553332753889284,1.3916462079182632,0.0003782497677401361,-0.36531677145400276,1.3922576808665801,-0.00013609964055037732,0,0,0,0,0,0,0,0,0,0,0,0
control,0,153,765,770,1530000000,1530000000,0,-1,0.01,1,1,0,0,none,0,0,1,1,-0.089413742811040919,1.3238706712523413e-05,0.56568509767301733,0.99994365332421065,-1.0962748434060686e-05,-0.010615557283885836,3.0178504059641823e-09,0.00065722436313349298,-1.5122123870823372e-06,0.00010393506718496938,2.6169640216462234e-06,0.0011566617796488607,2.8803339534779819e-07,-1.2962249583798386,2.0928664122476563,-0.0012277817042317604,-1.2962430789923471,2.0928154656022371,0.00048709215266223155,-0.00011937091512069983,-0.00014202462707425635,-0.00020400665047957001,-0.00011880312598897042,-0.00014231067504012518,-0.00020510772410268984,-0.36576635222775239,1.391419141254659,0.00037853484379350662,-0.36554975656134803,1.3920309300716389,-0.00013587225959353497,0.36576635222775239,-1.391419141254659,-0.00037853484379350662,0.36554975656134803,-1.3920309300716389,0.00013587225959353497,-1.3267204090965414,2.208800254273827,0,-1.3267204090965414,2.208800254273827,0,-0.36576635222775239,1.391419141254659,0.00037853484379350662,-0.36554975656134803,1.3920309300716389,-0.00013587225959353497,0,0,0,0,0,0,-0.36576635222775239,1.391419141254659,0.00037853484379350662,-0.36554975656134803,1.3920309300716389,-0.00013587225959353497,0,0,0,0,0,0,0,0,0,0,0,0
control,0,154,770,775,1540000000,1540000000,0,-1,0.01,1,1,0,0,none,0,0,1,1,-0.089406767900114828,1.3223351860234134e-05,0.56568620070816711,0.99994371846124741,-1.0949431592439442e-05,-0.010609419871192982,4.3008749723800826e-09,0.00072220284232893644,-1.5477806076201057e-06,0.00011420745066255484,2.6831999852044287e-06,0.0012710786138790846,2.6572980776813572e-07,-1.2962252114483961,2.0928659250074508,-0.0012296993038727032,-1.2962433269163773,2.092814974562712,0.00048517040251650948,4.184759324319168e-05,1.7321621769919282e-05,-0.00019564256748689685,4.233975200427198e-05,1.6855973835884647e-05,-0.00019555012608643373,-0.3660051431676089,1.3911859687638588,0.00037869191953615578,-0.36578849578997552,1.3917980725726256,-0.00013577361445063114,0.3660051431676089,-1.3911859687638588,-0.00037869191953615578,0.36578849578997552,-1.3917980725726256,0.00013577361445063114,-1.3267204090965414,2.208800254273827,0,-1.3267204090965414,2.208800254273827,0,-0.3660051431676089,1.3911859687638588,0.00037869191953615578,-0.36578849578997552,1.3917980725726256,-0.00013577361445063114,0,0,0,0,0,0,-0.3660051431676089,1.3911859687638588,0.00037869191953615578,-0.36578849578997552,1.3917980725726256,-0.00013577361445063114,0,0,0,0,0,0,0,0,0,0,0,0
control,0,155,775,780,1550000000,1550000000,0,-1,0.01,1,1,0,0,none,0,0,1,1,-0.089399220452414302,1.3207771770035829e-05,0.56568739423629211,0.99994378890552171,-1.0935898654883263e-05,-0.01060277839413749,5.4690514988645663e-09,0.00077431416749561678,-1.5617386909133162e-06,0.00012244245848111766,2.7116982594405545e-06,0.0013628449934919155,2.4141672814915217e-07,-1.2962239161172568,2.0928669696157711,-0.001231522958482128,-1.2962420271999391,2.0928160136728553,0.00048335412620113566,0.00019235214193475913,0.00016634160223975386,-0.00018540631118060442,0.00019276753486546213,0.0001657131173676667,-0.00018418989544339036,-0.36624644396431716,1.3909499034933106,0.00037872720310366858,-0.36602973406152634,1.3915623175356087,-0.00013579674308817119,0.36624644396431716,-1.3909499034933106,-0.00037872720310366858,0.36602973406152634,-1.3915623175356087,0.00013579674308817119,-1.3267204090965414,2.208800254273827,0,-1.3267204090965414,2.208800254273827,0,-0.36624644396431716,1.3909499034933106,0.00037872720310366858,-0.36602973406152634,1.3915623175356087,-0.00013579674308817119,0,0,0,0,0,0,-0.36624644396431716,1.3909499034933106,0.00037872720310366858,-0.36602973406152634,1.3915623175356087,-0.00013579674308817119,0,0,0,0,0,0,0,0,0,0,0,0
control,0,156,780,785,1560000000,1560000000,0,-1,0.01,1,1,0,0,none,0,0,1,1,-0.089391228180612389,1.3192176281737381e-05,0.56568865803782098,0.99994386345594333,-1.0922333099737014e-05,-0.01059574525477565,6.5144283618624984e-09,0.00081374340778664377,-1.5551616324263569e-06,0.00012866985887359373,2.7042903152208259e-06,0.0014322863743957775,2.1547813963135837e-07,-1.2962211861056838,2.0928694361625846,-0.0012332362191548566,-1.2962392935672509,2.0928184731948662,0.00048165902233414365,0.00033099866612708415,0.00030388504498469397,-0.0001735424510965593,0.00033133710476681742,0.0003031114986573808,-0.0001712812187258815,-0.36648717388948193,1.3907139897674317,0.00037864798830128491,-0.36627039200863692,1.3913267056995426,-0.00013593364576394902,0.36648717388948193,-1.3907139897674317,-0.00037864798830128491,0.36627039200863692,-1.3913267056995426,0.00013593364576394902,-1.3267204090965414,2.208800254273827,0,-1.3267204090965414,2.208800254273827,0,-0.36648717388948193,1.3907139897674317,0.00037864798830128491,-0.36627039200863692,1.3913267056995426,-0.00013593364576394902,0,0,0,0,0,0,-0.36648717388948193,1.3907139897674317,0.00037864798830128491,-0.36627039200863692,1.3913267056995426,-0.00013593364576394902,0,0,0,0,0,0,0,0,0,0,0,0
control,0,157,785,790,1570000000,1570000000,0,-1,0.01,1,1,0,0,none,0,0,1,1,-0.089382916083722411,1.317676327854023e-05,0.5656899723279385,0.99994394093929673,-1.0908908164203749e-05,-0.010588430468390553,7.4308830663400907e-09,0.00084081746063461671,-1.5293216614462839e-06,0.00013294194020086793,2.6631549309022082e-06,0.0014799779288816968,1.882988108473016e-07,-1.2962171453053128,2.0928732044838192,-0.0012348250356281453,-1.2962352499058591,2.0928222331454793,0.00048009830391647612,0.00045685904969735989,0.00042901370658430756,-0.00016029973107380032,0.00045712123840137102,0.00042811360320679906,-0.00015708086679710423,-0.36672445406928905,1.3904810769202169,0.00037846249724213363,-0.36650759214578948,1.3910940831353615,-0.00013617544783508763,0.36672445406928905,-1.3904810769202169,-0.00037846249724213363,0.36650759214578948,-1.3910940831353615,0.00013617544783508763,-1.3267204090965414,2.208800254273827,0,-1.3267204090965414,2.208800254273827,0,-0.36672445406928905,1.3904810769202169,0.00037846249724213363,-0.36650759214578948,1.3910940831353615,-0.00013617544783508763,0,0,0,0,0,0,-0.36672445406928905,1.3904810769202169,0.00037846249724213363,-0.36650759214578948,1.3910940831353615,-0.00013617544783508763,0,0,0,0,0,0,0,0,0,0,0,0
control,0,158,790,795,1580000000,1580000000,0,-1,0.01,1,1,0,0,none,0,0,1,1,-0.089374405105616395,1.3161716878800191e-05,0.56569131796938565,0.9999440202230252,-1.0895785250017816e-05,-0.010580940482605737,8.2141063799479119e-09,0.000855992097100273,-1.4856607692681547e-06,0.00013533141932342251,2.5907705388835772e-06,0.0015067217329202038,1.6025968053905657e-07,-1.2962119256365177,2.0928781462680721,-0.0012362777740142371,-1.2962300281235879,2.0928271653998949,0.00047868269645711412,0.00056921871120791333,0.00054099933132925983,-0.00014592778631196301,0.00056940618614092933,0.00053999162898091594,-0.00014184491759795424,-0.36695562958709715,1.3902537970720645,0.00037817972151986927,-0.36673868095465378,1.3908670790437139,-0.00013651256305723653,0.36695562958709715,-1.3902537970720645,-0.00037817972151986927,0.36673868095465378,-1.3908670790437139,0.00013651256305723653,-1.3267204090965414,2.208800254273827,0,-1.3267204090965414,2.208800254273827,0,-0.36695562958709715,1.3902537970720645,0.00037817972151986927,-0.36673868095465378,1.3908670790437139,-0.00013651256305723653,0,0,0,0,0,0,-0.36695562958709715,1.3902537970720645,0.00037817972151986927,-0.36673868095465378,1.3908670790437139,-0.00013651256305723653,0,0,0,0,0,0,0,0,0,0,0,0
control,0,159,795,800,1590000000,1590000000,0,-1,0.01,1,1,0,0,none,0,0,1,1,-0.089365810927733852,1.314720590620919e-05,0.565692676663621,0.99994410022658275,-1.0883112571036034e-05,-0.010573377114639909,8.8615657189526855e-09,0.000859838269095291,-1.4257626779225042e-06,0.00013592923595186034,2.4898665448945657e-06,0.0015135226542885433,1.3173350071313339e-07,-1.296205664943046,2.0928841271287588,-0.00123758520407347,-1.2962237660438203,2.092833135761246,0.00047742046639521601,0.00066757176312654204,0.0006393191840630832,-0.00013067405538722806,0.00066768682549943163,0.0006382230304061104,-0.0001258256922131898,-0.36717828748663489,1.3900345469647233,0.00037780926399140236,-0.36696124687090298,1.3906480876053631,-0.0001369348553079053,0.36717828748663489,-1.3900345469647233,-0.00037780926399140236,0.36696124687090298,-1.3906480876053631,0.0001369348553079053,-1.3267204090965414,2.208800254273827,0,-1.3267204090965414,2.208800254273827,0,-0.36717828748663489,1.3900345469647233,0.00037780926399140236,-0.36696124687090298,1.3906480876053631,-0.0001369348553079053,0,0,0,0,0,0,-0.36717828748663489,1.3900345469647233,0.00037780926399140236,-0.36696124687090298,1.3906480876053631,-0.0001369348553079053,0,0,0,0,0,0,0,0,0,0,0,0
control,0,160,800,805,1600000000,1600000000,0,-1,0.01,1,1,0,0,none,0,0,1,1,-0.089357242902082135,1.3133382641656185e-05,0.56569403111941985,0.99994417993131457,-1.0871024045829933e-05,-0.010565836612070501,9.3724491768406059e-09,0.00085302789099171955,-1.3513246361813477e-06,0.00013484226816492715,2.3633742953029186e-06,0.0015015633160300706,1.0308077827839113e-07,-1.2961985049479592,2.0928910086186492,-0.0012387404580949208,-1.2962166053621327,2.0928400059725796,0.0004763174775769041,0.00075161395326155405,0.00072364936318070419,-0.00011478091317984063,0.00075165959785696078,0.00072248384511579527,-0.00010926892881254032,-0.36739027071287927,1.3898254738173625,0.0003773611830874683,-0.36717313420969044,1.3904392538472952,-0.00013743179683244422,0.36739027071287927,-1.3898254738173625,-0.0003773611830874683,0.36717313420969044,-1.3904392538472952,0.00013743179683244422,-1.3267204090965414,2.208800254273827,0,-1.3267204090965414,2.208800254273827,0,-0.36739027071287927,1.3898254738173625,0.0003773611830874683,-0.36717313420969044,1.3904392538472952,-0.00013743179683244422,0,0,0,0,0,0,-0.36739027071287927,1.3898254738173625,0.0003773611830874683,-0.36717313420969044,1.3904392538472952,-0.00013743179683244422,0,0,0,0,0,0,0,0,0,0,0,0
control,0,161,805,810,1610000000,1610000000,0,-1,0.01,1,1,0,0,none,0,0,1,1,-0.089348803128544499,1.3120381856278016e-05,0.56569536519832375,0.9999442583888476,-1.0859638435085627e-05,-0.010558408840637509,9.7475917534843118e-09,0.00083631930098535944,-1.2641294090528542e-06,0.00013219100283191253,2.2143783320329772e-06,0.0014721784971303601,7.4646052548961466e-08,-1.2961905892917283,2.0928986501659081,-0.0012397389636728711,-1.2962086896851255,2.0928476356504908,0.00047537727333758875,0.00082123361195440749,0.00079385611636876229,-9.8483046266393805e-05,0.00082121345200822577,0.00079264002567480739,-9.2411214499183125e-05,-0.3675896880756897,1.3896284651204729,0.00037684584141518102,-0.36737245311500372,1.3902424634415218,-0.00013799262127631745,0.3675896880756897,-1.3896284651204729,-0.00037684584141518102,0.36737245311500372,-1.3902424634415218,0.00013799262127631745,-1.3267204090965414,2.208800254273827,0,-1.3267204090965414,2.208800254273827,0,-0.3675896880756897,1.3896284651204729,0.00037684584141518102,-0.36737245311500372,1.3902424634415218,-0.00013799262127631745,0,0,0,0,0,0,-0.3675896880756897,1.3896284651204729,0.00037684584141518102,-0.36737245311500372,1.3902424634415218,-0.00013799262127631745,0,0,0,0,0,0,0,0,0,0,0,0
control,0,162,810,815,1620000000,1620000000,0,-1,0.01,1,1,0,0,none,0,0,1,1,-0.089340585678513301,1.3108320121686924e-05,0.56569666403668306,0.9999443347280067,-1.0849058720539069e-05,-0.010551176600856589,9.9893855061787709e-09,0.00081054259842621866,-1.1660178037208107e-06,0.00012810719279136574,2.046068534179625e-06,0.0014268293160344724,4.6754540087029072e-08,-1.2961820616710524,2.0929069109130549,-0.0012405783528469366,-1.296200162670005,2.0928558841218425,0.00047460118157685864,0.00087650083843534535,0.00084998539265475131,-8.2005088080853983e-05,0.00087641902788917505,0.00084873700954377984,-7.547769076703981e-05,-0.367774920363521,1.3894451422402827,0.00037627376025812365,-0.36755758566027047,1.3900593363094977,-0.00013860646993470562,0.367774920363521,-1.3894451422402827,-0.00037627376025812365,0.36755758566027047,-1.3900593363094977,0.00013860646993470562,-1.3267204090965414,2.208800254273827,0,-1.3267204090965414,2.208800254273827,0,-0.367774920363521,1.3894451422402827,0.00037627376025812365,-0.36755758566027047,1.3900593363094977,-0.00013860646993470562,0,0,0,0,0,0,-0.367774920363521,1.3894451422402827,0.00037627376025812365,-0.36755758566027047,1.3900593363094977,-0.00013860646993470562,0,0,0,0,0,0,0,0,0,0,0,0
control,0,163,815,820,1630000000,1630000000,0,-1,0.01,1,1,0,0,none,0,0,1,1,-0.089332675964963096,1.3097295390088493e-05,0.56569791414434134,0.99994440816026942,-1.08393717193099e-05,-0.010544215073539098,1.0101675447951046e-08,0.00077658504238171911,-1.0588620482263779e-06,0.00012273153037975685,1.8616937002604193e-06,0.0013670775232609044,1.9709168930397343e-08,-1.2961730640945894,2.0929156514426159,-0.0012412583502135408,-1.2961911662810974,2.092864612147368,0.00047398844008936057,0.00091765516639395598,0.00089225087207789983,-6.5559527044605753e-05,0.00091751632054865148,0.0008909877682453136,-5.8680044125010456e-05,-0.36794462277301493,1.3892768576664156,0.00037565548141629249,-0.36772718826615103,1.3898912238651402,-0.00013926252982055765,0.36794462277301493,-1.3892768576664156,-0.00037565548141629249,0.36772718826615103,-1.3898912238651402,0.00013926252982055765,-1.3267204090965414,2.208800254273827,0,-1.3267204090965414,2.208800254273827,0,-0.36794462277301493,1.3892768576664156,0.00037565548141629249,-0.36772718826615103,1.3898912238651402,-0.00013926252982055765,0,0,0,0,0,0,-0.36794462277301493,1.3892768576664156,0.00037565548141629249,-0.36772718826615103,1.3898912238651402,-0.00013926252982055765,0,0,0,0,0,0,0,0,0,0,0,0
control,0,164,820,825,1640000000,1640000000,0,-1,0.01,1,1,0,0,none,0,0,1,1,-0.089325150257305669,1.3087386834011768e-05,0.56569910348028929,0.99994447798382091,-1.0830647924872388e-05,-0.010537591392750461,1.0089643114389268e-08,0.00073537668421304585,-9.4454031037294567e-07,0.0001162113648259396,1.6645170749482441e-06,0.0012945602073150839,-6.2119765760979731e-09,-1.2961637352693676,2.0929247353756861,-0.0012417806427062496,-1.2961818391770523,2.0928736835183814,0.00047353633934206453,0.00094509195403460512,0.00092102071507169255,-4.9344895096881483e-05,0.00094490106956957064,0.00091975957749838811,-4.2214787614535575e-05,-0.36809772385713829,1.3891246957050827,0.00037500143756671894,-0.36788019063822369,1.389739209699099,-0.00013995016242189257,0.36809772385713829,-1.3891246957050827,-0.00037500143756671894,0.36788019063822369,-1.389739209699099,0.00013995016242189257,-1.3267204090965414,2.208800254273827,0,-1.3267204090965414,2.208800254273827,0,-0.36809772385713829,1.3891246957050827,0.00037500143756671894,-0.36788019063822369,1.389739209699099,-0.00013995016242189257,0,0,0,0,0,0,-0.36809772385713829,1.3891246957050827,0.00037500143756671894,-0.36788019063822369,1.389739209699099,-0.00013995016242189257,0,0,0,0,0,0,0,0,0,0,0,0
control,0,165,825,830,1650000000,1650000000,0,-1,0.01,1,1,0,0,none,0,0,1,1,-0.08931807533771681,1.307865493268449e-05,0.56570022150588117,0.99994454358625906,-1.0822941563549487e-05,-0.010531364343289218,9.9596797918124968e-09,0.00068787639316672284,-8.249126131995933e-07,0.00010869848833835239,1.4577742689220037e-06,0.0012109651937336769,-3.0757788868795422e-08,-1.2961542091291973,2.0929340308320223,-0.0012421487338008825,-1.2961723152400464,2.0928829665152331,0.00047324037984722408,0.00095934774251423655,0.00093680327627773251,-3.3544242523251789e-05,0.00095911011781403674,0.00093555975270096967,-2.6261837355595278e-05,-0.36823342122190067,1.388989476387239,0.00037432183226642732,-0.36801579145466151,1.3896041134740753,-0.00014065902208638747,0.36823342122190067,-1.388989476387239,-0.00037432183226642732,0.36801579145466151,-1.3896041134740753,0.00014065902208638747,-1.3267204090965414,2.208800254273827,0,-1.3267204090965414,2.208800254273827,0,-0.36823342122190067,1.388989476387239,0.00037432183226642732,-0.36801579145466151,1.3896041134740753,-0.00014065902208638747,0,0,0,0,0,0,-0.36823342122190067,1.388989476387239,0.00037432183226642732,-0.36801579145466151,1.3896041134740753,-0.00014065902208638747,0,0,0,0,0,0,0,0,0,0,0,0
control,0,166,830,835,1660000000,1660000000,0,-1,0.01,1,1,0,0,none,0,0,1,1,-0.089311508294125028,1.3071141789715086e-05,0.56570125921643533,0.99994460444602096,-1.0816290853332988e-05,-0.010525584178447457,9.719251428821502e-09,0.00063505841916481481,-7.0179837103366005e-07,0.00010034701303891903,1.2446339656475969e-06,0.0011180073909526139,-5.3705840182695253e-08,-1.296144613513978,2.0929434117427439,-0.0012423677849206457,-1.2961627222558734,2.0928923352185875,0.00047309444127836175,0.00096108482456325911,0.00094023202419235682,-1.8323899035157739e-05,0.00096080598122214359,0.00093902059085782441,-1.0983382366067509e-05,-0.36835117422760572,1.3888717623367084,0.00037362653042795157,-0.36813345105984996,1.3894864977765866,-0.00014137916326520514,0.36835117422760572,-1.3888717623367084,-0.00037362653042795157,0.36813345105984996,-1.3894864977765866,0.00014137916326520514,-1.3267204090965414,2.208800254273827,0,-1.3267204090965414,2.208800254273827,0,-0.36835117422760572,1.3888717623367084,0.00037362653042795157,-0.36813345105984996,1.3894864977765866,-0.00014137916326520514,0,0,0,0,0,0,-0.36835117422760572,1.3888717623367084,0.00037362653042795157,-0.36813345105984996,1.3894864977765866,-0.00014137916326520514,0,0,0,0,0,0,0,0,0,0,0,0
control,0,167,835,840,1670000000,1670000000,0,-1,0.01,1,1,0,0,none,0,0,1,1,-0.089305496443704419,1.3064871664702426e-05,0.56570220915224745,0.99994466013261663,-1.0810718450037218e-05,-0.010520292552627288,9.3767572597260671e-09,0.00057789962132929421,-5.7695573680158941e-07,9.131135837730508e-05,1.0281617509580806e-06,0.0010174063090897468,-7.4863657141180792e-08,-1.2961350690064104,2.0929527590090626,-0.0012424444467943694,-1.2961531807514226,2.0929016706669592,0.00047309096051573348,0.00095107526097082558,0.00093204990075500022,-3.8325180299538525e-06,0.00095076086730756359,0.00093088375274257983,3.4769571046709684e-06,-0.3684506939730286,1.3887718683260397,0.00037292495993980853,-0.36823288144238725,1.3893866776532995,-0.00014210113600995357,0.3684506939730286,-1.3887718683260397,-0.00037292495993980853,0.36823288144238725,-1.3893866776532995,0.00014210113600995357,-1.3267204090965414,2.208800254273827,0,-1.3267204090965414,2.208800254273827,0,-0.3684506939730286,1.3887718683260397,0.00037292495993980853,-0.36823288144238725,1.3893866776532995,-0.00014210113600995357,0,0,0,0,0,0,-0.3684506939730286,1.3887718683260397,0.00037292495993980853,-0.36823288144238725,1.3893866776532995,-0.00014210113600995357,0,0,0,0,0,0,0,0,0,0,0,0
control,0,168,840,845,1680000000,1680000000,0,-1,0.01,1,1,0,0,none,0,0,1,1,-0.089300077379523418,1.3059851699692809e-05,0.56570306539022408,0.99994471030575716,-1.0806232064294814e-05,-0.010515522562342471,8.9413841535669249e-09,0.00051736747459741694,-4.5206291710921249e-07,8.1744365857294637e-05,8.1128734140670213e-07,0.00091086494920752004,-9.4069569617703031e-08,-1.2961256879302927,2.0929619615027795,-0.0012423866834690681,-1.2961438029937149,2.0929108618562369,0.00047322111587672262,0.00093018457345393963,0.00091309334802133356,9.7996022100893674e-06,0.00092984037079634992,0.00091198431214135477,1.6994690707700846e-05,-0.36853193085516567,1.3886898732305382,0.00037222602493021596,-0.3683140337901129,1.3893047325428693,-0.00014281606929840182,0.36853193085516567,-1.3886898732305382,-0.00037222602493021596,0.3683140337901129,-1.3893047325428693,0.00014281606929840182,-1.3267204090965414,2.208800254273827,0,-1.3267204090965414,2.208800254273827,0,-0.36853193085516567,1.3886898732305382,0.00037222602493021596,-0.3683140337901129,1.3893047325428693,-0.00014281606929840182,0,0,0,0,0,0,-0.36853193085516567,1.3886898732305382,0.00037222602493021596,-0.3683140337901129,1.3893047325428693,-0.00014281606929840182,0,0,0,0,0,0,0,0,0,0,0,0
control,0,169,845,850,1690000000,1690000000,0,-1,0.01,1,1,0,0,none,0,0,1,1,-0.089295279131977476,1.3056072820038297e-05,0.56570382351749948,0.99994475471346955,-1.0802825231694541e-05,-0.010511298888233519,8.4229586524286681e-09,0.00045440895025879109,-3.2870157817838988e-07,7.1795555229531337e-05,5.9677542975310024e-07,0.00080005023152533283,-1.1119314508487075e-07,-1.2961165735123628,2.0929709169064825,-0.0012422035915951738,-1.2961346921524546,2.0929198065791308,0.00047347501488603755,0.00089935533265599412,0.00088427621792906154,2.2460929933036353e-05,0.00089898706506481309,0.00088323468792299536,2.9464749737089036e-05,-0.36859506000912806,1.38862563408124,0.00037153803098190029,-0.36837708392663943,1.3892405203044698,-0.00014351574195266571,0.36859506000912806,-1.38862563408124,-0.00037153803098190029,0.36837708392663943,-1.3892405203044698,0.00014351574195266571,-1.3267204090965414,2.208800254273827,0,-1.3267204090965414,2.208800254273827,0,-0.36859506000912806,1.38862563408124,0.00037153803098190029,-0.36837708392663943,1.3892405203044698,-0.00014351574195266571,0,0,0,0,0,0,-0.36859506000912806,1.38862563408124,0.00037153803098190029,-0.36837708392663943,1.3892405203044698,-0.00014351574195266571,0,0,0,0,0,0,0,0,0,0,0,0
control,0,170,850,855,1700000000,1700000000,0,-1,0.01,1,1,0,0,none,0,0,1,1,-0.08929112043577378,1.3053510788186181e-05,0.56570448058851919,0.99994479318929419,-1.0800478217452173e-05,-0.010507638029970215,7.831798605716386e-09,0.00038994034962337503,-2.083424315217115e-07,6.1609533528845397e-05,3.872003059965157e-07,0.00068657510174888344,-1.2613522217145368e-07,-1.2961078192075306,2.0929795323934717,-0.0012419052174923754,-1.2961259416259312,2.0929284121045697,0.00047384188306662245,0.00085959084703418078,0.0008465737693111238,3.4058856021749875e-05,0.00085920419510239357,0.00084560866281674927,4.0801523101500827e-05,-0.36864046493868124,1.3885788019102969,0.00037086862244662511,-0.36842241593997638,1.3891936930368622,-0.00014419264107506176,0.36864046493868124,-1.3885788019102969,-0.00037086862244662511,0.36842241593997638,-1.3891936930368622,0.00014419264107506176,-1.3267204090965414,2.208800254273827,0,-1.3267204090965414,2.208800254273827,0,-0.36864046493868124,1.3885788019102969,0.00037086862244662511,-0.36842241593997638,1.3891936930368622,-0.00014419264107506176,0,0,0,0,0,0,-0.36864046493868124,1.3885788019102969,0.00037086862244662511,-0.36842241593997638,1.3891936930368622,-0.00014419264107506176,0,0,0,0,0,0,0,0,0,0,0,0
control,0,171,855,860,1710000000,1710000000,0,-1,0.01,1,1,0,0,none,0,0,1,1,-0.089287611092547278,1.3052127388232446e-05,0.5657050350671764,0.99994482564867371,-1.0799159036378752e-05,-0.010504548625307085,7.1785662086590681e-09,0.00032483815344811189,-9.2333056293212977e-08,5.1324566016910417e-05,1.8492435739785701e-07,0.00057198242555344238,-1.3882756456446245e-07,-1.2960995081853679,2.0929877251493791,-0.0012415023743688053,-1.2961176345281362,2.0929365956990043,0.0004743102513826787,0.00081193914631444973,0.00080100693976096517,4.4519609610441261e-05,0.00081153966554206852,0.00080012567628738097,5.0938653863720952e-05,-0.36866871965355408,1.3885488390837326,0.00037022473183011951,-0.36845060431917565,1.3891637143834417,-0.00014484000810798965,0.36866871965355408,-1.3885488390837326,-0.00037022473183011951,0.36845060431917565,-1.3891637143834417,0.00014484000810798965,-1.3267204090965414,2.208800254273827,0,-1.3267204090965414,2.208800254273827,0,-0.36866871965355408,1.3885488390837326,0.00037022473183011951,-0.36845060431917565,1.3891637143834417,-0.00014484000810798965,0,0,0,0,0,0,-0.36866871965355408,1.3885488390837326,0.00037022473183011951,-0.36845060431917565,1.3891637143834417,-0.00014484000810798965,0,0,0,0,0,0,0,0,0,0,0,0
control,0,172,860,865,1720000000,1720000000,0,-1,0.01,1,1,0,0,none,0,0,1,1,-0.089284752418651803,1.3051871718699065e-05,0.56570548675566001,0.99994485208461903,-1.0798824568567604e-05,-0.010502031844092926,6.4741241536789111e-09,0.00025993093354675624,1.8112017258224177e-08,4.1071315257478651e-05,-7.919506508212933e-09,0.00045773075269583946,-1.4923215577518335e-07,-1.2960917129738883,2.0929954227392567,-0.0012410064619108449,-1.2961098433331208,2.0929442849933801,0.00047486814013584513,0.00075747743439400991,0.0007486270677077684,5.3787949532229257e-05,0.00075707049861326319,0.00074783556661959334,5.9828614021347382e-05,-0.36868056962342916,1.3885350378132824,0.000369612541096642,-0.36846239490896687,1.3891498780154325,-0.00014545187274182092,0.36868056962342916,-1.3885350378132824,-0.000369612541096642,0.36846239490896687,-1.3891498780154325,0.00014545187274182092,-1.3267204090965414,2.208800254273827,0,-1.3267204090965414,2.208800254273827,0,-0.36868056962342916,1.3885350378132824,0.000369612541096642,-0.36846239490896687,1.3891498780154325,-0.00014545187274182092,0,0,0,0,0,0,-0.36868056962342916,1.3885350378132824,0.000369612541096642,-0.36846239490896687,1.3891498780154325,-0.00014545187274182092,0,0,0,0,0,0,0,0,0,0,0,0
control,0,173,865,870,1730000000,1730000000,0,-1,0.01,1,1,0,0,none,0,0,1,1,-0.089282537767308962,1.3052681570926315e-05,0.56570583671172325,0.99994487256276454,-1.079942175114386e-05,-0.010500081847712121,5.729396478623256e-09,0.00019599235719263612,1.2191896785193285e-07,3.0971752320965621e-05,-1.8944150762448891e-07,0.00034518200446919696,-1.5734016353384406e-07,-1.2960844952549946,2.0930025633255456,-0.0012404292902890349,-1.2961026296709688,2.092951418201189,0.00047550323730033764,0.00069729717222193793,0.00069050122070523105,6.1826650079078988e-05,0.00069688792242502122,0.00068980391805895168,6.7442077261499386e-05,-0.36867691185689505,1.3885365395483191,0.00036903745458275654,-0.36845868499050927,1.389151326994567,-0.00014602307505317627,0.36867691185689505,-1.3885365395483191,-0.00036903745458275654,0.36845868499050927,-1.389151326994567,0.00014602307505317627,-1.3267204090965414,2.208800254273827,0,-1.3267204090965414,2.208800254273827,0,-0.36867691185689505,1.3885365395483191,0.00036903745458275654,-0.36845868499050927,1.389151326994567,-0.00014602307505317627,0,0,0,0,0,0,-0.36867691185689505,1.3885365395483191,0.00036903745458275654,-0.36845868499050927,1.389151326994567,-0.00014602307505317627,0,0,0,0,0,0,0,0,0,0,0,0
control,0,174,870,875,1740000000,1740000000,0,-1,0.01,1,1,0,0,none,0,0,1,1,-0.089280953114076855,1.3054484870694031e-05,0.56570608715610493,0.99994488721590313,-1.0800888826596986e-05,-0.01049868630424727,4.9552355630531071e-09,0.00013373529975621009,2.1816012046200171e-07,2.1138241913062499e-05,-3.5800478702756606e-07,0.00023559111152062826,-1.6317060132125705e-07,-1.2960779058044678,2.0930090957437897,-0.0012397829104372655,-1.2960960442682554,2.0929579441944419,0.00047620306948320046,0.00063248993304209136,0.00062769826860313853,6.8615800751810135e-05,0.00063208323188945563,0.00062709815150076623,7.3767110536884564e-05,-0.36865877440444672,1.3885523549575429,0.00036850408309358916,-0.36844050278726631,1.3891670737253696,-0.00014654927637180434,0.36865877440444672,-1.3885523549575429,-0.00036850408309358916,0.36844050278726631,-1.3891670737253696,0.00014654927637180434,-1.3267204090965414,2.208800254273827,0,-1.3267204090965414,2.208800254273827,0,-0.36865877440444672,1.3885523549575429,0.00036850408309358916,-0.36844050278726631,1.3891670737253696,-0.00014654927637180434,0,0,0,0,0,0,-0.36865877440444672,1.3885523549575429,0.00036850408309358916,-0.36844050278726631,1.3891670737253696,-0.00014654927637180434,0,0,0,0,0,0,0,0,0,0,0,0
control,0,175,875,880,1750000000,1750000000,0,-1,0.01,1,1,0,0,none,0,0,1,1,-0.089279977694536827,1.305720116117905e-05,0.56570624137184344,0.99994489623810168,-1.0803156628628227e-05,-0.010497826949594115,4.1622965688069899e-09,7.3807066646787501e-05,3.0605722045158222e-07,1.1672800968271307e-05,-5.1223142669948628e-07,0.00013009760379719461,-1.6676871930172723e-07,-1.2960719845680662,2.0930149794442587,-0.0012390794522661398,-1.2960901270245586,2.0929638224457183,0.00047695516390294297,0.00056413415283701419,0.00056127582345330898,7.4151940480635619e-05,0.00056373454505981909,0.00056077448042777232,7.880820596545767e-05,-0.36862729557095875,1.3885813842196388,0.00036801623865581016,-0.36840898668138355,1.3891960202166622,-0.00014702695946915576,0.36862729557095875,-1.3885813842196388,-0.00036801623865581016,0.36840898668138355,-1.3891960202166622,0.00014702695946915576,-1.3267204090965414,2.208800254273827,0,-1.3267204090965414,2.208800254273827,0,-0.36862729557095875,1.3885813842196388,0.00036801623865581016,-0.36840898668138355,1.3891960202166622,-0.00014702695946915576,0,0,0,0,0,0,-0.36862729557095875,1.3885813842196388,0.00036801623865581016,-0.36840898668138355,1.3891960202166622,-0.00014702695946915576,0,0,0,0,0,0,0,0,0,0,0,0
control,0,176,880,885,1760000000,1760000000,0,-1,0.01,1,1,0,0,none,0,0,1,1,-0.089279584683165977,1.3060743106097385e-05,0.56570630359720542,0.99994489987848634,-1.0806149887075766e-05,-0.010497480184822765,3.3609204729749098e-09,1.6785712131972721e-05,3.8498262779979561e-07,2.6665282937099164e-06,-6.5100484659520528e-07,2.9719130667720162e-05,-1.6820415856515172e-07,-1.2960667608641778,2.0930201843087328,-0.0012383309722665897,-1.2960849072154648,2.0929690228455322,0.00047774719999398794,0.00049328288080315301,0.00049226814877376373,7.8447047705060947e-05,0.00049289455959804392,0.0004918658346387602,8.2585175317697625e-05,-0.36858370310956801,1.3886224373579692,0.00036757693929472386,-0.36836536441231704,1.3892369783875791,-0.00014745341876408124,0.36858370310956801,-1.3886224373579692,-0.00036757693929472386,0.36836536441231704,-1.3892369783875791,0.00014745341876408124,-1.3267204090965414,2.208800254273827,0,-1.3267204090965414,2.208800254273827,0,-0.36858370310956801,1.3886224373579692,0.00036757693929472386,-0.36836536441231704,1.3892369783875791,-0.00014745341876408124,0,0,0,0,0,0,-0.36858370310956801,1.3886224373579692,0.00036757693929472386,-0.36836536441231704,1.3892369783875791,-0.00014745341876408124,0,0,0,0,0,0,0,0,0,0,0,0
control,0,177,885,890,1770000000,1770000000,0,-1,0.01,1,1,0,0,none,0,0,1,1,-0.089279741902564408,1.3065017992846212e-05,0.56570627891391612,0.99994489843479251,-1.0809788534305313e-05,-0.010497617700255778,2.561026674369647e-09,-3.6822569871637002e-05,4.5445853666445917e-07,-5.8007988669611515e-06,-7.7346875701236885e-07,-6.4653132663674892e-05,-1.6756890165740688e-07,-1.2960622537025335,2.0930246903526348,-0.0012375493117500384,-1.2960804038115747,2.0929735254051738,0.00047856714946226722,0.00042095261609133831,0.0004216751218850854,8.1527408149139331e-05,0.00042057939556905562,0.00042137083535108161,8.5131929685895713e-05,-0.36852929365223253,1.3886742543714781,0.00036718842311755457,-0.36831093251295383,1.3892886901708117,-0.00014782674132297495,0.36852929365223253,-1.3886742543714781,-0.00036718842311755457,0.36831093251295383,-1.3892886901708117,0.00014782674132297495,-1.3267204090965414,2.208800254273827,0,-1.3267204090965414,2.208800254273827,0,-0.36852929365223253,1.3886742543714781,0.00036718842311755457,-0.36831093251295383,1.3892886901708117,-0.00014782674132297495,0,0,0,0,0,0,-0.36852929365223253,1.3886742543714781,0.00036718842311755457,-0.36831093251295383,1.3892886901708117,-0.00014782674132297495,0,0,0,0,0,0,0,0,0,0,0,0
control,0,178,890,895,1780000000,1780000000,0,-1,0.01,1,1,0,0,none,0,0,1,1,-0.089280412552522351,1.3069929216621391e-05,0.56570617313232818,0.99994489224676064,-1.0813988996451793e-05,-0.010498207117013094,1.7720159908996968e-09,-8.6585019211798045e-05,5.1415434396039588e-07,-1.3660967231754802e-05,-8.7902287939408373e-07,-0.00015225725608547069,-1.6497505570287159e-07,-1.2960584722077411,2.0930284873234126,-0.0012367459667560236,-1.2960766259022707,2.0929773198559261,0.00047940340383934764,0.00034811329712121635,0.0003504523157753178,8.3432382443089116e-05,0.00034775859075170069,0.00035024388812881233,8.6495167094964212e-05,-0.36846541261128624,1.3887355249313094,0.0003668521709046526,-0.36824703621737648,1.3893498471826178,-0.00014814577950655251,0.36846541261128624,-1.3887355249313094,-0.0003668521709046526,0.36824703621737648,-1.3893498471826178,0.00014814577950655251,-1.3267204090965414,2.208800254273827,0,-1.3267204090965414,2.208800254273827,0,-0.36846541261128624,1.3887355249313094,0.0003668521709046526,-0.36824703621737648,1.3893498471826178,-0.00014814577950655251,0,0,0,0,0,0,-0.36846541261128624,1.3887355249313094,0.0003668521709046526,-0.36824703621737648,1.3893498471826178,-0.00014814577950655251,0,0,0,0,0,0,0,0,0,0,0,0
control,0,179,895,900,1790000000,1790000000,0,-1,0.01,1,1,0,0,none,0,0,1,1,-0.0892815559488426,1.3075377727850979e-05,0.56570599267509536,0.99994488168946394,-1.0818665454076214e-05,-0.010499212637150097,1.0026846964594868e-09,-0.00013214289424897757,5.6388230975745519e-07,-2.0857416261588421e-05,-9.6731567983242317e-07,-0.00023246158570302687,-1.6055250392409134e-07,-1.2960554161358322,2.0930315742066532,-0.0012359319704705566,-1.2960735732124395,2.0929804051561116,0.00048024488877560623,0.00027567949342440721,0.00027950224964016585,8.4213091191261643e-05,0.00027534629840541761,0.00027938644267782816,8.6732986155037807e-05,-0.36839343476864744,1.3888049074316251,0.00036656893658160389,-0.36817505005683077,1.3894191097485677,-0.00014841011594043376,0.36839343476864744,-1.3888049074316251,-0.00036656893658160389,0.36817505005683077,-1.3894191097485677,0.00014841011594043376,-1.3267204090965414,2.208800254273827,0,-1.3267204090965414,2.208800254273827,0,-0.36839343476864744,1.3888049074316251,0.00036656893658160389,-0.36817505005683077,1.3894191097485677,-0.00014841011594043376,0,0,0,0,0,0,-0.36839343476864744,1.3888049074316251,0.00036656893658160389,-0.36817505005683077,1.3894191097485677,-0.00014841011594043376,0,0,0,0,0,0,0,0,0,0,0,0
control,0,180,900,905,1800000000,1800000000,0,-1,0.01,1,1,0,0,none,0,0,1,1,-0.089283128262353434,1.3081263426742002e-05,0.56570574446083621,0.99994486716664432,-1.082373105805333e-05,-0.010500595693975549,2.6115008503581019e-10,-0.00017321112304179921,6.0359165839640194e-07,-2.7345181878926606e-05,-1.0382343747339647e-06,-0.00030476413242320685,-1.5444645638110216e-07,-1.2960530764716403,2.0930339586517861,-0.0012351177887772158,-1.2960712366999654,2.0929827889178054,0.00048108116453813616,0.00020450282929098635,0.00020966683922219554,8.3931044459599325e-05,0.00020419371668999289,0.00020963945064325816,8.5913453042632315e-05,-0.36831474574275064,1.3888810472056572,0.00036633878441018477,-0.36809635933394763,1.3894951250962937,-0.00014862002201357247,0.36831474574275064,-1.3888810472056572,-0.00036633878441018477,0.36809635933394763,-1.3894951250962937,0.00014862002201357247,-1.3267204090965414,2.208800254273827,0,-1.3267204090965414,2.208800254273827,0,-0.36831474574275064,1.3888810472056572,0.00036633878441018477,-0.36809635933394763,1.3894951250962937,-0.00014862002201357247,0,0,0,0,0,0,-0.36831474574275064,1.3888810472056572,0.00036633878441018477,-0.36809635933394763,1.3894951250962937,-0.00014862002201357247,0,0,0,0,0,0,0,0,0,0,0,0
control,0,181,905,910,1810000000,1810000000,0,-1,0.01,1,1,0,0,none,0,0,1,1,-0.089285083249148814,1.3087486490335624e-05,0.56570543578918409,0.99994484910412929,-1.0829099087877185e-05,-0.010502315594662359,-4.4521211359615179e-10,-0.00020957708429989472,6.3336128738094959e-07,-3.3090704894665732e-05,-1.0918924872768936e-06,-0.00036879042902330042,-1.46814945364613e-07,-1.2960514360946072,2.0930356563294414,-0.0012343132293535901,-1.2960695992215991,2.0929844867652796,0.00048190251239155126,0.00013536565435487365,0.00014172105964799957,8.2656733954261045e-05,0.00013508276474735281,0.00014177703408144724,8.4113140397286474e-05,-0.36823072450474359,1.3889625937431545,0.00036616113210836395,-0.36801234264642846,1.3895765445514465,-0.00014877641073732969,0.36823072450474359,-1.3889625937431545,-0.00036616113210836395,0.36801234264642846,-1.3895765445514465,0.00014877641073732969,-1.3267204090965414,2.208800254273827,0,-1.3267204090965414,2.208800254273827,0,-0.36823072450474359,1.3889625937431545,0.00036616113210836395,-0.36801234264642846,1.3895765445514465,-0.00014877641073732969,0,0,0,0,0,0,-0.36823072450474359,1.3889625937431545,0.00036616113210836395,-0.36801234264642846,1.3895765445514465,-0.00014877641073732969,0,0,0,0,0,0,0,0,0,0,0,0
control,0,182,910,915,1820000000,1820000000,0,-1,0.01,1,1,0,0,none,0,0,1,1,-0.089287372963766848,1.3093948619212656e-05,0.56570507422850991,0.99994482794339878,-1.0834684041098926e-05,-0.010504330147858764,-1.1098183714144869e-09,-0.00024109858818275776,6.5339126092752587e-07,-3.8071514908891588e-05,-1.1286152785551831e-06,-0.00042428997903877405,-1.3782629430569971e-07,-1.2960504705005915,2.0930366902325557,-0.0012335273645083999,-1.2960686362547755,2.09298552163723,0.00048270000675674363,6.8975957207397312e-05,7.6367816576778644e-05,8.0468211086746989e-05,6.8721001320054317e-05,7.6501360927425349e-05,8.1415660923140956e-05,-0.36814272708721002,1.3890482167703906,0.0003660347987981826,-0.36792435560317088,1.3896620395977732,-0.00014888078507318013,0.36814272708721002,-1.3890482167703906,-0.0003660347987981826,0.36792435560317088,-1.3896620395977732,0.00014888078507318013,-1.3267204090965414,2.208800254273827,0,-1.3267204090965414,2.208800254273827,0,-0.36814272708721002,1.3890482167703906,0.0003660347987981826,-0.36792435560317088,1.3896620395977732,-0.00014888078507318013,0,0,0,0,0,0,-0.36814272708721002,1.3890482167703906,0.0003660347987981826,-0.36792435560317088,1.3896620395977732,-0.00014888078507318013,0,0,0,0,0,0,0,0,0,0,0,0
control,0,183,915,920,1830000000,1830000000,0,-1,0.01,1,1,0,0,none,0,0,1,1,-0.089289948447751802,1.3100554192734067e-05,0.56570466750749471,0.99994480413536391,-1.0840402644131798e-05,-0.010506596269651424,-1.7269159728758788e-09,-0.00026770113208891355,6.6399326235341426e-07,-4.2275801186982037e-05,-1.1489233401604847e-06,-0.00047113142968542321,-1.2765658110352429e-07,-1.2960501485673575,2.0930370899332496,-0.0012327684678523844,-1.2960683166630618,2.0929859230448198,0.00048346557314579442,5.9635039974288711e-06,1.4234019342145151e-05,7.7449655331455371e-05,5.7377685370791028e-06,1.4438720269144686e-05,7.7910200833925083e-05,-0.3680520716062039,1.3891366210579159,0.00036595805758914254,-0.36783371585456154,1.3897503166676826,-0.00014893518198543458,0.3680520716062039,-1.3891366210579159,-0.00036595805758914254,0.36783371585456154,-1.3897503166676826,0.00014893518198543458,-1.3267204090965414,2.208800254273827,0,-1.3267204090965414,2.208800254273827,0,-0.3680520716062039,1.3891366210579159,0.00036595805758914254,-0.36783371585456154,1.3897503166676826,-0.00014893518198543458,0,0,0,0,0,0,-0.3680520716062039,1.3891366210579159,0.00036595805758914254,-0.36783371585456154,1.3897503166676826,-0.00014893518198543458,0,0,0,0,0,0,0,0,0,0,0,0
control,0,184,920,925,1840000000,1840000000,0,-1,0.01,1,1,0,0,none,0,0,1,1,-0.089292760386819742,1.3107211323478353e-05,0.56570422341161319,0.99994477813441496,-1.0846174776181208e-05,-0.010509070561915327,-2.2916097421689497e-09,-0.00028937451062069477,6.6558018494183164e-07,-4.5701882646955465e-05,-1.1535146672337553e-06,-0.00050929660806804504,-1.1648713226612522e-07,-1.2960504333516758,2.0930368908073103,-0.0012320439646970145,-1.296068603493171,2.0929857262973299,0.00048419203207244554,-5.3122826887312003e-05,-4.4132178095707171e-05,7.3689964568626501e-05,-5.3318468853254621e-05,-4.3863236063886947e-05,7.3690084323203958e-05,-0.36796002469805661,1.3892265598653442,0.00036592869118067298,-0.36774168953716541,1.3898401305720605,-0.00014894211383789386,0.36796002469805661,-1.3892265598653442,-0.00036592869118067298,0.36774168953716541,-1.3898401305720605,0.00014894211383789386,-1.3267204090965414,2.208800254273827,0,-1.3267204090965414,2.208800254273827,0,-0.36796002469805661,1.3892265598653442,0.00036592869118067298,-0.36774168953716541,1.3898401305720605,-0.00014894211383789386,0,0,0,0,0,0,-0.36796002469805661,1.3892265598653442,0.00036592869118067298,-0.36774168953716541,1.3898401305720605,-0.00014894211383789386,0,0,0,0,0,0,0,0,0,0,0,0
control,0,185,925,930,1850000000,1850000000,0,-1,0.01,1,1,0,0,none,0,0,1,1,-0.089295759730659785,1.3113832803358132e-05,0.56570374968545789,0.99994475039279052,-1.0851924299639549e-05,-0.010511709857797443,-2.7998771635675963e-09,-0.00030616886173351251,6.5865504394049733e-07,-4.8357589475092685e-05,-1.1432455237830777e-06,-0.00053887356490463895,-1.0450208463429461e-07,-1.2960512829063469,2.0930361332376872,-0.0012313603958823036,-1.2960694547918545,2.0929849717068292,0.00048487312932395772,-0.00010781655862372711,-9.8263009629753989e-05,6.9281378627700051e-05,-0.00010798163316860646,-9.793712678458181e-05,6.8851379787251e-05,-0.3678677894443993,1.3893168469481216,0.00036594404983330604,-0.36764947920648983,1.3899302964941505,-0.00014890450778654986,0.3678677894443993,-1.3893168469481216,-0.00036594404983330604,0.36764947920648983,-1.3899302964941505,0.00014890450778654986,-1.3267204090965414,2.208800254273827,0,-1.3267204090965414,2.208800254273827,0,-0.3678677894443993,1.3893168469481216,0.00036594404983330604,-0.36764947920648983,1.3899302964941505,-0.00014890450778654986,0,0,0,0,0,0,-0.3678677894443993,1.3893168469481216,0.00036594404983330604,-0.36764947920648983,1.3899302964941505,-0.00014890450778654986,0,0,0,0,0,0,0,0,0,0,0,0
control,0,186,930,935,1860000000,1860000000,0,-1,0.01,1,1,0,0,none,0,0,1,1,-0.089298898270232685,1.3120336935713833e-05,0.56570325394171472,0.99994472135531332,-1.0857579791863139e-05,-0.010514471729812057,-3.2485723039938439e-09,-0.00031819023270308709,6.4379939038790021e-07,-5.0259569245184228e-05,-1.1191104167227583e-06,-0.00056004877286797573,-9.188603527253718e-08,-1.296052651105962,2.0930348618079697,-0.0012307233946126338,-1.2960708244314947,2.0929837037828074,0.00048550355310083388,-0.00015773403405484979,-0.00014777165415483232,6.4318150276359908e-05,-0.00015786844815773618,-0.00014739640057235569,6.3491562013098853e-05,-0.36777649483587072,1.3894063670715193,0.00036600111086997213,-0.36755821330832439,1.3900197004930934,-0.0001488256440309051,0.36777649483587072,-1.3894063670715193,-0.00036600111086997213,0.36755821330832439,-1.3900197004930934,0.0001488256440309051,-1.3267204090965414,2.208800254273827,0,-1.3267204090965414,2.208800254273827,0,-0.36777649483587072,1.3894063670715193,0.00036600111086997213,-0.36755821330832439,1.3900197004930934,-0.0001488256440309051,0,0,0,0,0,0,-0.36777649483587072,1.3894063670715193,0.00036600111086997213,-0.36755821330832439,1.3900197004930934,-0.0001488256440309051,0,0,0,0,0,0,0,0,0,0,0,0
control,0,187,935,940,1870000000,1870000000,0,-1,0.01,1,1,0,0,none,0,0,1,1,-0.089302129168269059,1.3126648249455786e-05,0.56570274357746564,0.99994469145452891,-1.086307517479516e-05,-0.010517314956764707,-3.6354190565190046e-09,-0.00032559575006961945,6.216614016864684e-07,-5.1432530473991961e-05,-1.0822214827028703e-06,-0.00057309862758299595,-7.8821804552637441e-08,-1.2960544884708387,2.0930331244962259,-0.0012301376757498331,-1.296072662933837,2.0929819704271386,0.00048607893865692907,-0.00020257380280060017,-0.00019235177924752347,5.889527675744667e-05,-0.00020267782279660527,-0.0001919348833465959,5.7708242850554862e-05,-0.36768718680423179,1.3894940850000841,0.00036609653888707759,-0.36746893721825769,1.3901073084852802,-0.00014870909373960645,0.36768718680423179,-1.3894940850000841,-0.00036609653888707759,0.36746893721825769,-1.3901073084852802,0.00014870909373960645,-1.3267204090965414,2.208800254273827,0,-1.3267204090965414,2.208800254273827,0,-0.36768718680423179,1.3894940850000841,0.00036609653888707759,-0.36746893721825769,1.3901073084852802,-0.00014870909373960645,0,0,0,0,0,0,-0.36768718680423179,1.3894940850000841,0.00036609653888707759,-0.36746893721825769,1.3901073084852802,-0.00014870909373960645,0,0,0,0,0,0,0,0,0,0,0,0
control,0,188,940,945,1880000000,1880000000,0,-1,0.01,1,1,0,0,none,0,0,1,1,-0.089305407439510306,1.3132698093044758e-05,0.56570222569836603,0.99994466110628566,-1.0868350240394565e-05,-0.010520199946460156,-3.9589943216298515e-09,-0.00032858847718577694,5.9294381834701658e-07,-5.190843649322239e-05,-1.0337875825082071e-06,-0.00057838039840680709,-6.5488332695932418e-08,-1.2960567429792462,2.0930309718789211,-0.0012296070368981989,-1.2960749182819837,2.0929798221390858,0.00048659586118211779,-0.00024211505058733222,-0.00023177614134966767,5.3107303169937388e-05,-0.00024218927777885211,-0.00023132538320295179,5.1597981233534028e-05,-0.36760082083166151,1.3895790529508956,0.00036622674591096276,-0.36738260585802407,1.390192173691698,-0.00014855865741631203,0.36760082083166151,-1.3895790529508956,-0.00036622674591096276,0.36738260585802407,-1.390192173691698,0.00014855865741631203,-1.3267204090965414,2.208800254273827,0,-1.3267204090965414,2.208800254273827,0,-0.36760082083166151,1.3895790529508956,0.00036622674591096276,-0.36738260585802407,1.390192173691698,-0.00014855865741631203,0,0,0,0,0,0,-0.36760082083166151,1.3895790529508956,0.00036622674591096276,-0.36738260585802407,1.390192173691698,-0.00014855865741631203,0,0,0,0,0,0,0,0,0,0,0,0
control,0,189,945,950,1890000000,1890000000,0,-1,0.01,1,1,0,0,none,0,0,1,1,-0.089308690378061731,1.3138425107751213e-05,0.56570170705111833,0.99994463070577688,-1.0873351071268467e-05,-0.010523089111878279,-4.2187018330944306e-09,-0.0003274120414748025,5.5839188882492044e-07,-5.1725662361090912e-05,-9.7509338497412402e-07,-0.00057632277343846626,-5.2058728960153075e-08,-1.2960593608588298,2.0930284563538941,-0.0012291343705169552,-1.2960775367115598,2.0929773112393066,0.00048705181776357047,-0.00027621515122816563,-0.00026589431899745711,4.7047207511444658e-05,-0.00027626049508205214,-0.00026541742948136047,4.5255181772502384e-05,-0.36751825612569755,1.3896604165176905,0.00036638795077951434,-0.36730007787715668,1.3902734425584662,-0.00014837830441769627,0.36751825612569755,-1.3896604165176905,-0.00036638795077951434,0.36730007787715668,-1.3902734425584662,0.00014837830441769627,-1.3267204090965414,2.208800254273827,0,-1.3267204090965414,2.208800254273827,0,-0.36751825612569755,1.3896604165176905,0.00036638795077951434,-0.36730007787715668,1.3902734425584662,-0.00014837830441769627,0,0,0,0,0,0,-0.36751825612569755,1.3896604165176905,0.00036638795077951434,-0.36730007787715668,1.3902734425584662,-0.00014837830441769627,0,0,0,0,0,0,0,0,0,0,0,0
control,0,190,950,955,1900000000,1900000000,0,-1,0.01,1,1,0,0,none,0,0,1,1,-0.089311937930035931,1.3143775581193772e-05,0.56570119396453689,0.99994460062406798,-1.087803035726662e-05,-0.010525947199211844,-4.4147374099992918e-09,-0.00032234511108964804,5.1878147427940148e-07,-5.0928127224278134e-05,-9.0747870543440734e-07,-0.00056741613899313878,-3.8698488091101421e-08,-1.2960622873489605,2.0930256313905757,-0.0012287216862122633,-1.2960804634727838,2.0929744911210406,0.00048744519933912407,-0.00030480642704934095,-0.00029462966130397564,4.0805375521792183e-05,-0.00030482407645345834,-0.00029413422798113786,3.8771089450719264e-05,-0.36744025133039776,1.3897374190909708,0.00036657623708758938,-0.36722211137041105,1.3903503591754081,-0.00014817211427427319,0.36744025133039776,-1.3897374190909708,-0.00036657623708758938,0.36722211137041105,-1.3903503591754081,0.00014817211427427319,-1.3267204090965414,2.208800254273827,0,-1.3267204090965414,2.208800254273827,0,-0.36744025133039776,1.3897374190909708,0.00036657623708758938,-0.36722211137041105,1.3903503591754081,-0.00014817211427427319,0,0,0,0,0,0,-0.36744025133039776,1.3897374190909708,0.00036657623708758938,-0.36722211137041105,1.3903503591754081,-0.00014817211427427319,0,0,0,0,0,0,0,0,0,0,0,0
control,0,191,955,960,1910000000,1910000000,0,-1,0.01,1,1,0,0,none,0,0,1,1,-0.089315113010442121,1.3148703683615272e-05,0.5657006922993767,0.99994457120512026,-1.0882347610069865e-05,-0.010528741566845353,-4.548046479107199e-09,-0.0003136957974442484,4.749074548799741e-07,-4.9564414031119971e-05,-8.3231834597480174e-07,-0.0005522027281179673,-2.5563886814730849e-08,-1.2960654674266252,2.0930225508147804,-0.0012283701422924906,-1.2960836435560643,2.0929714155357981,0.00048777525361835095,-0.00032789220728798478,-0.00031797553853267518,3.4468671980780539e-05,-0.00032788360030510825,-0.00031746891905819408,3.2232886440921946e-05,-0.36736746172806273,1.3898094048163581,0.00036678760908870816,-0.36714936108526774,1.3904222682349334,-0.00014794422040755137,0.36736746172806273,-1.3898094048163581,-0.00036678760908870816,0.36714936108526774,-1.3904222682349334,0.00014794422040755137,-1.3267204090965414,2.208800254273827,0,-1.3267204090965414,2.208800254273827,0,-0.36736746172806273,1.3898094048163581,0.00036678760908870816,-0.36714936108526774,1.3904222682349334,-0.00014794422040755137,0,0,0,0,0,0,-0.36736746172806273,1.3898094048163581,0.00036678760908870816,-0.36714936108526774,1.3904222682349334,-0.00014794422040755137,0,0,0,0,0,0,0,0,0,0,0,0
control,0,192,960,965,1920000000,1920000000,0,-1,0.01,1,1,0,0,none,0,0,1,1,-0.089318181764020205,1.3153171590697337e-05,0.56570020740698324,0.99994454276332179,-1.0886269278977291e-05,-0.010531442415006424,-4.6202747630981941e-09,-0.00030179605612525083,4.2757256674633481e-07,-4.768688800064798e-05,-7.510026627201776e-07,-0.00053126676576342247,-1.2800572824194096e-08,-1.2960688464893859,2.0930192681345252,-0.0012280800856174134,-1.2960870223746501,2.0929681379199967,0.00048804203999323745,-0.00034554227739233133,-0.00033599098381908993,2.8119613479611576e-05,-0.00034550906994885219,-0.00033548022750150362,2.5722895357750498e-05,-0.36730043786977767,1.3898758201473498,0.00036701804501124347,-0.36708237705777241,1.3904886165872157,-0.00014769875676585878,0.36730043786977767,-1.3898758201473498,-0.00036701804501124347,0.36708237705777241,-1.3904886165872157,0.00014769875676585878,-1.3267204090965414,2.208800254273827,0,-1.3267204090965414,2.208800254273827,0,-0.36730043786977767,1.3898758201473498,0.00036701804501124347,-0.36708237705777241,1.3904886165872157,-0.00014769875676585878,0,0,0,0,0,0,-0.36730043786977767,1.3898758201473498,0.00036701804501124347,-0.36708237705777241,1.3904886165872157,-0.00014769875676585878,0,0,0,0,0,0,0,0,0,0,0,0
control,0,193,965,970,1930000000,1930000000,0,-1,0.01,1,1,0,0,none,0,0,1,1,-0.089321113770413477,1.3157149497929616e-05,0.56569974409671342,0.99994451558151731,-1.0889768772160803e-05,-0.010534022966435828,-4.6337130693896875e-09,-0.0002869961541222978,3.7757678599505562e-07,-4.5350824528707285e-05,-6.6491906474498284e-07,-0.00050522473020945505,-5.4235080007034524e-10,-1.2960723709898647,2.0930158359124262,-0.0012278510987342075,-1.2960905463988017,2.092964710768094,0.00048824637749137276,-0.0003578878129498197,-0.00034879581740315801,2.1835646066352238e-05,-0.00035783184689655708,-0.00034828759540349362,1.9317891678660421e-05,-0.36723962556069584,1.3899362140629137,0.00036726354731694464,-0.36702160460253164,1.3905489534619011,-0.00014743980783134484,0.36723962556069584,-1.3899362140629137,-0.00036726354731694464,0.36702160460253164,-1.3905489534619011,0.00014743980783134484,-1.3267204090965414,2.208800254273827,0,-1.3267204090965414,2.208800254273827,0,-0.36723962556069584,1.3899362140629137,0.00036726354731694464,-0.36702160460253164,1.3905489534619011,-0.00014743980783134484,0,0,0,0,0,0,-0.36723962556069584,1.3899362140629137,0.00036726354731694464,-0.36702160460253164,1.3905489534619011,-0.00014743980783134484,0,0,0,0,0,0,0,0,0,0,0,0
control,0,194,970,975,1940000000,1940000000,0,-1,0.01,1,1,0,0,none,0,0,1,1,-0.089323882194728671,1.3160615532634837e-05,0.56569930661196843,0.99994448990954743,-1.0892826388608592e-05,-0.010536459598993853,-4.5912371281707424e-09,-0.00026965926618740209,3.2570736287188922e-07,-4.2613556575649325e-05,-5.7543462496035627e-07,-0.00047471584132969088,1.1089829391466508e-08,-1.2960759890171605,2.093012305189307,-0.0012276820532702705,-1.2960941637368903,2.0929611850568426,0.00048838978684041768,-0.00036511589304652947,-0.00035656534422175997,1.5688529829538532e-05,-0.00036503916397252431,-0.00035606588876583174,1.3088526682211237e-05,-0.36718536711300165,1.3899902370305721,0.00036752018948960422,-0.3669673855698542,1.3906029294369615,-0.00014717136238623585,0.36718536711300165,-1.3899902370305721,-0.00036752018948960422,0.3669673855698542,-1.3906029294369615,0.00014717136238623585,-1.3267204090965414,2.208800254273827,0,-1.3267204090965414,2.208800254273827,0,-0.36718536711300165,1.3899902370305721,0.00036752018948960422,-0.3669673855698542,1.3906029294369615,-0.00014717136238623585,0,0,0,0,0,0,-0.36718536711300165,1.3899902370305721,0.00036752018948960422,-0.3669673855698542,1.3906029294369615,-0.00014717136238623585,0,0,0,0,0,0,0,0,0,0,0,0
control,0,195,975,980,1950000000,1950000000,0,-1,0.01,1,1,0,0,none,0,0,1,1,-0.089326463885119681,1.3163555570691005e-05,0.56569889861459344,0.99994446596326669,-1.0895429166801108e-05,-0.010538731931644387,-4.496243458908291e-09,-0.00025015625762596334,2.7272959401480147e-07,-3.9533650411007146e-05,-4.8387995704701548e-07,-0.00044039287658780523,2.1988675730589341e-08,-1.2960796508215269,2.0930087249627465,-0.0012275711685406331,-1.2960978246597563,2.0929576097243925,0.0004884744277176879,-0.0003674636846342357,-0.00035952471770985916,9.7438312897681802e-06,-0.00036736830982533382,-0.00035903977051947083,7.0988610504047224e-06,-0.36713790377322331,1.3900376388095308,0.00036778415899770147,-0.36691996077668337,1.3906502942489931,-0.00014689727136782659,0.36713790377322331,-1.3900376388095308,-0.00036778415899770147,0.36691996077668337,-1.3906502942489931,0.00014689727136782659,-1.3267204090965414,2.208800254273827,0,-1.3267204090965414,2.208800254273827,0,-0.36713790377322331,1.3900376388095308,0.00036778415899770147,-0.36691996077668337,1.3906502942489931,-0.00014689727136782659,0,0,0,0,0,0,-0.36713790377322331,1.3900376388095308,0.00036778415899770147,-0.36691996077668337,1.3906502942489931,-0.00014689727136782659,0,0,0,0,0,0,0,0,0,0,0,0
control,0,196,980,985,1960000000,1960000000,0,-1,0.01,1,1,0,0,none,0,0,1,1,-0.089328839419576631,1.316596296579142e-05,0.56569852317730618,0.99994444392403936,-1.0897570656870087e-05,-0.010540822865731912,-4.3525822254838541e-09,-0.00022886070485051056,2.1937840732437025e-07,-3.6170118261892271e-05,-3.915344910406111e-07,-0.00040291340518237482,3.2061157151879835e-08,-1.2960833092795729,2.0930051417233901,-0.00122751607433408,-1.2961014820655965,2.0929540312070691,0.00048850303224581035,-0.00036521239197041106,-0.00035794305586840381,4.0605223335411125e-06,-0.00036510057888342479,-0.00035747782588969917,1.4060072583630758e-06,-0.36709737921566632,1.3900782651890446,0.00036805179618354692,-0.36687947350301403,1.3906908935399287,-0.00014662121003666126,0.36709737921566632,-1.3900782651890446,-0.00036805179618354692,0.36687947350301403,-1.3906908935399287,0.00014662121003666126,-1.3267204090965414,2.208800254273827,0,-1.3267204090965414,2.208800254273827,0,-0.36709737921566632,1.3900782651890446,0.00036805179618354692,-0.36687947350301403,1.3906908935399287,-0.00014662121003666126,0,0,0,0,0,0,-0.36709737921566632,1.3900782651890446,0.00036805179618354692,-0.36687947350301403,1.3906908935399287,-0.00014662121003666126,0,0,0,0,0,0,0,0,0,0,0,0
control,0,197,985,990,1970000000,1970000000,0,-1,0.01,1,1,0,0,none,0,0,1,1,-0.089330993104574,1.3167838199737872e-05,0.56569818278374207,0.99994442393868455,-1.0899250623567987e-05,-0.010542718583886487,-4.1644880386221912e-09,-0.00020614419896817902,1.6635081890600521e-07,-3.2581674898312731e-05,-2.9961325155921656e-07,-0.00036293152005393599,4.1228901458617945e-08,-1.2960869202981389,2.093001599050984,-0.0012275138768551668,-1.2961050918835313,2.0929504930357763,0.00048847883577509625,-0.00035868105663798208,-0.00035212739915992103,-1.3093155808722564e-06,-0.00035855507219333761,-0.00035168652958107651,-3.9401213117214244e-06,-0.36706384399587366,1.3901120537728551,0.00036831962883559366,-0.36684597394783169,1.3907246646509799,-0.00014634664466694282,0.36706384399587366,-1.3901120537728551,-0.00036831962883559366,0.36684597394783169,-1.3907246646509799,0.00014634664466694282,-1.3267204090965414,2.208800254273827,0,-1.3267204090965414,2.208800254273827,0,-0.36706384399587366,1.3901120537728551,0.00036831962883559366,-0.36684597394783169,1.3907246646509799,-0.00014634664466694282,0,0,0,0,0,0,-0.36706384399587366,1.3901120537728551,0.00036831962883559366,-0.36684597394783169,1.3907246646509799,-0.00014634664466694282,0,0,0,0,0,0,0,0,0,0,0,0
control,0,198,990,995,1980000000,1980000000,0,-1,0.01,1,1,0,0,none,0,0,1,1,-0.089332912928648117,1.3169188462768759e-05,0.56569787933563886,0.99994440611984514,-1.0900474687824981e-05,-0.010544408509257117,-3.9365096376242597e-09,-0.00018237197132242998,1.1429930681396704e-07,-2.8826044553004506e-05,-2.0925521914190087e-07,-0.00032109013634918076,4.9428398745217323e-08,-1.29609044315585,2.0929981372712287,-0.0012275612268263015,-1.2961086134148645,2.0929470354931299,0.00048840550595999604,-0.00034822029409919145,-0.00034241659163970496,-6.3206854806391602e-06,-0.00034808243512011159,-0.00034200413602105241,-8.8969585927927401e-06,-0.36703726084714861,1.3901390289186384,0.00036858440232192239,-0.36681942452744304,1.3907516315723967,-0.00014607680385835917,0.36703726084714861,-1.3901390289186384,-0.00036858440232192239,0.36681942452744304,-1.3907516315723967,0.00014607680385835917,-1.3267204090965414,2.208800254273827,0,-1.3267204090965414,2.208800254273827,0,-0.36703726084714861,1.3901390289186384,0.00036858440232192239,-0.36681942452744304,1.3907516315723967,-0.00014607680385835917,0,0,0,0,0,0,-0.36703726084714861,1.3901390289186384,0.00036858440232192239,-0.36681942452744304,1.3907516315723967,-0.00014607680385835917,0,0,0,0,0,0,0,0,0,0,0,0
control,0,199,995,1000,1990000000,1990000000,0,-1,0.01,1,1,0,0,none,0,0,1,1,-0.089334590474325598,1.3170027173289151e-05,0.56569761416662245,0.99994439054675388,-1.090125391499688e-05,-0.010545885228083385,-3.6734393555390709e-09,-0.00015789887355760371,6.3826132789478442e-08,-2.49593234385842e-05,-1.2151333034430218e-07,-0.00027801391372106205,5.6611013963591163e-08,-1.2960938407821834,2.09299479317376,-0.0012276543887913877,-1.2961120096118635,2.0929436953316318,0.00048828707109333565,-0.00033420604603139374,-0.00032917516463118858,-1.0935771045685825e-05,-0.00033405861106937303,-0.00032879457191088127,-1.3429335942963009e-05,-0.36701751070324962,1.3901592959477502,0.00036884310518970053,-0.36679970589953159,1.3907718991642082,-0.00014581465453085253,0.36701751070324962,-1.3901592959477502,-0.00036884310518970053,0.36679970589953159,-1.3907718991642082,0.00014581465453085253,-1.3267204090965414,2.208800254273827,0,-1.3267204090965414,2.208800254273827,0,-0.36701751070324962,1.3901592959477502,0.00036884310518970053,-0.36679970589953159,1.3907718991642082,-0.00014581465453085253,0,0,0,0,0,0,-0.36701751070324962,1.3901592959477502,0.00036884310518970053,-0.36679970589953159,1.3907718991642082,-0.00014581465453085253,0,0,0,0,0,0,0,0,0,0,0,0
control,0,200,1000,1005,2000000000,2000000000,0,-1,0.01,1,1,0,0,none,0,0,1,1,-0.08933602079211149,1.3170373446595366e-05,0.56569738806201331,0.99994437726635899,-1.090160435811387e-05,-0.010547144378868285,-3.3802432211305836e-09,-0.00013306573840125879,1.5478628744661898e-08,-2.1035402195680329e-05,-3.7346148138967458e-08,-0.00023430284862893452,6.2742821264105687e-08,-1.2960970799746359,2.092991599790802,-0.00122778931070811,-1.2961152472946589,2.0929405055524239,0.00048812784861067737,-0.00031703342322496873,-0.00031278729636724978,-1.5123940026579132e-05,-0.00031687868603191133,-0.00031244140438643146,-1.7509439773689979e-05,-0.36700439932802942,1.3901730347408512,0.00036909299021376196,-0.36678662359354275,1.3907856467634161,-0.0001455628825945187,0.36700439932802942,-1.3901730347408512,-0.00036909299021376196,0.36678662359354275,-1.3907856467634161,0.0001455628825945187,-1.3267204090965414,2.208800254273827,0,-1.3267204090965414,2.208800254273827,0,-0.36700439932802942,1.3901730347408512,0.00036909299021376196,-0.36678662359354275,1.3907856467634161,-0.0001455628825945187,0,0,0,0,0,0,-0.36700439932802942,1.3901730347408512,0.00036909299021376196,-0.36678662359354275,1.3907856467634161,-0.0001455628825945187,0,0,0,0,0,0,0,0,0,0,0,0
control,0,201,1005,1010,2010000000,2010000000,0,-1,0.01,1,1,0,0,none,0,0,1,1,-0.089337202240469551,1.3170251522275077e-05,0.56569720128403234,0.99994436629477801,-1.0901546564524726e-05,-0.010548184511613086,-3.0619925089489991e-09,-0.00010819614110038014,-3.0254548214271486e-08,-1.7105451493370769e-05,4.2388789279160916e-08,-0.00019052657179923372,6.7804268503552308e-08,-1.2961001315552949,2.0929885862353301,-0.0012279616929696646,-1.2961182973075667,2.0929374952434734,0.00048793237461761417,-0.00029711070717636543,-0.00029365091644132681,-1.8861660545807591e-05,-0.00029695089202457241,-0.00029334195353854806,-2.1116682970559033e-05,-0.36699766443419368,1.3901804928366241,0.00036933159091818974,-0.36677991512966029,1.390793121294551,-0.00014532387823675631,0.36699766443419368,-1.3901804928366241,-0.00036933159091818974,0.36677991512966029,-1.390793121294551,0.00014532387823675631,-1.3267204090965414,2.208800254273827,0,-1.3267204090965414,2.208800254273827,0,-0.36699766443419368,1.3901804928366241,0.00036933159091818974,-0.36677991512966029,1.390793121294551,-0.00014532387823675631,0,0,0,0,0,0,-0.36699766443419368,1.3901804928366241,0.00036933159091818974,-0.36677991512966029,1.390793121294551,-0.00014532387823675631,0,0,0,0,0,0,0,0,0,0,0,0
control,0,202,1010,1015,2020000000,2020000000,0,-1,0.01,1,1,0,0,none,0,0,1,1,-0.089338136295890672,1.3169690159928524e-05,0.56569705360175881,0.99994435761903899,-1.090110505430923e-05,-0.010549006920717974,-2.7237974906969516e-09,-8.3593575301986453e-05,-7.2946200686940843e-08,-1.3217473202489104e-05,1.1693995421765947e-07,-0.00014721937516818534,7.1789683542094109e-08,-1.2961029704687712,2.0929857775969363,-0.0012281670560582642,-1.2961211346167871,2.0929346894753835,0.00048770533522645142,-0.00027485357360708303,-0.00027217201626225776,-2.2132336986396884e-05,-0.00027469083261409037,-0.00027190161043979611,-2.4237497189482959e-05,-0.36699698317283203,1.3901819781470819,0.00036955673366679908,-0.36677925750813051,1.3907946299969811,-0.00014509972570846128,0.36699698317283203,-1.3901819781470819,-0.00036955673366679908,0.36677925750813051,-1.3907946299969811,0.00014509972570846128,-1.3267204090965414,2.208800254273827,0,-1.3267204090965414,2.208800254273827,0,-0.36699698317283203,1.3901819781470819,0.00036955673366679908,-0.36677925750813051,1.3907946299969811,-0.00014509972570846128,0,0,0,0,0,0,-0.36699698317283203,1.3901819781470819,0.00036955673366679908,-0.36677925750813051,1.3907946299969811,-0.00014509972570846128,0,0,0,0,0,0,0,0,0,0,0,0
control,0,203,1015,1020,2030000000,2030000000,0,-1,0.01,1,1,0,0,none,0,0,1,1,-0.089338827337246879,1.316872201269866e-05,0.56569694432517859,0.99994435119907021,-1.0900307778703743e-05,-0.010549615455242906,-2.3707440715521376e-09,-5.9539051303602514e-05,-1.1223243620032352e-07,-9.4159184002784872e-06,1.8566518266392768e-07,-0.00010487598231420502,7.4706640956183809e-08,-1.2961055758240243,2.0929831948930113,-0.0012284008060987422,-1.2961237383520205,2.0929321092524451,0.00048745150041806497,-0.00025067959260438697,-0.00024875922245088533,-2.4926072266559241e-05,-0.00025051598521597725,-0.00024852841753377614,-2.686505334286413e-05,-0.36700197988129896,1.3901778514034642,0.00036976654544295057,-0.36678427495642663,1.3907905328828831,-0.00014489219745827627,0.36700197988129896,-1.3901778514034642,-0.00036976654544295057,0.36678427495642663,-1.3907905328828831,0.00014489219745827627,-1.3267204090965414,2.208800254273827,0,-1.3267204090965414,2.208800254273827,0,-0.36700197988129896,1.3901778514034642,0.00036976654544295057,-0.36678427495642663,1.3907905328828831,-0.00014489219745827627,0,0,0,0,0,0,-0.36700197988129896,1.3901778514034642,0.00036976654544295057,-0.36678427495642663,1.3907905328828831,-0.00014489219745827627,0,0,0,0,0,0,0,0,0,0,0,0
control,0,204,1020,1025,2040000000,2040000000,0,-1,0.01,1,1,0,0,none,0,0,1,1,-0.089339282408674101,1.3167382987828156e-05,0.56569687234264698,0.99994434696990053,-1.0899185566557172e-05,-0.010550016310262807,-2.0078339328539659e-09,-3.6289118953460998e-05,-1.47813604101391e-07,-5.74137273737796e-06,2.4803344882380163e-07,-6.3948066428171969e-05,7.6575196975572624e-08,-1.2961079308831367,2.0929808550723292,-0.0012286582976522588,-1.2961260917950532,2.0929297715160269,0.00048717566106880583,-0.00022500305507451265,-0.00022381868137294727,-2.7239364182994126e-05,-0.00022484052980913219,-0.00022362795951863382,-2.8998918330543698e-05,-0.36701223397824506,1.3901685184400325,0.00036995945750482732,-0.36679454682314477,1.3907812350328792,-0.00014470275240411457,0.36701223397824506,-1.3901685184400325,-0.00036995945750482732,0.36679454682314477,-1.3907812350328792,0.00014470275240411457,-1.3267204090965414,2.208800254273827,0,-1.3267204090965414,2.208800254273827,0,-0.36701223397824506,1.3901685184400325,0.00036995945750482732,-0.36679454682314477,1.3907812350328792,-0.00014470275240411457,0,0,0,0,0,0,-0.36701223397824506,1.3901685184400325,0.00036995945750482732,-0.36679454682314477,1.3907812350328792,-0.00014470275240411457,0,0,0,0,0,0,0,0,0,0,0,0
control,0,205,1025,1030,2050000000,2050000000,0,-1,0.01,1,1,0,0,none,0,0,1,1,-0.089339510965217112,1.3165711603093068e-05,0.56569683616109623,0.99994434484402528,-1.0897771566522423e-05,-0.010550217803043537,-1.6399287271096387e-09,-1.4074312208634243e-05,-1.7945436437198324e-07,-2.230308718121092e-06,3.0362512841082986e-07,-2.4841510597700573e-05,7.7427013971392766e-08,-1.2961100230005389,2.092978771067675,-0.0012289348931647001,-1.2961281823188164,2.0929276891969515,0.00048688256970426169,-0.00019823016678712174,-0.00019774929764923506,-2.9074743514929779e-05,-0.00019807054531503559,-0.00019759860754622001,-3.0644656025360567e-05,-0.36702728790184969,1.3901544224202971,0.00037013420512515649,-0.36680961551472741,1.3907671788338252,-0.00014453253811001047,0.36702728790184969,-1.3901544224202971,-0.00037013420512515649,0.36680961551472741,-1.3907671788338252,0.00014453253811001047,-1.3267204090965414,2.208800254273827,0,-1.3267204090965414,2.208800254273827,0,-0.36702728790184969,1.3901544224202971,0.00037013420512515649,-0.36680961551472741,1.3907671788338252,-0.00014453253811001047,0,0,0,0,0,0,-0.36702728790184969,1.3901544224202971,0.00037013420512515649,-0.36680961551472741,1.3907671788338252,-0.00014453253811001047,0,0,0,0,0,0,0,0,0,0,0,0
control,0,206,1030,1035,2060000000,2060000000,0,-1,0.01,1,1,0,0,none,0,0,1,1,-0.089339524605410919,1.3163748347503205e-05,0.56569683394832548,0.99994434471390292,-1.0896100692296388e-05,-0.010550230137712386,-1.2716987928281742e-09,6.9019925702234245e-06,-2.069829379990525e-07,1.0850962583468816e-06,3.5213083583197771e-07,1.2085603521575916e-05,7.7304388298025095e-08,-1.2961118435165604,2.0929769518937826,-0.0012292260185619037,-1.2961300012807953,2.0929258713131214,0.00048657688546109118,-0.00017075464516506239,-0.00017093836147383953,-3.0440362019280232e-05,-0.00017059960876287579,-0.00017082715153694274,-3.1813380947977497e-05,-0.36704665499202488,1.3901360361027428,0.00037028982366953513,-0.36682899437580985,1.3907488362557729,-0.00014438239659092847,0.36704665499202488,-1.3901360361027428,-0.00037028982366953513,0.36682899437580985,-1.3907488362557729,0.00014438239659092847,-1.3267204090965414,2.208800254273827,0,-1.3267204090965414,2.208800254273827,0,-0.36704665499202488,1.3901360361027428,0.00037028982366953513,-0.36682899437580985,1.3907488362557729,-0.00014438239659092847,0,0,0,0,0,0,-0.36704665499202488,1.3901360361027428,0.00037028982366953513,-0.36682899437580985,1.3907488362557729,-0.00014438239659092847,0,0,0,0,0,0,0,0,0,0,0,0
control,0,207,1035,1040,2070000000,2070000000,0,-1,0.01,1,1,0,0,none,0,0,1,1,-0.08933933679486579,1.316153505411819e-05,0.565696863576724,0.99994434645453856,-1.0894209077756579e-05,-0.010550065162003359,-9.0757678274183408e-10,2.6464316981671433e-05,-2.3028959586857982e-07,4.1770780900223813e-06,3.933489330604456e-07,4.6524300432689974e-05,7.6259197666754129e-08,-1.2961133876094921,2.0929754027865144,-0.0012295272145622801,-1.2961315438749719,2.0929243231083503,0.00048626312365688705,-0.00014295374594539242,-0.00014375759370223465,-3.1349538429427469e-05,-0.00014280482435573245,-0.00014368484951430354,-3.252127300266363e-05,-0.36706982722567355,1.3901138542383045,0.00037042564129015538,-0.36685217542230114,1.3907267012599915,-0.0001442528734469329,0.36706982722567355,-1.3901138542383045,-0.00037042564129015538,0.36685217542230114,-1.3907267012599915,0.0001442528734469329,-1.3267204090965414,2.208800254273827,0,-1.3267204090965414,2.208800254273827,0,-0.36706982722567355,1.3901138542383045,0.00037042564129015538,-0.36685217542230114,1.3907267012599915,-0.0001442528734469329,0,0,0,0,0,0,-0.36706982722567355,1.3901138542383045,0.00037042564129015538,-0.36685217542230114,1.3907267012599915,-0.0001442528734469329,0,0,0,0,0,0,0,0,0,0,0,0
control,0,208,1040,1045,2080000000,2080000000,0,-1,0.01,1,1,0,0,none,0,0,1,1,-0.089338962584774237,1.3159114292219442e-05,0.56569692266780791,0.99994434992611969,-1.0892133548318669e-05,-0.010549736119526327,-5.5171651914385394e-10,4.446543615214572e-05,-2.4932444947834323e-07,7.0223429728648673e-06,4.2718181878769932e-07,7.8215338018883455e-05,7.4351786123100007e-08,-1.2961146541105755,2.0929741253789991,-0.0012298341833554458,-1.2961328089467212,2.0929230462281065,0.00048594561028825656,-0.00011518474103144541,-0.00011655962982137788,-3.1820270327158746e-05,-0.00011504330369439819,-0.00011652391512715225,-3.278906125956538e-05,-0.36709628272004435,1.3900883861826669,0.00037054126852299171,-0.36687863684230088,1.3907012824213361,-0.0001441442300234987,0.36709628272004435,-1.3900883861826669,-0.00037054126852299171,0.36687863684230088,-1.3907012824213361,0.0001441442300234987,-1.3267204090965414,2.208800254273827,0,-1.3267204090965414,2.208800254273827,0,-0.36709628272004435,1.3900883861826669,0.00037054126852299171,-0.36687863684230088,1.3907012824213361,-0.0001441442300234987,0,0,0,0,0,0,-0.36709628272004435,1.3900883861826669,0.00037054126852299171,-0.36687863684230088,1.3907012824213361,-0.0001441442300234987,0,0,0,0,0,0,0,0,0,0,0,0
control,0,209,1045,1050,2090000000,2090000000,0,-1,0.01,1,1,0,0,none,0,0,1,1,-0.089338418329070607,1.3156528785414067e-05,0.56569700863697492,0.99994435497666612,-1.0889911114268464e-05,-0.010549257400843956,-2.0795730939389259e-10,6.0786369626595997e-05,-2.6409461168015737e-07,9.6020663802229928e-06,4.536311153802127e-07,0.00010694919272258005,7.1649801681243032e-08,-1.2961156452865124,2.0929731179102466,-0.0012301428303723707,-1.2961337987752479,2.0929220389277043,0.00048562844169865421,-8.7781861388255773e-05,-8.9674957762458381e-05,-3.1874720179147729e-05,-8.7649111025984075e-05,-8.9674458252159711e-05,-3.2641485287398131e-05,-0.36712549292826657,1.3900601487996076,0.00037063658512066859,-0.36690785018898309,1.39067309584085,-0.00014405645824522634,0.36712549292826657,-1.3900601487996076,-0.00037063658512066859,0.36690785018898309,-1.39067309584085,0.00014405645824522634,-1.3267204090965414,2.208800254273827,0,-1.3267204090965414,2.208800254273827,0,-0.36712549292826657,1.3900601487996076,0.00037063658512066859,-0.36690785018898309,1.39067309584085,-0.00014405645824522634,0,0,0,0,0,0,-0.36712549292826657,1.3900601487996076,0.00037063658512066859,-0.36690785018898309,1.39067309584085,-0.00014405645824522634,0,0,0,0,0,0,0,0,0,0,0,0
control,0,210,1050,1055,2100000000,2100000000,0,-1,0.01,1,1,0,0,none,0,0,1,1,-0.089337721403753872,1.3153820861541235e-05,0.56569711873791984,0.99994436144465948,-1.0887578491211622e-05,-0.010548644296446958,1.2020611904641422e-10,7.533603075800595e-05,-2.7466079966389297e-07,1.1901837748169418e-05,4.7279187757115349e-07,0.00013256544342205828,6.8227004851934655e-08,-1.2961163665941797,2.0929723754616538,-0.0012304493009520287,-1.2961345188282527,2.0929212963083672,0.00048531544957693308,-6.1053712206840852e-05,-6.3409318340027396e-05,-3.1538683470219143e-05,-6.0930680702771813e-05,-6.3441887493122291e-05,-3.2106742011033814e-05,-0.3671569294600302,1.3900296597235879,0.00037071172445911956,-0.36693928719841057,1.390642658416757,-0.00014398929777252823,0.3671569294600302,-1.3900296597235879,-0.00037071172445911956,0.36693928719841057,-1.390642658416757,0.00014398929777252823,-1.3267204090965414,2.208800254273827,0,-1.3267204090965414,2.208800254273827,0,-0.3671569294600302,1.3900296597235879,0.00037071172445911956,-0.36693928719841057,1.390642658416757,-0.00014398929777252823,0,0,0,0,0,0,-0.3671569294600302,1.3900296597235879,0.00037071172445911956,-0.36693928719841057,1.390642658416757,-0.00014398929777252823,0,0,0,0,0,0,0,0,0,0,0,0
control,0,211,1055,1060,2110000000,2110000000,0,-1,0.01,1,1,0,0,none,0,0,1,1,-0.089336889931636077,1.3151031939505018e-05,0.56569725010619065,0.9999443691616231,-1.0885171652142959e-05,-0.010547912754499213,4.2964799321108045e-10,8.8050560546193852e-05,-2.8113345615289169e-07,1.3911555001573443e-05,4.8484595501479147e-07,0.00015495159970082851,6.4162064618358347e-08,-1.2961168264122822,2.0929718902167784,-0.0012307500117874216,-1.2961349774935582,2.0929208105765316,0.00048501017136938799,-3.5281161964476014e-05,-3.8041569387399592e-05,-3.0841047248266441e-05,-3.5168708388647389e-05,-3.8104775748931109e-05,-3.1215926411728355e-05,-0.36719007046816399,1.3899974310386638,0.00037076705589863981,-0.36697242617321563,1.3906104815311684,-0.00014394225509022998,0.36719007046816399,-1.3899974310386638,-0.00037076705589863981,0.36697242617321563,-1.3906104815311684,0.00014394225509022998,-1.3267204090965414,2.208800254273827,0,-1.3267204090965414,2.208800254273827,0,-0.36719007046816399,1.3899974310386638,0.00037076705589863981,-0.36697242617321563,1.3906104815311684,-0.00014394225509022998,0,0,0,0,0,0,-0.36719007046816399,1.3899974310386638,0.00037076705589863981,-0.36697242617321563,1.3906104815311684,-0.00014394225509022998,0,0,0,0,0,0,0,0,0,0,0,0
control,0,212,1060,1065,2120000000,2120000000,0,-1,0.01,1,1,0,0,none,0,0,1,1,-0.089335942515505098,1.3148202057388255e-05,0.56569739980141287,0.99994437795462143,-1.0882725414962818e-05,-0.010547079145984125,7.1763016682877178e-10,9.8892374010249164e-05,-2.8366846600996226e-07,1.5625273399844712e-05,4.9005464201252325e-07,0.0001740414239594171,5.9537354097383311e-08,-1.2961170357546425,2.0929716517397505,-0.0012310416770979949,-1.2961351857923942,2.0929205713217902,0.00048471582612378541,-1.0715700496762116e-05,-1.3822011454253796e-05,-2.9813244317751686e-05,-1.0614511267625504e-05,-1.3913186590237931e-05,-3.0002471360632646e-05,-0.36722440655204153,1.3899639634260987,0.00037080316534528603,-0.36700675788286563,1.3905770652043266,-0.000143914624269104,0.36722440655204153,-1.3899639634260987,-0.00037080316534528603,0.36700675788286563,-1.3905770652043266,0.000143914624269104,-1.3267204090965414,2.208800254273827,0,-1.3267204090965414,2.208800254273827,0,-0.36722440655204153,1.3899639634260987,0.00037080316534528603,-0.36700675788286563,1.3905770652043266,-0.000143914624269104,0,0,0,0,0,0,-0.36722440655204153,1.3899639634260987,0.00037080316534528603,-0.36700675788286563,1.3905770652043266,-0.000143914624269104,0,0,0,0,0,0,0,0,0,0,0,0
control,0,213,1065,1070,2130000000,2130000000,0,-1,0.01,1,1,0,0,none,0,0,1,1,-0.089334897982399256,1.3145369445435065e-05,0.5656975648477508,0.99994438764865234,-1.0880273068610639e-05,-0.010546160039627014,9.8181514808057695e-10,0.00010784894887929834,-2.8246254491614392e-07,1.7041013460405508e-05,4.8875074707659808e-07,0.0001898127998007275,5.4437761818273129e-08,-1.2961170079697701,2.0929716472677757,-0.0012313213295392375,-1.2961351570789792,2.0929205658089121,0.00048443529571989878,1.2421743248800259e-05,9.0288342192068653e-06,-2.8488711152970241e-05,1.2511152233888387e-05,8.9125477072023513e-06,-2.8501594621029153e-05,-0.36725944613612871,1.3899297408212861,0.00037082083441941979,-0.36704179093909767,1.3905428927574182,-0.00014390550898491818,0.36725944613612871,-1.3899297408212861,-0.00037082083441941979,0.36704179093909767,-1.3905428927574182,0.00014390550898491818,-1.3267204090965414,2.208800254273827,0,-1.3267204090965414,2.208800254273827,0,-0.36725944613612871,1.3899297408212861,0.00037082083441941979,-0.36704179093909767,1.3905428927574182,-0.00014390550898491818,0,0,0,0,0,0,-0.36725944613612871,1.3899297408212861,0.00037082083441941979,-0.36704179093909767,1.3905428927574182,-0.00014390550898491818,0,0,0,0,0,0,0,0,0,0,0,0
control,0,214,1070,1075,2140000000,2140000000,0,-1,0.01,1,1,0,0,none,0,0,1,1,-0.089333775141386379,1.3142570146711188e-05,0.5656977422722278,0.99994439806891344,-1.0877846040308467e-05,-0.010545171988699226,1.2202736119738644e-09,0.00011493138761154396,-2.7774837828524608e-07,1.8160532935750674e-05,4.8133021741445701e-07,0.00020228520129138964,4.8949533339719072e-08,-1.296116758431205,2.0929718620132793,-0.0012315863359310892,-1.2961349067308987,2.0929207792795168,0.00048417111137127259,3.3941538817216294e-05,3.0321009289745093e-05,-2.690235608827497e-05,3.4018818212825169e-05,3.0182610314418642e-05,-2.6749759435214016e-05,-0.36729472029226307,1.3898952256126371,0.00037082101858374052,-0.36707705661503193,1.3905084260162504,-0.00014391384543962108,0.36729472029226307,-1.3898952256126371,-0.00037082101858374052,0.36707705661503193,-1.3905084260162504,0.00014391384543962108,-1.3267204090965414,2.208800254273827,0,-1.3267204090965414,2.208800254273827,0,-0.36729472029226307,1.3898952256126371,0.00037082101858374052,-0.36707705661503193,1.3905084260162504,-0.00014391384543962108,0,0,0,0,0,0,-0.36729472029226307,1.3898952256126371,0.00037082101858374052,-0.36707705661503193,1.3905084260162504,-0.00014391384543962108,0,0,0,0,0,0,0,0,0,0,0,0
control,0,215,1075,1080,2150000000,2150000000,0,-1,0.01,1,1,0,0,none,0,0,1,1,-0.089332592556922899,1.3139837687484903e-05,0.56569792914057626,0.9999444090429167,-1.0875473605743243e-05,-0.01054413133153222,1.4314865886944781e-09,0.00012017278453634534,-2.6978958603562267e-07,1.8989067907823598e-05,4.6824344967820237e-07,0.00021151681908613613,4.3159155569868748e-08,-1.2961163042229746,2.0929722794714278,-0.0012318344079429993,-1.2961344518346121,2.0929211952591267,0.00048392544522797998,5.3685666253512177e-05,4.9895481914438235e-05,-2.5090043261447391e-05,5.3750627623763621e-05,4.9738064547615473e-05,-2.4784154058268826e-05,-0.36732978698218183,1.3898608544059181,0.00037080482454597216,-0.36711211308458802,1.3904741010795822,-0.00014393842586548055,0.36732978698218183,-1.3898608544059181,-0.00037080482454597216,0.36711211308458802,-1.3904741010795822,0.00014393842586548055,-1.3267204090965414,2.208800254273827,0,-1.3267204090965414,2.208800254273827,0,-0.36732978698218183,1.3898608544059181,0.00037080482454597216,-0.36711211308458802,1.3904741010795822,-0.00014393842586548055,0,0,0,0,0,0,-0.36732978698218183,1.3898608544059181,0.00037080482454597216,-0.36711211308458802,1.3904741010795822,-0.00014393842586548055,0,0,0,0,0,0,0,0,0,0,0,0
control,0,216,1080,1085,2160000000,2160000000,0,-1,0.01,1,1,0,0,none,0,0,1,1,-0.089331368339550507,1.3137202798621876e-05,0.56569812259033792,0.99994442040244114,-1.0873182643364646e-05,-0.010543054007287779,1.6143425727997128e-09,0.00012362643025232156,-2.5887558753320643e-07,1.9535048134873679e-05,4.4998641617985807e-07,0.00021760139996972863,3.7152295105429045e-08,-1.2961156638242788,2.0929728817289575,-0.0012320636079250406,-1.2961338108702016,2.0929217958655419,0.00048370010685962211,7.1527625769964365e-05,6.7624112428784098e-05,-2.3088097620555811e-05,7.1580234419718001e-05,6.7450821180759147e-05,-2.2642195449001931e-05,-0.3673642347058067,1.3898270343697912,0.00037077348725853996,-0.36714654906770716,1.3904403246676493,-0.00014397792228543652,0.3673642347058067,-1.3898270343697912,-0.00037077348725853996,0.36714654906770716,-1.3904403246676493,0.00014397792228543652,-1.3267204090965414,2.208800254273827,0,-1.3267204090965414,2.208800254273827,0,-0.3673642347058067,1.3898270343697912,0.00037077348725853996,-0.36714654906770716,1.3904403246676493,-0.00014397792228543652,0,0,0,0,0,0,-0.3673642347058067,1.3898270343697912,0.00037077348725853996,-0.36714654906770716,1.3904403246676493,-0.00014397792228543652,0,0,0,0,0,0,0,0,0,0,0,0
control,0,217,1085,1090,2170000000,2170000000,0,-1,0.01,1,1,0,0,none,0,0,1,1,-0.089330119955364079,1.3134693188565193e-05,0.56569831986098995,0.9999444319853048,-1.0870997433347224e-05,-0.010541955388247688,1.7681298482765743e-09,0.00012536388534432796,-2.453164374307087e-07,1.9809791782011751e-05,4.2709172946337511e-07,0.00022066485628515159,3.1012800802521052e-08,-1.2961148567972645,2.0929736497704776,-0.0012322723501213126,-1.2961330033992295,2.0929225621147127,0.00048349654435275383,8.7371971698853732e-05,8.3409246650708335e-05,-2.0932835657358404e-05,8.7412338141871582e-05,8.3223233848746044e-05,-2.0361061549334037e-05,-0.36739768554887192,1.3897941401702163,0.0003707283468192617,-0.36717998687495546,1.3904074710585979,-0.00014403091022835944,0.36739768554887192,-1.3897941401702163,-0.0003707283468192617,0.36717998687495546,-1.3904074710585979,0.00014403091022835944,-1.3267204090965414,2.208800254273827,0,-1.3267204090965414,2.208800254273827,0,-0.36739768554887192,1.3897941401702163,0.0003707283468192617,-0.36717998687495546,1.3904074710585979,-0.00014403091022835944,0,0,0,0,0,0,-0.36739768554887192,1.3897941401702163,0.0003707283468192617,-0.36717998687495546,1.3904074710585979,-0.00014403091022835944,0,0,0,0,0,0,0,0,0,0,0,0
control,0,218,1090,1095,2180000000,2180000000,0,-1,0.01,1,1,0,0,none,0,0,1,1,-0.089328864055368787,1.3132333367787257e-05,0.56569851832091889,0.99994444363695101,-1.0868939501169405e-05,-0.010540850129606032,1.8925243638452314e-09,0.00012547295503901167,-2.2943769920643282e-07,1.982718453048685e-05,4.001197614462845e-07,0.00022086170091796282,2.482177922629378e-08,-1.2961139034814815,2.0929745637787067,-0.0012324593975435957,-1.2961320497592839,2.0929234742205614,0.00048331584971713666,0.00010115349981465571,9.7182965726109357e-05,-1.8660126001423312e-05,0.00010118187008064378,9.6987351371573708e-05,-1.7977256115460678e-05,-0.36742979763044142,1.389762511492854,0.00037067082556314982,-0.36721208485221174,1.3903758796121302,-0.00014409589210936797,0.36742979763044142,-1.389762511492854,-0.00037067082556314982,0.36721208485221174,-1.3903758796121302,0.00014409589210936797,-1.3267204090965414,2.208800254273827,0,-1.3267204090965414,2.208800254273827,0,-0.36742979763044142,1.389762511492854,0.00037067082556314982,-0.36721208485221174,1.3903758796121302,-0.00014409589210936797,0,0,0,0,0,0,-0.36742979763044142,1.389762511492854,0.00037067082556314982,-0.36721208485221174,1.3903758796121302,-0.00014409589210936797,0,0,0,0,0,0,0,0,0,0,0,0
control,0,219,1095,1100,2190000000,2190000000,0,-1,0.01,1,1,0,0,none,0,0,1,1,-0.089327616325529977,1.3130144523952797e-05,0.56569871549111717,0.9999444552118365,-1.0867027505198549e-05,-0.010539752037472816,1.9875735377635791e-09,0.00012405559559885651,-2.1157541975120866e-07,1.9603348022218749e-05,3.6964992752561711e-07,0.00021837136204562192,1.8656751382549463e-08,-1.2961128246982867,2.0929756034253799,-0.0012326238548175821,-1.2961309707684863,2.0929245118855078,0.00048315876826291474,0.00011283612027559627,0.00010890602281827932,-1.6304983210920725e-05,0.00011285286520175083,0.00010870385731002193,-1.5526209211190018e-05,-0.36746026695947015,1.3897324511471374,0.00037060240560582067,-0.36724253923446459,1.3903458528738655,-0.00014417132001831492,0.36746026695947015,-1.3897324511471374,-0.00037060240560582067,0.36724253923446459,-1.3903458528738655,0.00014417132001831492,-1.3267204090965414,2.208800254273827,0,-1.3267204090965414,2.208800254273827,0,-0.36746026695947015,1.3897324511471374,0.00037060240560582067,-0.36724253923446459,1.3903458528738655,-0.00014417132001831492,0,0,0,0,0,0,-0.36746026695947015,1.3897324511471374,0.00037060240560582067,-0.36724253923446459,1.3903458528738655,-0.00014417132001831492,0,0,0,0,0,0,0,0,0,0,0,0
control,0,220,1100,1105,2200000000,2200000000,0,-1,0.01,1,1,0,0,none,0,0,1,1,-0.089326391358020341,1.3128144446434393e-05,0.56569890906552278,0.99994446657462166,-1.0865277167149024e-05,-0.01053867395553231,2.0536763952672654e-09,0.00012122578214182466,-1.920712622828329e-07,1.9156302303387656e-05,3.3627223550589264e-07,0.00021339442995204727,1.2590896127972687e-08,-1.2961116414681531,2.0929767481498915,-0.0012327651573438262,-1.2961297874429112,2.0929256545787562,0.00048302571158336357,0.00012241144921796134,0.00011856649999518703,-1.3901197719976204e-05,0.00012241705293002496,0.00011836072998515155,-1.3041916073381212e-05,-0.36748882871448746,1.3897042237372326,0.00037052460708914665,-0.367271085422958,1.3903176552458711,-0.00014425561767134,0.36748882871448746,-1.3897042237372326,-0.00037052460708914665,0.367271085422958,-1.3903176552458711,0.00014425561767134,-1.3267204090965414,2.208800254273827,0,-1.3267204090965414,2.208800254273827,0,-0.36748882871448746,1.3897042237372326,0.00037052460708914665,-0.367271085422958,1.3903176552458711,-0.00014425561767134,0,0,0,0,0,0,-0.36748882871448746,1.3897042237372326,0.00037052460708914665,-0.367271085422958,1.3903176552458711,-0.00014425561767134,0,0,0,0,0,0,0,0,0,0,0,0
control,0,221,1105,1110,2210000000,2210000000,0,-1,0.01,1,1,0,0,none,0,0,1,1,-0.089325202543878504,1.3126347498274867e-05,0.56569909692797071,0.99994447760116001,-1.0863701243802654e-05,-0.010537627670545264,2.0915604685325142e-09,0.00011710736614579103,-1.7126785055038568e-07,1.8505626782134376e-05,3.0057919199250534e-07,0.00020614888561529661,6.6923850739632155e-09,-1.2961103747434832,2.0929779774230841,-0.0012328830571384018,-1.296128520729519,2.0929268817997637,0.00048291677375731311,0.00012989715419234945,0.00012617821895174254,-1.1481004057833368e-05,0.00012989220193521028,0.00012597165659157574,-1.0556616245199123e-05,-0.36751525796798695,1.3896780548804868,0.00037043896734441221,-0.36729749870717188,1.3902915122038717,-0.00014434720131493398,0.36751525796798695,-1.3896780548804868,-0.00037043896734441221,0.36729749870717188,-1.3902915122038717,0.00014434720131493398,-1.3267204090965414,2.208800254273827,0,-1.3267204090965414,2.208800254273827,0,-0.36751525796798695,1.3896780548804868,0.00037043896734441221,-0.36729749870717188,1.3902915122038717,-0.00014434720131493398,0,0,0,0,0,0,-0.36751525796798695,1.3896780548804868,0.00037043896734441221,-0.36729749870717188,1.3902915122038717,-0.00014434720131493398,0,0,0,0,0,0,0,0,0,0,0,0
control,0,222,1110,1115,2220000000,2220000000,0,-1,0.01,1,1,0,0,none,0,0,1,1,-0.089324061987021197,1.3124764633200105e-05,0.56569927716576529,0.99994448817928638,-1.0862309537951427e-05,-0.010536623836644193,2.1022559049717228e-09,0.00011183194923707862,-1.4950437072510865e-07,1.7672123896679913e-05,2.6315814724515043e-07,0.00019686635793509066,1.0238131635514111e-09,-1.2961090451591837,2.0929792709939168,-0.0012329776057353422,-1.2961271912568528,2.0929281733246183,0.00048283175037092016,0.00013533508890945623,0.0001317789406520262,-9.0747889750451336e-06,0.00013532025442099913,0.0001315742363931077,-8.1005143246668712e-06,-0.3675393698816572,1.3896541309479442,0.00037034702116935493,-0.36732159445789475,1.3902676100359141,-0.00014444449939504268,0.3675393698816572,-1.3896541309479442,-0.00037034702116935493,0.36732159445789475,-1.3902676100359141,0.00014444449939504268,-1.3267204090965414,2.208800254273827,0,-1.3267204090965414,2.208800254273827,0,-0.3675393698816572,1.3896541309479442,0.00037034702116935493,-0.36732159445789475,1.3902676100359141,-0.00014444449939504268,0,0,0,0,0,0,-0.3675393698816572,1.3896541309479442,0.00037034702116935493,-0.36732159445789475,1.3902676100359141,-0.00014444449939504268,0,0,0,0,0,0,0,0,0,0,0,0
control,0,223,1115,1120,2230000000,2230000000,0,-1,0.01,1,1,0,0,none,0,0,1,1,-0.089322980439295707,1.3123403454853471e-05,0.56569944807992578,0.99994449820941034,-1.0861108946143683e-05,-0.010535671918146368,2.0870672439040282e-09,0.00010553679797680392,-1.2711247214689269e-07,1.6677489391868237e-05,2.2458415086599212e-07,0.00018578845308260761,-4.3582738552245444e-09,-1.2961076728028962,2.092980609117117,-0.0012330491345447165,-1.296125819105397,2.0929295094334441,0.00048277015994917217,0.00013878925316922731,0.00013542838916207552,-6.7108405050325117e-06,0.00013876528574762321,0.00013522800826014052,-5.7015431229018723e-06,-0.36756101940349684,1.3896325992967762,0.00037025028238866657,-0.36734322782235418,1.3902460960722038,-0.00014454597082860654,0.36756101940349684,-1.3896325992967762,-0.00037025028238866657,0.36734322782235418,-1.3902460960722038,0.00014454597082860654,-1.3267204090965414,2.208800254273827,0,-1.3267204090965414,2.208800254273827,0,-0.36756101940349684,1.3896325992967762,0.00037025028238866657,-0.36734322782235418,1.3902460960722038,-0.00014454597082860654,0,0,0,0,0,0,-0.36756101940349684,1.3896325992967762,0.00037025028238866657,-0.36734322782235418,1.3902460960722038,-0.00014454597082860654,0,0,0,0,0,0,0,0,0,0,0,0
control,0,224,1120,1125,2240000000,2240000000,0,-1,0.01,1,1,0,0,none,0,0,1,1,-0.089321967256025037,1.3122268315052996e-05,0.56569960819219178,0.99994450760491749,-1.0860103540490414e-05,-0.010534780150402528,2.0475433263839496e-09,9.8362822291569719e-05,-1.0441250109315786e-07,1.5543992794750479e-05,1.854133781533413e-07,0.00017316319585210588,-9.4037533218342794e-09,-1.29610627700642,2.0929819727602643,-0.0012330982330658014,-1.2961244235991285,2.0929308711172676,0.00048273126738463659,0.00014034361392261752,0.0001372061346225482,-4.41513838360884e-06,0.00014031132538221399,0.00013701233737966798,-3.3851693611246243e-06,-0.36758010050234102,1.389613568960818,0.00037015022683892083,-0.36736229295702855,1.390227079372643,-0.00014465012174733473,0.36758010050234102,-1.389613568960818,-0.00037015022683892083,0.36736229295702855,-1.390227079372643,0.00014465012174733473,-1.3267204090965414,2.208800254273827,0,-1.3267204090965414,2.208800254273827,0,-0.36758010050234102,1.389613568960818,0.00037015022683892083,-0.36736229295702855,1.390227079372643,-0.00014465012174733473,0,0,0,0,0,0,-0.36758010050234102,1.389613568960818,0.00037015022683892083,-0.36736229295702855,1.390227079372643,-0.00014465012174733473,0,0,0,0,0,0,0,0,0,0,0,0
control,0,225,1125,1130,2250000000,2250000000,0,-1,0.01,1,1,0,0,none,0,0,1,1,-0.08932103037128418,1.3121360447561584e-05,0.56569975624891067,0.99994451629238934,-1.085929468151369e-05,-0.010533955518011473,1.9854457993021573e-09,9.0452637992894348e-05,-8.171009656407717e-08,1.4294171295105312e-05,1.4617717841451525e-07,0.00015924161900190503,-1.4069201840617968e-08,-1.2961048761595131,2.0929833437890952,-0.0012331257253557347,-1.2961230231194465,2.0929322402631483,0.00048271410895248877,0.00014009982248218157,0.00013720937014675288,-2.2111857580695676e-06,0.00014006007412431295,0.00013702419595031611,-1.1742416218388148e-06,-0.36759654497806343,1.3895971117615609,0.00037004827689462387,-0.36737872183632569,1.3902106318342189,-0.00014475552060465467,0.36759654497806343,-1.3895971117615609,-0.00037004827689462387,0.36737872183632569,-1.3902106318342189,0.00014475552060465467,-1.3267204090965414,2.208800254273827,0,-1.3267204090965414,2.208800254273827,0,-0.36759654497806343,1.3895971117615609,0.00037004827689462387,-0.36737872183632569,1.3902106318342189,-0.00014475552060465467,0,0,0,0,0,0,-0.36759654497806343,1.3895971117615609,0.00037004827689462387,-0.36737872183632569,1.3902106318342189,-0.00014475552060465467,0,0,0,0,0,0,0,0,0,0,0,0
control,0,226,1130,1135,2260000000,2260000000,0,-1,0.01,1,1,0,0,none,0,0,1,1,-0.089320176291955808,1.3120678133614419e-05,0.56569989122195852,0.99994452421164792,-1.0858681158801784e-05,-0.010533203749562884,1.9027166684333614e-09,8.1948731513143417e-05,-5.9293169821963278e-08,1.2950539878764688e-05,1.0737678388372115e-07,0.00014427453249244476,-1.8318076148504473e-08,-1.2961034875469051,2.0929847051301755,-0.0012331326451497143,-1.2961216349423141,2.0929335998167096,0.00048271751850787842,0.00013817486217198389,0.0001355506162943975,-1.1988163184775597e-07,0.00013812855194449185,0.00013537587139317815,9.1112030241718237e-07,-0.36761032088889423,1.3895832637993757,0.00036994578762650671,-0.36739248267864427,1.3901967896783192,-0.00014486081156748438,0.36761032088889423,-1.3895832637993757,-0.00036994578762650671,0.36739248267864427,-1.3901967896783192,0.00014486081156748438,-1.3267204090965414,2.208800254273827,0,-1.3267204090965414,2.208800254273827,0,-0.36761032088889423,1.3895832637993757,0.00036994578762650671,-0.36739248267864427,1.3901967896783192,-0.00014486081156748438,0,0,0,0,0,0,-0.36761032088889423,1.3895832637993757,0.00036994578762650671,-0.36739248267864427,1.3901967896783192,-0.00014486081156748438,0,0,0,0,0,0,0,0,0,0,0,0
control,0,227,1135,1140,2270000000,2270000000,0,-1,0.01,1,1,0,0,none,0,0,1,1,-0.089319410109446079,1.312021689526299e-05,0.56570001230687261,0.99994453131563976,-1.0858259356071935e-05,-0.010532529327923668,1.8014453482397898e-09,7.2991742601150012e-05,-3.7429284020065822e-08,1.1535320168568483e-05,6.9478708192546348e-08,0.00012850950033701548,-2.2120799882593881e-08,-1.2961021272090314,2.0929860409103975,-0.0012331202100201489,-1.2961202750991168,2.0929349339215371,0.00048274015447279876,0.00013469865926127653,0.00013235538561141928,1.8405670327346474e-06,0.00013464670921850756,0.00013219263458517339,2.8535959507047877e-06,-0.36762143063901231,1.3895720272827363,0.00036984403465440796,-0.36740357803292384,1.3901855552756013,-0.00014496472613937487,0.36762143063901231,-1.3895720272827363,-0.00036984403465440796,0.36740357803292384,-1.3901855552756013,0.00014496472613937487,-1.3267204090965414,2.208800254273827,0,-1.3267204090965414,2.208800254273827,0,-0.36762143063901231,1.3895720272827363,0.00036984403465440796,-0.36740357803292384,1.3901855552756013,-0.00014496472613937487,0,0,0,0,0,0,-0.36762143063901231,1.3895720272827363,0.00036984403465440796,-0.36740357803292384,1.3901855552756013,-0.00014496472613937487,0,0,0,0,0,0,0,0,0,0,0,0
control,0,228,1140,1145,2280000000,2280000000,0,-1,0.01,1,1,0,0,none,0,0,1,1,-0.089318735527798981,1.3119969712471306e-05,0.56570011891839456,0.99994453757016522,-1.0858023437129106e-05,-0.010531935514957578,1.6838356337864331e-09,6.3718878284266755e-05,-1.6363443616208834e-08,1.0070190109313945e-05,3.2910852265570116e-08,0.00011218804849030802,-2.5454761132512086e-08,-1.296100809826664,2.0929873365730871,-0.0012330897949487339,-1.2961189582614143,2.0929362280352168,0.00048278052723544723,0.00012981168879148866,0.00012775983770720576,3.6546950247388521e-06,0.00012975503301770904,0.0001276103984754044,4.6386963512652231e-06,-0.36762990877171664,1.3895633726523176,0.00036974420373338322,-0.36741204257105187,1.3901768992656085,-0.00014506609298819742,0.36762990877171664,-1.3895633726523176,-0.00036974420373338322,0.36741204257105187,-1.3901768992656085,0.00014506609298819742,-1.3267204090965414,2.208800254273827,0,-1.3267204090965414,2.208800254273827,0,-0.36762990877171664,1.3895633726523176,0.00036974420373338322,-0.36741204257105187,1.3901768992656085,-0.00014506609298819742,0,0,0,0,0,0,-0.36762990877171664,1.3895633726523176,0.00036974420373338322,-0.36741204257105187,1.3901768992656085,-0.00014506609298819742,0,0,0,0,0,0,0,0,0,0,0,0
control,0,229,1145,1150,2290000000,2290000000,0,-1,0.01,1,1,0,0,none,0,0,1,1,-0.089318154906828762,1.3119927259833413e-05,0.56570021068364351,0.99994454295347457,-1.0857965549147915e-05,-0.010531424389463169,1.5521730032474647e-09,5.4262468990905949e-05,3.6837017165764606e-09,8.5760561057768531e-06,-1.9406734508278038e-09,9.5543122954826526e-05,-2.8304224245846196e-08,-1.2960995486293296,2.0929885789707976,-0.0012330429056696204,-1.2961176976494766,2.0929374690220981,0.00048283702660331803,0.0001236626039472518,0.00012190845467484809,5.3097921138657702e-06,0.00012360217701197889,0.0001217733969353003,6.2547597406176546e-06,-0.36763581951246244,1.3895572409543404,0.00036964738209519285,-0.36741794063029598,1.3901707629253437,-0.00014516384596802631,0.36763581951246244,-1.3895572409543404,-0.00036964738209519285,0.36741794063029598,-1.3901707629253437,0.00014516384596802631,-1.3267204090965414,2.208800254273827,0,-1.3267204090965414,2.208800254273827,0,-0.36763581951246244,1.3895572409543404,0.00036964738209519285,-0.36741794063029598,1.3901707629253437,-0.00014516384596802631,0,0,0,0,0,0,-0.36763581951246244,1.3895572409543404,0.00036964738209519285,-0.36741794063029598,1.3901707629253437,-0.00014516384596802631,0,0,0,0,0,0,0,0,0,0,0,0
control,0,230,1150,1155,2300000000,2300000000,0,-1,0.01,1,1,0,0,none,0,0,1,1,-0.089317669318795131,1.3120078158772445e-05,0.5657002874331537,0.9999445474557358,-1.0858076039692455e-05,-0.010530996897032541,1.4087926281602078e-09,4.4748675290738834e-05,2.2517240314998953e-08,7.0728490183467965e-06,-3.4734012007927887e-08,7.879681298271409e-05,-3.0660164582735484e-08,-1.2960983553271126,2.0929897564351454,-0.0012329811521209649,-1.2961165049641945,2.0929386452231338,0.00048290794897400965,0.00011640591702038543,0.00011495176281591915,6.7958821539525355e-06,0.00011634264311168857,0.00011483190969235379,7.692913349887675e-06,-0.36763925410867659,1.3895535464199551,0.00036955455152859181,-0.36742136355283067,1.3901670607437799,-0.00014525703035969727,0.36763925410867659,-1.3895535464199551,-0.00036955455152859181,0.36742136355283067,-1.3901670607437799,0.00014525703035969727,-1.3267204090965414,2.208800254273827,0,-1.3267204090965414,2.208800254273827,0,-0.36763925410867659,1.3895535464199551,0.00036955455152859181,-0.36742136355283067,1.3901670607437799,-0.00014525703035969727,0,0,0,0,0,0,-0.36763925410867659,1.3895535464199551,0.00036955455152859181,-0.36742136355283067,1.3901670607437799,-0.00014525703035969727,0,0,0,0,0,0,0,0,0,0,0,0
control,0,231,1155,1160,2310000000,2310000000,0,-1,0.01,1,1,0,0,none,0,0,1,1,-0.089317278617077445,1.3120409241126243e-05,0.56570034919001744,0.99994455107839619,-1.0858343683925139e-05,-0.010530652910470846,1.2560484501444079e-09,3.5296351370707963e-05,3.9968975237640686e-08,5.579344898833539e-06,-6.5173319316113175e-08,6.2158350160435312e-05,-3.2520026242597824e-08,-1.2960972400651873,2.0929908588243031,-0.0012329062223200174,-1.2961153903417162,2.0929397465034012,0.00048299152391227353,0.00010819975615447398,0.00010704412608291534,8.1056702790959828e-06,0.00010813453895246753,0.00010694005877061891,8.9470037773883304e-06,-0.3676403280104808,1.3895521792051617,0.00036946658318205038,-0.36742242686633159,1.3901656831569533,-0.00014534480736255148,0.3676403280104808,-1.3895521792051617,-0.00036946658318205038,0.36742242686633159,-1.3901656831569533,0.00014534480736255148,-1.3267204090965414,2.208800254273827,0,-1.3267204090965414,2.208800254273827,0,-0.3676403280104808,1.3895521792051617,0.00036946658318205038,-0.36742242686633159,1.3901656831569533,-0.00014534480736255148,0,0,0,0,0,0,-0.3676403280104808,1.3895521792051617,0.00036946658318205038,-0.36742242686633159,1.3901656831569533,-0.00014534480736255148,0,0,0,0,0,0,0,0,0,0,0,0
control,0,232,1160,1165,2320000000,2320000000,0,-1,0.01,1,1,0,0,none,0,0,1,1,-0.089316981515253233,1.3120905820115511e-05,0.56570039615738898,0.99994455383344583,-1.085875591852986e-05,-0.010530391299375306,1.0962836443663934e-09,2.6016069066584557e-05,5.5898005279673915e-08,4.113011087541478e-06,-9.300983672256017e-08,4.5822390083759174e-05,-3.3887416577134691e-08,-1.296096211400189,2.092991877548986,-0.001232819856951289,-1.2961143623299134,2.0929407642781532,0.00048308593984893919,9.9203720652180284e-05,9.8341632947312427e-05,9.2344610352853574e-06,9.9137434016192123e-05,9.8253698138837752e-05,1.0013498836268437e-05,-0.36763917793720691,1.3895530082486711,0.0003693842340336224,-0.36742126735056074,1.3901664994008767,-0.00014542645689649518,0.36763917793720691,-1.3895530082486711,-0.0003693842340336224,0.36742126735056074,-1.3901664994008767,0.00014542645689649518,-1.3267204090965414,2.208800254273827,0,-1.3267204090965414,2.208800254273827,0,-0.36763917793720691,1.3895530082486711,0.0003693842340336224,-0.36742126735056074,1.3901664994008767,-0.00014542645689649518,0,0,0,0,0,0,-0.36763917793720691,1.3895530082486711,0.0003693842340336224,-0.36742126735056074,1.3901664994008767,-0.00014542645689649518,0,0,0,0,0,0,0,0,0,0,0,0
control,0,233,1165,1170,2330000000,2330000000,0,-1,0.01,1,1,0,0,none,0,0,1,1,-0.089316775674965695,1.3121551964830565e-05,0.56570042870460147,0.99994455574260421,-1.0859299078992356e-05,-0.010530210007450219,9.3180275302479196e-10,1.7009304085943718e-05,7.0190926459407383e-08,2.6898779187999244e-06,-1.1804230488970138e-07,2.9967579519122163e-05,-3.4771739929111705e-08,-1.2960952762973268,2.0929928055779889,-0.0012327238249304842,-1.2961134278855799,2.0929416915184391,0.00048318936864601419,8.957685449035724e-05,8.900009649094686e-05,1.018005018157789e-05,8.951033403720175e-05,8.8928416291182474e-05,1.0891363886979457e-05,-0.36763595887231121,1.3895558842053199,0.00036930814497006638,-0.36741804003259387,1.3901693604402177,-0.00014550137878815322,0.36763595887231121,-1.3895558842053199,-0.00036930814497006638,0.36741804003259387,-1.3901693604402177,0.00014550137878815322,-1.3267204090965414,2.208800254273827,0,-1.3267204090965414,2.208800254273827,0,-0.36763595887231121,1.3895558842053199,0.00036930814497006638,-0.36741804003259387,1.3901693604402177,-0.00014550137878815322,0,0,0,0,0,0,-0.36763595887231121,1.3895558842053199,0.00036930814497006638,-0.36741804003259387,1.3901693604402177,-0.00014550137878815322,0,0,0,0,0,0,0,0,0,0,0,0
control,0,234,1170,1175,2340000000,2340000000,0,-1,0.01,1,1,0,0,none,0,0,1,1,-0.089316657800957294,1.3122330774551769e-05,0.56570044735215463,0.99994455683643924,-1.085995863703434e-05,-0.01053010613613106,7.6484574720536233e-10,8.3677839957241448e-06,8.2761672843587282e-08,1.3244359363242678e-06,-1.4011675073042486e-07,1.4755408299160275e-05,-3.5187779726138651e-08,-1.2960944401469547,2.0929936374244997,-0.0012326199001782855,-1.2961125923910808,2.0929425227375327,0.00048329998880239822,7.9475755000911393e-05,7.9173184870681137e-05,1.0942593182433362e-05,7.9409790600136341e-05,7.9117668952700804e-05,1.1581915742448374e-05,-0.36763084102754168,1.389560642414621,0.00036923884039436399,-0.36741291515142793,1.3901741019321026,-0.00014556909242784187,0.36763084102754168,-1.389560642414621,-0.00036923884039436399,0.36741291515142793,-1.3901741019321026,0.00014556909242784187,-1.3267204090965414,2.208800254273827,0,-1.3267204090965414,2.208800254273827,0,-0.36763084102754168,1.389560642414621,0.00036923884039436399,-0.36741291515142793,1.3901741019321026,-0.00014556909242784187,0,0,0,0,0,0,-0.36763084102754168,1.389560642414621,0.00036923884039436399,-0.36741291515142793,1.3901741019321026,-0.00014556909242784187,0,0,0,0,0,0,0,0,0,0,0,0
control,0,235,1175,1180,2350000000,2350000000,0,-1,0.01,1,1,0,0,none,0,0,1,1,-0.089316623741664436,1.3123224649435303e-05,0.56570045275582603,0.99994455715343611,-1.0860719435182248e-05,-0.010530076033104914,5.9756423444892028e-10,1.7299561114633576e-07,9.3551020267081792e-08,2.9558242960869815e-08,-1.5912568779753694e-07,3.2934178957059383e-07,-3.515523582075848e-08,-1.2960937067991689,2.092994369114578,-0.0012325098398085752,-1.2961118596890178,2.0929432539595383,0.0004834160071053394,6.9052831146274515e-05,6.901069642985048e-05,1.1524453473283643e-05,6.8988160390379862e-05,6.897105611067275e-05,1.2088657383412058e-05,-0.36762400681518964,1.3895671058663426,0.00036917672926890837,-0.36740607513086959,1.3901805471872983,-0.00014562923500077241,0.36762400681518964,-1.3895671058663426,-0.00036917672926890837,0.36740607513086959,-1.3901805471872983,0.00014562923500077241,-1.3267204090965414,2.208800254273827,0,-1.3267204090965414,2.208800254273827,0,-0.36762400681518964,1.3895671058663426,0.00036917672926890837,-0.36740607513086959,1.3901805471872983,-0.00014562923500077241,0,0,0,0,0,0,-0.36762400681518964,1.3895671058663426,0.00036917672926890837,-0.36740607513086959,1.3901805471872983,-0.00014562923500077241,0,0,0,0,0,0,0,0,0,0,0,0
control,0,236,1180,1185,2360000000,2360000000,0,-1,0.01,1,1,0,0,none,0,0,1,1,-0.089316668593802842,1.3124215554341432e-05,0.56570044569015276,0.9999445567390316,-1.0861565915660248e-05,-0.010530115384344764,4.319999822622676e-10,-7.5041523557236153e-06,1.0252577806086925e-07,-1.1835526689195149e-06,-1.7500677253162617e-07,-1.3185773346068758e-05,-3.4698228155809068e-08,-1.2960930786148679,2.0929949981393143,-0.0012323953639053935,-1.2961112321333479,2.0929438826717015,0.00048353567856407136,5.8454723064153433e-05,5.8656991111859184e-05,1.1930033629645056e-05,5.8392025712497845e-05,5.863275508689512e-05,1.2417096683779192e-05,-0.36761564786467876,1.389575088127484,0.00036912210749013576,-0.36739771159689122,1.3901885100928753,-0.00014568155840341036,0.36761564786467876,-1.389575088127484,-0.00036912210749013576,0.36739771159689122,-1.3901885100928753,0.00014568155840341036,-1.3267204090965414,2.208800254273827,0,-1.3267204090965414,2.208800254273827,0,-0.36761564786467876,1.389575088127484,0.00036912210749013576,-0.36739771159689122,1.3901885100928753,-0.00014568155840341036,0,0,0,0,0,0,-0.36761564786467876,1.389575088127484,0.00036912210749013576,-0.36739771159689122,1.3901885100928753,-0.00014568155840341036,0,0,0,0,0,0,0,0,0,0,0,0
control,0,237,1185,1190,2370000000,2370000000,0,-1,0.01,1,1,0,0,none,0,0,1,1,-0.08931678680942344,1.3125285272857664e-05,0.56570042703152423,0.99994455564462426,-1.0862482341035994e-05,-0.010530219308320274,2.7006590518838505e-10,-1.4603517147824151e-05,1.0967769780515417e-07,-2.3053945163686673e-06,-1.8774096700395196e-07,-2.5684040229393808e-05,-3.3844770418000207e-08,-1.2960925565316133,2.0929955233922786,-0.001232278137032446,-1.2961107106552918,2.0929444077620198,0.00048365732449357434,4.7820891768515402e-05,4.8249587261839511e-05,1.2165592574904477e-05,4.776078518661768e-05,4.8240118676332019e-05,1.257455239734404e-05,-0.36760596211679081,1.3895843961976881,0.00036907516148098859,-0.36738802247277524,1.390197797963671,-0.00014572592496793951,0.36760596211679081,-1.3895843961976881,-0.00036907516148098859,0.36738802247277524,-1.390197797963671,0.00014572592496793951,-1.3267204090965414,2.208800254273827,0,-1.3267204090965414,2.208800254273827,0,-0.36760596211679081,1.3895843961976881,0.00036907516148098859,-0.36738802247277524,1.390197797963671,-0.00014572592496793951,0,0,0,0,0,0,-0.36760596211679081,1.3895843961976881,0.00036907516148098859,-0.36738802247277524,1.390197797963671,-0.00014572592496793951,0,0,0,0,0,0,0,0,0,0,0,0
control,0,238,1190,1195,2380000000,2380000000,0,-1,0.01,1,1,0,0,none,0,0,1,1,-0.089316972303985553,1.3126415648864679e-05,0.5657003977411148,0.999944553926576,-1.0863453004300671e-05,-0.010530382451106152,1.1352961905622592e-10,-2.1075767531658992e-05,1.1502212898737223e-07,-3.3281723946843363e-06,-1.9735025905812704e-07,-3.7078592392240892e-05,-3.2626223313241339e-08,-1.2960921401425507,2.0929959450939575,-0.0012321597515895667,-1.296110294842296,2.0929448294438573,0.00048377934864645669,3.7282385298547272e-05,3.7917930366720401e-05,1.2239051836077796e-05,3.7225420875539325e-05,3.792244494388088e-05,1.2569950449636881e-05,-0.36759515102583662,1.389594833262884,0.00036903597288506605,-0.36737720918225841,1.3902082142922205,-0.00014576230211641884,0.36759515102583662,-1.389594833262884,-0.00036903597288506605,0.36737720918225841,-1.3902082142922205,0.00014576230211641884,-1.3267204090965414,2.208800254273827,0,-1.3267204090965414,2.208800254273827,0,-0.36759515102583662,1.389594833262884,0.00036903597288506605,-0.36737720918225841,1.3902082142922205,-0.00014576230211641884,0,0,0,0,0,0,-0.36759515102583662,1.389594833262884,0.00036903597288506605,-0.36737720918225841,1.3902082142922205,-0.00014576230211641884,0,0,0,0,0,0,0,0,0,0,0,0
control,0,239,1195,1200,2390000000,2390000000,0,-1,0.01,1,1,0,0,none,0,0,1,1,-0.089317218564074652,1.3127588813304341e-05,0.56570035884787206,0.99994455164521745,-1.0864462426333041e-05,-0.010530599081179504,-3.6000374009839198e-11,-2.6882295538072809e-05,1.1859645345574119e-07,-4.2457848553549685e-06,-2.0389499461706701e-07,-4.7301438820562393e-05,-3.1076737318449057e-08,-1.2960918277866116,2.0929962647049147,-0.0012320417131001754,-1.2961099830282616,2.0929451491692865,0.00048390025132168612,2.6960785029519054e-05,2.778233773823593e-05,1.2159794055824371e-05,2.69074455842706e-05,2.7799922649678368e-05,1.2413613781487122e-05,-0.36758341689670243,1.3896062013203396,0.00036900452422726141,-0.36736547398773395,1.3902195613705108,-0.00014579075608558018,0.36758341689670243,-1.3896062013203396,-0.00036900452422726141,0.36736547398773395,-1.3902195613705108,0.00014579075608558018,-1.3267204090965414,2.208800254273827,0,-1.3267204090965414,2.208800254273827,0,-0.36758341689670243,1.3896062013203396,0.00036900452422726141,-0.36736547398773395,1.3902195613705108,-0.00014579075608558018,0,0,0,0,0,0,-0.36758341689670243,1.3896062013203396,0.00036900452422726141,-0.36736547398773395,1.3902195613705108,-0.00014579075608558018,0,0,0,0,0,0,0,0,0,0,0,0
control,0,240,1200,1205,2400000000,2400000000,0,-1,0.01,1,1,0,0,none,0,0,1,1,-0.089317518753482289,1.3128787394131508e-05,0.56570031143176425,0.99994454886386919,-1.0865495538975215e-05,-0.010530863182777827,-1.7708583870499049e-10,-3.1995003936542682e-05,1.2045833110533285e-07,-5.0537903905587663e-06,-2.0747087827882038e-07,-5.6303090244016442e-05,-2.9232689546716653e-08,-1.2960916166481842,2.092996484829444,-0.0012319254274848559,-1.2961097723932362,2.0929453695329352,0.00048401864140830311,1.6967333577443502e-05,1.7953120584378897e-05,1.1938456645490376e-05,1.6918031691839897e-05,1.7982753809254497e-05,1.2117048675801587e-05,-0.36757096038065323,1.3896183036517191,0.00036898070541318222,-0.36735301748720034,1.3902316427599875,-0.00014581144485628099,0.36757096038065323,-1.3896183036517191,-0.00036898070541318222,0.36735301748720034,-1.3902316427599875,0.00014581144485628099,-1.3267204090965414,2.208800254273827,0,-1.3267204090965414,2.208800254273827,0,-0.36757096038065323,1.3896183036517191,0.00036898070541318222,-0.36735301748720034,1.3902316427599875,-0.00014581144485628099,0,0,0,0,0,0,-0.36757096038065323,1.3896183036517191,0.00036898070541318222,-0.36735301748720034,1.3902316427599875,-0.00014581144485628099,0,0,0,0,0,0,0,0,0,0,0,0
control,0,241,1205,1210,2410000000,2410000000,0,-1,0.01,1,1,0,0,none,0,0,1,1,-0.089317865816467251,1.3129994707763895e-05,0.56570025660747059,0.99994454564788648,-1.0866537852236567e-05,-0.01053116854677843,-3.0846730148716919e-10,-3.6395979901171388e-05,1.20683790488356e-07,-5.7493559487496998e-06,-2.0820570069910338e-07,-6.4051985082631691e-05,-2.7132122602495472e-08,-1.2960915028644435,2.0929966091114851,-0.0012318121903483726,-1.2961096590707544,2.0929454941680929,0.00048413324635003557,7.4022433508246975e-06,8.5298827900814929e-06,1.158672336958648e-05,7.3573206241667081e-06,8.5704526660285361e-06,1.1692730335123598e-05,-0.36755797815020114,1.3896309471239174,0.00036896432093603242,-0.36734003629038098,1.3902442655898093,-0.00014582461042176686,0.36755797815020114,-1.3896309471239174,-0.00036896432093603242,0.36734003629038098,-1.3902442655898093,0.00014582461042176686,-1.3267204090965414,2.208800254273827,0,-1.3267204090965414,2.208800254273827,0,-0.36755797815020114,1.3896309471239174,0.00036896432093603242,-0.36734003629038098,1.3902442655898093,-0.00014582461042176686,0,0,0,0,0,0,-0.36755797815020114,1.3896309471239174,0.00036896432093603242,-0.36734003629038098,1.3902442655898093,-0.00014582461042176686,0,0,0,0,0,0,0,0,0,0,0,0
control,0,242,1210,1215,2420000000,2420000000,0,-1,0.01,1,1,0,0,none,0,0,1,1,-0.089318252577126583,1.3131194930675866e-05,0.56570019550868833,0.99994454206374217,-1.0867575604428397e-05,-0.010531508858155804,-4.2906991900993926e-10,-4.0077066026897392e-05,1.1936519710293227e-07,-6.3311893134118919e-06,-2.0625584885995334e-07,-7.0533734661399529e-05,-2.4814192705461923e-08,-1.2960914816385602,2.0929966421245512,-0.0012317031782833577,-1.2961096382610482,2.0929455276368354,0.00048424292004084631,-1.6458177536799757e-06,-3.9900567803557619e-07,1.1117116299165355e-05,-1.6860905864792629e-06,-3.4868095563113928e-07,1.1153890155294729e-05,-0.36754466076914366,1.3896439442998267,0.00036895509767004904,-0.36732672089003915,1.3902572426653326,-0.00014583057052001863,0.36754466076914366,-1.3896439442998267,-0.00036895509767004904,0.36732672089003915,-1.3902572426653326,0.00014583057052001863,-1.3267204090965414,2.208800254273827,0,-1.3267204090965414,2.208800254273827,0,-0.36754466076914366,1.3896439442998267,0.00036895509767004904,-0.36732672089003915,1.3902572426653326,-0.00014583057052001863,0,0,0,0,0,0,-0.36754466076914366,1.3896439442998267,0.00036895509767004904,-0.36732672089003915,1.3902572426653326,-0.00014583057052001863,0,0,0,0,0,0,0,0,0,0,0,0
control,0,243,1215,1220,2430000000,2430000000,0,-1,0.01,1,1,0,0,none,0,0,1,1,-0.089318671833919533,1.3132373250112018e-05,0.56570012927320035,0.99994453817815254,-1.0868595894317336e-05,-0.01053187777917493,-5.3800678953368929e-10,-4.3039340415996545e-05,1.1660913246197715e-07,-6.7994570769600132e-06,-2.018026567191577e-07,-7.5750208358575034e-05,-2.231863352217484e-08,-1.2960915473570387,2.0929965892573836,-0.0012315994421673545,-1.2961097043483789,2.0929454753158701,0.00048434664868774602,-1.0100067675954225e-05,-8.7567665202370153e-06,1.0542791034946962e-05,-1.01354898054543e-05,-8.69791970766112e-06,1.0514307558697917e-05,-0.367531190772519,1.3896571153471005,0.00036895269309845902,-0.36731325374324209,1.3902703943750445,-0.00014582970998425868,0.367531190772519,-1.3896571153471005,-0.00036895269309845902,0.36731325374324209,-1.3902703943750445,0.00014582970998425868,-1.3267204090965414,2.208800254273827,0,-1.3267204090965414,2.208800254273827,0,-0.367531190772519,1.3896571153471005,0.00036895269309845902,-0.36731325374324209,1.3902703943750445,-0.00014582970998425868,0,0,0,0,0,0,-0.367531190772519,1.3896571153471005,0.00036895269309845902,-0.36731325374324209,1.3902703943750445,-0.00014582970998425868,0,0,0,0,0,0,0,0,0,0,0,0
control,0,244,1220,1225,2440000000,2440000000,0,-1,0.01,1,1,0,0,none,0,0,1,1,-0.089319116448506958,1.3133515993220653e-05,0.56570005902884224,0.99994453405725625,-1.0869586794666733e-05,-0.010532269027583458,-6.3457979971696685e-10,-4.5292517888163648e-05,1.1253421591717743e-07,-7.1556901823493309e-06,-1.9504865171523403e-07,-7.9718479873036054e-05,-1.9685240307951475e-08,-1.2960916937095011,2.0929964565969881,-0.0012315019024076253,-1.2961098510208082,2.0929453432797609,0.00048444355469918739,-1.7895786179824109e-05,-1.6478407486055376e-05,9.8773371528473823e-06,-1.7926225026829128e-05,-1.6412303623186886e-05,9.7881083046282951e-06,-0.36751774096521472,1.389670289733296,0.00036895670386464521,-0.36729980757125824,1.3902835503842279,-0.00014582247182498762,0.36751774096521472,-1.389670289733296,-0.00036895670386464521,0.36729980757125824,-1.3902835503842279,0.00014582247182498762,-1.3267204090965414,2.208800254273827,0,-1.3267204090965414,2.208800254273827,0,-0.36751774096521472,1.389670289733296,0.00036895670386464521,-0.36729980757125824,1.3902835503842279,-0.00014582247182498762,0,0,0,0,0,0,-0.36751774096521472,1.389670289733296,0.00036895670386464521,-0.36729980757125824,1.3902835503842279,-0.00014582247182498762,0,0,0,0,0,0,0,0,0,0,0,0
control,0,245,1225,1230,2450000000,2450000000,0,-1,0.01,1,1,0,0,none,0,0,1,1,-0.08931957942819102,1.3134610734222188e-05,0.56569998588047798,0.99994452976585102,-1.0870537446808414e-05,-0.01053267644917294,-7.1827812761654562e-10,-4.685428456857836e-05,1.0726890028543074e-07,-7.4026789523849529e-06,-1.8621375073689515e-07,-8.2469656180709499e-05,-1.6953381394121746e-08,-1.2960919138093159,2.0929962508106335,-0.0012314113460677946,-1.2961100713908036,2.0929451381831097,0.00048453289867716006,-2.4980333575390429e-05,-2.3510761715253545e-05,9.1345861048682987e-06,-2.5005722396933338e-05,-2.3438680187464978e-05,8.9895714530402425e-06,-0.36750447294634359,1.3896833077008952,0.00036896667451509496,-0.36728654388525872,1.3902965511088887,-0.00014580934817580004,0.36750447294634359,-1.3896833077008952,-0.00036896667451509496,0.36728654388525872,-1.3902965511088887,0.00014580934817580004,-1.3267204090965414,2.208800254273827,0,-1.3267204090965414,2.208800254273827,0,-0.36750447294634359,1.3896833077008952,0.00036896667451509496,-0.36728654388525872,1.3902965511088887,-0.00014580934817580004,0,0,0,0,0,0,-0.36750447294634359,1.3896833077008952,0.00036896667451509496,-0.36728654388525872,1.3902965511088887,-0.00014580934817580004,0,0,0,0,0,0,0,0,0,0,0,0
control,0,246,1230,1235,2460000000,2460000000,0,-1,0.01,1,1,0,0,none,0,0,1,1,-0.089320054001362725,1.313564637952851e-05,0.56569991089807936,0.99994452536669554,-1.0871438136149502e-05,-0.010533094084187521,-7.8877453919298048e-10,-4.7749578143856533e-05,1.0094927067717286e-07,-7.5443595044641044e-06,-1.7553145688902331e-07,-8.4047610822182998e-05,-1.4161539557242593e-08,-1.2960922003135495,2.0929959790283101,-0.0012313284257914519,-1.2961103581151634,2.0929448671431872,0.00048461407960945501,-3.1313021737561285e-05,-2.9812381632355412e-05,8.3284284005747113e-06,-3.1333356610532485e-05,-2.9735599141261048e-05,8.1329467390637264e-06,-0.36749153586329625,1.3896960215186507,0.00036898210631740682,-0.3672736117416206,1.3903092489663895,-0.0001457908712197897,0.36749153586329625,-1.3896960215186507,-0.00036898210631740682,0.3672736117416206,-1.3903092489663895,0.0001457908712197897,-1.3267204090965414,2.208800254273827,0,-1.3267204090965414,2.208800254273827,0,-0.36749153586329625,1.3896960215186507,0.00036898210631740682,-0.3672736117416206,1.3903092489663895,-0.0001457908712197897,0,0,0,0,0,0,-0.36749153586329625,1.3896960215186507,0.00036898210631740682,-0.3672736117416206,1.3903092489663895,-0.0001457908712197897,0,0,0,0,0,0,0,0,0,0,0,0
control,0,247,1235,1240,2470000000,2470000000,0,-1,0.01,1,1,0,0,none,0,0,1,1,-0.089320533685486633,1.3136613231013128e-05,0.56569983510598232,0.99994452091987884,-1.0872280348764169e-05,-0.010533516227166057,-8.4591964515195306e-10,-4.8009825939158518e-05,9.3716874332743325e-08,-7.5856935236026914e-06,-1.632451051378213e-07,-8.4507642905507161e-05,-1.1346889219655515e-08,-1.2960925455408374,2.092995648727038,-0.0012312536604218191,-1.296110703512855,2.0929445376244056,0.00048468663337391025,-3.6864848833872364e-05,-3.5353297374764351e-05,7.4726416341892444e-06,-3.6880185082931524e-05,-3.5273071977656948e-05,7.23228385943774e-06,-0.36747906539519737,1.3897082965075296,0.00036900246604483624,-0.36726114672661331,1.3903215094010233,-0.00014576760420514497,0.36747906539519737,-1.3897082965075296,-0.00036900246604483624,0.36726114672661331,-1.3903215094010233,0.00014576760420514497,-1.3267204090965414,2.208800254273827,0,-1.3267204090965414,2.208800254273827,0,-0.36747906539519737,1.3897082965075296,0.00036900246604483624,-0.36726114672661331,1.3903215094010233,-0.00014576760420514497,0,0,0,0,0,0,-0.36747906539519737,1.3897082965075296,0.00036900246604483624,-0.36726114672661331,1.3903215094010233,-0.00014576760420514497,0,0,0,0,0,0,0,0,0,0,0,0
control,0,248,1240,1245,2480000000,2480000000,0,-1,0.01,1,1,0,0,none,0,0,1,1,-0.089321012347273146,1.3137503027899462e-05,0.56569975947337736,0.9999445164822629,-1.087305680945498e-05,-0.010533937479909343,-8.8973428975283003e-10,-4.7672152730014481e-05,8.5716607303636923e-08,-7.5325432009385789e-06,-1.4960420200822192e-07,-8.391508279581503e-05,-8.5449111022959766e-09,-1.2960929415858742,2.0929952676183134,-0.0012311874372022262,-1.2961110996794658,2.0929441573259178,0.00048475022967997284,-4.1618109028693077e-05,-4.0114651933569536e-05,6.5807308481973388e-06,-4.1628557163539821e-05,-4.0032208295635926e-05,6.3012750574917651e-06,-0.36746718296446396,1.3897200118440627,0.00036902719461825799,-0.3672492701691622,1.3903332116873541,-0.00014574013265686645,0.36746718296446396,-1.3897200118440627,-0.00036902719461825799,0.3672492701691622,-1.3903332116873541,0.00014574013265686645,-1.3267204090965414,2.208800254273827,0,-1.3267204090965414,2.208800254273827,0,-0.36746718296446396,1.3897200118440627,0.00036902719461825799,-0.3672492701691622,1.3903332116873541,-0.00014574013265686645,0,0,0,0,0,0,-0.36746718296446396,1.3897200118440627,0.00036902719461825799,-0.3672492701691622,1.3903332116873541,-0.00014574013265686645,0,0,0,0,0,0,0,0,0,0,0,0
control,0,249,1245,1250,2490000000,2490000000,0,-1,0.01,1,1,0,0,none,0,0,1,1,-0.089321484254804989,1.3138308967976744e-05,0.56569968490606937,0.99994451210699797,-1.0873761501877557e-05,-0.01053435279736706,-9.2040026840031801e-10,-4.6778569792972799e-05,7.7094681201060115e-08,-7.3915432143556146e-06,-1.3486089949537659e-07,-8.2343864737902684e-05,-5.7890490563660131e-09,-1.296093380429354,2.0929948435398513,-0.0012311300154304896,-1.2961115385971012,2.0929437340734989,0.00048480466758376499,-4.5565890414559835e-05,-4.4088224596582498e-05,5.6657822728096636e-06,-4.5571611659958985e-05,-4.4004740562532427e-05,5.3531119917957532e-06,-0.36745599517062782,1.3897310611446028,0.00036905571551550635,-0.36723808857579338,1.3903442495147811,-0.00014570905587471926,0.36745599517062782,-1.3897310611446028,-0.00036905571551550635,0.36723808857579338,-1.3903442495147811,0.00014570905587471926,-1.3267204090965414,2.208800254273827,0,-1.3267204090965414,2.208800254273827,0,-0.36745599517062782,1.3897310611446028,0.00036905571551550635,-0.36723808857579338,1.3903442495147811,-0.00014570905587471926,0,0,0,0,0,0,-0.36745599517062782,1.3897310611446028,0.00036905571551550635,-0.36723808857579338,1.3903442495147811,-0.00014570905587471926,0,0,0,0,0,0,0,0,0,0,0,0
control,0,250,1250,1255,2500000000,2500000000,0,-1,0.01,1,1,0,0,none,0,0,1,1,-0.089321944121496757,1.3139025709074922e-05,0.56569961223952714,0.99994450784311495,-1.0874389671517751e-05,-0.010534757526337675,-9.3824957051072332e-10,-4.5375156212467818e-05,6.79966914433423e-08,-7.1699714484790926e-06,-1.1926664110181074e-07,-7.9875085812412342e-05,-3.1104082960028132e-09,-1.2960938540423159,2.0929943843526675,-0.0012310815314307713,-1.2961120122386831,2.0929432757167543,0.00048484986972141618,-4.8711473912342158e-05,-4.7275856018563539e-05,4.7403314454209243e-06,-4.8712675412684281e-05,-4.7192450586324943e-05,4.4003577624886221e-06,-0.36744559343983763,1.3897413528379416,0.00036908744285696034,-0.36722769328118082,1.3903545313607515,-0.00014567497880454928,0.36744559343983763,-1.3897413528379416,-0.00036908744285696034,0.36722769328118082,-1.3903545313607515,0.00014567497880454928,-1.3267204090965414,2.208800254273827,0,-1.3267204090965414,2.208800254273827,0,-0.36744559343983763,1.3897413528379416,0.00036908744285696034,-0.36722769328118082,1.3903545313607515,-0.00014567497880454928,0,0,0,0,0,0,-0.36744559343983763,1.3897413528379416,0.00036908744285696034,-0.36722769328118082,1.3903545313607515,-0.00014567497880454928,0,0,0,0,0,0,0,0,0,0,0,0
control,0,251,1255,1260,2510000000,2510000000,0,-1,0.01,1,1,0,0,none,0,0,1,1,-0.089322387141873266,1.3139649351926563e-05,0.56569954223322561,0.99994450373519117,-1.0874937812481109e-05,-0.010535147436968546,-9.4375236096463646e-10,-4.3511242848905038e-05,5.8565805487259942e-08,-6.8756201046403052e-06,-1.0306901176344662e-07,-7.6595569538080266e-05,-5.3749980148927727e-10,-1.296094354483988,2.0929938978444032,-0.0012310420046990028,-1.2961125126657458,2.0929427900325588,0.00048488587541188399,-5.1067646903352091e-05,-4.968878791741186e-05,3.8162463619043143e-06,-5.1064576662118899e-05,-4.9606510691463292e-05,3.4548346681130293e-06,-0.36743605388028588,1.3897508103349621,0.00036912178909160562,-0.36721816030455456,1.3903639806612555,-0.00014563850435697084,0.36743605388028588,-1.3897508103349621,-0.00036912178909160562,0.36721816030455456,-1.3903639806612555,0.00014563850435697084,-1.3267204090965414,2.208800254273827,0,-1.3267204090965414,2.208800254273827,0,-0.36743605388028588,1.3897508103349621,0.00036912178909160562,-0.36721816030455456,1.3903639806612555,-0.00014563850435697084,0,0,0,0,0,0,-0.36743605388028588,1.3897508103349621,0.00036912178909160562,-0.36721816030455456,1.3903639806612555,-0.00014563850435697084,0,0,0,0,0,0,0,0,0,0,0,0
control,0,252,1260,1265,2520000000,2520000000,0,-1,0.01,1,1,0,0,none,0,0,1,1,-0.089322809019252214,1.3140177405715297e-05,0.56569947556626621,0.99994449982309275,-1.0875403639205818e-05,-0.010535518747131213,-9.3750390897827516e-10,-4.1238608677069522e-05,4.8941087263569124e-08,-6.5166687717383765e-06,-8.6508820613815044e-08,-7.2596451215018454e-05,1.9039715930205313e-09,-1.2960948739923552,2.0929933916396699,-0.0012310113450733344,-1.296113032118952,2.0929422846354941,0.00048491283278425561,-5.2655945463292919e-05,-5.1346930606774976e-05,2.9046260741153337e-06,-5.2648887095049336e-05,-5.1266752778475622e-05,2.5275280134542712e-06,-0.36742743733203942,1.389759372005795,0.0003691581722182946,-0.36720955040043046,1.3903725357891616,-0.0001456002262359494,0.36742743733203942,-1.389759372005795,-0.0003691581722182946,0.36720955040043046,-1.3903725357891616,0.0001456002262359494,-1.3267204090965414,2.208800254273827,0,-1.3267204090965414,2.208800254273827,0,-0.36742743733203942,1.389759372005795,0.0003691581722182946,-0.36720955040043046,1.3903725357891616,-0.0001456002262359494,0,0,0,0,0,0,-0.36742743733203942,1.389759372005795,0.0003691581722182946,-0.36720955040043046,1.3903725357891616,-0.0001456002262359494,0,0,0,0,0,0,0,0,0,0,0,0
control,0,253,1265,1270,2530000000,2530000000,0,-1,0.01,1,1,0,0,none,0,0,1,1,-0.089323205985509579,1.3140608737752559e-05,0.56569941283424763,0.99994449614178993,-1.087578604433411e-05,-0.01053586813982867,-9.2021068298819937e-10,-3.8610698451512939e-05,3.9255970741421016e-08,-6.1015608175550571e-06,-6.9817438859457329e-08,-6.7971800773340625e-05,4.1912721878840581e-09,-1.2960954050668199,2.0929928731180567,-0.0012309893607775934,-1.2961135631007008,2.0929417668959411,0.00048493099008681576,-5.3505838479949091e-05,-5.227807229894615e-05,2.0157150932312519e-06,-5.3495105857284969e-05,-5.2200879152264113e-05,1.6285061936385477e-06,-0.3674197895989389,1.3897669909776917,0.00036919602247861643,-0.36720190929130159,1.3903801498533586,-0.00014556072233572664,0.3674197895989389,-1.3897669909776917,-0.00036919602247861643,0.36720190929130159,-1.3903801498533586,0.00014556072233572664,-1.3267204090965414,2.208800254273827,0,-1.3267204090965414,2.208800254273827,0,-0.3674197895989389,1.3897669909776917,0.00036919602247861643,-0.36720190929130159,1.3903801498533586,-0.00014556072233572664,0,0,0,0,0,0,-0.3674197895989389,1.3897669909776917,0.00036919602247861643,-0.36720190929130159,1.3903801498533586,-0.00014556072233572664,0,0,0,0,0,0,0,0,0,0,0,0
control,0,254,1270,1275,2540000000,2540000000,0,-1,0.01,1,1,0,0,none,0,0,1,1,-0.089323574813189949,1.3140943508843733e-05,0.56569935454734666,0.99994449272124275,-1.0876085044083138e-05,-0.010536192773865621,-8.9267582513834014e-10,-3.568186981672414e-05,2.9636893896775511e-08,-5.6388844116696632e-06,-5.3214413122447392e-08,-6.2817297418361483e-05,6.3047603832084062e-09,-1.2960959405424488,2.0929923493402978,-0.0012309757671849259,-1.2961140984493218,2.0929412438663113,0.00048494068633512936,-5.3653867562198557e-05,-5.2517043068332374e-05,1.1588335275161954e-06,-5.3639799408831089e-05,-5.2443628040104181e-05,7.6685693469197369e-07,-0.36741314184776813,1.3897736347669531,0.00036923478847910197,-0.3671952680675224,1.3903867903322482,-0.0001455205487472734,0.36741314184776813,-1.3897736347669531,-0.00036923478847910197,0.3671952680675224,-1.3903867903322482,0.0001455205487472734,-1.3267204090965414,2.208800254273827,0,-1.3267204090965414,2.208800254273827,0,-0.36741314184776813,1.3897736347669531,0.00036923478847910197,-0.3671952680675224,1.3903867903322482,-0.0001455205487472734,0,0,0,0,0,0,-0.36741314184776813,1.3897736347669531,0.00036923478847910197,-0.3671952680675224,1.3903867903322482,-0.0001455205487472734,0,0,0,0,0,0,0,0,0,0,0,0
control,0,255,1275,1280,2550000000,2550000000,0,-1,0.01,1,1,0,0,none,0,0,1,1,-0.089323912820301471,1.3141183095995236e-05,0.56569930112955569,0.99994448958635485,-1.0876301712536134e-05,-0.010536490288079861,-8.5578421567531229e-10,-3.2506677112072707e-05,2.0202100589004947e-08,-5.1372593378283695e-06,-3.6905367159396327e-08,-5.7228968852022882e-05,8.2279622706049595e-09,-1.2960964736554503,2.0929918269829897,-0.0012309701961501849,-1.2961146314044982,2.0929407222158178,0.00048494234145396111,-5.3142755973963768e-05,-5.2104846456563039e-05,3.4232282866648131e-07,-5.3125710484794997e-05,-5.2035906709290134e-05,-4.9360580533333282e-08,-0.36740751115913223,1.3897792847597323,0.00036927394270362213,-0.3671896437387912,1.3903924385561737,-0.00014548023440716165,0.36740751115913223,-1.3897792847597323,-0.00036927394270362213,0.3671896437387912,-1.3903924385561737,0.00014548023440716165,-1.3267204090965414,2.208800254273827,0,-1.3267204090965414,2.208800254273827,0,-0.36740751115913223,1.3897792847597323,0.00036927394270362213,-0.3671896437387912,1.3903924385561737,-0.00014548023440716165,0,0,0,0,0,0,-0.36740751115913223,1.3897792847597323,0.00036927394270362213,-0.3671896437387912,1.3903924385561737,-0.00014548023440716165,0,0,0,0,0,0,0,0,0,0,0,0
control,0,256,1280,1285,2560000000,2560000000,0,-1,0.01,1,1,0,0,none,0,0,1,1,-0.089324217868200592,1.3141330004179536e-05,0.56569925291901146,0.99994448675699232,-1.087643810633382e-05,-0.010536758799491844,-8.1048732864352932e-10,-2.9139198219880072e-05,1.1060616299786947e-08,-4.6052305841147276e-06,-2.1080203242302135e-08,-5.130200622187234e-05,9.9476060395824743e-09,-1.2960969980996373,2.0929913122820953,-0.0012309722057618207,-1.2961151556636779,2.0929402081740127,0.00048493644606463336,-5.2020499112343598e-05,-5.1087771513581361e-05,-4.2649314742909586e-07,-5.2000848652178517e-05,-5.1023905002624865e-05,-8.1314806671679292e-07,-0.36740290121418107,1.3897839355580501,0.00036931298638591766,-0.36718503992138468,1.390397089055275,-0.00014544027641605415,0.36740290121418107,-1.3897839355580501,-0.00036931298638591766,0.36718503992138468,-1.390397089055275,0.00014544027641605415,-1.3267204090965414,2.208800254273827,0,-1.3267204090965414,2.208800254273827,0,-0.36740290121418107,1.3897839355580501,0.00036931298638591766,-0.36718503992138468,1.390397089055275,-0.00014544027641605415,0,0,0,0,0,0,-0.36740290121418107,1.3897839355580501,0.00036931298638591766,-0.36718503992138468,1.390397089055275,-0.00014544027641605415,0,0,0,0,0,0,0,0,0,0,0,0
control,0,257,1285,1290,2570000000,2570000000,0,-1,0.01,1,1,0,0,none,0,0,1,1,-0.08932448835303082,1.3141387768912932e-05,0.56569921016934321,0.99994448424806093,-1.0876497181279457e-05,-0.010536996895780583,-7.5778808090350163e-10,-2.5632409876959594e-05,2.3114001414222873e-09,-4.0511695866371414e-06,-5.9116070427814859e-09,-4.5129664372603916e-05,1.1453613325152255e-08,-1.2960975080737687,2.0929908109853685,-0.0012309812903687223,-1.2961156654293626,2.0929397074832354,0.00048492355106382039,-5.0339448966348074e-05,-4.9516497024801543e-05,-1.1413323179252918e-06,-5.0317574906514382e-05,-4.9458200993568163e-05,-1.5185856272617033e-06,-0.36739930309982366,1.3897875942070383,0.00036935145372651293,-0.36718144764378585,1.390400748788589,-0.00014540113603778303,0.36739930309982366,-1.3897875942070383,-0.00036935145372651293,0.36718144764378585,-1.390400748788589,0.00014540113603778303,-1.3267204090965414,2.208800254273827,0,-1.3267204090965414,2.208800254273827,0,-0.36739930309982366,1.3897875942070383,0.00036935145372651293,-0.36718144764378585,1.390400748788589,-0.00014540113603778303,0,0,0,0,0,0,-0.36739930309982366,1.3897875942070383,0.00036935145372651293,-0.36718144764378585,1.390400748788589,-0.00014540113603778303,0,0,0,0,0,0,0,0,0,0,0,0
control,0,258,1290,1295,2580000000,2580000000,0,-1,0.01,1,1,0,0,none,0,0,1,1,-0.089324723191228028,1.3141360851417091e-05,0.56569917305195949,0.9999444820696396,-1.0876482702387964e-05,-0.010537203622536866,-6.9872585551499135e-10,-2.2037615943028623e-05,-5.9573259091506968e-09,-3.4831838271632756e-06,8.4461412789158399e-09,-3.8802255285379172e-05,1.2739053535305668e-08,-1.2960979983197742,2.0929903283137086,-0.0012309968907431577,-1.2961161554472831,2.0929392253599737,0.0004849042571331953,-4.8155403814343281e-05,-4.7445199456019095e-05,-1.7969643879741616e-06,-4.8131691558252121e-05,-4.7392870299956711e-05,-2.1608350597660184e-06,-0.36739669621548482,1.3897902793206049,0.00036938891544234596,-0.36717884625376268,1.3904034362716895,-0.0001453632353869703,0.36739669621548482,-1.3897902793206049,-0.00036938891544234596,0.36717884625376268,-1.3904034362716895,0.0001453632353869703,-1.3267204090965414,2.208800254273827,0,-1.3267204090965414,2.208800254273827,0,-0.36739669621548482,1.3897902793206049,0.00036938891544234596,-0.36717884625376268,1.3904034362716895,-0.0001453632353869703,0,0,0,0,0,0,-0.36739669621548482,1.3897902793206049,0.00036938891544234596,-0.36717884625376268,1.3904034362716895,-0.0001453632353869703,0,0,0,0,0,0,0,0,0,0,0,0
control,0,259,1295,1300,2590000000,2590000000,0,-1,0.01,1,1,0,0,none,0,0,1,1,-0.089324921799644061,1.3141254528125661e-05,0.56569914165918489,0.99994448022716409,-1.0876399148902746e-05,-0.010537378465779356,-6.3436187233962145e-10,-1.8403932189960944e-05,-1.366857262045178e-08,-2.9090353582243322e-06,2.1858053309139395e-08,-3.2406241005246929e-05,1.3800061868735899e-08,-1.2960984641519757,2.0929898689313435,-0.00123101840424819,-1.2961166210355732,2.092938766465041,0.00048487920431131924,-4.5526713975070774e-05,-4.4930675072000841e-05,-2.3892075068020401e-06,-4.5501548231373015e-05,-4.488460947897958e-05,-2.7361298652348197e-06,-0.36739504926382599,1.3897920201224094,0.00036942498164979707,-0.36717720440927126,1.3904051806196507,-0.00014532695480013401,0.36739504926382599,-1.3897920201224094,-0.00036942498164979707,0.36717720440927126,-1.3904051806196507,0.00014532695480013401,-1.3267204090965414,2.208800254273827,0,-1.3267204090965414,2.208800254273827,0,-0.36739504926382599,1.3897920201224094,0.00036942498164979707,-0.36717720440927126,1.3904051806196507,-0.00014532695480013401,0,0,0,0,0,0,-0.36739504926382599,1.3897920201224094,0.00036942498164979707,-0.36717720440927126,1.3904051806196507,-0.00014532695480013401,0,0,0,0,0,0,0,0,0,0,0,0
control,0,260,1300,1305,2600000000,2600000000,0,-1,0.01,1,1,0,0,none,0,0,1,1,-0.089325084070870753,1.3141074776267209e-05,0.56569911600815692,0.99994447872165493,-1.0876251615778022e-05,-0.010537521330245792,-5.6576507370818054e-10,-1.4777830267653343e-05,-2.0756907686205404e-08,-2.3360686741980109e-06,3.4209022340006072e-08,-2.6023430715259623e-05,1.4635721978376515e-08,-1.2960989014775255,2.0929894369246473,-0.0012310451948861171,-1.2961170581051624,2.0929383348823771,0.0004848490617500057,-4.2513413371316897e-05,-4.203148599678835e-05,-2.9149124346645421e-06,-4.2487173690946149e-05,-4.1991883283227557e-05,-3.2417529248484767e-06,-0.36739432130813432,1.3897928554191508,0.00036945930408756837,-0.3671764811360117,1.390406020522323,-0.00014529263087875927,0.36739432130813432,-1.3897928554191508,-0.00036945930408756837,0.3671764811360117,-1.390406020522323,0.00014529263087875927,-1.3267204090965414,2.208800254273827,0,-1.3267204090965414,2.208800254273827,0,-0.36739432130813432,1.3897928554191508,0.00036945930408756837,-0.3671764811360117,1.390406020522323,-0.00014529263087875927,0,0,0,0,0,0,-0.36739432130813432,1.3897928554191508,0.00036945930408756837,-0.3671764811360117,1.390406020522323,-0.00014529263087875927,0,0,0,0,0,0,0,0,0,0,0,0
control,0,261,1305,1310,2610000000,2610000000,0,-1,0.01,1,1,0,0,none,0,0,1,1,-0.089325210344367717,1.3140828157204888e-05,0.56569909604538671,0.99994447754998483,-1.0876045713083981e-05,-0.010537632513990159,-4.9399866519142128e-10,-1.1202742614556e-05,-2.7168614350311028e-08,-1.7711482167557248e-06,4.5404126076779131e-08,-1.9730285094037038e-05,1.5247921732395273e-08,-1.296099306808369,2.0929890357892957,-0.0012310766031139017,-1.2961174631716963,2.0929379341061751,0.00048481451776756246,-3.9176385811884521e-05,-3.8807139013225887e-05,-3.3719352243571935e-06,-3.9149442450280211e-05,-3.877410454740073e-05,-3.6760028701688243e-06,-0.36739446287935079,1.3897928325228948,0.00036949157769538833,-0.36717662693446623,1.3904060031686434,-0.00014526055518676028,0.36739446287935079,-1.3897928325228948,-0.00036949157769538833,0.36717662693446623,-1.3904060031686434,0.00014526055518676028,-1.3267204090965414,2.208800254273827,0,-1.3267204090965414,2.208800254273827,0,-0.36739446287935079,1.3897928325228948,0.00036949157769538833,-0.36717662693446623,1.3904060031686434,-0.00014526055518676028,0,0,0,0,0,0,-0.36739446287935079,1.3897928325228948,0.00036949157769538833,-0.36717662693446623,1.3904060031686434,-0.00014526055518676028,0,0,0,0,0,0,0,0,0,0,0,0
control,0,262,1310,1315,2620000000,2620000000,0,-1,0.01,1,1,0,0,none,0,0,1,1,-0.089325301374009264,1.3140521699144452e-05,0.56569908165188432,0.99994447670517927,-1.0875787464733383e-05,-0.010537712679827735,-4.2010743976149693e-10,-7.7187292341203899e-06,-3.2861692075200731e-08,-1.220605652636477e-06,5.5368655638602508e-08,-1.3597329561376121e-05,1.5641180748478148e-08,-1.2960996772651256,2.0929886684253947,-0.0012311119553215387,-1.296117833359379,2.0929375670359689,0.00048477627030044004,-3.5576573822557578e-05,-3.5317305025757047e-05,-3.7590994512887416e-06,-3.5549283947553751e-05,-3.5290854629363747e-05,-4.038150300296372e-06,-0.36739541711625556,1.3897920061387266,0.00036952154156902599,-0.36717758492002756,1.3904051831362412,-0.00014523097357511719,0.36739541711625556,-1.3897920061387266,-0.00036952154156902599,0.36717758492002756,-1.3904051831362412,0.00014523097357511719,-1.3267204090965414,2.208800254273827,0,-1.3267204090965414,2.208800254273827,0,-0.36739541711625556,1.3897920061387266,0.00036952154156902599,-0.36717758492002756,1.3904051831362412,-0.00014523097357511719,0,0,0,0,0,0,-0.36739541711625556,1.3897920061387266,0.00036952154156902599,-0.36717758492002756,1.3904051831362412,-0.00014523097357511719,0,0,0,0,0,0,0,0,0,0,0,0
control,0,263,1315,1320,2630000000,2630000000,0,-1,0.01,1,1,0,0,none,0,0,1,1,-0.089325358292671395,1.3140162780736162e-05,0.56569907264875541,0.9999444761767452,-1.0875483207853999e-05,-0.010537762824173796,-3.4510600489938925e-10,-4.3622064474045265e-06,-3.7805708478109323e-08,-6.9019694821924327e-07,6.4047886462725234e-08,-7.688676616591548e-06,1.5822453830424845e-08,-1.2961000105733513,2.0929883371401239,-0.0012311505728797769,-1.296118166397201,2.0929372359792304,0.00048473501784371574,-3.1774236954395203e-05,-3.1621086021840449e-05,-4.0761491155566398e-06,-3.1746941214946853e-05,-3.1601151238698422e-05,-4.3283850033722852e-06,-0.36739712092284954,1.38979043723347,0.00036954897931971092,-0.36717929198026261,1.3904036212620168,-0.0001452040861029461,0.36739712092284954,-1.38979043723347,-0.00036954897931971092,0.36717929198026261,-1.3904036212620168,0.0001452040861029461,-1.3267204090965414,2.208800254273827,0,-1.3267204090965414,2.208800254273827,0,-0.36739712092284954,1.38979043723347,0.00036954897931971092,-0.36717929198026261,1.3904036212620168,-0.0001452040861029461,0,0,0,0,0,0,-0.36739712092284954,1.38979043723347,0.00036954897931971092,-0.36717929198026261,1.3904036212620168,-0.0001452040861029461,0,0,0,0,0,0,0,0,0,0,0,0
control,0,264,1320,1325,2640000000,2640000000,0,-1,0.01,1,1,0,0,none,0,0,1,1,-0.089325382574474421,1.313975901699658e-05,0.56569906880316634,0.99994447595102109,-1.0875139494047783e-05,-0.010537784243818609,-2.6996800472601194e-10,-1.1657369735434003e-06,-4.1981512907921535e-08,-1.8506915986887059e-07,7.1406608293957033e-08,-2.0616561370970612e-06,1.580091708262781e-08,-1.2961003050527167,2.0929880436574013,-0.0012311917806752479,-1.2961184606080844,2.0929369426609759,0.00048469145095896764,-2.7828265522614877e-05,-2.7776335256589264e-05,-4.3236934213383587e-06,-2.7801285012372403e-05,-2.7762769364811994e-05,-4.5477553997637378e-06,-0.36739950612761318,1.3897881918999928,0.00036957371887364133,-0.36718167993396528,1.3904013835082607,-0.00014518004751770211,0.36739950612761318,-1.3897881918999928,-0.00036957371887364133,0.36718167993396528,-1.3904013835082607,0.00014518004751770211,-1.3267204090965414,2.208800254273827,0,-1.3267204090965414,2.208800254273827,0,-0.36739950612761318,1.3897881918999928,0.00036957371887364133,-0.36718167993396528,1.3904013835082607,-0.00014518004751770211,0,0,0,0,0,0,-0.36739950612761318,1.3897881918999928,0.00036957371887364133,-0.36718167993396528,1.3904013835082607,-0.00014518004751770211,0,0,0,0,0,0,0,0,0,0,0,0
control,0,265,1325,1330,2650000000,2650000000,0,-1,0.01,1,1,0,0,none,0,0,1,1,-0.089325375995288239,1.3139318148863695e-05,0.56569906983458529,0.99994447601154335,-1.0874762993680443e-05,-0.010537778501172003,-1.9561641665950631e-10,1.8421200049138317e-06,-4.5380823522942817e-08,2.902633060370761e-07,7.7428435113357056e-08,3.2334487285206741e-06,1.5587736774287259e-08,-1.2961005595996737,2.0929877891339923,-0.0012312349150619009,-1.2961187148915236,2.0929366882398117,0.00048464624441656032,-2.3795554256625796e-05,-2.3839035877703216e-05,-4.5031445250247374e-06,-2.3769187882918623e-05,-2.3831620519836217e-05,-4.6981014095787847e-06,-0.36740250063102736,1.3897853402318328,0.00036959563174482151,-0.36718467667838917,1.3903985398389629,-0.00014515896825448917,0.36740250063102736,-1.3897853402318328,-0.00036959563174482151,0.36718467667838917,-1.3903985398389629,0.00014515896825448917,-1.3267204090965414,2.208800254273827,0,-1.3267204090965414,2.208800254273827,0,-0.36740250063102736,1.3897853402318328,0.00036959563174482151,-0.36718467667838917,1.3903985398389629,-0.00014515896825448917,0,0,0,0,0,0,-0.36740250063102736,1.3897853402318328,0.00036959563174482151,-0.36718467667838917,1.3903985398389629,-0.00014515896825448917,0,0,0,0,0,0,0,0,0,0,0,0
control,0,266,1330,1335,2660000000,2660000000,0,-1,0.01,1,1,0,0,none,0,0,1,1,-0.089325340592087799,1.3138847937576281e-05,0.56569907542120557,0.99994447633942396,-1.0874360404239624e-05,-0.01053774738849554,-1.2291498931525241e-10,4.6369007804264772e-06,-4.8005700360745823e-08,7.3193327346610522e-07,8.2114916357420366e-08,8.1535635784011116e-06,1.5195825144885981e-08,-1.2961007736642394,2.0929875741814681,-0.0012312793311693693,-1.2961189287003438,2.0929364733298272,0.00048460005002728317,-1.973043985720047e-05,-1.9862741579364032e-05,-4.6166495298997306e-06,-1.970496211058141e-05,-1.9861193898699283e-05,-4.7819819989321897e-06,-0.36740602952783896,1.3897819552206758,0.0003696146318273058,-0.36718820731120522,1.3903951631188449,-0.00014514091590823834,0.36740602952783896,-1.3897819552206758,-0.0003696146318273058,0.36718820731120522,-1.3903951631188449,0.00014514091590823834,-1.3267204090965414,2.208800254273827,0,-1.3267204090965414,2.208800254273827,0,-0.36740602952783896,1.3897819552206758,0.0003696146318273058,-0.36718820731120522,1.3903951631188449,-0.00014514091590823834,0,0,0,0,0,0,-0.36740602952783896,1.3897819552206758,0.0003696146318273058,-0.36718820731120522,1.3903951631188449,-0.00014514091590823834,0,0,0,0,0,0,0,0,0,0,0,0
control,0,267,1335,1340,2670000000,2670000000,0,-1,0.01,1,1,0,0,none,0,0,1,1,-0.089325278621724707,1.3138356064938832e-05,0.56569908520646139,0.99994447691373323,-1.0873938363689886e-05,-0.010537692891619573,-5.2660859366306136e-11,7.198273638569664e-06,-4.986791757009807e-08,1.1367265604811478e-06,8.5484471403607547e-08,1.2662887206911331e-05,1.4639590671514167e-08,-1.2961009472215486,2.092987398893376,-0.00123132440952092,-1.296119102012236,2.0929362980276882,0.00048455349020628771,-1.5684205505176838e-05,-1.589808179038598e-05,-4.6670179350373727e-06,-1.5659864643763299e-05,-1.5902061953478193e-05,-4.8025986322914569e-06,-0.3674100161916567,1.389778111688097,0.00036963067375302784,-0.36719219521469937,1.3903913280465954,-0.00014512591713027173,0.3674100161916567,-1.389778111688097,-0.00036963067375302784,0.36719219521469937,-1.3903913280465954,0.00014512591713027173,-1.3267204090965414,2.208800254273827,0,-1.3267204090965414,2.208800254273827,0,-0.3674100161916567,1.389778111688097,0.00036963067375302784,-0.36719219521469937,1.3903913280465954,-0.00014512591713027173,0,0,0,0,0,0,-0.3674100161916567,1.389778111688097,0.00036963067375302784,-0.36719219521469937,1.3903913280465954,-0.00014512591713027173,0,0,0,0,0,0,0,0,0,0,0,0
control,0,268,1340,1345,2680000000,2680000000,0,-1,0.01,1,1,0,0,none,0,0,1,1,-0.089325192519650667,1.3137850040396055e-05,0.56569909880555125,0.99994447771188333,-1.0873503369633391e-05,-0.010537617153617332,1.4421622895452072e-11,9.5100230103283403e-06,-5.098824900697792e-08,1.502079528897989e-06,8.7571172730069925e-08,1.673286387241808e-05,1.3934680326812822e-08,-1.2961010807388511,2.0929872628769592,-0.001231369561924101,-1.2961192352967374,2.0929361619442823,0.00048450715230110073,-1.1704653189776324e-05,-1.1992334299061113e-05,-4.6576455450235353e-06,-1.1681669841138462e-05,-1.2001453267934241e-05,-4.763715733454346e-06,-0.3674143833124992,1.3897738852638615,0.00036964375085448147,-0.36719656309288606,1.3903871101344376,-0.00014511395990365747,0.3674143833124992,-1.3897738852638615,-0.00036964375085448147,0.36719656309288606,-1.3903871101344376,0.00014511395990365747,-1.3267204090965414,2.208800254273827,0,-1.3267204090965414,2.208800254273827,0,-0.3674143833124992,1.3897738852638615,0.00036964375085448147,-0.36719656309288606,1.3903871101344376,-0.00014511395990365747,0,0,0,0,0,0,-0.3674143833124992,1.3897738852638615,0.00036964375085448147,-0.36719656309288606,1.3903871101344376,-0.00014511395990365747,0,0,0,0,0,0,0,0,0,0,0,0
control,0,269,1345,1350,2690000000,2690000000,0,-1,0.01,1,1,0,0,none,0,0,1,1,-0.089325084859095946,1.3137337115701024e-05,0.56569911581188981,0.9999444787100068,-1.0873061704964169e-05,-0.010537522438878672,7.7685844281030151e-11,1.1559984788397929e-05,-5.1395680861294067e-08,1.8260688624011026e-06,8.8423400523819619e-08,2.0342069581113277e-05,1.3097721830404787e-08,-1.2961011751386438,2.0929871652887542,-0.001231414236609014,-1.2961193294783528,2.0929360642402384,0.00048446158370391934,-7.8357458549351565e-06,-8.1890649885236151e-06,-4.5924362269806882e-06,-7.8143120086428855e-06,-8.202892453383591e-06,-4.6695794433297806e-06,-0.36741905387598967,1.3897693514183564,0.00036965389279405321,-0.36720123395025006,1.3903825847417435,-0.00014510499613900932,0.36741905387598967,-1.3897693514183564,-0.00036965389279405321,0.36720123395025006,-1.3903825847417435,0.00014510499613900932,-1.3267204090965414,2.208800254273827,0,-1.3267204090965414,2.208800254273827,0,-0.36741905387598967,1.3897693514183564,0.00036965389279405321,-0.36720123395025006,1.3903825847417435,-0.00014510499613900932,0,0,0,0,0,0,-0.36741905387598967,1.3897693514183564,0.00036965389279405321,-0.36720123395025006,1.3903825847417435,-0.00014510499613900932,0,0,0,0,0,0,0,0,0,0,0,0
control,0,270,1350,1355,2700000000,2700000000,0,-1,0.01,1,1,0,0,none,0,0,1,1,-0.089324958311168504,1.3136824207819637e-05,0.56569913580341447,0.99994447988332791,-1.0872619370583091e-05,-0.01053741109799319,1.3656666498360433e-10,1.3339936682192918e-05,-5.1126565884798436e-08,2.1073942275940685e-06,8.8102394215927469e-08,2.3476019224952082e-05,1.2146067462031647e-08,-1.2961012317586276,2.0929871048733903,-0.0012314579226001695,-1.2961193858965043,2.0929360036646454,0.00048441728775722626,-4.1173185407237967e-06,-4.5278355178148839e-06,-4.4757224420595804e-06,-4.0975969426851993e-06,-4.5459078619925892e-06,-4.5248356847629714e-06,-0.36742395207715522,1.3897645845585163,0.00036966116290215381,-0.36720613200503122,1.3903778261719721,-0.00014509894454292974,0.36742395207715522,-1.3897645845585163,-0.00036966116290215381,0.36720613200503122,-1.3903778261719721,0.00014509894454292974,-1.3267204090965414,2.208800254273827,0,-1.3267204090965414,2.208800254273827,0,-0.36742395207715522,1.3897645845585163,0.00036966116290215381,-0.36720613200503122,1.3903778261719721,-0.00014509894454292974,0,0,0,0,0,0,-0.36742395207715522,1.3897645845585163,0.00036966116290215381,-0.36720613200503122,1.3903778261719721,-0.00014509894454292974,0,0,0,0,0,0,0,0,0,0,0,0
control,0,271,1355,1360,2710000000,2710000000,0,-1,0.01,1,1,0,0,none,0,0,1,1,-0.089324815606298208,1.313631783057096e-05,0.56569915834867834,0.99994448120651958,-1.0872182025615689e-05,-0.01053728553381668,1.9058295454031522e-10,1.4845447784399227e-05,-5.0223733246341266e-08,2.3453545304990668e-06,8.6680725152650348e-08,2.6126901901052628e-05,1.1097541704572749e-08,-1.2961012523091768,2.0929870800049182,-0.0012315001533167427,-1.2961194062629959,2.0929359785963038,0.00048437472045268962,-5.8485756405645963e-07,-1.0439783718999808e-06,-4.3121855379870648e-06,-5.6698148230955051e-07,-1.0658065729628022e-06,-4.3344485058209905e-06,-0.36742900416202912,1.3897596571944635,0.00036966565527192215,-0.3672111835303225,1.390372906840138,-0.00014509569371051585,0.36742900416202912,-1.3897596571944635,-0.00036966565527192215,0.3672111835303225,-1.390372906840138,0.00014509569371051585,-1.3267204090965414,2.208800254273827,0,-1.3267204090965414,2.208800254273827,0,-0.36742900416202912,1.3897596571944635,0.00036966565527192215,-0.3672111835303225,1.390372906840138,-0.00014509569371051585,0,0,0,0,0,0,-0.36742900416202912,1.3897596571944635,0.00036966565527192215,-0.3672111835303225,1.390372906840138,-0.00014509569371051585,0,0,0,0,0,0,0,0,0,0,0,0
control,0,272,1360,1365,2720000000,2720000000,0,-1,0.01,1,1,0,0,none,0,0,1,1,-0.089324659497408185,1.313582403536442e-05,0.56569918301267208,0.99994448265404667,-1.0871754935456376e-05,-0.010537148169056881,2.3933896493649369e-10,1.6075691770015868e-05,-4.8735567765968709e-08,2.5398183771447523e-06,8.4240713891370726e-08,2.8293252205255339e-05,9.9701982698289177e-09,-1.2961012388289914,2.0929870887300028,-0.0012315405094070503,-1.2961193926176662,2.0929359870868405,0.00048433428791270106,2.7306532290558504e-06,2.2315630645176132e-06,-4.1067769929149436e-06,2.7465798765864034e-06,2.2064856924200311e-06,-4.1036198305850365e-06,-0.36743413919044371,1.3897546391812929,0.00036966749167176082,-0.3672163176163179,1.3903678965152995,-0.00014509510538228106,0.36743413919044371,-1.3897546391812929,-0.00036966749167176082,0.3672163176163179,-1.3903678965152995,0.00014509510538228106,-1.3267204090965414,2.208800254273827,0,-1.3267204090965414,2.208800254273827,0,-0.36743413919044371,1.3897546391812929,0.00036966749167176082,-0.3672163176163179,1.3903678965152995,-0.00014509510538228106,0,0,0,0,0,0,-0.36743413919044371,1.3897546391812929,0.00036966749167176082,-0.3672163176163179,1.3903678965152995,-0.00014509510538228106,0,0,0,0,0,0,0,0,0,0,0,0
control,0,273,1365,1370,2730000000,2730000000,0,-1,0.01,1,1,0,0,none,0,0,1,1,-0.089324492725149821,1.3135348361257872e-05,0.5656992093623181,0.99994448420048843,-1.0871342927843109e-05,-0.010537001415674555,2.8252458519025007e-10,1.7033228288515832e-05,-4.6715072188013847e-08,2.6911895231727329e-06,8.0872816171272133e-08,2.9979565522788563e-05,8.7820858308171776e-09,-1.2961011936395863,2.0929871288123465,-0.0012315786208313612,-1.2961193472828823,2.0929360269050541,0.00048429634463546247,5.8028221932610548e-06,5.2723308545193005e-06,-3.8646412863047636e-06,5.8167243791366511e-06,5.2445211635078032e-06,-3.8377113674442594e-06,-0.36743928971675133,1.3897495970414839,0.00036966681831372363,-0.36722146685047885,1.3903628616435293,-0.00014509701782226651,0.36743928971675133,-1.3897495970414839,-0.00036966681831372363,0.36722146685047885,-1.3903628616435293,0.00014509701782226651,-1.3267204090965414,2.208800254273827,0,-1.3267204090965414,2.208800254273827,0,-0.36743928971675133,1.3897495970414839,0.00036966681831372363,-0.36722146685047885,1.3903628616435293,-0.00014509701782226651,0,0,0,0,0,0,-0.36743928971675133,1.3897495970414839,0.00036966681831372363,-0.36722146685047885,1.3903628616435293,-0.00014509701782226651,0,0,0,0,0,0,0,0,0,0,0,0
control,0,274,1370,1375,2740000000,2740000000,0,-1,0.01,1,1,0,0,none,0,0,1,1,-0.089324317985490426,1.3134895794428046e-05,0.56569923697159341,0.9999444858208385,-1.0870950357051099e-05,-0.010536847646355523,3.1991452756249049e-10,1.7723757213227192e-05,-4.4218925356024147e-08,2.8003680489516793e-06,7.6673999652224897e-08,3.1195865522391776e-05,7.5510261979537067e-09,-1.2961011192992429,2.0929871977777164,-0.0012316141682151927,-1.2961192728174951,2.0929360955818721,0.00048426119247667538,8.6098783512283477e-06,8.0563883609196666e-06,-3.5910413487386492e-06,8.6217091652673618e-06,8.0263662064003827e-06,-3.5421695348827845e-06,-0.36744439238510951,1.3897445933707862,0.00036966380253199474,-0.36722656791230435,1.390357864754149,-0.00014510124926625848,0.36744439238510951,-1.3897445933707862,-0.00036966380253199474,0.36722656791230435,-1.390357864754149,0.00014510124926625848,-1.3267204090965414,2.208800254273827,0,-1.3267204090965414,2.208800254273827,0,-0.36744439238510951,1.3897445933707862,0.00036966380253199474,-0.36722656791230435,1.390357864754149,-0.00014510124926625848,0,0,0,0,0,0,-0.36744439238510951,1.3897445933707862,0.00036966380253199474,-0.36722656791230435,1.390357864754149,-0.00014510124926625848,0,0,0,0,0,0,0,0,0,0,0,0
control,0,275,1375,1380,2750000000,2750000000,0,-1,0.01,1,1,0,0,none,0,0,1,1,-0.089324137899898598,1.3134470737021827e-05,0.56569926542624216,0.99994448749078213,-1.0870581076189823e-05,-0.010536689168267603,3.5136652328092686e-10,1.8155850455699999e-05,-4.1306548386719406e-08,2.8687079377030827e-06,7.1746132137446648e-08,3.1957232155394354e-05,6.2944087112196359e-09,-1.2961010185570123,2.0929872929590019,-0.0012316468835035391,-1.2961191719708547,2.0929361904553376,0.0004842290803330645,1.1134641768129613e-05,1.056629946626854e-05,-3.2912873662331575e-06,1.1144381352535197e-05,1.0534580943141367e-05,-3.222454175006985e-06,-0.36744938843700153,1.3897396863287019,0.00036965862941937337,-0.36723156208026969,1.3903529639504575,-0.00014510760139116899,0.36744938843700153,-1.3897396863287019,-0.00036965862941937337,0.36723156208026969,-1.3903529639504575,0.00014510760139116899,-1.3267204090965414,2.208800254273827,0,-1.3267204090965414,2.208800254273827,0,-0.36744938843700153,1.3897396863287019,0.00036965862941937337,-0.36723156208026969,1.3903529639504575,-0.00014510760139116899,0,0,0,0,0,0,-0.36744938843700153,1.3897396863287019,0.00036965862941937337,-0.36723156208026969,1.3903529639504575,-0.00014510760139116899,0,0,0,0,0,0,0,0,0,0,0,0
control,0,276,1380,1385,2760000000,2760000000,0,-1,0.01,1,1,0,0,none,0,0,1,1,-0.08932395498832249,1.3134076985238388e-05,0.56569929432804622,0.99994448918694712,-1.0870238417481776e-05,-0.010536528199275436,3.7681859362521966e-10,1.8340666003535884e-05,-3.8039190265213283e-08,2.8979718782373355e-06,6.6194401619328047e-08,3.2283298339651211e-05,5.0289994100091324e-09,-1.2961008943073276,2.0929874115407516,-0.0012316765499520105,-1.2961190476374327,2.0929363087150823,0.00048420020448731614,1.3364440586802745e-05,1.278905416999227e-05,-2.9706694202375654e-06,1.3372094826761018e-05,1.2756145301487725e-05,-2.8839715485627259e-06,-0.36745422413144668,1.3897349292156491,0.00036965149845661504,-0.36723639565154509,1.3903482124869839,-0.00014511586276876669,0.36745422413144668,-1.3897349292156491,-0.00036965149845661504,0.36723639565154509,-1.3903482124869839,0.00014511586276876669,-1.3267204090965414,2.208800254273827,0,-1.3267204090965414,2.208800254273827,0,-0.36745422413144668,1.3897349292156491,0.00036965149845661504,-0.36723639565154509,1.3903482124869839,-0.00014511586276876669,0,0,0,0,0,0,-0.36745422413144668,1.3897349292156491,0.00036965149845661504,-0.36723639565154509,1.3903482124869839,-0.00014511586276876669,0,0,0,0,0,0,0,0,0,0,0,0
control,0,277,1385,1390,2770000000,2770000000,0,-1,0.01,1,1,0,0,none,0,0,1,1,-0.089323771645111086,1.3133717716383866e-05,0.56569932329862993,0.99994449088712711,-1.0869925180309087e-05,-0.010536366846745355,3.9628548469304597e-10,1.8291648773726695e-05,-3.4479043523388571e-08,2.8902840099348262e-06,6.012578639687015e-08,3.2197723432251329e-05,3.770768347214347e-09,-1.2961007495457306,2.092987550602678,-0.0012317030014967619,-1.296118902812565,2.0929364474457701,0.00048417470956867755,1.5290978753309273e-05,1.4715945256590238e-05,-2.6343946822318813e-06,1.5296577731751156e-05,1.4682336201531879e-05,-2.5320122367512064e-06,-0.36745885107785964,1.3897303701359023,0.00036964262018314019,-0.36724102027431443,1.3903436584323801,-0.00014512581225876569,0.36745885107785964,-1.3897303701359023,-0.00036964262018314019,0.36724102027431443,-1.3903436584323801,0.00014512581225876569,-1.3267204090965414,2.208800254273827,0,-1.3267204090965414,2.208800254273827,0,-0.36745885107785964,1.3897303701359023,0.00036964262018314019,-0.36724102027431443,1.3903436584323801,-0.00014512581225876569,0,0,0,0,0,0,-0.36745885107785964,1.3897303701359023,0.00036964262018314019,-0.36724102027431443,1.3903436584323801,-0.00014512581225876569,0,0,0,0,0,0,0,0,0,0,0,0
control,0,278,1390,1395,2780000000,2780000000,0,-1,0.01,1,1,0,0,none,0,0,1,1,-0.089323590117983895,1.3133395484541071e-05,0.5656993519827852,0.99994449257047668,-1.0869643626726667e-05,-0.010536207089032731,4.0985434924412171e-10,1.8024222747867313e-05,-3.0688399201894553e-08,2.8480812572723321e-06,5.3647591197844249e-08,3.1727651327453454e-05,2.5347365474623542e-09,-1.2961005873261842,2.0929877071616745,-0.0012317261215508495,-1.2961187405497789,2.09293660366906,0.00048415269007795887,1.6910158803239058e-05,1.6342401030872763e-05,-2.2875296497724915e-06,1.6913755067119505e-05,1.6308560839736611e-05,-2.1716944477435985e-06,-0.36746322648249208,1.3897260517442838,0.00036963221294774348,-0.3672453931937506,1.3903393444159444,-0.00014513722230100049,0.36746322648249208,-1.3897260517442838,-0.00036963221294774348,0.3672453931937506,-1.3903393444159444,0.00014513722230100049,-1.3267204090965414,2.208800254273827,0,-1.3267204090965414,2.208800254273827,0,-0.36746322648249208,1.3897260517442838,0.00036963221294774348,-0.3672453931937506,1.3903393444159444,-0.00014513722230100049,0,0,0,0,0,0,-0.36746322648249208,1.3897260517442838,0.00036963221294774348,-0.3672453931937506,1.3903393444159444,-0.00014513722230100049,0,0,0,0,0,0,0,0,0,0,0,0
control,0,279,1395,1400,2790000000,2790000000,0,-1,0.01,1,1,0,0,none,0,0,1,1,-0.089323412490110027,1.3133112224408875e-05,0.56569938005130305,0.99994449421767706,-1.0869395484065586e-05,-0.010536050759705772,4.1767977864550276e-10,1.7555478669056419e-05,-2.6728849811736848e-08,2.7740639471929279e-06,4.6866064649061487e-08,3.0903160748271172e-05,1.3348430353667656e-09,-1.2961004107203835,2.0929878782119284,-0.0012317458412778534,-1.2961185639201243,2.0929367743836709,0.00048413419242275985,1.8221865141454157e-05,1.7667778509775883e-05,-1.9349477088550329e-06,1.8223531790847281e-05,1.7634150477678259e-05,-1.8079129654849325e-06,-0.3674673133116072,1.3897220110750177,0.00036962049976879875,-0.36724947741469238,1.3903353074561569,-0.00014514986207855371,0.3674673133116072,-1.3897220110750177,-0.00036962049976879875,0.36724947741469238,-1.3903353074561569,0.00014514986207855371,-1.3267204090965414,2.208800254273827,0,-1.3267204090965414,2.208800254273827,0,-0.3674673133116072,1.3897220110750177,0.00036962049976879875,-0.36724947741469238,1.3903353074561569,-0.00014514986207855371,0,0,0,0,0,0,-0.3674673133116072,1.3897220110750177,0.00036962049976879875,-0.36724947741469238,1.3903353074561569,-0.00014514986207855371,0,0,0,0,0,0,0,0,0,0,0,0
control,0,280,1400,1405,2800000000,2800000000,0,-1,0.01,1,1,0,0,none,0,0,1,1,-0.089323240665316675,1.313286926278706e-05,0.56569940720331136,0.99994449581107236,-1.086918195417858e-05,-0.01053589953452333,4.1997826846069823e-10,1.6903861354707765e-05,-2.2660547387939003e-08,2.6711464127063284e-06,3.9885110708097407e-08,2.9756714843220815e-05,1.8383078599932502e-10,-1.2961002227794338,2.0929880607627669,-0.0012317621373964238,-1.2961183759738688,2.0929369566031819,0.00048411921740625601,1.9229713126260326e-05,1.8695121804316168e-05,-1.5812823146179055e-06,1.9229541788101594e-05,1.8662119418646316e-05,-1.4452940065681882e-06,-0.36747108037498072,1.3897182794500147,0.00036960770533465802,-0.3672532417847536,1.3903315788686128,-0.00014516350052154838,0.36747108037498072,-1.3897182794500147,-0.00036960770533465802,0.3672532417847536,-1.3903315788686128,0.00014516350052154838,-1.3267204090965414,2.208800254273827,0,-1.3267204090965414,2.208800254273827,0,-0.36747108037498072,1.3897182794500147,0.00036960770533465802,-0.3672532417847536,1.3903315788686128,-0.00014516350052154838,0,0,0,0,0,0,-0.36747108037498072,1.3897182794500147,0.00036960770533465802,-0.3672532417847536,1.3903315788686128,-0.00014516350052154838,0,0,0,0,0,0,0,0,0,0,0,0
control,0,281,1405,1410,2810000000,2810000000,0,-1,0.01,1,1,0,0,none,0,0,1,1,-0.089323076356407669,1.3132667337116044e-05,0.5656994331681211,0.9999444973347803,-1.0869003728824384e-05,-0.01053575492114971,4.17022225473696e-10,1.6088860447471268e-05,-1.8541523189256094e-08,2.5424081091993315e-06,3.2805105064673055e-08,2.8322616817779119e-05,-9.0684475946754575e-10,-1.2961000264982063,2.0929882518739156,-0.0012317750295724296,-1.2961181797048769,2.0929371473912575,0.00048410772311038429,1.994076854602292e-05,1.9430891534189357e-05,-1.2308861326238298e-06,1.9938867227749148e-05,1.9398895063760305e-05,-1.0881562526857718e-06,-0.36747450233284029,1.3897148824616357,0.00036959405317836004,-0.36725666100081644,1.3903281842482385,-0.00014517790912048099,0.36747450233284029,-1.3897148824616357,-0.00036959405317836004,0.36725666100081644,-1.3903281842482385,0.00014517790912048099,-1.3267204090965414,2.208800254273827,0,-1.3267204090965414,2.208800254273827,0,-0.36747450233284029,1.3897148824616357,0.00036959405317836004,-0.36725666100081644,1.3903281842482385,-0.00014517790912048099,0,0,0,0,0,0,-0.36747450233284029,1.3897148824616357,0.00036959405317836004,-0.36725666100081644,1.3903281842482385,-0.00014517790912048099,0,0,0,0,0,0,0,0,0,0,0,0
control,0,282,1410,1415,2820000000,2820000000,0,-1,0.01,1,1,0,0,none,0,0,1,1,-0.089322921076536263,1.3132506620426062e-05,0.56569945770658991,0.99994449877476999,-1.086886101063746e-05,-0.010535618251557537,4.0913360930027894e-10,1.5130708123447428e-05,-1.4427073649094098e-08,2.3910458530438474e-06,2.5721825070948589e-08,2.6636477813865118e-05,-1.9270875519336838e-09,-1.2960998247826359,2.0929884486879127,-0.0012317845774563491,-1.2961179780179284,2.0929373438940284,0.00048409962811360777,2.0365243324023052e-05,1.9884669788169485e-05,-8.8779610622848328e-07,2.0361734213627193e-05,1.9854023485093844e-05,-7.4047803501997409e-07,-0.36747755963185291,1.3897118400262893,0.00036957976304221614,-0.36725971554467701,1.3903251435223551,-0.00014519286453233132,0.36747755963185291,-1.3897118400262893,-0.00036957976304221614,0.36725971554467701,-1.3903251435223551,0.00014519286453233132,-1.3267204090965414,2.208800254273827,0,-1.3267204090965414,2.208800254273827,0,-0.36747755963185291,1.3897118400262893,0.00036957976304221614,-0.36725971554467701,1.3903251435223551,-0.00014519286453233132,0,0,0,0,0,0,-0.36747755963185291,1.3897118400262893,0.00036957976304221614,-0.36725971554467701,1.3903251435223551,-0.00014519286453233132,0,0,0,0,0,0,0,0,0,0,0,0
control,0,283,1415,1420,2830000000,2830000000,0,-1,0.01,1,1,0,0,none,0,0,1,1,-0.089322776133542489,1.3132386752006172e-05,0.56569948061201714,0.999944500118914,-1.0868753539091471e-05,-0.010535490677040049,3.9667730853559675e-10,1.4050086980637493e-05,-1.0369216954248415e-08,2.220327669052998e-06,1.8725500685234376e-08,2.4734702689936197e-05,-2.8682117325582955e-09,-1.2960996204201709,2.0929886484594626,-0.0012317908774242177,-1.2961177736991887,2.0929375433694219,0.00048409481498306684,2.0516172320747384e-05,2.0068846081876989e-05,-5.5570459762426146e-07,2.0511189539547225e-05,2.0039856016726045e-05,-4.0587074516362868e-07,-0.36748023837492744,1.3897091665032493,0.00036956504845714653,-0.36726239155254231,1.3903224710688353,-0.00014520815095766187,0.36748023837492744,-1.3897091665032493,-0.00036956504845714653,0.36726239155254231,-1.3903224710688353,0.00014520815095766187,-1.3267204090965414,2.208800254273827,0,-1.3267204090965414,2.208800254273827,0,-0.36748023837492744,1.3897091665032493,0.00036956504845714653,-0.36726239155254231,1.3903224710688353,-0.00014520815095766187,0,0,0,0,0,0,-0.36748023837492744,1.3897091665032493,0.00036956504845714653,-0.36726239155254231,1.3903224710688353,-0.00014520815095766187,0,0,0,0,0,0,0,0,0,0,0,0
control,0,284,1420,1425,2840000000,2840000000,0,-1,0.01,1,1,0,0,none,0,0,1,1,-0.089322642627136739,1.3132306873070018e-05,0.56569950171058891,0.99994450135701596,-1.086868062083515e-05,-0.010535373165727868,3.800543478311638e-10,1.2867851004447511e-05,-6.4162228997391909e-09,2.0335486673863192e-06,1.1899991216752283e-08,2.2653998818493986e-05,-3.7229719519693613e-09,-1.2960994160535306,2.0929888485815722,-0.001231794059080829,-1.2961175693899909,2.0929377432132776,0.00048409313398106772,2.0409076268669823e-05,1.9998289458731975e-05,-2.3793655839065187e-07,2.0402763604862361e-05,1.9971221975552748e-05,-8.7558403390654178e-08,-0.36748253013053261,1.3897068708728693,0.00036955011455216827,-0.36726468062401368,1.3903201758936288,-0.00014522356227415078,0.36748253013053261,-1.3897068708728693,-0.00036955011455216827,0.36726468062401368,-1.3903201758936288,0.00014522356227415078,-1.3267204090965414,2.208800254273827,0,-1.3267204090965414,2.208800254273827,0,-0.36748253013053261,1.3897068708728693,0.00036955011455216827,-0.36726468062401368,1.3903201758936288,-0.00014522356227415078,0,0,0,0,0,0,-0.36748253013053261,1.3897068708728693,0.00036955011455216827,-0.36726468062401368,1.3903201758936288,-0.00014522356227415078,0,0,0,0,0,0,0,0,0,0,0,0
control,0,285,1425,1430,2850000000,2850000000,0,-1,0.01,1,1,0,0,none,0,0,1,1,-0.089322521448781944,1.3132265666674709e-05,0.56569952086139708,0.99994450248081013,-1.0868641163759775e-05,-0.010535266502481381,3.596950146727726e-10,1.1604762146037347e-05,-2.6122176569168053e-09,1.8339894515364195e-06,5.3220910743388115e-09,2.0430912355384895e-05,-4.4855757171191645e-09,-1.2960992141578804,2.0929890466083503,-0.001231794281581926,-1.2961173675640316,2.0929379409821398,0.00048409440692801783,2.0061616449704454e-05,1.9690010808045109e-05,6.2567501402829823e-08,2.0054125112685079e-05,1.9665091577780368e-05,2.1163687100159082e-07,-0.36748443168860656,1.3897049569695084,0.00036953515609950766,-0.36726657957778674,1.3903182618628793,-0.00014523890392195544,0.36748443168860656,-1.3897049569695084,-0.00036953515609950766,0.36726657957778674,-1.3903182618628793,0.00014523890392195544,-1.3267204090965414,2.208800254273827,0,-1.3267204090965414,2.208800254273827,0,-0.36748443168860656,1.3897049569695084,0.00036953515609950766,-0.36726657957778674,1.3903182618628793,-0.00014523890392195544,0,0,0,0,0,0,-0.36748443168860656,1.3897049569695084,0.00036953515609950766,-0.36726657957778674,1.3903182618628793,-0.00014523890392195544,0,0,0,0,0,0,0,0,0,0,0,0
control,0,286,1430,1435,2860000000,2860000000,0,-1,0.01,1,1,0,0,none,0,0,1,1,-0.089322413284105229,1.313226140113956e-05,0.56569953795605865,0.99994450348393948,-1.0868633714149959e-05,-0.010535171291009384,3.3605200087563971e-10,1.0281244727919264e-05,1.003135962470527e-09,1.6248773022102759e-06,-9.3903475279214969e-10,1.810139588277592e-05,-5.151675143156314e-09,-1.2960990170214828,2.0929892402744126,-0.0012317917298319235,-1.2961171705080452,2.0929381344126505,0.00048409843116473995,1.9493244874078993e-05,1.9162821186928702e-05,3.4326268175152543e-07,1.948473129575281e-05,1.9140234819745991e-05,4.8930350980879041e-07,-0.36748594476801494,1.3897034237611925,0.00036952035581548946,-0.36726809015889839,1.3903167279818878,-0.00014525399452491243,0.36748594476801494,-1.3897034237611925,-0.00036952035581548946,0.36726809015889839,-1.3903167279818878,0.00014525399452491243,-1.3267204090965414,2.208800254273827,0,-1.3267204090965414,2.208800254273827,0,-0.36748594476801494,1.3897034237611925,0.00036952035581548946,-0.36726809015889839,1.3903167279818878,-0.00014525399452491243,0,0,0,0,0,0,-0.36748594476801494,1.3897034237611925,0.00036952035581548946,-0.36726809015889839,1.3903167279818878,-0.00014525399452491243,0,0,0,0,0,0,0,0,0,0,0,0
control,0,287,1435,1440,2870000000,2870000000,0,-1,0.01,1,1,0,0,none,0,0,1,1,-0.089322318617649762,1.313229197620782e-05,0.56569955291796481,0.99994450436191162,-1.0868656496263633e-05,-0.010535087958047196,3.0959363614344058e-10,8.9171595128004593e-06,4.3948826307170977e-09,1.4093504798179607e-06,-6.8222845708039542e-09,1.5700410664227371e-05,-5.7183431991618135e-09,-1.2960988267298401,2.0929894275108696,-0.0012317866106110636,-1.2961169803059667,2.0929383214375394,0.00048410498355978181,1.8724855183906294e-05,1.8436989777259618e-05,6.0200544291175914e-07,1.8715478874380694e-05,1.8416879994229312e-05,7.4344365936811547e-07,-0.36748707568319167,1.3897022656708229,0.00036950588291117343,-0.36726921870520868,1.3903155687154591,-0.00014526866725090296,0.36748707568319167,-1.3897022656708229,-0.00036950588291117343,0.36726921870520868,-1.3903155687154591,0.00014526866725090296,-1.3267204090965414,2.208800254273827,0,-1.3267204090965414,2.208800254273827,0,-0.36748707568319167,1.3897022656708229,0.00036950588291117343,-0.36726921870520868,1.3903155687154591,-0.00014526866725090296,0,0,0,0,0,0,-0.36748707568319167,1.3897022656708229,0.00036950588291117343,-0.36726921870520868,1.3903155687154591,-0.00014526866725090296,0,0,0,0,0,0,0,0,0,0,0,0
control,0,288,1440,1445,2880000000,2880000000,0,-1,0.01,1,1,0,0,none,0,0,1,1,-0.089322237739759724,1.3132354971205576e-05,0.56569956570119329,0.99994450511203392,-1.0868707453697353e-05,-0.010535016759412931,2.8079729585955579e-10,7.5315989272999361e-06,7.5329447928541663e-09,1.1904258653428008e-06,-1.227492652415582e-08,1.3261566123482369e-05,-6.184032840694242e-09,-1.2960986451532976,2.0929896064579192,-0.0012317791486832006,-1.2961167988265563,2.0929385001982204,0.00048411382451056366,1.7778438167446626e-05,1.7533905940367689e-05,8.3705410043532384e-07,1.7768359660015434e-05,1.7516376247141725e-05,9.7247114429886472e-07,-0.3674878349761766,1.3897014729319828,0.0003694918918999384,-0.36726997577931181,1.3903147743429087,-0.00014528277091038403,0.3674878349761766,-1.3897014729319828,-0.0003694918918999384,0.36726997577931181,-1.3903147743429087,0.00014528277091038403,-1.3267204090965414,2.208800254273827,0,-1.3267204090965414,2.208800254273827,0,-0.3674878349761766,1.3897014729319828,0.0003694918918999384,-0.36726997577931181,1.3903147743429087,-0.00014528277091038403,0,0,0,0,0,0,-0.3674878349761766,1.3897014729319828,0.0003694918918999384,-0.36726997577931181,1.3903147743429087,-0.00014528277091038403,0,0,0,0,0,0,0,0,0,0,0,0
control,0,289,1445,1450,2890000000,2890000000,0,-1,0.01,1,1,0,0,none,0,0,1,1,-0.089322170755381042,1.3132447694470138e-05,0.5656995762891186,0.99994450573333316,-1.0868784291907638e-05,-0.010534957787749544,2.5014305446488847e-10,6.1427045763010492e-06,1.0392221067895096e-08,9.7097013333705672e-07,-1.7252780967137159e-08,1.0816798561936025e-05,-6.5485210095378846e-09,-1.2960984739380388,2.09298977547411,-0.001231769582932735,-1.2961166277144136,2.0929386690540634,0.00048412470189017088,1.6676745909257538e-05,1.6475749064043866e-05,1.0470644334686385e-06,1.6666124809377622e-05,1.6460863894610828e-05,1.1752045592173221e-06,-0.36748823702089561,1.3897010319730074,0.00036947852165814709,-0.36727037577274796,1.3903143313413204,-0.00014529617079501214,0.36748823702089561,-1.3897010319730074,-0.00036947852165814709,0.36727037577274796,-1.3903143313413204,0.00014529617079501214,-1.3267204090965414,2.208800254273827,0,-1.3267204090965414,2.208800254273827,0,-0.36748823702089561,1.3897010319730074,0.00036947852165814709,-0.36727037577274796,1.3903143313413204,-0.00014529617079501214,0,0,0,0,0,0,-0.36748823702089561,1.3897010319730074,0.00036947852165814709,-0.36727037577274796,1.3903143313413204,-0.00014529617079501214,0,0,0,0,0,0,0,0,0,0,0,0
control,0,290,1450,1455,2900000000,2900000000,0,-1,0.01,1,1,0,0,none,0,0,1,1,-0.089322117594548986,1.3132567233345403e-05,0.56569958469275416,0.9999445062264577,-1.08688845212797e-05,-0.010534910981751933,2.1810764743536579e-10,4.7675078459599222e-06,1.2952615580592531e-08,7.536745682246334e-07,-2.172028311669018e-08,8.3960905235322725e-06,-6.81284046866763e-09,-1.2960983145003657,2.0929899331423703,-0.0012317581625755619,-1.2961164683842785,2.0929388265884388,0.00048413735489548641,1.54429679591432e-05,1.5285169854767309e-05,1.2310807453004251e-06,1.5431961116732484e-05,1.5272956138464395e-05,1.3508559025230627e-06,-0.36748829960604723,1.3897009258226987,0.00036946589473540352,-0.36727043648883001,1.3903142227904508,-0.00014530874926377206,0.36748829960604723,-1.3897009258226987,-0.00036946589473540352,0.36727043648883001,-1.3903142227904508,0.00014530874926377206,-1.3267204090965414,2.208800254273827,0,-1.3267204090965414,2.208800254273827,0,-0.36748829960604723,1.3897009258226987,0.00036946589473540352,-0.36727043648883001,1.3903142227904508,-0.00014530874926377206,0,0,0,0,0,0,-0.36748829960604723,1.3897009258226987,0.00036946589473540352,-0.36727043648883001,1.3903142227904508,-0.00014530874926377206,0,0,0,0,0,0,0,0,0,0,0,0
control,0,291,1455,1460,2910000000,2910000000,0,-1,0.01,1,1,0,0,none,0,0,1,1,-0.089322078024328469,1.3132710504076281e-05,0.56569959094886679,0.99994450659356626,-1.0869005500164698e-05,-0.010534876136673185,1.8515880070147913e-10,3.4217940612084421e-06,1.5199002123850557e-08,5.4103360483737319e-07,-2.5650433000440977e-08,6.0272315968909113e-06,-6.9791987571690954e-09,-1.2960981680241277,2.09299007827294,-0.0012317451434852185,-1.2961163220184739,2.0929389716116633,0.00048415151775632143,1.4100422741410924e-05,1.3984986111332065e-05,1.3885227969424563e-06,1.408918256429322e-05,1.3975435217181085e-05,1.4990151621016466e-06,-0.36748804350307696,1.3897011345314763,0.00036945411690571847,-0.36727017871065643,1.3903144287931382,-0.00014532040608500151,0.36748804350307696,-1.3897011345314763,-0.00036945411690571847,0.36727017871065643,-1.3903144287931382,0.00014532040608500151,-1.3267204090965414,2.208800254273827,0,-1.3267204090965414,2.208800254273827,0,-0.36748804350307696,1.3897011345314763,0.00036945411690571847,-0.36727017871065643,1.3903144287931382,-0.00014532040608500151,0,0,0,0,0,0,-0.36748804350307696,1.3897011345314763,0.00036945411690571847,-0.36727017871065643,1.3903144287931382,-0.00014532040608500151,0,0,0,0,0,0,0,0,0,0,0,0
control,0,292,1460,1465,2920000000,2920000000,0,-1,0.01,1,1,0,0,none,0,0,1,1,-0.089322051661971186,1.3132874300973025e-05,0.56569959511789802,0.99994450683820579,-1.0869144477339901e-05,-0.010534852915901628,1.5174997924213775e-10,2.1199903525620654e-06,1.7121126966776578e-08,3.3532708518516044e-07,-2.9024638859083279e-08,3.735620977311244e-06,-7.05088743103404e-09,-1.2960980354611262,2.0929902099033617,-0.0012317307846716598,-1.2961161895673294,2.0929391031610174,0.00048416692326922584,1.2672266867718155e-05,1.2597895938690204e-05,1.5191689886223403e-06,1.2660939765109057e-05,1.2590965970212755e-05,1.6196312809550914e-06,-0.36748749202528397,1.3897016356016751,0.00036944327695206681,-0.36726962576019162,1.3903149269047597,-0.00014533105854481549,0.36748749202528397,-1.3897016356016751,-0.00036944327695206681,0.36726962576019162,-1.3903149269047597,0.00014533105854481549,-1.3267204090965414,2.208800254273827,0,-1.3267204090965414,2.208800254273827,0,-0.36748749202528397,1.3897016356016751,0.00036944327695206681,-0.36726962576019162,1.3903149269047597,-0.00014533105854481549,0,0,0,0,0,0,-0.36748749202528397,1.3897016356016751,0.00036944327695206681,-0.36726962576019162,1.3903149269047597,-0.00014533105854481549,0,0,0,0,0,0,0,0,0,0,0,0
control,0,293,1465,1470,2930000000,2930000000,0,-1,0.01,1,1,0,0,none,0,0,1,1,-0.089322037989052611,1.3133055344264078e-05,0.56569959728173003,0.99994450696518244,-1.0869298633385646e-05,-0.010534840863400492,1.1831559213103384e-10,8.7507707613248184e-07,1.8713455785874749e-08,1.3860628586480808e-07,-3.1832463466283937e-08,1.5441114682405862e-06,-7.0321833040741443e-09,-1.2960979175343068,2.0929903272957202,-0.001231715344945223,-1.2961160717523861,2.0929392204980046,0.00048418330612466469,1.1181225172938794e-05,1.1146210200029777e-05,1.6231363451192137e-06,1.1169950186622807e-05,1.1141828541219171e-05,1.712990052036767e-06,-0.36748667058457485,1.3897024044219812,0.00036943344666631088,-0.36726880305514414,1.3903156925670563,-0.00014534064134000122,0.36748667058457485,-1.3897024044219812,-0.00036943344666631088,0.36726880305514414,-1.3903156925670563,0.00014534064134000122,-1.3267204090965414,2.208800254273827,0,-1.3267204090965414,2.208800254273827,0,-0.36748667058457485,1.3897024044219812,0.00036943344666631088,-0.36726880305514414,1.3903156925670563,-0.00014534064134000122,0,0,0,0,0,0,-0.36748667058457485,1.3897024044219812,0.00036943344666631088,-0.36726880305514414,1.3903156925670563,-0.00014534064134000122,0,0,0,0,0,0,0,0,0,0,0,0
control,0,294,1470,1475,2940000000,2940000000,0,-1,0.01,1,1,0,0,none,0,0,1,1,-0.089322036366354843,1.3133250326104989e-05,0.56569959754133448,0.99994450698042125,-1.0869465120516702e-05,-0.010534839416804973,8.5266694478693451e-11,-3.0147762601279236e-07,1.9974969109527913e-08,-4.7316413654122068e-08,-3.4071280961826351e-08,-5.2710577269686319e-07,-6.9282418369251434e-09,-1.2960978147435169,2.092990429931338,-0.0012316990797945513,-1.2961159690721671,2.0929393231030753,0.00048420040600029887,9.6493428578031143e-06,9.6516069026077706e-06,1.7008575872699838e-06,9.6382504335711194e-06,9.6496730255103094e-06,1.7796892644332858e-06,-0.36748560625058074,1.389703414699514,0.00036942468105900187,-0.36726773766814252,1.390316699539482,-0.00014534910626331132,0.36748560625058074,-1.389703414699514,-0.00036942468105900187,0.36726773766814252,-1.390316699539482,0.00014534910626331132,-1.3267204090965414,2.208800254273827,0,-1.3267204090965414,2.208800254273827,0,-0.36748560625058074,1.389703414699514,0.00036942468105900187,-0.36726773766814252,1.390316699539482,-0.00014534910626331132,0,0,0,0,0,0,-0.36748560625058074,1.389703414699514,0.00036942468105900187,-0.36726773766814252,1.390316699539482,-0.00014534910626331132,0,0,0,0,0,0,0,0,0,0,0,0
control,0,295,1475,1480,2950000000,2950000000,0,-1,0.01,1,1,0,0,none,0,0,1,1,-0.089322046049268994,1.3133455954265337e-05,0.56569959601433917,0.99994450689082426,-1.0869641100450629e-05,-0.01053484792097625,5.2987207823815422e-11,-1.3997607964114278e-06,2.0908912507339712e-08,-2.2087434825139013e-07,-3.5745854657456592e-08,-2.4605769434599881e-06,-6.7449864449691297e-09,-1.2960977273736023,2.0929905175031496,-0.0012316822385030808,-1.2961158818102854,2.092939410668031,0.0004842179703973907,8.0977614287807755e-06,8.1349090081733193e-06,1.753055845365997e-06,8.0869723668777105e-06,8.1352974548590864e-06,1.8206116512914687e-06,-0.36748432731741282,1.3897046388846166,0.00036941701875865596,-0.36726645789362311,1.3903179203233693,-0.00014535642170178178,0.36748432731741282,-1.3897046388846166,-0.00036941701875865596,0.36726645789362311,-1.3903179203233693,0.00014535642170178178,-1.3267204090965414,2.208800254273827,0,-1.3267204090965414,2.208800254273827,0,-0.36748432731741282,1.3897046388846166,0.00036941701875865596,-0.36726645789362311,1.3903179203233693,-0.00014535642170178178,0,0,0,0,0,0,-0.36748432731741282,1.3897046388846166,0.00036941701875865596,-0.36726645789362311,1.3903179203233693,-0.00014535642170178178,0,0,0,0,0,0,0,0,0,0,0,0
control,0,296,1480,1485,2960000000,2960000000,0,-1,0.01,1,1,0,0,none,0,0,1,1,-0.089322066203496905,1.3133668993074441e-05,0.56569959283254745,0.99994450670412538,-1.0869823779946969e-05,-0.010534865641819388,2.1830678029140866e-11,-2.411436077685936e-06,2.1522507082835291e-08,-3.8074995166563491e-07,-3.6867845528799992e-08,-4.2416233536598883e-06,-6.4889940135053886e-09,-1.2960976555045947,2.0929905899060013,-0.0012316650615234917,-1.2961158100456405,2.0929394830863526,0.00048423575720258673,6.5465200985616334e-06,6.6158863685397338e-06,1.7807175060536332e-06,6.5361446864582826e-06,6.6184498580816026e-06,1.8368961479489224e-06,-0.36748286288350912,1.3897060485843555,0.00036941048258174483,-0.3672649928278412,1.3903193265749056,-0.00014536257196817346,0.36748286288350912,-1.3897060485843555,-0.00036941048258174483,0.3672649928278412,-1.3903193265749056,0.00014536257196817346,-1.3267204090965414,2.208800254273827,0,-1.3267204090965414,2.208800254273827,0,-0.36748286288350912,1.3897060485843555,0.00036941048258174483,-0.3672649928278412,1.3903193265749056,-0.00014536257196817346,0,0,0,0,0,0,-0.36748286288350912,1.3897060485843555,0.00036941048258174483,-0.3672649928278412,1.3903193265749056,-0.00014536257196817346,0,0,0,0,0,0,0,0,0,0,0,0
control,0,297,1485,1490,2970000000,2970000000,0,-1,0.01,1,1,0,0,none,0,0,1,1,-0.089322095920842934,1.3133886301264128e-05,0.56569958813944299,0.99994450642874344,-1.0870010443701318e-05,-0.010534891780181075,-7.8824138820186787e-12,-3.3297446781037037e-06,2.1826626151185082e-08,-5.2587490218126106e-07,-3.7455261551542182e-08,-5.8583431875374606e-06,-6.1673776900296831e-09,-1.2960975990237316,2.0929906472251174,-0.0012316477781255841,-1.2961157536644463,2.0929395404416993,0.00048425353696152215,5.0143830785437787e-06,5.113083014870366e-06,1.7850635689433756e-06,5.0045203814440505e-06,5.1176556537438594e-06,1.8299078507585857e-06,-0.36748124244833624,1.3897076149599925,0.00036940508025922809,-0.36726337196571357,1.3903208895020518,-0.00014536755648099459,0.36748124244833624,-1.3897076149599925,-0.00036940508025922809,0.36726337196571357,-1.3903208895020518,0.00014536755648099459,-1.3267204090965414,2.208800254273827,0,-1.3267204090965414,2.208800254273827,0,-0.36748124244833624,1.3897076149599925,0.00036940508025922809,-0.36726337196571357,1.3903208895020518,-0.00014536755648099459,0,0,0,0,0,0,-0.36748124244833624,1.3897076149599925,0.00036940508025922809,-0.36726337196571357,1.3903208895020518,-0.00014536755648099459,0,0,0,0,0,0,0,0,0,0,0,0
control,0,298,1490,1495,2980000000,2980000000,0,-1,0.01,1,1,0,0,none,0,0,1,1,-0.089322134234899514,1.3134104866407973e-05,0.56569958208771087,0.99994450607363761,-1.0870198484328966e-05,-0.010534925485653797,-3.5866792094882629e-11,-4.1494871693691837e-06,2.1835444407605389e-08,-6.5542725148785706e-07,-3.7531858337830703e-08,-7.3015795235125778e-06,-5.7876714197140663e-09,-1.2960975576390492,2.0929906897229924,-0.0012316306043288008,-1.2961157123738294,2.0929395829948327,0.00048427109485489188,3.5186931454277117e-06,3.6436703808626701e-06,1.767519964805e-06,3.5094304815062815e-06,3.6500709024900091e-06,1.8012071297806246e-06,-0.36747949552962472,1.3897093091044437,0.00036940080530040002,-0.3672616248182668,1.3903225802415773,-0.00014537138881295659,0.36747949552962472,-1.3897093091044437,-0.00036940080530040002,0.3672616248182668,-1.3903225802415773,0.00014537138881295659,-1.3267204090965414,2.208800254273827,0,-1.3267204090965414,2.208800254273827,0,-0.36747949552962472,1.3897093091044437,0.00036940080530040002,-0.3672616248182668,1.3903225802415773,-0.00014537138881295659,0,0,0,0,0,0,-0.36747949552962472,1.3897093091044437,0.00036940080530040002,-0.3672616248182668,1.3903225802415773,-0.00014537138881295659,0,0,0,0,0,0,0,0,0,0,0,0
control,0,299,1495,1500,2990000000,2990000000,0,-1,0.01,1,1,0,0,none,0,0,1,1,-0.089322180136442331,1.3134321835717613e-05,0.565699574836806,0.99994450564816384,-1.0870385429227745e-05,-0.010534965870125229,-6.1873974962674718e-11,-4.8669875532084034e-06,2.1566065510696956e-08,-7.6882575975069301e-07,-3.7126501926833114e-08,-8.564857134868903e-06,-5.3577131462109771e-09,-1.2960975308942846,2.0929907178249696,-0.001231613741126457,-1.2961156857167351,2.0929396111692271,0.00048428823237186593,2.0752517219908659e-06,2.2233264587437834e-06,1.7296872843221399e-06,2.0666643020760385e-06,2.2313614625756958e-06,1.7525183407401429e-06,-0.36747765130466509,1.3897111023966005,0.00036939763797372098,-0.36725978055412933,1.3903243702130046,-0.00014537409562859679,0.36747765130466509,-1.3897111023966005,-0.00036939763797372098,0.36725978055412933,-1.3903243702130046,0.00014537409562859679,-1.3267204090965414,2.208800254273827,0,-1.3267204090965414,2.208800254273827,0,-0.36747765130466509,1.3897111023966005,0.00036939763797372098,-0.36725978055412933,1.3903243702130046,-0.00014537409562859679,0,0,0,0,0,0,-0.36747765130466509,1.3897111023966005,0.00036939763797372098,-0.36725978055412933,1.3903243702130046,-0.00014537409562859679,0,0,0,0,0,0,0,0,0,0,0,0
control,0,300,1500,1505,3000000000,3000000000,0,-1,0.01,1,1,0,0,none,0,0,1,1,-0.089322232588368231,1.3134534543015955e-05,0.56569956655059206,0.99994450516193656,-1.0870568964159445e-05,-0.010535012020924897,-8.5693325813034755e-11,-5.4800411596561057e-06,2.1038134007607758e-08,-8.6572166507058204e-07,-3.6272503294999103e-08,-9.6442908301451629e-06,-4.8855324688263683e-09,-1.29609751818482,2.0929907321037615,-0.0012315973730045652,-1.2961156730878762,2.0929396255356227,0.0004843047686798534,6.98225335425771e-07,8.6614058479772324e-07,1.673310324330822e-06,6.9037606073294414e-07,8.7560773908365164e-07,1.6856985487829564e-06,-0.36747573827866037,1.3897129668299084,0.00036939554638515306,-0.3672578676680735,1.3903262314468423,-0.00014537571553139514,0.36747573827866037,-1.3897129668299084,-0.00036939554638515306,0.3672578676680735,-1.3903262314468423,0.00014537571553139514,-1.3267204090965414,2.208800254273827,0,-1.3267204090965414,2.208800254273827,0,-0.36747573827866037,1.3897129668299084,0.00036939554638515306,-0.3672578676680735,1.3903262314468423,-0.00014537571553139514,0,0,0,0,0,0,-0.36747573827866037,1.3897129668299084,0.00036939554638515306,-0.3672578676680735,1.3903262314468423,-0.00014537571553139514,0,0,0,0,0,0,0,0,0,0,0,0
control,0,301,1505,1510,3010000000,3010000000,0,-1,0.01,1,1,0,0,none,0,0,1,1,-0.089322290540022845,1.3134740531767688e-05,0.56569955739507871,0.99994450462469686,-1.0870746953442229e-05,-0.010535063013434437,-1.0715258031899689e-10,-5.9878480297605874e-06,2.0273437750016205e-08,-9.4598816806069403e-07,-3.5006935694490055e-08,-1.05384682333021e-05,-4.3792409727499771e-09,-1.2960975187744155,2.0929907332631656,-0.00123158166675447,-1.2961156737504642,2.0929396267957729,0.00048432054169334063,-5.9992229446920283e-07,-4.1545638435316144e-07,1.6002478076057427e-06,-6.0698286453726216e-07,-4.0476523399686827e-07,1.6027066172380405e-06,-0.3674737839820697,1.3897148753125126,0.00036939448763596068,-0.36725591367862981,1.3903281368844995,-0.00014537629783886407,0.3674737839820697,-1.3897148753125126,-0.00036939448763596068,0.36725591367862981,-1.3903281368844995,0.00014537629783886407,-1.3267204090965414,2.208800254273827,0,-1.3267204090965414,2.208800254273827,0,-0.3674737839820697,1.3897148753125126,0.00036939448763596068,-0.36725591367862981,1.3903281368844995,-0.00014537629783886407,0,0,0,0,0,0,-0.3674737839820697,1.3897148753125126,0.00036939448763596068,-0.36725591367862981,1.3903281368844995,-0.00014537629783886407,0,0,0,0,0,0,0,0,0,0,0,0
control,0,302,1510,1515,3020000000,3020000000,0,-1,0.01,1,1,0,0,none,0,0,1,1,-0.089322352940783861,1.3134937574102855e-05,0.56569954753627361,0.99994450404618518,-1.0870917456693752e-05,-0.010535117923042793,-1.2611787365345403e-10,-6.3909335124806705e-06,1.9295505919556279e-08,-1.0097078929567132e-06,-3.3369943341904305e-08,-1.1248310057589503e-05,-3.8469279577967859e-09,-1.2960975318124728,2.0929907221212285,-0.0012315667705751761,-1.2961156868534742,2.0929396157656366,0.00048433540884785332,-1.8084731829412811e-06,-1.6107374363504679e-06,1.5124426376092203e-06,-1.8147067269927074e-06,-1.5990332661331075e-06,1.5055730278250526e-06,-0.36747181469904938,1.3897168019373363,0.00036939440904067237,-0.36725394485671597,1.3903300606481839,-0.00014537590130574724,0.36747181469904938,-1.3897168019373363,-0.00036939440904067237,0.36725394485671597,-1.3903300606481839,0.00014537590130574724,-1.3267204090965414,2.208800254273827,0,-1.3267204090965414,2.208800254273827,0,-0.36747181469904938,1.3897168019373363,0.00036939440904067237,-0.36725394485671597,1.3903300606481839,-0.00014537590130574724,0,0,0,0,0,0,-0.36747181469904938,1.3897168019373363,0.00036939440904067237,-0.36725394485671597,1.3903300606481839,-0.00014537590130574724,0,0,0,0,0,0,0,0,0,0,0,0
control,0,303,1515,1520,3030000000,3030000000,0,-1,0.01,1,1,0,0,none,0,0,1,1,-0.089322418752782393,1.3135123685824632e-05,0.56569953713817311,0.99994450343602426,-1.0871078742113304e-05,-0.010535175836343098,-1.4249329298007373e-10,-6.6910578482930071e-06,1.8129208440885949e-08,-1.0571586036258492e-06,-3.140405168094336e-08,-1.1776910983849751e-05,-3.2965618980269772e-09,-1.296097556351588,2.0929906995930923,-0.0012315528134577236,-1.2961157114491952,2.0929395933582562,0.00048434924758843589,-2.9184741244617738e-06,-2.7107012824794875e-06,1.4118930449190722e-06,-2.9238543180879535e-06,-2.6981950304222021e-06,1.3963707500818546e-06,-0.36746985522825493,1.3897187222207406,0.00036939524938507109,-0.36725198598667713,1.390331978279395,-0.00014537459281403485,0.36746985522825493,-1.3897187222207406,-0.00036939524938507109,0.36725198598667713,-1.390331978279395,0.00014537459281403485,-1.3267204090965414,2.208800254273827,0,-1.3267204090965414,2.208800254273827,0,-0.36746985522825493,1.3897187222207406,0.00036939524938507109,-0.36725198598667713,1.390331978279395,-0.00014537459281403485,0,0,0,0,0,0,-0.36746985522825493,1.3897187222207406,0.00036939524938507109,-0.36725198598667713,1.390331978279395,-0.00014537459281403485,0,0,0,0,0,0,0,0,0,0,0,0
control,0,304,1520,1525,3040000000,3040000000,0,-1,0.01,1,1,0,0,none,0,0,1,1,-0.089322486962663067,1.3135297137444992e-05,0.56569952636090381,0.99994450280361036,-1.087122929633637e-05,-0.010535235861483697,-1.5621998730955746e-10,-6.8911165336167617e-06,1.6800361724441711e-08,-1.0887974524616744e-06,-2.9153487647730561e-08,-1.2129364307271121e-05,-2.7358988347575963e-09,-1.2960975913651658,2.0929906666737517,-0.0012315399048411411,-1.296115746510841,2.0929395605665424,0.00048436195558494211,-3.9227331420315129e-06,-3.7080719765261854e-06,1.3006248791573264e-06,-3.9272452792194848e-06,-3.6949718698495869e-06,1.277187457732402e-06,-0.36746792867679479,1.3897206133088686,0.00036939694020838443,-0.36725006016048573,1.3903338669452197,-0.00014537244604836925,0.36746792867679479,-1.3897206133088686,-0.00036939694020838443,0.36725006016048573,-1.3903338669452197,0.00014537244604836925,-1.3267204090965414,2.208800254273827,0,-1.3267204090965414,2.208800254273827,0,-0.36746792867679479,1.3897206133088686,0.00036939694020838443,-0.36725006016048573,1.3903338669452197,-0.00014537244604836925,0,0,0,0,0,0,-0.36746792867679479,1.3897206133088686,0.00036939694020838443,-0.36725006016048573,1.3903338669452197,-0.00014537244604836925,0,0,0,0,0,0,0,0,0,0,0,0
control,0,305,1525,1530,3050000000,3050000000,0,-1,0.01,1,1,0,0,none,0,0,1,1,-0.089322556592301317,1.313545646133883e-05,0.56569951535902874,0.99994450215801245,-1.0871367830936074e-05,-0.010535297137601696,-1.67274868379148e-10,-6.9950332505343864e-06,1.5335345218297188e-08,-1.1052440927226145e-06,-2.6663517797104962e-08,-1.2312573495005393e-05,-2.1723980677175204e-09,-1.2960976357648726,2.0929906244209406,-0.0012315281345272192,-1.2961157909500001,2.0929395184461841,0.00048437345068855437,-4.8157950644128756e-06,-4.5972773889008599e-06,1.1806652890407935e-06,-4.8194355688674636e-06,-4.5837864639697551e-06,1.1500992729395424e-06,-0.36746605628742962,1.3897224541507194,0.00036939940709371374,-0.36724818860514302,1.3903357056114107,-0.00014536954017021328,0.36746605628742962,-1.3897224541507194,-0.00036939940709371374,0.36724818860514302,-1.3903357056114107,0.00014536954017021328,-1.3267204090965414,2.208800254273827,0,-1.3267204090965414,2.208800254273827,0,-0.36746605628742962,1.3897224541507194,0.00036939940709371374,-0.36724818860514302,1.3903357056114107,-0.00014536954017021328,0,0,0,0,0,0,-0.36746605628742962,1.3897224541507194,0.00036939940709371374,-0.36724818860514302,1.3903357056114107,-0.00014536954017021328,0,0,0,0,0,0,0,0,0,0,0,0
control,0,306,1530,1535,3060000000,3060000000,0,-1,0.01,1,1,0,0,none,0,0,1,1,-0.089322626708414468,1.3135600455151086e-05,0.56569950428002835,0.99994450150788527,-1.0871493285683485e-05,-0.010535358843282877,-1.7566894370707729e-10,-7.0076471418861644e-06,1.3760733124546526e-08,-1.1072628513935671e-06,-2.3979811689529936e-08,-1.2335053780154741e-05,-1.6131469102641025e-09,-1.2960976884177342,2.0929905739383434,-0.0012315175728383825,-1.2961158436337252,2.0929394680988853,0.00048438367064673065,-5.5938972323111712e-06,-5.3744088476835083e-06,1.0540181385817333e-06,-5.5966730602731489e-06,-5.360722688194762e-06,1.0171464018546751e-06,-0.36746425729983823,1.3897242256390743,0.00036940257094458567,-0.36724639054420399,1.3903374751833322,-0.00014536595851411194,0.36746425729983823,-1.3897242256390743,-0.00036940257094458567,0.36724639054420399,-1.3903374751833322,0.00014536595851411194,-1.3267204090965414,2.208800254273827,0,-1.3267204090965414,2.208800254273827,0,-0.36746425729983823,1.3897242256390743,0.00036940257094458567,-0.36724639054420399,1.3903374751833322,-0.00014536595851411194,0,0,0,0,0,0,-0.36746425729983823,1.3897242256390743,0.00036940257094458567,-0.36724639054420399,1.3903374751833322,-0.00014536595851411194,0,0,0,0,0,0,0,0,0,0,0,0
control,0,307,1535,1540,3070000000,3070000000,0,-1,0.01,1,1,0,0,none,0,0,1,1,-0.089322696431020018,1.3135728181631679e-05,0.56569949326296409,0.99994450086138897,-1.0871604828715121e-05,-0.010535420204007356,-1.8144531767673859e-10,-6.9345961458302062e-06,1.2102945069522967e-08,-1.0957443030279168e-06,-2.1147837502352245e-08,-1.2206726813491499e-05,-1.0647926522669129e-09,-1.2960977481626854,2.092990516359313,-0.0012315082710013803,-1.2961159034010798,2.0929394106561023,0.0004843925725954178,-6.2549077995308237e-06,-6.0371628813132581e-06,9.2264118400349927e-07,-6.2568357627667265e-06,-6.0234675852156009e-06,8.8031068451883295e-07,-0.36746254884457291,1.3897259107184898,0.00036940634924121388,-0.36724468309189484,1.3903391586140734,-0.00014536178731285127,0.36746254884457291,-1.3897259107184898,-0.00036940634924121388,0.36724468309189484,-1.3903391586140734,0.00014536178731285127,-1.3267204090965414,2.208800254273827,0,-1.3267204090965414,2.208800254273827,0,-0.36746254884457291,1.3897259107184898,0.00036940634924121388,-0.36724468309189484,1.3903391586140734,-0.00014536178731285127,0,0,0,0,0,0,-0.36746254884457291,1.3897259107184898,0.00036940634924121388,-0.36724468309189484,1.3903391586140734,-0.00014536178731285127,0,0,0,0,0,0,0,0,0,0,0,0
control,0,308,1540,1545,3080000000,3080000000,0,-1,0.01,1,1,0,0,none,0,0,1,1,-0.089322764940711979,1.3135838965108155e-05,0.56569948243732748,0.99994450022612225,-1.0871701853784771e-05,-0.010535480498555093,-1.8467690963203831e-10,-6.7821980552270729e-06,1.0387919080278217e-08,-1.0716864878477523e-06,-1.8212295097824513e-08,-1.1938711312235321e-05,-5.3348582016006149e-10,-1.2960978138264132,2.0929904528312644,-0.0012315002617380726,-1.2961159690789719,2.0929393472634588,0.0004844001323484342,-6.7982481724058324e-06,-6.5847672492215636e-06,7.8842529562014057e-07,-6.7993541725702004e-06,-6.5712376418636453e-06,7.4149528567895309e-07,-0.36746094586928013,1.3897274944616249,0.00036941065725664074,-0.36724308117957594,1.3903407409808815,-0.00014535711446881419,0.36746094586928013,-1.3897274944616249,-0.00036941065725664074,0.36724308117957594,-1.3903407409808815,0.00014535711446881419,-1.3267204090965414,2.208800254273827,0,-1.3267204090965414,2.208800254273827,0,-0.36746094586928013,1.3897274944616249,0.00036941065725664074,-0.36724308117957594,1.3903407409808815,-0.00014535711446881419,0,0,0,0,0,0,-0.36746094586928013,1.3897274944616249,0.00036941065725664074,-0.36724308117957594,1.3903407409808815,-0.00014535711446881419,0,0,0,0,0,0,0,0,0,0,0,0
control,0,309,1545,1550,3090000000,3090000000,0,-1,0.01,1,1,0,0,none,0,0,1,1,-0.089322831484742571,1.3135932384837248e-05,0.56569947192207992,0.99994449960906717,-1.0871783974805992e-05,-0.010535539064359691,-1.8546392660454749e-10,-6.5573308886805326e-06,8.64080976774615e-09,-1.036176008992871e-06,-1.5216592398131282e-08,-1.1543112484973678e-05,-2.483040949032116e-11,-1.2960978842383433,2.0929903845008861,-0.0012314935600427101,-1.2961160394971325,2.0929392790659715,0.00048440634350590655,-7.2248014350588087e-06,-7.017893245920808e-06,6.5317580767449039e-07,-7.2251196365395347e-06,-7.0046913487182767e-06,6.0250666078497314e-07,-0.36745946109622535,1.3897289641151589,0.00036941540922242933,-0.36724159751345237,1.3903422095312883,-0.00014535202838481123,0.36745946109622535,-1.3897289641151589,-0.00036941540922242933,0.36724159751345237,-1.3903422095312883,0.00014535202838481123,-1.3267204090965414,2.208800254273827,0,-1.3267204090965414,2.208800254273827,0,-0.36745946109622535,1.3897289641151589,0.00036941540922242933,-0.36724159751345237,1.3903422095312883,-0.00014535202838481123,0,0,0,0,0,0,-0.36745946109622535,1.3897289641151589,0.00036941540922242933,-0.36724159751345237,1.3903422095312883,-0.00014535202838481123,0,0,0,0,0,0,0,0,0,0,0,0
control,0,310,1550,1555,3100000000,3100000000,0,-1,0.01,1,1,0,0,none,0,0,1,1,-0.089322895381909836,1.3136008265500639e-05,0.56569946182487885,0.99994449901654003,-1.0871851017911521e-05,-0.010535595301812271,-1.839311376531534e-10,-6.2673140696560137e-06,6.8857139430829852e-09,-9.9036922177922555e-07,-1.22023683724671e-08,-1.1032812875897272e-05,4.5615543648154845e-10,-1.2960979582446392,2.0929903125002984,-0.0012314881641244863,-1.2961161135021084,2.0929392071942234,0.00048441121640398828,-7.5368087728192457e-06,-7.3385562284281442e-06,5.1859610302441482e-07,-7.5363807319769924e-06,-7.3258299763776104e-06,4.6503882754428735e-07,-0.36745810500966697,1.3897303091166853,0.00036942051943219465,-0.36724024256209808,1.3903435537002071,-0.00014534661686257369,0.36745810500966697,-1.3897303091166853,-0.00036942051943219465,0.36724024256209808,-1.3903435537002071,0.00014534661686257369,-1.3267204090965414,2.208800254273827,0,-1.3267204090965414,2.208800254273827,0,-0.36745810500966697,1.3897303091166853,0.00036942051943219465,-0.36724024256209808,1.3903435537002071,-0.00014534661686257369,0,0,0,0,0,0,-0.36745810500966697,1.3897303091166853,0.00036942051943219465,-0.36724024256209808,1.3903435537002071,-0.00014534661686257369,0,0,0,0,0,0,0,0,0,0,0,0
control,0,311,1555,1560,3110000000,3110000000,0,-1,0.01,1,1,0,0,none,0,0,1,1,-0.089322956026270425,1.3136066665132966e-05,0.56569945224149165,0.99994449845416167,-1.0871903011276311e-05,-0.010535648677530028,-1.8022499502834026e-10,-5.9197917762299426e-06,5.1454257812153288e-09,-9.3547390197706464e-07,-9.209066455212307e-09,-1.042126703176662e-05,9.0506858628429288e-10,-1.2960980347211182,2.0929902379342691,-0.0012314840564941489,-1.2961161899701663,2.0929391327515909,0.00048441477692794143,-7.7377568694970931e-06,-7.5500051927737611e-06,3.8627333778030879e-07,-7.7366306125358858e-06,-7.537887419407132e-06,3.3065987412650553e-07,-0.36745688586977482,1.3897315210824839,0.00036942590328135563,-0.36723902457058266,1.3903447650979617,-0.00014534096607208877,0.36745688586977482,-1.3897315210824839,-0.00036942590328135563,0.36723902457058266,-1.3903447650979617,0.00014534096607208877,-1.3267204090965414,2.208800254273827,0,-1.3267204090965414,2.208800254273827,0,-0.36745688586977482,1.3897315210824839,0.00036942590328135563,-0.36723902457058266,1.3903447650979617,-0.00014534096607208877,0,0,0,0,0,0,-0.36745688586977482,1.3897315210824839,0.00036942590328135563,-0.36723902457058266,1.3903447650979617,-0.00014534096607208877,0,0,0,0,0,0,0,0,0,0,0,0
control,0,312,1560,1565,3120000000,3120000000,0,-1,0.01,1,1,0,0,none,0,0,1,1,-0.089323012889704304,1.3136107860784131e-05,0.56569944325538912,0.99994449792683116,-1.0871940172962911e-05,-0.010535698726615396,-1.7451064532110666e-10,-5.5226197875167309e-06,3.4412226354409837e-09,-8.7273124445130473e-07,-6.2735606725025323e-09,-9.7223023092736965e-06,1.3181422861915652e-09,-1.2960981125849811,2.0929901618685665,-0.0012314812051709811,-1.2961162678190159,2.0929390568026047,0.00048441706521295587,-7.8322556359142167e-06,-7.6566063643576193e-06,2.5766680642478656e-07,-7.8304847238274974e-06,-7.645214032184046e-06,2.008011566428095e-07,-0.36745580975527026,1.3897325937726728,0.00036943147821097308,-0.36723794960322065,1.3903458374757154,-0.00014533515962171888,0.36745580975527026,-1.3897325937726728,-0.00036943147821097308,0.36723794960322065,-1.3903458374757154,0.00014533515962171888,-1.3267204090965414,2.208800254273827,0,-1.3267204090965414,2.208800254273827,0,-0.36745580975527026,1.3897325937726728,0.00036943147821097308,-0.36723794960322065,1.3903458374757154,-0.00014533515962171888,0,0,0,0,0,0,-0.36745580975527026,1.3897325937726728,0.00036943147821097308,-0.36723794960322065,1.3903458374757154,-0.00014533515962171888,0,0,0,0,0,0,0,0,0,0,0,0
control,0,313,1565,1570,3130000000,3130000000,0,-1,0.01,1,1,0,0,none,0,0,1,1,-0.089323065523374476,1.3136132332230703e-05,0.56569943493751496,0.99994449743871217,-1.0871962897060195e-05,-0.010535745053942587,-1.6696887220405319e-10,-5.0837569192150367e-06,1.7926827876297401e-09,-8.0339876594706518e-07,-3.4298365243227979e-09,-8.9499277652844111e-06,1.6922580127691026e-09,-1.2960981908053004,2.0929900853195242,-0.0012314795649891112,-1.2961163460182867,2.0929389803625225,0.00048441813425454029,-7.8259119457974963e-06,-7.6637185979970785e-06,1.3409816503130674e-07,-7.8235545247208459e-06,-7.6531522791411293e-06,7.674845237225513e-08,-0.3674548806269734,1.3897335230295298,0.00036943716458848181,-0.36723702160726929,1.390346766664073,-0.00014532927769898068,0.3674548806269734,-1.3897335230295298,-0.00036943716458848181,0.36723702160726929,-1.390346766664073,0.00014532927769898068,-1.3267204090965414,2.208800254273827,0,-1.3267204090965414,2.208800254273827,0,-0.3674548806269734,1.3897335230295298,0.00036943716458848181,-0.36723702160726929,1.390346766664073,-0.00014532927769898068,0,0,0,0,0,0,-0.3674548806269734,1.3897335230295298,0.00036943716458848181,-0.36723702160726929,1.390346766664073,-0.00014532927769898068,0,0,0,0,0,0,0,0,0,0,0,0
control,0,314,1570,1575,3140000000,3140000000,0,-1,0.01,1,1,0,0,none,0,0,1,1,-0.089323113558134423,1.3136140744057181e-05,0.56569942734622136,0.9999444969932294,-1.0871971738390917e-05,-0.010535787334517583,-1.577930138307977e-10,-4.6111621043187662e-06,2.1753530352965645e-10,-7.2873404365246084e-07,-7.0872690698792776e-10,-8.1181529766221052e-06,2.024948040054082e-09,-1.2960982684122153,2.0929900092448701,-0.0012314790789809268,-1.2961164235987159,2.0929389043881601,0.00048441804845095784,-7.7251983162440687e-06,-7.5775657089469047e-06,1.6744258399381286e-08,-7.7223161648144302e-06,-7.5679093095609643e-06,-4.036430285790578e-08,-0.36745410041443904,1.3897343066960459,0.00036944288648135804,-0.3672362424996588,1.3903475504919669,-0.00014532339632014447,0.36745410041443904,-1.3897343066960459,-0.00036944288648135804,0.3672362424996588,-1.3903475504919669,0.00014532339632014447,-1.3267204090965414,2.208800254273827,0,-1.3267204090965414,2.208800254273827,0,-0.36745410041443904,1.3897343066960459,0.00036944288648135804,-0.3672362424996588,1.3903475504919669,-0.00014532339632014447,0,0,0,0,0,0,-0.36745410041443904,1.3897343066960459,0.00036944288648135804,-0.3672362424996588,1.3903475504919669,-0.00014532339632014447,0,0,0,0,0,0,0,0,0,0,0,0
control,0,315,1575,1580,3150000000,3150000000,0,-1,0.01,1,1,0,0,none,0,0,1,1,-0.089323156703944251,1.3136133926430065e-05,0.56569942052736044,0.99994449659307361,-1.0871967396066296e-05,-0.010535825312965935,-1.4718589408954246e-10,-4.1126979998611543e-06,-1.2684577441904069e-09,-6.4997948403841806e-07,1.86229613427949e-09,-7.240818346363497e-06,2.3143906925422692e-09,-1.2960983445048053,2.0929899345358454,-0.0012314796798154003,-1.2961164996600103,2.092938829770012,0.00048441688210025833,-7.5373195959245405e-06,-7.4051062683175322e-06,-9.3367968462429481e-08,-7.533977180947076e-06,-7.3964269812638376e-06,-1.4955912608044413e-07,-0.36745346912143945,1.3897349445151819,0.00036944857234304316,-0.36723561227260215,1.3903481886862517,-0.00014531758667377348,0.36745346912143945,-1.3897349445151819,-0.00036944857234304316,0.36723561227260215,-1.3903481886862517,0.00014531758667377348,-1.3267204090965414,2.208800254273827,0,-1.3267204090965414,2.208800254273827,0,-0.36745346912143945,1.3897349445151819,0.00036944857234304316,-0.36723561227260215,1.3903481886862517,-0.00014531758667377348,0,0,0,0,0,0,-0.36745346912143945,1.3897349445151819,0.00036944857234304316,-0.36723561227260215,1.3903481886862517,-0.00014531758667377348,0,0,0,0,0,0,0,0,0,0,0,0
control,0,316,1580,1585,3160000000,3160000000,0,-1,0.01,1,1,0,0,none,0,0,1,1,-0.089323194748366058,1.3136112854884493e-05,0.56569941451452155,0.99994449624021686,-1.0871950696163223e-05,-0.01053585880220995,-1.3535680516336912e-10,-3.5960418754200758e-06,-2.6515873802346102e-09,-5.6834822668876839e-07,4.2592751691126875e-09,-6.3314382223139409e-06,2.5593974002109005e-09,-1.2960984182576265,2.0929898620106244,-0.001231481291270628,-1.2961165733773745,2.0929387573256739,0.00048441471787283161,-7.2700791786455676e-06,-7.1539028316285908e-06,-1.9536438205701949e-07,-7.2663427451641217e-06,-7.1462512933137926e-06,-2.5001592484792693e-07,-0.36745298494821116,1.3897354380126781,0.00036945415560029124,-0.36723512911588524,1.3903486827547766,-0.00014531191456560708,0.36745298494821116,-1.3897354380126781,-0.00036945415560029124,0.36723512911588524,-1.3903486827547766,0.00014531191456560708,-1.3267204090965414,2.208800254273827,0,-1.3267204090965414,2.208800254273827,0,-0.36745298494821116,1.3897354380126781,0.00036945415560029124,-0.36723512911588524,1.3903486827547766,-0.00014531191456560708,0,0,0,0,0,0,-0.36745298494821116,1.3897354380126781,0.00036945415560029124,-0.36723512911588524,1.3903486827547766,-0.00014531191456560708,0,0,0,0,0,0,0,0,0,0,0,0
control,0,317,1585,1590,3170000000,3170000000,0,-1,0.01,1,1,0,0,none,0,0,1,1,-0.089323227554214929,1.3136078629439508e-05,0.56569940932940266,0.99994449593593282,-1.0871922573797439e-05,-0.010535887681402702,-1.2251857350420756e-10,-3.068604397515195e-06,-3.9202523686753021e-09,-4.8501130222662042e-07,6.4618668446981685e-09,-5.4030579193993086e-06,2.7593927501463435e-09,-1.2960984889259211,2.0929897924090435,-0.0012314838297206997,-1.2961166440067116,2.0929386877945637,0.00048441164527943711,-6.9317465900796404e-06,-6.831992005376416e-06,-2.8852457283868513e-07,-6.9276832647975663e-06,-6.8254026754478335e-06,-3.4107242478147834e-07,-0.36745264442755937,1.38973579036541,0.00036945957514485187,-0.36723478955306127,1.3903490358551724,-0.00014530643996259207,0.36745264442755937,-1.38973579036541,-0.00036945957514485187,0.36723478955306127,-1.3903490358551724,0.00014530643996259207,-1.3267204090965414,2.208800254273827,0,-1.3267204090965414,2.208800254273827,0,-0.36745264442755937,1.38973579036541,0.00036945957514485187,-0.36723478955306127,1.3903490358551724,-0.00014530643996259207,0,0,0,0,0,0,-0.36745264442755937,1.38973579036541,0.00036945957514485187,-0.36723478955306127,1.3903490358551724,-0.00014530643996259207,0,0,0,0,0,0,0,0,0,0,0,0
control,0,318,1590,1595,3180000000,3180000000,0,-1,0.01,1,1,0,0,none,0,0,1,1,-0.089323255056447406,1.3136032453345679e-05,0.56569940498230176,0.99994449568082633,-1.0871884054854561e-05,-0.010535911893190969,-1.0888474308468006e-10,-2.5374567911519161e-06,-5.0649841987199389e-09,-4.0108613195157719e-07,8.4533901055089169e-09,-4.4681254734967611e-06,2.9143884660633241e-09,-1.2960985558495182,2.0929897263886059,-0.0012314872056180157,-1.2961167108885157,2.0929386218339254,0.00048440775915342378,-6.5309278549843497e-06,-6.4477569598037197e-06,-3.7228083379955013e-07,-6.5266048063274784e-06,-6.4422486616580473e-06,-4.2222219722155646e-07,-0.36745244257249671,1.3897360062580923,0.00036946477572709466,-0.3672345885890998,1.3903492526518111,-0.00014530121663616603,0.36745244257249671,-1.3897360062580923,-0.00036946477572709466,0.3672345885890998,-1.3903492526518111,0.00014530121663616603,-1.3267204090965414,2.208800254273827,0,-1.3267204090965414,2.208800254273827,0,-0.36745244257249671,1.3897360062580923,0.00036946477572709466,-0.3672345885890998,1.3903492526518111,-0.00014530121663616603,0,0,0,0,0,0,-0.36745244257249671,1.3897360062580923,0.00036946477572709466,-0.3672345885890998,1.3903492526518111,-0.00014530121663616603,0,0,0,0,0,0,0,0,0,0,0,0
control,0,319,1595,1600,3190000000,3190000000,0,-1,0.01,1,1,0,0,none,0,0,1,1,-0.089323277258373732,1.3135975611757001e-05,0.56569940147271458,0.99994449547486786,-1.0871836237631355e-05,-0.010535931440382831,-9.4666906787297394e-11,-2.0092667318970046e-06,-6.0784432787398955e-09,-3.1762640417382842e-07,1.0220824943922817e-08,-3.5383787789034582e-06,3.0249496397183322e-09,-1.2960986184554657,2.0929896645217445,-0.0012314913249533703,-1.2961167734504946,2.0929385600160844,0.00048440315816467889,-6.0764399575665557e-06,-6.0098039002129913e-06,-4.4621535306375613e-07,-6.0719235884121746e-06,-6.0053805422056055e-06,-4.9311090354367661e-07,-0.3674523730329724,1.3897360917308399,0.00036946970825366425,-0.36723451986717953,1.3903493391637247,-0.00014529629190422646,0.3674523730329724,-1.3897360917308399,-0.00036946970825366425,0.36723451986717953,-1.3903493391637247,0.00014529629190422646,-1.3267204090965414,2.208800254273827,0,-1.3267204090965414,2.208800254273827,0,-0.3674523730329724,1.3897360917308399,0.00036946970825366425,-0.36723451986717953,1.3903493391637247,-0.00014529629190422646,0,0,0,0,0,0,-0.3674523730329724,1.3897360917308399,0.00036946970825366425,-0.36723451986717953,1.3903493391637247,-0.00014529629190422646,0,0,0,0,0,0,0,0,0,0,0,0
control,0,320,1600,1605,3200000000,3200000000,0,-1,0.01,1,1,0,0,none,0,0,1,1,-0.089323294227282635,1.3135909450603149e-05,0.56569939879002651,0.99994449531743468,-1.0871780274627157e-05,-0.010535946382098049,-8.0072204765931527e-11,-1.4902431954544381e-06,-6.955388305238705e-09,-2.3561333611814906e-07,1.1754764075827783e-08,-2.6247484725831666e-06,3.0921597000139592e-09,-1.2960986762594358,2.0929896072942817,-0.0012314960906772707,-1.2961168312089688,2.0929385028268985,0.00048439794338159449,-5.5771905095417503e-06,-5.5268438838770546e-06,-5.1005573739171075e-07,-5.5725457187896376e-06,-5.5234953167975113e-06,-5.5353091070276193e-07,-0.3674524282595038,1.3897360540203687,0.00036947432999005081,-0.36723457583229324,1.3903493026061167,-0.00014529170646894322,0.3674524282595038,-1.3897360540203687,-0.00036947432999005081,0.36723457583229324,-1.3903493026061167,0.00014529170646894322,-1.3267204090965414,2.208800254273827,0,-1.3267204090965414,2.208800254273827,0,-0.3674524282595038,1.3897360540203687,0.00036947432999005081,-0.36723457583229324,1.3903493026061167,-0.00014529170646894322,0,0,0,0,0,0,-0.3674524282595038,1.3897360540203687,0.00036947432999005081,-0.36723457583229324,1.3903493026061167,-0.00014529170646894322,0,0,0,0,0,0,0,0,0,0,0,0
control,0,321,1605,1610,3210000000,3210000000,0,-1,0.01,1,1,0,0,none,0,0,1,1,-0.089323306089568774,1.3135835355919141e-05,0.56569939691428139,0.99994449520735595,-1.0871717354708035e-05,-0.010535956829480657,-6.5301014440149357e-11,-9.8609035570463678e-07,-7.6926207623258469e-09,-1.5594839477613826e-07,1.3049322189854478e-08,-1.7372767685623785e-06,3.117576894547831e-09,-1.2960987288659696,2.0929895551050399,-0.00123150140406801,-1.2961168837691088,2.0929384506653621,0.00048439221689506928,-5.0420642939021345e-06,-5.0075805130523721e-06,-5.6366912281190851e-07,-5.0373537912334084e-06,-5.0052835160479684e-06,-6.0341454038387611e-07,-0.36745259967042171,1.3897359013962143,0.00036947860467654361,-0.36723474789850435,1.3903491512268527,-0.00014528749434150156,0.36745259967042171,-1.3897359013962143,-0.00036947860467654361,0.36723474789850435,-1.3903491512268527,0.00014528749434150156,-1.3267204090965414,2.208800254273827,0,-1.3267204090965414,2.208800254273827,0,-0.36745259967042171,1.3897359013962143,0.00036947860467654361,-0.36723474789850435,1.3903491512268527,-0.00014528749434150156,0,0,0,0,0,0,-0.36745259967042171,1.3897359013962143,0.00036947860467654361,-0.36723474789850435,1.3903491512268527,-0.00014528749434150156,0,0,0,0,0,0,0,0,0,0,0,0
control,0,322,1610,1615,3220000000,3220000000,0,-1,0.01,1,1,0,0,none,0,0,1,1,-0.089323313025453294,1.3135754733869147e-05,0.56569939581701667,0.99994449514296169,-1.0871648685848902e-05,-0.010535962941053429,-5.0544851796270756e-11,-5.0197052171639667e-07,-8.2889065173858614e-09,-7.9447436031908833e-08,1.4102004996570588e-08,-8.850521796711894e-07,3.1031899578298658e-09,-1.2960987759676297,2.0929895082665295,-0.0012315071660332995,-1.2961169308240814,2.09293840384428,0.00048438608051735115,-4.4798170603642821e-06,-4.4606050465871065e-06,-6.0705492044482373e-07,-4.4751007393176102e-06,-4.459324429763758e-06,-6.4282599310432456e-07,-0.3674528778213505,1.3897356429951393,0.00036948250255601207,-0.36723502661841123,1.3903488941412085,-0.00014528368285555014,0.3674528778213505,-1.3897356429951393,-0.00036948250255601207,0.36723502661841123,-1.3903488941412085,0.00014528368285555014,-1.3267204090965414,2.208800254273827,0,-1.3267204090965414,2.208800254273827,0,-0.3674528778213505,1.3897356429951393,0.00036948250255601207,-0.36723502661841123,1.3903488941412085,-0.00014528368285555014,0,0,0,0,0,0,-0.3674528778213505,1.3897356429951393,0.00036948250255601207,-0.36723502661841123,1.3903488941412085,-0.00014528368285555014,0,0,0,0,0,0,0,0,0,0,0,0
control,0,323,1615,1620,3230000000,3230000000,0,-1,0.01,1,1,0,0,none,0,0,1,1,-0.089323315263387493,1.3135668991677273e-05,0.56569939546214731,0.99994449512213412,-1.0871575478638734e-05,-0.010535964917793237,-3.5984498867896103e-11,-4.2475987956547731e-08,-8.7448772514787107e-09,-6.8362484767689681e-09,1.4913543494042412e-08,-7.6159948618417906e-08,3.0513690150297651e-09,-1.2960988173431414,2.0929894670066376,-0.0012315132783337545,-1.2961169721531842,2.0929383625919473,0.00048437963456682845,-3.8989776674763161e-06,-3.8942995030738034e-06,-6.4033642921046423e-07,-3.8943120597302499e-06,-3.8939892800643232e-06,-6.7195220855224382e-07,-0.36745325257429962,1.3897352886555274,0.00036948600032158687,-0.36723540185219694,1.390348541166476,-0.0001452802927596209,0.36745325257429962,-1.3897352886555274,-0.00036948600032158687,0.36723540185219694,-1.390348541166476,0.0001452802927596209,-1.3267204090965414,2.208800254273827,0,-1.3267204090965414,2.208800254273827,0,-0.36745325257429962,1.3897352886555274,0.00036948600032158687,-0.36723540185219694,1.390348541166476,-0.0001452802927596209,0,0,0,0,0,0,-0.36745325257429962,1.3897352886555274,0.00036948600032158687,-0.36723540185219694,1.390348541166476,-0.0001452802927596209,0,0,0,0,0,0,0,0,0,0,0,0
control,0,324,1620,1625,3240000000,3240000000,0,-1,0.01,1,1,0,0,none,0,0,1,1,-0.089323313074227403,1.3135579519655978e-05,0.565699395806886,0.99994449514236305,-1.0871498930715847e-05,-0.010535962998004564,-2.178836209184158e-11,3.8839042935669036e-07,-9.0629136118702606e-09,6.1252513721735578e-08,1.5487696029726117e-08,6.8235224528718431e-07,2.9648166581305686e-09,-1.2960988528546071,2.0929894314712354,-0.0012315196447185302,-1.2961170076190567,2.0929383270547439,0.00048437297674792956,-3.3077592588123793e-06,-3.3167483275767189e-06,-6.6375150776732192e-07,-3.3031970532586819e-06,-3.3173529622300004e-06,-6.9109283241097359e-07,-0.36745371326432336,1.3897348487535903,0.00036948908099094743,-0.3672358629342371,1.3903481026584401,-0.00014527733838275831,0.36745371326432336,-1.3897348487535903,-0.00036948908099094743,0.3672358629342371,-1.3903481026584401,0.00014527733838275831,-1.3267204090965414,2.208800254273827,0,-1.3267204090965414,2.208800254273827,0,-0.36745371326432336,1.3897348487535903,0.00036948908099094743,-0.3672358629342371,1.3903481026584401,-0.00014527733838275831,0,0,0,0,0,0,-0.36745371326432336,1.3897348487535903,0.00036948908099094743,-0.3672358629342371,1.3903481026584401,-0.00014527733838275831,0,0,0,0,0,0,0,0,0,0,0,0
control,0,325,1625,1630,3250000000,3250000000,0,-1,0.01,1,1,0,0,none,0,0,1,1,-0.089323306765263913,1.3135487674496648e-05,0.56569939680268655,0.99994449520079909,-1.0871420212275842e-05,-0.01053595745206614,-8.1110772212656211e-12,7.8722647939898256e-07,-9.2470130755361525e-09,1.2428109717613103e-07,1.5831024069507433e-08,1.3844938246193025e-06,2.8465149585812513e-09,-1.2960988824438884,2.0929894017276136,-0.0012315261719647954,-1.2961170371640565,2.0929382973005577,0.00048436620113373317,-2.7139797257256368e-06,-2.7356594706642344e-06,-6.7764239745996963e-07,-2.7095693603261184e-06,-2.7371151674698289e-06,-7.0064941914855245e-07,-0.36745424886224803,1.3897343340437665,0.00036949173370931163,-0.36723639883577913,1.3903475893519825,-0.0001452748278691625,0.36745424886224803,-1.3897343340437665,-0.00036949173370931163,0.36723639883577913,-1.3903475893519825,0.0001452748278691625,-1.3267204090965414,2.208800254273827,0,-1.3267204090965414,2.208800254273827,0,-0.36745424886224803,1.3897343340437665,0.00036949173370931163,-0.36723639883577913,1.3903475893519825,-0.0001452748278691625,0,0,0,0,0,0,-0.36745424886224803,1.3897343340437665,0.00036949173370931163,-0.36723639883577913,1.3903475893519825,-0.0001452748278691625,0,0,0,0,0,0,0,0,0,0,0,0
control,0,326,1630,1635,3260000000,3260000000,0,-1,0.01,1,1,0,0,none,0,0,1,1,-0.089323296674190825,1.3135394763961655e-05,0.56569939839619743,0.9999444952943114,-1.0871340452774907e-05,-0.010535948577122306,4.9076405966375906e-12,1.1512335923577566e-06,-9.3026448451256769e-09,1.8180712399018001e-07,1.5952644853325872e-08,2.0253368218466331e-06,2.6996742189391403e-09,-1.2960989061282522,2.0929893777686521,-0.0012315327708146964,-1.2961170608059027,2.09293827332294,0.00048435939725701804,-2.1249922480582155e-06,-2.1582947483369376e-06,-6.8244499423784629e-07,-2.1207775740190361e-06,-2.1605307728045709e-06,-7.0111413200914252e-07,-0.36745484813109891,1.3897337555042208,0.00036949395349412077,-0.36723699832130346,1.3903470122068027,-0.00014527276347050497,0.36745484813109891,-1.3897337555042208,-0.00036949395349412077,0.36723699832130346,-1.3903470122068027,0.00014527276347050497,-1.3267204090965414,2.208800254273827,0,-1.3267204090965414,2.208800254273827,0,-0.36745484813109891,1.3897337555042208,0.00036949395349412077,-0.36723699832130346,1.3903470122068027,-0.00014527276347050497,0,0,0,0,0,0,-0.36745484813109891,1.3897337555042208,0.00036949395349412077,-0.36723699832130346,1.3903470122068027,-0.00014527276347050497,0,0,0,0,0,0,0,0,0,0,0,0
control,0,327,1635,1640,3270000000,3270000000,0,-1,0.01,1,1,0,0,none,0,0,1,1,-0.089323283163086922,1.3135302033090707e-05,0.56569940053021173,0.99994449541954256,-1.0871260728927707e-05,-0.01053593669178696,1.7143900653524161e-11,1.4782124821365341e-06,-9.2365945486600775e-09,2.3348290996694106e-07,1.5863966243383887e-08,2.6010081622914513e-06,2.527680686542912e-09,-1.29609892399538,2.0929893595176243,-0.0012315393568048019,-1.2961170786326821,2.0929382550458993,0.00048435264931399814,-1.5476255733747118e-06,-1.5914103497309791e-06,-6.7867759236331275e-07,-1.5436456024956756e-06,-1.5943503463002901e-06,-6.9305800968983657e-07,-0.36745549977557762,1.3897331241899564,0.00036949574092105868,-0.36723765009790815,1.3903463822606521,-0.00014527114189371494,0.36745549977557762,-1.3897331241899564,-0.00036949574092105868,0.36723765009790815,-1.3903463822606521,0.00014527114189371494,-1.3267204090965414,2.208800254273827,0,-1.3267204090965414,2.208800254273827,0,-0.36745549977557762,1.3897331241899564,0.00036949574092105868,-0.36723765009790815,1.3903463822606521,-0.00014527114189371494,0,0,0,0,0,0,-0.36745549977557762,1.3897331241899564,0.00036949574092105868,-0.36723765009790815,1.3903463822606521,-0.00014527114189371494,0,0,0,0,0,0,0,0,0,0,0,0
control,0,328,1640,1645,3280000000,3280000000,0,-1,0.01,1,1,0,0,none,0,0,1,1,-0.089323266612484353,1.313521065200961e-05,0.5656994031446051,0.99994449557296361,-1.0871182054077425e-05,-0.010535922130923324,2.8490294149442203e-11,1.7665517719543169e-06,-9.0568010690030203e-09,2.7905366987319549e-07,1.5578407649699271e-08,3.1086696663537399e-06,2.3340447516281894e-09,-1.2960989361978381,2.092989346833543,-0.0012315458509848292,-1.2961170907973174,2.0929382423292293,0.00048434603548324777,-9.8813462461213264e-07,-1.0412070342244521e-06,-6.6692940485665901e-07,-9.8442333091247194e-07,-1.0447703529524817e-06,-6.771190628073908e-07,-0.36745619258250289,1.3897324510939593,0.00036949710176569157,-0.36723834295569191,1.3903457104907013,-0.00014526995469183395,0.36745619258250289,-1.3897324510939593,-0.00036949710176569157,0.36723834295569191,-1.3903457104907013,0.00014526995469183395,-1.3267204090965414,2.208800254273827,0,-1.3267204090965414,2.208800254273827,0,-0.36745619258250289,1.3897324510939593,0.00036949710176569157,-0.36723834295569191,1.3903457104907013,-0.00014526995469183395,0,0,0,0,0,0,-0.36745619258250289,1.3897324510939593,0.00036949710176569157,-0.36723834295569191,1.3903457104907013,-0.00014526995469183395,0,0,0,0,0,0,0,0,0,0,0,0
control,0,329,1645,1650,3290000000,3290000000,0,-1,0.01,1,1,0,0,none,0,0,1,1,-0.089323247415590584,1.3135121705402071e-05,0.56569940617724912,0.99994449575092981,-1.0871105368992189e-05,-0.010535905240558151,3.8856310614788443e-11,2.0152102166379412e-06,-8.7721885162928405e-09,3.1835474366226503e-07,1.511111221010614e-08,3.5464867705727915e-06,2.122350231247992e-09,-1.2960989429471168,2.0929893395169406,-0.0012315521805240151,-1.2961170975116045,2.0929382349742829,0.00048433962736067206,-4.5216098976454076e-07,-5.1329046270967633e-07,-6.4784889196627705e-07,-4.4874720520785269e-07,-5.1739343426208885e-07,-6.5399027100167074e-07,-0.36745691555161086,1.3897317470183312,0.00036949804660180283,-0.36723906589843497,1.3903450076846806,-0.00014526918869465155,0.36745691555161086,-1.3897317470183312,-0.00036949804660180283,0.36723906589843497,-1.3903450076846806,0.00014526918869465155,-1.3267204090965414,2.208800254273827,0,-1.3267204090965414,2.208800254273827,0,-0.36745691555161086,1.3897317470183312,0.00036949804660180283,-0.36723906589843497,1.3903450076846806,-0.00014526918869465155,0,0,0,0,0,0,-0.36745691555161086,1.3897317470183312,0.00036949804660180283,-0.36723906589843497,1.3903450076846806,-0.00014526918869465155,0,0,0,0,0,0,0,0,0,0,0,0
control,0,330,1650,1655,3300000000,3300000000,0,-1,0.01,1,1,0,0,none,0,0,1,1,-0.089323225972721632,1.3135036183683203e-05,0.56569940956489051,0.99994449594972823,-1.0871031534123525e-05,-0.010535886372983128,4.8168524429170881e-11,2.2236931614179185e-06,-8.3924949516372632e-09,3.5130781896081558e-07,1.4478652690001079e-08,3.9135871125787852e-06,1.896207047759795e-09,-1.2960989445073301,2.0929893373159953,-0.0012315582792050996,-1.296117099039912,2.0929382327300798,0.00048433348950991669,5.5296061322497356e-08,-1.2640538158533273e-08,-6.2213224650872049e-07,5.8388710606071464e-08,-1.7197740282813597e-08,-6.2440778569324657e-07,-0.36745765801462799,1.3897310224547867,0.00036949859037385528,-0.36723980826261893,1.3903442843215761,-0.00014526882646369034,0.36745765801462799,-1.3897310224547867,-0.00036949859037385528,0.36723980826261893,-1.3903442843215761,0.00014526882646369034,-1.3267204090965414,2.208800254273827,0,-1.3267204090965414,2.208800254273827,0,-0.36745765801462799,1.3897310224547867,0.00036949859037385528,-0.36723980826261893,1.3903442843215761,-0.00014526882646369034,0,0,0,0,0,0,-0.36745765801462799,1.3897310224547867,0.00036949859037385528,-0.36723980826261893,1.3903442843215761,-0.00014526882646369034,0,0,0,0,0,0,0,0,0,0,0,0
control,0,331,1655,1660,3310000000,3310000000,0,-1,0.01,1,1,0,0,none,0,0,1,1,-0.089323202686003994,1.3134954975887165e-05,0.56569941324398842,0.9999444961656303,-1.0870961323339508e-05,-0.010535865882091201,5.637056158818957e-11,2.3920238607454537e-06,-7.9281012164538573e-09,3.77916436671254e-07,1.3698737439105382e-08,4.2100100569567834e-06,1.6592048824657723e-09,-1.2960989411886827,2.0929893399329025,-0.0012315640878068715,-1.2961170956926478,2.0929382352996684,0.00048432767912639038,5.2989979983071434e-07,4.5640875250863309e-07,-5.9051182179354017e-07,5.3265286739827809e-07,4.5148330925975706e-07,-5.8913918457280015e-07,-0.36745840974400401,1.3897302874779651,0.00036949875193315111,-0.36724055982602505,1.3903435504649393,-0.00014526884677868847,0.36745840974400401,-1.3897302874779651,-0.00036949875193315111,0.36724055982602505,-1.3903435504649393,0.00014526884677868847,-1.3267204090965414,2.208800254273827,0,-1.3267204090965414,2.208800254273827,0,-0.36745840974400401,1.3897302874779651,0.00036949875193315111,-0.36724055982602505,1.3903435504649393,-0.00014526884677868847,0,0,0,0,0,0,-0.36745840974400401,1.3897302874779651,0.00036949875193315111,-0.36724055982602505,1.3903435504649393,-0.00014526884677868847,0,0,0,0,0,0,0,0,0,0,0,0
control,0,332,1660,1665,3320000000,3320000000,0,-1,0.01,1,1,0,0,none,0,0,1,1,-0.089323177954389654,1.3134878864259341e-05,0.56569941715150263,0.99994449639493654,-1.0870895419125446e-05,-0.010535844118989257,6.3422854795099801e-11,2.5207103514952181e-06,-7.3898612544107015e-09,3.982607419544118e-07,1.2789918550425457e-08,4.4366483993473893e-06,1.4148692967728085e-09,-1.2960989333407882,2.0929893470303971,-0.0012315695543774951,-1.2961170878195776,2.0929382423466367,0.00048432224581206068,9.6798633792127896e-07,8.9018108009248641e-07,-5.5374504282852221e-07,9.7038648457572718e-07,8.8497281954249493e-07,-5.4897224405776771e-07,-0.36745916104854587,1.3897295516495387,0.00036949855356538993,-0.36724131090329315,1.3903428156670539,-0.00014526922513141531,0.36745916104854587,-1.3897295516495387,-0.00036949855356538993,0.36724131090329315,-1.3903428156670539,0.00014526922513141531,-1.3267204090965414,2.208800254273827,0,-1.3267204090965414,2.208800254273827,0,-0.36745916104854587,1.3897295516495387,0.00036949855356538993,-0.36724131090329315,1.3903428156670539,-0.00014526922513141531,0,0,0,0,0,0,-0.36745916104854587,1.3897295516495387,0.00036949855356538993,-0.36724131090329315,1.3903428156670539,-0.00014526922513141531,0,0,0,0,0,0,0,0,0,0,0,0
control,0,333,1665,1670,3330000000,3330000000,0,-1,0.01,1,1,0,0,none,0,0,1,1,-0.089323152169026004,1.3134808520523386e-05,0.56569942122562511,0.99994449663401963,-1.0870834409228675e-05,-0.010535821427922809,6.9302204775194846e-11,2.6107085527598796e-06,-6.7889363609391377e-09,4.1249166442217886e-07,1.1771306241211197e-08,4.5951834249201104e-06,1.166622237522103e-09,-1.2960989213459364,2.0929893582383405,-0.0012315746344026587,-1.2961170758030942,2.0929382535016874,0.00048431723145633972,1.366566423032401e-06,1.2856604745120232e-06,-5.1260360416806004e-07,1.3686052845210672e-06,1.2802531987379596e-06,-5.0470407890269665e-07,-0.36745990285689484,1.3897288239351255,0.00036949802050100595,-0.36724205242929342,1.3903420888858771,-0.00014526993423295676,0.36745990285689484,-1.3897288239351255,-0.00036949802050100595,0.36724205242929342,-1.3903420888858771,0.00014526993423295676,-1.3267204090965414,2.208800254273827,0,-1.3267204090965414,2.208800254273827,0,-0.36745990285689484,1.3897288239351255,0.00036949802050100595,-0.36724205242929342,1.3903420888858771,-0.00014526993423295676,0,0,0,0,0,0,-0.36745990285689484,1.3897288239351255,0.00036949802050100595,-0.36724205242929342,1.3903420888858771,-0.00014526993423295676,0,0,0,0,0,0,0,0,0,0,0,0
control,0,334,1670,1675,3340000000,3340000000,0,-1,0.01,1,1,0,0,none,0,0,1,1,-0.089323125709014017,1.3134744503772696e-05,0.56569942540644946,0.99994449687936426,-1.0870778784705652e-05,-0.010535798142542229,7.4001163899767982e-11,2.6633822835682397e-06,-6.1366352185598287e-09,4.208245983662692e-07,1.0662293042406695e-08,4.6880145400145076e-06,9.1774500835345166e-10,-1.2960989056123922,2.0929893731602895,-0.0012315792908729102,-1.2961170600515164,2.0929382683691968,0.00048431267021796281,1.723318797550445e-06,1.640486028484118e-06,-4.6786324094334542e-07,1.7249928021255645e-06,1.6349609489704652e-06,-4.5713092641854036e-07,-0.36746062678798758,1.3897281126334065,0.00036949718042392021,-0.36724277602950367,1.3903413784141383,-0.00014527094451906791,0.36746062678798758,-1.3897281126334065,-0.00036949718042392021,0.36724277602950367,-1.3903413784141383,0.00014527094451906791,-1.3267204090965414,2.208800254273827,0,-1.3267204090965414,2.208800254273827,0,-0.36746062678798758,1.3897281126334065,0.00036949718042392021,-0.36724277602950367,1.3903413784141383,-0.00014527094451906791,0,0,0,0,0,0,-0.36746062678798758,1.3897281126334065,0.00036949718042392021,-0.36724277602950367,1.3903413784141383,-0.00014527094451906791,0,0,0,0,0,0,0,0,0,0,0,0
control,0,335,1675,1680,3350000000,3350000000,0,-1,0.01,1,1,0,0,none,0,0,1,1,-0.0893230989375811,1.3134687259918293e-05,0.56569942963657738,0.99994449712760192,-1.0870728939314172e-05,-0.010535774582534126,7.7527259915258885e-11,2.680460877019812e-06,-5.4442613638332694e-09,4.2353270247969418e-07,9.4822903210526482e-09,4.7181846679131231e-06,6.7134586230786175e-10,-1.2960988865678027,2.0929893913799638,-0.0012315834942558566,-1.2961170409925002,2.0929382865336752,0.00048430858860163718,2.0365759422459694e-06,1.9529389460232286e-06,-4.2029407148587076e-07,2.0378860715355882e-06,1.9473738127881536e-06,-4.0703854193519195e-07,-0.36746132520877817,1.3897274253179397,0.00036949606298033126,-0.36724347407760149,1.3903406918211023,-0.00014527222465339441,0.36746132520877817,-1.3897274253179397,-0.00036949606298033126,0.36724347407760149,-1.3903406918211023,0.00014527222465339441,-1.3267204090965414,2.208800254273827,0,-1.3267204090965414,2.208800254273827,0,-0.36746132520877817,1.3897274253179397,0.00036949606298033126,-0.36724347407760149,1.3903406918211023,-0.00014527222465339441,0,0,0,0,0,0,-0.36746132520877817,1.3897274253179397,0.00036949606298033126,-0.36724347407760149,1.3903406918211023,-0.00014527222465339441,0,0,0,0,0,0,0,0,0,0,0,0
control,0,336,1680,1685,3360000000,3360000000,0,-1,0.01,1,1,0,0,none,0,0,1,1,-0.089323072198689124,1.3134637122610605e-05,0.56569943386165367,0.9999444973755427,-1.0870685170180782e-05,-0.010535751050635457,7.9902075943473669e-11,2.6639950553351961e-06,-4.7229694299028907e-09,4.2093992691381589e-07,8.2504797378694933e-09,4.6893025863920246e-06,4.3033068115351715e-10,-1.2960988646527904,2.0929894124675488,-0.0012315872223796207,-1.2961170190666327,2.0929383075660586,0.00048430500562246558,2.3053028113302623e-06,2.221922635719277e-06,-3.7065162959614966e-07,2.3062543407167743e-06,2.2163909461385183e-06,-3.5519336112269395e-07,-0.36746199127922874,1.389726768791385,0.00036949469929536602,-0.36724413974041609,1.3903400359068014,-0.00014527374201868355,0.36746199127922874,-1.389726768791385,-0.00036949469929536602,0.36724413974041609,-1.3903400359068014,0.00014527374201868355,-1.3267204090965414,2.208800254273827,0,-1.3267204090965414,2.208800254273827,0,-0.36746199127922874,1.389726768791385,0.00036949469929536602,-0.36724413974041609,1.3903400359068014,-0.00014527374201868355,0,0,0,0,0,0,-0.36746199127922874,1.389726768791385,0.00036949469929536602,-0.36724413974041609,1.3903400359068014,-0.00014527374201868355,0,0,0,0,0,0,0,0,0,0,0,0
control,0,337,1685,1690,3370000000,3370000000,0,-1,0.01,1,1,0,0,none,0,0,1,1,-0.089323045814090785,1.3134594315536302e-05,0.56569943803083123,0.9999444976202031,-1.0870647679659543e-05,-0.010535727830042269,8.1160208356093859e-11,2.616311711349045e-06,-3.9836319943872731e-09,4.1341387287295958e-07,6.9855826755047822e-09,4.605463335306719e-06,1.9737840885397429e-10,-1.2960988403147937,2.0929894359857562,-0.0012315904602344565,-1.2961169947212769,2.0929383310297642,0.00048430193305073631,2.5290692944881174e-06,2.4469364807934467e-06,-3.1966862859667881e-07,2.5296714744950952e-06,2.4415068113594398e-06,-3.0233442456819218e-07,-0.36746261898491428,1.3897261490521287,0.0003694931215017668,-0.3672447670103855,1.3903394166685359,-0.00014527546319399249,0.36746261898491428,-1.3897261490521287,-0.0003694931215017668,0.3672447670103855,-1.3903394166685359,0.00014527546319399249,-1.3267204090965414,2.208800254273827,0,-1.3267204090965414,2.208800254273827,0,-0.36746261898491428,1.3897261490521287,0.0003694931215017668,-0.3672447670103855,1.3903394166685359,-0.00014527546319399249,0,0,0,0,0,0,-0.36746261898491428,1.3897261490521287,0.0003694931215017668,-0.3672447670103855,1.3903394166685359,-0.00014527546319399249,0,0,0,0,0,0,0,0,0,0,0,0
control,0,338,1690,1695,3380000000,3380000000,0,-1,0.01,1,1,0,0,none,0,0,1,1,-0.089323020080841656,1.3134558955981489e-05,0.56569944209716572,0.99994449785882789,-1.0870616578289345e-05,-0.01053570518221948,8.1348120163387735e-11,2.5399682129485165e-06,-3.2367174028066565e-09,4.0135857343142231e-07,5.7056483461611196e-09,4.4711677800476008e-06,-2.5079685820315322e-11,-1.2960988140022165,2.0929894614955971,-0.0012315931997002305,-1.2961169684047233,2.0929383564864561,0.00048429937572888626,2.7080170302994011e-06,2.6280441301353578e-06,-2.6804754662218642e-07,2.7082827578967999e-06,2.6227795556527394e-06,-2.4916618477201773e-07,-0.36746320315744468,1.3897255712725638,0.00036949136228740022,-0.36724535072595388,1.3903388392791172,-0.00014527735440942729,0.36746320315744468,-1.3897255712725638,-0.00036949136228740022,0.36724535072595388,-1.3903388392791172,0.00014527735440942729,-1.3267204090965414,2.208800254273827,0,-1.3267204090965414,2.208800254273827,0,-0.36746320315744468,1.3897255712725638,0.00036949136228740022,-0.36724535072595388,1.3903388392791172,-0.00014527735440942729,0,0,0,0,0,0,-0.36746320315744468,1.3897255712725638,0.00036949136228740022,-0.36724535072595388,1.3903388392791172,-0.00014527735440942729,0,0,0,0,0,0,0,0,0,0,0,0
control,0,339,1695,1700,3390000000,3390000000,0,-1,0.01,1,1,0,0,none,0,0,1,1,-0.089322995269269123,1.313453105954215e-05,0.56569944601793509,0.99994449808890995,-1.087059188874836e-05,-0.010535683345112675,8.0522912360773956e-11,2.4377068175728357e-06,-2.4921801782706813e-09,3.8520727458639213e-07,4.4278633670704091e-09,4.2912423754635309e-06,-2.3487634926138892e-10,-1.2960987861589359,2.0929894885618041,-0.0012315954392078728,-1.2961169405607025,2.0929383835014623,0.00048429733195216683,2.8428213655884575e-06,2.7658370246324773e-06,-2.1645404424025413e-07,2.842766813822723e-06,2.7607946554410722e-06,-1.9635216658617123e-07,-0.36746373948331446,1.3897250397887375,0.00036948945446457386,-0.36724588658028817,1.3903383080763927,-0.00014527938197732073,0.36746373948331446,-1.3897250397887375,-0.00036948945446457386,0.36724588658028817,-1.3903383080763927,0.00014527938197732073,-1.3267204090965414,2.208800254273827,0,-1.3267204090965414,2.208800254273827,0,-0.36746373948331446,1.3897250397887375,0.00036948945446457386,-0.36724588658028817,1.3903383080763927,-0.00014527938197732073,0,0,0,0,0,0,-0.36746373948331446,1.3897250397887375,0.00036948945446457386,-0.36724588658028817,1.3903383080763927,-0.00014527938197732073,0,0,0,0,0,0,0,0,0,0,0,0
control,0,340,1700,1705,3400000000,3400000000,0,-1,0.01,1,1,0,0,none,0,0,1,1,-0.089322971621393771,1.3134510545854725e-05,0.56569944975488951,0.99994449830820487,-1.087057355069635e-05,-0.010535662531758179,7.8751029577434719e-11,2.3124097334271597e-06,-1.7593641174379712e-09,3.6541535523228972e-07,3.1683831268423049e-09,4.0707600576031166e-06,-4.3012117700697009e-10,-1.296098757219216,2.0929895167578687,-0.0012315971833427831,-1.2961169116233007,2.0929384116488086,0.00048429579390459358,2.9346494794373662e-06,2.8613935801631579e-06,-1.6551120549989633e-07,2.9342937247968015e-06,2.8566241945937944e-06,-1.4450950803688297e-07,-0.36746422450212468,1.389724558101129,0.0003694874305631099,-0.36724637111947633,1.3903378265639292,-0.00014528151269597623,0.36746422450212468,-1.389724558101129,-0.0003694874305631099,0.36724637111947633,-1.3903378265639292,0.00014528151269597623,-1.3267204090965414,2.208800254273827,0,-1.3267204090965414,2.208800254273827,0,-0.36746422450212468,1.389724558101129,0.0003694874305631099,-0.36724637111947633,1.3903378265639292,-0.00014528151269597623,0,0,0,0,0,0,-0.36746422450212468,1.389724558101129,0.0003694874305631099,-0.36724637111947633,1.3903378265639292,-0.00014528151269597623,0,0,0,0,0,0,0,0,0,0,0,0
control,0,341,1705,1710,3410000000,3410000000,0,-1,0.01,1,1,0,0,none,0,0,1,1,-0.089322949349793901,1.3134497245214703e-05,0.56569945327443161,0.99994449851474121,-1.0870561426392022e-05,-0.01053564292928297,7.6106922506403386e-11,2.1670553388125201e-06,-1.046918944500692e-09,3.4245340982263525e-07,1.9421860828863688e-09,3.8149631761673688e-06,-6.09207624281928e-10,-1.2960987276030558,2.0929895456706489,-0.0012315984423988732,-1.2961168820123137,2.0929384405158236,0.00048429474814128115,2.9851149948449175e-06,2.9162353049885907e-06,-1.1579472240954846e-07,2.9844796155606742e-06,2.9117830934050975e-06,-9.4204441331929289e-08,-0.36746465559432012,1.3897241288851798,0.00036948532245578242,-0.36724680173015639,1.3903373974214008,-0.00014528371422031775,0.36746465559432012,-1.3897241288851798,-0.00036948532245578242,0.36724680173015639,-1.3903373974214008,0.00014528371422031775,-1.3267204090965414,2.208800254273827,0,-1.3267204090965414,2.208800254273827,0,-0.36746465559432012,1.3897241288851798,0.00036948532245578242,-0.36724680173015639,1.3903373974214008,-0.00014528371422031775,0,0,0,0,0,0,-0.36746465559432012,1.3897241288851798,0.00036948532245578242,-0.36724680173015639,1.3903373974214008,-0.00014528371422031775,0,0,0,0,0,0,0,0,0,0,0,0
control,0,342,1710,1715,3420000000,3420000000,0,-1,0.01,1,1,0,0,none,0,0,1,1,-0.089322928636898183,1.3134490905947555e-05,0.56569945654772757,0.999944498706827,-1.0870555306968815e-05,-0.01053562469828174,7.2671685569167951e-11,2.0046760157478521e-06,-3.6273053571600552e-10,3.168005692477524e-07,7.6295171197149276e-10,3.5291892661623523e-06,-7.7081833236988118e-10,-1.296098697712009,2.0929895749045264,-0.0012315992318919409,-1.2961168521290691,2.0929384697072928,0.0004842941761081828,2.9962300113891629e-06,2.932280395965377e-06,-6.7828930914884206e-08,2.9953386953266216e-06,2.9281827913624409e-06,-4.5948678993614401e-08,-0.36746503095940591,1.3897237540110128,0.00036948316101412801,-0.36724717661771061,1.3903370225242231,-0.00014528595539850514,0.36746503095940591,-1.3897237540110128,-0.00036948316101412801,0.36724717661771061,-1.3903370225242231,0.00014528595539850514,-1.3267204090965414,2.208800254273827,0,-1.3267204090965414,2.208800254273827,0,-0.36746503095940591,1.3897237540110128,0.00036948316101412801,-0.36724717661771061,1.3903370225242231,-0.00014528595539850514,0,0,0,0,0,0,-0.36746503095940591,1.3897237540110128,0.00036948316101412801,-0.36724717661771061,1.3903370225242231,-0.00014528595539850514,0,0,0,0,0,0,0,0,0,0,0,0
control,0,343,1715,1720,3430000000,3430000000,0,-1,0.01,1,1,0,0,none,0,0,1,1,-0.089322909634688877,1.3134491202393865e-05,0.56569945955075451,0.99994449888305259,-1.087055491925031e-05,-0.010535607972554801,6.8531687465116944e-11,1.8283180004282499e-06,2.8613492102558419e-10,2.8893816739320255e-07,-3.570379354774611e-10,3.2188003725144375e-06,-9.1392467588581441e-10,-1.2960986679254918,2.0929896040850866,-0.0012315995720405318,-1.2961168223527388,2.0929384988491373,0.00048429405469082893,2.970355606947985e-06,2.9117951996378373e-06,-2.208369707264689e-08,2.9692337423736517e-06,2.9080828176486574e-06,-1.9665102536086132e-10,-0.3674653495860063,1.389723434572085,0.00036948097579701317,-0.36724749477624463,1.3903367029720497,-0.00014528820657469741,0.3674653495860063,-1.389723434572085,-0.00036948097579701317,0.36724749477624463,-1.3903367029720497,0.00014528820657469741,-1.3267204090965414,2.208800254273827,0,-1.3267204090965414,2.208800254273827,0,-0.3674653495860063,1.389723434572085,0.00036948097579701317,-0.36724749477624463,1.3903367029720497,-0.00014528820657469741,0,0,0,0,0,0,-0.3674653495860063,1.389723434572085,0.00036948097579701317,-0.36724749477624463,1.3903367029720497,-0.00014528820657469741,0,0,0,0,0,0,0,0,0,0,0,0
control,0,344,1720,1725,3440000000,3440000000,0,-1,0.01,1,1,0,0,none,0,0,1,1,-0.089322892464792025,1.3134497743370968e-05,0.56569946226428625,0.99994449904228988,-1.0870559932986512e-05,-0.0105355928591871,6.3777210002974584e-11,1.6410036146772662e-06,8.934731584779996e-10,2.5934376407625963e-07,-1.4069730098958868e-09,2.8891165608224168e-06,-1.0377844820239021e-09,-1.296098638597591,2.0929896328623077,-0.0012315994872227956,-1.2961167930371507,2.0929385275916035,0.0004842943567834748,2.9101510219100901e-06,2.8573447805744797e-06,2.1027799727703062e-08,2.9088253020135641e-06,2.8540414426116839e-06,4.2656345033736875e-08,-0.367465611213938,1.3897231709210609,0.00036947879477685226,-0.36724775595064224,1.3903364391245181,-0.00014529043985229414,0.367465611213938,-1.3897231709210609,-0.00036947879477685226,0.36724775595064224,-1.3903364391245181,0.00014529043985229414,-1.3267204090965414,2.208800254273827,0,-1.3267204090965414,2.208800254273827,0,-0.367465611213938,1.3897231709210609,0.00036947879477685226,-0.36724775595064224,1.3903364391245181,-0.00014529043985229414,0,0,0,0,0,0,-0.367465611213938,1.3897231709210609,0.00036947879477685226,-0.36724775595064224,1.3903364391245181,-0.00014529043985229414,0,0,0,0,0,0,0,0,0,0,0,0
control,0,345,1725,1730,3450000000,3450000000,0,-1,0.01,1,1,0,0,none,0,0,1,1,-0.089322877218929911,1.3134510080976174e-05,0.56569946467382182,0.99994449918368788,-1.0870569968395476e-05,-0.010535579438945761,5.850111663127744e-11,1.4456961809232785e-06,1.45397061994179e-09,2.2848560654130914e-07,-2.3775678270990782e-09,2.5453541458635961e-06,-1.1419342148340685e-09,-1.2960986100543828,2.0929896609132528,-0.001231599005417404,-1.2961167645081111,2.0929385556119562,0.00048429505187052815,2.8185226069241369e-06,2.7717428376303148e-06,6.1150489872933377e-08,2.8170206302675451e-06,2.7688656866700116e-06,8.2275200868801401e-08,-0.36746581628981445,1.389722962712634,0.0003694766441007276,-0.36724796059210957,1.3903362306439195,-0.00014529262932120188,0.36746581628981445,-1.389722962712634,-0.0003694766441007276,0.36724796059210957,-1.3903362306439195,0.00014529262932120188,-1.3267204090965414,2.208800254273827,0,-1.3267204090965414,2.208800254273827,0,-0.36746581628981445,1.389722962712634,0.0003694766441007276,-0.36724796059210957,1.3903362306439195,-0.00014529262932120188,0,0,0,0,0,0,-0.36746581628981445,1.389722962712634,0.0003694766441007276,-0.36724796059210957,1.3903362306439195,-0.00014529262932120188,0,0,0,0,0,0,0,0,0,0,0,0
control,0,346,1730,1735,3460000000,3460000000,0,-1,0.01,1,1,0,0,none,0,0,1,1,-0.089322863959706789,1.3134527719599334e-05,0.56569946676946159,0.99994449930666574,-1.0870584603895472e-05,-0.010535567766971114,5.2797560772033038e-11,1.2452678779523361e-06,1.9632202499823482e-09,1.9681754336125497e-07,-3.2610900988449353e-09,2.192569108436832e-06,-1.2261802653282414e-09,-1.296098582591761,2.0929896879442644,-0.0012315981576363692,-1.2961167370612376,2.0929385826166738,0.00048429610661234618,2.698572905047431e-06,2.6580019201405575e-06,9.7988013986325594e-08,2.6969227995685456e-06,2.6555616036259173e-06,1.1838522147971367e-07,-0.36746596591672243,1.3897228089518703,0.00036947454789021145,-0.36724810980784478,1.3903360765434332,-0.00014529475124477783,0.36746596591672243,-1.3897228089518703,-0.00036947454789021145,0.36724810980784478,-1.3903360765434332,0.00014529475124477783,-1.3267204090965414,2.208800254273827,0,-1.3267204090965414,2.208800254273827,0,-0.36746596591672243,1.3897228089518703,0.00036947454789021145,-0.36724810980784478,1.3903360765434332,-0.00014529475124477783,0,0,0,0,0,0,-0.36746596591672243,1.3897228089518703,0.00036947454789021145,-0.36724810980784478,1.3903360765434332,-0.00014529475124477783,0,0,0,0,0,0,0,0,0,0,0,0
control,0,347,1735,1740,3470000000,3470000000,0,-1,0.01,1,1,0,0,none,0,0,1,1,-0.089322852721697599,1.3134550125017904e-05,0.56569946854573483,0.99994449941090213,-1.0870603383918766e-05,-0.010535557873734258,4.6760751235819495e-11,1.0424707372834355e-06,2.4177247606685566e-09,1.6477445108563901e-07,-4.0513688115592654e-09,1.835606029467419e-06,-1.2905857712292859e-09,-1.2960985564737675,2.0929897136926616,-0.0012315969773570186,-1.2961167109602925,2.0929386083431476,0.00048429748542814838,2.553550716654972e-06,2.5192842357942571e-06,1.313026080442863e-07,2.551780768307384e-06,2.517285171094936e-06,1.5077163765433047e-07,-0.36746606179936236,1.3897227080476307,0.00036947252807670338,-0.36724820530614011,1.3903359752403959,-0.00014529678421032721,0.36746606179936236,-1.3897227080476307,-0.00036947252807670338,0.36724820530614011,-1.3903359752403959,0.00014529678421032721,-1.3267204090965414,2.208800254273827,0,-1.3267204090965414,2.208800254273827,0,-0.36746606179936236,1.3897227080476307,0.00036947252807670338,-0.36724820530614011,1.3903359752403959,-0.00014529678421032721,0,0,0,0,0,0,-0.36746606179936236,1.3897227080476307,0.00036947252807670338,-0.36724820530614011,1.3903359752403959,-0.00014529678421032721,0,0,0,0,0,0,0,0,0,0,0,0
control,0,348,1740,1745,3480000000,3480000000,0,-1,0.01,1,1,0,0,none,0,0,1,1,-0.089322843512806907,1.3134576733453456e-05,0.56569947000138576,0.9999444994963238,-1.0870625826701733e-05,-0.010535549766232633,4.0483783318542011e-11,8.3991093640603897e-07,2.8148881710404856e-09,1.3276816258192118e-07,-4.7437816611525925e-09,1.4790528303031594e-06,-1.3354561379181324e-09,-1.296098531931414,2.0929897379279585,-0.0012315954999602254,-1.2961166864360092,2.0929386325609043,0.00048429915106901965,2.3868023834207361e-06,2.3588539705250377e-06,1.6091424013364214e-07,2.3849406897334013e-06,2.3572946681679594e-06,1.792783834718197e-07,-0.36746610618510428,1.3897226578694659,0.00036947060427606094,-0.36724824933742151,1.39033592461307,-0.00014529870923987948,0.36746610618510428,-1.3897226578694659,-0.00036947060427606094,0.36724824933742151,-1.39033592461307,0.00014529870923987948,-1.3267204090965414,2.208800254273827,0,-1.3267204090965414,2.208800254273827,0,-0.36746610618510428,1.3897226578694659,0.00036947060427606094,-0.36724824933742151,1.39033592461307,-0.00014529870923987948,0,0,0,0,0,0,-0.36746610618510428,1.3897226578694659,0.00036947060427606094,-0.36724824933742151,1.39033592461307,-0.00014529870923987948,0,0,0,0,0,0,0,0,0,0,0,0
control,0,349,1745,1750,3490000000,3490000000,0,-1,0.01,1,1,0,0,none,0,0,1,1,-0.089322836315864587,1.3134606960477143e-05,0.56569947113912067,0.9999444995630894,-1.0870651431954247e-05,-0.010535543429394058,3.405754767739082e-11,6.4002648616949146e-07,3.15299634408136e-09,1.0118395192820674e-07,-5.3352234690849323e-09,1.1272014876455365e-06,-1.3613222271248346e-09,-1.2960985091619808,2.0929897604526122,-0.0012315937621811361,-1.2961166636853925,2.0929386550723565,0.00048430106517483978,2.2017251722161106e-06,2.1800311778534583e-06,1.8669915903605059e-07,2.1997993224138844e-06,2.1789046182983174e-06,2.0380628908668764e-07,-0.36746610180248623,1.3897226558078106,0.00036946879369638901,-0.36724824463277117,1.3903359220607177,-0.00014530050986690624,0.36746610180248623,-1.3897226558078106,-0.00036946879369638901,0.36724824463277117,-1.3903359220607177,0.00014530050986690624,-1.3267204090965414,2.208800254273827,0,-1.3267204090965414,2.208800254273827,0,-0.36746610180248623,1.3897226558078106,0.00036946879369638901,-0.36724824463277117,1.3903359220607177,-0.00014530050986690624,0,0,0,0,0,0,-0.36746610180248623,1.3897226558078106,0.00036946879369638901,-0.36724824463277117,1.3903359220607177,-0.00014530050986690624,0,0,0,0,0,0,0,0,0,0,0,0
control,0,350,1750,1755,3500000000,3500000000,0,-1,0.01,1,1,0,0,none,0,0,1,1,-0.089322831090424201,1.3134640209658924e-05,0.56569947196532444,0.99994449961157339,-1.0870679688317525e-05,-0.010535538827658989,2.7569729379083255e-11,4.4506837365042466e-07,3.4311874355579998e-09,7.0377536344376843e-08,-5.8240574653508557e-09,7.8401482854936665e-07,-1.3689197227812236e-09,-1.2960984883287656,2.0929897811023275,-0.0012315918015784685,-1.2961166428714721,2.0929386757131123,0.0004843031888092574,2.0017227742041346e-06,1.9861481790313066e-06,2.0858778257664618e-07,1.9997595421464659e-06,1.9854422433671745e-06,2.2431064063989561e-07,-0.36746605179747105,1.3897226988357256,0.00036946711108441169,-0.36724819434014516,1.3903359645652109,-0.0001453021721748092,0.36746605179747105,-1.3897226988357256,-0.00036946711108441169,0.36724819434014516,-1.3903359645652109,0.0001453021721748092,-1.3267204090965414,2.208800254273827,0,-1.3267204090965414,2.208800254273827,0,-0.36746605179747105,1.3897226988357256,0.00036946711108441169,-0.36724819434014516,1.3903359645652109,-0.0001453021721748092,0,0,0,0,0,0,-0.36746605179747105,1.3897226988357256,0.00036946711108441169,-0.36724819434014516,1.3903359645652109,-0.0001453021721748092,0,0,0,0,0,0,0,0,0,0,0,0
control,0,351,1755,1760,3510000000,3510000000,0,-1,0.01,1,1,0,0,none,0,0,1,1,-0.089322827774729011,1.3134675880865876e-05,0.56569947248974994,0.99994449964234833,-1.0870710080527932e-05,-0.010535535906710506,2.1103901724625571e-11,2.5708516097670729e-07,3.649413185593118e-09,4.0672661742426824e-08,-6.2100501097720935e-09,4.5309941336531138e-07,-1.359170350074856e-09,-1.2960984695612625,2.0929897997459364,-0.0012315896560273429,-1.2961166241234827,2.0929386943518575,0.00048430548296782549,1.7901638476249372e-06,1.7805082340662331e-06,2.2656215775336622e-07,1.7881889218928979e-06,1.780206167215656e-06,2.4079831028574201e-07,-0.36746595966911849,1.3897227835723365,0.00036946556870031517,-0.36724810196008739,1.3903360487543825,-0.00014530368480586192,0.36746595966911849,-1.3897227835723365,-0.00036946556870031517,0.36724810196008739,-1.3903360487543825,0.00014530368480586192,-1.3267204090965414,2.208800254273827,0,-1.3267204090965414,2.208800254273827,0,-0.36746595966911849,1.3897227835723365,0.00036946556870031517,-0.36724810196008739,1.3903360487543825,-0.00014530368480586192,0,0,0,0,0,0,-0.36746595966911849,1.3897227835723365,0.00036946556870031517,-0.36724810196008739,1.3903360487543825,-0.00014530368480586192,0,0,0,0,0,0,0,0,0,0,0,0
control,0,352,1760,1765,3520000000,3520000000,0,-1,0.01,1,1,0,0,none,0,0,1,1,-0.089322826287811505,1.3134713378123389e-05,0.56569947272518573,0.99994449965616472,-1.0870742096211532e-05,-0.010535534595321763,1.4738719284461548e-11,7.791101600625737e-08,3.8083920618350059e-09,1.2359202182561347e-08,-6.494292201648742e-09,1.3768445434866818e-07,-1.3331593159266165e-09,-1.2960984529557362,2.0929898162848857,-0.0012315873632405023,-1.2961166075374433,2.0929387108898503,0.00048430790905469226,1.5703433242355728e-06,1.566347511729887e-06,2.406528551547714e-07,1.5683810551715039e-06,1.5664284264216796e-06,2.5332436189914383e-07,-0.36746582920464882,1.3897229063460281,0.00036946417632939294,-0.36724797128076048,1.3903361709650808,-0.00014530503893450263,0.36746582920464882,-1.3897229063460281,-0.00036946417632939294,0.36724797128076048,-1.3903361709650808,0.00014530503893450263,-1.3267204090965414,2.208800254273827,0,-1.3267204090965414,2.208800254273827,0,-0.36746582920464882,1.3897229063460281,0.00036946417632939294,-0.36724797128076048,1.3903361709650808,-0.00014530503893450263,0,0,0,0,0,0,-0.36746582920464882,1.3897229063460281,0.00036946417632939294,-0.36724797128076048,1.3903361709650808,-0.00014530503893450263,0,0,0,0,0,0,0,0,0,0,0,0
control,0,353,1765,1770,3530000000,3530000000,0,-1,0.01,1,1,0,0,none,0,0,1,1,-0.089322826531692226,1.3134752116965921e-05,0.56569947268710941,0.99994449965393095,-1.0870775232245971e-05,-0.010535534807291056,8.5472176379777136e-12,-9.0842901593250745e-08,3.909555548555232e-09,-1.4308209307284107e-08,-6.679107844025642e-09,-1.5939335644551371e-07,-1.2921131044620589e-09,-1.2960984385761649,2.0929898306523631,-0.0012315849603219762,-1.2961165931770999,2.0929387252600513,0.0004843104293240075,1.3454471719795169e-06,1.3468001685382767e-06,2.509355409374729e-07,1.3435203658163005e-06,1.3472395576005038e-06,2.619883412957164e-07,-0.36746566441527617,1.3897230632573137,0.00036946294131954595,-0.36724780631384674,1.3903363273059717,-0.00014530622821426703,0.36746566441527617,-1.3897230632573137,-0.00036946294131954595,0.36724780631384674,-1.3903363273059717,0.00014530622821426703,-1.3267204090965414,2.208800254273827,0,-1.3267204090965414,2.208800254273827,0,-0.36746566441527617,1.3897230632573137,0.00036946294131954595,-0.36724780631384674,1.3903363273059717,-0.00014530622821426703,0,0,0,0,0,0,-0.36746566441527617,1.3897230632573137,0.00036946294131954595,-0.36724780631384674,1.3903363273059717,-0.00014530622821426703,0,0,0,0,0,0,0,0,0,0,0,0
control,0,354,1770,1775,3540000000,3540000000,0,-1,0.01,1,1,0,0,none,0,0,1,1,-0.089322828393645304,1.3134791531212443e-05,0.56569947239332874,0.99994449963669185,-1.0870809000632716e-05,-0.010535536443435493,2.5962208078128599e-12,-2.4779380953668846e-07,3.9549882450765053e-09,-3.9111018356986103e-08,-6.7679526287502375e-09,-4.3569930932709802e-07,-1.2373763926040164e-09,-1.2960984264555129,2.0929898428120919,-0.0012315824833562608,-1.2961165810752009,2.0929387374259236,0.00048431300728318984,1.1185208194288396e-06,1.1248667522307308e-06,2.5752720901003585e-07,1.1166505503257932e-06,1.1256370240693344e-06,2.6693026293074534e-07,-0.36746546947357184,1.3897232502406929,0.00036946186864642776,-0.36724761123191196,1.3903365137193042,-0.00014530724869810349,0.36746546947357184,-1.3897232502406929,-0.00036946186864642776,0.36724761123191196,-1.3903365137193042,0.00014530724869810349,-1.3267204090965414,2.208800254273827,0,-1.3267204090965414,2.208800254273827,0,-0.36746546947357184,1.3897232502406929,0.00036946186864642776,-0.36724761123191196,1.3903365137193042,-0.00014530724869810349,0,0,0,0,0,0,-0.36746546947357184,1.3897232502406929,0.00036946186864642776,-0.36724761123191196,1.3903365137193042,-0.00014530724869810349,0,0,0,0,0,0,0,0,0,0,0,0
control,0,355,1775,1780,3550000000,3550000000,0,-1,0.01,1,1,0,0,none,0,0,1,1,-0.089322831748499018,1.313483107911398e-05,0.56569947186361913,0.99994449960560783,-1.0870842933834071e-05,-0.010535539393615442,-3.0541393304158538e-12,-3.917895642628564e-07,3.9473632833845443e-09,-6.1867110559126802e-08,-6.7653037059166589e-09,-6.892046636656783e-07,-1.1703882633760504e-09,-1.2960984165972975,2.0929898527568342,-0.0012315799670359841,-1.2961165712350664,2.0929387473799408,0.00048431560805539952,8.9244112694111334e-07,9.0338640648309437e-07,2.605821274882235e-07,8.9064658221916224e-07,9.0445742581320109e-07,2.6832633247829394e-07,-0.36746524865261732,1.3897234631243032,0.00036946096100442079,-0.36724739030757364,1.3903367260404955,-0.00014530809873324375,0.36746524865261732,-1.3897234631243032,-0.00036946096100442079,0.36724739030757364,-1.3903367260404955,0.00014530809873324375,-1.3267204090965414,2.208800254273827,0,-1.3267204090965414,2.208800254273827,0,-0.36746524865261732,1.3897234631243032,0.00036946096100442079,-0.36724739030757364,1.3903367260404955,-0.00014530809873324375,0,0,0,0,0,0,-0.36746524865261732,1.3897234631243032,0.00036946096100442079,-0.36724739030757364,1.3903367260404955,-0.00014530809873324375,0,0,0,0,0,0,0,0,0,0,0,0
control,0,356,1780,1785,3560000000,3560000000,0,-1,0.01,1,1,0,0,none,0,0,1,1,-0.089322836460940788,1.313487024883148e-05,0.56569947111935903,0.99994449956193365,-1.0870876589537444e-05,-0.010535543538763265,-8.3507961603031062e-12,-5.2190798394818052e-07,3.8898739342396086e-09,-8.2430718875955617e-08,-6.6765428711600864e-09,-9.1828546847238569e-07,-1.0926601060541743e-09,-1.2960984089774159,2.0929898605066373,-0.0012315774443300968,-1.2961165636324152,2.0929387551418395,0.00048431819869933522,6.6989217634118998e-07,6.8501279347789486e-07,2.602876047056271e-07,6.6819053354928941e-07,6.8635242518708344e-07,2.6638450772217444e-07,-0.36746500626777079,1.3897236976870864,0.00036946021891879374,-0.3672471478553147,1.3903369600552125,-0.00014530877883518666,0.36746500626777079,-1.3897236976870864,-0.00036946021891879374,0.3672471478553147,-1.3903369600552125,0.00014530877883518666,-1.3267204090965414,2.208800254273827,0,-1.3267204090965414,2.208800254273827,0,-0.36746500626777079,1.3897236976870864,0.00036946021891879374,-0.3672471478553147,1.3903369600552125,-0.00014530877883518666,0,0,0,0,0,0,-0.36746500626777079,1.3897236976870864,0.00036946021891879374,-0.3672471478553147,1.3903369600552125,-0.00014530877883518666,0,0,0,0,0,0,0,0,0,0,0,0
control,0,357,1785,1790,3570000000,3570000000,0,-1,0.01,1,1,0,0,none,0,0,1,1,-0.089322842387799237,1.3134908563213334e-05,0.5656994701831688,0.99994449950699638,-1.0870909554819902e-05,-0.010535548752891487,-1.3248014147223958e-11,-6.3745343476338135e-07,3.7861626383206222e-09,-1.0069186283946705e-07,-6.5078352798119779e-09,-1.1217165586451493e-06,-1.0057523961859328e-09,-1.2960984035461869,2.0929898661068589,-0.0012315749461938533,-1.2961165582174083,2.0929387607566503,0.00048432074848548415,4.5334517120064688e-07,4.7219352342677751e-07,2.5685965091096936e-07,4.5175150895264453e-07,4.737681626247239e-07,2.6134000369142886e-07,-0.3674647466220114,1.389723949713332,0.00036945964087561043,-0.36724688817686046,1.3903372115538761,-0.00014530929154582981,0.3674647466220114,-1.389723949713332,-0.00036945964087561043,0.36724688817686046,-1.3903372115538761,0.00014530929154582981,-1.3267204090965414,2.208800254273827,0,-1.3267204090965414,2.208800254273827,0,-0.3674647466220114,1.389723949713332,0.00036945964087561043,-0.36724688817686046,1.3903372115538761,-0.00014530929154582981,0,0,0,0,0,0,-0.3674647466220114,1.389723949713332,0.00036945964087561043,-0.36724688817686046,1.3903372115538761,-0.00014530929154582981,0,0,0,0,0,0,0,0,0,0,0,0
control,0,358,1790,1795,3580000000,3580000000,0,-1,0.01,1,1,0,0,none,0,0,1,1,-0.089322849380276403,1.3134945583852861e-05,0.56569946907855873,0.99994449944217667,-1.087094144969584e-05,-0.01053555490505745,-1.7707545681038239e-11,-7.3795088526108117e-07,3.6402484205977622e-09,-1.1657542188888364e-07,-6.266005173722877e-09,-1.2986610992373644e-06,-9.1125244959388016e-10,-1.2960984002305753,2.0929898696260141,-0.0012315725013216405,-1.2961165549168743,2.0929387642925481,0.00048432322912800953,2.4504184813287698e-07,2.6715375281499044e-07,2.5053851139863379e-07,2.4356908794105935e-07,2.6892884104634212e-07,2.5345067859635011e-07,-0.36746447395436554,1.3897242150431257,0.0003694592234709222,-0.36724661550963777,1.390337476382085,-0.00014530964127233267,0.36746447395436554,-1.3897242150431257,-0.0003694592234709222,0.36724661550963777,-1.390337476382085,0.00014530964127233267,-1.3267204090965414,2.208800254273827,0,-1.3267204090965414,2.208800254273827,0,-0.36746447395436554,1.3897242150431257,0.0003694592234709222,-0.36724661550963777,1.390337476382085,-0.00014530964127233267,0,0,0,0,0,0,-0.36746447395436554,1.3897242150431257,0.0003694592234709222,-0.36724661550963777,1.390337476382085,-0.00014530964127233267,0,0,0,0,0,0,0,0,0,0,0,0
control,0,359,1795,1800,3590000000,3590000000,0,-1,0.01,1,1,0,0,none,0,0,1,1,-0.089322857286106158,1.313498091441478e-05,0.56569946782958813,0.99994449936888452,-1.0870971930036196e-05,-0.010535561861263313,-2.1698691191095043e-11,-8.2313766980021951e-07,3.4564536638250293e-09,-1.3003981820140794e-07,-5.9584102427613313e-09,-1.4486560952913883e-06,-8.1075348914342413e-10,-1.2960983989365575,2.0929898711534749,-0.0012315701359428062,-1.2961165536366737,2.0929387658385585,0.00048432561497235323,4.6982016741977742e-08,7.1883194594922244e-08,2.4158424541840375e-07,4.5640885210606641e-08,7.3823727048255429e-08,2.4299249880549344e-07,-0.36746419239283185,1.389724489619433,0.00036945896157057091,-0.36724633397974105,1.3903377504876309,-0.00014530983411664624,0.36746419239283185,-1.389724489619433,-0.00036945896157057091,0.36724633397974105,-1.3903377504876309,0.00014530983411664624,-1.3267204090965414,2.208800254273827,0,-1.3267204090965414,2.208800254273827,0,-0.36746419239283185,1.389724489619433,0.00036945896157057091,-0.36724633397974105,1.3903377504876309,-0.00014530983411664624,0,0,0,0,0,0,-0.36746419239283185,1.389724489619433,0.00036945896157057091,-0.36724633397974105,1.3903377504876309,-0.00014530983411664624,0,0,0,0,0,0,0,0,0,0,0,0
control,0,360,1800,1805,3600000000,3600000000,0,-1,0.01,1,1,0,0,none,0,0,1,1,-0.089322865951618979,1.3135014203232341e-05,0.5656994664605377,0.99994449928854567,-1.087100068986184e-05,-0.010535569486272605,-2.519825630282664e-11,-8.9295319141366007e-07,3.239331407970359e-09,-1.4107546090472353e-07,-5.5928168354133709e-09,-1.5715942701059491e-06,-7.0583437193325423e-10,-1.2960983995515927,2.092989870797068,-0.0012315678736607482,-1.296116554264173,2.0929387655021605,0.0004843278831386842,-1.3908573738688874e-07,-1.1187254782896294e-07,2.3027224535078575e-07,-1.4028671160329789e-07,-1.0980154863241864e-07,2.3025498490552551e-07,-0.36746390591077904,1.3897247695299295,0.00036945884848595692,-0.36724604755835316,1.3903380299623205,-0.00014530987769085054,0.36746390591077904,-1.3897247695299295,-0.00036945884848595692,0.36724604755835316,-1.3903380299623205,0.00014530987769085054,-1.3267204090965414,2.208800254273827,0,-1.3267204090965414,2.208800254273827,0,-0.36746390591077904,1.3897247695299295,0.00036945884848595692,-0.36724604755835316,1.3903380299623205,-0.00014530987769085054,0,0,0,0,0,0,-0.36746390591077904,1.3897247695299295,0.00036945884848595692,-0.36724604755835316,1.3903380299623205,-0.00014530987769085054,0,0,0,0,0,0,0,0,0,0,0,0
control,0,361,1805,1810,3610000000,3610000000,0,-1,0.01,1,1,0,0,none,0,0,1,1,-0.089322875223691409,1.3135045145184124e-05,0.56569946499560309,0.99994449920258033,-1.0871027463016004e-05,-0.010535577645326505,-2.8190423611755413e-11,-9.4752685465110251e-07,2.9935939467114204e-09,-1.4970272971504742e-07,-5.1772771592373001e-09,-1.667702828471737e-06,-5.980410684637629e-10,-1.2960984019471584,2.0929898686805957,-0.0012315657353330904,-1.296116556670778,2.0929387634068108,0.00048433001362343896,-3.1166843321237606e-07,-2.8261861901486579e-07,2.1688910408688182e-07,-3.1272288683030627e-07,-2.8045166535268758e-07,2.1553699370564539e-07,-0.36746361828994634,1.3897250510467043,0.00036945887614472277,-0.36724576002483134,1.3903383110816916,-0.00014530978093671695,0.36746361828994634,-1.3897250510467043,-0.00036945887614472277,0.36724576002483134,-1.3903383110816916,0.00014530978093671695,-1.3267204090965414,2.208800254273827,0,-1.3267204090965414,2.208800254273827,0,-0.36746361828994634,1.3897250510467043,0.00036945887614472277,-0.36724576002483134,1.3903383110816916,-0.00014530978093671695,0,0,0,0,0,0,-0.36746361828994634,1.3897250510467043,0.00036945887614472277,-0.36724576002483134,1.3903383110816916,-0.00014530978093671695,0,0,0,0,0,0,0,0,0,0,0,0
control,0,362,1810,1815,3620000000,3620000000,0,-1,0.01,1,1,0,0,none,0,0,1,1,-0.089322884951565859,1.3135073482867691e-05,0.56569946345860611,0.99994449911238625,-1.0871052024231253e-05,-0.010535586205745568,-3.0666538634087235e-11,-9.871644403817764e-07,2.7240433506472571e-09,-1.5596987959402328e-07,-4.7200097049095875e-09,-1.7375194834036844e-06,-4.8886914511173298e-10,-1.2960984059813201,2.0929898649413232,-0.0012315637389933164,-1.2961165607145029,2.0929387596894355,0.00048433198935915808,-4.6953131814376755e-07,-4.391122966611578e-07,2.0172823596166242e-07,-4.7043501347470631e-07,-4.3688301718020268e-07,1.9914235390611631e-07,-0.36746333308567886,1.38972533065849,0.00036945903528619686,-0.36724547493194248,1.390338590337223,-0.00014530955392544272,0.36746333308567886,-1.38972533065849,-0.00036945903528619686,0.36724547493194248,-1.390338590337223,0.00014530955392544272,-1.3267204090965414,2.208800254273827,0,-1.3267204090965414,2.208800254273827,0,-0.36746333308567886,1.38972533065849,0.00036945903528619686,-0.36724547493194248,1.390338590337223,-0.00014530955392544272,0,0,0,0,0,0,-0.36746333308567886,1.38972533065849,0.00036945903528619686,-0.36724547493194248,1.390338590337223,-0.00014530955392544272,0,0,0,0,0,0,0,0,0,0,0,0
control,0,363,1815,1820,3630000000,3630000000,0,-1,0.01,1,1,0,0,none,0,0,1,1,-0.089322894988526289,1.3135099007096826e-05,0.5656994618727309,0.9999444990193237,-1.0871074189613278e-05,-0.010535595038404604,-3.2624816150954634e-11,-1.0123332145173364e-06,2.4355051151937032e-09,-1.5995070177281709e-07,-4.2292849480919533e-09,-1.781866239815112e-06,-3.7974762729478526e-10,-1.2960984115013015,2.0929898597274637,-0.0012315618998117784,-1.296116566242542,2.0929387544979203,0.00048433379623468136,-6.1169629577018357e-07,-5.8036217732762461e-07,1.8508598337196508e-07,-6.1244705223130739e-07,-5.7810293763499898e-07,1.813759217444644e-07,-0.36746305359843612,1.3897256050996258,0.00036945931564436491,-0.3672451955774147,1.3903388644652863,-0.00014530920766649163,0.36746305359843612,-1.3897256050996258,-0.00036945931564436491,0.3672451955774147,-1.3903388644652863,0.00014530920766649163,-1.3267204090965414,2.208800254273827,0,-1.3267204090965414,2.208800254273827,0,-0.36746305359843612,1.3897256050996258,0.00036945931564436491,-0.3672451955774147,1.3903388644652863,-0.00014530920766649163,0,0,0,0,0,0,-0.36746305359843612,1.3897256050996258,0.00036945931564436491,-0.3672451955774147,1.3903388644652863,-0.00014530920766649163,0,0,0,0,0,0,0,0,0,0,0,0
control,0,364,1820,1825,3640000000,3640000000,0,-1,0.01,1,1,0,0,none,0,0,1,1,-0.089322905193418733,1.3135121556755642e-05,0.56569946026028284,0.99994449892470172,-1.0871093816568697e-05,-0.010535604019071007,-3.4069981957082258e-11,-1.0236460292941722e-06,2.1327653398028512e-09,-1.6174199664879071e-07,-3.7133168057527905e-09,-1.8018214208246724e-06,-2.7202599219514845e-10,-1.2960984183460229,2.092989853195689,-0.00123156023009345,-1.2961165730938056,2.0929387479886232,0.00048433542307860987,-7.3743734452124837e-07,-7.0562441838701298e-07,1.672578498080741e-07,-7.3803493923284022e-07,-7.0336599216333442e-07,1.6253984915957609e-07,-0.3674627828502055,1.3897258713742837,0.00036945970613554461,-0.36724492498042149,1.3903391304714332,-0.00014530875391604095,0.3674627828502055,-1.3897258713742837,-0.00036945970613554461,0.36724492498042149,-1.3903391304714332,0.00014530875391604095,-1.3267204090965414,2.208800254273827,0,-1.3267204090965414,2.208800254273827,0,-0.3674627828502055,1.3897258713742837,0.00036945970613554461,-0.36724492498042149,1.3903391304714332,-0.00014530875391604095,0,0,0,0,0,0,-0.3674627828502055,1.3897258713742837,0.00036945970613554461,-0.36724492498042149,1.3903391304714332,-0.00014530875391604095,0,0,0,0,0,0,0,0,0,0,0,0
control,0,365,1825,1830,3650000000,3650000000,0,-1,0.01,1,1,0,0,none,0,0,1,1,-0.089322915432007932,1.3135141018048428e-05,0.56569945864247451,0.99994449882976499,-1.0871110803210811e-05,-0.010535613029598958,-3.5012851053823591e-11,-1.021844668984335e-06,1.820511954781088e-09,-1.6146093597474341e-07,-3.1801612594142065e-09,-1.7986903473371162e-06,-1.6696058909034917e-10,-1.296098426348578,2.0929898455086948,-0.0012315587393105678,-1.2961165811013953,2.0929387403239437,0.00048433686160824323,-8.4627333178057218e-07,-8.1439603522886058e-07,1.4853495761168132e-07,-8.4671939712045384e-07,-8.1216730085926114e-07,1.4293008125021909e-07,-0.36746252356556386,1.3897261267756387,0.00036946019504528976,-0.36724466586265825,1.390339385649551,-0.00014530820498653548,0.36746252356556386,-1.3897261267756387,-0.00036946019504528976,0.36724466586265825,-1.390339385649551,0.00014530820498653548,-1.3267204090965414,2.208800254273827,0,-1.3267204090965414,2.208800254273827,0,-0.36746252356556386,1.3897261267756387,0.00036946019504528976,-0.36724466586265825,1.390339385649551,-0.00014530820498653548,0,0,0,0,0,0,-0.36746252356556386,1.3897261267756387,0.00036946019504528976,-0.36724466586265825,1.390339385649551,-0.00014530820498653548,0,0,0,0,0,0,0,0,0,0,0,0
control,0,366,1830,1835,3660000000,3660000000,0,-1,0.01,1,1,0,0,none,0,0,1,1,-0.089322925578164084,1.3135157323189834e-05,0.56569945703923796,0.99994449873568325,-1.087112508728063e-05,-0.01053562195897415,-3.5469854651420941e-11,-1.0077826884733713e-06,1.5032807007683859e-09,-1.5924235770767577e-07,-2.6376227121867273e-09,-1.7739751376133304e-06,-6.570536711520936e-11,-1.2960984353386238,2.0929898368328481,-0.0012315574341676164,-1.2961165900949951,2.0929387316699732,0.00048433810634666402,-9.3795839473589091e-07,-9.0640562967181688e-07,1.2920079628144816e-07,-9.3825629105038483e-07,-9.0423331836645007e-07,1.2283315908021751e-07,-0.36746227815741961,1.3897263689001909,0.00036946077021047087,-0.36724442063411894,1.3903396275962223,-0.0001453075735619532,0.36746227815741961,-1.3897263689001909,-0.00036946077021047087,0.36724442063411894,-1.3903396275962223,0.0001453075735619532,-1.3267204090965414,2.208800254273827,0,-1.3267204090965414,2.208800254273827,0,-0.36746227815741961,1.3897263689001909,0.00036946077021047087,-0.36724442063411894,1.3903396275962223,-0.0001453075735619532,0,0,0,0,0,0,-0.36746227815741961,1.3897263689001909,0.00036946077021047087,-0.36724442063411894,1.3903396275962223,-0.0001453075735619532,0,0,0,0,0,0,0,0,0,0,0,0
control,0,367,1835,1840,3670000000,3670000000,0,-1,0.01,1,1,0,0,none,0,0,1,1,-0.089322935514876384,1.3135170448585627e-05,0.56569945546906497,0.99994449864354162,-1.0871136644626244e-05,-0.010535630704205922,-3.5462523710596086e-11,-9.8240798748761376e-07,1.185406292629572e-09,-1.5523601431395705e-07,-2.0931694756358644e-09,-1.7293440293363005e-06,3.0697678526659193e-11,-1.2960984451446629,2.0929898273359404,-0.0012315563186957217,-1.2961165999031496,2.0929387221942499,0.0004843391545110722,-1.0124699705702427e-06,-9.8160200683147054e-07,1.0952827467557551e-07,-1.0126246428612717e-06,-9.795104961114317e-07,1.0252334691372247e-07,-0.36746204871758675,1.389726595657649,0.00036946141919498273,-0.3672441913837371,1.3903398542206689,-0.00014530687252066734,0.36746204871758675,-1.389726595657649,-0.00036946141919498273,0.3672441913837371,-1.3903398542206689,0.00014530687252066734,-1.3267204090965414,2.208800254273827,0,-1.3267204090965414,2.208800254273827,0,-0.36746204871758675,1.389726595657649,0.00036946141919498273,-0.3672441913837371,1.3903398542206689,-0.00014530687252066734,0,0,0,0,0,0,-0.36746204871758675,1.389726595657649,0.00036946141919498273,-0.3672441913837371,1.3903398542206689,-0.00014530687252066734,0,0,0,0,0,0,0,0,0,0,0,0
control,0,368,1840,1845,3680000000,3680000000,0,-1,0.01,1,1,0,0,none,0,0,1,1,-0.089322945135091564,1.3135180412555909e-05,0.56569945394887355,0.99994449855433287,-1.0871145487284947e-05,-0.01053563917106563,-3.5016936529274624e-11,-9.4674534800686112e-07,8.7097875590231845e-10,-1.4960380933218649e-07,-1.5538578722055173e-09,-1.6666006453495548e-06,1.2132484511243302e-10,-1.2960984555961921,2.0929898171850652,-0.0012315553943733407,-1.2961166103554131,2.0929387120636376,0.00048434000587565802,-1.0699948772731913e-06,-1.0401408683635004e-06,8.9777098147390491e-08,-1.0700127113362367e-06,-1.038152007902932e-06,8.2260100188510745e-08,-0.36746183701187635,1.3897268052764444,0.00036946212945709482,-0.36724397987447244,1.3903400637502847,-0.00014530611476770683,0.36746183701187635,-1.3897268052764444,-0.00036946212945709482,0.36724397987447244,-1.3903400637502847,0.00014530611476770683,-1.3267204090965414,2.208800254273827,0,-1.3267204090965414,2.208800254273827,0,-0.36746183701187635,1.3897268052764444,0.00036946212945709482,-0.36724397987447244,1.3903400637502847,-0.00014530611476770683,0,0,0,0,0,0,-0.36746183701187635,1.3897268052764444,0.00036946212945709482,-0.36724397987447244,1.3903400637502847,-0.00014530611476770683,0,0,0,0,0,0,0,0,0,0,0,0
control,0,369,1845,1850,3690000000,3690000000,0,-1,0.01,1,1,0,0,none,0,0,1,1,-0.089322954342378955,1.3135187272656577e-05,0.56569945249390374,0.99994449846895139,-1.087115166121525e-05,-0.010535647274672055,-3.4163143581849868e-11,-9.0187914818881133e-07,5.6380562103523408e-10,-1.4251706338598065e-07,-1.0262663742005846e-09,-1.5876535625991053e-06,2.0537523905135891e-10,-1.2960984665257056,2.0929898065446371,-0.0012315546602702397,-1.2961166212843505,2.0929387014423475,0.00048434066261219692,-1.110913779752637e-06,-1.0823697974416864e-06,7.0191452534352437e-08,-1.1108024402383246e-06,-1.0805027850025095e-06,6.2285855560992141e-08,-0.36746164447936042,1.3897269963049752,0.00036946288850844518,-0.36724378754263132,1.3903402547319312,-0.00014530531307643712,0.36746164447936042,-1.3897269963049752,-0.00036946288850844518,0.36724378754263132,-1.3903402547319312,0.00014530531307643712,-1.3267204090965414,2.208800254273827,0,-1.3267204090965414,2.208800254273827,0,-0.36746164447936042,1.3897269963049752,0.00036946288850844518,-0.36724378754263132,1.3903402547319312,-0.00014530531307643712,0,0,0,0,0,0,-0.36746164447936042,1.3897269963049752,0.00036946288850844518,-0.36724378754263132,1.3903402547319312,-0.00014530531307643712,0,0,0,0,0,0,0,0,0,0,0,0
control,0,370,1850,1855,3700000000,3700000000,0,-1,0.01,1,1,0,0,none,0,0,1,1,-0.089322963051424439,1.3135191122657038e-05,0.56569945111763931,0.99994449838818855,-1.0871155243729125e-05,-0.010535654939926517,-3.2934574021188955e-11,-8.4893644949646847e-07,2.6737984311382828e-10,-1.3415384926850871e-07,-5.1643963119857999e-10,-1.4944865422541657e-06,2.8217421453624716e-10,-1.2960984777705316,2.0929897955745713,-0.0012315541132115742,-1.2961166325273721,2.0929386904901199,0.00048434112911164369,-1.1357843331705296e-06,-1.1088118218826641e-06,5.0998022372758168e-08,-1.1355525991534651e-06,-1.1070831189460847e-06,4.2824165808374248e-08,-0.36746147223561876,1.3897271676088008,0.00036946368406235358,-0.36724361550113349,1.390340426029163,-0.00014530447994178352,0.36746147223561876,-1.3897271676088008,-0.00036946368406235358,0.36724361550113349,-1.390340426029163,0.00014530447994178352,-1.3267204090965414,2.208800254273827,0,-1.3267204090965414,2.208800254273827,0,-0.36746147223561876,1.3897271676088008,0.00036946368406235358,-0.36724361550113349,1.390340426029163,-0.00014530447994178352,0,0,0,0,0,0,-0.36746147223561876,1.3897271676088008,0.00036946368406235358,-0.36724361550113349,1.390340426029163,-0.00014530447994178352,0,0,0,0,0,0,0,0,0,0,0,0
control,0,371,1855,1860,3710000000,3710000000,0,-1,0.01,1,1,0,0,none,0,0,1,1,-0.089322971188358607,1.3135192089233111e-05,0.56569944983175557,0.99994449831272936,-1.0871156340675437e-05,-0.010535662101801896,-3.1367429866781393e-11,-7.8907064012379821e-07,-1.5146270691288405e-11,-1.2469640757695418e-07,-2.9842910619498085e-11,-1.389129737410509e-06,3.5117559513232392e-10,-1.2960984891744973,2.0929897844286338,-0.0012315537479587312,-1.296116643928398,2.0929386793605702,0.00048434141179021657,-1.1453231840261741e-06,-1.1201479755814819e-06,3.2404368830093322e-08,-1.144980775201364e-06,-1.1185712709042913e-06,2.407820521890983e-08,-0.36746132107975321,1.3897273183642813,0.00036946450416917783,-0.3672434645465586,1.3903405768159875,-0.00014530362744732592,0.36746132107975321,-1.3897273183642813,-0.00036946450416917783,0.3672434645465586,-1.3903405768159875,0.00014530362744732592,-1.3267204090965414,2.208800254273827,0,-1.3267204090965414,2.208800254273827,0,-0.36746132107975321,1.3897273183642813,0.00036946450416917783,-0.3672434645465586,1.3903405768159875,-0.00014530362744732592,0,0,0,0,0,0,-0.36746132107975321,1.3897273183642813,0.00036946450416917783,-0.3672434645465586,1.3903405768159875,-0.00014530362744732592,0,0,0,0,0,0,0,0,0,0,0,0
control,0,372,1860,1865,3720000000,3720000000,0,-1,0.01,1,1,0,0,none,0,0,1,1,-0.08932297869092562,1.3135190328432052e-05,0.56569944864609267,0.99994449824315124,-1.0871155083421673e-05,-0.010535668705491373,-2.9500086746161263e-11,-7.2344579873174609e-07,-2.8098165687498893e-10,-1.143286698703433e-07,4.2867469896635969e-10,-1.2736321646097235e-06,4.1195863145242626e-10,-1.2960985005894075,2.0929897732529668,-0.0012315535574036122,-1.2961166553393333,2.0929386681997206,0.00048434151888326367,-1.1403871570948302e-06,-1.117199084385254e-06,1.4597630250289126e-08,-1.1399445698615452e-06,-1.1157852780094535e-06,6.2295934744134752e-09,-0.36746119150487205,1.3897274480489492,0.00036946533733957118,-0.36724333516964291,1.3903407065671931,-0.00014530276714465283,0.36746119150487205,-1.3897274480489492,-0.00036946533733957118,0.36724333516964291,-1.3903407065671931,0.00014530276714465283,-1.3267204090965414,2.208800254273827,0,-1.3267204090965414,2.208800254273827,0,-0.36746119150487205,1.3897274480489492,0.00036946533733957118,-0.36724333516964291,1.3903407065671931,-0.00014530276714465283,0,0,0,0,0,0,-0.36746119150487205,1.3897274480489492,0.00036946533733957118,-0.36724333516964291,1.3903407065671931,-0.00014530276714465283,0,0,0,0,0,0,0,0,0,0,0,0
control,0,373,1865,1870,3730000000,3730000000,0,-1,0.01,1,1,0,0,none,0,0,1,1,-0.089322985508500374,1.3135186021970282e-05,0.56569944756865309,0.99994449817992381,-1.0871151625688692e-05,-0.010535674706423942,-2.737249290850974e-11,-6.5322191780149321e-07,-5.2771068159570405e-10,-1.032339281540194e-07,8.5490490567299182e-10,-1.150035694813898e-06,4.6423014851602087e-10,-1.2960985118763331,2.0929897621848039,-0.0012315535327732917,-1.2961166666213564,2.0929386571447099,0.00048434146023018139,-1.121954052532497e-06,-1.1009068931865533e-06,-2.2564594381071889e-09,-1.1214223843303306e-06,-1.0996641349174942e-06,-1.0562433506353622e-08,-0.36746108371142155,1.3897275564286165,0.00036946617265495938,-0.36724322756864408,1.3903408150456067,-0.00014530190994737908,0.36746108371142155,-1.3897275564286165,-0.00036946617265495938,0.36724322756864408,-1.3903408150456067,0.00014530190994737908,-1.3267204090965414,2.208800254273827,0,-1.3267204090965414,2.208800254273827,0,-0.36746108371142155,1.3897275564286165,0.00036946617265495938,-0.36724322756864408,1.3903408150456067,-0.00014530190994737908,0,0,0,0,0,0,-0.36746108371142155,1.3897275564286165,0.00036946617265495938,-0.36724322756864408,1.3903408150456067,-0.00014530190994737908,0,0,0,0,0,0,0,0,0,0,0,0
control,0,374,1870,1875,3740000000,3740000000,0,-1,0.01,1,1,0,0,none,0,0,1,1,-0.089322991601964108,1.3135179373419157e-05,0.56569944660562121,0.99994449812341013,-1.0871146140283948e-05,-0.010535680070155004,-2.5025586743525502e-11,-5.7954111581198196e-07,-7.533023227168658e-10,-9.1592652831734354e-08,1.2452974936956813e-09,-1.0203507769395261e-06,5.0781788083188776e-10,-1.2960985229067061,2.0929897513513724,-0.001231553663841868,-1.2961166776460116,2.0929386463226995,0.00048434124705350564,-1.091103088808209e-06,-1.0723150337145122e-06,-1.8014212913546391e-08,-1.090493875195836e-06,-1.0712487792154937e-06,-2.616153634824593e-08,-0.36746099762339041,1.389727643542005,0.00036946699986320605,-0.3672431416655455,1.3903409022866979,-0.00014530106603923427,0.36746099762339041,-1.389727643542005,-0.00036946699986320605,0.3672431416655455,-1.3903409022866979,0.00014530106603923427,-1.3267204090965414,2.208800254273827,0,-1.3267204090965414,2.208800254273827,0,-0.36746099762339041,1.389727643542005,0.00036946699986320605,-0.3672431416655455,1.3903409022866979,-0.00014530106603923427,0,0,0,0,0,0,-0.36746099762339041,1.389727643542005,0.00036946699986320605,-0.3672431416655455,1.3903409022866979,-0.00014530106603923427,0,0,0,0,0,0,0,0,0,0,0,0
control,0,375,1875,1880,3750000000,3750000000,0,-1,0.01,1,1,0,0,none,0,0,1,1,-0.089322996943448293,1.3135170604334639e-05,0.56569944576140352,0.99994449807386876,-1.0871138815782216e-05,-0.010535684772141262,-2.2500734505109961e-11,-5.0351493986583931e-07,-9.5611348127555274e-10,-7.9580482109384184e-08,1.5969666868172508e-09,-8.8653408354820965e-07,5.4266703405883573e-10,-1.2960985335632187,2.0929897408689873,-0.0012315539391464295,-1.2961166882961073,2.0929386358499631,0.00048434089173532283,-1.0489953982374937e-06,-1.0325499302611025e-06,-3.2554329023679313e-08,-1.0483204448920549e-06,-1.0316630419399358e-06,-4.045446181473086e-08,-0.36746093290677551,1.3897277096829721,0.00036946780946038002,-0.36724307712454263,1.3903409685809296,-0.00014530024479750609,0.36746093290677551,-1.3897277096829721,-0.00036946780946038002,0.36724307712454263,-1.3903409685809296,0.00014530024479750609,-1.3267204090965414,2.208800254273827,0,-1.3267204090965414,2.208800254273827,0,-0.36746093290677551,1.3897277096829721,0.00036946780946038002,-0.36724307712454263,1.3903409685809296,-0.00014530024479750609,0,0,0,0,0,0,-0.36746093290677551,1.3897277096829721,0.00036946780946038002,-0.36724307712454263,1.3903409685809296,-0.00014530024479750609,0,0,0,0,0,0,0,0,0,0,0,0
control,0,376,1880,1885,3760000000,3760000000,0,-1,0.01,1,1,0,0,none,0,0,1,1,-0.089323001515958664,1.3135159950383429e-05,0.56569944503868841,0.99994449803145768,-1.0871129853199082e-05,-0.010535688797409966,-1.9839193997695119e-11,-4.2621284219050506e-07,-1.1348873806442328e-09,-6.7366409229964228e-08,1.9076893266007345e-09,-7.5046823016936732e-07,5.6883416803574533e-10,-1.2960985437405306,2.092989730842334,-0.001231554346204344,-1.2961166984664203,2.092938625831172,0.00048434040759375783,-9.9685483851471017e-07,-9.8280183717690022e-07,-4.5777953542502583e-08,-9.9612606414306681e-07,-9.8209470214975451e-07,-5.3350967449485106e-08,-0.3674608889898725,1.3897277553806719,0.00036946859275898032,-0.36724303337235731,1.3903410144539134,-0.00014529945472975485,0.3674608889898725,-1.3897277553806719,-0.00036946859275898032,0.36724303337235731,-1.3903410144539134,0.00014529945472975485,-1.3267204090965414,2.208800254273827,0,-1.3267204090965414,2.208800254273827,0,-0.3674608889898725,1.3897277553806719,0.00036946859275898032,-0.36724303337235731,1.3903410144539134,-0.00014529945472975485,0,0,0,0,0,0,-0.3674608889898725,1.3897277553806719,0.00036946859275898032,-0.36724303337235731,1.3903410144539134,-0.00014529945472975485,0,0,0,0,0,0,0,0,0,0,0,0
control,0,377,1885,1890,3770000000,3770000000,0,-1,0.01,1,1,0,0,none,0,0,1,1,-0.089323005312891127,1.3135147657514876e-05,0.56569944443852194,0.99994449799623786,-1.0871119462699976e-05,-0.010535692140133255,-1.7081608481155894e-11,-3.4865189846469862e-07,-1.2887470345982206e-09,-5.5111158390123338e-08,2.1758944136343016e-09,-6.1394366547394295e-07,5.8648080285097277e-10,-1.2960985533457858,2.0929897213639395,-0.0012315548717291562,-1.2961167080642124,2.0929386163588615,0.000484339808662303,-9.3594915067450843e-07,-9.2430640706058513e-07,-5.7608447464525841e-08,-9.3517843676944291e-07,-9.2377708766263223e-07,-6.4783440451225648e-08,-0.3674608650853412,1.3897277813782609,0.0003694693419411201,-0.36724300962029299,1.3903410406452177,-0.00014529870342666832,0.3674608650853412,-1.3897277813782609,-0.0003694693419411201,0.36724300962029299,-1.3903410406452177,0.00014529870342666832,-1.3267204090965414,2.208800254273827,0,-1.3267204090965414,2.208800254273827,0,-0.3674608650853412,1.3897277813782609,0.0003694693419411201,-0.36724300962029299,1.3903410406452177,-0.00014529870342666832,0,0,0,0,0,0,-0.3674608650853412,1.3897277813782609,0.0003694693419411201,-0.36724300962029299,1.3903410406452177,-0.00014529870342666832,0,0,0,0,0,0,0,0,0,0,0,0
control,0,378,1890,1895,3780000000,3780000000,0,-1,0.01,1,1,0,0,none,0,0,1,1,-0.089323008337453172,1.3135133978225231e-05,0.56569944396039995,0.99994449796817997,-1.0871107860385221e-05,-0.010535694803118728,-1.4267534173308978e-11,-2.7178781359271446e-07,-1.4171843118755268e-09,-4.2965755791669233e-08,2.4006450955168375e-09,-4.7864283766874344e-07,5.958654593871677e-10,-1.2960985622989447,2.0929897125138224,-0.0012315555018424431,-1.2961167170095611,2.0929386075130805,0.00048433910947452447,-8.6757178014573549e-07,-8.5832690109856855e-07,-6.7990895420145315e-08,-8.6677083304724525e-07,-8.5797129757297008e-07,-7.4706283784489836e-08,-0.36746086021349039,1.3897277886104069,0.00036947005009750394,-0.36724300488751438,1.3903410480859044,-0.0001452979975281681,0.36746086021349039,-1.3897277886104069,-0.00036947005009750394,0.36724300488751438,-1.3903410480859044,0.0001452979975281681,-1.3267204090965414,2.208800254273827,0,-1.3267204090965414,2.208800254273827,0,-0.36746086021349039,1.3897277886104069,0.00036947005009750394,-0.36724300488751438,1.3903410480859044,-0.0001452979975281681,0,0,0,0,0,0,-0.36746086021349039,1.3897277886104069,0.00036947005009750394,-0.36724300488751438,1.3903410480859044,-0.0001452979975281681,0,0,0,0,0,0,0,0,0,0,0,0
control,0,379,1895,1900,3790000000,3790000000,0,-1,0.01,1,1,0,0,none,0,0,1,1,-0.089323010602002373,1.3135119167955598e-05,0.56569944360237234,0.99994449794716944,-1.0871095265185605e-05,-0.010535696797227765,-1.1435014197872214e-11,-1.965072389763097e-07,-1.5200449188992365e-09,-3.1070322876803644e-08,2.581613782299271e-09,-3.4612667148632713e-07,5.9733402910912535e-10,-1.2960985705329409,2.0929897043593169,-0.0012315562222793971,-1.2961167252355135,2.0929385993612151,0.0004843383248563494,-7.9302466241585036e-07,-7.8613705809236454e-07,-7.6891407041569589e-08,-7.92204880325207e-07,-7.8594909269155958e-07,-8.3095078792563232e-08,-0.36746087322621318,1.3897277781797086,0.00036947071125417117,-0.36724301802501508,1.3903410378749819,-0.0001452973427029652,0.36746087322621318,-1.3897277781797086,-0.00036947071125417117,0.36724301802501508,-1.3903410378749819,0.0001452973427029652,-1.3267204090965414,2.208800254273827,0,-1.3267204090965414,2.208800254273827,0,-0.36746087322621318,1.3897277781797086,0.00036947071125417117,-0.36724301802501508,1.3903410378749819,-0.0001452973427029652,0,0,0,0,0,0,-0.36746087322621318,1.3897277781797086,0.00036947071125417117,-0.36724301802501508,1.3903410378749819,-0.0001452973427029652,0,0,0,0,0,0,0,0,0,0,0,0
control,0,380,1900,1905,3800000000,3800000000,0,-1,0.01,1,1,0,0,none,0,0,1,1,-0.089323012127316539,1.3135103481663153e-05,0.56569944336115829,0.99994449793301388,-1.0871081895904773e-05,-0.010535698140733189,-8.6201881200400921e-12,-1.2362141591492541e-07,-1.5975096891842784e-09,-1.9553062082420031e-08,2.7190504235717616e-09,-2.1782336830529684e-07,5.9131213399945474e-10,-1.2960985779936705,2.0929896969550614,-0.0012315570185861193,-1.2961167326880765,2.0929385919579735,0.00048433746972798719,-7.1360182984620519e-07,-7.0900509215490788e-07,-8.4296182519658804e-08,-7.1277418358758424e-07,-7.0897691001637548e-07,-8.9945522466920192e-08,-0.36746090283170696,1.3897277513328248,0.00036947132038496179,-0.36724304774030403,1.3903410112556069,-0.00014529674364227281,0.36746090283170696,-1.3897277513328248,-0.00036947132038496179,0.36724304774030403,-1.3903410112556069,0.00014529674364227281,-1.3267204090965414,2.208800254273827,0,-1.3267204090965414,2.208800254273827,0,-0.36746090283170696,1.3897277513328248,0.00036947132038496179,-0.36724304774030403,1.3903410112556069,-0.00014529674364227281,0,0,0,0,0,0,-0.36746090283170696,1.3897277513328248,0.00036947132038496179,-0.36724304774030403,1.3903410112556069,-0.00014529674364227281,0,0,0,0,0,0,0,0,0,0,0,0
control,0,381,1905,1910,3810000000,3810000000,0,-1,0.01,1,1,0,0,none,0,0,1,1,-0.089323012941808153,1.313508717059777e-05,0.56569944323227006,0.99994449792545004,-1.0871067968434579e-05,-0.01053569885862793,-5.8569521796364964e-12,-5.3861132828918245e-08,-1.650072810228375e-09,-8.5294671742306718e-09,2.8137459524019196e-09,-9.5019530253861812e-08,5.7829386715061792e-10,-1.2960985846398247,2.0929896903431429,-0.0012315578763066398,-1.2961167393260469,2.0929385853455296,0.00048433655891726282,-6.3057432736218979e-07,-6.2817859575635229e-07,-9.0210418392705127e-08,-6.2974925156650794e-07,-6.2830077334925141e-07,-9.5272225596940729e-08,-0.36746094761910919,1.3897277094361031,0.00036947187341291156,-0.36724309262205734,1.3903409695907289,-0.000145296204063899,0.36746094761910919,-1.3897277094361031,-0.00036947187341291156,0.36724309262205734,-1.3903409695907289,0.000145296204063899,-1.3267204090965414,2.208800254273827,0,-1.3267204090965414,2.208800254273827,0,-0.36746094761910919,1.3897277094361031,0.00036947187341291156,-0.36724309262205734,1.3903409695907289,-0.000145296204063899,0,0,0,0,0,0,-0.36746094761910919,1.3897277094361031,0.00036947187341291156,-0.36724309262205734,1.3903409695907289,-0.000145296204063899,0,0,0,0,0,0,0,0,0,0,0,0
control,0,382,1910,1915,3820000000,3820000000,0,-1,0.01,1,1,0,0,none,0,0,1,1,-0.089323013080695929,1.3135070479314417e-05,0.56569944321014454,0.99994449792415141,-1.0871053693171404e-05,-0.010535698981896142,-3.1766620296815913e-12,1.2127021124895154e-08,-1.6785171529537921e-09,1.8982770516608332e-09,2.8669901819839942e-09,2.1146440906409038e-08,5.5883340750625726e-10,-1.2960985904425801,2.0929896845533835,-0.0012315587811581052,-1.2961167451207003,2.0929385795538056,0.00048433560698593706,-5.451762053187698e-07,-5.4487081683283157e-07,-9.4657024885675708e-08,-5.4436350371185579e-07,-5.4513258004230612e-07,-9.9107313363984311e-08,-0.36746100608322757,1.3897276539515466,0.00036947236719867585,-0.36724315116483802,1.390340914339127,-0.00014529572673011292,0.36746100608322757,-1.3897276539515466,-0.00036947236719867585,0.36724315116483802,-1.390340914339127,0.00014529572673011292,-1.3267204090965414,2.208800254273827,0,-1.3267204090965414,2.208800254273827,0,-0.36746100608322757,1.3897276539515466,0.00036947236719867585,-0.36724315116483802,1.390340914339127,-0.00014529572673011292,0,0,0,0,0,0,-0.36746100608322757,1.3897276539515466,0.00036947236719867585,-0.36724315116483802,1.390340914339127,-0.00014529572673011292,0,0,0,0,0,0,0,0,0,0,0,0
control,0,383,1915,1920,3830000000,3830000000,0,-1,0.01,1,1,0,0,none,0,0,1,1,-0.089323012585146674,1.3135053642944425e-05,0.5656994432882787,0.99994449792873608,-1.0871039272652221e-05,-0.010535698546757987,-6.0788642357627485e-13,7.3783148244520585e-08,-1.6838876178313173e-09,1.1641674906586728e-08,2.8805267549818185e-09,1.2968873029110129e-07,5.3353332186303575e-10,-1.2960985953851538,2.0929896796037553,-0.0012315597191928252,-1.2961167500553474,2.0929385746008879,0.00048433462807017557,-4.5859202064467132e-07,-4.6024803431987752e-07,-9.7675244467378385e-08,-4.5780078855925539e-07,-4.6063747186892336e-07,-1.0149895245174359e-07,-0.36746107664862038,1.3897275864129122,0.00036947279952007089,-0.36724322179314511,1.3903408470314762,-0.00014529531347343006,0.36746107664862038,-1.3897275864129122,-0.00036947279952007089,0.36724322179314511,-1.3903408470314762,0.00014529531347343006,-1.3267204090965414,2.208800254273827,0,-1.3267204090965414,2.208800254273827,0,-0.36746107664862038,1.3897275864129122,0.00036947279952007089,-0.36724322179314511,1.3903408470314762,-0.00014529531347343006,0,0,0,0,0,0,-0.36746107664862038,1.3897275864129122,0.00036947279952007089,-0.36724322179314511,1.3903408470314762,-0.00014529531347343006,0,0,0,0,0,0,0,0,0,0,0,0
control,0,384,1920,1925,3840000000,3840000000,0,-1,0.01,1,1,0,0,none,0,0,1,1,-0.089323011501399568,1.3135036884746748e-05,0.5656994434593674,0.99994449793877571,-1.0871024899429806e-05,-0.010535697593898916,1.8237911719667429e-12,1.3063532315801655e-07,-1.6674623176767573e-09,2.0626132819235342e-08,2.8565038455303265e-09,2.2977637366372574e-07,5.0303521314239185e-10,-1.2960985994622447,2.0929896755009167,-0.0012315606769459113,-1.2961167541247725,2.0929385704935584,0.00048433363573636127,-3.7194552724240873e-07,-3.7541851877237513e-07,-9.9319121337775768e-08,-3.711840743607881e-07,-3.7592281491630016e-07,-1.0250972420301694e-07,-0.36746115769326987,1.389727508402701,0.00036947316903984022,-0.3672433028851162,1.3903407692474459,-0.00014529496523469824,0.36746115769326987,-1.389727508402701,-0.00036947316903984022,0.3672433028851162,-1.3903407692474459,0.00014529496523469824,-1.3267204090965414,2.208800254273827,0,-1.3267204090965414,2.208800254273827,0,-0.36746115769326987,1.389727508402701,0.00036947316903984022,-0.3672433028851162,1.3903407692474459,-0.00014529496523469824,0,0,0,0,0,0,-0.36746115769326987,1.389727508402701,0.00036947316903984022,-0.3672433028851162,1.3903407692474459,-0.00014529496523469824,0,0,0,0,0,0,0,0,0,0,0,0
control,0,385,1925,1930,3850000000,3850000000,0,-1,0.01,1,1,0,0,none,0,0,1,1,-0.089323009879884369,1.3135020413953064e-05,0.56569944371544334,0.99994449795380269,-1.0871010754199185e-05,-0.010535696167693755,4.0959234819695166e-12,1.8229972909518457e-07,-1.6307228599465669e-09,2.8790977326849006e-08,2.7974235022460439e-09,3.207334967287941e-07,4.6800944264433378e-10,-1.296098602679369,2.092989672240849,-0.0012315616415676943,-1.2961167573345691,2.0929385672279288,0.00048433264285297693,-2.8628997485770039e-07,-2.9142274128140842e-07,-9.9655915957868504e-08,-2.8556577526080151e-07,-2.9202838923867735e-07,-1.0221496544078027e-07,-0.36746124757110626,1.3897274215298481,0.00036947347526610614,-0.36724339279500506,1.3903406825933617,-0.00014529468210762103,0.36746124757110626,-1.3897274215298481,-0.00036947347526610614,0.36724339279500506,-1.3903406825933617,0.00014529468210762103,-1.3267204090965414,2.208800254273827,0,-1.3267204090965414,2.208800254273827,0,-0.36746124757110626,1.3897274215298481,0.00036947347526610614,-0.36724339279500506,1.3903406825933617,-0.00014529468210762103,0,0,0,0,0,0,-0.36746124757110626,1.3897274215298481,0.00036947347526610614,-0.36724339279500506,1.3903406825933617,-0.00014529468210762103,0,0,0,0,0,0,0,0,0,0,0,0
control,0,386,1930,1935,3860000000,3860000000,0,-1,0.01,1,1,0,0,none,0,0,1,1,-0.089323007774344959,1.313500442391714e-05,0.56569944404801509,0.99994449797331864,-1.0870997004184265e-05,-0.010535694315435317,6.1893020626376867e-12,2.2847971673376886e-07,-1.5753235391697983e-09,3.6089315030843743e-08,2.7060890347978917e-09,4.0203766313373984e-07,4.291447857082843e-10,-1.2960986050521071,2.0929896698095805,-0.0012315626009402915,-1.2961167597003869,2.092938564790165,0.00048433166147903968,-2.0259977520005672e-07,-2.0922512915151679e-07,-9.876444697124436e-08,-2.0191942512162115e-07,-2.09918146292984e-07,-1.0070104088218732e-07,-0.36746134463354968,1.3897273274086521,0.00036947371850443601,-0.36724348987471711,1.3903405886811626,-0.00014529446339166778,0.36746134463354968,-1.3897273274086521,-0.00036947371850443601,0.36724348987471711,-1.3903405886811626,0.00014529446339166778,-1.3267204090965414,2.208800254273827,0,-1.3267204090965414,2.208800254273827,0,-0.36746134463354968,1.3897273274086521,0.00036947371850443601,-0.36724348987471711,1.3903405886811626,-0.00014529446339166778,0,0,0,0,0,0,-0.36746134463354968,1.3897273274086521,0.00036947371850443601,-0.36724348987471711,1.3903405886811626,-0.00014529446339166778,0,0,0,0,0,0,0,0,0,0,0,0
control,0,387,1935,1940,3870000000,3870000000,0,-1,0.01,1,1,0,0,none,0,0,1,1,-0.089323005240978373,1.313498909057501e-05,0.56569944444820353,0.99994449799680252,-1.087098380179111e-05,-0.010535692086576611,8.0880142647614876e-12,2.6896386998314066e-07,-1.503060109551159e-09,4.2487715231391615e-08,2.5855514294834125e-09,4.7331647268315523e-07,3.8713938137456888e-10,-1.2960986066052769,2.0929896681839879,-0.0012315635437780048,-1.296116761247103,2.0929385631572841,0.00048433070276935925,-1.2176379975768936e-07,-1.2970709838622375e-07,-9.6733421572186348e-08,-1.2113298403099942e-07,-1.304732376800306e-07,-9.8063611793696039e-08,-0.3674614472494751,1.3897272276387165,0.00036947389980448005,-0.36724359249378569,1.390340489108371,-0.00014529430765021809,0.3674614472494751,-1.3897272276387165,-0.00036947389980448005,0.36724359249378569,-1.390340489108371,0.00014529430765021809,-1.3267204090965414,2.208800254273827,0,-1.3267204090965414,2.208800254273827,0,-0.3674614472494751,1.3897272276387165,0.00036947389980448005,-0.36724359249378569,1.390340489108371,-0.00014529430765021809,0,0,0,0,0,0,-0.3674614472494751,1.3897272276387165,0.00036947389980448005,-0.36724359249378569,1.390340489108371,-0.00014529430765021809,0,0,0,0,0,0,0,0,0,0,0,0
control,0,388,1940,1945,3880000000,3880000000,0,-1,0.01,1,1,0,0,none,0,0,1,1,-0.0893230023375986,1.3134974571216676e-05,0.56569944490687352,0.99994449802371843,-1.0870971283528706e-05,-0.010535689531994944,9.7794578106908259e-12,3.0362315896220066e-07,-1.4158387617250587e-09,4.7965771161950718e-08,2.4390562661883664e-09,5.3434255298341827e-07,3.4269136874982014e-10,-1.2960986073720469,2.0929896673326578,-0.0012315644597111987,-1.2961167620079377,2.0929385622980146,0.00048432977689683612,-4.4579932336607887e-08,-5.3661760577411359e-08,-9.3659710750550283e-08,-4.4003417593604631e-08,-5.4486703204790277e-08,-9.4405866319326467e-08,-0.36746155382403645,1.3897271237866711,0.00036947402089889715,-0.3672436990581186,1.3903403854398038,-0.00014529421277573485,0.36746155382403645,-1.3897271237866711,-0.00036947402089889715,0.3672436990581186,-1.3903403854398038,0.00014529421277573485,-1.3267204090965414,2.208800254273827,0,-1.3267204090965414,2.208800254273827,0,-0.36746155382403645,1.3897271237866711,0.00036947402089889715,-0.3672436990581186,1.3903403854398038,-0.00014529421277573485,0,0,0,0,0,0,-0.36746155382403645,1.3897271237866711,0.00036947402089889715,-0.3672436990581186,1.3903403854398038,-0.00014529421277573485,0,0,0,0,0,0,0,0,0,0,0,0
control,0,389,1945,1950,3890000000,3890000000,0,-1,0.01,1,1,0,0,none,0,0,1,1,-0.089322999122833799,1.3134961003567556e-05,0.5656994454147618,0.99994449805352248,-1.0870959569195333e-05,-0.010535686703285443,1.1254309512293422e-11,3.3240727854256846e-07,-1.315645208033525e-09,5.251551381633534e-08,2.2699906618834667e-09,5.850271177529239e-07,2.9648973516731737e-10,-1.2960986073930054,2.0929896672167914,-0.001231565339353761,-1.2961167620235212,2.0929385621737002,0.00048432889299150666,2.8248738541379814e-08,1.8210171010372015e-08,-8.9646673284372982e-08,2.8767119630361579e-08,1.7340620618383313e-08,-8.9836817716993137e-08,-0.36746166281553994,1.3897270173691709,0.00036947408413979253,-0.36724380802692197,1.3903402791905901,-0.00014529417605656616,0.36746166281553994,-1.3897270173691709,-0.00036947408413979253,0.36724380802692197,-1.3903402791905901,0.00014529417605656616,-1.3267204090965414,2.208800254273827,0,-1.3267204090965414,2.208800254273827,0,-0.36746166281553994,1.3897270173691709,0.00036947408413979253,-0.36724380802692197,1.3903402791905901,-0.00014529417605656616,0,0,0,0,0,0,-0.36746166281553994,1.3897270173691709,0.00036947408413979253,-0.36724380802692197,1.3903402791905901,-0.00014529417605656616,0,0,0,0,0,0,0,0,0,0,0,0
control,0,390,1950,1955,3900000000,3900000000,0,-1,0.01,1,1,0,0,none,0,0,1,1,-0.089322995655364945,1.313494850517345e-05,0.56569944596259591,0.99994449808567154,-1.0870948761326777e-05,-0.010535683652090705,1.2506459872780353e-11,3.5534026348481996e-07,-1.204514799631963e-09,5.6140727054385612e-08,2.0818318394906424e-09,6.2541224820874898e-07,2.49207131282617e-10,-1.2960986067151992,2.0929896677911448,-0.0012315661743544119,-1.2961167613409321,2.0929385627392358,0.00048432805909613355,9.6116489111513739e-08,8.5302931278779157e-08,-8.4802483461496093e-08,9.6573828257879392e-08,8.440267127852536e-08,-8.446958620348223e-08,-0.36746177275084085,1.3897269098377891,0.00036947409243049659,-0.36724391792805411,1.3903401718110868,-0.00014529419424952987,0.36746177275084085,-1.3897269098377891,-0.00036947409243049659,0.36724391792805411,-1.3903401718110868,0.00014529419424952987,-1.3267204090965414,2.208800254273827,0,-1.3267204090965414,2.208800254273827,0,-0.36746177275084085,1.3897269098377891,0.00036947409243049659,-0.36724391792805411,1.3903401718110868,-0.00014529419424952987,0,0,0,0,0,0,-0.36746177275084085,1.3897269098377891,0.00036947409243049659,-0.36724391792805411,1.3903401718110868,-0.00014529419424952987,0,0,0,0,0,0,0,0,0,0,0,0
control,0,391,1955,1960,3910000000,3910000000,0,-1,0.01,1,1,0,0,none,0,0,1,1,-0.089322991993211157,1.3134937173077127e-05,0.56569944654120841,0.99994449811962594,-1.0870938944894428e-05,-0.010535680429472338,1.3532904499934495e-11,3.7251548599658888e-07,-1.0845038064150693e-09,5.8856134753540148e-08,1.8780979015269486e-09,6.5566209114924651e-07,2.0149129737757702e-10,-1.2960986053911521,2.0929896690049823,-0.0012315669574321949,-1.2961167600127186,2.0929385639440223,0.00048432728213778275,1.5851598773635805e-07,1.4710717629591398e-07,-7.9238538882415873e-08,1.58910273726975e-07,1.4618965669931293e-07,-7.8419808122292197e-08,-0.36746188223865395,1.3897268025653717,0.00036947404915660257,-0.36724402737128475,1.3903400646731707,-0.00014529426365092872,0.36746188223865395,-1.3897268025653717,-0.00036947404915660257,0.36724402737128475,-1.3903400646731707,0.00014529426365092872,-1.3267204090965414,2.208800254273827,0,-1.3267204090965414,2.208800254273827,0,-0.36746188223865395,1.3897268025653717,0.00036947404915660257,-0.36724402737128475,1.3903400646731707,-0.00014529426365092872,0,0,0,0,0,0,-0.36746188223865395,1.3897268025653717,0.00036947404915660257,-0.36724402737128475,1.3903400646731707,-0.00014529426365092872,0,0,0,0,0,0,0,0,0,0,0,0
control,0,392,1960,1965,3920000000,3920000000,0,-1,0.01,1,1,0,0,none,0,0,1,1,-0.089322988193069858,1.3134927083777353e-05,0.56569944714163956,0.99994449815486064,-1.0870930187248657e-05,-0.010535677085329478,1.4333612734793677e-11,3.8409012448416638e-07,-9.576616611955677e-10,6.0686544370301767e-08,1.6622997558755047e-09,6.7605312341802365e-07,1.5395981546343172e-10,-1.2960986034778845,2.0929896708030449,-0.0012315676823969094,-1.2961167580959156,2.0929385657329309,0.0004843265679145158,2.1503836006835458e-07,2.0320985578067706e-07,-7.3067869876013376e-08,2.153684650575504e-07,2.0228792041133679e-07,-7.1804034911381871e-08,-0.36746198998142299,1.3897266968346016,0.00036947395811256665,-0.36724413506020703,1.3903399590588723,-0.00014529438017260915,0.36746198998142299,-1.3897266968346016,-0.00036947395811256665,0.36724413506020703,-1.3903399590588723,0.00014529438017260915,-1.3267204090965414,2.208800254273827,0,-1.3267204090965414,2.208800254273827,0,-0.36746198998142299,1.3897266968346016,0.00036947395811256665,-0.36724413506020703,1.3903399590588723,-0.00014529438017260915,0,0,0,0,0,0,-0.36746198998142299,1.3897266968346016,0.00036947395811256665,-0.36724413506020703,1.3903399590588723,-0.00014529438017260915,0,0,0,0,0,0,0,0,0,0,0,0
control,0,393,1965,1970,3930000000,3930000000,0,-1,0.01,1,1,0,0,none,0,0,1,1,-0.089322984309713638,1.3134918293451113e-05,0.56569944775523395,0.99994449819086795,-1.087092253828774e-05,-0.010535673667868208,1.4911357897724574e-11,3.9027921071356466e-07,-8.260055102066602e-10,6.1665927093652904e-08,1.4378975011243088e-09,6.8696367601470057e-07,1.0719269920456056e-10,-1.2960986010359352,2.0929896731265005,-0.0012315683441545789,-1.296116755651068,2.0929385680472534,0.00048432592109710101,2.6537196197657977e-07,2.5329301793574408e-07,-6.640366775803861e-08,2.6563759692703484e-07,2.5237878476071698e-07,-6.4738261153630377e-08,-0.36746209478521752,1.3897265938283905,0.00036947382342976154,-0.36724423980207671,1.3903398561507054,-0.00014529453941607262,0.36746209478521752,-1.3897265938283905,-0.00036947382342976154,0.36724423980207671,-1.3903398561507054,0.00014529453941607262,-1.3267204090965414,2.208800254273827,0,-1.3267204090965414,2.208800254273827,0,-0.36746209478521752,1.3897265938283905,0.00036947382342976154,-0.36724423980207671,1.3903398561507054,-0.00014529453941607262,0,0,0,0,0,0,-0.36746209478521752,1.3897265938283905,0.00036947382342976154,-0.36724423980207671,1.3903398561507054,-0.00014529453941607262,0,0,0,0,0,0,0,0,0,0,0,0
control,0,394,1970,1975,3940000000,3940000000,0,-1,0.01,1,1,0,0,none,0,0,1,1,-0.089322980395448864,1.3134910838422109e-05,0.5656994483737261,0.99994449822716269,-1.0870916030840319e-05,-0.010535670223125147,1.5271526170425248e-11,3.9134936014141758e-07,-6.9149622740767386e-10,6.1836400007770184e-08,1.2082588373922791e-09,6.8886289850935021e-07,6.1728200627217116e-11,-1.296098598128405,2.0929896759138851,-0.0012315689386997834,-1.2961167527412754,2.0929385708256425,0.00048432534524381864,3.0929972766386071e-07,2.9713192218931107e-07,-5.9357956585766581e-08,3.0950139565982426e-07,2.9623667209273148e-07,-5.7336603249063158e-08,-0.3674621955672287,1.3897264946214196,0.00036947364950776429,-0.36724434051528637,1.3903397570232057,-0.00014529473674298313,0.3674621955672287,-1.3897264946214196,-0.00036947364950776429,0.36724434051528637,-1.3903397570232057,0.00014529473674298313,-1.3267204090965414,2.208800254273827,0,-1.3267204090965414,2.208800254273827,0,-0.3674621955672287,1.3897264946214196,0.00036947364950776429,-0.36724434051528637,1.3903397570232057,-0.00014529473674298313,0,0,0,0,0,0,-0.3674621955672287,1.3897264946214196,0.00036947364950776429,-0.36724434051528637,1.3903397570232057,-0.00014529473674298313,0,0,0,0,0,0,0,0,0,0,0,0
control,0,395,1975,1980,3950000000,3950000000,0,-1,0.01,1,1,0,0,none,0,0,1,1,-0.089322976499638912,1.3134904735855966e-05,0.56569944898931512,0.99994449826328713,-1.0870910681243948e-05,-0.010535666794547541,1.5421902943112505e-11,3.8761227043484309e-07,-5.5601663508666248e-10,6.1247206159191212e-08,9.7662146514566619e-10,6.8229931362965958e-07,1.805804863428118e-11,-1.2960985948200316,2.0929896791020157,-0.0012315694630951883,-1.296116749431266,2.0929385740050219,0.00048432484282783672,3.4669594720664503e-07,3.3459169039196695e-07,-5.2040259776270182e-08,3.4683490186563409e-07,3.3372576508920019e-07,-4.9709999946445574e-08,-0.36746229136203823,1.3897264001741996,0.00036947344094154531,-0.36724443623565822,1.390339662637013,-0.00014529496734835368,0.36746229136203823,-1.3897264001741996,-0.00036947344094154531,0.36724443623565822,-1.390339662637013,0.00014529496734835368,-1.3267204090965414,2.208800254273827,0,-1.3267204090965414,2.208800254273827,0,-0.36746229136203823,1.3897264001741996,0.00036947344094154531,-0.36724443623565822,1.390339662637013,-0.00014529496734835368,0,0,0,0,0,0,-0.36746229136203823,1.3897264001741996,0.00036947344094154531,-0.36724443623565822,1.390339662637013,-0.00014529496734835368,0,0,0,0,0,0,0,0,0,0,0,0
control,0,396,1980,1985,3960000000,3960000000,0,-1,0.01,1,1,0,0,none,0,0,1,1,-0.089322972668292769,1.313489998465855e-05,0.5656994495947304,0.99994449829881449,-1.0870906490099695e-05,-0.010535663422631309,1.5372441828944596e-11,3.7941808900922185e-07,-4.2135218682504391e-10,5.9953656550731602e-08,7.4605959222512943e-10,6.6788914810943667e-07,-2.3375856185388779e-11,-1.2960985911763017,2.0929896826268632,-0.0012315699154393388,-1.2961167457865097,2.0929385775214597,0.00048432441527609856,3.775219466733044e-07,3.6562330279595874e-07,-4.4556456371674681e-08,3.7760012399423813e-07,3.6479603940327325e-07,-4.1965083528586426e-08,-0.36746238132579723,1.3897263113286107,0.00036947320245462023,-0.36724452612056668,1.3903395738343478,-0.00014529522632865315,0.36746238132579723,-1.3897263113286107,-0.00036947320245462023,0.36724452612056668,-1.3903395738343478,0.00014529522632865315,-1.3267204090965414,2.208800254273827,0,-1.3267204090965414,2.208800254273827,0,-0.36746238132579723,1.3897263113286107,0.00036947320245462023,-0.36724452612056668,1.3903395738343478,-0.00014529522632865315,0,0,0,0,0,0,-0.36746238132579723,1.3897263113286107,0.00036947320245462023,-0.36724452612056668,1.3903395738343478,-0.00014529522632865315,0,0,0,0,0,0,0,0,0,0,0,0
control,0,397,1985,1990,3970000000,3970000000,0,-1,0.01,1,1,0,0,none,0,0,1,1,-0.089322968943720812,1.3134896566554852e-05,0.56569945018328516,0.99994449833335242,-1.0870903443183452e-05,-0.010535660144617803,1.5135018956644397e-11,3.6714873189072985e-07,-2.8917376359768191e-10,5.8016089974223097e-08,5.1945407025186506e-10,6.4630456553435031e-07,-6.2184228957421347e-11,-1.2960985872626092,2.0929896864243807,-0.0012315702948239599,-1.2961167418723782,2.0929385813109973,0.00048432406301842306,4.0182113628699284e-07,3.9025862427513889e-07,-3.7007707510243766e-08,4.0184109305215425e-07,3.8947829562187663e-07,-3.4203144884592345e-08,-0.36746246473889144,1.3897262288054195,0.00036947293883256348,-0.36724460945159787,1.3903394913365126,-0.00014529550874828269,0.36746246473889144,-1.3897262288054195,-0.00036947293883256348,0.36724460945159787,-1.3903394913365126,0.00014529550874828269,-1.3267204090965414,2.208800254273827,0,-1.3267204090965414,2.208800254273827,0,-0.36746246473889144,1.3897262288054195,0.00036947293883256348,-0.36724460945159787,1.3903394913365126,-0.00014529550874828269,0,0,0,0,0,0,-0.36746246473889144,1.3897262288054195,0.00036947293883256348,-0.36724460945159787,1.3903394913365126,-0.00014529550874828269,0,0,0,0,0,0,0,0,0,0,0,0
control,0,398,1990,1995,3980000000,3980000000,0,-1,0.01,1,1,0,0,none,0,0,1,1,-0.089322965364256879,1.313489444732492e-05,0.56569945074892147,0.99994449836654553,-1.0870901512493904e-05,-0.010535656994249227,1.472317691282488e-11,3.5121124487208833e-07,-1.6102299131232231e-10,5.5498814720532031e-08,2.9946686358458835e-10,6.1826198431955295e-07,-9.8032540122362775e-11,-1.2960985831434704,2.0929896904312826,-0.0012315706012819613,-1.2961167377533596,2.0929385853104243,0.00048432378554555459,4.1971317137771836e-07,4.0860501062295912e-07,-2.9489557711771261e-08,4.1967802699101886e-07,4.0787877416502269e-07,-2.6519264961125677e-08,-0.36746254100660974,1.389726153203017,0.00036947265486247396,-0.36724468563522294,1.3903394157426707,-0.00014529580970041832,0.36746254100660974,-1.389726153203017,-0.00036947265486247396,0.36724468563522294,-1.3903394157426707,0.00014529580970041832,-1.3267204090965414,2.208800254273827,0,-1.3267204090965414,2.208800254273827,0,-0.36746254100660974,1.389726153203017,0.00036947265486247396,-0.36724468563522294,1.3903394157426707,-0.00014529580970041832,0,0,0,0,0,0,-0.36746254100660974,1.389726153203017,0.00036947265486247396,-0.36724468563522294,1.3903394157426707,-0.00014529580970041832,0,0,0,0,0,0,0,0,0,0,0,0
control,0,399,1995,2000,3990000000,3990000000,0,-1,0.01,1,1,0,0,none,0,0,1,1,-0.089322961964046238,1.3134893578170378e-05,0.56569945128624255,0.99994449839807686,-1.0870900657414537e-05,-0.010535654001581945,1.4151862987477137e-11,3.3203127944265383e-07,-3.8300254309701272e-11,5.2469084393859804e-08,8.8520076312247227e-11,5.8451059759658339e-07,-1.3064173563678581e-10,-1.2960985788817982,2.0929896945857607,-0.0012315708357273345,-1.2961167334923323,2.0929385894579982,0.00048432358147487828,4.3138774861622122e-07,4.2083913345714499e-07,-2.2091108867640958e-08,4.3130110708553989e-07,4.2017301916376617e-07,-1.9001544786884615e-08,-0.36746260965854116,1.3897260849980955,0.0003694723552736437,-0.36724475420217079,1.3903393475304171,-0.00014529612436522412,0.36746260965854116,-1.3897260849980955,-0.0003694723552736437,0.36724475420217079,-1.3903393475304171,0.00014529612436522412,-1.3267204090965414,2.208800254273827,0,-1.3267204090965414,2.208800254273827,0,-0.36746260965854116,1.3897260849980955,0.0003694723552736437,-0.36724475420217079,1.3903393475304171,-0.00014529612436522412,0,0,0,0,0,0,-0.36746260965854116,1.3897260849980955,0.0003694723552736437,-0.36724475420217079,1.3903393475304171,-0.00014529612436522412,0,0,0,0,0,0,0,0,0,0,0,0
