scenario,episode,tick,time_s,status,safety_latched,command_accepted,contact_left,contact_right,x,dx,pitch,dtheta,height,zoh_ctrl_max_difference,q0,q1,q2,q3,q4,q5,dq0,dq1,dq2,dq3,dq4,dq5,tau0,tau1,tau2,tau3,tau4,tau5,ctrl0,ctrl1,ctrl2,ctrl3,ctrl4,ctrl5
hold,0,0,0.01,0,0,1,2,2,0,0,0,0,0.31546266611158202,0,-0.96446364670955909,1.6404600368321116,0,-0.9835428589682198,1.6391027017950901,0,-0,-0,-0,-0,-0,-0,-0.1558228810012853,-1.9558769180289441,0,0.15272937105260695,-4.4283698307504933,0,0.1558228810012853,1.9558769180289441,-0,-0.15272937105260695,4.4283698307504933,-0
hold,0,1,0.020000000000000004,0,0,1,2,2,-1.124100812432971e-15,-1.8662841471785151e-13,-2.0244221718706194e-15,-3.3600863611685008e-13,0.31546266611158419,0,-0.96446364670955087,1.6404600368321112,-4.6654857616065507e-15,-0.98354285896822091,1.639102701795085,9.2934061180712725e-15,1.5436743550334155e-12,-3.9149802730907515e-13,-1.1793154421790684e-12,6.3288885753792358e-15,-1.1316101271859002e-12,2.2207295496446432e-12,-0.15582288100289471,-1.9558769180285491,1.3330325242602215e-12,0.1527293710526095,-4.4283698307493209,1.3330325242602215e-12,0.15582288100289471,1.9558769180285491,-1.3330325242602215e-12,-0.1527293710526095,4.4283698307493209,-1.3330325242602215e-12
hold,0,2,0.030000000000000013,0,0,1,2,2,-3.8302694349567901e-15,-3.2695869778298497e-13,-1.603822134288386e-14,-2.1107847819031396e-12,0.31546266611158963,0,-0.96446364670953777,1.6404600368320961,1.3310760901526551e-14,-0.98354285896823113,1.6391027017950603,1.0075064717794861e-13,1.2050997055677903e-12,-2.4140724857904825e-12,3.6299393524080805e-12,-1.6564195045041509e-12,-3.4248769637865863e-12,1.3930346537732611e-11,-0.15582288100266092,-1.9558769180264057,3.7926407507871834e-12,0.15272937105435397,-4.4283698307468304,3.7926407507871834e-12,0.15582288100266092,1.9558769180264057,-3.7926407507871834e-12,-0.15272937105435397,4.4283698307468304,-3.7926407507871834e-12
hold,0,3,0.040000000000000022,0,0,1,2,2,-7.8270723236073536e-15,-4.4795142571750844e-13,-3.5707138983027403e-14,-1.8697055659645757e-12,0.3154626661115984,0,-0.96446364670952534,1.6404600368320563,1.4540482855420004e-13,-0.98354285896825422,1.6391027017950099,3.79106877984245e-13,1.3298995790680179e-12,-5.0325144070874677e-12,1.9418315515905927e-11,-2.696792447354355e-12,-6.1674341470435152e-12,3.7085029534454135e-11,-0.15582288100288522,-1.9558769180234694,5.1025763438597145e-12,0.15272937105557907,-4.4283698307436845,5.1025763438597145e-12,0.15582288100288522,1.9558769180234694,-5.1025763438597145e-12,-0.15272937105557907,4.4283698307436845,-5.1025763438597145e-12
hold,0,4,0.050000000000000031,0,0,1,2,2,-1.2947976024690888e-14,-5.5544711115604786e-13,-4.6782680309644983e-14,-5.9661000910691949e-13,0.31546266611160972,0,-0.9644636467095119,1.6404600368319922,4.6627397905241675e-13,-0.98354285896828775,1.6391027017949336,9.2093630932247797e-13,1.3616102761846594e-12,-7.3715475131698715e-12,4.0371344340945527e-11,-3.7918039195936015e-12,-8.5859855023122046e-12,6.5621844772690885e-11,-0.15582288100302438,-1.955876918020617,5.3515020366043164e-12,0.15272937105694231,-4.4283698307406549,5.3515020366043164e-12,0.15582288100302438,1.955876918020617,-5.3515020366043164e-12,-0.15272937105694231,4.4283698307406549,-5.3515020366043164e-12
hold,0,5,0.060000000000000039,0,0,1,2,2,-1.9192980538207394e-14,-6.6777968735206213e-13,-3.7997593208722713e-14,1.8658127012413364e-12,0.3154626661116231,0,-0.96446364670949369,1.6404600368319076,9.9642331336661023e-13,-0.98354285896832816,1.6391027017948367,1.7520994019405427e-12,2.1330240175882085e-12,-9.15882842259005e-12,6.135554525656607e-11,-4.2426599800561912e-12,-1.0447288190243604e-11,9.4997627809482878e-11,-0.15582288100394145,-1.9558769180181528,4.0973116213015306e-12,0.15272937105771647,-4.4283698307380188,4.0973116213015306e-12,0.15582288100394145,1.9558769180181528,-4.0973116213015306e-12,-0.15272937105771647,4.4283698307380188,-4.0973116213015306e-12
hold,0,6,0.070000000000000048,0,0,1,2,2,-2.6617597015388128e-14,-7.8991443719756608e-13,-5.6605292751294298e-15,4.1496369932369022e-12,0.31546266611163759,0,-0.96446364670946627,1.6404600368318101,1.6978052593725061e-12,-0.98354285896837279,1.6391027017947257,2.8470439059235888e-12,3.1378067125247327e-12,-1.0149390108049421e-11,7.6048654806552638e-11,-4.6870324495455562e-12,-1.151075018631048e-11,1.1964066662326255e-10,-0.15582288100516561,-1.9558769180163824,2.0832870508108814e-12,0.15272937105851789,-4.4283698307360675,2.0832870508108814e-12,0.15582288100516561,1.9558769180163824,-2.0832870508108814e-12,-0.15272937105851789,4.4283698307360675,-2.0832870508108814e-12
hold,0,7,0.080000000000000057,0,0,1,2,2,-3.5346725546503421e-14,-9.281949322575774e-13,4.6613740716403758e-14,5.9501083198179322e-12,0.31546266611165241,0,-0.9644636467094263,1.640460036831707,2.4923910530601258e-12,-0.98354285896842131,1.6391027017946087,4.1471759650757607e-12,4.5360917879598479e-12,-1.0397478639498659e-11,8.1931660828742417e-11,-5.0500876181446762e-12,-1.1853828768615847e-11,1.3765057222428282e-10,-0.15582288100688366,-1.9558769180153102,-3.2024917364091186e-13,0.15272937105926909,-4.4283698307347885,-3.2024917364091186e-13,0.15582288100688366,1.9558769180153102,3.2024917364091186e-13,-0.15272937105926909,4.4283698307347885,3.2024917364091186e-13
hold,0,8,0.090000000000000066,0,0,1,2,2,-4.5560777373054862e-14,-1.0800189110497087e-12,1.1080190910659964e-13,6.7362613881523981e-12,0.31546266611166685,0,-0.96446364670937212,1.6404600368316058,3.2886710876379754e-12,-0.98354285896847515,1.6391027017944921,5.5849362926352957e-12,5.973958645163192e-12,-9.9968764973164784e-12,7.8401545556758832e-11,-5.7416045315937239e-12,-1.1569440005268628e-11,1.4877030254065954e-10,-0.15582288100875497,-1.9558769180149007,-2.4760111788753512e-12,0.15272937106039136,-4.4283698307341401,-2.4760111788753512e-12,0.15582288100875497,1.9558769180149007,2.4760111788753512e-12,-0.15272937106039136,4.4283698307341401,2.4760111788753512e-12
hold,0,9,0.10000000000000007,0,0,1,2,2,-5.7343019221889335e-14,-1.2426436893384204e-12,1.7809676363211568e-13,6.7290432378121981e-12,0.31546266611168022,0,-0.96446364670930296,1.6404600368315108,4.0054557066338032e-12,-0.98354285896853777,1.6391027017943807,7.1053661486652454e-12,7.4909016777782566e-12,-9.154645614387122e-12,6.7561568486913287e-11,-6.7375757784681975e-12,-1.0872949164226641e-11,1.5523736624534124e-10,-0.15582288101082523,-1.9558769180149826,-4.1902513256350915e-12,0.15272937106188827,-4.4283698307339447,-4.1902513256350915e-12,0.15582288101082523,1.9558769180149826,4.1902513256350915e-12,-0.15272937106188827,4.4283698307339447,4.1902513256350915e-12
hold,0,10,0.11000000000000008,0,0,1,2,2,-7.0790595607661544e-14,-1.4102834979725342e-12,2.4170079207894029e-13,6.1195502248685633e-12,0.31546266611169227,0,-0.96446364670921869,1.6404600368314259,4.5861287852915074e-12,-0.98354285896861271,1.6391027017942774,8.6783467124365117e-12,8.9821164420805192e-12,-8.0641605269898259e-12,5.2109120273495829e-11,-8.1328635822409482e-12,-9.9719140699749048e-12,1.5974970166431815e-10,-0.15582288101299058,-1.9558769180153945,-5.3466958988039852e-12,0.15272937106388307,-4.4283698307340202,-5.3466958988039852e-12,0.15582288101299058,1.9558769180153945,5.3466958988039852e-12,-0.15272937106388307,4.4283698307340202,5.3466958988039852e-12
hold,0,11,0.12000000000000009,0,0,1,2,2,-8.5917384318179302e-14,-1.5786213444453618e-12,2.9807618539824099e-13,5.3209076423721334e-12,0.31546266611170298,0,-0.96446364670911933,1.640460036831352,5.0021139510264223e-12,-0.9835428589687033,1.639102701794183,1.0301814150189077e-11,1.0537417728437504e-11,-6.9305906512372342e-12,3.4924994305538134e-11,-9.8291942757781824e-12,-9.07593220359668e-12,1.6515684352106645e-10,-0.15582288101534078,-1.9558769180159365,-6.0896994395755665e-12,0.15272937106630416,-4.4283698307341606,-6.0896994395755665e-12,0.15582288101534078,1.9558769180159365,6.0896994395755665e-12,-0.15272937106630416,4.4283698307341606,6.0896994395755665e-12
hold,0,12,0.13000000000000009,0,0,1,2,2,-1.0272338535344261e-13,-1.7440876975391368e-12,3.4685242688210051e-13,4.5863054343316243e-12,0.31546266611171236,0,-0.96446364670900397,1.6404600368312892,5.2475690003722388e-12,-0.98354285896881266,1.6391027017940973,1.1996036321277328e-11,1.2157556348221933e-11,-5.8377436689682093e-12,1.7904094722262916e-11,-1.1825361015864786e-11,-8.2704299612419422e-12,1.7336341991814804e-10,-0.15582288101788375,-1.9558769180165267,-6.5839027348471294e-12,0.1527293710691752,-4.4283698307342805,-6.5839027348471294e-12,0.15582288101788375,1.9558769180165267,6.5839027348471294e-12,-0.1527293710691752,4.4283698307342805,6.5839027348471294e-12
hold,0,13,0.1400000000000001,0,0,1,2,2,-1.2115308756222021e-13,-1.9059187156124695e-12,3.9020055634732263e-13,4.1717908653773401e-12,0.31546266611172047,0,-0.96446364670887141,1.640460036831237,5.3298770787413099e-12,-0.983542858968943,1.6391027017940187,1.3795434725831107e-11,1.3970971409006473e-11,-4.8310334244765431e-12,1.9892910410889599e-12,-1.4003713093062051e-11,-7.6131041826728655e-12,1.8544612846192925e-10,-0.15582288102075764,-1.9558769180171161,-7.0806903814321565e-12,0.15272937107239626,-4.4283698307343089,-7.0806903814321565e-12,0.15582288102075764,1.9558769180171161,7.0806903814321565e-12,-0.15272937107239626,4.4283698307343089,7.0806903814321565e-12
hold,0,14,0.15000000000000011,0,0,1,2,2,-1.4116485758108865e-13,-2.064275837050579e-12,4.3143415086688032e-13,4.096223024520441e-12,0.31546266611172752,0,-0.96446364670871931,1.6404600368311941,5.2586454658434715e-12,-0.9835428589690961,1.6391027017939459,1.5738894337581772e-11,1.6025014673260679e-11,-3.9103605515438573e-12,-1.3042868449994224e-11,-1.6358216652783394e-11,-7.1009402293818883e-12,2.0144724828478014e-10,-0.1558228810240285,-1.9558769180176938,-7.72204471357662e-12,0.15272937107597556,-4.4283698307342387,-7.72204471357662e-12,0.1558228810240285,1.9558769180176938,7.72204471357662e-12,-0.15272937107597556,4.4283698307342387,7.72204471357662e-12
hold,0,15,0.16000000000000011,0,0,1,2,2,-1.6275869541004795e-13,-2.2206053938099958e-12,4.737040973004332e-13,4.3199426473954887e-12,0.31546266611173351,0,-0.96446364670854479,1.6404600368311604,5.0377189722064344e-12,-0.98354285896927374,1.6391027017938775,1.7862341961912561e-11,1.8387512823280148e-11,-3.0479296387973804e-12,-2.8008863944170775e-11,-1.8886544695744141e-11,-6.6811738015894611e-12,2.2087229993492564e-10,-0.15582288102778721,-1.9558769180182862,-8.5994062049462939e-12,0.15272937107992496,-4.4283698307341117,-8.5994062049462939e-12,0.15582288102778721,1.9558769180182862,8.5994062049462939e-12,-0.15272937107992496,4.4283698307341117,8.5994062049462939e-12
hold,0,16,0.17000000000000012,0,0,1,2,2,-1.8592072326129028e-13,-2.3765539947615576e-12,5.1926051704339588e-13,4.7184345331499694e-12,0.31546266611173845,0,-0.96446364670834472,1.6404600368311351,4.6607725782432023e-12,-0.98354285896947791,1.6391027017938131,2.0195736713400242e-11,2.1066939398555851e-11,-2.1705056834069853e-12,-4.4066662435036691e-11,-2.1633086394695713e-11,-6.3062432626997385e-12,2.4303217249999607e-10,-0.15582288103206712,-1.9558769180189612,-9.714133705602355e-12,0.15272937108430487,-4.4283698307339714,-9.714133705602355e-12,0.15582288103206712,1.9558769180189612,9.714133705602355e-12,-0.15272937108430487,4.4283698307339714,9.714133705602355e-12
hold,0,17,0.18000000000000013,0,0,1,2,2,-2.1063706334700782e-13,-2.5337082020495729e-12,5.6927553609045306e-13,5.1966852577186507e-12,0.31546266611174262,0,-0.9644636467081158,1.6404600368311191,4.1107581057059176e-12,-0.98354285896971083,1.6391027017937518,2.2763412116665705e-11,2.4127306942439145e-11,-1.2770277531964476e-12,-6.2216599259885997e-11,-2.4609608191060012e-11,-5.9798168057187318e-12,2.6745181094337988e-10,-0.15582288103695893,-1.9558769180197269,-1.1043915712835633e-11,0.15272937108914481,-4.4283698307338071,-1.1043915712835633e-11,0.15582288103695893,1.9558769180197269,1.1043915712835633e-11,-0.15272937108914481,4.4283698307338071,1.1043915712835633e-11
hold,0,18,0.19000000000000014,0,0,1,2,2,-2.3694934903062403e-13,-2.6923852775808929e-12,6.2365865489800643e-13,5.6060714481867783e-12,0.31546266611174573,0,-0.96446364670785412,1.640460036831112,3.3618496493890379e-12,-0.98354285896997551,1.6391027017936941,2.5586232186785695e-11,2.7516850072884047e-11,-3.1437013212448761e-13,-8.3291607186286148e-11,-2.7942187863602507e-11,-5.6642911374328139e-12,2.9385945780409534e-10,-0.15582288104244191,-1.9558769180206326,-1.2489710857118928e-11,0.15272937109459478,-4.4283698307336614,-1.2489710857118928e-11,0.15582288104244191,1.9558769180206326,1.2489710857118928e-11,-0.15272937109459478,4.4283698307336614,1.2489710857118928e-11
hold,0,19,0.20000000000000015,0,0,1,2,2,-2.6485758031213891e-13,-2.8531344774893679e-12,6.8177631152236162e-13,5.9562289301242568e-12,0.31546266611174772,0,-0.96446364670755624,1.6404600368311151,2.3827924095800072e-12,-0.98354285897027571,1.6391027017936395,2.8685577402698444e-11,3.1307091986615857e-11,7.0501372937342463e-13,-1.0762401592417449e-10,-3.1654113928122294e-11,-5.3612168664048021e-12,3.2249937082115963e-10,-0.15582288104861514,-1.9558769180216768,-1.4029505608799107e-11,0.15272937110070836,-4.4283698307335273,-1.4029505608799107e-11,0.15582288104861514,1.9558769180216768,1.4029505608799107e-11,-0.15272937110070836,4.4283698307335273,1.4029505608799107e-11
hold,0,20,0.21000000000000016,0,0,1,2,2,-2.9437563497936026e-13,-3.015475531936541e-12,7.428967606665839e-13,6.224010039349692e-12,0.31546266611174878,0,-0.96446364670721807,1.6404600368311288,1.1397920737998136e-12,-0.98354285897061544,1.6391027017935877,3.2085838267026397e-11,3.5507420593691054e-11,1.78014022818744e-12,-1.3542364598615559e-10,-3.5820815417054084e-11,-5.0798312784465988e-12,3.5376068155396146e-10,-0.15582288105552086,-1.9558769180228621,-1.5622452817105378e-11,0.15272937110759288,-4.428369830733395,-1.5622452817105378e-11,0.15582288105552086,1.9558769180228621,1.5622452817105378e-11,-0.15272937110759288,4.428369830733395,1.5622452817105378e-11
hold,0,21,0.22000000000000017,0,0,1,2,2,-3.2554514639571153e-13,-3.1789177392585467e-12,8.0644158653024509e-13,6.4498470157030513e-12,0.31546266611174878,0,-0.96446364670683504,1.6404600368311533,-4.0197967935237355e-13,-0.9835428589709998,1.6391027017935387,3.5817224251955549e-11,4.0167646085567291e-11,2.9031023565022287e-12,-1.6673226230708881e-10,-4.0483316070540224e-11,-4.8481388001203391e-12,3.8829772629035625e-10,-0.15582288106324529,-1.9558769180241804,-1.7273770692506843e-11,0.15272937111533025,-4.4283698307332333,-1.7273770692506843e-11,0.15582288106324529,1.9558769180241804,1.7273770692506843e-11,-0.15272937111533025,4.4283698307332333,1.7273770692506843e-11
hold,0,22,0.23000000000000018,0,0,1,2,2,-3.5833835898557709e-13,-3.3426761945375378e-12,8.7218533314534248e-13,6.6667988703466454e-12,0.31546266611174772,0,-0.9644636467064025,1.6404600368311892,-2.2779275058265156e-12,-0.98354285897143368,1.6391027017934912,3.991645787522524e-11,4.5344153206466273e-11,4.0465785531081593e-12,-2.0160442782948171e-10,-4.5691897963384026e-11,-4.7007747213227656e-12,4.2679601670210448e-10,-0.15582288107188214,-1.9558769180256117,-1.899981719201771e-11,0.15272937112400983,-4.4283698307330006,-1.899981719201771e-11,0.15582288107188214,1.9558769180256117,1.899981719201771e-11,-0.15272937112400983,4.4283698307330006,1.899981719201771e-11
hold,0,23,0.24000000000000019,0,0,1,2,2,-3.9276915053676476e-13,-3.5060708169553457e-12,9.4023309252748329e-13,6.907564318926847e-12,0.31546266611174578,0,-0.96446364670591478,1.6404600368312368,-4.5245972443031727e-12,-0.98354285897192328,1.6391027017934447,4.4427034801413299e-11,5.1090860752832747e-11,5.2093219923721065e-12,-2.4020086036951426e-10,-5.1513237620061198e-11,-4.6452972810663019e-12,4.6992502038116544e-10,-0.15582288108153061,-1.9558769180271547,-2.08290742684676e-11,0.15272937113374804,-4.4283698307326853,-2.08290742684676e-11,0.15582288108153061,1.9558769180271547,2.08290742684676e-11,-0.15272937113374804,4.4283698307326853,2.08290742684676e-11
hold,0,24,0.25000000000000017,0,0,1,2,2,-4.2883752104927453e-13,-3.6687470709344138e-12,1.0110997195690339e-12,7.2180208452611873e-12,0.31546266611174284,0,-0.96446364670536577,1.6404600368312963,-7.1810364240950412e-12,-0.98354285897247495,1.6391027017933983,4.9398761257282808e-11,5.7479771519100989e-11,6.4175517380386097e-12,-2.8283502537295981e-10,-5.8000052750979621e-11,-4.6798483491484353e-12,5.1830629195999615e-10,-0.15582288109231157,-1.9558769180288389,-2.2812736878931396e-11,0.15272937114464821,-4.4283698307322794,-2.2812736878931396e-11,0.15582288109231157,1.9558769180288389,2.2812736878931396e-11,-0.15272937114464821,4.4283698307322794,2.2812736878931396e-11
hold,0,25,0.26000000000000018,0,0,1,2,2,-4.6651571494749078e-13,-3.8305647978515568e-12,1.085660200937423e-12,7.6270483657252069e-12,0.3154626661117389,0,-0.9644636467047486,1.640460036831368,-1.0290764146326312e-11,-0.98354285897309546,1.639102701793351,5.488741845739202e-11,6.4609879257831614e-11,7.6815495805324051e-12,-3.3003312171801199e-10,-6.5201672849478921e-11,-4.8154817872870137e-12,5.7249714872306067e-10,-0.15582288110437906,-1.9558769180306768,-2.5004411547030198e-11,0.15272937115681387,-4.4283698307317652,-2.5004411547030198e-11,0.15582288110437906,1.9558769180306768,2.5004411547030198e-11,-0.15272937115681387,4.4283698307317652,2.5004411547030198e-11
hold,0,26,0.27000000000000018,0,0,1,2,2,-5.0581761001922132e-13,-3.9912604669367407e-12,1.1647639781509879e-12,8.1126002896835457e-12,0.3154626661117339,0,-0.96446364670405527,1.6404600368314528,-1.3903695081247089e-11,-0.98354285897379246,1.639102701793302,6.0953259272595608e-11,7.2556998769510813e-11,9.0161101856010491e-12,-3.8251614028574971e-10,-7.3227883543966393e-11,-5.0157129348084293e-12,6.3290808333610778e-10,-0.15582288111787285,-1.9558769180326898,-2.7425194270541798e-11,0.15272937117041607,-4.4283698307311727,-2.7425194270541798e-11,0.15582288111787285,1.9558769180326898,2.7425194270541798e-11,-0.15272937117041607,4.4283698307311727,2.7425194270541798e-11
hold,0,27,0.28000000000000019,0,0,1,2,2,-5.4671545068885052e-13,-4.1507907984951347e-12,1.2492160742349191e-12,8.6825502438645378e-12,0.31546266611172796,0,-0.964463646703277,1.6404600368315516,-1.8077385374452424e-11,-0.98354285897457472,1.6391027017932505,6.7661683202239195e-11,8.1428655886416169e-11,1.0448122395064493e-11,-4.4107123106095375e-10,-8.2137145674409052e-11,-5.3086335254537677e-12,7.0010316614627177e-10,-0.15582288113297066,-1.9558769180349123,-3.0112162708739736e-11,0.15272937118558344,-4.4283698307304675,-3.0112162708739736e-11,0.15582288113297066,1.9558769180349123,3.0112162708739736e-11,-0.15272937118558344,4.4283698307304675,3.0112162708739736e-11
hold,0,28,0.2900000000000002,0,0,1,2,2,-5.892231147441862e-13,-4.3086723214452618e-12,1.3396445104765118e-12,9.3002182413107305e-12,0.31546266611172108,0,-0.96446364670240392,1.6404600368316655,-2.2877925970873993e-11,-0.98354285897545202,1.6391027017931954,7.5083617662430677e-11,9.1315722917205768e-11,1.1987567891565361e-11,-5.0659105709223161e-10,-9.2057211935679983e-11,-5.6870685114082184e-12,7.7465239838726359e-10,-0.15582288114984236,-1.955876918037363,-3.3069676664143891e-11,0.15272937120252189,-4.4283698307296486,-3.3069676664143891e-11,0.15582288114984236,1.955876918037363,3.3069676664143891e-11,-0.15272937120252189,4.4283698307296486,3.3069676664143891e-11
hold,0,29,0.30000000000000021,0,0,1,2,2,-6.3328509103399711e-13,-4.4643236008519376e-12,1.4365079206377991e-12,9.962476366185784e-12,0.31546266611171325,0,-0.96446364670142537,1.6404600368317954,-2.8379842098480171e-11,-0.98354285897643456,1.6391027017931359,8.329729353570563e-11,1.0234406457872024e-10,1.3627422833923649e-11,-5.7990884947904244e-10,-1.0308400411007125e-10,-6.1983064126504156e-12,8.57379911932187e-10,-0.15582288116869911,-1.9558769180400419,-3.6317279992288716e-11,0.15272937122140906,-4.428369830728661,-3.6317279992288716e-11,0.15582288116869911,1.9558769180400419,3.6317279992288716e-11,-0.15272937122140906,4.428369830728661,3.6317279992288716e-11
hold,0,30,0.31000000000000022,0,0,1,2,2,-6.7888750177047541e-13,-4.6165572212392208e-12,1.5400303965554348e-12,1.0633843477808097e-11,0.31546266611170432,0,-0.96446364670032936,1.6404600368319424,-3.4666608612731081e-11,-0.9835428589775348,1.6391027017930708,9.2389152958198337e-11,1.145778909583649e-10,1.5425622833172193e-11,-6.6196422814997032e-10,-1.1542116727164771e-10,-6.7823117965497245e-12,9.4910909139441736e-10,-0.15582288118970103,-1.9558769180430162,-3.9848130043980621e-11,0.15272937124254807,-4.428369830727557,-3.9848130043980621e-11,0.15582288118970103,1.9558769180430162,3.9848130043980621e-11,-0.15272937124254807,4.428369830727557,3.9848130043980621e-11
hold,0,31,0.32000000000000023,0,0,1,2,2,-7.2600259137800549e-13,-4.76519177632409e-12,1.650936998495943e-12,1.1419409678168511e-11,0.31546266611169427,0,-0.96446364669910245,1.6404600368321085,-4.1830742737652226e-11,-0.98354285897876603,1.6391027017929991,1.0245589333131607e-10,1.2825135443124489e-10,1.7376926089124448e-11,-7.5361645586647154e-10,-1.2910366990231605e-10,-7.4983679000719854e-12,1.051012150483701e-09,-0.15582288121318974,-1.9558769180462963,-4.3758125914117918e-11,0.15272937126608047,-4.4283698307262673,-4.3758125914117918e-11,0.15582288121318974,1.9558769180462963,4.3758125914117918e-11,-0.15272937126608047,4.4283698307262673,4.3758125914117918e-11
hold,0,32,0.33000000000000024,0,0,1,2,2,-7.7457484870535609e-13,-4.9084252206776683e-12,1.7698256890901292e-12,1.2228942612143341e-11,0.31546266611168294,0,-0.96446364669772999,1.6404600368322952,-4.9975596135611902e-11,-0.98354285898014315,1.6391027017929196,1.1360468761480696e-10,1.4342433283077743e-10,1.9532319418499869e-11,-8.561122139076623e-10,-1.4438673162329169e-10,-8.323465020246619e-12,1.1640573494061912e-09,-0.15582288123934238,-1.9558769180499456,-4.8024260444422122e-11,0.15272937129238048,-4.4283698307248063,-4.8024260444422122e-11,0.15582288123934238,1.9558769180499456,4.8024260444422122e-11,-0.15272937129238048,4.4283698307248063,4.8024260444422122e-11
hold,0,33,0.34000000000000025,0,0,1,2,2,-8.2454876260129595e-13,-5.0457824479661839e-12,1.897549000963318e-12,1.3164073053664662e-11,0.31546266611167029,0,-0.96446364669619533,1.6404600368325046,-5.9216073048468058e-11,-0.98354285898168259,1.6391027017928315,1.2595448738563432e-10,1.6036017351659962e-10,2.189105954219444e-11,-9.7055387748465133e-10,-1.6137113803138748e-10,-9.2614310348053378e-12,1.289571388318102e-09,-0.15582288126855551,-1.9558769180539795,-5.2747005071742688e-11,0.15272937132168038,-4.4283698307231631,-5.2747005071742688e-11,0.15582288126855551,1.9558769180539795,5.2747005071742688e-11,-0.15272937132168038,4.4283698307231631,5.2747005071742688e-11
hold,0,34,0.35000000000000026,0,0,1,2,2,-8.7585494412678599e-13,-5.1754919481515903e-12,2.0350216042626314e-12,1.4168779560794479e-11,0.3154626661116563,0,-0.96446364669448026,1.6404600368327393,-6.968058182173773e-11,-0.98354285898340299,1.6391027017927331,1.3963710078477476e-10,1.7919504798100317e-10,2.4497421656594897e-11,-1.0984444311011185e-09,-1.8029078902618817e-10,-1.0335349492988601e-11,1.4288155377870328e-09,-0.15582288130111097,-1.9558769180584634,-5.7937273857973967e-11,0.15272937135436324,-4.4283698307213015,-5.7937273857973967e-11,0.15582288130111097,1.9558769180584634,5.7937273857973967e-11,-0.15272937135436324,4.4283698307213015,5.7937273857973967e-11
hold,0,35,0.36000000000000026,0,0,1,2,2,-9.2842400434278716e-13,-5.2962031639574993e-12,2.1831741181330554e-12,1.5283093244994761e-11,0.31546266611164081,0,-0.96446364669256401,1.6404600368330016,-8.1512313497108376e-11,-0.98354285898532445,1.639102701792623,1.5479868985561077e-10,2.0018236848853623e-10,2.7356473959305105e-11,-1.2412589803202739e-09,-2.0132278167703589e-10,-1.1582440247791643e-11,1.5833601964010834e-09,-0.15582288133742825,-1.9558769180634203,-6.3664747765274878e-11,0.15272937139076695,-4.4283698307191735,-6.3664747765274878e-11,0.15582288133742825,1.9558769180634203,6.3664747765274878e-11,-0.15272937139076695,4.4283698307191735,6.3664747765274878e-11
hold,0,36,0.37000000000000027,0,0,1,2,2,-9.821310431590291e-13,-5.4057106376957647e-12,2.3428863400277277e-12,1.6470364389743057e-11,0.3154626661116236,0,-0.96446364669042395,1.6404600368332942,-9.4870875423908323e-11,-0.98354285898746996,1.6391027017924995,1.7160126026210229e-10,2.2350546359512335e-10,3.052472097874962e-11,-1.400751076708382e-09,-2.2477310457740402e-10,-1.2967428435056247e-11,1.7547941063494427e-09,-0.15582288137787187,-1.9558769180689297,-6.9953737857614119e-11,0.15272937143138132,-4.4283698307168011,-6.9953737857614119e-11,0.15582288137787187,1.9558769180689297,6.9953737857614119e-11,-0.15272937143138132,4.4283698307168011,6.9953737857614119e-11
hold,0,37,0.38000000000000028,0,0,1,2,2,-1.0368650382730493e-12,-5.5025413257869239e-12,2.5153813439513594e-12,1.7814660130740519e-11,0.31546266611160467,0,-0.96446364668803497,1.6404600368336206,-1.0993356102744956e-10,-0.98354285898986449,1.6391027017923612,1.9022496772570488e-10,2.4950658606466446e-10,3.4004427842614887e-11,-1.5786949874330898e-09,-2.508124930760149e-10,-1.4569043981597388e-11,1.9451152235486212e-09,-0.15582288142298481,-1.9558769180750206,-7.691400749531225e-11,0.15272937147657692,-4.4283698307140931,-7.691400749531225e-11,0.15582288142298481,1.9558769180750206,7.691400749531225e-11,-0.15272937147657692,4.4283698307140931,7.691400749531225e-11
hold,0,38,0.39000000000000029,0,0,1,2,2,-1.0925010895945775e-12,-5.5835391562195227e-12,2.7017438821307775e-12,1.9234852522668882e-11,0.31546266611158369,0,-0.9644636466853691,1.6404600368339839,-1.2689799893509399e-10,-0.98354285899253646,1.6391027017922057,2.1086969025390167e-10,2.7838101682882333e-10,3.7869835122535941e-11,-1.7773095057637901e-09,-2.7984093227302604e-10,-1.6359524403134884e-11,2.1562617797930425e-09,-0.15582288147318618,-1.9558769180817923,-8.4555246152443906e-11,0.15272937152698116,-4.4283698307110591,-8.4555246152443906e-11,0.15582288147318618,1.9558769180817923,8.4555246152443906e-11,-0.15272937152698116,4.4283698307110591,8.4555246152443906e-11
hold,0,39,0.4000000000000003,0,0,1,2,2,-1.1488310303064964e-12,-5.6469333490683555e-12,2.9034531236310305e-12,2.0851405205205904e-11,0.31546266611156071,0,-0.96446364668239482,1.6404600368343885,-1.4598384024594821e-10,-0.98354285899551686,1.6391027017920312,2.3375743466771222e-10,3.1054953007091218e-10,4.2151449608930624e-11,-1.9987899600187465e-09,-3.12090278257465e-10,-1.8372348965626509e-11,2.3906591284678007e-09,-0.155822881529149,-1.9558769180893103,-9.3022191337930342e-11,0.15272937158307365,-4.4283698307076502,-9.3022191337930342e-11,0.155822881529149,1.9558769180893103,9.3022191337930342e-11,-0.15272937158307365,4.4283698307076502,9.3022191337930342e-11
hold,0,40,0.41000000000000031,0,0,1,2,2,-1.2056883269551122e-12,-5.6892204591249704e-12,3.1220599529115543e-12,2.2596896428270907e-11,0.31546266611153528,0,-0.96446364667907769,1.6404600368348385,-1.6743579027100518e-10,-0.9835428589988402,1.6391027017918351,2.5913433545549258e-10,3.4632011273858441e-10,4.6883452570643328e-11,-2.2458433721055582e-09,-3.4798054370787737e-10,-2.0637766662724808e-11,2.6507247184923013e-09,-0.15582288159145657,-1.955876918097643,-1.0235362915188647e-10,0.15272937164555064,-4.428369830703816,-1.0235362915188647e-10,0.15582288159145657,1.955876918097643,1.0235362915188647e-10,-0.15272937164555064,4.428369830703816,1.0235362915188647e-10
hold,0,41,0.42000000000000032,0,0,1,2,2,-1.2628509349354999e-12,-5.7071246948837376e-12,3.3590999477200686e-12,2.4512573080200479e-11,0.31546266611150731,0,-0.96446364667537932,1.640460036835339,-1.9152630337541093e-10,-0.98354285900254546,1.6391027017916151,2.8727326767120417e-10,3.8609994826688066e-10,5.2138807752395656e-11,-2.5213039907628187e-09,-3.8790643514761979e-10,-2.3166908444653017e-11,2.9393195637269874e-09,-0.15582288166082342,-1.9558769181069022,-1.1265506012396854e-10,0.15272937171511861,-4.4283698306995261,-1.1265506012396854e-10,0.15582288166082342,1.9558769181069022,1.1265506012396854e-10,-0.15272937171511861,4.4283698306995261,1.1265506012396854e-10
hold,0,42,0.43000000000000033,0,0,1,2,2,-1.3200274207036955e-12,-5.6970545262389579e-12,3.6165202851433154e-12,2.6640404101153783e-11,0.3154626661114765,0,-0.9644636466712565,1.6404600368358957,-2.1855836463932237e-10,-0.98354285900667504,1.639102701791368,3.1847737879618362e-10,4.3036283815985001e-10,5.7970530462362798e-11,-2.8283649572083623e-09,-4.3228564214730248e-10,-2.6000516289520664e-11,3.2595950505147184e-09,-0.1558228817380688,-1.9558769181171873,-1.240506576650435e-10,0.15272937179253451,-4.4283698306947157,-1.240506576650435e-10,0.1558228817380688,1.9558769181171873,1.240506576650435e-10,-0.15272937179253451,4.4283698306947157,1.240506576650435e-10
hold,0,43,0.44000000000000034,0,0,1,2,2,-1.3769263507157348e-12,-5.6544612263094839e-12,3.8962890820391035e-12,2.8954679086778714e-11,0.31546266611144252,0,-0.96446364666666207,1.6404600368365143,-2.4886926618653504e-10,-0.98354285901127669,1.6391027017910906,3.5308260704000519e-10,4.7957434829425366e-10,6.443424746206121e-11,-3.170628401918433e-09,-4.8165214398782657e-10,-2.9165632967895111e-11,3.6149526419535438e-09,-0.15582288182403581,-1.9558769181286,-1.3662813339220355e-10,0.15272937187871422,-4.4283698306893315,-1.3662813339220355e-10,0.15582288182403581,1.9558769181286,1.3662813339220355e-10,-0.15272937187871422,4.4283698306893315,1.3662813339220355e-10
hold,0,44,0.45000000000000034,0,0,1,2,2,-1.4332146580642302e-12,-5.5746352282076087e-12,4.2005558573882553e-12,3.1505601733218559e-11,0.31546266611140522,0,-0.96446364666154283,1.640460036837202,-2.8283401735147859e-10,-0.98354285901640315,1.6391027017907795,3.9146217460942996e-10,5.3430776687102233e-10,7.1597846777520606e-11,-3.5519813369691016e-09,-5.3652745717165872e-10,-3.2719135741018445e-11,4.0093371413741404e-09,-0.15582288191972313,-1.955876918141265,-1.5053117994254275e-10,0.15272937197460118,-4.4283698306832902,-1.5053117994254275e-10,0.15582288191972313,1.955876918141265,1.5053117994254275e-10,-0.15272937197460118,4.4283698306832902,1.5053117994254275e-10
hold,0,45,0.46000000000000035,0,0,1,2,2,-1.4884621313271396e-12,-5.4519194225516505e-12,4.5316706703954824e-12,3.4290289363119407e-11,0.31546266611136398,0,-0.96446364665584028,1.640460036837966,-3.2086943486965191e-10,-0.98354285902211314,1.6391027017904305,4.3403043136719059e-10,5.9513905017096601e-10,7.9557381985000549e-11,-3.9768196168357892e-09,-5.9756238092965661e-10,-3.6677531133267359e-11,4.44699906265909e-09,-0.15582288202617481,-1.955876918155337,-1.658835424375669e-10,0.15272937208131601,-4.4283698306765391,-1.658835424375669e-10,0.15582288202617481,1.955876918155337,1.658835424375669e-10,-0.15272937208131601,4.4283698306765391,1.658835424375669e-10
hold,0,46,0.47000000000000036,0,0,1,2,2,-1.542210803506805e-12,-5.2804810960136639e-12,4.8923902869775798e-12,3.7380761307799235e-11,0.31546266611131862,0,-0.96446364664948914,1.6404600368388147,-3.6343880613534147e-10,-0.98354285902847205,1.6391027017900397,4.8124734900488182e-10,6.6279618215346274e-10,8.8379786887033284e-11,-4.4499369207339156e-09,-6.6539797630720921e-10,-4.1089810576528031e-11,4.9327514190673043e-09,-0.15582288214464107,-1.9558769181709486,-1.8287325044267815e-10,0.15272937220002292,-4.4283698306690003,-1.8287325044267815e-10,0.15582288214464107,1.9558769181709486,1.8287325044267815e-10,-0.15272937220002292,4.4283698306690003,1.8287325044267815e-10
hold,0,47,0.48000000000000037,0,0,1,2,2,-1.5939333186665294e-12,-5.0532238733821498e-12,5.2857028113454392e-12,4.0766296694099439e-11,0.31546266611126866,0,-0.96446364664241679,1.6404600368397579,-4.1105721804895447e-10,-0.98354285903555216,1.6391027017896018,5.3362336586924633e-10,7.3798542963986124e-10,9.8191076387761553e-11,-4.9768109870500522e-09,-7.4081823796772513e-10,-4.6010999109288052e-11,5.4718250037628469e-09,-0.15582288227640906,-1.9558769181883058,-2.0165260818374512e-10,0.15272937233208408,-4.4283698306605759,-2.0165260818374512e-10,0.15582288227640906,1.9558769181883058,2.0165260818374512e-10,-0.15272937233208408,4.4283698306605759,2.0165260818374512e-10
hold,0,48,0.49000000000000038,0,0,1,2,2,-1.6430468097183848e-12,-4.7627211321913139e-12,5.7149410425920763e-12,4.4512050179611715e-11,0.31546266611121365,0,-0.96446364663454309,1.6404600368408053,-4.6429734857618179e-10,-0.98354285904343386,1.6391027017891115,5.9172537192730181e-10,8.2159288582350812e-10,1.0906037220018841e-10,-5.563372756772052e-09,-8.2462308281762756e-10,-5.1522727539186229e-11,6.0701614640059579e-09,-0.15582288242300613,-1.9558769182075542,-2.2243730974712199e-10,0.1527293724789425,-4.4283698306511425,-2.2243730974712199e-10,0.15582288242300613,1.9558769182075542,2.2243730974712199e-10,-0.1527293724789425,4.4283698306511425,2.2243730974712199e-10
hold,0,49,0.50000000000000033,0,0,1,2,2,-1.6888435094841725e-12,-4.3999134383437593e-12,6.1836063737866764e-12,4.8603207165453637e-11,0.31546266611115298,0,-0.96446364662577855,1.6404600368419686,-5.2379570704278972e-10,-0.98354285905220684,1.6391027017885627,6.5618234360060304e-10,9.1449114719930838e-10,1.2112756385510103e-10,-6.2163312204205868e-09,-9.1781037308569517e-10,-5.7647605567868676e-11,6.7341945169470879e-09,-0.15582288258602076,-1.9558769182289277,-2.4540880697418356e-10,0.15272937264231365,-4.4283698306406265,-2.4540880697418356e-10,0.15582288258602076,1.9558769182289277,2.4540880697418356e-10,-0.15272937264231365,4.4283698306406265,2.4540880697418356e-10
hold,0,50,0.51000000000000034,0,0,1,2,2,-1.7305740174222706e-12,-3.9556529663857053e-12,6.6958080153503691e-12,5.3149697891849455e-11,0.31546266611108614,0,-0.96446364661602368,1.6404600368432605,-5.9025943974807281e-10,-0.98354285906197003,1.6391027017879485,7.2769298851127205e-10,1.0177750477971188e-09,1.3451449089340219e-10,-6.9429899585960086e-09,-1.0213355821928036e-09,-6.449967123343278e-11,7.4712930493345939e-09,-0.15582288276734357,-1.9558769182526494,-2.7085171859947105e-10,0.15272937282394436,-4.4283698306288608,-2.7085171859947105e-10,0.15582288276734357,1.9558769182526494,2.7085171859947105e-10,-0.15272937282394436,4.4283698306288608,2.7085171859947105e-10
hold,0,51,0.52000000000000035,0,0,1,2,2,-1.7673501551129789e-12,-3.4185854392932602e-12,7.255918555491024e-12,5.8125117422287893e-11,0.31546266611101237,0,-0.96446364660516837,1.6404600368446953,-6.6447466859678043e-10,-0.9835428590728339,1.6391027017872615,8.0703278601834221e-10,1.1325182266729604e-09,1.4939316985483282e-10,-7.7516622008468464e-09,-1.1364293537831014e-09,-7.2115746536826342e-11,8.2893744215097921e-09,-0.15582288296892927,-1.955876918279007,-2.9898790659512811e-10,0.15272937302594908,-4.4283698306157486,-2.9898790659512811e-10,0.15582288296892927,1.955876918279007,2.9898790659512811e-10,-0.15272937302594908,4.4283698306157486,2.9898790659512811e-10
hold,0,52,0.53000000000000036,0,0,1,2,2,-1.7981727218341348e-12,-2.7773471714136927e-12,7.8689975393863186e-12,6.3658984815665959e-11,0.31546266611093093,0,-0.96446364659308992,1.6404600368462887,-7.4731497107827314e-10,-0.98354285908492112,1.6391027017864936,8.9506233347755306e-10,1.2600691430982954e-09,1.6591465930297802e-10,-8.6513887788141499e-09,-1.2642951327019006e-09,-8.0585622897400294e-11,9.1974251784042062e-09,-0.15582288319310778,-1.9558769183082756,-3.3016492206996708e-10,0.15272937325051261,-4.4283698306011363,-3.3016492206996708e-10,0.15582288319310778,1.9558769183082756,3.3016492206996708e-10,-0.15272937325051261,4.4283698306011363,3.3016492206996708e-10
hold,0,53,0.54000000000000037,0,0,1,2,2,-1.8219314945611131e-12,-2.0181219696896477e-12,8.5405715931394068e-12,6.9743776319036265e-11,0.31546266611084101,0,-0.96446364657965244,1.6404600368480584,-8.3975145656880303e-10,-0.98354285909836747,1.6391027017856359,9.9273676176169129e-10,1.401798927001576e-09,1.8425733581774591e-10,-9.6524154162060558e-09,-1.4063875464297844e-09,-9.0016309740141423e-11,1.0205237268953348e-08,-0.15582288344233736,-1.9558769183407758,-3.6467644711634667e-10,0.15272937350017585,-4.4283698305848436,-3.6467644711634667e-10,0.15582288344233736,1.9558769183407758,3.6467644711634667e-10,-0.15272937350017585,4.4283698305848436,3.6467644711634667e-10
hold,0,54,0.55000000000000038,0,0,1,2,2,-1.8373635946034028e-12,-1.1259729142332976e-12,9.2765765211538037e-12,7.6454738103835452e-11,0.31546266611074186,0,-0.96446364656470474,1.6404600368500235,-9.4286352476293673e-10,-0.98354285911332395,1.639102701784678,1.1011159741109179e-09,1.5592901862231261e-09,2.0461911040036961e-10,-1.0765970504503685e-08,-1.5642661501778786e-09,-1.0051965964159554e-10,1.1323832668162749e-08,-0.1558228837194103,-1.9558769183768585,-4.0289112468068346e-10,0.15272937377770632,-4.4283698305666768,-4.0289112468068346e-10,0.1558228837194103,1.9558769183768585,4.0289112468068346e-10,-0.15272937377770632,4.4283698305666768,4.0289112468068346e-10
hold,0,55,0.56000000000000039,0,0,1,2,2,-1.8430396098167989e-12,-8.3881115137959428e-14,1.0083597590236406e-11,8.384889405085988e-11,0.31546266611063228,0,-0.96446364654807881,1.6404600368522058,-1.057850288054377e-09,-0.98354285912995865,1.6391027017836086,1.2213767840340142e-09,1.7342694284911152e-09,2.2723218104993543e-10,-1.2004552832948553e-08,-1.7396980377166195e-09,-1.121953166823318e-10,1.2565394923845831e-08,-0.15582288402739691,-1.9558769184169296,-4.4520384883594192e-10,0.15272937408621573,-4.4283698305464458,-4.4520384883594192e-10,0.15582288402739691,1.9558769184169296,4.4520384883594192e-10,-0.15272937408621573,4.4283698305464458,4.4520384883594192e-10
hold,0,56,0.5700000000000004,0,0,1,2,2,-1.837349716815595e-12,1.1266942840332925e-12,1.0969048297435606e-11,9.2026057241476842e-11,0.31546266611051121,0,-0.96446364652958849,1.6404600368546292,-1.186043819363377e-09,-0.98354285914845785,1.6391027017824151,1.3548258523474444e-09,1.928696372116636e-09,2.5233570994437396e-10,-1.3382000615335449e-08,-1.9345902130876526e-09,-1.2519771603473744e-10,1.3943522878626479e-08,-0.15582288436974642,-1.9558769184614202,-4.9207816685832351e-10,0.15272937442910153,-4.4283698305238959,-4.9207816685832351e-10,0.15582288436974642,1.9558769184614202,4.9207816685832351e-10,-0.15272937442910153,4.4283698305238959,4.9207816685832351e-10
hold,0,57,0.5800000000000004,0,0,1,2,2,-1.818503680972583e-12,2.5269868442426045e-12,1.194104590252012e-11,1.0103782705617247e-10,0.31546266611037754,0,-0.96446364650902672,1.6404600368573203,-1.3289240979078066e-09,-0.98354285916902839,1.6391027017810833,1.5029135183566309e-09,2.1446878090885681e-09,2.8021410907564191e-10,-1.4913763928749079e-08,-2.1511277828042484e-09,-1.3966200620201185e-10,1.5473211415363798e-08,-0.15582288475023207,-1.955876918510828,-5.4399057640447273e-10,0.15272937481020346,-4.4283698304987773,-5.4399057640447273e-10,0.15582288475023207,1.955876918510828,5.4399057640447273e-10,-0.15272937481020346,4.4283698304987773,5.4399057640447273e-10
hold,0,58,0.59000000000000041,0,0,1,2,2,-1.7844614674800141e-12,4.1401744785278925e-12,1.3008658961389636e-11,1.1100947176347324e-10,0.31546266611022977,0,-0.96446364648616356,1.6404600368603088,-1.4881350069070992e-09,-0.98354285919190021,1.6391027017795983,1.6672503927764326e-09,2.3846644082779555e-09,3.1115499267799171e-10,-1.6616890270014728e-08,-2.3916706048785533e-09,-1.5576485496509006e-10,1.7171230992269537e-08,-0.15582288517311391,-1.955876918565677,-6.0151308614580129e-10,0.15272937523372082,-4.4283698304707935,-6.0151308614580129e-10,0.15582288517311391,1.955876918565677,6.0151308614580129e-10,-0.15272937523372082,4.4283698304707935,6.0151308614580129e-10
hold,0,59,0.60000000000000042,0,0,1,2,2,-1.7329609969252147e-12,5.9926212344964675e-12,1.4181876138737466e-11,1.220111162656725e-10,0.31546266611006646,0,-0.96446364646074367,1.6404600368636273,-1.6655026524666581e-09,-0.98354285921732831,1.6391027017779418,1.8496243493185858e-09,2.6512459985857593e-09,3.4549849819151966e-10,-1.85104092299983e-08,-2.658906329836458e-09,-1.7367479427330939e-10,1.9056069603540728e-08,-0.1558228856430546,-1.9558769186265681,-6.6523770472644887e-10,0.15272937570438136,-4.4283698304396326,-6.6523770472644887e-10,0.1558228856430546,1.9558769186265681,6.6523770472644887e-10,-0.15272937570438136,4.4283698304396326,6.6523770472644887e-10
hold,0,60,0.61000000000000043,0,0,1,2,2,-1.6614348785637389e-12,8.1132542999256616e-12,1.5471803496902057e-11,1.3418172132505771e-10,0.31546266610988588,0,-0.96446364643248383,1.6404600368673119,-1.8630555730285232e-09,-0.98354285924559659,1.6391027017760953,2.0520201639969276e-09,2.9473773002889319e-09,3.83647911910794e-10,-2.0615404035018509e-08,-2.9557676991568901e-09,-1.935841711194051e-10,2.1148336547458384e-08,-0.1558228861652646,-1.9558769186941944,-7.358590750629259e-10,0.15272937622738894,-4.428369830404951,-7.358590750629259e-10,0.1558228861652646,1.9558769186941944,7.358590750629259e-10,-0.15272937622738894,4.428369830404951,7.358590750629259e-10
hold,0,61,0.62000000000000044,0,0,1,2,2,-1.5670242881071772e-12,1.0534249917271226e-11,1.6890933056941764e-11,1.4766133721794888e-10,0.31546266610968615,0,-0.96446364640106885,1.6404600368714033,-2.0830469556823321e-09,-0.98354285927701957,1.6391027017740374,2.2766415085876834e-09,3.2763615153107927e-09,4.2598538524075848e-10,-2.2955302711014517e-08,-3.2854966831796698e-09,-2.1574259340420358e-10,2.3470892966061796e-08,-0.15582288674556868,-1.9558769187692631,-8.1414620128006309e-10,0.15272937680850174,-4.4283698303663286,-8.1414620128006309e-10,0.15582288674556868,1.9558769187692631,8.1414620128006309e-10,-0.15272937680850174,4.4283698303663286,8.1414620128006309e-10
hold,0,62,0.63000000000000045,0,0,1,2,2,-1.4465234565719243e-12,1.3292125918650307e-11,1.8452810904040792e-11,1.6253229323560782e-10,0.31546266610946516,0,-0.96446364636614934,1.6404600368759459,-2.327980272733943e-09,-0.98354285931194685,1.6391027017717441,2.5259339516228926e-09,3.6417581016926409e-09,4.7301189661687688e-10,-2.5556233594426334e-08,-3.6517967895799202e-09,-2.4035068346466061e-10,2.6048974097303647e-08,-0.15582288739032135,-1.9558769188526302,-9.0089855050693465e-10,0.15272937745422011,-4.4283698303233745,-9.0089855050693465e-10,0.15582288739032135,1.9558769188526302,9.0089855050693465e-10,-0.15272937745422011,4.4283698303233745,9.0089855050693465e-10
hold,0,63,0.64000000000000046,0,0,1,2,2,-1.2963380369157562e-12,1.6426393096373883e-11,2.0172705898850679e-11,1.7902847317148536e-10,0.31546266610922069,0,-0.96446364632733683,1.6404600368809905,-2.6006363178017696e-09,-0.98354285935076646,1.6391027017691902,2.8026125019331646e-09,4.0476634970783546e-09,5.2524218732664984e-10,-2.8447039612802479e-08,-4.058622523904746e-09,-2.6770013074976103e-10,2.8910804289270527e-08,-0.15582288810672684,-1.9558769189452176,-9.9709685498110218e-10,0.15272937817160276,-4.4283698302755932,-9.9709685498110218e-10,0.15582288810672684,1.9558769189452176,9.9709685498110218e-10,-0.15272937817160276,4.4283698302755932,9.9709685498110218e-10
hold,0,64,0.65000000000000047,0,0,1,2,2,-1.1124573484622147e-12,1.9982282150132361e-11,2.2067419718244959e-11,1.9724880336724832e-10,0.3154626661089503,0,-0.96446364628420034,1.6404600368865918,-2.9041040152577695e-09,-0.98354285939390906,1.6391027017663453,3.1096910429873747e-09,4.498523108555805e-09,5.8319741675695486e-10,-3.1659893362699497e-08,-4.5104812496895731e-09,-2.9814522606382145e-10,3.2087579627278531e-08,-0.1558228889026784,-1.9558769190479832,-1.1037304604479091e-09,0.15272937896860228,-4.4283698302223895,-1.1037304604479091e-09,0.1558228889026784,1.9558769190479832,1.1037304604479091e-09,-0.15272937896860228,4.4283698302223895,1.1037304604479091e-09
hold,0,65,0.66000000000000048,0,0,1,2,2,-8.9034335459814429e-13,2.4010051989167056e-11,2.4155184426447206e-11,2.1736764792989082e-10,0.31546266610865087,0,-0.96446364623626102,1.6404600368928111,-3.2418141974339043e-09,-0.98354285944185382,1.6391027017631772,3.4505154155292291e-09,4.9992549203596197e-09,6.4754863817683742e-10,-3.5230402944771928e-08,-5.0124053420239968e-09,-3.3196018682012342e-10,3.5613985604420333e-08,-0.15582288978692477,-1.9558769191620884,-1.2219222323386607e-09,0.15272937985408447,-4.4283698301632297,-1.2219222323386607e-09,0.15582288978692477,1.9558769191620884,1.2219222323386607e-09,-0.15272937985408447,4.4283698301632297,1.2219222323386607e-09
hold,0,66,0.67000000000000048,0,0,1,2,2,-6.250278072883475e-13,2.8564633166084411e-11,2.6456671193959884e-11,2.3967648017673963e-10,0.31546266610831941,0,-0.96446364618298763,1.6404600368997166,-3.6175768290360008e-09,-0.98354285949513209,1.6391027017596502,3.8288003717761979e-09,5.5554241412463036e-09,7.1901818533927055e-10,-3.919805395942402e-08,-5.5698413782151351e-09,-3.6953777902076553e-10,3.9528651497995267e-08,-0.15582289076928107,-1.9558769192888026,-1.3529923682686697e-09,0.15272938083774665,-4.4283698300974361,-1.3529923682686697e-09,0.15582289076928107,1.9558769192888026,1.3529923682686697e-09,-0.15272938083774665,4.4283698300974361,1.3529923682686697e-09
hold,0,67,0.68000000000000049,0,0,1,2,2,-3.1087632468285165e-13,3.3708044170530264e-11,2.8994879659810187e-11,2.6436974569614816e-10,0.31546266610795248,0,-0.96446364612378954,1.6404600369073845,-4.0356233617357288e-09,-0.98354285955433363,1.6391027017557243,4.2486700687459513e-09,6.1731402895122681e-09,7.9835830857768583e-10,-4.3606850435021246e-08,-6.1889373955135683e-09,-4.1131126469751365e-10,4.3874268867310088e-08,-0.15582289186058193,-1.9558769194294856,-1.4983333336790474e-09,0.15272938193045493,-4.4283698300242555,-1.4983333336790474e-09,0.15582289186058193,1.9558769194294856,1.4983333336790474e-09,-0.15272938193045493,4.4283698300242555,1.4983333336790474e-09
hold,0,68,0.6900000000000005,0,0,1,2,2,5.8411608883091048e-14,3.9509340839564251e-11,3.1795017715169102e-11,2.9168611021114984e-10,0.31546266610754614,0,-0.96446364605801149,1.6404600369158984,-4.5006536619868675e-09,-0.98354285962011367,1.6391027017513549,4.7147027087654244e-09,6.8591744782125025e-09,8.864423356795191e-10,-4.8505594718768363e-08,-6.8765175985521033e-09,-4.5775150954863148e-10,4.8698324895030388e-08,-0.15582289307284053,-1.9558769195856804,-1.6594937674550151e-09,0.15272938314427553,-4.4283698299428602,-1.6594937674550151e-09,0.15582289307284053,1.9558769195856804,1.6594937674550151e-09,-0.15272938314427553,4.4283698299428602,1.6594937674550151e-09
hold,0,69,0.70000000000000051,0,0,1,2,2,4.8983039846461907e-13,4.6044971713948579e-11,3.4885068532015265e-11,3.2193199366545036e-10,0.31546266610709617,0,-0.96446364598492573,1.6404600369253513,-5.0178871212036809e-09,-0.9835428596932001,1.6391027017464925,5.2319810106370628e-09,7.6210791170943107e-09,9.8423643719363857e-10,-5.3948416619952197e-08,-7.6401396671236858e-09,-5.0935303848499307e-10,5.4053554398226405e-08,-0.15582289441943126,-1.9558769197590977,-1.8382177555362214e-09,0.15272938449258899,-4.4283698298523593,-1.8382177555362214e-09,0.15582289441943126,1.9558769197590977,1.8382177555362214e-09,-0.15272938449258899,4.4283698298523593,1.8382177555362214e-09
hold,0,70,0.71000000000000052,0,0,1,2,2,9.9122099417314757e-13,5.3400114620936619e-11,3.8296229569317927e-11,3.5544000839468377e-10,0.31546266610659762,0,-0.96446364590372413,1.6404600369358473,-5.593119928989501e-09,-0.98354285977440048,1.6391027017410824,5.8061478614388706e-09,8.4672332379592676e-09,1.0928215496525178e-09,-5.9995467080690544e-08,-8.4881795326550299e-09,-5.6669306843343382e-10,5.9998482741960357e-08,-0.15582289591519818,-1.9558769199516512,-2.0364438863282634e-09,0.15272938599023189,-4.4283698297517384,-2.0364438863282634e-09,0.15582289591519818,1.9558769199516512,2.0364438863282634e-09,-0.15272938599023189,4.4283698297517384,2.0364438863282634e-09
hold,0,71,0.72000000000000053,0,0,1,2,2,1.5712847689641762e-12,6.1669587404537583e-11,4.2063076287979085e-11,3.9255222695934633e-10,0.31546266610604534,0,-0.96446364581350941,1.6404600369475011,-6.2327893215471485e-09,-0.98354285986461187,1.6391027017350639,6.4434675322233174e-09,9.4069280125261479e-09,1.2133866700233864e-09,-6.6713580315719709e-08,-9.4299658967983956e-09,-6.3039663727962945e-10,6.6598030001876894e-08,-0.15582289757661075,-1.9558769201654467,-2.2563062891653833e-09,0.15272938765370941,-4.4283698296398866,-2.2563062891653833e-09,0.15582289757661075,1.9558769201654467,2.2563062891653833e-09,-0.15272938765370941,4.4283698296398866,2.2563062891653833e-09
hold,0,72,0.73000000000000054,0,0,1,2,2,2.2397639298787908e-12,7.0958694581129641e-11,4.6223930520493284e-11,4.3366746750505728e-10,0.31546266610543355,0,-0.96446364571328536,1.6404600369604405,-6.9440443086087847e-09,-0.98354285996483037,1.639102701728369,7.1508942453355128e-09,1.0450498162922649e-08,1.3472435237691016e-09,-7.4176925818178289e-08,-1.0475825097604327e-08,-7.0118637381357021e-10,7.3924323198623179e-08,-0.1558228994219733,-1.9558769204028188,-2.5001841976646152e-09,0.15272938950131662,-4.428369829515538,-2.5001841976646152e-09,0.1558228994219733,1.9558769204028188,2.5001841976646152e-09,-0.15272938950131662,4.428369829515538,2.5001841976646152e-09
hold,0,73,0.74000000000000055,0,0,1,2,2,3.0075109069827022e-12,8.13849045306034e-11,5.0821212833924778e-11,4.7920520659311872e-10,0.3154626661047556,0,-0.96446364560194553,1.6404600369748072,-7.7348238583166844e-09,-0.98354286007616176,1.639102701720923,7.9361484384974556e-09,1.160939762614251e-08,1.4958450804534492e-09,-8.2467861535793834e-08,-1.1637253360445295e-08,-7.7984991467832506e-10,8.2057420035883737e-08,-0.15582290147159139,-1.9558769206663542,-2.7707026798726e-09,0.15272939155339599,-4.4283698293773064,-2.7707026798726e-09,0.15582290147159139,1.9558769206663542,2.7707026798726e-09,-0.15272939155339599,4.4283698293773064,2.7707026798726e-09
hold,0,74,0.75000000000000056,0,0,1,2,2,3.8866548868199402e-12,9.3078795726911006e-11,5.5901883968818759e-11,5.2964437437442191e-10,0.31546266610400431,0,-0.9644636454782618,1.6404600369907585,-8.6139441740969093e-09,-0.98354286019983372,1.6391027017126421,8.8078011692270743e-09,1.2896332222314957e-08,1.6608349453952434e-09,-9.1677809964551732e-08,-1.2927017089437512e-08,-8.6724485431636502e-10,9.1086228857541455e-08,-0.15582290374799582,-1.9558769209589542,-3.0707802551537216e-09,0.15272939383253542,-4.428369829223664,-3.0707802551537216e-09,0.15582290374799582,1.9558769209589542,3.0707802551537216e-09,-0.15272939383253542,4.428369829223664,3.0707802551537216e-09
hold,0,75,0.76000000000000056,0,0,1,2,2,4.8906850791397005e-12,1.0618523069171133e-10,6.1518207891526026e-11,5.8555248811344632e-10,0.31546266610317164,0,-0.96446364534087037,1.6404600370084692,-9.5911949614897684e-09,-0.98354286033720995,1.6391027017034334,9.7753680083724522e-09,1.4325453440231239e-08,1.8440165334229762e-09,-1.0190824220409048e-07,-1.4359251222605947e-08,-9.6433065964498624e-10,1.0110946213591319e-07,-0.15582290627624848,-1.9558769212838214,-3.4036841531939628e-09,0.15272939636377933,-4.428369829052909,-3.4036841531939628e-09,0.15582290627624848,1.9558769212838214,3.4036841531939628e-09,-0.15272939636377933,4.428369829052909,3.4036841531939628e-09
hold,0,76,0.77000000000000057,0,0,1,2,2,6.0346172503500384e-12,1.2086553802974639e-10,6.7728197834201652e-11,6.4751177448216262e-10,0.31546266610224871,0,-0.96446364518825711,1.6404600370281335,-1.067744747906863e-08,-0.98354286048980399,1.6391027016931945,1.0849413036105141e-08,1.5912438188457579e-08,2.0473947357152916e-09,-1.1327191518194807e-07,-1.5949679172121357e-08,-1.0721859756555449e-09,1.1223666606535106e-07,-0.15582290908413929,-1.9558769216445138,-3.7730140438174027e-09,0.15272939917495965,-4.4283698288631426,-3.7730140438174027e-09,0.15582290908413929,1.9558769216445138,3.7730140438174027e-09,-0.15272939917495965,4.4283698288631426,3.7730140438174027e-09
hold,0,77,0.78000000000000058,0,0,1,2,2,7.3352018903349858e-12,1.3729900470770776e-10,7.4596151557938106e-11,7.1618439272191413e-10,0.31546266610122559,0,-0.96446364501874049,1.6404600370499662,-1.1884773727630058e-08,-0.98354286065929675,1.6391027016818109,1.2041663991235115e-08,1.7674702429507821e-08,2.273196076033113e-09,-1.2589399229766945e-07,-1.7715752334738608e-08,-1.1919941921636964e-09,1.2458945574653539e-07,-0.1558229122025365,-1.9558769220449772,-4.1827731600235627e-09,0.15272940229697485,-4.4283698286522659,-4.1827731600235627e-09,0.1558229122025365,1.9558769220449772,4.1827731600235627e-09,-0.15272940229697485,4.4283698286522659,4.1827731600235627e-09
hold,0,78,0.79000000000000059,0,0,1,2,2,8.8111185014838611e-12,1.5568497053324946e-10,8.219338020383982e-11,7.9230356875828581e-10,0.31546266610009133,0,-0.96446364483045377,1.6404600370742064,-1.3226578990017953e-08,-0.98354286084755427,1.6391027016691562,1.3365140444122918e-08,1.9631579342606809e-08,2.5238946519385804e-09,-1.3991344490238235e-07,-1.9676846944625581e-08,-1.3250680783547601e-09,1.3830283717756914e-07,-0.15582291566570716,-1.9558769224895971,-4.6374037272604692e-09,0.15272940576412963,-4.4283698284179538,-4.6374037272604692e-09,0.15582291566570716,1.9558769224895971,4.6374037272604692e-09,-0.15272940576412963,4.4283698284179538,4.6374037272604692e-09
hold,0,79,0.8000000000000006,0,0,1,2,2,1.0483114376569347e-11,1.7624497068688325e-10,9.0599032378412408e-11,8.7668813471124786e-10,0.31546266609883372,0,-0.96446364462132439,1.6404600371011204,-1.4717748880539354e-08,-0.98354286105664834,1.639102701655089,1.4834296745139067e-08,2.1804541238317406e-08,2.8022337721853398e-09,-1.5548457461566376e-07,-2.1854457758547275e-08,-1.4728940034070448e-09,1.5352674599114078e-07,-0.1558229195117041,-1.9558769229832484,-5.1418409955060274e-09,0.15272940961449305,-4.4283698281575905,-5.1418409955060274e-09,0.1558229195117041,1.9558769229832484,5.1418409955060274e-09,-0.15272940961449305,4.4283698281575905,5.1418409955060274e-09
hold,0,80,0.81000000000000061,0,0,1,2,2,1.237432378786707e-11,1.9922550123924204e-10,9.9900808411036826e-11,9.7022230713727073e-10,0.31546266609743928,0,-0.96446364438905086,1.6404600371310023,-1.6374812551239975e-08,-0.98354286128887969,1.639102701639453,1.6465179684283782e-08,2.4217400461893858e-08,3.11126297595784e-09,-1.7277870146851366e-07,-2.4272486468557987e-08,-1.6370977002939028e-09,1.7042760564819799e-07,-0.15582292378275162,-1.9558769235313327,-5.701545042086211e-09,0.15272941389037251,-4.4283698278682992,-5.701545042086211e-09,0.15582292378275162,1.9558769235313327,5.701545042086211e-09,-0.15272941389037251,4.4283698278682992,5.701545042086211e-09
hold,0,81,0.82000000000000062,0,0,1,2,2,1.4510490031760526e-11,2.2490021055449724e-10,1.1019605612644852e-10,1.0739291965307739e-09,0.31546266609589302,0,-0.96446364413107832,1.6404600371641793,-1.8216123623704031e-08,-0.98354286154680226,1.6391027016220745,1.8275604281938649e-08,2.6896640595644051e-08,3.454345359581058e-09,-1.9198596693434965e-07,-2.695743856019524e-08,-1.8194760529851563e-09,1.8919021245070445e-07,-0.15582292852577201,-1.9558769241398311,-6.3226031817644285e-09,0.15272941863870518,-4.4283698275468923,-6.3226031817644285e-09,0.15582292852577201,1.9558769241398311,6.3226031817644285e-09,-0.15272941863870518,4.4283698275468923,6.3226031817644285e-09
hold,0,82,0.83000000000000063,0,0,1,2,2,1.6920298495648467e-11,2.535735295518629e-10,1.2159280398743795e-10,1.1889132705425937e-09,0.31546266609417833,0,-0.96446364384456984,1.6404600372010147,-2.0262061365620299e-08,-0.98354286183325224,1.6391027016027606,2.0285348902064408e-08,2.987162152868906e-08,3.8352461589701351e-09,-2.1331754784003434e-07,-2.9938750057816365e-08,-2.0220597176687663e-09,2.1001974140928845e-07,-0.15582293379282081,-1.9558769248154153,-7.0117557214862547e-09,0.15272942391161648,-4.4283698271897975,-7.0117557214862547e-09,0.15582293379282081,1.9558769248154153,7.0117557214862547e-09,-0.15272942391161648,4.4283698271897975,7.0117557214862547e-09
hold,0,83,0.84000000000000064,0,0,1,2,2,1.9635612580337636e-11,2.8558368395096286e-10,1.3421092977490066e-10,1.3164182202487771e-09,0.31546266609227686,0,-0.96446364352637559,1.6404600372419118,-2.2535254154569485e-08,-0.98354286215137798,1.6391027015812971,2.2516371347654714e-08,3.3174970224036702e-08,4.25811555276742e-09,-2.3700785358916853e-07,-3.3249106282484452e-08,-2.2470681137445815e-09,2.3314395957852924e-07,-0.15582293964172347,-1.9558769255654613,-7.776496007711544e-09,0.15272942976697867,-4.4283698267930811,-7.776496007711544e-09,0.15582293964172347,1.9558769255654613,7.776496007711544e-09,-0.15272942976697867,4.4283698267930811,7.776496007711544e-09
hold,0,84,0.85000000000000064,0,0,1,2,2,2.2691917789252614e-11,3.213064446278887e-10,1.4818345148193671e-10,1.4578104924218126e-09,0.31546266609016782,0,-0.96446364317299871,1.6404600372873182,-2.5060827541240206e-08,-0.98354286250467571,1.6391027015574458,2.4993049276198462e-08,3.6842875157886827e-08,4.7276056653808538e-09,-2.6331720547229422e-07,-3.6924802940245936e-08,-2.496973208855498e-09,2.5881572786886802e-07,-0.15582294613664349,-1.9558769263982021,-8.6251332153502096e-09,0.15272943626905713,-4.4283698263523652,-8.6251332153502096e-09,0.15582294613664349,1.9558769263982021,8.6251332153502096e-09,-0.15272943626905713,4.4283698263523652,8.6251332153502096e-09
hold,0,85,0.86000000000000065,0,0,1,2,2,2.612871030649444e-11,3.611591533283544e-10,1.6365811623853661e-10,1.6146440270974132e-09,0.31546266608782858,0,-0.96446364278055619,1.6404600373377307,-2.7866679790992957e-08,-0.98354286289702664,1.6391027015309425,2.774244631206657e-08,4.0915567539081842e-08,5.2488516993235253e-09,-2.9253460522614018e-07,-4.1006098458405974e-08,-2.7745207364907591e-09,2.8731576688147061e-07,-0.15582295334887605,-1.9558769273227488,-9.5669194074735782e-09,0.15272944348916009,-4.4283698258627915,-9.5669194074735782e-09,0.15582295334887605,1.9558769273227488,9.5669194074735782e-09,-0.15272944348916009,4.4283698258627915,9.5669194074735782e-09
hold,0,86,0.87000000000000066,0,0,1,2,2,2.9989913330474849e-11,4.0560579454969202e-10,1.8079885912721418e-10,1.7885860498050099e-09,0.31546266608523393,0,-0.96446364234473747,1.6404600373937013,-3.0983788076984833e-08,-0.9835428633327401,1.6391027015014941,3.0794607872264374e-08,4.5437661328767031e-08,5.827568504476057e-09,-3.2498101370034723e-07,-4.5537740314170453e-08,-3.0827472705624398e-09,3.1895564282820516e-07,-0.15582296135751955,-1.9558769283492299,-1.0612089871453408e-08,0.15272945150650966,-4.4283698253189776,-1.0612089871453408e-08,0.15582296135751955,1.9558769283492299,1.0612089871453408e-08,-0.15272945150650966,4.4283698253189776,1.0612089871453408e-08
hold,0,87,0.88000000000000067,0,0,1,2,2,3.4324335040913923e-11,4.5516160969289068e-10,1.997875718063577e-10,1.9815289254786195e-09,0.31546266608235568,0,-0.96446364186075595,1.6404600374558429,-3.4446547798783855e-08,-0.98354286381660039,1.6391027014687749,3.4182890097548901e-08,5.0458743239412065e-08,6.4700626517619422e-09,-3.6101269868428215e-07,-5.056935382971404e-08,-3.4250661901685978e-09,3.5408136272067212e-07,-0.15582297025045364,-1.9558769294888572,-1.1772030420444987e-08,0.15272946040900548,-4.4283698247149053,-1.1772030420444987e-08,0.15582297025045364,1.9558769294888572,1.1772030420444987e-08,-0.15272946040900548,4.4283698247149053,1.1772030420444987e-08
hold,0,88,0.89000000000000068,0,0,1,2,2,3.9186320854867063e-11,5.10399674300229e-10,2.2082588978085718e-10,2.1955095120278822e-09,0.31546266607916273,0,-0.96446364132329787,1.6404600375248357,-3.8293149603122268e-08,-0.9835428643539198,1.6391027014324235,3.7944324126618835e-08,5.603377315049163e-08,7.18339622647133e-09,-4.0102528841658964e-07,-5.6156116755657052e-08,-3.805221747169768e-09,3.9307697430819665e-07,-0.15582298012514817,-1.9558769307541333,-1.3059335716907589e-08,0.15272947029432368,-4.4283698240439389,-1.3059335716907589e-08,0.15582298012514817,1.9558769307541333,1.3059335716907589e-08,-0.15272947029432368,4.4283698240439389,1.3059335716907589e-08
hold,0,89,0.90000000000000069,0,0,1,2,2,4.4636266904873878e-11,5.7195579574171584e-10,2.4413774704997646e-10,2.4328984046487042e-09,0.31546266607562068,0,-0.96446364072646329,1.6404600376014349,-4.2565997055391198e-08,-0.98354286495059595,1.6391027013920385,4.2120022139534725e-08,6.2223896998117442e-08,7.9753400035570118e-09,-4.4545784217626769e-07,-6.235917968953229e-08,-4.2274089654643054e-09,4.3636902407144616e-07,-0.15582299108994868,-1.9558769321588703,-1.4488058090067519e-08,0.15272948127079583,-4.4283698232986719,-1.4488058090067519e-08,0.15582299108994868,1.9558769321588703,1.4488058090067519e-08,-0.15272948127079583,4.4283698232986719,1.4488058090067519e-08
hold,0,90,0.9100000000000007,0,0,1,2,2,5.0741355561711998e-11,6.4053736378393665e-10,2.6997151651436771e-10,2.6962022167321624e-09,0.31546266607169093,0,-0.96446364006370167,1.6404600376864786,-4.7312171416495125e-08,-0.98354286561317683,1.6391027013471735,4.6755626849703753e-08,6.909686301792186e-08,8.854581159759939e-09,-4.9479801238643697e-07,-6.924655792476015e-08,-4.6962481220493653e-09,4.8443088846635834e-07,-0.15582300326500767,-1.9558769337184614,-1.607371898540129e-08,0.15272949345882111,-4.4283698224709127,-1.607371898540129e-08,0.15582300326500767,1.9558769337184614,1.607371898540129e-08,-0.15272949345882111,4.4283698224709127,1.607371898540129e-08
hold,0,91,0.92000000000000071,0,0,1,2,2,5.7576263201575273e-11,7.1692917378023954e-10,2.986029977583132e-10,2.9883326105174193e-09,0.31546266606733109,0,-0.96446363932774082,1.640460037780898,-5.2583947234963336e-08,-0.98354286634893273,1.6391027012973338,5.1901810734247462e-08,7.6728009541470632e-08,9.830734646773057e-09,-5.495870409011736e-07,-7.6893647430974377e-08,-5.2168893308942942e-09,5.3778828256809591e-07,-0.15582301678384097,-1.9558769354499699,-1.7833630846989769e-08,0.15272950699195781,-4.4283698215515539,-1.7833630846989769e-08,0.15582301678384097,1.9558769354499699,1.7833630846989769e-08,-0.15272950699195781,4.4283698215515539,1.7833630846989769e-08
hold,0,92,0.93000000000000071,0,0,1,2,2,6.5224006751130048e-11,8.020036523576902e-10,3.3033838739422017e-10,3.3124292937809217e-09,0.31546266606249362,0,-0.9644636385105062,1.6404600378857259,-5.8439364949391606e-08,-0.98354286716593498,1.6391027012419697,5.7614830379434525e-08,8.5200905968644256e-08,1.0914481627183401e-08,-6.1042599270133276e-07,-8.5384226393750523e-08,-5.7950435866102088e-09,5.9702469494359752e-07,-0.15582303179461432,-1.9558769373723401,-1.9786962368410728e-08,0.15272952201855472,-4.4283698205304862,-1.9786962368410728e-08,0.15582303179461432,1.9558769373723401,1.9786962368410728e-08,-0.15272952201855472,4.4283698205304862,1.9786962368410728e-08
hold,0,93,0.94000000000000072,0,0,1,2,2,7.377687349929829e-11,8.9672951409217473e-10,3.6551745237688928e-10,3.6720135843539378e-09,0.31546266605712631,0,-0.964463637603033,1.6404600380021104,-6.4942867129178356e-08,-0.98354286807314473,1.6391027011804713,6.3957141198718949e-08,9.4608355096748606e-08,1.2117697547633096e-08,-6.7798218068953411e-07,-9.4811275329153965e-08,-6.4370568359891221e-09,6.6278796975919511e-07,-0.15582304846184911,-1.9558769395066318,-2.1955011416419132e-08,0.15272953870328168,-4.4283698193964858,-2.1955011416419132e-08,0.15582304846184911,1.9558769395066318,2.1955011416419132e-08,-0.15272953870328168,4.4283698193964858,2.1955011416419132e-08
hold,0,94,0.95000000000000073,0,0,1,2,2,8.3337448053555363e-11,1.0021830046914128e-09,4.0451730318671381e-10,4.0709777499289378e-09,0.31546266605117079,0,-0.96446363659536849,1.6404600381313248,-7.2166004080035125e-08,-0.98354286908051125,1.6391027011121606,7.0998081202669164e-08,1.0505339203855615e-07,1.3453534529094212e-08,-7.5299647180351043e-07,-1.0527803466068926e-07,-7.149983282118007e-09,7.3579734470771044e-07,-0.15582306696820211,-1.9558769418761841,-2.4361412920418222e-08,0.15272955722897319,-4.4283698181370736,-2.4361412920418222e-08,0.15582306696820211,1.9558769418761841,2.4361412920418222e-08,-0.15272955722897319,4.4283698181370736,2.4361412920418222e-08
hold,0,95,0.96000000000000074,0,0,1,2,2,9.4019736440742463e-11,1.1195596043951941e-09,4.4775638767068045e-10,4.5136386947401592e-09,0.3154626660445623,0,-0.96446363547646241,1.6404600382747834,-8.0188217276055776e-08,-0.98354287019908082,1.6391027010362853,7.8814629027562319e-08,1.1665040294260986e-07,1.4936590949743777e-08,-8.362913796630358e-07,-1.1689913752475655e-07,-7.9416379403465595e-09,8.1685131033043025e-07,-0.15582308751646165,-1.9558769445069091,-2.7032398838914108e-08,0.15272957779863264,-4.4283698167384173,-2.7032398838914108e-08,0.15582308751646165,1.9558769445069091,2.7032398838914108e-08,-0.15272957779863264,4.4283698167384173,2.7032398838914108e-08
hold,0,96,0.97000000000000075,0,0,1,2,2,1.0595047061912055e-10,1.2501871126489135e-09,4.9569914083467213e-10,5.0048062753842707e-09,0.31546266603722917,0,-0.96446363423404646,1.640460038434056,-8.9097709025105883e-08,-0.98354287144111718,1.6391027009520103,8.7492246406997087e-08,1.2952637348764449e-07,1.658310907332193e-08,-9.2878008098152532e-07,-1.298018363443055e-07,-8.820708615037695e-09,9.068364063934724e-07,-0.15582311033175977,-1.9558769474276081,-2.9997101460894214e-08,0.15272960063762234,-4.4283698151851461,-2.9997101460894214e-08,0.15582311033175977,1.9558769474276081,2.9997101460894214e-08,-0.15272960063762234,4.4283698151851461,2.9997101460894214e-08
hold,0,97,0.98000000000000076,0,0,1,2,2,1.1927048237936333e-10,1.3955401867802666e-09,5.4886115954478235e-10,5.5498250843995421e-09,0.31546266602909157,0,-0.96446363285449976,1.6404600386108856,-9.8992408337844016e-08,-0.98354287282023622,1.639102700858408,9.7125813130081261e-08,1.4382230227023905e-07,1.841110574180241e-08,-1.0314764226989957e-06,-1.4412740439339637e-07,-9.7968352087045924e-09,1.0067368565926223e-06,-0.15582313566406214,-1.955876950670242,-3.328786902737735e-08,0.15272962599614273,-4.4283698134602014,-3.328786902737735e-08,0.15582313566406214,1.955876950670242,3.328786902737735e-08,-0.15272962599614273,4.4283698134602014,3.328786902737735e-08
hold,0,98,0.99000000000000077,0,0,1,2,2,1.3413627153457952e-10,1.5572566690915269e-09,6.0781475207023285e-10,6.1546141345535045e-09,0.31546266602006118,0,-0.96446363132270019,1.6404600388072077,-1.0998104334920645e-07,-0.98354287435155463,1.6391027007544485,1.078206647530004e-07,1.5969471473286619e-07,2.0440593482425951e-08,-1.145506059078529e-06,-1.6003269885573902e-07,-1.0880715878231786e-08,1.1176453166301715e-06,-0.15582316379087122,-1.9558769542703063,-3.6940605357074484e-08,0.15272965415198442,-4.4283698115446448,-3.6940605357074484e-08,0.15582316379087122,1.9558769542703063,3.6940605357074484e-08,-0.15272965415198442,4.4283698115446448,3.6940605357074484e-08
hold,0,99,1.0000000000000007,0,0,1,2,2,1.5072169901042543e-10,1.7371555450474964e-09,6.7319521637440794e-10,6.8257548192116988e-09,0.31546266601003964,0,-0.96446362962185817,1.64046003902517,-1.2218433174604705e-07,-0.98354287605185564,1.6391027006389893,1.1969374473442705e-07,1.7731742200627296e-07,2.2693747107277616e-08,-1.2721186827998397e-06,-1.7769184373379765e-07,-1.2084249245995826e-08,1.2407748831933921e-06,-0.15582319502031466,-1.9558769582671585,-4.0995178094448192e-08,0.1527296854135374,-4.428369809417438,-4.0995178094448192e-08,0.15582319502031466,1.9558769582671585,4.0995178094448192e-08,-0.1527296854135374,4.428369809417438,4.0995178094448192e-08
hold,0,100,1.0100000000000007,0,0,1,2,2,1.6921999912433705e-10,1.9372572509427513e-09,7.4570756570994628e-10,7.5705140001413447e-09,0.31546266599891798,0,-0.96446362773333361,1.6404600392671584,-1.3573630272883535e-07,-0.98354287793977235,1.6391027005107603,1.3287488353435714e-07,1.9688331148304147e-07,2.5195269269093432e-08,-1.4127018481860603e-06,-1.9729821436745965e-07,-1.342059878745723e-08,1.3774722648770852e-06,-0.15582322969440063,-1.955876962704588,-4.5495817787769358e-08,0.15272972012324174,-4.4283698070552564,-4.5495817787769358e-08,0.15582322969440063,1.955876962704588,4.5495817787769358e-08,-0.15272972012324174,4.4283698070552564,4.5495817787769358e-08
hold,0,101,1.0200000000000007,0,0,1,2,2,-2.6878861974916068e-06,-0.00044806007420377877,6.104240289685225e-06,0.001016881474510567,0.31546274615272091,0,-0.96444789027025735,1.6404599691482646,-1.0761637028515008e-05,-0.98352736425416543,1.6391029932626422,-1.0675754621880854e-05,0.0026231555453671423,-1.2147165697420807e-05,-0.0017719360002967669,0.0025866819681213504,4.8449891570833325e-05,-0.0018083064398036462,-0.15857208806106637,-1.9558642293924708,0.0016190436259442141,0.1500187313720506,-4.4284206123824807,0.0016190436259442141,0.15857208806106637,1.9558642293924708,-0.0016190436259442141,-0.1500187313720506,4.4284206123824807,-0.0016190436259442141
hold,0,102,1.0300000000000007,0,0,1,2,2,-9.2627189728217152e-06,-0.00079731056478993679,-8.0643853711844717e-06,-0.0030396110215276167,0.31546275788772687,0,-0.96444621406132769,1.640460449386594,1.9248813900482769e-05,-0.9835260560444633,1.6391042368170341,1.8075711678036963e-05,-0.0014549917220248378,8.8753003075486001e-05,0.0060637142793961134,-0.0014923442229902131,0.00017608931123878538,0.0058808337368935881,-0.15450735046511163,-1.9559689714678785,0.0066950107136882452,0.15408729188554518,-4.4285582002372843,0.0066950107136882452,0.15450735046511163,1.9559689714678785,-0.0066950107136882452,-0.15408729188554518,4.4285582002372843,-0.0066950107136882452
hold,0,103,1.0400000000000007,0,0,1,2,2,-1.9431510859049816e-05,-0.0011633298938459069,-1.4960322261555409e-05,0.00087730050200282702,0.31546342624291746,0,-0.96445296344345643,1.640453962894745,0.00025862851698959827,-0.98353294946358427,1.6390983516616959,0.00025519376585423682,-0.00012219924736156805,-0.0011288338581290328,0.035498463543966019,-0.00012966740834213368,-0.0010871044859984973,0.035310316000923686,-0.15578614788274495,-1.9546994926718821,0.0065671769624658007,0.15277976242386485,-4.4272479251973413,0.0065671769624658007,0.15578614788274495,1.9546994926718821,-0.0065671769624658007,-0.15277976242386485,4.4272479251973413,-0.0065671769624658007
hold,0,104,1.0500000000000007,0,0,1,2,2,-3.3068892641596737e-05,-0.0014969248047389373,2.6038053029985853e-06,0.0023431405019146505,0.31546492323278907,0,-0.9644617953735185,1.6404385625872457,0.00077903890699483331,-0.98354228211719064,1.639083049933072,0.00077803971064291095,-0.0013660037281559038,-0.0018128396435415975,0.062874532185191442,-0.0014690171493656604,-0.0018259944503120418,0.06358029263214203,-0.15447168796145405,-1.9538922844264757,0.0068463088677836823,0.15419377339373927,-4.4263866214040366,0.0068463088677836823,0.15447168796145405,1.9538922844264757,-0.0068463088677836823,-0.15419377339373927,4.4263866214040366,-0.0068463088677836823
hold,0,105,1.0600000000000007,0,0,1,2,2,-5.0199734512035299e-05,-0.0018562856272410445,5.0424652717473655e-05,0.0064090802798531946,0.3154670115349707,0,-0.96446683170458669,1.6404161112263032,0.0015688485592744135,-0.98355005701499509,1.6390600304601104,0.0015883783699139451,8.356786035939234e-05,-0.0025345833346928927,0.089621266832240504,-0.00034356961794055534,-0.0026245932614066248,0.092853850282932832,-0.15588096890142386,-1.9529909298477837,0.0044467987518027087,0.15313052504474983,-4.4254038668092495,0.0044467987518027087,0.15588096890142386,1.9529909298477837,-0.0044467987518027087,-0.15313052504474983,4.4254038668092495,-0.0044467987518027087
hold,0,106,1.0700000000000007,0,0,1,2,2,-7.0940292769064439e-05,-0.0022178964515751883,0.00012411439613505299,0.008010130710884052,0.31546922803024197,0,-0.96446425805930858,1.640390796561481,0.0025564186712359383,-0.98355543084658881,1.639033387263781,0.0026348196456151586,0.00036295222027141237,-0.0025385774858210993,0.10497596590717653,-0.00072988033329170741,-0.0027063050030607027,0.11300885167566628,-0.15618094242356079,-1.9527844183780783,0.0026006129896180242,0.15355982641285071,-4.4251090094969596,0.0026006129896180242,0.15618094242356079,1.9527844183780783,-0.0026006129896180242,-0.15355982641285071,4.4251090094969596,-0.0026006129896180242
hold,0,107,1.0800000000000007,0,0,1,2,2,-9.5440094556129007e-05,-0.002603122340775782,0.00021398262544331174,0.0096392617306864797,0.31547109198827866,0,-0.96445211894339011,1.6403670547250404,0.0036495753317270173,-0.98356013746828586,1.6390074300546291,0.0038501803942269488,0.0017529872401266236,-0.0022748263177703827,0.11246045788778232,-0.00038843214273959155,-0.0025405186602694904,0.12791770391023616,-0.15766809037076371,-1.9528582348546042,0.00024012969609932874,0.15325603119587497,-4.4250671381665363,0.00024012969609932874,0.15766809037076371,1.9528582348546042,-0.00024012969609932874,-0.15325603119587497,4.4250671381665363,-0.00024012969609932874
hold,0,108,1.0900000000000007,0,0,1,2,2,-0.00012383147054893795,-0.0029948059032206846,0.00030925015054124522,0.009453056922310181,0.31547223942347524,0,-0.96443005175966756,1.6403484221398337,0.0047640278284208828,-0.98356777761150282,1.6389854631519234,0.0051773998147487676,0.0024661359153560478,-0.001600643111540072,0.1111325648551628,-0.0011270342609449656,-0.0019889067274020981,0.13678591203164861,-0.15855777651577355,-1.9533833573791806,-0.0011432471688339789,0.15405575445981609,-4.4254430148777573,-0.0011432471688339789,0.15855777651577355,1.9533833573791806,0.0011432471688339789,-0.15405575445981609,4.4254430148777573,0.0011432471688339789
hold,0,109,1.1000000000000008,0,0,1,2,2,-0.00015620468112353958,-0.0033973531641260952,0.00040174557354968177,0.0091151892956746992,0.31547249055075088,0,-0.96439828128467409,1.6403367835723421,0.005843346462274965,-0.98358252709458105,1.6389690028200614,0.0065877674070743157,0.003601689282456199,-0.0008823907351912662,0.10618087109598952,-0.0018315750237225213,-0.0014379291789773593,0.14479429874739305,-0.15994749368282149,-1.954008501215597,-0.002249495700210203,0.15487829108721946,-4.4258623097712864,-0.002249495700210203,0.15994749368282149,1.954008501215597,0.002249495700210203,-0.15487829108721946,4.4258623097712864,0.002249495700210203
hold,0,110,1.1100000000000008,0,0,1,2,2,-0.00019260311980587308,-0.0037999211933499705,0.00048734128399610947,0.008190551910818215,0.31547183597916295,0,-0.964356949305334,1.6403324809403528,0.0068623538935155175,-0.98360834643503559,1.6389578856942879,0.0080836041608688854,0.0044371002219635086,-0.00013735206218690253,0.099425098959395219,-0.0032149583514518511,-0.00091451148507451768,0.15374602172089905,-0.1611135604570495,-1.9547191188326865,-0.0027018082432386801,0.15646822913858507,-4.4262967904590012,-0.0027018082432386801,0.1611135604570495,1.9547191188326865,0.0027018082432386801,-0.15646822913858507,4.4262967904590012,0.0027018082432386801
hold,0,111,1.1200000000000008,0,0,1,2,2,-0.00023034866471476068,-0.0037560537544167557,0.00055991353825828385,0.0066369339879851913,0.31547030164870693,0,-0.96432120028452317,1.640334791526334,0.0078321947576607091,-0.98366391559492183,1.6389503894598372,0.0097039854641798162,0.0029527632080964743,0.00047041712121597518,0.095693761786634315,-0.0072575910375200737,-0.00065935512339594627,0.16856713497611192,-0.15991521560966909,-1.9553453727039392,-0.0047232002723666599,0.16095541510374328,-4.4264919769450737,-0.0047232002723666599,0.15991521560966909,1.9553453727039392,0.0047232002723666599,-0.16095541510374328,4.4264919769450737,0.0047232002723666599
hold,0,112,1.1300000000000008,0,0,1,2,2,-0.0002682385719745134,-0.0038091595896004955,0.000648617870394037,0.01036152592949925,0.31546818207586841,0,-0.96425985045417195,1.6403420174762906,0.0087153236000238662,-0.98372201085091593,1.6389440472303529,0.011441305044428533,0.0081991174956545076,0.00088427894253599267,0.083812788309139657,-0.0050052123134474349,-0.00063948422590150741,0.1783440188012019,-0.16565236854003687,-1.9558170421249121,-0.010165295551939317,0.15916779842762341,-4.4264611100066942,-0.010165295551939317,0.16565236854003687,1.9558170421249121,0.010165295551939317,-0.15916779842762341,4.4264611100066942,0.010165295551939317
hold,0,113,1.1400000000000008,0,0,1,2,2,-0.00030657194342806338,-0.0038477005059459621,0.00073015352390818538,0.0066835785979465108,0.31546488206972395,0,-0.96417612136187825,1.6403610262308481,0.0093571606730549102,-0.98379049408965136,1.6389455637741022,0.013172542541190498,0.0084168077182240758,0.0025617678213672784,0.051726630034701779,-0.0082610708401842977,0.00064654477958325178,0.17106832522361756,-0.16653989150095611,-1.9576466010402034,-0.01074300921993989,0.16297152286424368,-4.4277592713621727,-0.01074300921993989,0.16653989150095611,1.9576466010402034,0.01074300921993989,-0.16297152286424368,4.4277592713621727,0.01074300921993989
hold,0,114,1.1500000000000008,0,0,1,2,2,-0.00034550232647136137,-0.0039218160460013406,0.00079136740989162668,0.0057485714741087471,0.31546031254404816,0,-0.96407299851428352,1.6403934051857822,0.0096914503490818649,-0.9838766422348697,1.6389561148767899,0.014861518163991424,0.011514189936291426,0.0036803539811243943,0.021696969854287866,-0.009028240872572188,0.0013036493675294314,0.16874184001087938,-0.17046225649978125,-1.9590242188394336,-0.012045444355372394,0.16442787805837833,-4.4285007847716216,-0.012045444355372394,0.17046225649978125,1.9590242188394336,0.012045444355372394,-0.16442787805837833,4.4285007847716216,0.012045444355372394
hold,0,115,1.1600000000000008,0,0,1,2,2,-0.00038505594374144136,-0.0039765224680169626,0.00082891274608815318,0.0024272632018000843,0.31545472408323622,0,-0.96395272839542234,1.6404373587244476,0.0097217620351198897,-0.98398646579193683,1.6389732964906643,0.016539405433903583,0.012320093821734495,0.0048636870318835542,-0.0090310486881495303,-0.012457671429976428,0.0019709723337421256,0.16841053737585357,-0.17223032133611374,-1.9605591801995157,-0.01101661689870299,0.16873589707231956,-4.429305560648829,-0.01101661689870299,0.17223032133611374,1.9605591801995157,0.01101661689870299,-0.16873589707231956,4.429305560648829,0.01101661689870299
hold,0,116,1.1700000000000008,0,0,1,2,2,-0.00042518937251845301,-0.0040368471492714256,0.00084811787006166216,0.001585119959578783,0.31544853568068154,0,-0.96381521501209655,1.6404891061092579,0.009499140226972359,-0.98412338414914546,1.6389925254480031,0.018284150880326745,0.014678293882346942,0.0053798768514131652,-0.030906230249964889,-0.01467709938635047,0.0018719399344493217,0.17965605175874524,-0.17568862846333255,-1.9614893490975276,-0.010791392553875678,0.17205067188636272,-4.4293603599082463,-0.010791392553875678,0.17568862846333255,1.9614893490975276,0.010791392553875678,-0.17205067188636272,4.4293603599082463,0.010791392553875678
hold,0,117,1.1800000000000008,0,0,1,2,2,-0.00046583945523707981,-0.0040826855359029635,0.00085829572829553143,0.00064254053929668168,0.31544214252887409,0,-0.9636585248093632,1.6405449425914069,0.0090858096172063054,-0.98428914828520897,1.6390091324509206,0.020186908692151714,0.01631879231521274,0.0057172247371412681,-0.048211414447988585,-0.018006679384981961,0.0014977308488922847,0.19852433634885605,-0.1785826485180651,-1.962273388840448,-0.01022542728414899,0.17670636497350226,-4.4291190068460295,-0.01022542728414899,0.1785826485180651,1.962273388840448,0.01022542728414899,-0.17670636497350226,4.4291190068460295,0.01022542728414899
hold,0,118,1.1900000000000008,0,0,1,2,2,-0.00050696844833839072,-0.0041317315936722568,0.00086938961230781516,0.0014242995597681209,0.31543580752512695,0,-0.96347892590560735,1.6406022849483635,0.00853109829000759,-0.98448435702007853,1.6390193928833883,0.022331090662655744,0.019057021476352982,0.0057446206788483809,-0.060339392035561545,-0.020703518303084829,0.00068543447011559745,0.22625754787284602,-0.18275766890925216,-1.9627595236378073,-0.010762107119159276,0.18096487377056159,-4.4283887939269944,-0.010762107119159276,0.18275766890925216,1.9627595236378073,0.010762107119159276,-0.18096487377056159,4.4283887939269944,0.010762107119159276
hold,0,119,1.2000000000000008,0,0,1,2,2,-0.00054858335737190123,-0.0041796602582798844,0.00088878310284485511,0.0022871856401791161,0.3154296089766977,0,-0.96327180316032091,1.6406603344958053,0.0078543446797591857,-0.9847097430201045,1.6390212080347575,0.024777642128000953,0.021825431963801715,0.0058418219646345759,-0.072611563752149805,-0.023956324920118198,-0.00018961777583964627,0.25835801589155882,-0.18718306135899246,-1.9633211213031281,-0.011682483012573634,0.18602076838780274,-4.4275282628919923,-0.011682483012573634,0.18718306135899246,1.9633211213031281,0.011682483012573634,-0.18602076838780274,4.4275282628919923,0.011682483012573634
hold,0,120,1.2100000000000009,0,0,1,2,2,-0.00059073898423263327,-0.0042374036032092064,0.00092029913978500385,0.0037332062663638478,0.31542346263764681,0,-0.9630320577910223,1.6407198731549093,0.0070428464152241226,-0.98496681485807336,1.6390138908564964,0.027564568876269624,0.025420146356519208,0.006023291283699125,-0.086891251079113274,-0.027096433851519972,-0.0011378782069053751,0.29392028904801026,-0.1926957387060988,-1.9639788998950247,-0.013392667166750518,0.19121745202295537,-4.4265214650348383,-0.013392667166750518,0.1926957387060988,1.9639788998950247,0.013392667166750518,-0.19121745202295537,4.4265214650348383,0.013392667166750518
hold,0,121,1.2200000000000009,0,0,1,2,2,-0.00063352396345900397,-0.0043033488720443328,0.00096417499772768513,0.0048300538019118919,0.31541717316706713,0,-0.96275462014426316,1.6407828070314099,0.0060569107715809471,-0.98525846831016484,1.6389977099547421,0.030712631420865801,0.029306088624179792,0.0064648749899727199,-0.10641804683446558,-0.030800017351200464,-0.0019944145512488516,0.33068489096806714,-0.19880118214783249,-1.964923954613303,-0.015323723399451959,0.1972542631393677,-4.4255354814764605,-0.015323723399451959,0.19880118214783249,1.964923954613303,0.015323723399451959,-0.1972542631393677,4.4255354814764605,0.015323723399451959
hold,0,122,1.2300000000000009,0,0,1,2,2,-0.00067704223612456704,-0.0043811624265428246,0.0010182925262535751,0.0058067141554871398,0.3154105011164719,0,-0.962434468585458,1.6408514741999249,0.0048408820763575109,-0.98558901099009366,1.6389731583322864,0.034236571645029357,0.033835557001950532,0.0071234249742887059,-0.1317381792517282,-0.034847510398985815,-0.0028297726329532123,0.3691080431875518,-0.20589186299604451,-1.9661318419457394,-0.017515464256904548,0.20394609762658364,-4.4245037104151104,-0.017515464256904548,0.20589186299604451,1.9661318419457394,0.017515464256904548,-0.20394609762658364,4.4245037104151104,0.017515464256904548
hold,0,123,1.2400000000000009,0,0,1,2,2,-0.00072139404589451062,-0.004467781140066511,0.0010795368075048374,0.0063444302214520319,0.31540321360466839,0,-0.96206657362033443,1.6409281181090027,0.003333329954115893,-0.98596407273426379,1.6389403744190556,0.038155343743216948,0.038776042116054607,0.0080108856841683458,-0.16344546389764869,-0.039605116171567978,-0.0036572926538660237,0.40959602042451637,-0.21377550783113713,-1.9676324539282415,-0.019660895673860732,0.2117041973525268,-4.4234139190883512,-0.019660895673860732,0.21377550783113713,1.9676324539282415,0.019660895673860732,-0.2117041973525268,4.4234139190883512,0.019660895673860732
hold,0,124,1.2500000000000009,0,0,1,2,2,-0.0007666633280414975,-0.0045625170092891305,0.0011451373030678458,0.0067131508552366421,0.31539511318610641,0,-0.96164558903611741,1.6410145349410756,0.0014748870108964515,-0.98639027992221662,1.6388986982487603,0.042500285187761486,0.044336871051645931,0.0090453952593876463,-0.20081715393193159,-0.044993754702306557,-0.0046012354083571662,0.45393217574977329,-0.22270421344046465,-1.9693582981600439,-0.02182413519702299,0.22050249338688804,-4.4221365669714983,-0.02182413519702299,0.22270421344046465,1.9693582981600439,0.02182413519702299,-0.22050249338688804,4.4221365669714983,0.02182413519702299
hold,0,125,1.2600000000000009,0,0,1,2,2,-0.00081291159640130284,-0.0046620592602774433,0.0012134298540621086,0.0069173525911132155,0.31538603827579281,0,-0.96116557751212861,1.6411120040625808,-0.00078869348621982258,-0.98687501799095023,1.6388464975039998,0.047318943079056375,0.05047677854541624,0.010194544411208019,-0.24347150052088765,-0.051193748424367122,-0.0057425202105030118,0.50364865026022787,-0.23268421312614535,-1.9712872002839059,-0.023960505296083297,0.2305803916588175,-4.4205776762112681,-0.023960505296083297,0.23268421312614535,1.9712872002839059,0.023960505296083297,-0.2305803916588175,4.4205776762112681,0.023960505296083297
hold,0,126,1.2700000000000009,0,0,1,2,2,-0.00086017652571140912,-0.0047642916435293335,0.0012841477518492463,0.0071880098983646487,0.31537584448239642,0,-0.96061971689081949,1.6412213907073756,-0.0035072005317511963,-0.98742830888402811,1.6387818160322212,0.052688323533840987,0.057370701302565906,0.011410331387865765,-0.29091784711647406,-0.058849315488279694,-0.006985866477068981,0.56452725477804,-0.24394502085376801,-1.9733780804189218,-0.026216564058078842,0.24266228586735306,-4.4188168781704729,-0.026216564058078842,0.24394502085376801,1.9733780804189218,0.026216564058078842,-0.24266228586735306,4.4188168781704729,0.026216564058078842
hold,0,127,1.2800000000000009,0,0,1,2,2,-0.00090850480759872843,-0.0048721549765674624,0.001362165330516754,0.0082277022152041739,0.31536444018471305,0,-0.95999592165453362,1.641342904864949,-0.006729441064428833,-0.98807664810050988,1.6387049758806977,0.058821109499495365,0.065778482482309594,0.012614524393810118,-0.34330808517041772,-0.069812508192479014,-0.0083081696620316281,0.65307588078620815,-0.25734316392379858,-1.9755543866854537,-0.029210719884090765,0.25881219230340657,-4.4168798537733229,-0.029210719884090765,0.25734316392379858,1.9755543866854537,0.029210719884090765,-0.25881219230340657,4.4168798537733229,0.029210719884090765
hold,0,128,1.2900000000000009,0,0,1,2,2,-0.00095812141436418807,-0.0050135125337359612,0.0014660433245544777,0.011848231612277082,0.31535183457400379,0,-0.95926541565530665,1.6414759429871126,-0.010520626399565112,-0.98884167585147409,1.6386087355382539,0.066017528895423241,0.077972045843911431,0.01372263062600698,-0.40324287599727032,-0.082047063344168628,-0.010810195174758496,0.77265728598553496,-0.27538077527921623,-1.9777267978949593,-0.034661229195034636,0.27716696946280989,-4.4136079055210455,-0.034661229195034636,0.27538077527921623,1.9777267978949593,0.034661229195034636,-0.27716696946280989,4.4136079055210455,0.034661229195034636
hold,0,129,1.3000000000000009,0,0,1,2,2,-0.0010094791582911794,-0.0052274805581649505,0.0016067549680596003,0.015515222271654618,0.31533758829671305,0,-0.95839842788303919,1.6416233404840728,-0.015013054517267432,-0.98971118682654735,1.6385282100227869,0.074099723930172112,0.092559302923618067,0.015441391901345813,-0.4802073317883056,-0.085414686645821233,0.00081411332506828044,0.76563092367988228,-0.29690393453706254,-1.9806247391459793,-0.041186845998226716,0.28749068056504856,-4.4245880098971364,-0.041186845998226716,0.29690393453706254,1.9806247391459793,0.041186845998226716,-0.28749068056504856,4.4245880098971364,0.041186845998226716
hold,0,130,1.3100000000000009,0,0,1,2,2,-0.0010628064147154975,-0.0053957208872202145,0.0017181846515968038,0.0082457140190933809,0.31532128975470536,0,-0.95743171031148688,1.6417873789642996,-0.020391473580469447,-0.99049824506446094,1.638648870738215,0.080507245428064658,0.099511804745154503,0.01696197209688443,-0.57641042759945982,-0.073646698734189969,0.016997717092224609,0.56630636990432004,-0.31159017693101743,-1.9834576271833324,-0.039918367914645828,0.28201915855672599,-4.4417368993877169,-0.039918367914645828,0.31159017693101743,1.9834576271833324,0.039918367914645828,-0.28201915855672599,4.4417368993877169,0.039918367914645828
hold,0,131,1.320000000000001,0,0,1,2,2,-0.0011162385814278697,-0.0053203150318923368,0.0016425364872070451,-0.018141327803010664,0.3153037389513641,0,-0.95651731798215711,1.6419585910314114,-0.026644906208154837,-0.99094507064808646,1.6388012686354179,0.083249274985375682,0.086189646215128479,0.017201753918222235,-0.6586682696350894,-0.017414970205991614,0.013935885118270996,0.027596655948858684,-0.30558315703562955,-1.9850671055415647,-0.020578357769798772,0.2293620346975318,-4.4398942505913865,-0.020578357769798772,0.30558315703562955,1.9850671055415647,0.020578357769798772,-0.2293620346975318,4.4398942505913865,0.020578357769798772
hold,0,132,1.330000000000001,0,0,1,2,2,-0.0011637324545575034,-0.0043792069139487466,0.0010436813844173971,-0.087728337870761286,0.31528370342962669,0,-0.95607930282724451,1.6421370156979664,-0.033217011470841121,-0.99101247273626214,1.6389079565728015,0.080165085066796371,0.015805784389243321,0.018296389454958553,-0.65825185956669108,0.00012146727495763619,0.009779646043451589,-0.53552637315670293,-0.23870341644904519,-1.9875891384107414,0.041795084177878722,0.21236481392198803,-4.4365915150156363,0.041795084177878722,0.23870341644904519,1.9875891384107414,-0.041795084177878722,-0.21236481392198803,4.4365915150156363,-0.041795084177878722
hold,0,133,1.340000000000001,0,0,1,2,2,-0.0011989903057020301,-0.0029644451037822064,5.4366991660274432e-05,-0.10638785862323853,0.31526744817407204,0,-0.95623813645157607,1.6422668260182922,-0.038309466200945122,-0.99154347914301799,1.6390928401310889,0.077182262157326167,-0.036510439125775743,0.009654323229523757,-0.41506949913985103,-0.085413171629008341,0.020761659780449419,-0.14801678863271617,-0.18511652393937367,-1.9799855547479128,0.084854422115280173,0.30214750408000079,-4.449052597218933,0.084854422115280173,0.18511652393937367,1.9799855547479128,-0.084854422115280173,-0.30214750408000079,4.449052597218933,-0.084854422115280173
hold,0,134,1.350000000000001,0,0,1,2,2,-0.0012269558997405616,-0.0026860921717247938,-0.00029309186006948958,0.013027740866306443,0.31527185749140452,0,-0.95617822633784577,1.6422307609899205,-0.0401163070708749,-0.99206568631539449,1.6391617454272653,0.078727455517691378,0.034894657524302646,-0.012208443787426153,-0.030218879962848458,-0.028443075005053664,-0.0037046371576690152,0.35000616900392589,-0.25700090149929444,-1.957834267503989,0.021923516908884041,0.24935506483505812,-4.4251375426502264,0.021923516908884041,0.25700090149929444,1.957834267503989,-0.021923516908884041,-0.24935506483505812,4.4251375426502264,-0.021923516908884041
hold,0,135,1.360000000000001,0,0,1,2,2,-0.0012491759051898033,-0.001929016879239668,-0.00017468603810450584,0.010992542401961092,0.3152888126091053,0,-0.95594094585202938,1.6421042559400396,-0.039868434763371076,-0.99241739747356705,1.6390741400796391,0.082689088901883825,0.016468182213054697,-0.012954153286185134,0.061017589822439218,-0.021464898409274753,-0.015116334916614077,0.31728884935013552,-0.24047267007457768,-1.956076517606183,0.014381796689712841,0.24519057750465972,-4.4130250021102713,0.014381796689712841,0.24047267007457768,1.956076517606183,-0.014381796689712841,-0.24519057750465972,4.4130250021102713,-0.014381796689712841
hold,0,136,1.370000000000001,0,0,1,2,2,-0.0012660131424018228,-0.0015198995600452939,-1.0640236803327623e-05,0.020007046307083491,0.31530622883220494,0,-0.95577205267153742,1.641977630809043,-0.039022085135781884,-0.9922087315670719,1.6388693715360774,0.083539286214889194,0.017226182804949915,-0.012494426195005256,0.1004446796380413,0.047964352381252261,-0.022386550534710788,-0.06833316176849745,-0.24258181611040855,-1.9555232436493901,-1.7354938791798447e-07,0.17409199946217147,-4.4041166381436803,-1.7354938791798447e-07,0.24258181611040855,1.9555232436493901,1.7354938791798447e-07,-0.17409199946217147,4.4041166381436803,1.7354938791798447e-07
hold,0,137,1.380000000000001,0,0,1,2,2,-0.0012745133767473049,-0.0004144592260227533,-0.00017648556451794437,-0.041009877863310382,0.31531707277020121,0,-0.95597807405356683,1.6418992623139699,-0.038204806112087819,-0.99197696900307286,1.6387626856833304,0.081500511184937369,-0.045858571440016767,-0.0047658119689690265,0.070027062131881077,0.020351568893669937,-0.0096280486953333241,-0.35651940908494445,-0.1778488908092066,-1.9626249099148412,0.03884486219081057,0.1998506824377615,-4.4160216531610823,0.03884486219081057,0.1778488908092066,1.9626249099148412,-0.03884486219081057,-0.1998506824377615,4.4160216531610823,-0.03884486219081057
hold,0,138,1.390000000000001,0,0,1,2,2,-0.0012748787565672326,0.0002280266872130118,-0.00042575052036023854,-0.014153489544873742,0.31532709499691591,0,-0.95638058577165763,1.6418224902722172,-0.03677595577973896,-0.99176400056451375,1.6387162824674348,0.078664766056291913,-0.036398160770039961,-0.009596792152254046,0.19011218462077581,0.010687291813378443,-0.0015817419966762906,-0.15879082973062178,-0.18408920773445697,-1.9571797533975346,0.02820770219889164,0.20781121200958008,-4.4236967341325748,0.02820770219889164,0.18408920773445697,1.9571797533975346,-0.02820770219889164,-0.20781121200958008,4.4236967341325748,-0.02820770219889164
hold,0,139,1.400000000000001,0,0,1,2,2,-0.0012697992481402742,0.00069633899520164192,-0.00039903476661565284,0.013893803948355423,0.31534270678282944,0,-0.95663512120678384,1.6417028978187156,-0.034480106065272659,-0.99176332637597553,1.6387027499506659,0.078816550878221758,-0.018133721410843809,-0.013551430622035543,0.25583535984158468,-0.0054468910111023939,-0.0028823759833230562,0.12755580101129757,-0.20031736361264341,-1.9522683752997405,0.0068725979273264407,0.22394000132575514,-4.4222878400117764,0.0068725979273264407,0.20031736361264341,1.9522683752997405,-0.0068725979273264407,-0.22394000132575514,4.4222878400117764,-0.0068725979273264407
hold,0,140,1.410000000000001,0,0,1,2,2,-0.0012621266246330143,0.00081977540901313349,-9.9231950311559207e-05,0.040709327812870497,0.31536166686870026,0,-0.95663644054764163,1.6415607797522465,-0.032086951402728624,-0.99178772146831928,1.6386491128993965,0.081012283697991183,0.011752452252478935,-0.014703768452306401,0.22959512494422146,4.2538716478497142e-05,-0.0076658366363210242,0.28067748388982983,-0.23019298254910386,-1.9499790929377165,-0.022562750175793636,0.2186457323369243,-4.4170752829486233,-0.022562750175793636,0.23019298254910386,1.9499790929377165,0.022562750175793636,-0.2186457323369243,4.4170752829486233,0.022562750175793636
hold,0,141,1.420000000000001,0,0,1,2,2,-0.0012539487369784275,0.00081102827096909513,0.00025769224330329349,0.032315345528323526,0.31537764383331085,0,-0.95646130605676705,1.6414455027965256,-0.030654655731705352,-0.99137998651889037,1.6385195740403673,0.080943139263096098,0.021094391185075147,-0.009460799213116166,0.088094894865075546,0.074924113676478082,-0.018020770200239924,-0.23714502217246405,-0.24093599740869676,-1.9542998465311396,-0.031351143271713455,0.14050227778149338,-4.4056840385124714,-0.031351143271713455,0.24093599740869676,1.9542998465311396,0.031351143271713455,-0.14050227778149338,4.4056840385124714,0.031351143271713455
hold,0,142,1.430000000000001,0,0,1,2,2,-0.0012395457301484919,0.0018673227840806023,2.4149211625532719e-05,-0.060439658285801043,0.31538081631118581,0,-0.95670824217526873,1.641426871625173,-0.030766886788036265,-0.99127414586317564,1.6385262016044229,0.078358141114415913,-0.055432327900917122,0.0031253950038844496,-0.075324550573546978,-0.036162604809763854,0.010516564070980622,-0.23581337629489757,-0.16243378937469102,-1.9667369913773196,0.030357567825424921,0.25074227102201752,-4.4342743932961364,0.030357567825424921,0.16243378937469102,1.9667369913773196,-0.030357567825424921,-0.25074227102201752,4.4342743932961364,-0.030357567825424921
hold,0,143,1.4400000000000011,0,0,1,2,2,-0.0012226046990915507,0.0015778827265179236,-4.476528905580291e-05,0.028810306928120574,0.31538638018346032,0,-0.95677916940501362,1.6413861239026026,-0.030909016214837683,-0.99131858870344081,1.6385625195243589,0.077719291041428551,0.025199579106038452,-0.0087472704301668029,0.024597753392488757,0.017787322698379987,-0.0017942580108180769,0.04594726485590165,-0.2424982785436875,-1.9545383441627056,-0.02155550111403692,0.197147886235995,-4.4222541145738257,-0.02155550111403692,0.2424982785436875,1.9545383441627056,0.02155550111403692,-0.197147886235995,4.4222541145738257,0.02155550111403692
hold,0,144,1.4500000000000011,0,0,1,2,2,-0.0012036259451335268,0.0021132141351276543,3.3438969017530982e-06,-0.01118620824769778,0.31539347568917597,0,-0.95669515659731663,1.6413366303309704,-0.031338354864752803,-0.99143428604924799,1.6385741785378183,0.078375668021052933,-0.0029027722377833968,-0.0025038395391657584,-0.086299431621244621,-0.030877790327974081,0.0027281219561161489,0.079205434188097806,-0.21506802966144153,-1.9603858264806491,-0.0013061164614520202,0.24673857802880655,-4.4268697666484345,-0.0013061164614520202,0.21506802966144153,1.9603858264806491,0.0013061164614520202,-0.24673857802880655,4.4268697666484345,0.0013061164614520202
hold,0,145,1.4600000000000011,0,0,1,2,2,-0.0011830365945139087,0.0020249005317238703,9.5423659680810748e-05,0.022808227416911495,0.31539990807065121,0,-0.95649507711509596,1.6412943357837388,-0.032321168011865339,-0.99161112803831986,1.6385598881612227,0.079801956641964281,0.035265246076747123,-0.0053670065820595331,-0.10639978802192744,-0.0088177964163393026,-0.0042331951525711349,0.18437032140055423,-0.25483668383373742,-1.9571843030599025,-0.025916737261430477,0.22609332002974669,-4.4197941265269831,-0.025916737261430477,0.25483668383373742,1.9571843030599025,0.025916737261430477,-0.22609332002974669,4.4197941265269831,0.025916737261430477
hold,0,146,1.4700000000000011,0,0,1,2,2,-0.0011611610407817746,0.0022843902488663653,0.00017655773292759997,-0.0017240068006349812,0.31540408019700555,0,-0.95620707187294007,1.641271530345541,-0.034077527979066026,-0.99181119410887997,1.6385236974920896,0.081365748000829352,0.024402717854687044,-0.00026336615252262443,-0.22068833819592978,-0.013600939274165606,-0.0067221494842576801,0.058937821361931611,-0.24627819754892444,-1.9621054999838563,-0.015182787547706123,0.23247699145205389,-4.4170156468422315,-0.015182787547706123,0.24627819754892444,1.9621054999838563,0.015182787547706123,-0.23247699145205389,4.4170156468422315,0.015182787547706123
hold,0,147,1.4800000000000011,0,0,1,2,2,-0.0011370700234796943,0.0025117961409300235,9.9537471941936139e-05,-0.011623266921739034,0.31540348693245968,0,-0.95597775526707873,1.641283648144142,-0.036654275272367913,-0.99173222758174107,1.6384418365306028,0.080166296881573729,0.021964815938238416,0.0021418482215591122,-0.28223999632100999,-0.00048843542144880181,-0.0023128631443830759,-0.11493353688711434,-0.24567482847936656,-1.9646076567467461,-0.0072434306357845339,0.21873275538222586,-4.4207700454902117,-0.0072434306357845339,0.24567482847936656,1.9646076567467461,0.0072434306357845339,-0.21873275538222586,4.4207700454902117,0.0072434306357845339
hold,0,148,1.4900000000000011,0,0,1,2,2,-0.0011085166938018531,0.0030835223468490451,-0.00014710650845857688,-0.033352213491483991,0.31539983800962373,0,-0.95587848570645706,1.6413147506668624,-0.039616646746050456,-0.99200903394182494,1.6384712109205699,0.079708918001209786,0.001979302110793381,0.0037547049168329483,-0.30616780893188972,-0.044847149976634484,0.0052695966960539147,-0.0014313241282092638,-0.22648347113689488,-1.9664693336237833,0.012915835904791357,0.26530592081808252,-4.4285875004503854,0.012915835904791357,0.22648347113689488,1.9664693336237833,-0.012915835904791357,-0.26530592081808252,4.4285875004503854,-0.012915835904791357
hold,0,149,1.5000000000000011,0,0,1,2,2,-0.0010772132027318804,0.0031622174727278223,-0.00023077937142259943,0.0082962306140321185,0.31539965069438175,0,-0.95564678819491933,1.6413164670606866,-0.042322897657713909,-0.9923466684441089,1.6384825809458734,0.080752024566424094,0.037457483984759572,-0.0021663623526084466,-0.2485727847188407,-0.025898953723463014,-0.0020361189820218778,0.17305170041815415,-0.2638152331031629,-1.9605619975049353,-0.010532535409488538,0.24905880058318278,-4.4213727449747378,-0.010532535409488538,0.2638152331031629,1.9605619975049353,0.010532535409488538,-0.24905880058318278,4.4213727449747378,0.010532535409488538
hold,0,150,1.5100000000000011,0,0,1,2,2,-0.0010436292556426779,0.0034672612883515459,-0.00021028782971399009,-0.002185728982313462,0.31540098283244505,0,-0.95530999834338293,1.6413059780401023,-0.045058547678893328,-0.99248419086135131,1.6384136086182763,0.08140459791679186,0.031205838867949819,-0.00029367263010192677,-0.29029222486271888,0.014108838133260039,-0.013355892097941165,-0.12553089489473657,-0.26025790679864441,-1.9623507750627673,-0.0065377228792668348,0.21015118806439897,-4.4095011932380421,-0.0065377228792668348,0.26025790679864441,1.9623507750627673,0.0065377228792668348,-0.21015118806439897,4.4095011932380421,0.0065377228792668348
hold,0,151,1.5200000000000011,0,0,1,2,2,-0.001003379885774966,0.0044064378912771363,-0.00049235336606348091,-0.045514046199688844,0.31539710398491272,0,-0.95540515898768141,1.6412695038617442,-0.046841504720812416,-0.99279826185407338,1.6383946261697351,0.080925411090775543,-0.041978708035104687,-0.0069109483666080695,-0.063317667651888732,-0.060268862403738604,0.0037299393662303141,0.0017928560456230216,-0.18631207474120198,-1.9554417058993967,0.026542039767893027,0.2870414565431742,-4.4264351651138831,0.026542039767893027,0.18631207474120198,1.9554417058993967,-0.026542039767893027,-0.2870414565431742,4.4264351651138831,-0.026542039767893027
hold,0,152,1.5300000000000011,0,0,1,2,2,-0.00096184611712948898,0.0039873088798684439,-0.00034023404117486546,0.055700354385757586,0.31539862261003615,0,-0.95548354299976079,1.6411148714240562,-0.045389284894977497,-0.99296263503634363,1.6383784098816889,0.082239230667456656,0.012790464765406993,-0.023767525145780916,0.31045225094774559,0.018701617776298599,-0.0049887978827813911,0.17565017969017679,-0.24045417544507863,-1.93734806961872,-0.040985830932304609,0.20938596182129898,-4.4175866975605027,-0.040985830932304609,0.24045417544507863,1.93734806961872,0.040985830932304609,-0.20938596182129898,4.4175866975605027,0.040985830932304609
hold,0,153,1.5400000000000011,0,0,1,2,2,-0.00092206504944758461,0.0039846318674586325,5.123339782879122e-05,0.02813292985455396,0.31539824566294816,0,-0.95547072937999622,1.6410138246851098,-0.043284740446032914,-0.99244947824718133,1.6383125097873894,0.080751448705136536,-0.00095492202762794862,0.00043529187654912753,0.10207520267518569,0.048768859650642565,0.0010737380156457688,-0.23647953051120454,-0.22681129761016028,-1.9607425127294789,-0.039192934089303723,0.17521346563365658,-4.4231220327045335,-0.039192934089303723,0.22681129761016028,1.9607425127294789,0.039192934089303723,-0.17521346563365658,4.4231220327045335,0.039192934089303723
hold,0,154,1.5500000000000012,0,0,1,2,2,-0.00088014242322094483,0.0043312804918081904,5.1913720323335006e-05,-0.018642250245157688,0.31538739759998485,0,-0.95560288287819084,1.6411082788732119,-0.043718684471332092,-0.99231235692635378,1.6384359457640161,0.078395917130322096,-0.021083610326050502,0.014271524176785542,-0.13620520167430336,-0.0084519094938525791,0.018196866809857132,-0.23618901676977977,-0.20562538132618077,-1.9753343785345316,-0.011819841132763513,0.23133726421153133,-4.4412326493117584,-0.011819841132763513,0.20562538132618077,1.9753343785345316,0.011819841132763513,-0.23133726421153133,4.4412326493117584,0.011819841132763513
hold,0,155,1.5600000000000012,0,0,1,2,2,-0.00083774167353020679,0.0041924486357346417,3.3050766885251303e-05,0.0093276646205351747,0.31537689570277261,0,-0.95559128208602973,1.6412103477672588,-0.045255566265735979,-0.99229780463959161,1.6385927971163738,0.076605871947004842,0.0088739734569393599,0.0036862939336173312,-0.098863953083681455,0.0087565316859595441,0.013404682603827114,-0.14336234837383213,-0.23567577144645954,-1.9655656994437392,-0.02803811923481999,0.21401240473762184,-4.4376952759245905,-0.02803811923481999,0.23567577144645954,1.9655656994437392,0.02803811923481999,-0.21401240473762184,4.4376952759245905,0.02803811923481999
hold,0,156,1.5700000000000012,0,0,1,2,2,-0.00079456182247507334,0.0043977559496154953,2.0338623450603749e-05,-0.0083497555228663305,0.31536816505234444,0,-0.95568520331040763,1.6412349232410233,-0.045668773469432974,-0.99232579514094288,1.638729160771617,0.075222774643464954,-0.021012276437700553,0.0035383796350501261,-0.016122210737085037,-0.010244835041375773,0.013623687643376495,-0.13583865125114125,-0.20503815175679641,-1.9656143889352875,-0.017674611761929547,0.23323769547576734,-4.4390051902060854,-0.017674611761929547,0.20503815175679641,1.9656143889352875,0.017674611761929547,-0.23323769547576734,4.4390051902060854,0.017674611761929547
hold,0,157,1.5800000000000012,0,0,1,2,2,-0.0007520496714367858,0.0041534941904785502,0.00011734176610995512,0.021730635029739348,0.31536153150924306,0,-0.95583297909794407,1.6411963666817102,-0.044701206188404799,-0.99226307804291314,1.6388308817287036,0.074113992300125581,-0.011265793443754321,-0.0078588066133091182,0.17136877221629973,0.01744088246520327,0.0079066234273841695,-0.095604657812951702,-0.21360242845045113,-1.9539087502124237,-0.039212176212861112,0.20505024118495035,-4.434101893646786,-0.039212176212861112,0.21360242845045113,1.9539087502124237,0.039212176212861112,-0.20505024118495035,4.434101893646786,0.039212176212861112
hold,0,158,1.5900000000000012,0,0,1,2,2,-0.00071161705086709992,0.0039551705857443784,0.00029852508051735353,0.015656341041387512,0.31535414651569238,0,-0.9559615830261905,1.6411774074391521,-0.043399326925837499,-0.99208152641893721,1.6389269319530377,0.0728134533394863,-0.0065022446443287014,0.0057434391059333701,0.035788409805955809,0.018616712782498483,0.010812820572693727,-0.15303657617650615,-0.21733714582390531,-1.9673593219912013,-0.041559741573758767,0.20242199787584772,-4.4377764925867682,-0.041559741573758767,0.21733714582390531,1.9673593219912013,0.041559741573758767,-0.20242199787584772,4.4377764925867682,0.041559741573758767
hold,0,159,1.6000000000000012,0,0,1,2,2,-0.00067313642014112107,0.0037856544158762131,0.00038117192751997275,0.0033613307391146268,0.31534326164264015,0,-0.9559272573854144,1.6412928692147859,-0.044433241318280498,-0.99191121470252375,1.6390476992931102,0.070877237377556399,0.0058026155674952857,0.011888985746143882,-0.14982856997708752,0.016039098542838571,0.012913657581962735,-0.22098684677696323,-0.22991661116193809,-1.9744285628364824,-0.036252893286130676,0.20363711838419996,-4.4408434683166167,-0.036252893286130676,0.22991661116193809,1.9744285628364824,0.036252893286130676,-0.20363711838419996,4.4408434683166167,0.036252893286130676
hold,0,160,1.6100000000000012,0,0,1,2,2,-0.00063458406586325289,0.0038926366017324014,0.00027914914972594374,-0.019269867793478918,0.31533050312935929,0,-0.95605980438365834,1.6413727252574222,-0.045337170483630361,-0.99184541902052681,1.6391821163836462,0.068393746859568408,-0.025010450046109887,0.0090504824484676574,-0.075388813703628946,0.00038379014302998646,0.013890985562271757,-0.26778788740193293,-0.19804316956238138,-1.9722289078798962,-0.018682007135634372,0.218766061328033,-4.4428961330212138,-0.018682007135634372,0.19804316956238138,1.9722289078798962,0.018682007135634372,-0.218766061328033,4.4428961330212138,0.018682007135634372
hold,0,161,1.6200000000000012,0,0,1,2,2,-0.00059695637995162143,0.0036793266367498266,0.00022285768669969743,0.0034777392916600447,0.31532022693533046,0,-0.95625281341806656,1.6414223542328723,-0.045364697926208571,-0.99170572401938684,1.639292511546993,0.065853372247098446,-0.017339992351012516,8.7714823290572022e-06,0.06828125575380467,0.023274806810869162,0.0092094945158195784,-0.247087393229552,-0.20416955498221298,-1.9635842287173588,-0.029705361623567631,0.19475748465107406,-4.4390978032815358,-0.029705361623567631,0.20416955498221298,1.9635842287173588,0.029705361623567631,-0.19475748465107406,4.4390978032815358,0.029705361623567631
hold,0,162,1.6300000000000012,0,0,1,2,2,-0.00056033457201179471,0.003648868003527957,0.00021929712727370888,-0.0029179566594355194,0.31531139623945798,0,-0.9565542642187379,1.6414030222703857,-0.043987114713653637,-0.99148471745911659,1.6393905989883764,0.063187428863579462,-0.039024456020337259,-0.0028447680309468724,0.18456516631979966,0.021518441539735762,0.01023221066225021,-0.28093778645242773,-0.18007348490751751,-1.96057603350419,-0.025475946618094051,0.19474579744004553,-4.4409052189590339,-0.025475946618094051,0.18007348490751751,1.96057603350419,0.025475946618094051,-0.19474579744004553,4.4409052189590339,0.025475946618094051
hold,0,163,1.6400000000000012,0,0,1,2,2,-0.00052587220623771802,0.0032991428235026633,0.00028843376300998256,0.013428074999834868,0.31530286404876595,0,-0.95679361824051168,1.6414393366552611,-0.042803944482462851,-0.99114537869566521,1.6394881956099567,0.060246042481498348,-0.0083030852022157233,0.0093542738454162298,0.030374031317784815,0.042429836630910545,0.0095188787740624232,-0.30476623914763729,-0.20888002355144883,-1.9730655904595562,-0.036654737862561952,0.1711196922412597,-4.4409726600434887,-0.036654737862561952,0.20888002355144883,1.9730655904595562,0.036654737862561952,-0.1711196922412597,4.4409726600434887,0.036654737862561952
hold,0,164,1.6500000000000012,0,0,1,2,2,-0.00049224561734190209,0.0034019379581463742,0.00021910174557104051,-0.020515737136617508,0.31529273372844141,0,-0.95690447361999298,1.6415868378192295,-0.043893832959449118,-0.99086580666846436,1.6396038001138991,0.056746159376078867,-0.012626574997334765,0.017213401758296741,-0.19809756064043221,0.01855008036500715,0.012905213776404124,-0.38147427473693629,-0.20366969072047938,-1.9821047276841843,-0.013214448044422795,0.19276287228955624,-4.4452838310773695,-0.013214448044422795,0.20366969072047938,1.9821047276841843,0.013214448044422795,-0.19276287228955624,4.4452838310773695,0.013214448044422795
hold,0,165,1.6600000000000013,0,0,1,2,2,-0.00045695088067276846,0.0036214694679246925,-2.8474022294884396e-05,-0.027553842016735542,0.3152839250823119,0,-0.95716223094591713,1.6416890183301862,-0.044928492422232937,-0.99075684169036271,1.6396907351209224,0.053354689705740713,-0.035045727067145128,0.0068338516727021632,-0.044418539906023881,0.00027245434882555274,0.002904667742548704,-0.25964558713379332,-0.17918848004327587,-1.9725426216862432,-0.00032892250835982531,0.21016877848092466,-4.4359787650997005,-0.00032892250835982531,0.17918848004327587,1.9725426216862432,0.00032892250835982531,-0.21016877848092466,4.4359787650997005,0.00032892250835982531
hold,0,166,1.6700000000000013,0,0,1,2,2,-0.00042123835307118773,0.0035426640856091297,-0.00010381827863058138,0.0058315440683459497,0.31528134398631896,0,-0.95745017645840336,1.6416810085673381,-0.044124914268418358,-0.99075980948098552,1.6396171527771459,0.05257758979243133,-0.026814561250499396,-0.0080136740161754483,0.18797512339262923,-0.00059235823943610318,-0.013223820145613487,0.037686436221266058,-0.18511608176003175,-1.9576310178945808,-0.018040301725875257,0.21105733339416879,-4.4192616184613263,-0.018040301725875257,0.18511608176003175,1.9576310178945808,0.018040301725875257,-0.21105733339416879,4.4192616184613263,0.018040301725875257
hold,0,167,1.6800000000000013,0,0,1,2,2,-0.00038800579510664401,0.0031682447405814956,0.0001194290982514463,0.033284294621408632,0.31528147440795379,0,-0.9575671005028944,1.6416505954899099,-0.042419167998868773,-0.99074609216661336,1.6394654647786999,0.053998295859649062,0.0052761257761956247,0.0023657982382543235,0.10297230486112297,0.0027299888986232774,-0.016147130806213432,0.20986824798427109,-0.21627137643079844,-1.9677671855295846,-0.042158601811950719,0.20762524774113211,-4.4151248038131587,-0.042158601811950719,0.21627137643079844,1.9677671855295846,0.042158601811950719,-0.20762524774113211,4.4151248038131587,0.042158601811950719
hold,0,168,1.6900000000000013,0,0,1,2,2,-0.00035837148374379124,0.0028325231123290137,0.00041254808563722154,0.026668763710287195,0.31527791232632152,0,-0.95735835957131776,1.6417356610434446,-0.0429490368231987,-0.99081718364467564,1.6393370584077762,0.056364423804525325,0.031448104825866768,0.01158421208341748,-0.15252384040906067,-0.013731188389764847,-0.010714541986846267,0.25552980231288241,-0.24411328293308265,-1.9776661238030255,-0.047790669467332854,0.22465515685401849,-4.4195301416651356,-0.047790669467332854,0.24411328293308265,1.9776661238030255,0.047790669467332854,-0.22465515685401849,4.4195301416651356,0.047790669467332854
hold,0,169,1.7000000000000013,0,0,1,2,2,-0.00033131038768863252,0.0026346196300898791,0.00057755848834457966,0.0097551676180518895,0.31526912548231578,0,-0.95708211783451103,1.6418270025376889,-0.044710128345207323,-0.99108588905935457,1.6392614139693129,0.059013280685946856,0.019822966985567146,0.0065472095335125198,-0.15217255704287094,-0.035752238843620873,-0.0056369599704701274,0.27286792565569212,-0.23469807898723694,-1.9733598532070749,-0.04263757426204292,0.24882585062530599,-4.4240025681738055,-0.04263757426204292,0.23469807898723694,1.9733598532070749,0.04263757426204292,-0.24882585062530599,4.4240025681738055,0.04263757426204292
hold,0,170,1.7100000000000013,0,0,1,2,2,-0.00030795837491369438,0.0021400723785491719,0.00076641747069529039,0.02497979755548475,0.31525793075617281,0,-0.95683137011769326,1.6418659297692344,-0.045798444742404416,-0.99138684767933505,1.6392098743978087,0.061989227723327725,0.028240616140699171,0.0028239622282788803,-0.081420591377556362,-0.026537186355450368,-0.0049401731903734591,0.31600411312946586,-0.24512170987691109,-1.9699480237542053,-0.057000922481342087,0.24201846709697927,-4.4242870383818689,-0.057000922481342087,0.24512170987691109,1.9699480237542053,0.057000922481342087,-0.24201846709697927,4.4242870383818689,0.057000922481342087
hold,0,171,1.7200000000000013,0,0,1,2,2,-0.00028959560119051764,0.0016417512255480927,0.0010050315435031112,0.02313091038617391,0.31524352840250824,0,-0.95653798072312446,1.6419385100090862,-0.046910977438379596,-0.99166314258092925,1.6391902769768529,0.065068121668368159,0.029663894411826881,0.0087468941746169666,-0.12124719650631011,-0.028794452240666298,-0.00010509480617695215,0.30619950497373327,-0.24889210330458919,-1.9764515976193577,-0.062543702753537267,0.2464860921949488,-4.4289653373984192,-0.062543702753537267,0.24889210330458919,1.9764515976193577,0.062543702753537267,-0.2464860921949488,4.4289653373984192,0.062543702753537267
hold,0,172,1.7300000000000013,0,0,1,2,2,-0.00027661369204388941,0.0010739187013856055,0.0012276247271659122,0.021683849755766909,0.31522507828371243,0,-0.95620224207613513,1.642060571376716,-0.048534915632635227,-0.99194935599703538,1.6392134886564156,0.068018547668833598,0.036503759455176865,0.014201986542276411,-0.19033634566780541,-0.028958900205253529,0.0038026548666440165,0.29132705428946792,-0.25841787752385381,-1.9828831809280558,-0.067304172925621658,0.24894024748838506,-4.433058780507741,-0.067304172925621658,0.25841787752385381,1.9828831809280558,0.067304172925621658,-0.24894024748838506,4.433058780507741,0.067304172925621658
hold,0,173,1.7400000000000013,0,0,1,2,2,-0.00026902471671179373,0.00055241606756043816,0.0013944404351369784,0.013350493933652088,0.31520329781616802,0,-0.95582704303547539,1.6422184885120408,-0.05083766710631428,-0.99227477064879777,1.6392720688343809,0.070818369577246285,0.038247385136843524,0.017094265675669598,-0.25826347437200242,-0.035360479411154624,0.0070975393781670219,0.2759483318199672,-0.26316309553079842,-1.9870387971440471,-0.065767458987250463,0.2579451439083853,-4.4368223064429868,-0.065767458987250463,0.26316309553079842,1.9870387971440471,0.065767458987250463,-0.2579451439083853,4.4368223064429868,0.065767458987250463
hold,0,174,1.7500000000000013,0,0,1,2,2,-0.00026668155241420244,1.4615124348720768e-05,0.0015027704494166207,0.0091259233072966336,0.31517942534009696,0,-0.9554103515817518,1.6424040997660334,-0.053809839965716769,-0.99264715425208006,1.6393621342883073,0.07351914939833748,0.044132199220849197,0.019671976179719008,-0.3250202617616792,-0.036060257737937765,0.0145557296647189,0.22914569251405081,-0.27238144124459274,-1.9911013976800376,-0.06440158202477736,0.26162399106142675,-4.4450010203609498,-0.06440158202477736,0.27238144124459274,1.9911013976800376,0.06440158202477736,-0.26162399106142675,4.4450010203609498,0.06440158202477736
hold,0,175,1.7600000000000013,0,0,1,2,2,-0.00026941678476236075,-0.0004643286849847122,0.0015368832298244426,-0.00039624809862917371,0.3151547812425165,0,-0.95496441273343802,1.6426118386813822,-0.057446285968003288,-0.99291767982762602,1.6396293911940629,0.074323694136771132,0.045213175973622476,0.021519440056139528,-0.3915410597194785,-0.019995873996882324,0.032226961462436046,-0.012828765702068194,-0.27702992878387633,-1.9946107728792482,-0.057081086201204514,0.24772381192473902,-4.4648103074047123,-0.057081086201204514,0.27702992878387633,1.9946107728792482,0.057081086201204514,-0.24772381192473902,4.4648103074047123,0.057081086201204514
hold,0,176,1.7700000000000014,0,0,1,2,2,-0.00027472282593150876,-0.00057803210075990609,0.0013730884664930371,-0.027039739056697459,0.31513145305124429,0,-0.95461880362139206,1.6428322111583669,-0.061680625333222619,-0.99313049694873801,1.6399696644652053,0.073194794477596317,0.028021658741150143,0.022076354481570633,-0.44710908733990296,-0.021757964986622757,0.034290995587052682,-0.17762307584635004,-0.26260328444777159,-1.9969306671205569,-0.033187363681621604,0.25118843988337536,-4.4695965276984673,-0.033187363681621604,0.26260328444777159,1.9969306671205569,0.033187363681621604,-0.25118843988337536,4.4695965276984673,0.033187363681621604
hold,0,177,1.7800000000000014,0,0,1,2,2,-0.00028020460779848433,-0.00053403083566583949,0.0010521637471983117,-0.035466551990167933,0.31511380782251958,0,-0.95440557808197446,1.6430159042642409,-0.065847990293420935,-0.99332469872377316,1.6402645354643806,0.071173378131666826,0.017306697994987887,0.015784508226365918,-0.39940644744464254,-0.017622157710978959,0.026127765426840782,-0.21954996186439421,-0.25359412801695019,-1.9921083657123446,-0.015433894104487735,0.24860624680801274,-4.4637922655316578,-0.015433894104487735,0.25359412801695019,1.9921083657123446,0.015433894104487735,-0.24860624680801274,4.4637922655316578,0.015433894104487735
hold,0,178,1.7900000000000014,0,0,1,2,2,-0.00028411298636345228,-0.00030110861293732396,0.00068917005448538226,-0.036858165628361209,0.31510463988969967,0,-0.95432697296776559,1.6431158615578765,-0.069015770669571222,-0.99350140249604069,1.6404611435789822,0.069210924307611291,0.001708095142739007,0.0064000214278604733,-0.26440235001527645,-0.017484553217711484,0.015472385558167125,-0.18295061189596112,-0.23862436607837231,-1.9835235372629236,-0.0015039657799224247,0.24988227249288553,-4.4547097505797977,-0.0015039657799224247,0.23862436607837231,1.9835235372629236,0.0015039657799224247,-0.24988227249288553,4.4547097505797977,0.0015039657799224247
hold,0,179,1.8000000000000014,0,0,1,2,2,-0.00028576185190397341,-7.7725238029679794e-05,0.00040877300314398114,-0.022160342539895649,0.31510453639050962,0,-0.95434713295696427,1.64313453039951,-0.070664534651825872,-0.99362916198725459,1.6405486466262287,0.067922865270577726,-0.0041908106211428148,-0.0013853593315636824,-0.099759025871921703,-0.0094301397584574866,0.0044501433826282955,-0.095123553287534066,-0.23256418040090099,-1.9758875072365674,-0.00092068913266922514,0.24284993496334278,-4.4443875327822306,-0.00092068913266922514,0.23256418040090099,1.9758875072365674,0.00092068913266922514,-0.24284993496334278,4.4443875327822306,0.00092068913266922514
hold,0,180,1.8100000000000014,0,0,1,2,2,-0.00028516982501010368,0.00014911540916153783,0.00027002390063442244,-0.0083494133609328461,0.31511193533379495,0,-0.95444121266205384,1.6430742696387761,-0.070603580470788449,-0.99368774066026044,1.6405451990736775,0.067456185807559785,-0.012976684597274954,-0.0089443909772726725,0.076289125453982948,-0.0033441030540997726,-0.003409424472682727,-0.015887160300239678,-0.22302566878405233,-1.9678463895049876,-0.0053997843119615299,0.23723252764303185,-4.4365003845065099,-0.0053997843119615299,0.22302566878405233,1.9678463895049876,0.0053997843119615299,-0.23723252764303185,4.4365003845065099,0.0053997843119615299
hold,0,181,1.8200000000000014,0,0,1,2,2,-0.00028317026463539618,0.00023279517229923596,0.00029000851711075522,0.0088935542237084577,0.31512409913782041,0,-0.95457767026093499,1.6429679560125434,-0.069081465587442228,-0.99365059129453803,1.6404822001065067,0.067607599522101325,-0.013392939818430673,-0.011140347271766264,0.19527092893792197,0.008462716357174712,-0.0081469125354540223,0.035234147913321599,-0.22151775277184743,-1.9647999242006324,-0.017517427574108322,0.22512851330597808,-4.4312589047063717,-0.017517427574108322,0.22151775277184743,1.9647999242006324,0.017517427574108322,-0.22512851330597808,4.4312589047063717,0.017517427574108322
hold,0,182,1.8300000000000014,0,0,1,2,2,-0.0002807324271085071,0.00025322358864304361,0.00041834418523166368,0.015461818873189034,0.31513773360785735,0,-0.95474131664013129,1.6428401194599436,-0.066618872813461238,-0.99352286146673929,1.6403966531101375,0.067933636674449016,-0.018647859503439158,-0.013732590158118209,0.28176844850800598,0.015601169064736894,-0.0088106622836230213,0.031243842547819565,-0.21495366205326855,-1.9611849888934816,-0.026843039434708185,0.216968221976026,-4.4299107789872494,-0.026843039434708185,0.21495366205326855,1.9611849888934816,0.026843039434708185,-0.216968221976026,4.4299107789872494,0.026843039434708185
hold,0,183,1.8400000000000014,0,0,1,2,2,-0.00027888052894736726,0.00014225674173431763,0.00060014808011735503,0.019992996094265299,0.31515017132282735,0,-0.95493880596363345,1.6427043803577086,-0.063559319374526316,-0.99330777211173182,1.640318692901046,0.06798853537875893,-0.020766668939761056,-0.013452899249419508,0.32412728230406701,0.025365892317879918,-0.007123949456228673,-0.010970824124115279,-0.21125493802892931,-1.9603787669843005,-0.03626530294617452,0.20548278388282321,-4.4309738101419125,-0.03626530294617452,0.21125493802892931,1.9603787669843005,0.03626530294617452,-0.20548278388282321,4.4309738101419125,0.03626530294617452
hold,0,184,1.8500000000000014,0,0,1,2,2,-0.0002785280444877053,-2.9452661806189618e-05,0.00077962162629066352,0.016596908026622444,0.31515948653768533,0,-0.95514740797193909,1.6426066845943588,-0.060602307668912246,-0.9930166243437859,1.6402703865141284,0.067411033212552943,-0.022455165739881253,-0.0096955592941160296,0.29852543520894287,0.031550995158434299,-0.0033434858468755733,-0.088181191475802417,-0.20789762516236404,-1.9633545408328055,-0.040261871581917914,0.19696849889870147,-4.4343678226559238,-0.040261871581917914,0.20789762516236404,1.9633545408328055,0.040261871581917914,-0.19696849889870147,4.4343678226559238,0.040261871581917914
hold,0,185,1.8600000000000014,0,0,1,2,2,-0.00027980706516646248,-0.00019337236829090076,0.0008946042595640544,0.0080945820156077125,0.3151650320140037,0,-0.95541656923727591,1.6425182387074835,-0.057667435565666593,-0.99268417231788142,1.6402608078113539,0.066000733355657676,-0.03022759171267542,-0.0081639287896295501,0.29195157636326524,0.03436056824064606,0.00062286296073302218,-0.17604261458674311,-0.19797190906687526,-1.9641786042422895,-0.038534541447770361,0.19149930960925382,-4.4382575418413364,-0.038534541447770361,0.19797190906687526,1.9641786042422895,0.038534541447770361,-0.19149930960925382,4.4382575418413364,0.038534541447770361
hold,0,186,1.8700000000000014,0,0,1,2,2,-0.00028291246866199438,-0.00038980349527192783,0.00095017673696507052,0.0038596326475859861,0.31516764055808483,0,-0.9557499899632822,1.6424421604651269,-0.054700832512906236,-0.99230408990107666,1.6402836666626093,0.063786652637270042,-0.03571564262306666,-0.0071978985931199597,0.30155885333718724,0.040524241065374077,0.0033976948612941087,-0.25222942986746399,-0.18981649234843373,-1.9645360084999466,-0.036961248341226854,0.18229497745008771,-4.4412152445519411,-0.036961248341226854,0.18981649234843373,1.9645360084999466,0.036961248341226854,-0.18229497745008771,4.4412152445519411,0.036961248341226854
hold,0,187,1.8800000000000014,0,0,1,2,2,-0.00028781379758860415,-0.0005592300029317387,0.00095765421173473852,-0.0013342862858967759,0.31516821119478905,0,-0.95615745589479639,1.6423733628048278,-0.051539124419260569,-0.99187362349993968,1.6403307512698468,0.060861738796209153,-0.044387459286235956,-0.0066732818912024205,0.3277804190629906,0.04490407854022966,0.0055874403619829973,-0.32053680904775811,-0.17788494823315087,-1.9645102439194715,-0.033029380754076673,0.17447140876613634,-4.4437816669105299,-0.033029380754076673,0.17788494823315087,1.9645102439194715,0.033029380754076673,-0.17447140876613634,4.4437816669105299,0.033029380754076673
hold,0,188,1.8900000000000015,0,0,1,2,2,-0.00029452698100210228,-0.00074283410322317452,0.00093714095056631689,-0.0025183867579574907,0.31516766627097631,0,-0.95661422966691978,1.6423308639479344,-0.048308754641190471,-0.99138448614761221,1.6403929216682451,0.057342366889173747,-0.048364846581251668,-0.0056984629118733351,0.34665943075151184,0.051867649733808349,0.0066164062689489959,-0.37468162603024324,-0.17025337076114808,-1.965145072043653,-0.030432454439842403,0.16359473875393787,-4.4453079960046828,-0.030432454439842403,0.17025337076114808,1.965145072043653,0.030432454439842403,-0.16359473875393787,4.4453079960046828,0.030432454439842403
hold,0,189,1.9000000000000015,0,0,1,2,2,-0.00030254320746614383,-0.00083179870044272739,0.00088732249408370642,-0.0065938713128634325,0.31516678786760083,0,-0.95717602149163605,1.6422553722359803,-0.044376266514794503,-0.99088312331107131,1.6404448010038422,0.053641055437360023,-0.061799900585540087,-0.0087086065318263649,0.4265430840399948,0.043340013903844309,0.0014466688315079332,-0.31575401697498695,-0.15232398215912948,-1.9615309947280672,-0.025380104231778684,0.16811147189157472,-4.4405532932520178,-0.025380104231778684,0.15232398215912948,1.9615309947280672,0.025380104231778684,-0.16811147189157472,4.4405532932520178,0.025380104231778684
hold,0,190,1.9100000000000015,0,0,1,2,2,-0.00031274033339749596,-0.0011643393520564249,0.00092554058722321415,0.01070377991636165,0.31516667855274627,0,-0.95767798735034027,1.6422095200550355,-0.040382127653277082,-0.9904904591915924,1.6404000992936141,0.051744577649656696,-0.034718657607548747,0.002734249528353697,0.30737528162988975,0.036586618120352341,-0.0073922857964672283,-0.11119307282518651,-0.17538949826748712,-1.9726070333406891,-0.035901127637225423,0.17172355471923539,-4.4313567249422174,-0.035901127637225423,0.17538949826748712,1.9726070333406891,0.035901127637225423,-0.17172355471923539,4.4313567249422174,0.035901127637225423
hold,0,191,1.9200000000000015,0,0,1,2,2,-0.00032619951305538908,-0.0014662665267694769,0.001021722068616933,0.0088925902833684508,0.31516593362482265,0,-0.95783380810232743,1.6423066773427277,-0.038951264935485203,-0.99023519557464379,1.6403221253465776,0.051343818483803802,-0.0023900581525820985,0.012735758595274357,0.038937536154212256,0.018317966088489179,-0.007769730891363188,0.0048342065037319144,-0.20647153170655641,-1.9833858007091474,-0.036840651993644155,0.18795009781550967,-4.4303554882710303,-0.036840651993644155,0.20647153170655641,1.9833858007091474,0.036840651993644155,-0.18795009781550967,4.4303554882710303,0.036840651993644155
hold,0,192,1.9300000000000015,0,0,1,2,2,-0.00034156290260640987,-0.0015828338517250113,0.0010152934387407458,-0.006999554000624306,0.31516350225098511,0,-0.95775686242865032,1.6424502562200032,-0.03989909345218242,-0.99022741221282451,1.6402512007959333,0.051922340325471113,0.01441740077614383,0.014832539440348751,-0.18089410180367504,-0.010770662219527844,-0.0065958682479838743,0.092058834189968283,-0.22389455602469921,-1.9866312125724255,-0.025886756209209518,0.21697645922897246,-4.4309619545092556,-0.025886756209209518,0.22389455602469921,1.9866312125724255,0.025886756209209518,-0.21697645922897246,4.4309619545092556,0.025886756209209518
hold,0,193,1.9400000000000015,0,0,1,2,2,-0.00035777780346055166,-0.0016470198837087906,0.00091966536180002631,-0.011267172734612774,0.31516128365303364,0,-0.95749833768415593,1.6425819517920397,-0.042535088739241861,-0.99045723664655405,1.640171046483377,0.053562768017122828,0.033432429975114877,0.011881929603705273,-0.31769503004067901,-0.031020210811708311,-0.0089921961708485584,0.21136164647774541,-0.24497778317962543,-1.9847341673120742,-0.019017727830877362,0.23906460329098925,-4.4279243920859397,-0.019017727830877362,0.24497778317962543,1.9847341673120742,0.019017727830877362,-0.23906460329098925,4.4279243920859397,0.019017727830877362
hold,0,194,1.9500000000000015,0,0,1,2,2,-0.00037374959633727778,-0.0015489863752607073,0.00079027664407725975,-0.014001121677245838,0.31516074320183096,0,-0.95717457826912811,1.6426442667164873,-0.045468344044173666,-0.99089449949691333,1.6400580844829515,0.056508947013990132,0.02429757134130478,0.00013774225123120223,-0.21628122516140047,-0.052185246868847353,-0.012968543254230603,0.35065618806510213,-0.23843299986603791,-1.9734884993551811,-0.012683973934473257,0.26372774215100248,-4.423044348999154,-0.012683973934473257,0.23843299986603791,1.9734884993551811,0.012683973934473257,-0.26372774215100248,4.423044348999154,0.012683973934473257
hold,0,195,1.9600000000000015,0,0,1,2,2,-0.00039011976101638313,-0.0016902099945872821,0.00081400626495846536,0.013306261921865337,0.31516303255463202,0,-0.95693472281625036,1.6425748640028321,-0.046197216347382067,-0.99138630802753991,1.6398930588404117,0.061052725495702405,0.023304027063549941,-0.010768568818329839,0.02091314500012089,-0.047909678198890367,-0.018914955662954588,0.52843757466447328,-0.23935829921130505,-1.9620269665763785,-0.029981391350718395,0.26338664172605819,-4.4157777314501114,-0.029981391350718395,0.23935829921130505,1.9620269665763785,0.029981391350718395,-0.26338664172605819,4.4157777314501114,0.029981391350718395
hold,0,196,1.9700000000000015,0,0,1,2,2,-0.00040936169229280339,-0.0020704822235603181,0.0010984875852810391,0.038562103228686979,0.31516569037219389,0,-0.95666633606925144,1.6424593505063778,-0.045186143096976578,-0.99181667555990138,1.6396985548686316,0.067044318260892813,0.028964841035004227,-0.011840992757407607,0.15515396207682441,-0.040645012269135805,-0.02012217689556391,0.65364975163738515,-0.24716620715875065,-1.9600304346656661,-0.054948297365980447,0.25956491605519538,-4.4130144784432614,-0.054948297365980447,0.24716620715875065,1.9600304346656661,0.054948297365980447,-0.25956491605519538,4.4130144784432614,0.054948297365980447
hold,0,197,1.9800000000000015,0,0,1,2,2,-0.00043377210022184365,-0.0026885815214453936,0.0015617774191962574,0.051485960724278051,0.31516386649127115,0,-0.95632448388876412,1.6423772103632805,-0.04360358215288819,-0.99217929762440171,1.6395350926017698,0.073666050038598399,0.037512334298553988,-0.0057806775062293489,0.16182733679335121,-0.030964953669556091,-0.0091230846628996016,0.62948834443370583,-0.25844851786619905,-1.9654336287720664,-0.077875056789578817,0.25278583397161836,-4.4227058725410311,-0.077875056789578817,0.25844851786619905,1.9654336287720664,0.077875056789578817,-0.25278583397161836,4.4227058725410311,0.077875056789578817
hold,0,198,1.9900000000000015,0,0,1,2,2,-0.00046568791047220393,-0.003526234056512559,0.0020424356944624892,0.045767146569234494,0.31515395387835476,0,-0.95577298999691884,1.6424427959656995,-0.043881638104606692,-0.99232386861021427,1.6396288567063539,0.077855029763740369,0.07223362128926529,0.015269606200287004,-0.19115562629592761,-0.0027158260046028365,0.018769860960803388,0.28838458533180944,-0.29758175599167258,-1.9870085972979346,-0.088506236595920412,0.22569327419316548,-4.4513489310014078,-0.088506236595920412,0.29758175599167258,1.9870085972979346,0.088506236595920412,-0.22569327419316548,4.4513489310014078,0.088506236595920412
hold,0,199,2.0000000000000013,0,0,1,2,2,-0.00050140523639306822,-0.0035990785107524841,0.0020878730873499147,-0.022934554310985331,0.31513513854591479,0,-0.95533025549475159,1.6426418989212235,-0.046765596368985397,-0.99251866225285501,1.6399052342279883,0.078813377573972332,0.025196856076959408,0.022064693265617951,-0.34605977709006686,-0.030682731973151876,0.032431733396972064,-0.026697123227370043,-0.25408686679670467,-1.9953965080074569,-0.046533318811383298,0.2552185293028405,-4.4672218236106511,-0.046533318811383298,0.25408686679670467,1.9953965080074569,0.046533318811383298,-0.2552185293028405,4.4672218236106511,0.046533318811383298
hold,0,200,2.0100000000000002,0,0,1,2,2,-0.00053904228570640644,-0.003877899505712731,0.0018747243832340486,-0.020240322368584158,0.31511712960853899,0,-0.95507090401936612,1.6428062237016072,-0.049838600512701205,-0.99268839036783163,1.6401918810448994,0.077975115919007118,0.026365184277546059,0.013214889648077086,-0.28451840570369491,-0.0078326645271743402,0.025973555136431809,-0.12145940529899249,-0.2573300068003751,-1.9878613026329861,-0.038148818347336792,0.2337262867766759,-4.4630568198853995,-0.038148818347336792,0.2573300068003751,1.9878613026329861,0.038148818347336792,-0.2337262867766759,4.4630568198853995,0.038148818347336792
hold,0,201,2.0199999999999991,0,0,1,2,2,-0.00057695789207354298,-0.0037391827904755953,0.0015504718739532462,-0.040552792469085483,0.31510414616933158,0,-0.95495977750322036,1.6429374558012091,-0.052453463270758525,-0.99282566005481798,1.6404187666452255,0.07652227490923065,0.0011386014396451215,0.013084646332065868,-0.24788530249351398,-0.017624413485953002,0.020573090403911493,-0.1618835673557307,-0.23299243609164019,-1.9887809161137899,-0.013211751655447194,0.2446161932313454,-4.4594714399554878,-0.013211751655447194,0.23299243609164019,1.9887809161137899,0.013211751655447194,-0.2446161932313454,4.4594714399554878,0.013211751655447194
hold,0,202,2.029999999999998,0,0,1,2,2,-0.00061379708992530257,-0.0036493373460704721,0.0012311793475701951,-0.026173929243724997,0.31509834466730791,0,-0.9549702761561516,1.6430067938471611,-0.053945395352130492,-0.99293503004955452,1.640556841827012,0.075327866328821283,-0.003074095227754238,0.00176408238680296,-0.074971044322215075,-0.0063311867071331419,0.0094777798168636761,-0.093298193390127529,-0.22869575020079097,-1.978015056536143,-0.010044994381529126,0.23419792641041787,-4.4494807308227324,-0.010044994381529126,0.22869575020079097,1.978015056536143,0.010044994381529126,-0.23419792641041787,4.4494807308227324,0.010044994381529126
hold,0,203,2.0399999999999969,0,0,1,2,2,-0.00064917036205096312,-0.0034657372688683152,0.0010217232526694648,-0.017460940651566659,0.3150999611483648,0,-0.95506630603753651,1.6429981317509128,-0.053834113520274798,-0.99298843055559849,1.6406048188913995,0.07485938569255346,-0.013939137555272865,-0.0022585391853244844,0.06645410315021695,-0.0045622363936401802,0.0018215130213190996,-0.017423030900963712,-0.21706246882219307,-1.9739231381940292,-0.0081750759190252677,0.23285618014527662,-4.442208280542288,-0.0081750759190252677,0.21706246882219307,1.9739231381940292,0.0081750759190252677,-0.23285618014527662,4.442208280542288,0.0081750759190252677
hold,0,204,2.0499999999999958,0,0,1,2,2,-0.00068331720060096912,-0.0033810903866320239,0.00095866663899889378,0.0011330925704532684,0.31510727651020226,0,-0.95524129477315634,1.6429040975383278,-0.051897165043337537,-0.99297028122114561,1.640582837175272,0.075148408118887247,-0.020372993505723674,-0.013612238007577963,0.27895518463492003,0.0061346897937893906,-0.0047861956412914176,0.058866764203436998,-0.20922870298678364,-1.9618171656710954,-0.017762465909637894,0.22201405928222404,-4.4354247181506565,-0.017762465909637894,0.20922870298678364,1.9618171656710954,0.017762465909637894,-0.22201405928222404,4.4354247181506565,0.017762465909637894
hold,0,205,2.0599999999999947,0,0,1,2,2,-0.00071747269973865269,-0.0034361782048719725,0.0010610368839029929,0.016310032190850501,0.31511744523955365,0,-0.95546237122692079,1.6427628448756733,-0.048397136767746998,-0.99284000158599661,1.6405224588184637,0.075918592474562285,-0.023182445089982091,-0.015113930796352634,0.40018892803517048,0.017599930064669516,-0.0068552088870859999,0.089304090343613182,-0.20465063977240955,-1.9591854515810847,-0.030955177292377331,0.20950658193015192,-4.432872678050396,-0.030955177292377331,0.20465063977240955,1.9591854515810847,0.030955177292377331,-0.20950658193015192,4.432872678050396,0.030955177292377331
hold,0,206,2.0699999999999936,0,0,1,2,2,-0.00075286428121378035,-0.0036172747082110278,0.0012658403794733296,0.023222468467414329,0.31512685707158533,0,-0.95571690945233967,1.6426059714809054,-0.043946073736543807,-0.99260502263895778,1.6404628919140851,0.076657406736612796,-0.022711322641467049,-0.011732013406256549,0.42565994300620813,0.027294266987694937,-0.0053173023118692746,0.064494737452155629,-0.20308545641757358,-1.9613123818130376,-0.042285633727515981,0.19793241343081583,-4.4339340493905839,-0.042285633727515981,0.20308545641757358,1.9613123818130376,0.042285633727515981,-0.19793241343081583,4.4339340493905839,0.042285633727515981
hold,0,207,2.0799999999999925,0,0,1,2,2,-0.00079087461566620942,-0.0039206980074314403,0.0014776227810625066,0.019815420809212544,0.31513286295328025,0,-0.95576577614848213,1.6426064543232468,-0.041545796973048152,-0.99230234109352611,1.6404343408199222,0.076891878518930173,0.0077279981209631091,0.0056209499184923326,0.12311755284394116,0.032125978819057294,-0.0012526047801851795,-0.0027351877909124172,-0.23313384361086409,-1.978669207876518,-0.046705984316020702,0.1906792492360001,-4.4377703381689653,-0.046705984316020702,0.23313384361086409,1.978669207876518,0.046705984316020702,-0.1906792492360001,4.4377703381689653,0.046705984316020702
hold,0,208,2.0899999999999914,0,0,1,2,2,-0.00082940956561089463,-0.0038124301613660936,0.0014422890186753631,-0.01911131420650812,0.31513422457533297,0,-0.95568999945037447,1.6426997229504445,-0.041989419914450668,-0.99215772814555625,1.6404509869065054,0.076395953800969404,0.012827020260016963,0.0080685452107995652,-0.17588508777816997,0.0026090917741821481,0.00359202574795878,-0.080118257342954566,-0.23883907933477916,-1.9818629521864071,-0.021289453054107968,0.21903923269711639,-4.4427481373897741,-0.021289453054107968,0.23883907933477916,1.9818629521864071,0.021289453054107968,-0.21903923269711639,4.4427481373897741,0.021289453054107968
hold,0,209,2.0999999999999903,0,0,1,2,2,-0.00086597420641290612,-0.0035556053059207955,0.0011547553798409991,-0.035180392729675582,0.31513455160250115,0,-0.95556056838913705,1.6427907071891354,-0.044417235195716998,-0.99224888834803759,1.6404740428375635,0.075798280820089339,0.013301806882992442,0.0090963292536811909,-0.28662574634478288,-0.016845725472556985,0.0015160822264571503,-0.047362605868633507,-0.24034931444765401,-1.983618610138816,-0.0011355643569103228,0.23922333156370629,-4.4408566413167376,-0.0011355643569103228,0.24034931444765401,1.983618610138816,0.0011355643569103228,-0.23922333156370629,4.4408566413167376,0.0011355643569103228
hold,0,210,2.1099999999999892,0,0,1,2,2,-0.00089927590237147415,-0.0031710908100123117,0.00081978766817983795,-0.032333190347062023,0.3151390517425009,0,-0.95546379451501617,1.6428247996705294,-0.046679757972849054,-0.99248121434248926,1.6404494107922916,0.0760052376657675,0.0009686164012025298,-0.0025557102728949867,-0.1334574290315223,-0.027315269538926667,-0.0050867118032987321,0.064461613014521274,-0.22879031495883112,-1.9722393104633915,0.0082615386040532576,0.2515514835856893,-4.4340567909248065,0.0082615386040532576,0.22879031495883112,1.9722393104633915,-0.0082615386040532576,-0.2515514835856893,4.4340567909248065,-0.0082615386040532576
hold,0,211,2.1199999999999881,0,0,1,2,2,-0.00092952128238918408,-0.002922882794447316,0.00065265873964222678,-0.0062791495462690278,0.31514997253490018,0,-0.95549583024502049,1.6427361213892095,-0.046459824445474862,-0.99270450999398097,1.6403531012166113,0.07749989677480669,-0.0066966860102188035,-0.014814394263523375,0.13836461327762972,-0.018888909922569398,-0.012652232585590936,0.20512558515610727,-0.22086872670737523,-1.9592712002222044,-0.002833557816841064,0.24491148918126565,-4.4257207935370717,-0.002833557816841064,0.22086872670737523,1.9592712002222044,0.002833557816841064,-0.24491148918126565,4.4257207935370717,0.002833557816841064
hold,0,212,2.129999999999987,0,0,1,2,2,-0.00095859924285696119,-0.002911417289116328,0.00074962821922772225,0.020301519796493802,0.31516485154025886,0,-0.95551966285615286,1.6425773403228585,-0.04431928555328201,-0.99280498162976571,1.6402076287477731,0.080060619122547055,0.0077715672012637687,-0.011335071947926946,0.19017155955617004,-0.0042437511764894433,-0.01578698920799327,0.29061405644262006,-0.23514631902979885,-1.9614802740069923,-0.023378360687609977,0.23107010352146368,-4.4214222571639645,-0.023378360687609977,0.23514631902979885,1.9614802740069923,0.023378360687609977,-0.23107010352146368,4.4214222571639645,0.023378360687609977
hold,0,213,2.1399999999999859,0,0,1,2,2,-0.00098784565310018613,-0.0029475893594520129,0.00094487659174871533,0.018954499080431567,0.3151782709169576,0,-0.95534268348397866,1.6425265079899862,-0.043444199840163483,-0.99274613364050279,1.6400675967624645,0.082131137751226338,0.024670223678455411,-0.0020295723714830243,0.022768971749044999,0.028734961549541818,-0.015910268411762157,0.056104359468404627,-0.25346081048438412,-1.9703791149204581,-0.029955171177146279,0.19762060688132904,-4.4201787220777264,-0.029955171177146279,0.25346081048438412,1.9703791149204581,0.029955171177146279,-0.19762060688132904,4.4201787220777264,0.029955171177146279
hold,0,214,2.1499999999999848,0,0,1,2,2,-0.0010145646009458165,-0.00247968770960761,0.00082924825900704963,-0.031879158883319686,0.31518506813060387,0,-0.95527821460918405,1.6425514326278416,-0.044226277948719195,-0.99225015673161243,1.6398778010418291,0.079384272266041792,-0.0056844775446642393,0.0050475499251385362,-0.14312001138892411,0.046318748521034472,-0.01344690584701406,-0.41051678864596836,-0.22362186025962133,-1.977655634319923,0.0040946679726275685,0.1760690046387135,-4.4211237188773911,0.0040946679726275685,0.22362186025962133,1.977655634319923,-0.0040946679726275685,-0.1760690046387135,4.4211237188773911,-0.0040946679726275685
hold,0,215,2.1599999999999837,0,0,1,2,2,-0.0010333286388309881,-0.0014784527392949442,0.00026509683790585791,-0.07276584222048961,0.31518715267325753,0,-0.95558033172859136,1.6426034538069945,-0.045706280299164286,-0.99230996068569821,1.6398627004064972,0.076595031858640972,-0.046465864576971286,0.0052202273661090546,-0.15179969911640145,-0.038623551340392012,0.0038736799325144282,-0.19618608183983016,-0.18042353627205582,-1.978244481194116,0.046607492614169618,0.26148973613282622,-4.4383234995742642,0.046607492614169618,0.18042353627205582,1.978244481194116,-0.046607492614169618,-0.26148973613282622,4.4383234995742642,-0.046607492614169618
hold,0,216,2.1699999999999826,0,0,1,2,2,-0.0010474711415571214,-0.0013797908455176816,3.7216306671505387e-05,0.010515848859323211,0.31519950238928546,0,-0.95576213393019294,1.6425069486951029,-0.045183653187642829,-0.9924710472150805,1.639823436097114,0.076715526099999459,0.0024084445533133682,-0.015622640323861839,0.15549946379140542,0.00011354621402132059,-0.010059283621619754,0.14594017456317773,-0.22784342778952787,-1.956629572609013,0.0026637167065943152,0.22404133081347125,-4.424076421545065,0.0026637167065943152,0.22784342778952787,1.956629572609013,-0.0026637167065943152,-0.22404133081347125,4.424076421545065,-0.0026637167065943152
hold,0,217,2.1799999999999815,0,0,1,2,2,-0.0010588944502852721,-0.00098010827890824821,0.00014548669545191522,0.011042355252958498,0.31521879146008136,0,-0.95572905892000581,1.6423864327393214,-0.043921722718288279,-0.99258436148513296,1.6397183672466908,0.078907492704292051,0.0042478836208787001,-0.010434459046153423,0.10884170702946147,-0.018616177124616978,-0.011308143849859167,0.26831083320425797,-0.22994746693859019,-1.960853626240469,-0.0041342074762444302,0.24367756831252918,-4.4219870105134405,-0.0041342074762444302,0.22994746693859019,1.960853626240469,0.0041342074762444302,-0.24367756831252918,4.4219870105134405,0.0041342074762444302
hold,0,218,2.1899999999999804,0,0,1,2,2,-0.0010682492511391306,-0.00091499128338385391,0.00035645415426128113,0.027762382902167579,0.31523819927652674,0,-0.95553631582334209,1.6422872432186955,-0.043235300982314401,-0.99269449423270428,1.6395760903585885,0.08183414844772148,0.029316541469971046,-0.0098447330057007711,0.043268021269761536,0.0072064817511220888,-0.019151946457464514,0.23258954162788989,-0.25655806956099236,-1.9606498361159141,-0.02332960843922674,0.2187359714173607,-4.4130049928010164,-0.02332960843922674,0.25655806956099236,1.9606498361159141,0.02332960843922674,-0.2187359714173607,4.4130049928010164,0.02332960843922674
hold,0,219,2.1999999999999793,0,0,1,2,2,-0.0010754228503509211,-0.0005871537217729464,0.00043401739350595463,-0.0055906053814130394,0.31525281667978161,0,-0.95534599910186768,1.6422241957459476,-0.043610014556968342,-0.99235763506018526,1.6393712683374972,0.081074813902384399,0.012049212582469286,-0.0040776171323381816,-0.089452727959863365,0.050796205092124562,-0.020250087520102496,-0.28131597704932926,-0.24081327444528583,-1.9659125722072937,-0.0071955201635884175,0.17245137469620606,-4.4102682755696483,-0.0071955201635884175,0.24081327444528583,1.9659125722072937,0.0071955201635884175,-0.17245137469620606,4.4102682755696483,0.0071955201635884175
hold,0,220,2.2099999999999782,0,0,1,2,2,-0.0010750672575441378,0.0004621799838553872,1.0815067523401513e-05,-0.066757149596024787,0.31525869032451337,0,-0.95556805098339348,1.6422155760499524,-0.044839610652343237,-0.99225842159250743,1.6392887285205835,0.07800792356697421,-0.045061543873842883,0.0012396054644008179,-0.14501461671725166,-0.030876457776048881,0.0019098533469625086,-0.24247955747395361,-0.18192610293676725,-1.9711608372360712,0.042195194368396839,0.25333032982295689,-4.4317678979014028,0.042195194368396839,0.18192610293676725,1.9711608372360712,-0.042195194368396839,-0.25333032982295689,4.4317678979014028,-0.042195194368396839
hold,0,221,2.2199999999999771,0,0,1,2,2,-0.0010697367344751491,0.00057907374416319086,-0.000213513394726275,0.0071241819661269235,0.31526998924856692,0,-0.95567543106136044,1.6421562802526526,-0.045396182127055873,-0.99241191396003536,1.6392644590739609,0.077621586302504292,0.012325431361251625,-0.010592112843469954,0.0013936470592485033,-0.0034774371760796646,-0.0067147070175504761,0.092108468421652087,-0.23845403754812611,-1.9588547525498019,0.0038713018017280717,0.22715924816321109,-4.4229491819639088,0.0038713018017280717,0.23845403754812611,1.9588547525498019,-0.0038713018017280717,-0.22715924816321109,4.4229491819639088,-0.0038713018017280717
hold,0,222,2.229999999999976,0,0,1,2,2,-0.001060810049473393,0.0011045111242255366,-0.00018059561378608256,0.00074395743451040829,0.31528675754678454,0,-0.95558825212214427,1.6420529782616025,-0.045479735024719567,-0.9926156480117686,1.6391957306216978,0.079351132894740231,0.0063200088366345284,-0.010194239333073054,-0.014349998692433804,-0.031142273718382209,-0.0076190507824891382,0.2266034429661361,-0.23314604653723839,-1.958426210131798,0.003639118539501723,0.25645395711937957,-4.4214950105808652,0.003639118539501723,0.23314604653723839,1.958426210131798,-0.003639118539501723,-0.25645395711937957,4.4214950105808652,-0.003639118539501723
hold,0,223,2.2399999999999749,0,0,1,2,2,-0.0010492225848973691,0.0011851010186556981,-1.5006473518891998e-05,0.027065468396783775,0.31530457125936573,0,-0.95535135442897001,1.6419394584267923,-0.045728618301115222,-0.99281857539000762,1.6390777641838334,0.082074363801867875,0.035236236743240903,-0.012099936122447939,-0.031715174531213822,0.00016224784500080969,-0.01753800001757164,0.22586028305433606,-0.26395745598923881,-1.9556123546639421,-0.019957006009955525,0.22677285458190866,-4.4106323298428682,-0.019957006009955525,0.26395745598923881,1.9556123546639421,0.019957006009955525,-0.22677285458190866,4.4106323298428682,0.019957006009955525
hold,0,224,2.2499999999999738,0,0,1,2,2,-0.0010347566500212985,0.0015975920523956363,6.2033640769776791e-05,-0.0052816754139836377,0.3153181258712226,0,-0.95525466462466935,1.6418002113415104,-0.045541353558003317,-0.99259589977615015,1.6388932038888426,0.081549582275002086,-0.00099954563438571335,-0.0096129832667223199,-0.017670051700896652,0.044372211160417015,-0.020987289812564407,-0.27780408989121197,-0.22849519204601748,-1.9569853308374126,-0.0049701110862886248,0.18078148635563271,-4.4057065576879495,-0.0049701110862886248,0.22849519204601748,1.9569853308374126,0.0049701110862886248,-0.18078148635563271,4.4057065576879495,0.0049701110862886248
hold,0,225,2.2599999999999727,0,0,1,2,2,-0.0010137452660037155,0.0024550163201768295,-0.0002390527851324853,-0.046592818135912151,0.31532303381884996,0,-0.95557198924215392,1.6417246456806907,-0.0454425271574663,-0.9924509994660069,1.6388064535348015,0.078560454904393173,-0.054648286974723327,-0.0075786033701978287,0.051352748685780047,-0.018877632647288159,0.0015292683322507238,-0.23185395661781244,-0.17230785376580332,-1.9584151854473786,0.028102200955444551,0.24287212768219191,-4.4275291130004346,0.028102200955444551,0.17230785376580332,1.9584151854473786,-0.028102200955444551,-0.24287212768219191,4.4275291130004346,-0.028102200955444551
hold,0,226,2.2699999999999716,0,0,1,2,2,-0.00098983310792681578,0.0023496985660975416,-0.00027064474238475388,0.025803239717489775,0.31533103347033792,0,-0.95574026517418487,1.6416460297601261,-0.044644110914879812,-0.99245356517403882,1.6388060858659559,0.077911331956295987,0.0089246852668296017,-0.0088964802760994124,0.099168465256692664,0.013636421620304321,-0.0025712920085586097,0.042103584355204081,-0.23453461855110866,-1.9564683811769605,-0.015717912867364688,0.21037859907885478,-4.4234256113088612,-0.015717912867364688,0.23453461855110866,1.9564683811769605,0.015717912867364688,-0.21037859907885478,4.4234256113088612,0.015717912867364688
hold,0,227,2.2799999999999705,0,0,1,2,2,-0.00096413225447955497,0.0027201320274476337,-0.00012994221195261794,0.0062513982626406081,0.31534058009945964,0,-0.95568878675013869,1.6415936336615684,-0.04438797770217924,-0.9925062471776207,1.6388044403494422,0.078667919911267245,0.0026810924921139749,-0.0032413975899891327,-0.021071873959924992,-0.017421663107310921,0.0007711789173916214,0.098311514399148675,-0.22870285316876249,-1.9617042950746093,-0.011101146154153666,0.24185813983512508,-4.4267549181027013,-0.011101146154153666,0.22870285316876249,1.9617042950746093,0.011101146154153666,-0.24185813983512508,4.4267549181027013,0.011101146154153666
hold,0,228,2.2899999999999694,0,0,1,2,2,-0.00093698477567030758,0.0027141322820199076,2.8691134281900314e-05,0.02227462535903816,0.31534895259385681,0,-0.95548811827386992,1.6415592653922262,-0.045129715789260512,-0.99262882749770709,1.6387904560810171,0.080021094017951683,0.031614505321399949,-0.0037199964175291234,-0.10849342696399401,-0.008735608156992751,-0.0030115730629891348,0.16018148851947839,-0.25924161380819855,-1.9609507500923316,-0.027502347762091921,0.234152727445498,-4.4228602919749207,-0.027502347762091921,0.25924161380819855,1.9609507500923316,0.027502347762091921,-0.234152727445498,4.4228602919749207,0.027502347762091921
hold,0,229,2.2999999999999683,0,0,1,2,2,-0.00090823662830538665,0.0029880180566995108,0.00012618258678070917,0.0014129633543637863,0.31535474094702409,0,-0.95532484838415022,1.6414882322812119,-0.045853084970337493,-0.9928380293386847,1.6387700764456374,0.081544674728983357,0.0021349591053424271,-0.0075203366031695472,-0.030453520433644302,-0.029196752662851263,-0.0014267440545671687,0.14853011019071521,-0.23106822670989868,-1.9565821450185767,-0.019825932629896105,0.25628748667917745,-4.4242820839003052,-0.019825932629896105,0.23106822670989868,1.9565821450185767,0.019825932629896105,-0.25628748667917745,4.4242820839003052,0.019825932629896105
hold,0,230,2.3099999999999672,0,0,1,2,2,-0.00087989309361853618,0.0027390810961056473,0.00030264618537226545,0.028484702607675706,0.3153587205625572,0,-0.95527107510017073,1.6413497787298259,-0.044988096119515472,-0.99269630586516999,1.6386901276250834,0.081478602428087743,0.0067478810672120361,-0.016889909990490035,0.16353580155635775,0.033604745038622666,-0.0076410269438405062,-0.065520999917723755,-0.2361113349436042,-1.9461049432201685,-0.042540088609404413,0.19235220118958579,-4.4174282104465989,-0.042540088609404413,0.2361113349436042,1.9461049432201685,0.042540088609404413,-0.19235220118958579,4.4174282104465989,0.042540088609404413
hold,0,231,2.3199999999999661,0,0,1,2,2,-0.00085122384625951897,0.0029507460027657587,0.00035017479716924557,-0.011076538849988295,0.31535549586864464,0,-0.95534713528894755,1.6413295257643927,-0.04467179810801112,-0.99262853534496398,1.6387183856900529,0.080597004034750633,-0.013386249690305626,0.0059929226275935981,-0.071882157040407624,-0.010463847430293369,0.0087470027673015264,-0.10307628534844246,-0.21536872267587198,-1.9688257521147867,-0.020769792584435176,0.23587862949685373,-4.4340423046774973,-0.020769792584435176,0.21536872267587198,1.9688257521147867,0.020769792584435176,-0.23587862949685373,4.4340423046774973,0.020769792584435176
hold,0,232,2.329999999999965,0,0,1,2,2,-0.00082279160910372906,0.002781216795713041,0.00037504837132494638,0.011560230094227497,0.31534928885723906,0,-0.9553765794001402,1.641338970171903,-0.044929466201431789,-0.99263349993353689,1.6387979456791526,0.0798470082278189,-0.0012674552132614877,-0.0041874598396392827,0.048510554748721284,0.0065236315686828597,0.0070393158865236869,-0.057425243463166464,-0.22725196426337488,-1.9587209249076361,-0.035145827691733265,0.21893086720646079,-4.4329710977095171,-0.035145827691733265,0.22725196426337488,1.9587209249076361,0.035145827691733265,-0.21893086720646079,4.4329710977095171,0.035145827691733265
hold,0,233,2.3399999999999639,0,0,1,2,2,-0.0007953196218323938,0.0027206977123977408,0.00045787733304452109,0.0060823277376835013,0.31534250466500147,0,-0.95546123587869036,1.641324323921193,-0.044302157239302566,-0.99259020369456286,1.6388838583032912,0.079141330900709128,-0.01040795015564323,0.00081787099824405128,0.0503911893741373,0.0029711662683089223,0.0094983529420320789,-0.07937487610918241,-0.21743421749259184,-1.9636090857398392,-0.034712486105273666,0.22213696259504245,-4.4361174357581339,-0.034712486105273666,0.21743421749259184,1.9636090857398392,0.034712486105273666,-0.22213696259504245,4.4361174357581339,0.034712486105273666
hold,0,234,2.3499999999999628,0,0,1,2,2,-0.00076965299581156776,0.002479209641310127,0.00055907988416358911,0.01285627665221983,0.31533394604116705,0,-0.95541318997464675,1.6413817981298595,-0.044762759739546597,-0.99249792216969612,1.6389802675050853,0.07821510471481187,0.0082808360091723814,0.0042140008937997225,-0.041498230255690161,0.013485664259782549,0.0096522890910158473,-0.10164830717906742,-0.23650737088975637,-1.967465009304727,-0.04170713363689299,0.21088421240463495,-4.4370426455214709,-0.04170713363689299,0.23650737088975637,1.967465009304727,0.04170713363689299,-0.21088421240463495,4.4370426455214709,0.04170713363689299
hold,0,235,2.3599999999999617,0,0,1,2,2,-0.00074444710133302061,0.0025470637548650611,0.00055459216014606537,-0.0093231181580834543,0.31532301317724648,0,-0.95551786956249773,1.6414055338831575,-0.044694871479724209,-0.99245741938707588,1.63909339710021,0.076887199916866766,-0.023395413561436571,0.0018484054369859945,0.03826663023771746,-0.0022140703179372267,0.012433515971448036,-0.15367896909015411,-0.20399368461633954,-1.965289299874297,-0.02801637429601174,0.22625992472139278,-4.4407289091629005,-0.02801637429601174,0.20399368461633954,1.965289299874297,0.02801637429601174,-0.22625992472139278,4.4407289091629005,0.02801637429601174
hold,0,236,2.3699999999999606,0,0,1,2,2,-0.00072098424493602375,0.0021955638071203365,0.00060407024139211285,0.014407471392378284,0.31531233203051134,0,-0.95566059474314002,1.6414198685963375,-0.043943529186357209,-0.99232757356866208,1.6392006925239029,0.07537977035771215,-0.0010704178295680676,0.0056281769471202558,0.02969868012391548,0.023187372831282898,0.009736746665452406,-0.15008756392301856,-0.22517687890306973,-1.9691837490898714,-0.043026083387524068,0.19981971502486229,-4.4388905032464478,-0.043026083387524068,0.22517687890306973,1.9691837490898714,0.043026083387524068,-0.19981971502486229,4.4388905032464478,0.043026083387524068
hold,0,237,2.3799999999999595,0,0,1,2,2,-0.00069924805086865605,0.0021721080130380705,0.00061459409780119411,-0.007811090918582772,0.3153005236718931,0,-0.9556665081723652,1.6415343872279364,-0.044812182846683216,-0.99218274132453899,1.6393184018806792,0.073508489543909442,-0.0069288426845686545,0.010816367200346363,-0.097261240632071574,0.0087860217274990382,0.013064644025435116,-0.21206001872930427,-0.21927114661426772,-1.975288088395889,-0.029385457374912317,0.21306240817566138,-4.4431600754606411,-0.029385457374912317,0.21927114661426772,1.975288088395889,0.029385457374912317,-0.21306240817566138,4.4431600754606411,0.029385457374912317
hold,0,238,2.3899999999999584,0,0,1,2,2,-0.00067771275716393964,0.0021443037863440604,0.00051641914549599508,-0.011141245585611964,0.31528833213355911,0,-0.95577678615001338,1.6416581649099622,-0.045696924225749988,-0.99210163021658426,1.6394403401651021,0.071354636191922213,-0.014871827138059256,0.01021390797803289,-0.060118052655745366,0.0078451463506720911,0.011641338071384778,-0.21906981435559345,-0.21044593833959169,-1.9756758506297816,-0.023319459823394079,0.21335439468885053,-4.4427122757819744,-0.023319459823394079,0.21044593833959169,1.9756758506297816,0.023319459823394079,-0.21335439468885053,4.4427122757819744,0.023319459823394079
hold,0,239,2.3999999999999573,0,0,1,2,2,-0.00065650479449613774,0.0020993670795105995,0.00043891530563574995,-0.0055045450355216963,0.31527880681924064,0,-0.95597590516787578,1.6417052273822765,-0.045474044941723205,-0.99198968426640177,1.6395396814727652,0.069245854523209527,-0.022723803868523195,0.0028857326333981102,0.064281775578038408,0.013620927966338991,0.0088699174511704185,-0.2071402380072592,-0.20100100946622851,-1.9687241750636617,-0.023619587736651161,0.20668304547172373,-4.4407355856230648,-0.023619587736651161,0.20100100946622851,1.9687241750636617,0.023619587736651161,-0.20668304547172373,4.4407355856230648,0.023619587736651161
hold,0,240,2.4099999999999562,0,0,1,2,2,-0.0006361131001622472,0.0019941443858427564,0.00043311975342738123,0.002688928411583543,0.31527181897883921,0,-0.95624357263167215,1.6417008668758193,-0.04408100970244648,-0.99180107301338216,1.6396184752500045,0.067199003595389536,-0.028754146578325212,-0.0010373348208014958,0.17669770300208448,0.022540827314255663,0.0072682544727379721,-0.20452504090184287,-0.1928293270460556,-1.9647662235578041,-0.028024217458978491,0.19625425609965017,-4.4397642728625462,-0.028024217458978491,0.1928293270460556,1.9647662235578041,0.028024217458978491,-0.19625425609965017,4.4397642728625462,0.028024217458978491
hold,0,241,2.4199999999999551,0,0,1,2,2,-0.00061759597597878246,0.0017560583033806743,0.0004932757688774444,0.0082289663852467502,0.3152656903631415,0,-0.95635388741387062,1.6417707480477117,-0.04366132148978457,-0.99152098313176018,1.6396929110967449,0.065021256225586604,0.0014756793229943914,0.010511204128016651,-0.042822318292428316,0.031835217449986603,0.0075611040490065895,-0.22775075496595132,-0.22217663468978743,-1.9768738118817617,-0.032618546981657365,0.18471914691094338,-4.4406526092127381,-0.032618546981657365,0.22217663468978743,1.9768738118817617,0.032618546981657365,-0.18471914691094338,4.4406526092127381,0.032618546981657365
hold,0,242,2.429999999999954,0,0,1,2,2,-0.00059873375064675716,0.0019842392489197334,0.00037549767742772495,-0.025077000236753029,0.31525823941678049,0,-0.95642288017070909,1.6418857786130556,-0.044881974983516759,-0.99136760466108709,1.6397825306654426,0.062466640217108294,-0.01950663549842508,0.0083346354944447438,-0.10861292928413818,0.0045540860042224537,0.009833348467015203,-0.27494518182884919,-0.20064237781366021,-1.9756174877709409,-0.0083204001710157523,0.21077325059132279,-4.4436418101803277,-0.0083204001710157523,0.20064237781366021,1.9756174877709409,0.0083204001710157523,-0.21077325059132279,4.4436418101803277,0.0083204001710157523
hold,0,243,2.4399999999999529,0,0,1,2,2,-0.00057859321538082653,0.0020239103179658532,0.00020337749090549518,-0.011992753502082043,0.31525337996618591,0,-0.95666910047097786,1.6419063673927679,-0.044810668514265142,-0.99126833993014474,1.639850093672897,0.060009705883398365,-0.026547199839240372,0.0012755405465246093,0.056904623911899606,0.013782227198862393,0.0048201084610480184,-0.22881402465897294,-0.19163205107069473,-1.9687231030607186,-0.010040072419804189,0.20075099154914405,-4.4391690742339964,-0.010040072419804189,0.19163205107069473,1.9687231030607186,0.010040072419804189,-0.20075099154914405,4.4391690742339964,0.010040072419804189
hold,0,244,2.4499999999999518,0,0,1,2,2,-0.00055832827547305786,0.0020091145505035297,0.00015547831786138231,-4.5756164184401846e-05,0.31525289159857983,0,-0.95696467818048336,1.6418670441735241,-0.043338005819563964,-0.99107464228500497,1.6398800862661373,0.057893994799147863,-0.024823592788085099,-0.0015990792922806422,0.13342706441255575,0.023307427150197488,0.0019002189023141912,-0.20205064844299939,-0.19099103644580598,-1.9655338974679637,-0.015647683404499093,0.18967621043669081,-4.4364891254211853,-0.015647683404499093,0.19099103644580598,1.9655338974679637,0.015647683404499093,-0.18967621043669081,4.4364891254211853,0.015647683404499093
hold,0,245,2.4599999999999507,0,0,1,2,2,-0.00053846908379624747,0.0019694256892815545,0.00016453414535181252,0.0015363032633087723,0.31525406970280567,0,-0.95710078292599399,1.6419016676543594,-0.042944268876830727,-0.9908260388303618,1.6398972317462368,0.055840022818431666,-0.0056454025056073285,0.0055438252840599393,-0.019807494377661317,0.026103404423333827,0.0015896289990646551,-0.2089196120671821,-0.20908038876419877,-1.9729537898909864,-0.016839105295306436,0.18489140552640909,-4.4363156993587314,-0.016839105295306436,0.20908038876419877,1.9729537898909864,0.016839105295306436,-0.18489140552640909,4.4363156993587314,0.016839105295306436
hold,0,246,2.4699999999999496,0,0,1,2,2,-0.0005173325594215461,0.0022206140299167194,5.9379485035326575e-05,-0.018512522020763193,0.31525516373594148,0,-0.95717092548963789,1.6419697924291818,-0.043914071925486887,-0.99070520804237006,1.6398947558874297,0.053972028950306804,-0.0077935938842495249,0.0071116001845678099,-0.14651525378706665,-0.0026679948939190082,-0.004978699188389394,-0.1188208825860792,-0.20637105687640533,-1.9750665629900739,-0.0015214918535136641,0.21269615853972798,-4.4297275643008209,-0.0015214918535136641,0.20637105687640533,1.9750665629900739,0.0015214918535136641,-0.21269615853972798,4.4297275643008209,0.0015214918535136641
hold,0,247,2.4799999999999485,0,0,1,2,2,-0.00049375081940797316,0.0024491023652576729,-6.5695682171601651e-05,-0.0085011864925385542,0.3152586819696348,0,-0.9573638448952605,1.6419134436590594,-0.043612549727205789,-0.9908696857978222,1.6397484167676581,0.054518176515405116,-0.028026326906628152,-0.012422790588074641,0.14549477189154561,-0.025825495599227387,-0.019933534393972639,0.16548503234231723,-0.18459496860904587,-1.9550813820564521,-0.0042250641908383657,0.23716948128865351,-4.413602016137065,-0.0042250641908383657,0.18459496860904587,1.9550813820564521,0.0042250641908383657,-0.23716948128865351,4.413602016137065,0.0042250641908383657
hold,0,248,2.4899999999999474,0,0,1,2,2,-0.00047223462627228596,0.0019595743591715922,0.00016928210972578267,0.044842002443676018,0.31526530307660716,0,-0.95728016490626033,1.6418587070724586,-0.042833429840282558,-0.9909876031969409,1.639503072686376,0.057554298773935079,0.033417753409498825,-0.0025325986110998153,0.036491747954096328,-0.0025574222181852175,-0.027258363972193857,0.39491452084657053,-0.24670848883717414,-1.9645336813406205,-0.044433612162345336,0.21484474710056098,-4.4043144339085867,-0.044433612162345336,0.24670848883717414,1.9645336813406205,0.044433612162345336,-0.21484474710056098,4.4043144339085867,0.044433612162345336
hold,0,249,2.4999999999999463,0,0,1,2,2,-0.00045300620212085363,0.0019060944971570194,0.00044575404137443635,0.01619547842635238,0.31526660938530987,0,-0.95694189335541291,1.6419035090500715,-0.043937040283030596,-0.99124995517477799,1.6392845152601139,0.06170714256537483,0.034182583250705459,0.0083854706087412249,-0.20437580968121799,-0.042504720574214006,-0.018315127373012267,0.4330275431715831,-0.25017949108516019,-1.9758101663813648,-0.037076010874856451,0.2568908612792864,-4.4115092110976715,-0.037076010874856451,0.25017949108516019,1.9758101663813648,0.037076010874856451,-0.2568908612792864,4.4115092110976715,0.037076010874856451
hold,0,250,2.5099999999999452,0,0,1,2,2,-0.00043573427760534855,0.0016150174889031871,0.0006591294581271682,0.024779237362055305,0.31526233108080959,0,-0.95660688007254668,1.6419218047104496,-0.045228508666031585,-0.99170524461068366,1.6391131261144563,0.066551495921007425,0.032259934101315078,-0.0010854024956034867,-0.081558558244382781,-0.048291986250107208,-0.016524045014929829,0.52438373606833399,-0.25093694819869961,-1.9664856585600443,-0.049340387307153385,0.26632044244242498,-4.4119291802904925,-0.049340387307153385,0.25093694819869961,1.9664856585600443,0.049340387307153385,-0.26632044244242498,4.4119291802904925,0.049340387307153385
hold,0,251,2.5199999999999441,0,0,1,2,2,-0.00042310092050916459,0.0010295041953057257,0.0010037311444023155,0.040902045784221838,0.31525445708636568,0,-0.95619793620957005,1.6419352642293732,-0.046043568615330072,-0.99214069679426409,1.6389837612325766,0.07199570966833016,0.045981160208157838,0.0017662143198028731,-0.071234023108434658,-0.03800127218483252,-0.0060595818884855296,0.52011501624103307,-0.26792972520935543,-1.9694449515268397,-0.069883426549099625,0.25951334584579377,-4.4213587243618999,-0.069883426549099625,0.26792972520935543,1.9694449515268397,0.069883426549099625,-0.25951334584579377,4.4213587243618999,0.069883426549099625
hold,0,252,2.529999999999943,0,0,1,2,2,-0.00041664647486071293,0.0003970854187378115,0.0013670893337850265,0.033300147542272791,0.31524026232836122,0,-0.95573902127778632,1.6419888062778512,-0.047144625656907031,-0.99239670150553927,1.639098236394773,0.075315002058186489,0.045739457491586907,0.008045366514040966,-0.13642136096932081,-0.016476315238888369,0.020217388481681368,0.21528114328422862,-0.27135934194705436,-1.9761524401089015,-0.075950180388435387,0.24003642659005106,-4.448551496029638,-0.075950180388435387,0.27135934194705436,1.9761524401089015,0.075950180388435387,-0.24003642659005106,4.448551496029638,0.075950180388435387
hold,0,253,2.5399999999999419,0,0,1,2,2,-0.00041510210409487214,-5.7569715104394961e-06,0.0015228465635405369,0.0037565625568792525,0.31521996733921132,0,-0.95538360432313518,1.6421087168372521,-0.049103764747493277,-0.99252626867962068,1.6393703706405511,0.075825061243380162,0.028856993740884133,0.014708809303248215,-0.23649782398574898,-0.010517096932083879,0.03078168287859142,-0.053693259579060314,-0.25732021383356063,-1.9837751673733164,-0.061264157620786214,0.23511374567589788,-4.4612928643927727,-0.061264157620786214,0.25732021383356063,1.9837751673733164,0.061264157620786214,-0.23511374567589788,4.4612928643927727,0.061264157620786214
hold,0,254,2.5499999999999408,0,0,1,2,2,-0.00041673096636173079,-0.00027079798868808488,0.0014396843755142379,-0.016372180407253984,0.31519791534954772,0,-0.95517906554620868,1.6422636611600172,-0.051673703505287341,-0.99258993493803538,1.6396801158511716,0.074279017849428447,0.01503765405340781,0.016082746684778333,-0.2724508183046353,-0.003604722341523813,0.030839332071233162,-0.22068594551027987,-0.24513718436149634,-1.9863886593369673,-0.043826239643864603,0.22871070115265538,-4.4638284752703781,-0.043826239643864603,0.24513718436149634,1.9863886593369673,0.043826239643864603,-0.22871070115265538,4.4638284752703781,0.043826239643864603
hold,0,255,2.5599999999999397,0,0,1,2,2,-0.00041979395073667158,-0.00033549019372062507,0.0011935178285424682,-0.030121035576167295,0.31517835231093716,0,-0.95513120721093858,1.6424089756462261,-0.054148037828302194,-0.99261574817688158,1.639959246887875,0.071637225379568376,-0.0018612664949739315,0.013561040314452353,-0.23273583170713574,-0.0018007347731202976,0.026024900507387295,-0.29431796730067905,-0.22862113049527538,-1.9850294688563126,-0.025077135116431157,0.2271132194950215,-4.4612470920001597,-0.025077135116431157,0.22862113049527538,1.9850294688563126,0.025077135116431157,-0.2271132194950215,4.4612470920001597,0.025077135116431157
hold,0,256,2.5699999999999386,0,0,1,2,2,-0.00042295809383342819,-0.000314197793367386,0.00090034068961096243,-0.028803383605139121,0.31516433432827229,0,-0.9552201152073434,1.6425136245944953,-0.055803313168514716,-0.99260106681759908,1.6401712659682799,0.068762308968129765,-0.012207576689297421,0.010553470716216753,-0.14079239058201473,0.0038538895249703112,0.018182990454971914,-0.28547748430708364,-0.21756355632971336,-1.9828590908442307,-0.014435675272537953,0.22134114432267082,-4.4551013345909833,-0.014435675272537953,0.21756355632971336,1.9828590908442307,0.014435675272537953,-0.22134114432267082,4.4551013345909833,0.014435675272537953
hold,0,257,2.5799999999999375,0,0,1,2,2,-0.00042544155172420661,-0.00020932716198833847,0.00065359567860022916,-0.021927026949410632,0.31515723150744879,0,-0.95541219145777667,1.642562146857931,-0.056221112975231365,-0.99253450437913093,1.6403045798466764,0.066203594795507026,-0.023994503236578282,0.0013354014157324241,0.023250363670508464,0.0087872592080089438,0.010265990840819934,-0.23882869179680571,-0.20424001977896633,-1.9740291996512318,-0.0095951767794000623,0.21587527513188703,-4.4482508460040036,-0.0095951767794000623,0.20424001977896633,1.9740291996512318,0.0095951767794000623,-0.21587527513188703,4.4482508460040036,0.0095951767794000623
hold,0,258,2.5899999999999364,0,0,1,2,2,-0.00042726357559101646,-0.00016174756552941806,0.00052125573742649658,-0.0074251705843734351,0.31515647571991101,0,-0.95566986895070116,1.6425549519159741,-0.055231620536251823,-0.99238828207118868,1.6403681987119645,0.064159643182656795,-0.028398556106692504,-0.0045593448443671742,0.17097551352161428,0.018776720833372316,0.0038569237528326911,-0.18372935266709542,-0.19777454696545618,-1.9680768938554769,-0.013758152249097495,0.20471603504298563,-4.4423507298383207,-0.013758152249097495,0.19777454696545618,1.9680768938554769,0.013758152249097495,-0.20471603504298563,4.4423507298383207,0.013758152249097495
hold,0,259,2.5999999999999353,0,0,1,2,2,-0.00042874260250026774,-0.00013987130442566205,0.00050589323273515427,0.0023869601418236575,0.31515994947896203,0,-0.95601360657767787,1.6424739114508493,-0.05259443445824237,-0.99215554588283517,1.6403861442684662,0.062488241293850735,-0.038652882216125332,-0.010354385291632363,0.3269733592298727,0.026462886278251035,0.00048621307488779821,-0.1576072492768526,-0.18477031984020972,-1.9616335296872134,-0.019446817134069837,0.19516798009127884,-4.4391235836123899,-0.019446817134069837,0.18477031984020972,1.9616335296872134,0.019446817134069837,-0.19516798009127884,4.4391235836123899,0.019446817134069837
hold,0,260,2.6099999999999342,0,0,1,2,2,-0.00043101497013549317,-0.00028190094665751059,0.0006058608285656235,0.015077612899035833,0.31516535395778,0,-0.95639835048165234,1.6423765833024826,-0.048876470179480033,-0.9918059931089902,1.6403839384083501,0.060879762409187646,-0.039178414873017313,-0.011442503430180917,0.41761796297363118,0.040770286819445598,-0.00068319269554153518,-0.16397836480559241,-0.18116683595152197,-1.9597667863617312,-0.030589233356555279,0.17806415735932457,-4.4379365309610312,-0.030589233356555279,0.18116683595152197,1.9597667863617312,0.030589233356555279,-0.17806415735932457,4.4379365309610312,0.030589233356555279
hold,0,261,2.619999999999933,0,0,1,2,2,-0.00043478673119018429,-0.00044051996126127712,0.00075237735992885596,0.014362126669461519,0.3151701307997879,0,-0.95685631150575756,1.6422485188886897,-0.04421510740897093,-0.99135726406775604,1.6403889641828275,0.058898477764373382,-0.050696119408617311,-0.013605906597635145,0.50140280034940798,0.047716097459261773,0.00128588685860844,-0.22141014109041757,-0.16598544322308018,-1.956578867883934,-0.035032541631278016,0.16752851438963506,-4.4399458167110009,-0.035032541631278016,0.16598544322308018,1.956578867883934,0.035032541631278016,-0.16752851438963506,4.4399458167110009,0.035032541631278016
hold,0,262,2.6299999999999319,0,0,1,2,2,-0.00044136679804483714,-0.00081477845010381723,0.00091510076244465837,0.01750213754922263,0.31517267687993328,0,-0.95724061453432263,1.6422103840358304,-0.040335111100140576,-0.99079692531743757,1.6404180797898316,0.056221172177801974,-0.024564018596132799,0.0043132791293511424,0.26722461533824138,0.061701266811859327,0.004029538298548286,-0.29948339449570066,-0.18904311980704414,-1.9741929747880458,-0.04133574615219604,0.14906063503448977,-4.442922393006973,-0.04133574615219604,0.18904311980704414,1.9741929747880458,0.04133574615219604,-0.14906063503448977,4.442922393006973,0.04133574615219604
hold,0,263,2.6399999999999308,0,0,1,2,2,-0.00044926577034057336,-0.00076390757657064439,0.00087098106386526881,-0.018991633847916585,0.31517173208263932,0,-0.95748728016144757,1.642318731672312,-0.039372259049629273,-0.99035126907902105,1.6404663739870964,0.052927326630022795,-0.024444976696825674,0.013784771506894798,-0.01254956024706623,0.027385032272998273,0.0026291155641246077,-0.29732288374157306,-0.18718883668935171,-1.9845312482574422,-0.016874838112959457,0.17981161966601863,-4.4419083238506678,-0.016874838112959457,0.18718883668935171,1.9845312482574422,0.016874838112959457,-0.17981161966601863,4.4419083238506678,0.016874838112959457
hold,0,264,2.6499999999999297,0,0,1,2,2,-0.0004564563993042503,-0.00069320908723690484,0.00065569744409274924,-0.023223702451356493,0.31517148057080274,0,-0.9576241196380173,1.6424422495805631,-0.04030193668699681,-0.99026337855636182,1.6404145017714824,0.051402076855444061,-0.0064642288673131586,0.010963970018154407,-0.14503619218725969,-0.0035716050265087599,-0.009375869327020633,-0.061805604254392861,-0.20407486870630642,-1.9826985900347101,-0.0060787800733860461,0.21006513278425182,-4.4294883612346112,-0.0060787800733860461,0.20407486870630642,1.9826985900347101,0.0060787800733860461,-0.21006513278425182,4.4294883612346112,0.0060787800733860461
hold,0,265,2.6599999999999286,0,0,1,2,2,-0.00046294964812182426,-0.00062123539228521379,0.00047751617083631443,-0.014210503567941363,0.31517521581731855,0,-0.95756116684954762,1.6425220691976699,-0.042113745577256126,-0.9904275764340833,1.6402678255456529,0.052220242484852797,0.014818278736076964,0.005890106866787914,-0.20508600982611558,-0.024799320946094418,-0.01780815295056272,0.17418485930100372,-0.22586099861745401,-1.9782632838201979,-0.0050971457757954027,0.23260643172560935,-4.4198826678044325,-0.0050971457757954027,0.22586099861745401,1.9782632838201979,0.0050971457757954027,-0.23260643172560935,4.4198826678044325,0.0050971457757954027
hold,0,266,2.6699999999999275,0,0,1,2,2,-0.0004686193107244635,-0.00051863471693109264,0.00039450707961618229,-0.0043191567692271345,0.31518197301938433,0,-0.95731883678239083,1.6425495429592782,-0.04426941002878064,-0.99078856092873879,1.6400571563639432,0.055222428890607023,0.025882506226842249,-0.0020125822145545752,-0.17802697403502898,-0.043543310113285709,-0.023245836353256517,0.38374140132621254,-0.23886386664547365,-1.9705803848317227,-0.0086004488541658423,0.25423829685004462,-4.4127596309480621,-0.0086004488541658423,0.23886386664547365,1.9705803848317227,0.0086004488541658423,-0.25423829685004462,4.4127596309480621,0.0086004488541658423
hold,0,267,2.6799999999999264,0,0,1,2,2,-0.0004737148454797141,-0.00049690399984243057,0.00046008833639251355,0.013828306919167406,0.31519022618001546,0,-0.95713167692150636,1.6424370374787225,-0.044421033916771033,-0.99127542016132475,1.6398042421202783,0.060188948510623445,0.013079787814322161,-0.015976162382892727,0.091410925157480782,-0.0528980089501297,-0.026699155924523946,0.57734499464927502,-0.22755842712002927,-1.9557167608189385,-0.022723154265806338,0.2674878695475762,-4.4072829974274752,-0.022723154265806338,0.22755842712002927,1.9557167608189385,0.022723154265806338,-0.2674878695475762,4.4072829974274752,0.022723154265806338
hold,0,268,2.6899999999999253,0,0,1,2,2,-0.00048186522540939747,-0.0010270541569503283,0.00084180610189632001,0.05438607961611161,0.31519783600233636,0,-0.95679544614219036,1.6423009903799155,-0.043396262815165211,-0.99169143134297533,1.6395335266695088,0.066840803869618409,0.054769371443111288,-0.011039861761404347,0.054492201767468655,-0.035023477969363351,-0.027648433132231493,0.73176269510684488,-0.27193785698334638,-1.959564684649971,-0.060364393960275854,0.25294142802001451,-4.4041679966136114,-0.060364393960275854,0.27193785698334638,1.959564684649971,0.060364393960275854,-0.25294142802001451,4.4041679966136114,0.060364393960275854
hold,0,269,2.6999999999999242,0,0,1,2,2,-0.00049455449845400845,-0.0014260634296461045,0.0012820704302968064,0.037113474301211119,0.31519760813367459,0,-0.95616403933332073,1.6423118760223057,-0.044605770590751916,-0.99215171595373142,1.6393545948954695,0.073788775401677428,0.064647455351500058,0.0055733331302247491,-0.19233851475370836,-0.048869293248883248,-0.0051683938761182937,0.61071220152854611,-0.28686719536269223,-1.9762649646807213,-0.06462196249830976,0.27046952018558312,-4.4252165816774101,-0.06462196249830976,0.28686719536269223,1.9762649646807213,0.06462196249830976,-0.27046952018558312,4.4252165816774101,0.06462196249830976
hold,0,270,2.7099999999999231,0,0,1,2,2,-0.00051141375790282606,-0.001854191818576919,0.0015637793608163542,0.022212320881415532,0.31518893204236564,0,-0.95557782443003436,1.6423796068748768,-0.046687658348925049,-0.99255690312291467,1.6394443084834158,0.078146153392328041,0.05519360240810902,0.0090387959278111184,-0.22986970095357723,-0.034407969600154957,0.015920236093660042,0.32775534352268776,-0.28210306164559212,-1.980272274298877,-0.063935642095319462,0.25924969389032082,-4.4470229203507587,-0.063935642095319462,0.28210306164559212,1.980272274298877,0.063935642095319462,-0.25924969389032082,4.4470229203507587,0.063935642095319462
hold,0,271,2.719999999999922,0,0,1,2,2,-0.00053171678379870801,-0.0021455357311573704,0.001660542780466156,0.0013209124617486294,0.31517623282173085,0,-0.9551092368517855,1.6424830024116814,-0.049251328289927385,-0.99284319315307679,1.6396464346797099,0.080080260337165379,0.041508849973832578,0.011222052668547807,-0.27558558373305792,-0.02486735469014455,0.02219677130443936,0.10871572998935766,-0.27216700983730657,-1.9832826953340505,-0.052923213202019516,0.25199939922160736,-4.4549164651318911,-0.052923213202019516,0.27216700983730657,1.9832826953340505,0.052923213202019516,-0.25199939922160736,4.4549164651318911,0.052923213202019516
hold,0,272,2.7299999999999209,0,0,1,2,2,-0.00055389376421559333,-0.0022674042320900921,0.0015674966987480859,-0.016390321815319506,0.31516284380032134,0,-0.9548035744812442,1.6425796553580545,-0.051860492000448025,-0.99306540643430985,1.6398633343733671,0.080364811819480061,0.02324737595522049,0.0090486728041824279,-0.25324981346572528,-0.02064345235689502,0.021177373175579946,-0.023079195795084058,-0.25635083478302489,-1.9818825390406698,-0.03735310544424577,0.24955320313822235,-4.455632264552289,-0.03735310544424577,0.25635083478302489,1.9818825390406698,0.03735310544424577,-0.24955320313822235,4.455632264552289,0.03735310544424577
hold,0,273,2.7399999999999198,0,0,1,2,2,-0.00057680548896828221,-0.0023121046153919667,0.0013781991001573846,-0.020631254129124268,0.31515178786787562,0,-0.9546457804634374,1.6426579751695485,-0.053986288840262658,-0.99323236716018071,1.6400441799663148,0.079873048220277146,0.011711103000477646,0.0078840401064598966,-0.19601415324873245,-0.014162336590421518,0.016120583928457315,-0.066580891021318617,-0.24607691397073644,-1.981344464834899,-0.026889721814076711,0.2444077731787157,-4.4520222400487484,-0.026889721814076711,0.24607691397073644,1.981344464834899,0.026889721814076711,-0.2444077731787157,4.4520222400487484,0.026889721814076711
hold,0,274,2.7499999999999187,0,0,1,2,2,-0.00059957181275366311,-0.0022559457962526429,0.0011790538826399702,-0.019437918172043069,0.31514483498918511,0,-0.95460836874372146,1.642697551933898,-0.055186355990554048,-0.99335015553450501,1.6401679820967399,0.079270935444320692,-0.001637810651464748,0.0016411484446503333,-0.07069461879737915,-0.010198273189105024,0.01003203929525027,-0.056752095181232212,-0.23302729407652156,-1.9754181872878855,-0.020020504986431414,0.24138601677199362,-4.4469241124589418,-0.020020504986431414,0.23302729407652156,1.9754181872878855,0.020020504986431414,-0.24138601677199362,4.4469241124589418,0.020020504986431414
hold,0,275,2.7599999999999176,0,0,1,2,2,-0.00062199343798928497,-0.0022371188137476532,0.0010508080390314138,-0.0084230874110548821,0.31514239224150392,0,-0.95466208081221238,1.6426939097918343,-0.05513283157982285,-0.99339999776555898,1.6402327741391294,0.078946589817567178,-0.006940066163882673,-0.00083368079282697058,0.045535402242983039,-0.0014799539653953613,0.0042483178946098564,-0.017170861716443178,-0.22729534201617629,-1.9729142209138986,-0.021929112834261591,0.23306643539671579,-4.4416587273974173,-0.021929112834261591,0.22729534201617629,1.9729142209138986,0.021929112834261591,-0.23306643539671579,4.4416587273974173,0.021929112834261591
hold,0,276,2.7699999999999165,0,0,1,2,2,-0.00064436884795715521,-0.0022379890553190455,0.0010171203603134946,1.9817610964743305e-06,0.31514336398104104,0,-0.95474798711780906,1.6426866078179532,-0.054259051056734585,-0.99337784959188724,1.6402532180650082,0.078953558247062738,-0.0093119024505869067,-0.0013648751492355176,0.11620269802719391,0.004694949066410558,0.00064492749542234106,0.012172284770828021,-0.22423625528469859,-1.9723246107664412,-0.025832630672780518,0.22671434697553589,-4.4382188884052605,-0.025832630672780518,0.22423625528469859,1.9723246107664412,0.025832630672780518,-0.22671434697553589,4.4382188884052605,0.025832630672780518
hold,0,277,2.7799999999999154,0,0,1,2,2,-0.00066691839160958055,-0.0022604545497802516,0.0010476951697976251,0.0051117285923757694,0.31514622729976777,0,-0.95485747550892097,1.6426568391763294,-0.052720886565017104,-0.99330410549045622,1.6402486543058923,0.079143937862034441,-0.013867763335806749,-0.0062977297741620766,0.20191304697976087,0.0091599345905693293,-0.0011834155719853943,0.023638340724015858,-0.21880448727058346,-1.9671536070085247,-0.030066354955239467,0.221659408639929,-4.4363540352649258,-0.030066354955239467,0.21880448727058346,1.9671536070085247,0.030066354955239467,-0.221659408639929,4.4363540352649258,0.030066354955239467
hold,0,278,2.7899999999999143,0,0,1,2,2,-0.00069008579663153158,-0.0023533092388130956,0.001130257759184243,0.010352408675547181,0.31514956853513926,0,-0.95503457807278602,1.6425696141578887,-0.050126228184097996,-0.99317443614975409,1.640235937124225,0.079340986631789873,-0.020693106753009099,-0.010027231475188542,0.2991996128357795,0.015467855789965313,-0.0013187636923985249,0.017334589704885633,-0.21056232334246072,-1.9627263051599724,-0.036042608283939744,0.21431413271491595,-4.4361169496911739,-0.036042608283939744,0.21056232334246072,1.9627263051599724,0.036042608283939744,-0.21431413271491595,4.4361169496911739,0.036042608283939744
hold,0,279,2.7999999999999132,0,0,1,2,2,-0.00071500722730394317,-0.0025766047280927637,0.0012677423874781395,0.016032524492275973,0.31515185128923251,0,-0.95521108013041478,1.6425178058290029,-0.047329870944993149,-0.9929626876194847,1.6402322390990998,0.079333701438521073,-0.017059171878859688,-0.005774986509202315,0.29473781412970373,0.024947552291629593,0.00021931010688684872,-0.012280305826817346,-0.21278424175558006,-1.9665640834948719,-0.043734134732214075,0.20314044797109651,-4.4376254392894579,-0.043734134732214075,0.21278424175558006,1.9665640834948719,0.043734134732214075,-0.20314044797109651,4.4376254392894579,0.043734134732214075
hold,0,280,2.8099999999999121,0,0,1,2,2,-0.0007418308636458204,-0.0027488736862269427,0.0013835707927516427,0.0086238759848354732,0.31515175381286092,0,-0.95542372888571281,1.6424734554474045,-0.044434361781951148,-0.99271394799596202,1.6402535056692833,0.07886176924624233,-0.025092397900319252,-0.0052901748618743539,0.30145306385571807,0.024784042025208872,0.0033627926811530921,-0.069919977516214316,-0.20304982569173627,-1.9666940920894131,-0.042607296237423556,0.20131404124933583,-4.4409390544251917,-0.042607296237423556,0.20304982569173627,1.9666940920894131,0.042607296237423556,-0.20131404124933583,4.4409390544251917,0.042607296237423556
hold,0,281,2.819999999999911,0,0,1,2,2,-0.00077129246540039165,-0.0030773656458190244,0.0014690372763994652,0.0084926765983257962,0.31514936367255875,0,-0.95547592181162599,1.6425251493522683,-0.043218553735222272,-0.99242590942896003,1.6403005859574495,0.07787038097444321,0.0087596816814055189,0.0099671911029496178,0.0079458206223592051,0.031496129682951055,0.0055958048207850981,-0.11865432164286496,-0.23648436186615557,-1.9823650092931475,-0.043986557813976868,0.19229764505557773,-4.4435487088701535,-0.043986557813976868,0.23648436186615557,1.9823650092931475,0.043986557813976868,-0.19229764505557773,4.4435487088701535,0.043986557813976868
hold,0,282,2.8299999999999099,0,0,1,2,2,-0.00080089781285082318,-0.0028854525439227126,0.0013118856643323617,-0.031858088647815468,0.31514426644661764,0,-0.95543046062905801,1.6426627424820339,-0.04460545666777839,-0.99231513010646277,1.6403761556432035,0.076379512704506214,0.0018804084465073893,0.015420254839119246,-0.23302059669350289,-0.0024707074905286914,0.0088645103989032983,-0.16973152001272035,-0.2299687780918013,-1.988918818067442,-0.013353256901691798,0.22537824764907941,-4.447421971934304,-0.013353256901691798,0.2299687780918013,1.988918818067442,0.013353256901691798,-0.22537824764907941,4.447421971934304,0.013353256901691798
hold,0,283,2.8399999999999088,0,0,1,2,2,-0.00082843037578302081,-0.0026552590552322911,0.00098643262913903663,-0.032959393220927349,0.3151414471976105,0,-0.95539913675792554,1.6427674127011882,-0.046826169710168085,-0.99239287102701512,1.6404286936072605,0.075145418445972417,-0.0030503045008238253,0.0036464801704842939,-0.15070616551778004,-0.011067545077806863,0.0028824970874988748,-0.094658767461595447,-0.22528865611352986,-1.9779824051520412,-0.0010043159030777467,0.23459701260077637,-4.4418602623353554,-0.0010043159030777467,0.22528865611352986,1.9779824051520412,0.0010043159030777467,-0.23459701260077637,4.4418602623353554,0.0010043159030777467
hold,0,284,2.8499999999999077,0,0,1,2,2,-0.00085339200054901365,-0.0023960089004122806,0.00073359271901762629,-0.02017498308450846,0.31514491511566844,0,-0.95551957363473683,1.6427344513155302,-0.046934134749369992,-0.99251115200881423,1.6404162755270422,0.074904056648551778,-0.017426758196531337,-0.0057315160362445992,0.066914327754363748,-0.01213646946837884,-0.0039022047621712179,0.020917609889549188,-0.20994870740333202,-1.9683407178600483,-0.0004357509873161719,0.23661218484574126,-4.434976215843939,-0.0004357509873161719,0.20994870740333202,1.9683407178600483,0.0004357509873161719,-0.23661218484574126,4.434976215843939,0.0004357509873161719
hold,0,285,2.8599999999999066,0,0,1,2,2,-0.00087706376588013446,-0.0023593765050596389,0.00070750917435832199,0.0090688769311980076,0.31515427441802735,0,-0.95569987709583271,1.6425934409255345,-0.044713582960708292,-0.99253624079756597,1.64034144248087,0.075753451919660764,-0.014422953183456618,-0.01464041666188882,0.27332133794538627,0.0039917688691337681,-0.0097983391456734972,0.1266717811835264,-0.21151008472763971,-1.9583037341144385,-0.017952810382617448,0.22068465681824254,-4.4284814170910591,-0.017952810382617448,0.21151008472763971,1.9583037341144385,0.017952810382617448,-0.22068465681824254,4.4284814170910591,0.017952810382617448
hold,0,286,2.8699999999999055,0,0,1,2,2,-0.00090129545430196745,-0.0024620960032237858,0.00086735814526311007,0.02060072201138043,0.3151650964025447,0,-0.95568579221588634,1.6425348574272505,-0.043029894159625999,-0.99245369750029389,1.6402466899613271,0.077164981552980169,0.012706311374905105,-0.001843103903087778,0.10321520476854167,0.011049686885286725,-0.0093264409569778321,0.15162477937375687,-0.23875202832557235,-1.9706323788869673,-0.030884983392961272,0.21296639242391291,-4.4281952951234107,-0.030884983392961272,0.23875202832557235,1.9706323788869673,0.030884983392961272,-0.21296639242391291,4.4281952951234107,0.030884983392961272
hold,0,287,2.8799999999999044,0,0,1,2,2,-0.00092505861405889345,-0.0023169823734582816,0.00094013246714160414,-0.0016019802377136901,0.31517300600728099,0,-0.95554797177758943,1.6425562718357716,-0.043135999768985724,-0.99246397227653171,1.6401745963156644,0.078506977374878995,0.014619100779984694,0.0040562865879756171,-0.083309750090392043,-0.0092188151356693195,-0.0058604270022982984,0.12403133974261155,-0.24176738123702723,-1.9767030846461995,-0.020517169406806274,0.23331709265477157,-4.4310845599127893,-0.020517169406806274,0.24176738123702723,1.9767030846461995,0.020517169406806274,-0.23331709265477157,4.4310845599127893,0.020517169406806274
hold,0,288,2.8899999999999033,0,0,1,2,2,-0.00094752703412102901,-0.0021994327136989479,0.00089292101257781615,-0.0067968338472335858,0.31517947116215139,0,-0.95532534642094391,1.6425935052391076,-0.044668795412114125,-0.99260210201766585,1.6401111390917666,0.079864642433590219,0.027352113228671201,0.0032583325418707441,-0.1987463363562548,-0.016970370373918284,-0.0066704843619809651,0.14414578056881666,-0.25628139653887794,-1.976202997826783,-0.015969330774025493,0.24217368582209364,-4.4297668447619243,-0.015969330774025493,0.25628139653887794,1.976202997826783,0.015969330774025493,-0.24217368582209364,4.4297668447619243,0.015969330774025493
hold,0,289,2.8999999999999022,0,0,1,2,2,-0.00096780428937162655,-0.001912957054866036,0.00076360480205209052,-0.017015622943834494,0.31518614392446925,0,-0.95508102870566991,1.642595796860713,-0.046731100890212436,-0.99282574628350295,1.6400273642390082,0.08130960099161412,0.015310307215883737,-0.005094285478004469,-0.14664631398872718,-0.012034816262265328,-0.013000624655823557,0.065208156419373248,-0.24619413224828246,-1.9678687127797507,-0.0059613090694432738,0.23902728583713748,-4.4227665056460141,-0.0059613090694432738,0.24619413224828246,1.9678687127797507,0.0059613090694432738,-0.23902728583713748,4.4227665056460141,0.0059613090694432738
hold,0,290,2.9099999999999011,0,0,1,2,2,-0.0009848707678828672,-0.0015469696967706538,0.00057449672482919468,-0.020097232069493196,0.31519265922250389,0,-0.9551269009332034,1.6424990874185759,-0.046801381891029115,-0.99272883567375581,1.6398748085189201,0.080442655910416383,-0.018963170526644361,-0.013643218548035064,0.097320547890932335,0.0018004174237897805,-0.010194349146973558,-0.064935044824345867,-0.21155367668548639,-1.9585461041726231,0.0014628219456755531,0.22441676727310519,-4.4243523353941594,0.0014628219456755531,0.21155367668548639,1.9585461041726231,-0.0014628219456755531,-0.22441676727310519,4.4243523353941594,-0.0014628219456755531
hold,0,291,2.9199999999999,0,0,1,2,2,-0.00099880391358267429,-0.0012948293262100882,0.00047173216023318766,-0.0037368934450769851,0.31519986931776645,0,-0.95540021637819006,1.642352669499102,-0.044631718003980851,-0.99278003982654206,1.6398087061988464,0.080713482610773019,-0.030310376535629884,-0.01404045688244779,0.27250852505547585,-0.0087534766961559138,-0.005405557953441352,0.086525073312194639,-0.19801994711660764,-1.9569775224824193,-0.0061408868365315609,0.23538029461534093,-4.4286123080271027,-0.0061408868365315609,0.19801994711660764,1.9569775224824193,0.0061408868365315609,-0.23538029461534093,4.4286123080271027,0.0061408868365315609
hold,0,292,2.9299999999998989,0,0,1,2,2,-0.0010134941931935759,-0.0016056324719848399,0.00066726242659318987,0.035008525206462061,0.31520929390493185,0,-0.95541599196641047,1.6422844240275167,-0.042666442527046315,-0.99247717032166394,1.6396973066906972,0.080732233926399347,0.01834878461787022,-0.0037668662140002409,0.14990778663315854,0.076495161906530051,-0.018540078270859302,-0.17484963728985622,-0.24655290356434445,-1.9667051493781849,-0.03648772714786927,0.14770869997362998,-4.4145865916444915,-0.03648772714786927,0.24655290356434445,1.9667051493781849,0.03648772714786927,-0.14770869997362998,4.4145865916444915,0.03648772714786927
hold,0,293,2.9399999999998978,0,0,1,2,2,-0.001023721622089635,-0.00063375978104877298,0.00046788504412029322,-0.05656444028138205,0.31521100145774295,0,-0.95564573197991776,1.642334437477273,-0.042476475756189604,-0.99239091201267737,1.6396823719432267,0.079118332441028949,-0.050417282822281445,0.010065753631230662,-0.064541820138834527,-0.03507661147547747,0.0076311505646973407,-0.15339995208512686,-0.17594891601613449,-1.9809378768214663,0.023669247762753119,0.25859040688374502,-4.440638342500284,0.023669247762753119,0.17594891601613449,1.9809378768214663,-0.023669247762753119,-0.25859040688374502,4.440638342500284,-0.023669247762753119
hold,0,294,2.9499999999998967,0,0,1,2,2,-0.0010319510785621044,-0.00094975013833229556,0.00040289355294247163,0.026880625822547712,0.31521686642181684,0,-0.95565581200332561,1.6423606530571464,-0.042797493178316208,-0.992423201041438,1.6396887413631374,0.079070826982802156,0.032085118725905533,-0.0024823164493976667,-0.01154492788116975,0.01891478846613541,-0.0047813013601532249,0.090610955278161015,-0.25837067737705866,-1.9685995313798248,-0.024522080969218409,0.20485731917221711,-4.4282768459347182,-0.024522080969218409,0.25837067737705866,1.9685995313798248,0.024522080969218409,-0.20485731917221711,4.4282768459347182,0.024522080969218409
hold,0,295,2.9599999999998956,0,0,1,2,2,-0.0010378127484195476,-0.00034232796431967003,0.00038403013516888102,-0.021061313046551462,0.31522572106792091,0,-0.95552071600752675,1.6423585654419706,-0.043712674192890988,-0.99256114395101114,1.6396692011948888,0.080088600583100508,0.0010312300258962237,0.001164568427570106,-0.14298905850140989,-0.03539947305255401,-0.00047270845032028937,0.11009175871696944,-0.22839755664344022,-1.9722297153353858,0.0030474214340499035,0.26027512396749164,-4.4324291174985628,0.0030474214340499035,0.22839755664344022,1.9722297153353858,-0.0030474214340499035,-0.26027512396749164,4.4324291174985628,-0.0030474214340499035
hold,0,296,2.9699999999998945,0,0,1,2,2,-0.0010413808049502121,-0.0003878301757217512,0.00037922373434004974,0.013174091702980454,0.31523615470992011,0,-0.955278240386638,1.6423327699758321,-0.045183048410371275,-0.99267134830862269,1.6395854934404337,0.081237693691060389,0.039719742481736903,-0.004994370169094005,-0.1503349064649824,0.025384121089962977,-0.017590638453057968,-0.0012277440238805809,-0.26902587406639089,-1.9658644130096141,-0.018055140852093164,0.20037316468586708,-4.4146415254601843,-0.018055140852093164,0.26902587406639089,1.9658644130096141,0.018055140852093164,-0.20037316468586708,4.4146415254601843,0.018055140852093164
hold,0,297,2.9799999999998934,0,0,1,2,2,-0.0010398793664895684,0.00053701776500066881,0.00013930066448843541,-0.048674721796730817,0.31524354548156669,0,-0.95527027844719237,1.6422957801588867,-0.046634811573479346,-0.99272300721734297,1.6394797815598094,0.080452286879554913,-0.032227869486047091,-0.0064277853267873056,-0.076401668027357678,-0.039449429800043734,-0.0030310724895576077,-0.048370695472862747,-0.19714195761417197,-1.9641350793163572,0.025214916328057394,0.26561998684563604,-4.4283553963786906,0.025214916328057394,0.19714195761417197,1.9641350793163572,-0.025214916328057394,-0.26561998684563604,4.4283553963786906,-0.025214916328057394
hold,0,298,2.9899999999998923,0,0,1,2,2,-0.0010347043957077973,0.00049376389901468782,7.5263056674667252e-05,0.021747823268815199,0.31525415901707987,0,-0.95544498238527487,1.6421007541697983,-0.045021493985651646,-0.99289790886730822,1.6394086015437419,0.081441369332355365,-0.0038253117953021866,-0.022501782615608989,0.26443915163341053,-0.002003384436292761,-0.010648234437404917,0.19408787370851002,-0.22414688380025688,-1.9465008741148284,-0.016371190732358265,0.22957315468160705,-4.4201687943023025,-0.016371190732358265,0.22414688380025688,1.9465008741148284,0.016371190732358265,-0.22957315468160705,4.4201687943023025,0.016371190732358265
hold,0,299,2.9999999999998912,0,0,1,2,2,-0.0010305083288280892,0.00038414422135408263,0.00034046000913986622,0.029734034587302741,0.31526659943179769,0,-0.95537166195967127,1.6419809894850927,-0.043342426220931478,-0.99237318167284516,1.6392320644463758,0.08030797514645184,0.015499839028310782,-0.0067272176846979032,0.10835123391181752,0.071982345116968952,-0.015209883010665297,-0.23338246385087974,-0.24405859802869861,-1.9613173215680952,-0.031277228645166799,0.15138960757264086,-4.4141948489501139,-0.031277228645166799,0.24405859802869861,1.9613173215680952,0.031277228645166799,-0.15138960757264086,4.4141948489501139,0.031277228645166799
hold,0,300,3.0099999999998901,0,0,1,2,2,-0.0010208328674007894,0.0013566454745977683,0.0001254867108524655,-0.055647105408223166,0.31526879924707785,0,-0.9556169381251608,1.6420012106735813,-0.043412350482014923,-0.99231521970598302,1.6392438618074574,0.078264755175986175,-0.051077372110195834,0.0071129815794069616,-0.080636439148095762,-0.036642971533747654,0.0097783685524822968,-0.18649424643745988,-0.17551917756627577,-1.9753192903401084,0.025535137307704493,0.25955122848846035,-4.4392774794019143,0.025535137307704493,0.17551917756627577,1.9753192903401084,-0.025535137307704493,-0.25955122848846035,4.4392774794019143,-0.025535137307704493
hold,0,301,3.019999999999889,0,0,1,2,2,-0.001009141576706285,0.0010436741149759303,7.8567898250575587e-05,0.029281195253999085,0.31527502693367071,0,-0.95563631659755766,1.6420036755670304,-0.043847319096934498,-0.99235974673869976,1.6392695580202858,0.077927589865695202,0.0309967943290861,-0.0044773137920497107,-0.019916096235271616,0.017969438058642786,-0.0030033976996311348,0.064163341007820035,-0.25743831622638286,-1.9637487141162449,-0.024379308863229743,0.20529503515780378,-4.4267012828524281,-0.024379308863229743,0.25743831622638286,1.9637487141162449,0.024379308863229743,-0.20529503515780378,4.4267012828524281,0.024379308863229743
hold,0,302,3.0299999999998879,0,0,1,2,2,-0.00099522356542934565,0.0016256345447890721,9.1896303548093713e-05,-0.017296687182079971,0.31528361782192321,0,-0.95550650363298484,1.641987248203765,-0.044855015337279654,-0.99249597562400282,1.6392669943198661,0.078664401118344968,0.00088685654389619381,8.8426777789752157e-05,-0.15279808115153223,-0.034474755476870171,0.0011911902505842447,0.080771399522369086,-0.22836688215777548,-1.9681830357799606,0.0011432720059128196,0.25882905977574133,-4.4308753611992859,0.0011432720059128196,0.22836688215777548,1.9681830357799606,-0.0011432720059128196,-0.25882905977574133,4.4308753611992859,-0.0011432720059128196
hold,0,303,3.0399999999998868,0,0,1,2,2,-0.00097903034211584139,0.00163210520298164,0.00011713029514732279,0.0157904227760624,0.31529296872173479,0,-0.95531070679302599,1.641932616907436,-0.046077340546609044,-0.99271715014697481,1.639228809900998,0.080157005985077356,0.024805024598591952,-0.013009408810835957,-0.034273152856611963,-0.013775035294232445,-0.0072420797943730034,0.1943523827117441,-0.25385142493214202,-1.9546481498207031,-0.020770060860127035,0.23989873577687948,-4.4221366158033835,-0.020770060860127035,0.25385142493214202,1.9546481498207031,0.020770060860127035,-0.23989873577687948,4.4221366158033835,0.020770060860127035
hold,0,304,3.0499999999998857,0,0,1,2,2,-0.00096136183797336516,0.0018489064985867617,0.00021468165880916568,0.0057027735015795569,0.31530205696848446,0,-0.95523352782145343,1.6418044258152524,-0.045706677704484361,-0.99289351526370173,1.6391525736336403,0.081940941858481123,-0.0046846535723163683,-0.01365114804245662,0.095939309195302011,-0.0064559876949357026,-0.011274011047112235,0.089202785349506361,-0.22497917853381416,-1.9529808818516141,-0.01952964808586621,0.23399060911139807,-4.4174947944117831,-0.01952964808586621,0.22497917853381416,1.9529808818516141,0.01952964808586621,-0.23399060911139807,4.4174947944117831,0.01952964808586621
hold,0,305,3.0599999999998846,0,0,1,2,2,-0.0009437269650691138,0.0017101850319594949,0.00034011068346310129,0.017109505911496927,0.31530729028632754,0,-0.95526883240505323,1.6416874050823524,-0.044471375471502032,-0.99247059964467865,1.6390011285090003,0.080181502087437517,0.0043486176392221795,-0.0057239141023176232,0.071461906917839352,0.050768831368073426,-0.0091873741767360094,-0.22637236348275952,-0.23373001307655436,-1.9599719499285533,-0.030946285151874735,0.17338246509620434,-4.4183698702850389,-0.030946285151874735,0.23373001307655436,1.9599719499285533,0.030946285151874735,-0.17338246509620434,4.4183698702850389,0.030946285151874735
hold,0,306,3.0699999999998835,0,0,1,2,2,-0.00092312979942624218,0.0022927197665105854,0.00018277700273208611,-0.037625026642290491,0.31530486998113616,0,-0.95543825927044179,1.6417201708844575,-0.044946058526101507,-0.99240671500685029,1.6390377184706075,0.07814044730749295,-0.03080520652741198,0.008200414338614636,-0.12323026795395192,-0.021821059487057818,0.010365161170972852,-0.19077436676983786,-0.19722077398681168,-1.9741584047863263,0.0064302412279491246,0.24546127884870869,-4.4382151253256055,0.0064302412279491246,0.19722077398681168,1.9741584047863263,-0.0064302412279491246,-0.24546127884870869,4.4382151253256055,-0.0064302412279491246
hold,0,307,3.0799999999998824,0,0,1,2,2,-0.00090098923970559353,0.0021761730432899688,0.00010758411682927789,0.012601835008508221,0.31530449869020183,0,-0.95550074416756714,1.6417189252879036,-0.045444188106687877,-0.9924531533296731,1.6391001402493353,0.077250098639309289,0.0025798991489329195,-0.0093946272361654336,0.067575933161477766,0.0076155083330119097,0.0027955005469523174,-0.024152452947559272,-0.23010600048615379,-1.956553398439115,-0.021641355977344887,0.21639621761122141,-4.4311448389314068,-0.021641355977344887,0.23010600048615379,1.956553398439115,0.021641355977344887,-0.21639621761122141,4.4311448389314068,0.021641355977344887
hold,0,308,3.0899999999998813,0,0,1,2,2,-0.00087811161553781603,0.002347527432809754,0.00017402171821052925,0.00262245829445726,0.31530659125790905,0,-0.9555873594362041,1.6416426709679721,-0.044527809284118598,-0.99247197540951615,1.6391376908690751,0.077181560994791676,-0.0090040602148284861,-0.0019639283516917428,0.038089910456253186,-0.0080115012693547944,0.0041868521128161093,0.004443467995499481,-0.21782911897329671,-1.9633740627641365,-0.019002643785128261,0.23217380385233252,-4.43283659545519,-0.019002643785128261,0.21782911897329671,1.9633740627641365,0.019002643785128261,-0.23217380385233252,4.43283659545519,0.019002643785128261
hold,0,309,3.0999999999998802,0,0,1,2,2,-0.00085563139454203352,0.0021835525355052392,0.00029991119505880318,0.0192345524655529,0.3153081869184361,0,-0.9554750083793051,1.6416600118179949,-0.04502147427126351,-0.99246999820082782,1.6391627321379874,0.077413599718485299,0.025095796323985287,0.0031797167493153593,-0.10488208920574767,0.0057302070732902803,0.0013363609253653477,0.035508293280669102,-0.25282778396730243,-1.9686564346653259,-0.033588740200327066,0.21841627784018081,-4.4301864344190367,-0.033588740200327066,0.25282778396730243,1.9686564346653259,0.033588740200327066,-0.21841627784018081,4.4301864344190367,0.033588740200327066
hold,0,310,3.1099999999998791,0,0,1,2,2,-0.00083210948378360794,0.0024708467411787573,0.00031166515127007826,-0.010846289688755882,0.31530762969511567,0,-0.95545545531116849,1.6416602128607465,-0.045550381852141476,-0.99257284444321903,1.6391909987890534,0.077566923495552234,-0.01565574217148414,-0.0035489750004741795,0.0028514190718011631,-0.021020992447993565,0.0037919080623979541,0.0026130321556139049,-0.21223267001692595,-1.9619293512575489,-0.016780214561549642,0.24599024730059432,-4.4328681147645979,-0.016780214561549642,0.21223267001692595,1.9619293512575489,0.016780214561549642,-0.24599024730059432,4.4328681147645979,0.016780214561549642
hold,0,311,3.119999999999878,0,0,1,2,2,-0.00080915328193628677,0.0021690438950777366,0.00041511629276768226,0.024438887477597253,0.31530748205523518,0,-0.95552182452111245,1.6415726105776183,-0.044472514817162419,-0.99258719420007213,1.6392016222487804,0.077815295264516762,0.0035255753710872932,-0.0079941688464075962,0.12840570775275539,0.011578685307451177,-0.00062415971327419773,0.03912013408544622,-0.23088303387994569,-1.9567833391465899,-0.041472032612032389,0.2135053675999744,-4.4285370346667419,-0.041472032612032389,0.23088303387994569,1.9567833391465899,0.041472032612032389,-0.2135053675999744,4.4285370346667419,0.041472032612032389
hold,0,312,3.1299999999998769,0,0,1,2,2,-0.00078823821917439751,0.0020424366750238353,0.00057163881284470785,0.0097956501080036437,0.31530494985856788,0,-0.95541331006871189,1.6415983461329626,-0.044748859228852106,-0.99251484117892608,1.6392263719431153,0.077795672813618669,0.016343481210582343,0.0078742071774261582,-0.1264164715064901,0.0042284549358108034,0.0045177727709441104,-0.028240559578349967,-0.24456905533864526,-1.9728575996131785,-0.037791732978232892,0.22027677380244634,-4.4338769647056386,-0.037791732978232892,0.24456905533864526,1.9728575996131785,0.037791732978232892,-0.22027677380244634,4.4338769647056386,0.037791732978232892
hold,0,313,3.1399999999998758,0,0,1,2,2,-0.00076714961622974254,0.0021523591614109497,0.00054520393751047232,-0.010938571001309832,0.3152983274773592,0,-0.95543421973191278,1.6416262617767199,-0.045328734119720708,-0.99256135861951411,1.6392851180739374,0.07723299812482462,-0.015045205099487405,0.00057533902529222319,-0.014230839105007099,-0.010626186089326667,0.0068119768623608702,-0.074710379255261222,-0.21301309172296834,-1.9657820566111026,-0.024365939984369655,0.23550355435228809,-4.4366411378436323,-0.024365939984369655,0.21301309172296834,1.9657820566111026,0.024365939984369655,-0.23550355435228809,4.4366411378436323,0.024365939984369655
hold,0,314,3.1499999999998747,0,0,1,2,2,-0.0007473302516916025,0.0018714244548400307,0.00058082550047859431,0.013238513261129365,0.31529219096832184,0,-0.95550725417077653,1.6416358208639299,-0.045033128131186227,-0.99252155259431074,1.6393381671239049,0.07655491180994109,-0.0027745553774406089,-0.00043876641070365765,0.070578166783520607,0.013769176585186605,0.0043427703510649993,-0.063936629474111467,-0.22469946593410511,-1.9648444238727867,-0.03949129797562289,0.21078974347614787,-4.4345963237320767,-0.03949129797562289,0.22469946593410511,1.9648444238727867,0.03949129797562289,-0.21078974347614787,4.4345963237320767,0.03949129797562289
hold,0,315,3.1599999999998736,0,0,1,2,2,-0.00072908382855323139,0.0017777192840751235,0.00064661195052751982,0.0020859950441031176,0.31528519738071203,0,-0.95561715008933346,1.6416403648941862,-0.04425187202596155,-0.99241289804414623,1.6394010651666793,0.075597176764545207,-0.0095854837773793108,0.0056017314299903632,0.01500285405785496,0.0088976645604095274,0.0076475137390287487,-0.11690729196155694,-0.21700937018571104,-1.9709212739555311,-0.034600086330558728,0.21479201909960885,-4.4384042514622353,-0.034600086330558728,0.21700937018571104,1.9709212739555311,0.034600086330558728,-0.21479201909960885,4.4384042514622353,0.034600086330558728
hold,0,316,3.1699999999998725,0,0,1,2,2,-0.00071244985220686452,0.0016009189914043529,0.00066786721144420844,0.0021942820402576888,0.31527670704577132,0,-0.95559384654901902,1.6417307867299751,-0.045033380160135063,-0.99229457560467971,1.6394813202396965,0.074243893982487721,0.0035244530061622563,0.0068016021077734476,-0.072362517713760593,0.013884815671675575,0.0082283017152466331,-0.14804599006223323,-0.23030573529176807,-1.9728445193196253,-0.034573205748142842,0.20885828847261062,-4.439627080022591,-0.034573205748142842,0.23030573529176807,1.9728445193196253,0.034573205748142842,-0.20885828847261062,4.439627080022591,0.034573205748142842
hold,0,317,3.1799999999998714,0,0,1,2,2,-0.00069585173088917984,0.0016971220034244479,0.00058188385432527095,-0.0157968436906827,0.31526741233399513,0,-0.9557240619150652,1.6417820771928986,-0.04526787713804839,-0.99223936653165512,1.6395723800514246,0.072577832060420233,-0.024085347486042942,0.0041097157971100992,0.0086215901477376608,4.5860824334617491e-05,0.0097069868371240809,-0.17970401760667223,-0.20165421187119342,-1.9705629567123502,-0.020432942055249717,0.22225557073575486,-4.4418342436382936,-0.020432942055249717,0.20165421187119342,1.9705629567123502,0.020432942055249717,-0.22225557073575486,4.4418342436382936,0.020432942055249717
hold,0,318,3.1899999999998703,0,0,1,2,2,-0.00068014269717221743,0.0014820202914191539,0.00055912650574342637,0.0067252002441085699,0.31526020031916441,0,-0.95593271749514963,1.6417825518881757,-0.04430518485349328,-0.9921111891655876,1.6396471768850456,0.070932630201744354,-0.017946987669529547,-0.0011210744271338124,0.14168308971941818,0.021496424860267045,0.0060663240979865751,-0.15600910348125033,-0.2061233270470314,-1.965335964050323,-0.032564440438998581,0.19977958777128232,-4.4387919555681234,-0.032564440438998581,0.2061233270470314,1.965335964050323,0.032564440438998581,-0.19977958777128232,4.4387919555681234,0.032564440438998581
hold,0,319,3.1999999999998692,0,0,1,2,2,-0.00066629277763434469,0.0013198984228964469,0.00060303752661201935,0.0028318255042563884,0.31525384869859341,0,-0.95598580641967068,1.6418576935345661,-0.044298465857475662,-0.99189442823626583,1.6397180456057221,0.069179195883128944,0.0038119008016204853,0.011436757503087983,-0.088243312635716456,0.021925209383469282,0.0077511079162502598,-0.18889586813356696,-0.22745750412201304,-1.9784949291516682,-0.030986302669472335,0.19761671581350593,-4.4410436891517993,-0.030986302669472335,0.22745750412201304,1.9784949291516682,0.030986302669472335,-0.19761671581350593,4.4410436891517993,0.030986302669472335
hold,0,320,3.2099999999998681,0,0,1,2,2,-0.00065182051536184782,0.0015386615329298033,0.00047607767620059025,-0.023023246118463132,0.31524643684374326,0,-0.95610021863241657,1.6419333835681698,-0.0449849083864318,-0.99180754521645098,1.639801855532327,0.067121717000408906,-0.02685617511103075,0.0034126448242239324,-0.01297340243318262,3.6246612315196138e-05,0.0087746778615989465,-0.21795446475208452,-0.19587413050739472,-1.9710763367416333,-0.010951579417584704,0.21881061442614119,-4.4427377385099875,-0.010951579417584704,0.19587413050739472,1.9710763367416333,0.010951579417584704,-0.21881061442614119,4.4427377385099875,0.010951579417584704
hold,0,321,3.219999999999867,0,0,1,2,2,-0.00063721795790530611,0.0014121953501506604,0.00039661582216398653,0.0021226679572113188,0.31524221154993703,0,-0.95633399001587072,1.6419245063257109,-0.044149646277623959,-0.99168175551445303,1.6398587314137396,0.065240435882134615,-0.023022147444730159,-0.0063044569156528243,0.17281381062047366,0.021193093063701582,0.0036677656884695673,-0.17034959886706405,-0.1978379871060621,-1.9612882170620853,-0.022985214006539158,0.19664745035877124,-4.4380858333881585,-0.022985214006539158,0.1978379871060621,1.9612882170620853,0.022985214006539158,-0.19664745035877124,4.4380858333881585,0.022985214006539158
hold,0,322,3.2299999999998659,0,0,1,2,2,-0.0006237826878849051,0.0012974818781227157,0.00042618908426340929,0.0035118144625844948,0.31523992671314799,0,-0.95644612110152516,1.6419546643109655,-0.043617092831216571,-0.99145355527446588,1.6398998649292811,0.063470369948998018,-0.0025052957508887065,0.0072391049723454174,-0.021484078327100663,0.024075283316015807,0.0043999124119718062,-0.18242412819898576,-0.21745779011466801,-1.9750730428321206,-0.02442935076493918,0.19193965818655978,-4.4391470482359932,-0.02442935076493918,0.21745779011466801,1.9750730428321206,0.02442935076493918,-0.19193965818655978,4.4391470482359932,0.02442935076493918
hold,0,323,3.2399999999998648,0,0,1,2,2,-0.00060976207389543124,0.0014794355824652272,0.00033119417668428248,-0.018146652643963011,0.31523689195770127,0,-0.95648702818276798,1.6420466481092688,-0.044675528322560235,-0.99132523107523052,1.6399495264098867,0.06151135886792905,-0.0095688088126217423,0.0071812191857169964,-0.11561859418253562,0.0055230627845691497,0.0053025402887090364,-0.20584494694407904,-0.21006702040299235,-1.9757510274319188,-0.0080934762143164071,0.20946528512412352,-4.4404469679575751,-0.0080934762143164071,0.21006702040299235,1.9757510274319188,0.0080934762143164071,-0.20946528512412352,4.4404469679575751,0.0080934762143164071
hold,0,324,3.2499999999998637,0,0,1,2,2,-0.00059389431443271357,0.0016587875112671923,0.00016737432314007321,-0.015197330836462819,0.31523608915377999,0,-0.9566972520746877,1.6420436798999067,-0.044598738569871108,-0.99127529551251259,1.6399800376549649,0.059689500488965458,-0.029872625057928349,-0.0060759613244461396,0.1010549717091115,0.0048749329884212773,0.0015917920454588713,-0.16832986907364622,-0.18808141302232806,-1.9624701012468591,-0.0045241107095178382,0.20971393041852798,-4.4369803096749507,-0.0045241107095178382,0.18808141302232806,1.9624701012468591,0.0045241107095178382,-0.20971393041852798,4.4369803096749507,0.0045241107095178382
hold,0,325,3.2599999999998626,0,0,1,2,2,-0.00057783162292394941,0.0015535041146455574,0.00015977186268952316,0.0088097761075307292,0.31523934271034953,0,-0.95694155973248951,1.6419723061904028,-0.042979088000791227,-0.99111011197509225,1.6399747737980195,0.058265424275569522,-0.013414576457911109,-0.0029912047612462105,0.12910032702767166,0.024448040020026041,-0.0018279582789034669,-0.12683995996686886,-0.20258500035993079,-1.9649838681340275,-0.018801222491169629,0.18881935508756045,-4.4335184484950245,-0.018801222491169629,0.20258500035993079,1.9649838681340275,0.018801222491169629,-0.18881935508756045,4.4335184484950245,0.018801222491169629
hold,0,326,3.2699999999998615,0,0,1,2,2,-0.00056190103125385027,0.0016192265244717469,0.00018565022851501782,-0.0015622294803459961,0.31524313313209223,0,-0.95703093174549925,1.641995411532547,-0.042661808007803455,-0.9909117940352552,1.6399661276516568,0.056845447708504672,-0.0055408685187529391,0.004673573505061525,-0.029731785126596608,0.016876720033281386,-0.00024760130345828624,-0.15261460314573264,-0.20974373219501108,-1.972833489137489,-0.013705193501834556,0.19480413155560874,-4.4350296362995687,-0.013705193501834556,0.20974373219501108,1.972833489137489,0.013705193501834556,-0.19480413155560874,4.4350296362995687,0.013705193501834556
hold,0,327,3.2799999999998604,0,0,1,2,2,-0.00054470926501481998,0.0017840311238479412,0.00010279872706871349,-0.012769772018356863,0.31524655995160833,0,-0.95705772599148631,1.6420476526977521,-0.043625575173138198,-0.99080222344870728,1.6399621782870122,0.055269559102678216,-0.00067487073743292066,0.005162185892436332,-0.13929904644684424,0.0071566959842289529,-0.00048233829857294817,-0.16191581775641195,-0.21439537600843461,-1.9737400308465043,-0.0043432305371942665,0.2036475909122778,-4.4347633043872969,-0.0043432305371942665,0.21439537600843461,1.9737400308465043,0.0043432305371942665,-0.2036475909122778,4.4347633043872969,0.0043432305371942665
hold,0,328,3.2899999999998593,0,0,1,2,2,-0.00052505646206657541,0.0021094319019496406,-6.4559301704682914e-05,-0.019299874602399254,0.31525152545618884,0,-0.95712509778120514,1.6420545156945368,-0.044674968504190324,-0.99081948662006714,1.6399203902222561,0.05413193795917718,-0.017217956184357921,-0.0046439209879668829,-0.02734765009827167,-0.012870169046449951,-0.010560567929254448,-0.027875714194438954,-0.19731331624375897,-1.9639888279403783,0.0045109414081395457,0.22381256131383559,-4.4243507702385667,0.0045109414081395457,0.19731331624375897,1.9639888279403783,-0.0045109414081395457,-0.22381256131383559,4.4243507702385667,-0.0045109414081395457
hold,0,329,3.2999999999998582,0,0,1,2,2,-0.00050358813235500122,0.0021613667971759503,-8.1143649687175361e-05,0.01007144630845595,0.3152601462328225,0,-0.95731692358493725,1.6419135597915551,-0.043233848314099585,-0.99098130601640677,1.6397108668414857,0.055688467772972726,-0.016663475248114686,-0.015138333395773456,0.20588690441474211,-0.018720853534070995,-0.026652139831451174,0.27377885838820387,-0.1963331907501453,-1.9523667683087182,-0.013679408817591953,0.23095780097217369,-4.4065830112902074,-0.013679408817591953,0.1963331907501453,1.9523667683087182,0.013679408817591953,-0.23095780097217369,4.4065830112902074,0.013679408817591953
hold,0,330,3.3099999999998571,0,0,1,2,2,-0.0004845052194742544,0.0017476333009649411,0.00023468959714512735,0.045937833675832859,0.31526921257962842,0,-0.95719425086036036,1.6418460210169616,-0.042102269850841062,-0.99110837075342351,1.6394245636199503,0.059533633537107888,0.032216454789295468,-0.002785890922565008,0.055578446906250772,-0.0091351936480932143,-0.029600511177450679,0.46001635545564074,-0.24619450258417055,-1.9641789005851793,-0.046492049915606487,0.22238865898232979,-4.4013442141719237,-0.046492049915606487,0.24619450258417055,1.9641789005851793,0.046492049915606487,-0.22238865898232979,4.4013442141719237,0.046492049915606487
hold,0,331,3.319999999999856,0,0,1,2,2,-0.00046811805794784445,0.0015751883608887043,0.00056737333688566588,0.024835721498183569,0.31527127403564814,0,-0.95681106784871339,1.6418858885067404,-0.043073518636388509,-0.99138948610650379,1.6391831613194969,0.064330422339110405,0.042412008756785406,0.0077827623097348978,-0.19499494197029388,-0.041561790048220498,-0.020552578251911563,0.49885154637073303,-0.25945552064483624,-1.9750664937357096,-0.045434895566180071,0.25706417820709937,-4.4084609286938363,-0.045434895566180071,0.25945552064483624,1.9750664937357096,0.045434895566180071,-0.25706417820709937,4.4084609286938363,0.045434895566180071
hold,0,332,3.3299999999998549,0,0,1,2,2,-0.00045442927896982566,0.0012473929156997382,0.00081216907271397249,0.024282320161512008,0.31526620212485446,0,-0.9562857342977833,1.6419629604905799,-0.045655492497928066,-0.99187778723500997,1.6390042723789784,0.069696466781722477,0.053233530935229034,0.0078160749038896967,-0.26027187069890384,-0.05445364151497057,-0.016393731584800154,0.56828658215972427,-0.27447971123072068,-1.9757163822005801,-0.052972419503190822,0.27386243870189886,-4.4111886638367999,-0.052972419503190822,0.27447971123072068,1.9757163822005801,0.052972419503190822,-0.27386243870189886,4.4111886638367999,0.052972419503190822
hold,0,333,3.3399999999998538,0,0,1,2,2,-0.00044473276709906806,0.00078616934000404887,0.0010592315805637189,0.024983796482981178,0.31525601091929645,0,-0.95573556315491626,1.642042132345243,-0.048285868895552114,-0.99237095465707736,1.6389839974786722,0.07442751528216178,0.054632614571294792,0.0066628589948393028,-0.24840426392356069,-0.041793655076935395,0.0092365515623127128,0.37450286652182996,-0.28028016400972272,-1.9751965411288344,-0.060635614939029428,0.26514779164040281,-4.4366567477814627,-0.060635614939029428,0.28028016400972272,1.9751965411288344,0.060635614939029428,-0.26514779164040281,4.4366567477814627,0.060635614939029428
hold,0,334,3.3499999999998527,0,0,1,2,2,-0.00043907949575532068,0.00042200976129839698,0.0012288501252273856,0.011618533956824682,0.31524146059227487,0,-0.95525277184685087,1.642114425595075,-0.050844307930070401,-0.99270641718249641,1.6391640751131082,0.076741931233763216,0.04394580220106109,0.0081398539530886192,-0.2625993739324875,-0.027711123712822677,0.022188521834793428,0.14202670489471531,-0.27345568210401217,-1.9772518820857401,-0.05691091167143477,0.25374896047964252,-4.4510493391294315,-0.05691091167143477,0.27345568210401217,1.9772518820857401,0.05691091167143477,-0.25374896047964252,4.4510493391294315,0.05691091167143477
hold,0,335,3.3599999999998515,0,0,1,2,2,-0.00043623951574948971,0.00018818238903589379,0.0012401589205750661,-0.0058741313799341235,0.31522465937454819,0,-0.95489393591879179,1.642225404913451,-0.053712776612890874,-0.99293543039645016,1.6394059474092368,0.077115310768851725,0.031957964101524988,0.014590551900202475,-0.31980491874508926,-0.019752920400449486,0.025006470912179626,-0.029602283660607437,-0.26433853142894864,-1.9845904145798621,-0.045051079091341727,0.24762286287889929,-4.455802266575847,-0.045051079091341727,0.26433853142894864,1.9845904145798621,0.045051079091341727,-0.24762286287889929,4.455802266575847,0.045051079091341727
hold,0,336,3.3699999999998504,0,0,1,2,2,-0.00043476519035870465,0.00012120095550715801,0.001097389946235647,-0.019870606524483202,0.31520864831933953,0,-0.95464852092773422,1.6423631428321306,-0.056899194019936129,-0.99311295332677729,1.6396382021873848,0.07625340377029878,0.018633693809193514,0.011744065134778006,-0.30465962452465162,-0.016473271816567776,0.021969921359066686,-0.12334220805249209,-0.25297758106507773,-1.9828458311638739,-0.030230784934158469,0.24576339773763464,-4.4546237552479173,-0.030230784934158469,0.25297758106507773,1.9828458311638739,0.030230784934158469,-0.24576339773763464,4.4546237552479173,0.030230784934158469
hold,0,337,3.3799999999998493,0,0,1,2,2,-0.00043322736094306147,0.00017165893599590946,0.00087349260726170914,-0.024072400274404264,0.3151961653817571,0,-0.95454981393080196,1.6424462615138213,-0.059359931858601014,-0.99325999277733956,1.6398222646983469,0.074913000326570042,0.0040559963479135531,0.0063630637231642494,-0.20919516881930178,-0.013497123125998418,0.016154357802585437,-0.14211926497973371,-0.23918953957925587,-1.9781297792057861,-0.019026617157986543,0.24396356465156344,-4.4502806917791329,-0.019026617157986543,0.23918953957925587,1.9781297792057861,0.019026617157986543,-0.24396356465156344,4.4502806917791329,0.019026617157986543
hold,0,338,3.3899999999998482,0,0,1,2,2,-0.00043110759103050234,0.00023579842808963076,0.00067914432137893487,-0.016344555340635454,0.31518863370429084,0,-0.95456448135298144,1.6424766330076301,-0.060635898800275506,-0.99335004685961192,1.6399430485530866,0.073679029533745916,-0.0051096567101167048,0.00096880813191120964,-0.074496849177574792,-0.0059166266032562188,0.0095121307015468941,-0.11241662860441198,-0.22990654714378975,-1.9729784955650036,-0.016578826022807393,0.23710350078700015,-4.4446047355160125,-0.016578826022807393,0.22990654714378975,1.9729784955650036,0.016578826022807393,-0.23710350078700015,4.4446047355160125,0.016578826022807393
hold,0,339,3.3999999999998471,0,0,1,2,2,-0.00042849448120298173,0.00027694495933396356,0.00057623275574887405,-0.0062552706294845464,0.3151856546139073,0,-0.95463657693860271,1.6424909492720732,-0.060889938108085635,-0.9933633626890106,1.6400075209697795,0.072775725393147653,-0.0080999652274674917,0.00098258548781897121,0.0075854648847644562,0.0018239238091794169,0.0045119240990495833,-0.076824280969034167,-0.22633947394146881,-1.9731068030364556,-0.019103111873585276,0.2294694770097539,-4.4401203082470584,-0.019103111873585276,0.22633947394146881,1.9731068030364556,0.019103111873585276,-0.2294694770097539,4.4401203082470584,0.019103111873585276
hold,0,340,3.409999999999846,0,0,1,2,2,-0.00042551493197010015,0.00031385401270793921,0.00055014507022291541,-0.00017047267741600032,0.31518586203117321,0,-0.95473370678938529,1.6424987564948119,-0.06047826612086734,-0.99331644185875079,1.6400336649250842,0.072131307845318279,-0.011086534418016023,-0.0010256652929179981,0.073720637965411451,0.0066798778407409463,0.0014000794453184681,-0.056895608259580267,-0.22257586594465961,-1.9711610100376287,-0.02211799150375485,0.22423815633611388,-4.4372176152357641,-0.02211799150375485,0.22257586594465961,1.9711610100376287,0.02211799150375485,-0.22423815633611388,4.4372176152357641,0.02211799150375485
hold,0,341,3.4199999999998449,0,0,1,2,2,-0.00042241395979561447,0.00030985851693685014,0.00057544885093444562,0.0043372313277816685,0.31518794603843447,0,-0.95485242148842286,1.6424865948283318,-0.059515468609023771,-0.99322084035920111,1.6400382880610027,0.071584925362975213,-0.0130363117456034,-0.0025140759812721783,0.12132472566020085,0.011529924863393473,-0.00014007361010627881,-0.053516566915850328,-0.21967637102477167,-1.9695753060174335,-0.025942595960730858,0.21862329731706392,-4.4357144472676877,-0.025942595960730858,0.21967637102477167,1.9695753060174335,0.025942595960730858,-0.21862329731706392,4.4357144472676877,0.025942595960730858
hold,0,342,3.4299999999998438,0,0,1,2,2,-0.00041946318618796274,0.00028526049416126265,0.00062934369022459426,0.00608894744719747,0.3151907361973863,0,-0.95502708916659396,1.6424283383147993,-0.057785652433966203,-0.9930812834180931,1.6400355781401919,0.070962269770238839,-0.020883313521701995,-0.0075148721324392702,0.20803124536272816,0.015599083662333384,-0.00034083821620382469,-0.068288893991725413,-0.21043202782330434,-1.9641084577580064,-0.029046187826061668,0.21343768298925991,-4.4354920032951037,-0.029046187826061668,0.21043202782330434,1.9641084577580064,0.029046187826061668,-0.21343768298925991,4.4354920032951037,0.029046187826061668
hold,0,343,3.4399999999998427,0,0,1,2,2,-0.00041747561122126853,0.00013610623704231724,0.00072237998299302443,0.011427421201989111,0.31519320210281954,0,-0.95523688040110732,1.642369264528482,-0.055558768382106119,-0.99286963670162764,1.6400371442771688,0.070108153042156049,-0.019459952130121076,-0.0027468747985280612,0.21198724206305439,0.024890927786734324,0.00051996983632548186,-0.097029425572324066,-0.21017705933877831,-1.9684038648013791,-0.03525847689603355,0.20245266513313537,-4.4363653404434489,-0.03525847689603355,0.21017705933877831,1.9684038648013791,0.03525847689603355,-0.20245266513313537,4.4363653404434489,0.03525847689603355
hold,0,344,3.4499999999998416,0,0,1,2,2,-0.0004167535482622331,2.3333424370808705e-05,0.00080586215317327221,0.0062719902433939446,0.31519438888222712,0,-0.9554793406488441,1.6423238560038689,-0.053221900687382945,-0.99260861618217433,1.6400544913398083,0.068815260325015115,-0.026419620782981396,-0.0025479820298693096,0.22611849138434637,0.026928703812801651,0.0025695200150502289,-0.15094496487734929,-0.20127770870402378,-1.968239489373133,-0.034684656986057279,0.19832672495144152,-4.4385536671232888,-0.034684656986057279,0.20127770870402378,1.968239489373133,0.034684656986057279,-0.19832672495144152,4.4385536671232888,0.034684656986057279
hold,0,345,3.4599999999998405,0,0,1,2,2,-0.00041753264902308351,-0.00014626595093047569,0.00086472540854955866,0.0056240760254524487,0.31519440736308585,0,-0.95575674437299041,1.6422898701035269,-0.050834880344490053,-0.99230027298302437,1.6400882925334122,0.067006256714198187,-0.028756821529014941,-0.0041028968311897672,0.24865823700424605,0.03352651226988837,0.0039236542734987258,-0.20145681907751775,-0.19672127816481977,-1.9664126873690766,-0.035655994176147073,0.1892621709011551,-4.4401782109305685,-0.035655994176147073,0.19672127816481977,1.9664126873690766,0.035655994176147073,-0.1892621709011551,4.4401782109305685,0.035655994176147073
hold,0,346,3.4699999999998394,0,0,1,2,2,-0.00041977273743103172,-0.00027758322867720486,0.00089107955928630978,0.0006362108527986428,0.31519328953907422,0,-0.9561076118298405,1.6422284376837815,-0.048004073481653052,-0.99194991450487668,1.6401382671697378,0.064667936779866625,-0.039814395827500237,-0.0070883979175417654,0.30737714627379403,0.036179545192837101,0.0057175543150807424,-0.256323243080533,-0.18285676421153377,-1.9629357269247611,-0.032819301749910254,0.18380627015302492,-4.4423719080627553,-0.032819301749910254,0.18285676421153377,1.9629357269247611,0.032819301749910254,-0.18380627015302492,4.4423719080627553,0.032819301749910254
hold,0,347,3.4799999999998383,0,0,1,2,2,-0.00042387468255125627,-0.00050352799670296585,0.00091553679339016932,0.0036357121507650651,0.31519129509222066,0,-0.95651152555824126,1.6421859236851761,-0.044883697446045111,-0.99153057294490066,1.6402012400323298,0.061841276530461689,-0.039444098649197089,-0.0019815225750520376,0.30451413163967855,0.045967644251918842,0.0067073305173728295,-0.30167057044548096,-0.17999575156263081,-1.9677024902784082,-0.034404979646070491,0.17066343861413494,-4.443865467165784,-0.034404979646070491,0.17999575156263081,1.9677024902784082,0.034404979646070491,-0.17066343861413494,4.443865467165784,0.034404979646070491
hold,0,348,3.4899999999998372,0,0,1,2,2,-0.00042982046000260288,-0.00067517831719372595,0.0009104412217989708,-0.0033357636630184009,0.31518855054246858,0,-0.95689952265607703,1.6421862434376,-0.042230796176779065,-0.9910644374243387,1.6402762613834603,0.058499467527293333,-0.031076682153572857,0.0059272254806661713,0.16836772018413987,0.047255277391306215,0.0081098727339478892,-0.35758016089499345,-0.18525919127556889,-1.9756137963535174,-0.028841822572763996,0.16564672131025188,-4.4458681801914022,-0.028841822572763996,0.18525919127556889,1.9756137963535174,0.028841822572763996,-0.16564672131025188,4.4458681801914022,0.028841822572763996
hold,0,349,3.4999999999998361,0,0,1,2,2,-0.00043653498586253281,-0.00067336725578503055,0.0007778830546701787,-0.01987830772799893,0.31518540904973269,0,-0.9571381222976405,1.6422904734741943,-0.041875999559477239,-0.99065507717913381,1.6403588280853485,0.054705293253879551,-0.018710570958686553,0.012181088112699617,-0.049160483995038959,0.037050366533258931,0.0083692172487521352,-0.39623675559974963,-0.19571650533794741,-1.9827014992783054,-0.013180351292266572,0.17257675020666011,-4.4467880583213129,-0.013180351292266572,0.19571650533794741,1.9827014992783054,0.013180351292266572,-0.17257675020666011,4.4467880583213129,0.013180351292266572
hold,0,350,3.509999999999835,0,0,1,2,2,-0.00044125510539735902,-0.00033519423580169049,0.00046561159424494226,-0.038773244184004796,0.31518414378207787,0,-0.95733045653227045,1.6424028343814276,-0.043045186989961681,-0.99052328493008734,1.6403682662259205,0.051931391682870344,-0.019470481857964267,0.01015098504226741,-0.16076895852823284,-0.0065524391700005034,-0.0050445888322419984,-0.16817104133036992,-0.19341792056163015,-1.9815702834657398,0.0091837901213912068,0.2151252179175478,-4.4334497573648939,0.0091837901213912068,0.19341792056163015,1.9815702834657398,-0.0091837901213912068,-0.2151252179175478,4.4334497573648939,-0.0091837901213912068
hold,0,351,3.5199999999998339,0,0,1,2,2,-0.00044370039792068772,-0.00017062033164094801,0.00022681769768202365,-0.013897156157970519,0.31518897283012592,0,-0.9573969227149367,1.6424339082130379,-0.044217890922690836,-0.99067629190743434,1.6402212185948528,0.052221925476634221,-0.0053393114489443351,-0.0057259607835936756,-0.019251819054048006,-0.020902470726373332,-0.020502693235954567,0.15535755667584755,-0.20701736150932001,-1.9659419282927608,0.0020446143573124836,0.23069930529269655,-4.4168152719126406,0.0020446143573124836,0.20701736150932001,1.9659419282927608,-0.0020446143573124836,-0.23069930529269655,4.4168152719126406,-0.0020446143573124836
hold,0,352,3.5299999999998328,0,0,1,2,2,-0.00044515889132577813,-0.00014299982619085845,0.00024661188776240334,0.012520856917084029,0.31519869493812142,0,-0.95746024935802976,1.6423126863501052,-0.043028956264967722,-0.9909309076126217,1.639973225597996,0.055275368621252687,-0.00038408166004050368,-0.01007935052482885,0.13498537395046115,-0.028503921884046879,-0.027428788148315012,0.40442148090949531,-0.21146597815347942,-1.9606187636480639,-0.015520475829142465,0.24033768209186904,-4.4079052330254251,-0.015520475829142465,0.21146597815347942,1.9606187636480639,0.015520475829142465,-0.24033768209186904,4.4079052330254251,0.015520475829142465
hold,0,353,3.5399999999998317,0,0,1,2,2,-0.00044876711882992082,-0.00049687770935383604,0.00055342967694117253,0.042805985649145867,0.31520853025478435,0,-0.95719988574260317,1.6422704826383558,-0.042534588804992869,-0.99117559115352583,1.6396946736464215,0.060264206339476309,0.044120820336967306,-0.0015474398116294094,-0.0041223682781752341,-0.02256111812909118,-0.028184411199395621,0.56753357859676257,-0.25805378907389992,-1.9688130446672687,-0.044729089538887573,0.23635234666414631,-4.4049211943617488,-0.044729089538887573,0.25805378907389992,1.9688130446672687,0.044729089538887573,-0.23635234666414631,4.4049211943617488,0.044729089538887573
hold,0,354,3.5499999999998306,0,0,1,2,2,-0.0004546491805577646,-0.00063928985763227393,0.0008672475753859956,0.023782454259780761,0.31521257638649558,0,-0.95669483125671895,1.6423064634152489,-0.043966606246472716,-0.99158239453233388,1.6394580188569647,0.06619934586430011,0.054742710483162448,0.0064771568813696565,-0.23258520701311883,-0.053587368960314942,-0.020993456296944227,0.6184480745229074,-0.27271611510716887,-1.9771254875754121,-0.044337115422664886,0.27063302452583449,-4.4102189109485463,-0.044337115422664886,0.27271611510716887,1.9771254875754121,0.044337115422664886,-0.27063302452583449,4.4102189109485463,0.044337115422664886
hold,0,355,3.5599999999998295,0,0,1,2,2,-0.00046267330607477342,-0.00090919102154533935,0.0011041538985843663,0.023625603871373187,0.31521062162196162,0,-0.95616330475365441,1.6423398929722359,-0.045983183690492833,-0.99218582192439453,1.6392749304399383,0.072731204150422946,0.050094156827466894,0.00013582239751156974,-0.16307227482329797,-0.062447629553890181,-0.011797204018300478,0.63729586280540629,-0.27231977347598962,-1.9710515895474503,-0.052070930765450052,0.28432070425589495,-4.4179504558909786,-0.052070930765450052,0.27231977347598962,1.9710515895474503,0.052070930765450052,-0.28432070425589495,4.4179504558909786,0.052070930765450052
hold,0,356,3.5699999999998284,0,0,1,2,2,-0.00047530379625131125,-0.0014903735134424671,0.0014163541798480192,0.03629726003355431,0.31520469263060619,0,-0.95560921043490787,1.6423319343895006,-0.047363201724460693,-0.99261111640443955,1.6393102044183574,0.077599364285061243,0.058630003574806418,-0.00070035269889260514,-0.12263929283189647,-0.028368596740660511,0.010772764587835278,0.39532622521590027,-0.28528837477330138,-1.9701517457891637,-0.069110976609765673,0.25364402728302549,-4.4408026163244667,-0.069110976609765673,0.28528837477330138,1.9701517457891637,0.069110976609765673,-0.25364402728302549,4.4408026163244667,0.069110976609765673
hold,0,357,3.5799999999998273,0,0,1,2,2,-0.00049183126011914657,-0.0017570799652504511,0.0016025688743207963,0.0068408207174696358,0.31519331650669491,0,-0.95516850066224113,1.6423626763566053,-0.048906862885413321,-0.9928803173265619,1.6394920104384043,0.080010243070045048,0.034373068348357419,0.0057981113699175739,-0.17619082198180339,-0.025989808902385694,0.021981330386324202,0.14421313665633939,-0.26455711772818641,-1.9768961455948109,-0.056387057079775087,0.25341884682172944,-4.4534656302833309,-0.056387057079775087,0.26455711772818641,1.9768961455948109,0.056387057079775087,-0.25341884682172944,4.4534656302833309,0.056387057079775087
hold,0,358,3.5899999999998262,0,0,1,2,2,-0.00051115650842838145,-0.0020497192256557534,0.0016149370112271573,-0.0025008399341969203,0.31517923919531599,0,-0.95487702284083342,1.6424291511943783,-0.050674819038845215,-0.99304854663350062,1.639714686897183,0.080520653711049009,0.025754636294604439,0.0073144229693494715,-0.17847337704225369,-0.010906090774150634,0.022186958819383377,-0.0085678876657190074,-0.25827050824569503,-1.9789442558964268,-0.049308951335585216,0.23968096314900411,-4.4554526703866202,-0.049308951335585216,0.25827050824569503,1.9789442558964268,0.049308951335585216,-0.23968096314900411,4.4554526703866202,0.049308951335585216
hold,0,359,3.5999999999998251,0,0,1,2,2,-0.00053215067334004551,-0.0021396779076262511,0.0014938072175770898,-0.018539305903830995,0.31516541718194085,0,-0.95473086463983781,1.6425122691054073,-0.052362918795458777,-0.99315146737705307,1.6399248089513165,0.079856741725073593,0.0085526852521958172,0.011101997374464601,-0.1817272428773315,-0.010039173878698212,0.020287590867916344,-0.10425767488968787,-0.24223782281125136,-1.983396773589774,-0.033863793360167413,0.23963741220197127,-4.4552342788682209,-0.033863793360167413,0.24223782281125136,1.983396773589774,0.033863793360167413,-0.23963741220197127,4.4552342788682209,0.033863793360167413
hold,0,360,3.609999999999824,0,0,1,2,2,-0.00055377038907032661,-0.0021804401566967772,0.001308042097002259,-0.018605140548621158,0.31515445431424616,0,-0.95470254793596465,1.642587062148285,-0.053615170160800786,-0.99321028165461067,1.6400924564000898,0.078716778230435505,-0.0010401033088370912,0.0053502041254166206,-0.088962583750471447,-0.0031203075949025275,0.014564959043465876,-0.12131279252406686,-0.23287156788120367,-1.9782433246837476,-0.026194459411836388,0.23318906013863644,-4.4508528266339571,-0.026194459411836388,0.23287156788120367,1.9782433246837476,0.026194459411836388,-0.23318906013863644,4.4508528266339571,0.026194459411836388
hold,0,361,3.6199999999998229,0,0,1,2,2,-0.00057537978900547293,-0.0021508653314951161,0.0011405151146080049,-0.015520016096353603,0.31514773832612653,0,-0.95478402965291176,1.6426109242440114,-0.053774985465380301,-0.99321791141851623,1.6402057662406062,0.077618496449282898,-0.012932386828913265,0.00052177886271140294,0.032173280565860218,0.00087174376345980874,0.0093147917328714174,-0.1033728540481272,-0.22032743062555066,-1.9736057961868543,-0.021620801157351297,0.22925804689151857,-4.4465091380474933,-0.021620801157351297,0.22032743062555066,1.9736057961868543,0.021620801157351297,-0.22925804689151857,4.4465091380474933,0.021620801157351297
hold,0,362,3.6299999999998218,0,0,1,2,2,-0.00059709140171593234,-0.00218093554759957,0.0010538045473647813,-0.0040892377430214229,0.31514502025285374,0,-0.95492069722505746,1.6426131507035684,-0.052953200224549288,-0.99315414701570237,1.6402699858576051,0.076797786705234516,-0.015588046704564961,-0.0026237225693200115,0.13773363621370058,0.010148903694938542,0.0045702129497170547,-0.068992034534361549,-0.21657843017273337,-1.9704781064312784,-0.025161991576731445,0.21947077173752896,-4.4422783162003299,-0.025161991576731445,0.21657843017273337,1.9704781064312784,0.025161991576731445,-0.21947077173752896,4.4422783162003299,0.025161991576731445
hold,0,363,3.6399999999998207,0,0,1,2,2,-0.00061901508246246795,-0.0022005964998554292,0.00104605024030955,0.0014324114684376931,0.31514501586643601,0,-0.95513489739063262,1.6425620588405643,-0.050864362708085746,-0.99302542375413405,1.6403015372482459,0.07620422606807041,-0.025552350230507836,-0.0066651502043904697,0.25745833049521494,0.014749019897710561,0.0022663435641610591,-0.053557122876543836,-0.20490052532218919,-1.9660279438921751,-0.028158539560310853,0.21384086944221037,-4.4402268579399005,-0.028158539560310853,0.20490052532218919,1.9660279438921751,0.028158539560310853,-0.21384086944221037,4.4402268579399005,0.028158539560310853
hold,0,364,3.6499999999998196,0,0,1,2,2,-0.00064195948948282677,-0.0023565927291264973,0.0011266604787545994,0.01247849321021199,0.31514637110799559,0,-0.95540668800381745,1.6424788712088492,-0.047668653663230601,-0.99280708030534381,1.6403172436013809,0.075670330524378493,-0.02853801693360242,-0.0094448074507292191,0.36295574882342257,0.026597486150553545,0.001133409513663862,-0.053622297807321258,-0.19974053371361597,-1.9625827855921154,-0.037362401277103788,0.2002456555990455,-4.4392195747144836,-0.037362401277103788,0.19974053371361597,1.9625827855921154,0.037362401277103788,-0.2002456555990455,4.4392195747144836,0.037362401277103788
hold,0,365,3.6599999999998185,0,0,1,2,2,-0.00066685063856813942,-0.0025763716932009142,0.0012664065363956957,0.014969764184432617,0.31514716218925332,0,-0.955712158190684,1.6424079469084467,-0.043905595776623091,-0.99249500523344825,1.6403390370448871,0.074897360268036214,-0.031701987997812722,-0.0063953964069611803,0.38842666876650717,0.034292341992165576,0.0028669529355938505,-0.092988639011157087,-0.19413280115447323,-1.9650648022326638,-0.043155075005798356,0.19005419918226893,-4.4411274656844633,-0.043155075005798356,0.19413280115447323,1.9650648022326638,0.043155075005798356,-0.19005419918226893,4.4411274656844633,0.043155075005798356
hold,0,366,3.6699999999998174,0,0,1,2,2,-0.00069464543367980802,-0.0029142027821407023,0.0014014745098584248,0.0125279807603911,0.31514580748514709,0,-0.95583876363952891,1.6424631211148903,-0.041926403405898309,-0.99211630767354819,1.6403849146964022,0.073595663053725044,0.0008812763915868483,0.010985152896567662,0.077955702558959061,0.040284376524886097,0.0057129892678476945,-0.15495157839447796,-0.22570322195311354,-1.9828867451877417,-0.044991662233888591,0.18103258417034798,-4.4443405232288384,-0.044991662233888591,0.22570322195311354,1.9828867451877417,0.044991662233888591,-0.18103258417034798,4.4443405232288384,0.044991662233888591
hold,0,367,3.6799999999998163,0,0,1,2,2,-0.00072286599034024346,-0.0027635284275950934,0.0012811467997527126,-0.028412776983924075,0.31514149189768503,0,-0.95586188671346273,1.6426132967508806,-0.042711535459027727,-0.99190734942526104,1.6404629361832992,0.071649101211526289,-0.0042942594775391583,0.016741308416970472,-0.17892617046947396,0.0080550542442362344,0.0091902946640994871,-0.22157201548257757,-0.220342701492517,-1.9898443057960669,-0.015216054105585648,0.21159024046470065,-4.4484420005202656,-0.015216054105585648,0.220342701492517,1.9898443057960669,0.015216054105585648,-0.21159024046470065,4.4484420005202656,0.015216054105585648
hold,0,368,3.6899999999998152,0,0,1,2,2,-0.00074936634647455869,-0.0025795117161442685,0.00096498766566094287,-0.033755045965452778,0.31513914377033736,0,-0.95583030429243365,1.6427507268754205,-0.04506642495019262,-0.99188905308184494,1.6405232540095365,0.069779693575613297,0.0082061628928864795,0.01146742823106052,-0.2727121247613189,-0.0020775617112816138,0.0040214962599421575,-0.16623917728643253,-0.23309578323117525,-1.9856698666064754,-0.00031008445421600722,0.22157648567288968,-4.4437557447260065,-0.00031008445421600722,0.23309578323117525,1.9856698666064754,0.00031008445421600722,-0.22157648567288968,4.4437557447260065,0.00031008445421600722
hold,0,369,3.6999999999998141,0,0,1,2,2,-0.00077198863262610551,-0.0020550619739393302,0.00058605059543850977,-0.040651746198483447,0.31514256992678841,0,-0.95598330371474805,1.64273079916717,-0.045878123986656603,-0.99202992088333442,1.6405252435785129,0.068769807490668175,-0.031893718093729956,-0.0093210774148872674,0.043328837844773857,-0.021832113180951893,-0.0022588461905234669,-0.059866496012491111,-0.19177190686604367,-1.9647219392945241,0.016149091681736144,0.24245797955447573,-4.4374913188273526,0.016149091681736144,0.19177190686604367,1.9647219392945241,-0.016149091681736144,-0.24245797955447573,4.4374913188273526,-0.016149091681736144
hold,0,370,3.709999999999813,0,0,1,2,2,-0.00079271675740527625,-0.0021028570306590721,0.00049620781371402414,0.012075418058818869,0.31515413653410745,0,-0.95620763994105329,1.6425699257892665,-0.043727477078572177,-0.99204710620315795,1.6404442005717264,0.069137410114902695,-0.0090858220329341644,-0.01424089288280728,0.25025393824862391,0.011873012087101384,-0.011853468129671245,0.098996207355183399,-0.21278511311639753,-1.9585151368033762,-0.013174579248646165,0.20889033684501074,-4.4272483528339119,-0.013174579248646165,0.21278511311639753,1.9585151368033762,0.013174579248646165,-0.20889033684501074,4.4272483528339119,0.013174579248646165
hold,0,371,3.7199999999998119,0,0,1,2,2,-0.00081316986845948735,-0.0020038986930651535,0.00061301604590244881,0.011422509986265662,0.31516816568934658,0,-0.95623376585382447,1.6425061546174344,-0.042101136104038456,-0.9919636363367581,1.6403336685503942,0.070270145357818004,0.002371799266758211,-0.0027569846324090978,0.10846584414374713,0.0059862637745292449,-0.010595136577813129,0.12352838136506394,-0.22403372711392044,-1.9694888756791176,-0.017867681392709139,0.21410932622638412,-4.4276224282151126,-0.017867681392709139,0.22403372711392044,1.9694888756791176,0.017867681392709139,-0.21410932622638412,4.4276224282151126,0.017867681392709139
hold,0,372,3.7299999999998108,0,0,1,2,2,-0.00083253747793983479,-0.0018899723239994713,0.00068775151556358402,0.0048439391224343034,0.31518056442511622,0,-0.95614519461410663,1.6425005318382668,-0.041826052475792824,-0.991951253547811,1.6402332044024344,0.071521913974724585,0.013306519516103421,0.00027720223548532969,-0.024008045984034901,-0.0020141892612307354,-0.009724740782744188,0.12720616738367579,-0.23567701728100837,-1.9724780803136712,-0.017254359178190324,0.22201071695056723,-4.4276891108265035,-0.017254359178190324,0.23567701728100837,1.9724780803136712,0.017254359178190324,-0.22201071695056723,4.4276891108265035,0.017254359178190324
hold,0,373,3.7399999999998097,0,0,1,2,2,-0.00085031519472704431,-0.0017018143185252299,0.00067588990572222828,-0.0052025268924537783,0.31519179708705219,0,-0.9559762184737628,1.6425044546965757,-0.042717126470394932,-0.99204162473733626,1.640138912264171,0.072837057420157281,0.019257712820323823,0.00026180588569240358,-0.13120548267470486,-0.013820152932741138,-0.0092528289143156053,0.13518643697097968,-0.24298001970797944,-1.9724940668303492,-0.0114546128280715,0.23453965013827974,-4.4274066855888243,-0.0114546128280715,0.24298001970797944,1.9724940668303492,0.0114546128280715,-0.23453965013827974,4.4274066855888243,0.0114546128280715
hold,0,374,3.7499999999998086,0,0,1,2,2,-0.00086593784372465676,-0.0014684576760564789,0.00059540687429061195,-0.0099399737345556762,0.31520270515166138,0,-0.95574689190125506,1.6424969678553558,-0.044430945491867789,-0.99223752822131384,1.6400406726449592,0.074390564379490279,0.025351886005196986,-0.0014618885462561371,-0.19781499885495968,-0.023523620011702558,-0.010208593441731209,0.16932129868712922,-0.2509088054729145,-1.9707104776686417,-0.0065449269551963087,0.24581034508906177,-4.4256650041077155,-0.0065449269551963087,0.2509088054729145,1.9707104776686417,0.0065449269551963087,-0.24581034508906177,4.4256650041077155,0.0065449269551963087
hold,0,375,3.7599999999998075,0,0,1,2,2,-0.00087881852398653815,-0.0011518410296783555,0.0004887655185944141,-0.01109235916339333,0.31521408109080729,0,-0.95550667576455606,1.6424472248804984,-0.046223829767118176,-0.99252729969665432,1.6399280680122621,0.076413633125218511,0.015958717316156095,-0.010871028588641396,-0.10107278505556305,-0.032670852759853097,-0.012034338044739435,0.22493981395311163,-0.24343736587746562,-1.9609033938273974,-0.0033305416000414707,0.25727574963993616,-4.4229384224431296,-0.0033305416000414707,0.24343736587746562,1.9609033938273974,0.0033305416000414707,-0.25727574963993616,4.4229384224431296,0.0033305416000414707
hold,0,376,3.7699999999998064,0,0,1,2,2,-0.00088923440332087933,-0.00096492889928307757,0.00048056907702446425,0.0060397154305267707,0.31522659393982588,0,-0.95545777789485664,1.6422577308842214,-0.045463953862924199,-0.99280977317066266,1.6397924911445698,0.079074510212089083,-0.0032761730356470628,-0.023139455901886315,0.19275201801553138,-0.025420295097721365,-0.014594427612539637,0.29434719908226337,-0.2245936584832578,-1.9471190145439365,-0.014803009726019639,0.25228497976987119,-4.4192937179337912,-0.014803009726019639,0.2245936584832578,1.9471190145439365,0.014803009726019639,-0.25228497976987119,4.4192937179337912,0.014803009726019639
hold,0,377,3.7799999999998053,0,0,1,2,2,-0.00090031069777264661,-0.0012220902125365909,0.0007175443290678374,0.035399759552574191,0.31523857075436745,0,-0.95534440927532494,1.6421002306969905,-0.043731883553429066,-0.99287176339078176,1.639640848361148,0.081910093897839167,0.026581578839346302,-0.0088903685225552656,0.11449028049019749,0.019923766119841785,-0.018671437535709337,0.19947463010066352,-0.25535835931450479,-1.9601081004254202,-0.041186502642432087,0.20743684031326082,-4.414003565743247,-0.041186502642432087,0.25535835931450479,1.9601081004254202,0.041186502642432087,-0.20743684031326082,4.414003565743247,0.041186502642432087
hold,0,378,3.7899999999998042,0,0,1,2,2,-0.00091149976750874717,-0.0010384953091844733,0.00080807043800610939,-0.0084814559377041389,0.31524287551012364,0,-0.95519190937210208,1.6421062334118532,-0.044002197383624791,-0.99237113329800719,1.639446040547671,0.080153963104535667,0.0079841078675754011,0.0057883595134737773,-0.11713395504453983,0.052959082887140518,-0.012620062383879258,-0.33937511577679247,-0.23798088756851676,-1.974834850180351,-0.018121214467034179,0.17039648280376554,-4.4184964783872607,-0.018121214467034179,0.23798088756851676,1.974834850180351,0.018121214467034179,-0.17039648280376554,4.4184964783872607,0.018121214467034179
hold,0,379,3.7999999999998031,0,0,1,2,2,-0.00091644911776894711,-0.00013547016311124234,0.00035743529513229092,-0.069446171898476877,0.31523815492397278,0,-0.95540652694500627,1.6422022379279821,-0.045829558419724081,-0.99240544133754183,1.6394725735405271,0.077430120919551329,-0.040968090661042705,0.011742743614938884,-0.22544183023723549,-0.039011025266261087,0.01024755511037042,-0.23101008544098617,-0.18731174845666509,-1.9815572704108473,0.033055492940558928,0.26264105527344422,-4.4415763598243601,0.033055492940558928,0.18731174845666509,1.9815572704108473,-0.033055492940558928,-0.26264105527344422,4.4415763598243601,-0.033055492940558928
hold,0,380,3.809999999999802,0,0,1,2,2,-0.00091766379105297224,-0.0001138494037605601,0.00012705968337075281,0.0079077610902939278,0.31524118358368114,0,-0.95564355050177885,1.6421197993260812,-0.045255802791523608,-0.99255594306624451,1.639505494038261,0.076855833654596126,-0.013300462970680577,-0.019843681680941659,0.24272324493164771,0.0020797799263565179,-0.0022783536496055875,0.05367903059430288,-0.21308318769284662,-1.9493113362997592,-0.0066667979135178945,0.22275426391044806,-4.429313815046255,-0.0066667979135178945,0.21308318769284662,1.9493113362997592,0.0066667979135178945,-0.22275426391044806,4.429313815046255,0.0066667979135178945
hold,0,381,3.8199999999998009,0,0,1,2,2,-0.00091831239015179034,-2.8275920195292167e-05,0.00028284503859830082,0.020698764646843233,0.31525087412199043,0,-0.95567416183876097,1.6420222483753519,-0.043564027889354158,-0.99254412658224678,1.6394826643584084,0.077918373537592747,0.0047141535178220791,-0.0050357052089294481,0.12479063346956762,0.0009434067905901136,-0.0027572078306174227,0.14124571238922382,-0.23085291348549231,-1.9633389051659373,-0.02134806721367067,0.22379610517423265,-4.4286523234264221,-0.02134806721367067,0.23085291348549231,1.9633389051659373,0.02134806721367067,-0.22379610517423265,4.4286523234264221,0.02134806721367067
hold,0,382,3.8299999999997998,0,0,1,2,2,-0.00091819240595102103,4.2310906884381223e-05,0.00046700730345777824,0.016897587149387293,0.31525913070334832,0,-0.9555419831478269,1.6420108926195649,-0.043238692605369639,-0.99257309722276743,1.639454689304086,0.079421091154922754,0.019104320168098765,0.00063728618405595292,-0.025908051476417959,-0.0054721462370456511,-0.0029881067368736462,0.15736029571736637,-0.24630050966324155,-1.9689210505126264,-0.02662196782962559,0.23044342332603363,-4.4281976240855867,-0.02662196782962559,0.24630050966324155,1.9689210505126264,0.02662196782962559,-0.23044342332603363,4.4281976240855867,0.02662196782962559
hold,0,383,3.8399999999997987,0,0,1,2,2,-0.00091708838489755473,0.00015816518106349594,0.0005616725801121696,0.0045154877172405407,0.31526513595719968,0,-0.95530023625688298,1.6420321263836088,-0.044396003034736217,-0.99269618028309692,1.6394263237861106,0.080947367477539167,0.027526317238112104,0.0027955045488132491,-0.17368061433380971,-0.01701638406405508,-0.0027583970890143043,0.15069518579854954,-0.25665648186080625,-1.9712491389897353,-0.023212620664187951,0.24297232563567894,-4.4282004095896434,-0.023212620664187951,0.25665648186080625,1.9712491389897353,0.023212620664187951,-0.24297232563567894,4.4282004095896434,0.023212620664187951
hold,0,384,3.8499999999997976,0,0,1,2,2,-0.00091466781711187217,0.00030348672554294604,0.00054576076856502689,-0.005644717522639296,0.3152692525989379,0,-0.95502532974815546,1.6420410590627377,-0.046433924202792166,-0.99272822970740637,1.6393523964470724,0.081307055542537435,0.020287159567101056,-0.0035535613188031855,-0.15985905036136794,0.01107894428935037,-0.0097005014624055273,-0.077481573547422355,-0.25161657625961537,-1.9649715345551495,-0.017002360958584647,0.21513339267674914,-4.4206668865039465,-0.017002360958584647,0.25161657625961537,1.9649715345551495,0.017002360958584647,-0.21513339267674914,4.4206668865039465,0.017002360958584647
hold,0,385,3.8599999999997965,0,0,1,2,2,-0.00090798351783061282,0.0009145003731579125,0.00030227949185167963,-0.036800031281859533,0.31526985638971233,0,-0.9551565277880123,1.6419864422270618,-0.046970062892373453,-0.99292038380805647,1.639327308740633,0.080982487742390988,-0.036430594761226148,-0.0075499585838004002,0.027604000822784504,-0.038532034249136107,0.001097515527334176,-0.0037634379278365451,-0.19384923761243344,-1.9605382026047453,0.008812947370993203,0.26628160402043644,-4.4312642018421711,0.008812947370993203,0.19384923761243344,1.9605382026047453,-0.008812947370993203,-0.26628160402043644,4.4312642018421711,-0.008812947370993203
hold,0,386,3.8699999999997954,0,0,1,2,2,-0.00090085753097458865,0.000566095580809718,0.00037425955244505991,0.036491804188573597,0.31527442960026109,0,-0.9553122749566747,1.6418164677785945,-0.04476312149099524,-0.99294939535658799,1.6392837753398051,0.081696880937571881,-0.0022664078140317801,-0.022622980424241376,0.34926783434729497,0.035169545844740427,-0.011665429912151554,0.039995327565871916,-0.2267674472103286,-1.9441053851765657,-0.038260572242883373,0.19281211631481204,-4.4181529891960611,-0.038260572242883373,0.2267674472103286,1.9441053851765657,0.038260572242883373,-0.19281211631481204,4.4181529891960611,0.038260572242883373
hold,0,387,3.8799999999997943,0,0,1,2,2,-0.00089463310909804195,0.00067759178446616451,0.00055742595540421219,0.0062462178526371077,0.31527605205567111,0,-0.95539315268023128,1.641765688387312,-0.042941013593143118,-0.99262113526210261,1.6392349619776549,0.0807427077483963,-0.010921397224203773,0.0039809558780101693,0.078101567271790628,0.01678107834410858,0.0030607506959565659,-0.10192287295122809,-0.21746543601170396,-1.9703030863485571,-0.027090165637937841,0.2085745030595608,-4.4324886629069686,-0.027090165637937841,0.21746543601170396,1.9703030863485571,0.027090165637937841,-0.2085745030595608,4.4324886629069686,0.027090165637937841
hold,0,388,3.8899999999997932,0,0,1,2,2,-0.00088773831548580318,0.00069780997570359938,0.0005849108655887668,0.0004166046003238734,0.31527254001799476,0,-0.95540042277792692,1.6418479507852481,-0.043267346189835548,-0.99253563850888149,1.6392982729133796,0.079911174396152029,0.0063624444946417079,0.010036123021760093,-0.10327302909316521,0.0036692548810076209,0.0077208336380770381,-0.071488949382162714,-0.23469111694898437,-1.9770163526757965,-0.024637972466043604,0.22100235249689282,-4.437655233334886,-0.024637972466043604,0.23469111694898437,1.9770163526757965,0.024637972466043604,-0.22100235249689282,4.437655233334886,0.024637972466043604
hold,0,389,3.8999999999997921,0,0,1,2,2,-0.00087997452038694746,0.00082783766563836842,0.00052783213706363236,-0.0097918503721061891,0.31526904020539087,0,-0.95527181657564686,1.6419498763664064,-0.04514261738817351,-0.99258572371283482,1.639373586731816,0.079379721895681599,0.017240658553492553,0.0099139118491493074,-0.24214823411278308,-0.010518760348417278,0.0071291094110592489,-0.041627939747844699,-0.24659818062607566,-1.9777095461524521,-0.016701902580403608,0.23559104935794439,-4.4376660196553592,-0.016701902580403608,0.24659818062607566,1.9777095461524521,0.016701902580403608,-0.23559104935794439,4.4376660196553592,0.016701902580403608
hold,0,390,3.909999999999791,0,0,1,2,2,-0.00087001360158467378,0.0011161764575329841,0.00038751389018931563,-0.016828173821758358,0.315267203917447,0,-0.95520207052786832,1.6419731521670822,-0.046797722899191208,-0.99277186838903098,1.6394234670961676,0.079299026567951278,-0.0052408691859041016,-0.0037427102393794774,-0.073988115669826049,-0.023855496160146691,0.0034829325777694146,0.013493168491214937,-0.22467462126890733,-1.9642391304693292,-0.0083623775804704883,0.25041694257924302,-4.4344188857368829,-0.0083623775804704883,0.22467462126890733,1.9642391304693292,0.0083623775804704883,-0.25041694257924302,4.4344188857368829,0.0083623775804704883
hold,0,391,3.9199999999997899,0,0,1,2,2,-0.00085913164966475164,0.0010671799565473612,0.00038827366764414474,0.011338943015411508,0.31526887751333899,0,-0.95523549805746089,1.6419038137363113,-0.04642123352359831,-0.99289650032095789,1.6394236122631616,0.079926806568448763,-0.0012967235506578197,-0.0072665903610953306,0.097617799246524362,-0.0048118280564753493,-0.0022439617627514254,0.094847681489587748,-0.22835134666741308,-1.9601605429014466,-0.025886994912768992,0.23237032993098697,-4.4286931527323139,-0.025886994912768992,0.22835134666741308,1.9601605429014466,0.025886994912768992,-0.23237032993098697,4.4286931527323139,0.025886994912768992
hold,0,392,3.9299999999997888,0,0,1,2,2,-0.00084884011139210735,0.00099212728534193366,0.00054172280251138104,0.017972624648234823,0.31527134485791375,0,-0.95529575151642931,1.6418191328065448,-0.044823466704782947,-0.99290911381897617,1.6394025421017644,0.080887514317075027,-0.0038672075400163599,-0.0040993241483241929,0.14047481807536538,0.00098802806465419515,-0.0019598484217248869,0.097581009215932046,-0.2252988350063071,-1.9626503616760853,-0.035737690592667161,0.22667138179400373,-4.4288087047821625,-0.035737690592667161,0.2252988350063071,1.9626503616760853,0.035737690592667161,-0.22667138179400373,4.4288087047821625,0.035737690592667161
hold,0,393,3.9399999999997877,0,0,1,2,2,-0.00084042713316037632,0.00074384654044732615,0.0007419937129279835,0.021398281425153473,0.3152714400002869,0,-0.9551527748370594,1.6418493862948385,-0.044824081055620718,-0.99285079074184246,1.639396192285024,0.081635763922350765,0.026832590490575531,0.0063858310868609948,-0.08917565112217507,0.0089248600473936165,0.00022890122500684892,0.060802734815242079,-0.2571424464718583,-1.9733775448176198,-0.044448725238320962,0.21826796519419459,-4.4309466558949708,-0.044448725238320962,0.2571424464718583,1.9733775448176198,0.044448725238320962,-0.21826796519419459,4.4309466558949708,0.044448725238320962
hold,0,394,3.9499999999997866,0,0,1,2,2,-0.00083209580457149768,0.00089827682470986457,0.00074567544782360915,-0.013635936967356368,0.31526706158566503,0,-0.95499703059162955,1.6419169753780458,-0.046336994113855848,-0.99284004917080892,1.6394071067077365,0.081341023258587442,0.00075196398519494084,0.0042379345468867135,-0.12998533105843768,0.0022031048914970784,0.00080665045392255136,-0.12856239887668625,-0.23230777392991656,-1.9717703609433046,-0.02341873497833654,0.22490378778182285,-4.4316117205055869,-0.02341873497833654,0.23230777392991656,1.9717703609433046,0.02341873497833654,-0.22490378778182285,4.4316117205055869,0.02341873497833654
hold,0,395,3.9599999999997855,0,0,1,2,2,-0.00082218234715966676,0.0010519588730143335,0.00058544028923524839,-0.017613434686333872,0.31526049026000613,0,-0.95513452013282629,1.6419097768869197,-0.04658395125758618,-0.99290179460233374,1.6394460765030368,0.080330748074350158,-0.023911830049484457,-0.0031664306942567064,0.043937212188807168,-0.011197597483464876,0.0053070616143502357,-0.084178395427901509,-0.20654406356566318,-1.9643084077731525,-0.01546924651534427,0.23879845360898336,-4.4364238900284167,-0.01546924651534427,0.20654406356566318,1.9643084077731525,0.01546924651534427,-0.23879845360898336,4.4364238900284167,0.01546924651534427
hold,0,396,3.9699999999997844,0,0,1,2,2,-0.00081300501944896186,0.00082879222468976307,0.00061315921343657869,0.01636387882238895,0.31525654395016667,0,-0.95531757646766557,1.6418340682479176,-0.044972416550573317,-0.99286293278948701,1.6394845344502356,0.079896867820029513,-0.014889321355107123,-0.010209428427209183,0.23958279890556844,0.014258291774702433,0.0026128887501712201,-0.017457252445188646,-0.21410212158132627,-1.9566597409281825,-0.03674316101428337,0.21303166984804217,-4.4340373807418283,-0.03674316101428337,0.21410212158132627,1.9566597409281825,0.03674316101428337,-0.21303166984804217,4.4340373807418283,0.03674316101428337
hold,0,397,3.9799999999997833,0,0,1,2,2,-0.00080620049771981672,0.00058407864053672319,0.00078284383400760351,0.017372464029465729,0.31525227817533769,0,-0.9553143375633053,1.6418605236248052,-0.044167395101580673,-0.99269956963526551,1.6395326546893016,0.079543114546621427,0.011440512221865056,0.0087759416729167455,-0.019195392169874058,0.017802720823059059,0.006109931369716803,-0.046912024473112754,-0.24045786639318062,-1.9758567540434093,-0.042739289821108452,0.20818033556591356,-4.4379193852739025,-0.042739289821108452,0.24045786639318062,1.9758567540434093,0.042739289821108452,-0.20818033556591356,4.4379193852739025,0.042739289821108452
hold,0,398,3.9899999999997822,0,0,1,2,2,-0.00079994560949310511,0.00066191988209397617,0.00078374877023750541,-0.01140436739327283,0.31524456506093412,0,-0.95520161297795059,1.6419888662083277,-0.045656160337709605,-0.9926554876896535,1.6396142917799188,0.078751695609579259,0.0067721597419852179,0.012427212740058643,-0.19016772571555232,-0.0044861086787212441,0.0094334267162480018,-0.10026048437846302,-0.23669131059613852,-1.9805347657787318,-0.025107364418093796,0.23011650950279783,-4.4418959773453706,-0.025107364418093796,0.23669131059613852,1.9805347657787318,0.025107364418093796,-0.23011650950279783,4.4418959773453706,0.025107364418093796
hold,0,399,3.9999999999997811,0,0,1,2,2,-0.00079268400488360924,0.00076667883167643954,0.0006497965110728248,-0.014724439964769001,0.31523722017856798,0,-0.95525362519149071,1.6420340530524926,-0.046497110861717962,-0.99272752581798529,1.6396909060480289,0.077879619064763608,-0.013789810615683008,0.00036541565804246818,-0.015632428062869221,-0.0089250639316793903,0.0065345861008361166,-0.079541514067335964,-0.21571324253014934,-1.9688344634500345,-0.018330019496235493,0.23513176978241024,-4.4396100508748395,-0.018330019496235493,0.21571324253014934,1.9688344634500345,0.018330019496235493,-0.23513176978241024,4.4396100508748395,0.018330019496235493
hold,0,400,4.0099999999997804,0,0,1,2,2,-0.00078576178944601838,0.00064221340000402609,0.00063225188047853374,0.0068925499708192735,0.31523334785280166,0,-0.95539776226982798,1.6419882792019924,-0.045527567387080616,-0.99271273817013894,1.6397320200476138,0.077353736596411593,-0.015171674600094843,-0.007442287876539725,0.17180140459770227,0.0085155506286542851,0.0025466212235721606,-0.035672750190738095,-0.21317828191903931,-1.9606605691114509,-0.03057592868859595,0.21757285403930579,-4.4359509979942544,-0.03057592868859595,0.21317828191903931,1.9606605691114509,0.03057592868859595,-0.21757285403930579,4.4359509979942544,0.03057592868859595
hold,0,401,4.0199999999997793,0,0,1,2,2,-0.00078053032468798633,0.00043549983925596317,0.00074049794160262834,0.013415743005395886,0.31523032663066686,0,-0.95548826790939145,1.6419914630119372,-0.044334787508786964,-0.99258009613398901,1.6397633909884028,0.076923890124414543,0.0010527004826082573,0.0058112783299681774,0.042560421772210776,0.016439760546007164,0.0035564286684942924,-0.047926362505314866,-0.22867861188523464,-1.9739396057975171,-0.037824277209405413,0.20858750783275343,-4.4372117729654894,-0.037824277209405413,0.22867861188523464,1.9739396057975171,0.037824277209405413,-0.20858750783275343,4.4372117729654894,0.037824277209405413
hold,0,402,4.0299999999997782,0,0,1,2,2,-0.00077637638697453104,0.00040192999809784003,0.00077207091194923588,-0.0036838744496832179,0.31522543102427436,0,-0.95540737864453473,1.6421007517334076,-0.045282657784597155,-0.99248596006596135,1.6398133452471728,0.076188604157600676,0.013112696701838874,0.01317184879076371,-0.18247139740556226,0.0047360246472846965,0.0059372795549141799,-0.090419687698894954,-0.241385722223319,-1.9821744860300761,-0.028130222452001894,0.21953815518725461,-4.4399922579220688,-0.028130222452001894,0.241385722223319,1.9821744860300761,0.028130222452001894,-0.21953815518725461,4.4399922579220688,0.028130222452001894
hold,0,403,4.0399999999997771,0,0,1,2,2,-0.00077097984254671792,0.00062905193291021213,0.00062728357171050236,-0.021677857939344125,0.31522015353965127,0,-0.95547054372625984,1.6421488718233292,-0.046104987579760094,-0.99254229625658197,1.6398680606362261,0.075280900423914512,-0.020017941994388212,0.00058623132043325891,-0.017815287698795375,-0.01247960228411725,0.0051998506249209897,-0.091692878788470961,-0.20774976287329111,-1.9699738292791185,-0.012360813547218961,0.23720447164362152,-4.4396925521045025,-0.012360813547218961,0.20774976287329111,1.9699738292791185,0.012360813547218961,-0.23720447164362152,4.4396925521045025,0.012360813547218961
hold,0,404,4.049999999999776,0,0,1,2,2,-0.000765713634591908,0.00045785735418779567,0.00059876943434075767,0.0097003498524131024,0.31521864081997641,0,-0.95563398170558966,1.642087254579407,-0.044970713946732757,-0.99251449674388503,1.6398875859313566,0.074732628941197782,-0.014332142434828729,-0.010101412663478589,0.20051868687787269,0.013078654396008076,-0.00015171723197717618,-0.0316088109812908,-0.21212805859821196,-1.9587932473438283,-0.030054683477124478,0.21142381886192071,-4.434497186608648,-0.030054683477124478,0.21212805859821196,1.9587932473438283,0.030054683477124478,-0.21142381886192071,4.434497186608648,0.030054683477124478
hold,0,405,4.0599999999997749,0,0,1,2,2,-0.00076204925684426883,0.00029620394261338165,0.00070584543115916477,0.011345509743265389,0.31521806451080359,0,-0.95572296318468486,1.6420678265101065,-0.04366288850495071,-0.99236351969339509,1.6398986512953768,0.074299223235788525,0.00030098831846421537,0.0049009621409474066,0.040848339690929034,0.01645010320154448,0.001960122589456157,-0.051103270571525618,-0.22604933751874334,-1.9736401975938509,-0.034431463651609082,0.20684455365246479,-4.4366975493422434,-0.034431463651609082,0.22604933751874334,1.9736401975938509,0.034431463651609082,-0.20684455365246479,4.4366975493422434,0.034431463651609082
hold,0,406,4.0699999999997738,0,0,1,2,2,-0.00075913538939634262,0.00028803921443757498,0.00072251318928346286,-0.0047875016965239214,0.31521535664660549,0,-0.95565670710323003,1.6421652322523803,-0.04453039183022689,-0.99226766017095402,1.6399313088176544,0.073562464799285493,0.011182318657609183,0.011824880575807389,-0.16820306432451007,0.0050284054484986945,0.0041160808056396785,-0.088638111702798991,-0.23746071650952694,-1.9813433619669012,-0.024894961749349874,0.21749937522598203,-4.4391147677366467,-0.024894961749349874,0.23746071650952694,1.9813433619669012,0.024894961749349874,-0.21749937522598203,4.4391147677366467,0.024894961749349874
hold,0,407,4.0799999999997727,0,0,1,2,2,-0.0007550805173174302,0.00049566064074350251,0.0005773028603247649,-0.02096748306864572,0.3152123890957495,0,-0.9556040356802471,1.6422455170846377,-0.046265479129719241,-0.99231355704511026,1.6399679221890269,0.072694082944067248,-0.0060442191198750075,0.0026102593020024306,-0.11359496219026027,-0.010895065228920319,0.0033266432725249126,-0.086270544237430302,-0.22065555011590621,-1.9727710193511556,-0.010138591816472141,0.23379002089665096,-4.438618237174512,-0.010138591816472141,0.22065555011590621,1.9727710193511556,0.010138591816472141,-0.23379002089665096,4.438618237174512,0.010138591816472141
hold,0,408,4.0899999999997716,0,0,1,2,2,-0.00074986195718758364,0.00054139632601395572,0.00046350588535572413,-0.0049760333133595062,0.31521257290492866,0,-0.95570703185383843,1.6422185149753001,-0.046244290188511498,-0.99236603656631917,1.6399742815087073,0.072195302514549059,-0.014096074994783372,-0.0073896157460897139,0.090669607940555869,-0.0013464053539682989,-0.0011213391344351844,-0.026905074222120039,-0.21177972485226718,-1.9625551274283626,-0.015982348444648853,0.22466119719137015,-4.4342211293249951,-0.015982348444648853,0.21177972485226718,1.9625551274283626,0.015982348444648853,-0.22466119719137015,4.4342211293249951,0.015982348444648853
hold,0,409,4.0999999999997705,0,0,1,2,2,-0.00074485153534710469,0.00048162877244533524,0.00050611998099440146,0.010442136574875333,0.31521549260173959,0,-0.9558710400068462,1.6421322815120427,-0.044536074515930765,-0.99230940530359679,1.6399538724972396,0.072098851529649954,-0.019905078030978466,-0.012257592386082809,0.25098805645103572,0.01041612429862308,-0.002686496548927829,0.0014960603034231907,-0.20465865659200996,-1.9569972830823101,-0.027055733634008084,0.2124456174369998,-4.432492699818761,-0.027055733634008084,0.20465865659200996,1.9569972830823101,0.027055733634008084,-0.2124456174369998,4.432492699818761,0.027055733634008084
hold,0,410,4.1099999999997694,0,0,1,2,2,-0.00074159760432540578,0.00022379965165377955,0.00066895653716269633,0.020179705046268051,0.31521795342300224,0,-0.95589081998478387,1.6421185728292316,-0.043366153227739207,-0.9921335749109006,1.6399379449631035,0.071985676888714545,0.010856043878649824,0.0037023137567992158,0.033304260649484392,0.022357026703181394,-0.0009040718795093358,-0.01951199424952885,-0.23526153867813687,-1.9728475197627031,-0.038194099672815771,0.19909807189087192,-4.434147704215091,-0.038194099672815771,0.23526153867813687,1.9728475197627031,0.038194099672815771,-0.19909807189087192,4.434147704215091,0.038194099672815771
hold,0,411,4.1199999999997683,0,0,1,2,2,-0.0007385999683158645,0.00035046093101880201,0.0006762190265693725,-0.012244317252383079,0.31521693482993668,0,-0.95580658332118129,1.6422036368333566,-0.044365099912517629,-0.99206005542926756,1.6399563016814778,0.071395634535711738,0.0069879267228734609,0.010816504819031241,-0.18521694312390979,-0.0026850785484836444,0.0036229053637601098,-0.084721631104420853,-0.23206731483118112,-1.980642222857935,-0.01877887711678335,0.22355202128947266,-4.4388215352053546,-0.01877887711678335,0.23206731483118112,1.980642222857935,0.01877887711678335,-0.22355202128947266,4.4388215352053546,0.01877887711678335
hold,0,412,4.1299999999997672,0,0,1,2,2,-0.0007342712584658545,0.00049990219701055813,0.00052316215691147706,-0.017302530928271373,0.31521560740881815,0,-0.95574812098629414,1.6422613933401213,-0.046089949627098233,-0.99212458351309374,1.6399786315644846,0.070659440290107581,-0.0023419156482881696,-0.00047576690549200979,-0.10021675823059925,-0.0088566075144042126,0.0012924100089318873,-0.067058914146473428,-0.22320517113911673,-1.9698120031875299,-0.010392452961783554,0.23023977492600267,-4.4366696789145816,-0.010392452961783554,0.22320517113911673,1.9698120031875299,0.010392452961783554,-0.23023977492600267,4.4366696789145816,0.010392452961783554
hold,0,413,4.1399999999997661,0,0,1,2,2,-0.00072866588865937165,0.00060338671327001372,0.00041108835191194185,-0.0071313307768545147,0.31521725827169311,0,-0.95585374332467699,1.6422104230359587,-0.045936889332232667,-0.99218664817159596,1.6399722273659374,0.070284554940007904,-0.017022458219873492,-0.0093294579235524283,0.10396153645239331,-0.0043263798410581025,-0.0019061825028004254,-0.018786968992012269,-0.20767964986046861,-1.9605505497361682,-0.012961993282614288,0.22620606452067435,-4.4334198528144713,-0.012961993282614288,0.20767964986046861,1.9605505497361682,0.012961993282614288,-0.22620606452067435,4.4334198528144713,0.012961993282614288
hold,0,414,4.149999999999765,0,0,1,2,2,-0.00072328002891561272,0.00049157324892929095,0.00046487089527801891,0.013704535081751243,0.3152213413456913,0,-0.95601119730379702,1.6421137062245541,-0.044163664001447313,-0.99212901791751751,1.6399416876950803,0.070290748185133756,-0.012160658277964217,-0.0090221287079590966,0.20319211585562502,0.012535755595274345,-0.0037957224921777132,0.013121579921176367,-0.21128181796941758,-1.960084144460525,-0.027599304320298345,0.20888288705171426,-4.4312859954582375,-0.027599304320298345,0.21128181796941758,1.960084144460525,0.027599304320298345,-0.20888288705171426,4.4312859954582375,0.027599304320298345
hold,0,415,4.1599999999997639,0,0,1,2,2,-0.00071925946691968334,0.00034457405713666042,0.00060225072802883842,0.01376152077105507,0.31522462575481902,0,-0.95600541946004536,1.6421120706899104,-0.043407372195535796,-0.99198356255780384,1.6399190255091247,0.070230157192545009,0.0097219505377098177,0.0039981875457745638,-0.0045204312098177588,0.015862159565006147,-0.0012929010253651515,-0.018296901722452782,-0.23321064953510495,-1.973091376437109,-0.032255648243910556,0.20439284020427315,-4.4336075194374054,-0.032255648243910556,0.23321064953510495,1.973091376437109,0.032255648243910556,-0.20439284020427315,4.4336075194374054,0.032255648243910556
hold,0,416,4.1699999999997628,0,0,1,2,2,-0.00071507417304970955,0.00046770193858827741,0.00058887162019188681,-0.011405175719079178,0.31522496635243369,0,-0.95590842153201572,1.6421854083804486,-0.044592559193125894,-0.99194232820098693,1.639925252796961,0.069755010368925244,0.0098151220387996084,0.0088605010001685802,-0.1917406593430952,-0.0037260784476288488,0.0018752382014496131,-0.066593714159684098,-0.23407980446043186,-1.9785403914158084,-0.016578447274808585,0.22365120336237285,-4.4368254769669102,-0.016578447274808585,0.23407980446043186,1.9785403914158084,0.016578447274808585,-0.22365120336237285,4.4368254769669102,0.016578447274808585
hold,0,417,4.1799999999997617,0,0,1,2,2,-0.00070915111275000886,0.00068304500442433369,0.00043436533044831143,-0.018117478228554293,0.31522528363483415,0,-0.95590336276221299,1.6421993739512684,-0.045789301788639457,-0.99203016042620784,1.6399320886326909,0.069203653421903155,-0.01111174369956823,-0.0047639859908325715,-0.030159399516539571,-0.012069949954932824,-0.00010952574656048289,-0.048222379399579934,-0.21319340888048582,-1.9650276289913655,-0.0074645833145546969,0.23269773267144409,-4.4348953997047396,-0.0074645833145546969,0.21319340888048582,1.9650276289913655,0.0074645833145546969,-0.23269773267144409,4.4348953997047396,0.0074645833145546969
hold,0,418,4.1899999999997606,0,0,1,2,2,-0.00070235729613840614,0.0006770438412372886,0.00038602708983978952,0.004025074378913784,0.31522874734513395,0,-0.95606145607571147,1.6420832154535279,-0.044591835300155952,-0.99205457038699607,1.6399086862874457,0.069039961249973344,-0.01948904637322818,-0.015444392217650437,0.21915502949730822,0.0040672346599463973,-0.0037903670445085221,0.0039340250817195225,-0.20355135969883806,-1.9534179547826238,-0.01948371687953869,0.21675582774287072,-4.4310273396448299,-0.01948371687953869,0.20355135969883806,1.9534179547826238,0.01948371687953869,-0.21675582774287072,4.4310273396448299,0.01948371687953869
hold,0,419,4.1999999999997595,0,0,1,2,2,-0.00069693637497396377,0.00045418917586752977,0.00051765013745033218,0.019255431891995519,0.31523299678504751,0,-0.9560414631837244,1.6420212856440182,-0.043708587914305735,-0.99192432864200919,1.6398768111315083,0.069062232359976217,0.016803810651849313,-0.0014957614052305852,0.0066514452384081671,0.019006178965360006,-0.0028151833434046456,0.0012524266172338049,-0.24000415985981205,-1.9668711471189659,-0.033048592786628569,0.20077494947756205,-4.4317475220984344,-0.033048592786628569,0.24000415985981205,1.9668711471189659,0.033048592786628569,-0.20077494947756205,4.4317475220984344,0.033048592786628569
hold,0,420,4.2099999999997584,0,0,1,2,2,-0.00069098960657792974,0.00068893908574971696,0.0004998301845928429,-0.015805924916734729,0.31523342075049499,0,-0.95595426641534942,1.6420760402915122,-0.044807593156018267,-0.99191035667962746,1.6398792484650149,0.068722137874322034,0.0037462466391913062,0.0089172884873737965,-0.18435381314812455,-0.010381439185712537,0.002237423424342785,-0.056811219104974858,-0.22764416999415393,-1.9777222341915228,-0.011592018390280959,0.23005079192958072,-4.4368196275342342,-0.011592018390280959,0.22764416999415393,1.9777222341915228,0.011592018390280959,-0.23005079192958072,4.4368196275342342,0.011592018390280959
hold,0,421,4.2199999999997573,0,0,1,2,2,-0.0006832128647138308,0.00083545976000336502,0.00037629259934003774,-0.010051387658445717,0.31523399419212639,0,-0.95603095203623478,1.6420597388786518,-0.045145544904841281,-0.99199781167463885,1.6398800154834654,0.068357171115449908,-0.016091149101761321,-0.0072861474365287938,0.0640388445254578,-0.0075917186850821662,-0.0013111970748737852,-0.023833047905428052,-0.20719328928611841,-1.9613883869647364,-0.011173625579165137,0.2279607113890415,-4.4332771431826217,-0.011173625579165137,0.20719328928611841,1.9613883869647364,0.011173625579165137,-0.2279607113890415,4.4332771431826217,0.011173625579165137
hold,0,422,4.2299999999997562,0,0,1,2,2,-0.00067557868340492599,0.00070312482528489485,0.00041398461955152548,0.012943604204695746,0.31523761914697901,0,-0.95615214109572011,1.6419934473502489,-0.043910575717651508,-0.99195668276686322,1.6398530316382174,0.0683050924091574,-0.0029499266024796767,-0.0031683198551359713,0.10421404316147213,0.01193965726417694,-0.00355359527499839,0.0066513823217927695,-0.21936499930951742,-1.9649758823189063,-0.026427299238254952,0.20810030417757736,-4.4308188742205132,-0.026427299238254952,0.21936499930951742,1.9649758823189063,0.026427299238254952,-0.20810030417757736,4.4308188742205132,0.026427299238254952
hold,0,423,4.2399999999997551,0,0,1,2,2,-0.00066865920355070607,0.00068584427535962303,0.00049389333660201451,0.0046896666686979723,0.31524063444322059,0,-0.95610587314903372,1.6420225175824559,-0.043995140853542197,-0.99186470940814808,1.6398328227434122,0.06816128715015364,0.010109271281907202,0.0057022069072211502,-0.079771834149158227,0.0073470057492230701,-0.0010403938556104294,-0.027880645484968429,-0.23279434076739539,-1.9740789709389195,-0.024310818139934357,0.21195716882281013,-4.4331704044814604,-0.024310818139934357,0.23279434076739539,1.9740789709389195,0.024310818139934357,-0.21195716882281013,4.4331704044814604,0.024310818139934357
hold,0,424,4.249999999999754,0,0,1,2,2,-0.00066081230481711273,0.00086451693421356964,0.00043803199445002414,-0.012391261256908006,0.31524188169413725,0,-0.95602853859824477,1.6420724707424474,-0.04527055758259152,-0.99187707757451338,1.6398302446331732,0.067739578693047767,-0.00094559315774223399,0.00074466722221033137,-0.09296671853673498,-0.0069249316782881449,0.00019603072261286438,-0.051575260827003491,-0.2223581527340576,-1.969521056533841,-0.012366493687396781,0.22632805158124369,-4.4343862041777706,-0.012366493687396781,0.2223581527340576,1.969521056533841,0.012366493687396781,-0.22632805158124369,4.4343862041777706,0.012366493687396781
hold,0,425,4.2599999999997529,0,0,1,2,2,-0.00065159885549349872,0.00095215280122819897,0.00035695077491005738,-0.005271415967527034,0.31524406562612878,0,-0.95612728007558645,1.6420313610999391,-0.045096712999751841,-0.99192041012532572,1.6398190304716496,0.067380722770538373,-0.01439293472516214,-0.0038814513513345588,0.063821478698603454,-0.0025601049107751399,-0.0019340391713276559,-0.026175795065706945,-0.20812087934790424,-1.9645660608202293,-0.014161398230081598,0.22230988522022949,-4.4321664209916412,-0.014161398230081598,0.20812087934790424,1.9645660608202293,0.014161398230081598,-0.22230988522022949,4.4321664209916412,0.014161398230081598
hold,0,426,4.2699999999997518,0,0,1,2,2,-0.00064259510286719668,0.00085004036394143259,0.00040418752619722541,0.01133593188048417,0.31524821844281414,0,-0.95625020394851934,1.6419723111501097,-0.043859511141443368,-0.9918554636613669,1.6397903172582677,0.067210203129675128,-0.0037573677795008729,-0.0023631599971649865,0.091609322593352666,0.012534239004292676,-0.0034167920215179251,-0.011382717349685644,-0.21777305531010241,-1.9656119525757636,-0.025942307886539027,0.20669596959349104,-4.4304539624343962,-0.025942307886539027,0.21777305531010241,1.9656119525757636,0.025942307886539027,-0.20669596959349104,4.4304539624343962,0.025942307886539027
hold,0,427,4.2799999999997507,0,0,1,2,2,-0.00063418601603609792,0.00083570834023052908,0.00046922107433208115,0.0032814306059904489,0.31525158099417633,0,-0.95620546681986951,1.6419967481238258,-0.044043059151132415,-0.99175513083470279,1.6397706377289263,0.066882754312440604,0.010245444733913613,0.0046617881861232245,-0.088231956675225168,0.0083563516509289441,-0.0010355972213344851,-0.04661528608701325,-0.23213376485271553,-1.9728323965487808,-0.023384624695645024,0.21007119433354193,-4.4326777209998482,-0.023384624695645024,0.23213376485271553,1.9728323965487808,0.023384624695645024,-0.21007119433354193,4.4326777209998482,0.023384624695645024
hold,0,428,4.2899999999997496,0,0,1,2,2,-0.00062458966735803867,0.0010558490633343172,0.00039286733345484124,-0.014868114095794907,0.31525312556531759,0,-0.95618049429438268,1.6420141888829081,-0.04497947800883368,-0.99176536203506083,1.6397685833351754,0.066278844884077426,-0.01014144582472354,-0.0033664957966708098,-0.031630295474869466,-0.0072247671643172542,0.00028638027844329948,-0.069604262165746597,-0.21194665449797304,-1.964943638638645,-0.010193848830491804,0.2257341627516524,-4.433983263349619,-0.010193848830491804,0.21194665449797304,1.964943638638645,0.010193848830491804,-0.2257341627516524,4.433983263349619,0.010193848830491804
hold,0,429,4.2999999999997485,0,0,1,2,2,-0.00061403437852181053,0.0010404563165930061,0.00034337211105034437,0.0016187141721852208,0.31525580087409938,0,-0.95632144363406768,1.6419355215249687,-0.044173075094321439,-0.99175848032502301,1.639755799127776,0.065770158723376743,-0.011449811076697142,-0.0054268886267578075,0.092654416415626106,0.0060120914220688007,-0.0022164747180571068,-0.039359559356600814,-0.20951069452851939,-1.9622539069450429,-0.018565017777062414,0.21244225048496379,-4.4313781346939232,-0.018565017777062414,0.20951069452851939,1.9622539069450429,0.018565017777062414,-0.21244225048496379,4.4313781346939232,0.018565017777062414
hold,0,430,4.3099999999997474,0,0,1,2,2,-0.00060409621251746037,0.00096353224562938133,0.00039306756780655057,0.0072041787493585278,0.3152591476457523,0,-0.95630444525528091,1.6419378727512859,-0.044187076481018051,-0.99166037268383089,1.6397370708724264,0.065328983455389594,0.010954104033472613,0.0027490908638275946,-0.060674339922563138,0.012383293913394655,-0.0016586414585811947,-0.047425026959655878,-0.23205059666898331,-1.970448696246166,-0.023646078992798761,0.20528618686410102,-4.4317861419106022,-0.023646078992798761,0.23205059666898331,1.970448696246166,0.023646078992798761,-0.20528618686410102,4.4317861419106022,0.023646078992798761
hold,0,431,4.3199999999997463,0,0,1,2,2,-0.00059282944240526825,0.0012444861910247424,0.0003294778959828978,-0.015371000155617719,0.31526088120715623,0,-0.95636305887881201,1.6419204841105275,-0.044345725837035624,-0.9916549900450814,1.6397335492258631,0.064677959054499787,-0.022494140404240956,-0.0062701952764926926,0.057604735498913887,-0.007315285451610332,0.0004669331889363736,-0.076824579547262045,-0.19813344324302096,-1.9612903009797784,-0.0085161211240274738,0.22494170511911005,-4.4338835433856136,-0.0085161211240274738,0.19813344324302096,1.9612903009797784,0.0085161211240274738,-0.22494170511911005,4.4338835433856136,0.0085161211240274738
hold,0,432,4.3299999999997452,0,0,1,2,2,-0.00058154976160526561,0.0010379900809392687,0.00034842303004110979,0.013366419962032952,0.31526374312824867,0,-0.95640442644611012,1.6418630962221563,-0.04390709270193794,-0.99157379913778787,1.6397199094745476,0.064103128001563467,0.015457545055788726,-0.0039506837980964275,-0.022140705592252011,0.018476035006429144,-0.0025010107609436494,-0.045612188032417851,-0.23575418816466573,-1.9631507093512053,-0.026243142043306786,0.19850085740272236,-4.4308064814252095,-0.026243142043306786,0.23575418816466573,1.9631507093512053,0.026243142043306786,-0.19850085740272236,4.4308064814252095,0.026243142043306786
hold,0,433,4.3399999999997441,0,0,1,2,2,-0.00056926745693354486,0.0013697644074355888,0.00028529659617644766,-0.019384627782548996,0.31526476324747149,0,-0.95639048127792958,1.6418720929440171,-0.044710390211695247,-0.9915632520403006,1.6397219762282063,0.063375066041311184,-0.014707701913577918,-0.00047167901519892287,-0.051212005775659937,-0.010506937988702459,0.0019122344630116456,-0.090606214819402967,-0.2057005025407434,-1.9667016879089896,-0.0050100295422586833,0.22739945361795583,-4.4352362606784341,-0.0050100295422586833,0.2057005025407434,1.9667016879089896,0.0050100295422586833,-0.22739945361795583,4.4352362606784341,0.0050100295422586833
hold,0,434,4.349999999999743,0,0,1,2,2,-0.00055570354050983595,0.0013354318575200821,0.00023725491054215117,0.0048810582482846946,0.31526657345188713,0,-0.95655841186640811,1.6417954520582017,-0.043782146382988031,-0.99154767582393777,1.6397160671578548,0.062726686188204331,-0.014060700301787313,-0.0079323740765738539,0.13777558742600246,0.0096816851898510175,-0.0021552504876042114,-0.048911884226850812,-0.20500405944470579,-1.9586278657610907,-0.018239986096810028,0.20708622070849966,-4.4311215031650066,-0.018239986096810028,0.20500405944470579,1.9586278657610907,0.018239986096810028,-0.20708622070849966,4.4311215031650066,0.018239986096810028
hold,0,435,4.3599999999997419,0,0,1,2,2,-0.00054283773833864457,0.0012552631902555374,0.0003146503313213198,0.0096461595549328857,0.31526943452879624,0,-0.956581872268222,1.6417955954760686,-0.043393201207330173,-0.99141161982241655,1.6397019104212447,0.062130391739068445,0.0061672539215533208,0.0036394694164008862,-0.022966956543345816,0.01626604042650517,-0.00094782655323843263,-0.066843895082473792,-0.22504433045353531,-1.9702008565970006,-0.023889195320502085,0.19941341745967572,-4.4322156732064917,-0.023889195320502085,0.22504433045353531,1.9702008565970006,0.023889195320502085,-0.19941341745967572,4.4322156732064917,0.023889195320502085
hold,0,436,4.3699999999997408,0,0,1,2,2,-0.00052915347954157754,0.0014531869503447599,0.0002807463191767656,-0.012051648697393856,0.31527032627585894,0,-0.95654581718059795,1.6418537482678346,-0.044413797594157083,-0.99135110764009815,1.6397072768583059,0.061212088979760798,-0.0025650855795090171,0.0040228433087783518,-0.10845097779163765,-0.00070400724225803957,0.0014638637240401602,-0.10843547906169933,-0.2166004316534654,-1.9710494528235063,-0.010029441216206966,0.21589936766989176,-4.4346702949802594,-0.010029441216206966,0.2166004316534654,1.9710494528235063,0.010029441216206966,-0.21589936766989176,4.4346702949802594,0.010029441216206966
hold,0,437,4.3799999999997397,0,0,1,2,2,-0.00051358272906361357,0.0016248577556547883,0.00017721356068479179,-0.0092213531441380329,0.31527177527044492,0,-0.95671067737824877,1.6417991800256868,-0.044006060759266268,-0.99134934195555657,1.6397089143954489,0.060223029538207802,-0.026603614863968419,-0.01045687557054713,0.13850144883204982,0.00086842566345303278,-0.00066346027140928203,-0.093569732002598216,-0.19124302078779937,-1.9561331880069985,-0.0087228195770690763,0.21431280928784807,-4.4325560712819545,-0.0087228195770690763,0.19124302078779937,1.9561331880069985,0.0087228195770690763,-0.21431280928784807,4.4325560712819545,0.0087228195770690763
hold,0,438,4.3899999999997386,0,0,1,2,2,-0.00049856382625608486,0.0014208293156765972,0.00023557368808639005,0.015875693660738759,0.31527527455341098,0,-0.95676988308381961,1.6417717143379331,-0.043404697935674981,-0.99119952000407785,1.6396930674614709,0.05938141562974586,0.0087075369561013423,0.00058252182838094361,0.011745507948837608,0.024499291735831388,-0.0021921059830570227,-0.078707090082718437,-0.2260805269633025,-1.9669528599038972,-0.025739290351456175,0.18948336760363993,-4.4309006500984829,-0.025739290351456175,0.2260805269633025,1.9669528599038972,0.025739290351456175,-0.18948336760363993,4.4309006500984829,0.025739290351456175
hold,0,439,4.3999999999997375,0,0,1,2,2,-0.00048269262011095548,0.0017074316102575586,0.00020087672370622332,-0.016336901921315247,0.31527678215772259,0,-0.95677034031789709,1.6418139226479653,-0.044155886791543086,-0.99111197304853171,1.6396963374294418,0.058245467386170452,-0.010308278727162985,0.0032676296855487694,-0.086126054076722608,-0.0016786975014740201,0.0019252506000341958,-0.13665685014060491,-0.20706105340741826,-1.9699756342413226,-0.005727411782468517,0.21496098119657625,-4.4350441664253406,-0.005727411782468517,0.20706105340741826,1.9699756342413226,0.005727411782468517,-0.21496098119657625,4.4350441664253406,0.005727411782468517
hold,0,440,4.4099999999997364,0,0,1,2,2,-0.00046495149397716984,0.0018055280402471058,0.00010436497568927889,-0.0052307309921725588,0.31527875542096706,0,-0.95696011486045474,1.6417551220738127,-0.043564434337589795,-0.99107433397753741,1.6396965084235773,0.057027562870975622,-0.020896937298354134,-0.0070847256063196569,0.10485795202105828,0.0075039790020640868,-0.0011529954438770063,-0.11328555418315207,-0.19495419849576595,-1.9591528743562332,-0.0095060388779640154,0.20547719212508375,-4.4319672883345138,-0.0095060388779640154,0.19495419849576595,1.9591528743562332,0.0095060388779640154,-0.20547719212508375,4.4319672883345138,0.0095060388779640154
hold,0,441,4.4199999999997353,0,0,1,2,2,-0.00044735551549138219,0.0017291967317413545,0.00013096676623752167,0.0079209253478514149,0.31528263246224358,0,-0.95702551187115525,1.6417439877083466,-0.043262460133566577,-0.99092151801680117,1.6396810946602129,0.055909196120355581,0.0036581796096377336,0.0014468340700199062,-0.016340130564200986,0.020586561395742439,-0.0017997715052396699,-0.11167349011600573,-0.21898613931815369,-1.9675953591088442,-0.018464715703101809,0.19117208204551547,-4.4311972021662367,-0.018464715703101809,0.21898613931815369,1.9675953591088442,0.018464715703101809,-0.19117208204551547,4.4311972021662367,0.018464715703101809
hold,0,442,4.4299999999997342,0,0,1,2,2,-0.00042843607945569628,0.0020185098640698902,6.8799758695428642e-05,-0.015583372055222717,0.31528527642604126,0,-0.95704514073021008,1.6417781095263886,-0.044085256781440346,-0.99084357436208081,1.6396696736014373,0.05467308447691014,-0.010178141148437776,0.0014015417293529778,-0.079434074236210128,-0.0041621448191976173,-0.0035215041146857227,-0.094734217752994954,-0.20499278768763962,-1.9678230413125128,-0.0028749387026295158,0.21529723902269265,-4.4293841010865851,-0.0028749387026295158,0.20499278768763962,1.9678230413125128,0.0028749387026295158,-0.21529723902269265,4.4293841010865851,0.0028749387026295158
hold,0,443,4.439999999999733,0,0,1,2,2,-0.00040726299134483113,0.0021865440822047681,-4.7218476115389597e-06,-0.0018505610288746073,0.31528898593453897,0,-0.95721982671776562,1.641715728350174,-0.043499856280081343,-0.99098783950507152,1.639525967278078,0.055439819882462396,-0.023664497433692172,-0.012092196771274336,0.16234975325805237,-0.02168523991482138,-0.020193683483744271,0.18625827980478002,-0.19010894350194085,-1.9538302534021688,-0.009614646260005421,0.23397445526224209,-4.4115622711306521,-0.009614646260005421,0.19010894350194085,1.9538302534021688,0.009614646260005421,-0.23397445526224209,4.4115622711306521,0.009614646260005421
hold,0,444,4.4499999999997319,0,0,1,2,2,-0.00038811062573632094,0.0017407098427172209,0.00024591502467396213,0.043017436988114027,0.31529431839926531,0,-0.95712528206929259,1.6416700469193664,-0.042692068159961641,-0.99109985517516475,1.6392838400933292,0.05856306543973494,0.032251896363262963,-0.0011941743723733393,0.030312519384460772,-0.0044422276509721095,-0.026434228126722199,0.39575216804797742,-0.24678169448668019,-1.9643628243546087,-0.045341500702647405,0.2176275683591386,-4.4033847090096838,-0.045341500702647405,0.24678169448668019,1.9643628243546087,0.045341500702647405,-0.2176275683591386,4.4033847090096838,0.045341500702647405
hold,0,445,4.4599999999997308,0,0,1,2,2,-0.00037122185889078285,0.0016619396920376436,0.00051955735782669647,0.016940117778277572,0.31529363423087364,0,-0.95677917309909422,1.6417268818597128,-0.043876485184672,-0.99136492606160809,1.6390716337785842,0.062731050113026349,0.03624537950519189,0.0095271315936903828,-0.21377051604410591,-0.041773934205271535,-0.01773599520453226,0.4350799337379721,-0.25354404939019615,-1.9755388098434443,-0.039342244204125409,0.25707984200498479,-4.4103852914139141,-0.039342244204125409,0.25354404939019615,1.9755388098434443,0.039342244204125409,-0.25707984200498479,4.4103852914139141,0.039342244204125409
hold,0,446,4.4699999999997297,0,0,1,2,2,-0.00035623654291136453,0.0013964883527127884,0.00072193946431822048,0.022450326816977305,0.31528698054502019,0,-0.95643602279398299,1.6417617010907257,-0.045323943228450965,-0.9918300248458638,1.6389103687587538,0.067568546180743413,0.032259686943520334,0.00089888126670286967,-0.10135062512380413,-0.050420234853547879,-0.015212221652059774,0.52187190475372935,-0.25230355926941439,-1.9671891133645598,-0.049372991664475833,0.26944693292730681,-4.4116189448077439,-0.049372991664475833,0.25230355926941439,1.9671891133645598,0.049372991664475833,-0.26944693292730681,4.4116189448077439,0.049372991664475833
hold,0,447,4.4799999999997286,0,0,1,2,2,-0.00034586683535185736,0.00079472568342272426,0.0010533107891640876,0.040240191822242227,0.31527659576377309,0,-0.95601012342598057,1.6417971824414477,-0.046391923835912813,-0.99226092894402185,1.6388189272671403,0.072762503516564478,0.047948591837891671,0.0032226771792523597,-0.090305304625955346,-0.033789933417940114,0.00094453471927016374,0.45901714487408762,-0.27139965910780506,-1.969796760082885,-0.070346041734406908,0.25626386427696346,-4.4270441692461651,-0.070346041734406908,0.27139965910780506,1.969796760082885,0.070346041734406908,-0.25626386427696346,4.4270441692461651,0.070346041734406908
hold,0,448,4.4899999999997275,0,0,1,2,2,-0.0003411822407849846,0.00025506937285358624,0.0013720536748389085,0.026295950200657441,0.31526014494238225,0,-0.95556068769875058,1.6418783566306294,-0.047806142299228263,-0.99250461660279476,1.6389767217633986,0.075545796012550973,0.043752752767072758,0.012351031422166781,-0.18499425836420161,-0.017450106796922882,0.023248339993406406,0.16572717864595993,-0.27079930585482614,-1.9795745078392535,-0.071167954379273243,0.24187353892612953,-4.4506103304903677,-0.071167954379273243,0.27079930585482614,1.9795745078392535,0.071167954379273243,-0.24187353892612953,4.4506103304903677,0.071167954379273243
hold,0,449,4.4999999999997264,0,0,1,2,2,-0.00034065990505725841,-8.2595360059115638e-05,0.0014732379762877612,-0.00067075872873940869,0.31523872675871595,0,-0.9552180226708018,1.6420196058167411,-0.050102160308564278,-0.99264239044717262,1.639259977439206,0.075733835205672326,0.027951801375573473,0.015619082208117059,-0.2607502958597715,-0.011282666541433131,0.030835464650147852,-0.075146396551561884,-0.25773967468691705,-1.9839725521140972,-0.056308427759661051,0.23680828942566262,-4.4604635005535682,-0.056308427759661051,0.25773967468691705,1.9839725521140972,0.056308427759661051,-0.23680828942566262,4.4604635005535682,0.056308427759661051
hold,0,450,4.5099999999997253,0,0,1,2,2,-0.00034265820589426954,-0.00027729372361309584,0.0013547122205654731,-0.019300927071116757,0.31521659818349157,0,-0.95500651507466816,1.6421946047240459,-0.053023756231201792,-0.99272331410483472,1.6395631792860195,0.074118915671299357,0.015735756771393754,0.016789216874972715,-0.2982402719301841,-0.0059561144018885617,0.029776460109538116,-0.21828401125961158,-0.24721569085180645,-1.9865426780393911,-0.038807467572259995,0.23212912654741485,-4.4618301107874663,-0.038807467572259995,0.24721569085180645,1.9865426780393911,0.038807467572259995,-0.23212912654741485,4.4618301107874663,0.038807467572259995
hold,0,451,4.5199999999997242,0,0,1,2,2,-0.00034538650814740224,-0.00027325320427310645,0.0010886097833991003,-0.031483630057504854,0.3151974918019696,0,-0.95493988445088696,1.6423525281711213,-0.055811088030141703,-0.99278123361588655,1.6398281507189081,0.07162543095492642,0.00041416610316186413,0.014019200698803103,-0.25946518547392167,-0.0055706034258802863,0.024390726694763845,-0.27137970555046109,-0.23242714517382421,-1.9850360494398249,-0.020640364950221101,0.23220697165982121,-4.4585641488358014,-0.020640364950221101,0.23242714517382421,1.9850360494398249,0.020640364950221101,-0.23220697165982121,4.4585641488358014,0.020640364950221101
hold,0,452,4.5299999999997231,0,0,1,2,2,-0.00034752054885757444,-0.00017910099270578136,0.00079090301176693815,-0.028634237897509504,0.31518430941769365,0,-0.95501199225307465,1.6424436648267751,-0.05755910343628988,-0.99281000620967452,1.6400221081164859,0.069074745365863902,-0.01228889507475376,0.0061173150387686549,-0.12020865276653417,-0.0008695886685104611,0.016242750227830494,-0.24667453195324623,-0.21914722157840705,-1.9778632570250203,-0.011192777236026838,0.22773613765275519,-4.4519678315494895,-0.011192777236026838,0.21914722157840705,1.9778632570250203,0.011192777236026838,-0.22773613765275519,4.4519678315494895,0.011192777236026838
hold,0,453,4.539999999999722,0,0,1,2,2,-0.0003486456459372983,-7.2049255363644212e-05,0.00057451235434321829,-0.016978768345417658,0.31517797721805868,0,-0.95519447211833497,1.6424608674359167,-0.057723347084569131,-0.99277304825857238,1.6401378114534721,0.066960384671994222,-0.022254358906645823,-0.0011043635188507637,0.052153009516410831,0.0069787301578149484,0.008613570154937477,-0.1904228234139527,-0.20772191882443242,-1.9707791993405339,-0.010576504096863755,0.21959215521761261,-4.4452642781724876,-0.010576504096863755,0.20772191882443242,1.9707791993405339,0.010576504096863755,-0.21959215521761261,4.4452642781724876,0.010576504096863755
hold,0,454,4.5499999999997209,0,0,1,2,2,-0.00034917331921772987,-3.8798988789488551e-05,0.00049290165662241672,-0.002275145762394314,0.31517722330656456,0,-0.95542300435520877,1.6424557472589636,-0.056644447138743725,-0.99264100442415282,1.640191228427526,0.065352561704464282,-0.023399713290888996,-0.002399444596959479,0.15721410465382923,0.017567076284060453,0.0032450337598051247,-0.14285176663537227,-0.20474830654519882,-1.9694431568468005,-0.016794375068658128,0.20794745841601062,-4.4403230775697855,-0.016794375068658128,0.20474830654519882,1.9694431568468005,0.016794375068658128,-0.20794745841601062,4.4403230775697855,0.016794375068658128
hold,0,455,4.5599999999997198,0,0,1,2,2,-0.00034933832524890185,-2.4747815211650069e-06,0.00050719378804664527,0.0038958101936144946,0.31517982717439552,0,-0.95571908896281554,1.6423915628535912,-0.054247275246773689,-0.99243250070943301,1.6402083661474949,0.064003655647697194,-0.034145127147540394,-0.0087827449663641904,0.29586900333868532,0.02317869418488553,0.00074335594705755522,-0.13065333372478063,-0.19163421582769324,-1.9625463812344168,-0.021445975130089751,0.20066781079742707,-4.4379585015167891,-0.021445975130089751,0.19163421582769324,1.9625463812344168,0.021445975130089751,-0.20066781079742707,4.4379585015167891,0.021445975130089751
hold,0,456,4.5699999999997187,0,0,1,2,2,-0.00035013372813041954,-0.00013063862479295119,0.00061449403223973165,0.015283048022207538,0.31518391241581678,0,-0.95608070171111315,1.6422829525278062,-0.05061394511384433,-0.99211804443873342,1.6402108585760562,0.062619065536234947,-0.037865524964219917,-0.012188641732829644,0.41050745329969623,0.03706395162609108,-5.7770084160759129e-05,-0.14439596599599722,-0.18502091602463291,-1.9582716018616713,-0.032138817261704221,0.18426690319062478,-4.4371773149140612,-0.032138817261704221,0.18502091602463291,1.9582716018616713,0.032138817261704221,-0.18426690319062478,4.4371773149140612,0.032138817261704221
hold,0,457,4.5799999999997176,0,0,1,2,2,-0.00035265942316903276,-0.00033307169504992831,0.00077609279943868272,0.016740264962484215,0.31518705484854026,0,-0.95648822787820487,1.6421846225183108,-0.046360471793879324,-0.9916904870710459,1.6402242025257405,0.06080801197127278,-0.042564286181589445,-0.0090866524690113703,0.43875861747531447,0.046634502349091833,0.0022482911291339704,-0.20591592020290578,-0.17706194547052961,-1.960586951049526,-0.038305813806258582,0.17127589352612391,-4.4395901277248306,-0.038305813806258582,0.17706194547052961,1.960586951049526,0.038305813806258582,-0.17127589352612391,4.4395901277248306,0.038305813806258582
hold,0,458,4.5899999999997165,0,0,1,2,2,-0.00035754876693466775,-0.00060172594510702411,0.00092114000755023288,0.012980250588818907,0.31518771081667779,0,-0.95692425841630602,1.6421249591101361,-0.042170692338130374,-0.99117576126621287,1.640265244715339,0.05822833567191233,-0.040575559320783869,-0.0020803484443580851,0.37209524748780604,0.054798565292518267,0.0053606440655976284,-0.29330517601327105,-0.175562428026526,-1.9671159478087821,-0.040158721039882696,0.15899402414403324,-4.443030818178082,-0.040158721039882696,0.175562428026526,1.9671159478087821,0.040158721039882696,-0.15899402414403324,4.443030818178082,0.040158721039882696
hold,0,459,4.5999999999997154,0,0,1,2,2,-0.0003649453981491857,-0.00083370970009184124,0.00096515569762789565,-0.0013264765609570768,0.31518557065297259,0,-0.95720155061252465,1.642199639448247,-0.040287711799880124,-0.99063424881285966,1.6403377654737754,0.054731806786256908,-0.018588111847326332,0.011850048888010608,0.072023661613991055,0.053928352529870043,0.0084902985166654364,-0.38842673770978742,-0.19533153793023442,-1.9816437878460378,-0.031576945244550243,0.15553213727985579,-4.4467406386966415,-0.031576945244550243,0.19533153793023442,1.9816437878460378,0.031576945244550243,-0.15553213727985579,4.4467406386966415,0.031576945244550243
hold,0,460,4.6099999999997143,0,0,1,2,2,-0.00037169896389160906,-0.00057478874309725291,0.00073806346958633494,-0.036972645409073836,0.31518183751358331,0,-0.95742085500880125,1.6423388707389011,-0.040834041974688186,-0.99043690345178925,1.6403530587786856,0.052072165599774844,-0.024073058718230712,0.014572977849846737,-0.13606465276562429,-0.0031777977866122142,-0.0017701539528062994,-0.19072500270396511,-0.18809215588911726,-1.9854805671331064,-0.0015831937127564512,0.21105952470777478,-4.4366025326664511,-0.0015831937127564512,0.18809215588911726,1.9854805671331064,0.0015831937127564512,-0.21105952470777478,4.4366025326664511,0.0015831937127564512
hold,0,461,4.6199999999997132,0,0,1,2,2,-0.00037774463309409034,-0.00062726787181813313,0.00052043590847449406,-0.011622026119325904,0.31518251317973145,0,-0.95743670792204405,1.6424424320079893,-0.042496088806377737,-0.9905140267660284,1.6402516584574491,0.051845593320286161,0.013475133826189572,0.0073609743765079734,-0.1862722687836357,-0.010518823365061668,-0.015088640553719536,0.084342091120143584,-0.22551352512759515,-1.9790970538124739,-0.0086391726526581399,0.21901753680013741,-4.4224728434956457,-0.0086391726526581399,0.22551352512759515,1.9790970538124739,0.0086391726526581399,-0.21901753680013741,4.4224728434956457,0.0086391726526581399
hold,0,462,4.6299999999997121,0,0,1,2,2,-0.0003827838601313388,-0.00041101297661888623,0.00038708000845499353,-0.01443905422663846,0.31518699514794291,0,-0.95727002016613061,1.6424914387193061,-0.044584877947396857,-0.99080874084216775,1.6400733396505132,0.053929880642686716,0.014165684868255993,0.00062833330422721202,-0.17950723632878654,-0.041932362201119448,-0.019583508755374172,0.28959682270036469,-0.22753757821696913,-1.9727564664307276,-0.0027862037398260261,0.25278878824530993,-4.416551424838504,-0.0027862037398260261,0.22753757821696913,1.9727564664307276,0.0027862037398260261,-0.25278878824530993,4.416551424838504,0.0027862037398260261
hold,0,463,4.639999999999711,0,0,1,2,2,-0.00038709303356253277,-0.00043892007044394119,0.00040905253368701442,0.01330475772053024,0.31519396093998719,0,-0.95711957332463538,1.6424344963941362,-0.045052880451482667,-0.99123395158087835,1.6398408354002438,0.058100965021980061,0.015521246910266269,-0.0095588243362928135,0.040003481336138472,-0.043383457613515176,-0.025654709317953894,0.50531560642094753,-0.23009671499094125,-1.962113770188848,-0.020954838003454698,0.25764156956739048,-4.4086201902737692,-0.020954838003454698,0.23009671499094125,1.962113770188848,0.020954838003454698,-0.25764156956739048,4.4086201902737692,0.020954838003454698
hold,0,464,4.6499999999997099,0,0,1,2,2,-0.00039339553878126043,-0.00074790482922560883,0.00071639410405538017,0.042372896031016891,0.31520149150999571,0,-0.95692379475296308,1.6422860517470377,-0.043526867520143814,-0.99162239693517962,1.6395813545228004,0.064008116174440854,0.021561304094653743,-0.017406562224172289,0.22778990006552446,-0.036683445837292078,-0.026405575342511589,0.65479223232248163,-0.23770300074870715,-1.9530784751241803,-0.049659689889032563,0.25404912062557755,-4.4057934772296639,-0.049659689889032563,0.23770300074870715,1.9530784751241803,0.049659689889032563,-0.25404912062557755,4.4057934772296639,0.049659689889032563
hold,0,465,4.6599999999997088,0,0,1,2,2,-0.00040500119036997184,-0.001422155978165222,0.0012404643413196305,0.059117107257546743,0.31520374188347566,0,-0.95642775926124013,1.6422507081018416,-0.043085664816750253,-0.99194452802846445,1.6393537875349067,0.070794469637346896,0.069062384578176969,0.0035278860164806541,-0.071652413043232721,-0.030160040193379277,-0.020768181190854555,0.70324858727145223,-0.28917236516601397,-1.9737301742032647,-0.077117951296708342,0.25010276372794338,-4.4096103354781713,-0.077117951296708342,0.28917236516601397,1.9737301742032647,0.077117951296708342,-0.25010276372794338,4.4096103354781713,0.077117951296708342
hold,0,466,4.6699999999997077,0,0,1,2,2,-0.00042158276782708337,-0.0018041382994558623,0.0016087954171722612,0.02199557834632317,0.31519520006103846,0,-0.95576312441206657,1.6423479865706587,-0.045299695085467273,-0.99234839934731722,1.6393328307592028,0.07622254967636545,0.057671994230286891,0.011382427820466954,-0.26156490001317129,-0.04319906435560434,0.011966192034891767,0.40220626658558306,-0.28309905361151233,-1.9823629437577881,-0.066119790713388846,0.26637275844099062,-4.4421770544982868,-0.066119790713388846,0.28309905361151233,1.9823629437577881,0.066119790713388846,-0.26637275844099062,4.4421770544982868,0.066119790713388846
hold,0,467,4.6799999999997066,0,0,1,2,2,-0.00044212159466205936,-0.0022170793004528647,0.0017372250503006406,0.0067455887041095071,0.31517996682675875,0,-0.95522762353891022,1.6424706556400226,-0.048199234955235287,-0.99268517838511527,1.6395350124357577,0.078695487812970394,0.050955849217575941,0.012996256551517317,-0.31089094729538275,-0.027063433224799951,0.024069799183738909,0.15022525963806752,-0.28066691558405216,-1.9849581250437494,-0.059233092651342988,0.25293135961257068,-4.4558981150595729,-0.059233092651342988,0.28066691558405216,1.9849581250437494,0.059233092651342988,-0.25293135961257068,4.4558981150595729,0.059233092651342988
hold,0,468,4.6899999999997055,0,0,1,2,2,-0.00046515904929413099,-0.0023603774557299883,0.001653046082629252,-0.018520994738234597,0.31516333400814411,0,-0.95482463584571153,1.6426240166491264,-0.051649905316757151,-0.99294872395082923,1.6397904324584753,0.079142778742392797,0.033185352240745487,0.015472249433265712,-0.36126704262208253,-0.025952402691410987,0.026005165744968313,-0.02270775330630944,-0.26612032015281117,-1.9886610059983281,-0.039134327358441162,0.25392869360489334,-4.4598768418025436,-0.039134327358441162,0.26612032015281117,1.9886610059983281,0.039134327358441162,-0.25392869360489334,4.4598768418025436,0.039134327358441162
hold,0,469,4.6999999999997044,0,0,1,2,2,-0.00048871222166432804,-0.0023558115424820955,0.00141132472545154,-0.027942409243749987,0.31514923066065764,0,-0.9545917281614289,1.6427343112801571,-0.054742460729868228,-0.99318284702370496,1.6400167532461287,0.078559005715821209,0.016644115523220489,0.0086164690603598489,-0.27735494455019349,-0.021771810455988232,0.020374391766002725,-0.081983881715009477,-0.25144234490954731,-1.9826875826736681,-0.023610582062434587,0.25162108595247645,-4.4560566341248053,-0.023610582062434587,0.25144234490954731,1.9826875826736681,0.023610582062434587,-0.25162108595247645,4.4560566341248053,0.023610582062434587
hold,0,470,4.7099999999997033,0,0,1,2,2,-0.00051171874057213962,-0.0022674816500486781,0.0011506070835481015,-0.024825385426742085,0.31514050184375608,0,-0.95450899569414283,1.6427796451452958,-0.056650110806809567,-0.99336572801082101,1.6401729744346456,0.077849716902371136,0.0027230321206017805,0.002064050797299561,-0.13489283398290378,-0.015944202206940539,0.012594784813685207,-0.064586233329040912,-0.23818312124521718,-1.9764978353317175,-0.015698798001870851,0.24725652560035719,-4.4495267966806225,-0.015698798001870851,0.23818312124521718,1.9764978353317175,0.015698798001870851,-0.24725652560035719,4.4495267966806225,0.015698798001870851
hold,0,471,4.7199999999997022,0,0,1,2,2,-0.00053385871640163063,-0.0021804124652449238,0.00097405413011056048,-0.012874119511558467,0.31513754826836865,0,-0.95454038650229256,1.6427643684444919,-0.056993103995940868,-0.99347303211527649,1.6402538748490123,0.077519651361231609,-0.0070545421575101902,-0.0038371661446088951,0.032124501626828651,-0.007206001399646807,0.0052309062415220771,-0.013089838467338194,-0.22815442050190732,-1.9704744047833778,-0.016669387556757509,0.23937675762870725,-4.4428101214233928,-0.016669387556757509,0.22815442050190732,1.9704744047833778,0.016669387556757509,-0.23937675762870725,4.4428101214233928,0.016669387556757509
hold,0,472,4.7299999999997011,0,0,1,2,2,-0.00055554080040637333,-0.0021600118093271347,0.00092865855526918291,0.0010194164160234917,0.31513907434933081,0,-0.95463693937838101,1.6427194244605654,-0.055948972204352743,-0.99348470672893407,1.6402758106529904,0.0776576495527046,-0.011092777035693165,-0.0055630537785335736,0.1537110977461906,0.0028789847578124879,0.00025798266241679343,0.03115525223806161,-0.22334376261501673,-1.9683889652780409,-0.023673992460005257,0.22938516838050865,-4.4380126842761127,-0.023673992460005257,0.22334376261501673,1.9683889652780409,0.023673992460005257,-0.22938516838050865,4.4380126842761127,0.023673992460005257
hold,0,473,4.7399999999997,0,0,1,2,2,-0.00057737920664960307,-0.0021984725764332184,0.00099041553107703621,0.0096149544054064742,0.31514284550123778,0,-0.95477169515888438,1.6426597715769033,-0.053913110830062609,-0.99340897736275191,1.6402659356354432,0.078044656492705075,-0.014934450991603551,-0.0067450703785959382,0.23860273858825165,0.010668808198788649,-0.0017809182170439805,0.043865689901299965,-0.2184240424150794,-1.9667297256086822,-0.031247294696883095,0.22098951001007516,-4.4358947832562743,-0.031247294696883095,0.2184240424150794,1.9667297256086822,0.031247294696883095,-0.22098951001007516,4.4358947832562743,0.031247294696883095
hold,0,474,4.7499999999996989,0,0,1,2,2,-0.00060005341504373866,-0.0023118872330525784,0.0011159807911745665,0.014517267425536017,0.31514684402210413,0,-0.95495337851141171,1.6425729681902006,-0.051028232904861262,-0.99325639558242429,1.6402491708874574,0.07837089348925215,-0.020718262606458031,-0.0097494422998471823,0.32343014367799922,0.018245974489811179,-0.0015970107443406528,0.025669040237698278,-0.21118676398000627,-1.9630309265938088,-0.038596144321397838,0.21219168947643169,-4.4359445727450906,-0.038596144321397838,0.21118676398000627,1.9630309265938088,0.038596144321397838,-0.21219168947643169,4.4359445727450906,0.038596144321397838
hold,0,475,4.7599999999996978,0,0,1,2,2,-0.00062456616587930336,-0.0025362399268288346,0.001278855505549562,0.017486027593387857,0.31514935195097921,0,-0.95515125701932657,1.6425049014159909,-0.04786223459070206,-0.99302034809881223,1.6402460947850919,0.07834999610594795,-0.02105342782209127,-0.0079296712824591439,0.33954567228921723,0.027114005881938828,0.00051160162298035522,-0.01988337806703163,-0.20926857070105415,-1.9643061634175194,-0.045578696841751899,0.20143527821540758,-4.4380285762934877,-0.045578696841751899,0.20926857070105415,1.9643061634175194,0.045578696841751899,-0.20143527821540758,4.4380285762934877,0.045578696841751899
hold,0,476,4.7699999999996967,0,0,1,2,2,-0.00065126785888804106,-0.0027658915112942308,0.0014190079263262973,0.011675060129935492,0.31514909098925542,0,-0.95541080140437629,1.6424359753054021,-0.044389929076642083,-0.99273053027360159,1.6402723623464646,0.077732599957917536,-0.027780641535725844,-0.0028100177769122157,0.32669207498007313,0.030147203810244497,0.0040598899273918123,-0.089113585692198377,-0.20046500190702185,-1.9688744080383558,-0.046099746013535781,0.19608353768541673,-4.441787005088881,-0.046099746013535781,0.20046500190702185,1.9688744080383558,0.046099746013535781,-0.19608353768541673,4.441787005088881,0.046099746013535781
hold,0,477,4.7799999999996956,0,0,1,2,2,-0.00068105867592471725,-0.0031211229352353263,0.0015187643172015271,0.0088387669149672041,0.31514621519414077,0,-0.9554845145184816,1.6425091741201177,-0.043039422856946008,-0.99239035235151585,1.6403291301986049,0.076446176355473835,0.0069061148957601445,0.011923732129883834,0.013788856536442622,0.03660931595602443,0.0067433974307756989,-0.15499211542201638,-0.23456205342566536,-1.9841937484628762,-0.046190490771253187,0.18690000216295088,-4.4449246554093875,-0.046190490771253187,0.23456205342566536,1.9841937484628762,0.046190490771253187,-0.18690000216295088,4.4449246554093875,0.046190490771253187
hold,0,478,4.7899999999996945,0,0,1,2,2,-0.00071107329730880908,-0.0029250728200771814,0.0013445216297242929,-0.034938657376121306,0.31514047478241392,0,-0.95546504236148722,1.6426637236355721,-0.044436217723313375,-0.9922394062437212,1.6404175734011732,0.074527488945641762,-0.0012504357124788639,0.016965829321901098,-0.2384711530715577,0.00083723488312481206,0.010247389212207572,-0.21697504268839632,-0.22656128007338139,-1.9904722417785292,-0.012746351128983136,0.22146451437349332,-4.4491361928113662,-0.012746351128983136,0.22656128007338139,1.9904722417785292,0.012746351128983136,-0.22146451437349332,4.4491361928113662,0.012746351128983136
hold,0,479,4.7999999999996934,0,0,1,2,2,-0.00073888624862544772,-0.0026765469773821562,0.00098559701907455525,-0.036486053598952094,0.31513729767809723,0,-0.95548196055612045,1.6427595371656405,-0.046498386528011318,-0.99228564946599596,1.6404813373333438,0.072825877641288131,-0.009427253296716967,0.0017963774140785441,-0.12116510320632209,-0.0079829705541996122,0.0038463696255922769,-0.14145259088103135,-0.21824911693207744,-1.9760692981112538,0.0011044098691133028,0.23065466558901579,-4.4432452846821153,0.0011044098691133028,0.21824911693207744,1.9760692981112538,-0.0011044098691133028,-0.23065466558901579,4.4432452846821153,-0.0011044098691133028
hold,0,480,4.8099999999996923,0,0,1,2,2,-0.00076405516866669132,-0.0024132180899207123,0.00071584672292324613,-0.02063157035595773,0.31514093808961757,0,-0.95569001563089684,1.6426798190849266,-0.045896247476782864,-0.99235847368978347,1.6404758800625565,0.072150014345620447,-0.028977115291372025,-0.013589003650377726,0.17984374745520737,-0.0065620136534603997,-0.0033891722589131108,-0.020673252663594415,-0.19703481433921127,-1.960046172401086,0.00038579583617154994,0.22981630247857671,-4.4359660846313114,0.00038579583617154994,0.19703481433921127,1.960046172401086,-0.00038579583617154994,-0.22981630247857671,4.4359660846313114,-0.00038579583617154994
hold,0,481,4.8199999999996912,0,0,1,2,2,-0.00078856220187846493,-0.0024924058824228861,0.000719312275247302,0.014280441735616434,0.31515027779368332,0,-0.95589661701254691,1.6425506326052179,-0.043358080384444254,-0.99229372486130174,1.6404098605607023,0.072570811912554545,-0.007405653631182005,-0.0076144855828553593,0.22772762825556175,0.015275111362838722,-0.008648036533153285,0.082687816751499582,-0.21695346494620069,-1.9649871986309395,-0.021220576637784438,0.20746118683442372,-4.4301790643422372,-0.021220576637784438,0.21695346494620069,1.9649871986309395,0.021220576637784438,-0.20746118683442372,4.4301790643422372,0.021220576637784438
hold,0,482,4.8299999999996901,0,0,1,2,2,-0.00081311057612888649,-0.0024274685529370116,0.00082403350191190717,0.0079359768377519208,0.31516022610048106,0,-0.95590071686628564,1.6425410875011575,-0.042137817419751374,-0.99219195955946593,1.6403331528717922,0.073425880468889759,0.0047716871565369363,0.0020394234671316487,0.055755873394320983,0.0067517871799556428,-0.0070838132054243793,0.088133260881606265,-0.22909800690400983,-1.9745647468484426,-0.021651317413797097,0.21517038860262033,-4.4311296261586852,-0.021651317413797097,0.22909800690400983,1.9745647468484426,0.021651317413797097,-0.21517038860262033,4.4311296261586852,0.021651317413797097
hold,0,483,4.839999999999689,0,0,1,2,2,-0.00083661674415634601,-0.0022984287538218295,0.00084017906171930559,-0.0025978259607612681,0.31516885983016923,0,-0.95579663341248833,1.6425751725574298,-0.042442543082446389,-0.99219308285303465,1.6402654575768374,0.074324811761587617,0.014244703815346278,0.0037836755701813459,-0.085708447207676106,-0.0047497656760953459,-0.0065873330590740407,0.091686114030410201,-0.23940369119319765,-1.9765816794016711,-0.016305273473041615,0.22668092780722104,-4.4310845439453974,-0.016305273473041615,0.23940369119319765,1.9765816794016711,0.016305273473041615,-0.22668092780722104,4.4310845439453974,0.016305273473041615
hold,0,484,4.8499999999996879,0,0,1,2,2,-0.00085830877421032292,-0.0020828942329571172,0.00075979009781358393,-0.011662884541947036,0.31517736053450973,0,-0.95561707667661033,1.6426049362669066,-0.043877996753869837,-0.99231693798591902,1.6401944852199424,0.075399649703297267,0.02040926586479648,0.0022759176483837839,-0.18119495861621851,-0.017527168058837434,-0.0074397805985169487,0.11832906230867604,-0.24700470712967182,-1.975312031155688,-0.0085574745884070824,0.24044917125303816,-4.4296643175507944,-0.0085574745884070824,0.24700470712967182,1.975312031155688,0.0085574745884070824,-0.24044917125303816,4.4296643175507944,0.0085574745884070824
hold,0,485,4.8599999999996868,0,0,1,2,2,-0.0008774759922835218,-0.0018057469184055205,0.00062657976291615033,-0.014420570816389843,0.31518687124696088,0,-0.95537760601158062,1.642610183135514,-0.0459768604462064,-0.99255572774948586,1.6401059787474468,0.076933253789882389,0.026308757272192378,-0.0006592917486272135,-0.22904286281603087,-0.028154348621845689,-0.0097864543357727238,0.17686182575926293,-0.25481996385730543,-1.9724187967075359,-0.0030448271766549337,0.25298666992458108,-4.4266095920335742,-0.0030448271766549337,0.25481996385730543,1.9724187967075359,0.0030448271766549337,-0.25298666992458108,4.4266095920335742,0.0030448271766549337
hold,0,486,4.8699999999996857,0,0,1,2,2,-0.00089318569379849555,-0.001420018295691257,0.00049612827885105778,-0.012140403901670559,0.31519823689441523,0,-0.9552978245003021,1.6424967349837729,-0.046466280344893411,-0.99288939076915872,1.6399883883735846,0.079180888853559658,-0.0035787451970055529,-0.013579336175907319,0.041607968302074069,-0.036924658896616183,-0.013042461121193121,0.2570166689525048,-0.22557071347833568,-1.9585911670663272,-0.001427386556489019,0.26442628435673449,-4.4224128622572563,-0.001427386556489019,0.22557071347833568,1.9585911670663272,0.001427386556489019,-0.26442628435673449,4.4224128622572563,0.001427386556489019
hold,0,487,4.8799999999996846,0,0,1,2,2,-0.00090806438119930832,-0.0015603883813566249,0.00061979951480515367,0.028615861809648167,0.31521242104061625,0,-0.95525459367847865,1.6423103772302996,-0.044758292830586369,-0.9930388221436437,1.6398231292198602,0.082022953066850285,0.016267738897573193,-0.015771697033309776,0.18107730976540426,0.01287484167488917,-0.021708294883268246,0.22515890632422322,-0.245763044147502,-1.9549079441811383,-0.031149519687757428,0.21582223478110893,-4.4124249552653856,-0.031149519687757428,0.245763044147502,1.9549079441811383,0.031149519687757428,-0.21582223478110893,4.4124249552653856,0.031149519687757428
hold,0,488,4.8899999999996835,0,0,1,2,2,-0.0009229998057226213,-0.0014528597408293407,0.00074788752448057781,0.0022521812551983015,0.31522200565285091,0,-0.95513850851007698,1.6422563764272677,-0.044179384862975152,-0.99259763845783544,1.6396131477579776,0.081070795789690203,0.0089789335884235232,0.00012313370389268946,-0.01981156393881741,0.068767414032811447,-0.021306102650361064,-0.32951399772469064,-0.23940292018556569,-1.9703707684940859,-0.0201634952192211,0.15640019293672061,-4.4111472958032323,-0.0201634952192211,0.23940292018556569,1.9703707684940859,0.0201634952192211,-0.15640019293672061,4.4111472958032323,0.0201634952192211
hold,0,489,4.8999999999996824,0,0,1,2,2,-0.00093116006094447201,-0.00039336364464230816,0.00031635175422828934,-0.073417188205163672,0.3152210295591602,0,-0.95543050056054413,1.6423192185404987,-0.04515448199871433,-0.99258424676950496,1.6395863395161223,0.078450453930264855,-0.054502058818169011,0.009852388238510295,-0.14753839597256596,-0.041442931293954488,0.0068689680611457617,-0.22032740256691638,-0.17358599137523595,-1.9806027599345508,0.038656463142850775,0.26650340475684275,-4.4391079005798968,0.038656463142850775,0.17358599137523595,1.9806027599345508,-0.038656463142850775,-0.26650340475684275,4.4391079005798968,-0.038656463142850775
hold,0,490,4.9099999999996813,0,0,1,2,2,-0.00093619417567256114,-0.00056650248620612655,0.00014648332836172354,0.02067526751846557,0.31522713210523395,0,-0.95549358882097724,1.6423198230709217,-0.045717421464430488,-0.99268227236736473,1.639583750061302,0.078153224951497222,0.02130992734048702,-0.010247904462099193,0.053187826146490688,0.012570812148966836,-0.0061200121901675234,0.092526337843167633,-0.24889327145042711,-1.9605073034773259,-0.012900415804072913,0.21327386609679949,-4.426098204690021,-0.012900415804072913,0.24889327145042711,1.9605073034773259,0.012900415804072913,-0.21327386609679949,4.426098204690021,0.012900415804072913
hold,0,491,4.9199999999996802,0,0,1,2,2,-0.00093844215540600517,5.5208919895715757e-06,0.00017119311100563268,-0.0096596910702273706,0.31523820853404461,0,-0.95541254862687452,1.6422629661462791,-0.045789851521536203,-0.99281910812930718,1.6395450879565441,0.07946639936252016,-0.00046277544272890075,-0.0032879428110009698,-0.04515022212347105,-0.03083426303671442,-0.0029174383621645428,0.15769344119270448,-0.22776889022003288,-1.9670124097312831,0.0020481964861064125,0.2577736273780204,-4.4289914816799607,0.0020481964861064125,0.22776889022003288,1.9670124097312831,-0.0020481964861064125,-0.2577736273780204,4.4289914816799607,-0.0020481964861064125
hold,0,492,4.9299999999996791,0,0,1,2,2,-0.00093817564738123138,3.3843455885827116e-05,0.00027075685009129665,0.023009029355437759,0.31525062851583824,0,-0.95529777081058131,1.6421825278373881,-0.045550725223502918,-0.99301320944480898,1.6394720810439565,0.081736758822717179,0.024576012426540367,-0.0088264944633399123,0.022948869141711209,-0.011740349889553511,-0.010314980008305424,0.27318630105213015,-0.25372590061964784,-1.9608303516078158,-0.022612405046768876,0.24023252475487383,-4.4210098847331185,-0.022612405046768876,0.25372590061964784,1.9608303516078158,0.022612405046768876,-0.24023252475487383,4.4210098847331185,0.022612405046768876
hold,0,493,4.939999999999678,0,0,1,2,2,-0.0009375158923360799,9.9856791024924166e-05,0.00043968070306848951,0.012846426245518419,0.31526244251946761,0,-0.9550559441888169,1.6421032589221518,-0.045741715813717831,-0.99260793762203092,1.639275490251126,0.080921158674262431,0.016769992347588032,-0.011511278713705482,0.021892501104859019,0.073809466426151521,-0.022951761045781432,-0.31809597012654556,-0.24785449351481084,-1.9575114160355602,-0.023255129321886309,0.15144053385694439,-4.4068003773529991,-0.023255129321886309,0.24785449351481084,1.9575114160355602,0.023255129321886309,-0.15144053385694439,4.4068003773529991,0.023255129321886309
hold,0,494,4.9499999999996769,0,0,1,2,2,-0.00092935866218610275,0.0012818432032013849,3.7713968713142779e-05,-0.075582935600147769,0.31526337753453509,0,-0.95543715757891046,1.6420654911701078,-0.045776820174138109,-0.99262070376753031,1.6392515223856512,0.078322955758793819,-0.069823560687035227,0.0037956705748514461,-0.064734068574413328,-0.049147682553796312,0.0083725789451568403,-0.22388253400369154,-0.1582112333594391,-1.9725162233077651,0.041701721770837752,0.27449981200088736,-4.4379329744201392,0.041701721770837752,0.1582112333594391,1.9725162233077651,-0.041701721770837752,-0.27449981200088736,4.4379329744201392,-0.041701721770837752
hold,0,495,4.9599999999996758,0,0,1,2,2,-0.00091890881377872102,0.00086921956929427216,-1.9052696308024304e-05,0.04087626573617506,0.31527061513772375,0,-0.95565652477118168,1.6419657182087546,-0.044397606409691634,-0.99266342027524801,1.6392529280690904,0.078050735468445973,0.017074479222222529,-0.012660593174294179,0.19133529071538119,0.026870725924685254,-0.0063234870075423531,0.098759425463202835,-0.24335433573052706,-1.9552617758677937,-0.027118892781979913,0.19882313558414735,-4.4232481539349537,-0.027118892781979913,0.24335433573052706,1.9552617758677937,0.027118892781979913,-0.19882313558414735,4.4232481539349537,0.027118892781979913
hold,0,496,4.9699999999996747,0,0,1,2,2,-0.00090759209512454586,0.0013105185982065916,0.00015264241024814151,0.0013682545966069368,0.31528104164936466,0,-0.95561355877674048,1.6419131340863991,-0.043588781161101882,-0.99266735990711741,1.6392330469899661,0.079054652255050942,-0.003998954620241117,-0.0012426170869180866,0.011205359220699269,-0.018292185030905204,0.0003233865340143019,0.1027880307630113,-0.22262462984359305,-1.9662590789763255,-0.011513012651258345,0.24401756359469301,-4.4297359788435156,-0.011513012651258345,0.22262462984359305,1.9662590789763255,0.011513012651258345,-0.24401756359469301,4.4297359788435156,0.011513012651258345
hold,0,497,4.9799999999996736,0,0,1,2,2,-0.00089517143482352457,0.001199163485325725,0.0003087035329085914,0.025100963048281709,0.31528984104637497,0,-0.95542424114019919,1.6418959627155183,-0.044054203980113567,-0.99274626091428975,1.6392074733983344,0.080449303810311193,0.034242450834728266,-0.0023441697432189865,-0.083683263679026454,-0.00091593130570914597,-0.0045901279805628083,0.16406410692234516,-0.26238057639089274,-1.9650201553529787,-0.032037444830675846,0.22727251792687564,-4.4246178755958852,-0.032037444830675846,0.26238057639089274,1.9650201553529787,0.032037444830675846,-0.22727251792687564,4.4246178755958852,0.032037444830675846
hold,0,498,4.9899999999996725,0,0,1,2,2,-0.00088150503298980998,0.0014807268565501931,0.00037489450090296523,-0.0056986240210269165,0.31529613455845118,0,-0.95513708556514776,1.6418971603168275,-0.045858060598564079,-0.99292632594739305,1.6391798071559029,0.081915143135363772,0.024921613821728021,0.001599604630708651,-0.24303800982595514,-0.029572025994974584,-0.001588688541222709,0.13648762824085736,-0.25535698397830398,-1.9689735105373802,-0.016865731986724298,0.25736913288096752,-4.427397985095773,-0.016865731986724298,0.25535698397830398,1.9689735105373802,0.016865731986724298,-0.25736913288096752,4.427397985095773,0.016865731986724298
hold,0,499,4.9999999999996714,0,0,1,2,2,-0.00086641083912324113,0.0015464363095042159,0.00034833659820297964,-0.00056982420381168088,0.31530031148067944,0,-0.95498339524769071,1.6418400911402866,-0.04707961435436632,-0.99273774254398384,1.6390686033214075,0.080627008630186292,0.0085057652196817921,-0.0096073845774314413,-0.043994275500266598,0.026885920809451198,-0.0084594426794166455,-0.17954829679528161,-0.24017065791591408,-1.9573099679169128,-0.019455930612103895,0.19940251884926802,-4.4196376002816153,-0.019455930612103895,0.24017065791591408,1.9573099679169128,0.019455930612103895,-0.19940251884926802,4.4196376002816153,0.019455930612103895
hold,0,500,5.0099999999996703,0,0,1,2,2,-0.00084721291553779832,0.0021682703817264525,0.0001308378509733733,-0.035864196292063562,0.31530059215729583,0,-0.95527495485870961,1.6417273105299972,-0.046356770634490237,-0.99281136119193114,1.6390750308993594,0.079292229488871144,-0.054812705104881662,-0.01156048745193972,0.14918859926512404,-0.029044060750001217,0.0052489835492259482,-0.10455729929612578,-0.17451971070319944,-1.9544546201600892,0.0078422317482212262,0.2559214495922989,-4.4333974471338733,0.0078422317482212262,0.17451971070319944,1.9544546201600892,-0.0078422317482212262,-0.2559214495922989,4.4333974471338733,-0.0078422317482212262
hold,0,501,5.0199999999996692,0,0,1,2,2,-0.00082847938015172262,0.0016608730064681877,0.00026260457646487626,0.045817329807016444,0.31530410442075352,0,-0.9555139980466556,1.6415701650727157,-0.043524685221753179,-0.99273835047293701,1.6390835785268665,0.079251389656423754,0.0038564486783444207,-0.012476055240931216,0.29423973113784796,0.032103456701503399,-0.002507379035050588,0.060400585454813374,-0.23127651898285762,-1.9522818887128455,-0.046024966513674243,0.19418984638884124,-4.4257094655696534,-0.046024966513674243,0.23127651898285762,1.9522818887128455,0.046024966513674243,-0.19418984638884124,4.4257094655696534,0.046024966513674243
hold,0,502,5.0299999999996681,0,0,1,2,2,-0.00081161023070817906,0.0017083560924884634,0.00051975437978831428,0.012314015817589074,0.31530557258769176,0,-0.95549757766223586,1.6415722158060813,-0.042362372589857339,-0.99258359558521403,1.6391119316255391,0.079399756799624729,0.00074338108584491515,0.0067837990316096724,0.003904912600852517,0.0044382381135307175,0.00607290499271434,-0.013853109677762357,-0.22829481446571598,-1.9715581488523111,-0.035400835279545781,0.22061702587503004,-4.4345165743867998,-0.035400835279545781,0.22829481446571598,1.9715581488523111,0.035400835279545781,-0.22061702587503004,4.4345165743867998,0.035400835279545781
hold,0,503,5.039999999999667,0,0,1,2,2,-0.00079528557495679719,0.0015825332015572974,0.00061237774176189246,0.0072259269555482964,0.31530237252542614,0,-0.95534950540786623,1.6416665747604955,-0.043560554450462939,-0.99254179935985443,1.6391747179203724,0.079090586038154775,0.02428355370111162,0.01049123132294068,-0.19940672567243428,0.0040008841421492114,0.006376724048769552,-0.042086507377932007,-0.25301956511593982,-1.9760204527789558,-0.035203756833269005,0.22072001004353475,-4.4353226838015214,-0.035203756833269005,0.25301956511593982,1.9760204527789558,0.035203756833269005,-0.22072001004353475,4.4353226838015214,0.035203756833269005
hold,0,504,5.0499999999996659,0,0,1,2,2,-0.00077820546541068625,0.0018013640678983043,0.00051469348800749768,-0.021064777886529627,0.31529704645671203,0,-0.95515949027726799,1.6417776591175137,-0.046330784500451971,-0.99265004327747142,1.6392461437250747,0.078508672695975071,0.0093102132126521801,0.0094082417246678946,-0.27663000769940072,-0.020696816077804006,0.0076385864030386859,-0.068918726848324743,-0.23956634567226628,-1.9758261380368289,-0.01479986334507976,0.24628366160442389,-4.4371559525934092,-0.01479986334507976,0.23956634567226628,1.9758261380368289,0.01479986334507976,-0.24628366160442389,4.4371559525934092,0.01479986334507976
hold,0,505,5.0599999999996648,0,0,1,2,2,-0.00075950337913524568,0.0019143522394900626,0.00036342959990438921,-0.011166471357433472,0.31529312693762462,0,-0.95514840610824892,1.6417777019282676,-0.047708912821250109,-0.99283118525940006,1.6392916937130211,0.078166351135877665,-0.005037208779751931,-0.0049374832878201378,-0.04815701975829606,-0.016320218927653521,0.0026051783838294596,-0.012338888975322806,-0.22530759703201475,-1.9614807555103715,-0.015740971487190194,0.24335620030970256,-4.4324869444777706,-0.015740971487190194,0.22530759703201475,1.9614807555103715,0.015740971487190194,-0.24335620030970256,4.4324869444777706,0.015740971487190194
hold,0,506,5.0699999999996637,0,0,1,2,2,-0.00074070741695379805,0.0018573209898912501,0.00037508651231617804,0.0093902255394339926,0.31529202972010917,0,-0.95523131313809728,1.6416890003602651,-0.046992554599207856,-0.99290428869217995,1.6392997957951141,0.07832313548774944,-0.010796695965690764,-0.01101991036068312,0.15120530101551261,-0.0012661402401429101,-0.00033603018263321559,0.033805371347353605,-0.21888485360728899,-1.9546887158934889,-0.028882749964495691,0.22888694908443102,-4.429610552568052,-0.028882749964495691,0.21888485360728899,1.9546887158934889,0.028882749964495691,-0.22888694908443102,4.429610552568052,0.028882749964495691
hold,0,507,5.0799999999996626,0,0,1,2,2,-0.00072321769461117236,0.0016793471576130189,0.00054224405732896188,0.021601142131427418,0.31529061172374323,0,-0.95537869370069084,1.6415795316247874,-0.044745618652857623,-0.99283815692471356,1.6393042112451699,0.078584888729568564,-0.01759522883617869,-0.010836410012889404,0.27510739150467717,0.011818292026689561,0.00095155884281944501,0.021580290907805003,-0.2109072762360526,-1.9539964663574612,-0.042235191935849958,0.2152734626778674,-4.4309334651939514,-0.042235191935849958,0.2109072762360526,1.9539964663574612,0.042235191935849958,-0.2152734626778674,4.4309334651939514,0.042235191935849958
hold,0,508,5.0899999999996615,0,0,1,2,2,-0.00070889127144176112,0.0012716443431391947,0.00079345050129207644,0.027467646002880861,0.31528581789663551,0,-0.95534878389304601,1.6416083108756889,-0.043771256926659237,-0.99263697789169725,1.6393397369184601,0.078397066518672398,0.017679186157830849,0.0094843782506386504,-0.014207320185823817,0.0255639227347766,0.0052444072271264405,-0.044734202313819527,-0.24642096969122079,-1.9745474886282013,-0.053625526878695748,0.1999183997056499,-4.4355105189645796,-0.053625526878695748,0.24642096969122079,1.9745474886282013,0.053625526878695748,-0.1999183997056499,4.4355105189645796,0.053625526878695748
hold,0,509,5.0999999999996604,0,0,1,2,2,-0.0006957596489068768,0.0013493948973814247,0.00081109390036663708,-0.01534701105966163,0.31527530370099754,0,-0.95522164851612401,1.6417596541301396,-0.045502985907444254,-0.99256163817799359,1.6394329146534821,0.077302836716425891,0.0049944409220357318,0.015986689582873949,-0.23483430202483788,-0.0045368625478961313,0.011959578843766697,-0.15164757537513565,-0.23475330747080164,-1.9822605459960418,-0.027835672916024519,0.22941646727869336,-4.4429711124613958,-0.027835672916024519,0.23475330747080164,1.9822605459960418,0.027835672916024519,-0.22941646727869336,4.4429711124613958,0.027835672916024519
hold,0,510,5.1099999999996593,0,0,1,2,2,-0.00068197904912073448,0.0013939379709644972,0.00064389436519228266,-0.017638750563887792,0.31526406832942133,0,-0.95527104255083684,1.6418433293981192,-0.046887384453017822,-0.99261388589079813,1.6395363484981491,0.075826908211961114,-0.012094196986978275,0.0043628876583361176,-0.076815131611419007,-0.0055779526529824075,0.0093438545247123018,-0.14622209690715468,-0.21726951728408503,-1.9713061462153407,-0.020076756642783432,0.230875539086216,-4.441182858899678,-0.020076756642783432,0.21726951728408503,1.9713061462153407,0.020076756642783432,-0.230875539086216,4.441182858899678,0.020076756642783432
hold,0,511,5.1199999999996582,0,0,1,2,2,-0.00066858526265903273,0.0013015914217402757,0.0005634902159928133,-0.0016420648168681534,0.31525633211060305,0,-0.95540555130722837,1.6418609602017171,-0.046811477333687658,-0.99259152940675111,1.6396089611709164,0.074573170684330933,-0.014201190883717215,-0.0002205650330048992,0.063711593117490528,0.0075978041584599367,0.0059269415140201041,-0.11291651952259593,-0.21408645333621379,-1.9668637399527833,-0.026498690645734627,0.21752093040239745,-4.4383468472711236,-0.026498690645734627,0.21408645333621379,1.9668637399527833,0.026498690645734627,-0.21752093040239745,4.4383468472711236,0.026498690645734627
hold,0,512,5.1299999999996571,0,0,1,2,2,-0.00065608401330465027,0.0012155589070691768,0.00058303444219988669,0.0043507217433499451,0.31525058979527049,0,-0.95559734926376128,1.6418515649544128,-0.045577190859196176,-0.99247882484959105,1.6396650027916051,0.07345264011773868,-0.02237151756258678,-0.001795659481455402,0.16427674104105516,0.013829903315293388,0.0053952291253373686,-0.11219933997260627,-0.204381743005081,-1.9652134835258979,-0.030602135104051739,0.21038719478828352,-4.4382634678479507,-0.030602135104051739,0.204381743005081,1.9652134835258979,0.030602135104051739,-0.21038719478828352,4.4382634678479507,0.030602135104051739
hold,0,513,5.139999999999656,0,0,1,2,2,-0.00064515630060006657,0.00099419044082235111,0.00067539693858362216,0.012437103581728434,0.3152453219311932,0,-0.95581144630515569,1.6418359573684447,-0.043685644451399622,-0.99227365402978385,1.6397206129442528,0.072213157614103088,-0.013713436397089402,0.0034839123680721093,0.13468201454319795,0.025025068778057557,0.0057446117354737498,-0.13238740207942307,-0.21132704783942308,-1.9703681946876808,-0.038142565436831068,0.19755066276706174,-4.4390577316792683,-0.038142565436831068,0.21132704783942308,1.9703681946876808,0.038142565436831068,-0.19755066276706174,4.4390577316792683,0.038142565436831068
hold,0,514,5.1499999999996549,0,0,1,2,2,-0.00063609692518630523,0.00084667053155657989,0.00073251015934706475,0.0012233160627379063,0.31523884752798276,0,-0.95583672475887227,1.6419432476468141,-0.043853200334610855,-0.99204845044130274,1.6397930171300215,0.070570787903418919,0.0054437322521110679,0.013967122026073626,-0.11291079368243218,0.020932526587127971,0.0082143472749548804,-0.18578044394042356,-0.2302819888588909,-1.9817097265726376,-0.032543816000440082,0.19984157625014251,-4.4421067007048993,-0.032543816000440082,0.2302819888588909,1.9817097265726376,0.032543816000440082,-0.19984157625014251,4.4421067007048993,0.032543816000440082
hold,0,515,5.1599999999996538,0,0,1,2,2,-0.00062659828940547779,0.0010239050718361873,0.00058493756870348123,-0.02538968529493258,0.31523120787790032,0,-0.95582196003027686,1.6420855820658047,-0.045763106512310595,-0.99197245131081979,1.639880620673539,0.068533555979440011,-0.0068029490526053532,0.01346532586040314,-0.20016985597293982,-0.0011298427635738498,0.0091105423190312763,-0.21667577006996819,-0.21815342538293775,-1.9823466057588919,-0.010972041270970394,0.2212959525569807,-4.4437037240971158,-0.010972041270970394,0.21815342538293775,1.9823466057588919,0.010972041270970394,-0.2212959525569807,4.4437037240971158,0.010972041270970394
hold,0,516,5.1699999999996527,0,0,1,2,2,-0.00061543719618273318,0.0011737995847043577,0.00036994611220809379,-0.018908398167782288,0.31522687825915607,0,-0.95599023476613287,1.6421100724279794,-0.046315235041245878,-0.99197542273996553,1.6399396230440151,0.066700299297191734,-0.02426563642991552,-0.003563408867752171,0.039000349567794329,0.000495618528266879,0.0038438649447411835,-0.16332028771271237,-0.19934454011877947,-1.965513793928134,-0.0074276054380188663,0.21969426269830589,-4.4389090656866346,-0.0074276054380188663,0.19934454011877947,1.965513793928134,0.0074276054380188663,-0.21969426269830589,4.4389090656866346,0.0074276054380188663
hold,0,517,5.1799999999996515,0,0,1,2,2,-0.00060403467681237333,0.0011236408856923957,0.00031789447796930605,0.0039514778830779433,0.31522748859433436,0,-0.9562165980932601,1.6420682621392688,-0.045128524638260961,-0.9918728606430004,1.639953340180724,0.065417439879167136,-0.02300828285479645,-0.0080967536147322147,0.19849842419320388,0.01699465529595566,-0.00026928878722398274,-0.10661159911367928,-0.19879098707688078,-1.9606459668714695,-0.019519622689229549,0.20237472915489607,-4.4349056490483409,-0.019519622689229549,0.19879098707688078,1.9606459668714695,0.019519622689229549,-0.20237472915489607,4.4349056490483409,0.019519622689229549
hold,0,518,5.1899999999996504,0,0,1,2,2,-0.00059339046422020314,0.0010193406771817617,0.00039441819844179094,0.010099131509469547,0.31522967743002211,0,-0.95638555414827364,1.6420643634583612,-0.043697797195879448,-0.99166622056262499,1.639953120384968,0.064337342123562569,-0.0075912820189102332,0.0034125408616565512,0.077815960743779056,0.023221054518170969,0.00014632082022353465,-0.10955704244543693,-0.21285633947265861,-1.972124071900597,-0.025864139725547367,0.19449520928967748,-4.4353195002897401,-0.025864139725547367,0.21285633947265861,1.972124071900597,0.025864139725547367,-0.19449520928967748,4.4353195002897401,0.025864139725547367
hold,0,519,5.1999999999996493,0,0,1,2,2,-0.00058285853662184972,0.0010750073355672556,0.00040540929365110069,-0.0049043491366059797,0.31523087232280783,0,-0.9564071720985784,1.6421270306972198,-0.044010650217179308,-0.99149935060107386,1.6399642681408106,0.063043720489424956,0.0015982582518445673,0.0074333107310793258,-0.10095321666079496,0.012417621783775767,0.0017430137108268844,-0.14292034052200447,-0.22187293614097539,-1.9766461796808887,-0.017192097824480872,0.20396368233166362,-4.4370053752270842,-0.017192097824480872,0.22187293614097539,1.9766461796808887,0.017192097824480872,-0.20396368233166362,4.4370053752270842,0.017192097824480872
hold,0,520,5.2099999999996482,0,0,1,2,2,-0.00057078471096180805,0.0013051971987072856,0.00027221371531045376,-0.018894769235781962,0.31523199619916287,0,-0.9564458059487585,1.6421696615952688,-0.04505505055059067,-0.99145738442722242,1.6399776132027251,0.061617600025926089,-0.013972994258563864,-9.1595878906846478e-05,-0.052340838184849595,-0.0011248469651847196,0.0010381471602023905,-0.14340090084667398,-0.20599261282912612,-1.9694623202552946,-0.0044380588589001818,0.21717042168981263,-4.4364072691717755,-0.0044380588589001818,0.20599261282912612,1.9694623202552946,0.0044380588589001818,-0.21717042168981263,4.4364072691717755,0.0044380588589001818
hold,0,521,5.2199999999996471,0,0,1,2,2,-0.00055714528533863661,0.001389978745068042,0.00016914284278278665,-0.0046185661037247165,0.3152360061030281,0,-0.95665838067756059,1.6420794661997267,-0.044116361458563007,-0.99141369725054518,1.6399648369571638,0.060468464300980393,-0.022235615554758083,-0.010030151156767447,0.14011063894804424,0.0081778520182908265,-0.0027163769977502786,-0.097554373464573838,-0.19602939370251515,-1.9588022018130971,-0.0098674616945307863,0.20751822529291913,-4.4325505350493328,-0.0098674616945307863,0.19602939370251515,1.9588022018130971,0.0098674616945307863,-0.20751822529291913,4.4325505350493328,0.0098674616945307863
hold,0,522,5.229999999999646,0,0,1,2,2,-0.00054377672631089613,0.0013020361968786613,0.00020722789026454786,0.0094274348937308204,0.31524209660036934,0,-0.95673059427906648,1.6420442547812355,-0.043499118031616206,-0.9912604441569387,1.6399328741380488,0.05958690394304253,0.0034437315472955242,-0.00068401368981487257,0.012996960928923443,0.020213434132510224,-0.0035192102591495122,-0.082669411158600145,-0.22113103199252165,-1.9678666479321203,-0.019765814136908845,0.19425661842984793,-4.4314919992350132,-0.019765814136908845,0.22113103199252165,1.9678666479321203,0.019765814136908845,-0.19425661842984793,4.4314919992350132,0.019765814136908845
hold,0,523,5.2399999999996449,0,0,1,2,2,-0.00052933627201813549,0.0015381372642780144,0.00016488199644104201,-0.013343696731776454,0.31524686870036156,0,-0.95672805747773104,1.6420681175111365,-0.044212036409910498,-0.9911780580836953,1.6399125648062163,0.058578582095134765,-0.0017174747305683236,0.0038171973765145197,-0.12523014148825007,0.00032482740251556577,-0.0010605792063892675,-0.11313272548238054,-0.21599012012534133,-1.9725587608376574,-0.005111404477497623,0.21348613657389537,-4.4337881556331133,-0.005111404477497623,0.21599012012534133,1.9725587608376574,0.005111404477497623,-0.21348613657389537,4.4337881556331133,0.005111404477497623
hold,0,524,5.2499999999996438,0,0,1,2,2,-0.00051264726250249693,0.001761444466698335,3.8836544798322753e-05,-0.012089701490075039,0.31525217644739717,0,-0.95681652510731818,1.6420378845982677,-0.044617162428799394,-0.99118574353246902,1.639886879302261,0.057615508249155824,-0.018001509641262889,-0.0080074251958328624,0.047037222092788336,-0.001356012184102782,-0.0035633066225372635,-0.086210191042574685,-0.19899834417794965,-1.9604922749623601,-0.0022135830942263202,0.21522845975070348,-4.4310799441853232,-0.0022135830942263202,0.19899834417794965,1.9604922749623601,0.0022135830942263202,-0.21522845975070348,4.4310799441853232,0.0022135830942263202
hold,0,525,5.2599999999996427,0,0,1,2,2,-0.00049494779777975451,0.0017588364421140751,3.2478727397068946e-05,0.006948293708203818,0.31526013435909894,0,-0.956982524122027,1.6419321667937505,-0.043393113358466601,-0.99110912214795521,1.6398370282726922,0.056951890540817847,-0.0085604505332319281,-0.0070884014299644939,0.099220148063620048,0.01375244688784779,-0.0058362872434202604,-0.054171142811495744,-0.20711141116831006,-1.9605655562920909,-0.013987086283827721,0.19950702960264244,-4.4284081553278893,-0.013987086283827721,0.20711141116831006,1.9605655562920909,0.013987086283827721,-0.19950702960264244,4.4284081553278893,0.013987086283827721
hold,0,526,5.2699999999996416,0,0,1,2,2,-0.00047694749769776335,0.0018282265519375175,7.6456410689623234e-05,0.0026977682954191905,0.31526791936186155,0,-0.95700981827411091,1.6419084638106101,-0.043199982085346395,-0.99098581714086009,1.6397886799343127,0.056280839598060996,0.0015000214070120315,-0.00018680410895409395,-0.031116518829460819,0.011432184782121544,-0.0041929783373372163,-0.075795377457461607,-0.21695352989188271,-1.9672775297479776,-0.013486789751501615,0.20084085165160773,-4.4296646775269366,-0.013486789751501615,0.21695352989188271,1.9672775297479776,0.013486789751501615,-0.20084085165160773,4.4296646775269366,0.013486789751501615
hold,0,527,5.2799999999996405,0,0,1,2,2,-0.0004575193152696333,0.0020185981641873047,2.9877152616626004e-05,-0.009562260915969659,0.31527421966052033,0,-0.95698241642411741,1.6419196581633511,-0.044149606296853675,-0.99093187324746757,1.6397537241170093,0.055397246934220476,0.0036371483310699763,0.0016233752735809023,-0.13609650123866876,0.0014283305055827265,-0.0030346186742301047,-0.0970590574468361,-0.21930987161588866,-1.9691772639524405,-0.0050436631061143399,0.21041315478100633,-4.4305433906516161,-0.0050436631061143399,0.21930987161588866,1.9691772639524405,0.0050436631061143399,-0.21041315478100633,4.4305433906516161,0.0050436631061143399
hold,0,528,5.2899999999996394,0,0,1,2,2,-0.00043545359347965662,0.0023400442182231447,-9.4151863380590993e-05,-0.014266139107624155,0.31528078316301678,0,-0.95712953503987164,1.6418463880903347,-0.044050272129926307,-0.99096626391857823,1.6397070990526754,0.054611924710817585,-0.027548417743786243,-0.012319356457593588,0.10558503329404006,-0.010014288808728199,-0.0087191747139331362,-0.029489869185172574,-0.18694735661499864,-1.954648371637135,0.00096408888605975171,0.22213089946420256,-4.4244858340972426,0.00096408888605975171,0.18694735661499864,1.954648371637135,-0.00096408888605975171,-0.22213089946420256,4.4244858340972426,-0.00096408888605975171
hold,0,529,5.2999999999996383,0,0,1,2,2,-0.00041290848278173475,0.0021887123678081735,-1.2902169562412259e-05,0.023022628552083722,0.31528978038836819,0,-0.95723295034573452,1.641739121926693,-0.042781662249290996,-0.99103281467981963,1.6395074179934974,0.056084148130918464,0.0063626906161988288,-0.0071086495048790829,0.093511620516422506,-0.0049504995938800542,-0.025965181596948508,0.26074445818803743,-0.22003114252808065,-1.9590009492807163,-0.024948184255648896,0.21759951633928562,-4.4056423787408034,-0.024948184255648896,0.22003114252808065,1.9590009492807163,0.024948184255648896,-0.21759951633928562,4.4056423787408034,0.024948184255648896
hold,0,530,5.3099999999996372,0,0,1,2,2,-0.00039170810121263999,0.0020804393600877451,0.00021888889971628252,0.023293197693148443,0.31529640396273223,0,-0.95705165050898411,1.6417259516962348,-0.042894843036625288,-0.99120614540914065,1.6392470788544906,0.05952648538094444,0.026177699380421693,0.0017082358508890053,-0.0779675257008281,-0.025910540061044977,-0.02567512933735638,0.4003612985413107,-0.24129654998630681,-1.9677124727928188,-0.033734109554223103,0.23994620264101871,-4.4038497178883409,-0.033734109554223103,0.24129654998630681,1.9677124727928188,0.033734109554223103,-0.23994620264101871,4.4038497178883409,0.033734109554223103
hold,0,531,5.3199999999996361,0,0,1,2,2,-0.0003722014030612536,0.0018858234674941567,0.00045744664883613507,0.02428905682332275,0.31529735435840339,0,-0.95667919686741709,1.6417530611041062,-0.044387962238388277,-0.9915553818121301,1.6390113928419403,0.064087705585103349,0.037473965113791155,-2.8685186960987572e-05,-0.13186487700906444,-0.041720173815281689,-0.022130188987452816,0.49852898628881004,-0.25557244485221242,-1.9661924270179401,-0.042758687626905975,0.258549727619171,-4.4055091701378419,-0.042758687626905975,0.25557244485221242,1.9661924270179401,0.042758687626905975,-0.258549727619171,4.4055091701378419,0.042758687626905975
hold,0,532,5.329999999999635,0,0,1,2,2,-0.00035525568430400112,0.0015699579336814558,0.00072917602298087838,0.029093300792921654,0.31529273582286244,0,-0.95632814232124663,1.6417366564391136,-0.045237757958471986,-0.99202552496185226,1.6388193764284389,0.069507256955261942,0.034376229485253693,0.00099704031659036789,-0.077482175500516753,-0.051363523322939773,-0.017458684147048008,0.57743912502537043,-0.25528314559303861,-1.9670869152015504,-0.054809402577669523,0.27195422232460637,-4.4086445436702357,-0.054809402577669523,0.25528314559303861,1.9670869152015504,0.054809402577669523,-0.27195422232460637,4.4086445436702357,0.054809402577669523
hold,0,533,5.3399999999996339,0,0,1,2,2,-0.00034377466460194794,0.0008656428338741219,0.0011221657966972503,0.046082824399149853,0.3152825018092057,0,-0.95587390642637149,1.641766755051457,-0.046105142388044161,-0.99238276216914512,1.6387920476415658,0.074266169738375923,0.05278932938513782,0.00446682157223449,-0.093341140525629918,-0.021255959070631901,0.0087499565547416794,0.37361242881820134,-0.27733013265192391,-1.9707974853559416,-0.077145177719803726,0.24470455573064137,-4.4346345540770411,-0.077145177719803726,0.27733013265192391,1.9707974853559416,0.077145177719803726,-0.24470455573064137,4.4346345540770411,0.077145177719803726
hold,0,534,5.3499999999996328,0,0,1,2,2,-0.00033762764530494149,0.00044976089796610458,0.0013981271858876261,0.015266102690980894,0.3152650217785129,0,-0.95544980600952378,1.6418622722840484,-0.047730714911549885,-0.99257191678642243,1.6389964916744559,0.076159326277378259,0.036222225181515653,0.014012577092316706,-0.21804362398358765,-0.017093392527304872,0.026550280673760272,0.07320782826138994,-0.26415583178308338,-1.9811073787367548,-0.066346492724926584,0.24205522612553282,-4.4540704304591801,-0.066346492724926584,0.26415583178308338,1.9811073787367548,0.066346492724926584,-0.24205522612553282,4.4540704304591801,0.066346492724926584
hold,0,535,5.3599999999996317,0,0,1,2,2,-0.00033514454394042992,0.00011283413648492544,0.0014294420019061356,-0.004964160117285058,0.31524333537679478,0,-0.95515395273315384,1.6420060437945225,-0.050213361135303634,-0.99268099760918171,1.6392871236722526,0.075640307827860784,0.025137236480157314,0.015013655802280739,-0.27022485923401751,-0.0068121458366301839,0.030208844466052438,-0.13261878845913083,-0.25543766929268452,-1.9832586295305121,-0.052978593504537624,0.23264662601693242,-4.4600540502338459,-0.052978593504537624,0.25543766929268452,1.9832586295305121,0.052978593504537624,-0.23264662601693242,4.4600540502338459,0.052978593504537624
hold,0,536,5.3699999999996306,0,0,1,2,2,-0.00033465887389283466,1.3669339049509179e-06,0.0012587496927729117,-0.025146972397570605,0.31522180018584089,0,-0.95501692368467306,1.642152606174081,-0.052886055952532339,-0.99274477856406684,1.6395788243513931,0.073588637304940488,0.0062114981720654567,0.014598699189020584,-0.26733147884817621,-0.0060772281617023213,0.028424918058890358,-0.25348899730078917,-0.23760816337243898,-1.9840161719537197,-0.032909799806007778,0.23242195598108562,-4.460603729259808,-0.032909799806007778,0.23760816337243898,1.9840161719537197,0.032909799806007778,-0.23242195598108562,4.460603729259808,0.032909799806007778
hold,0,537,5.3799999999996295,0,0,1,2,2,-0.00033475158782823866,-2.1934933786458785e-05,0.00099246887939814701,-0.027622401905934801,0.31520396235871551,0,-0.95502826859465928,1.6422707715813569,-0.055017177673660281,-0.9927682312442585,1.6398235325620871,0.070913276298833081,-0.0059030409738348097,0.010078395485404259,-0.17888409447750941,0.00029229196034669005,0.021971299804790602,-0.27878414431836418,-0.22540286494664893,-1.9804411915083109,-0.020703396226318265,0.22624005730056987,-4.45610777669126,-0.020703396226318265,0.22540286494664893,1.9804411915083109,0.020703396226318265,-0.22624005730056987,4.45610777669126,0.020703396226318265
hold,0,538,5.3899999999996284,0,0,1,2,2,-0.00033451297151329551,4.9403808789141184e-05,0.00073932694181728378,-0.023780716532160063,0.31519186932613863,0,-0.95516533284496141,1.6423373503984571,-0.05598152790797923,-0.99273684522830374,1.6400000569154578,0.06828442860916778,-0.018842110653863046,0.0044332065132172711,-0.042563349641602383,0.0052627898935234708,0.014938002035220653,-0.2547434505568531,-0.21136728126420365,-1.9753286330729252,-0.013520936688485936,0.22101847123975502,-4.4504866737486557,-0.013520936688485936,0.21136728126420365,1.9753286330729252,0.013520936688485936,-0.22101847123975502,4.4504866737486557,0.013520936688485936
hold,0,539,5.3999999999996273,0,0,1,2,2,-0.0003337120738565319,9.7060055342011731e-05,0.00057668446225006846,-0.011257123210893357,0.31518574601073768,0,-0.95540247776392684,1.642345107146272,-0.055437913458558891,-0.99262724803348457,1.6401092361980758,0.066022714304536489,-0.026999039081911164,-0.0016618179771531049,0.11895877666447943,0.015002159956885315,0.0083764640108840924,-0.20950449244971453,-0.20131319348443211,-1.9692956625650744,-0.015249527850395739,0.21040232361783975,-4.444798569985263,-0.015249527850395739,0.20131319348443211,1.9692956625650744,0.015249527850395739,-0.21040232361783975,4.444798569985263,0.015249527850395739
hold,0,540,5.4099999999996262,0,0,1,2,2,-0.00033273456681900959,9.6434975540645557e-05,0.00053521628705274261,0.00058998114888619705,0.31518428325875469,0,-0.95571869437281776,1.6423014995362526,-0.053368517943759748,-0.99241791828708448,1.6401679961736408,0.064101506157119181,-0.034841123035443095,-0.0062241103185502198,0.26677561247249709,0.025094245826740313,0.0042929256800622083,-0.18228607510586942,-0.19094137665977284,-1.9643845093435217,-0.021070392074083247,0.19863559977678402,-4.4411851114589611,-0.021070392074083247,0.19094137665977284,1.9643845093435217,0.021070392074083247,-0.19863559977678402,4.4411851114589611,0.021070392074083247
hold,0,541,5.4199999999996251,0,0,1,2,2,-0.00033236471148163915,-3.2003953957478507e-06,0.00060206897332239608,0.010744705796338778,0.31518531397325089,0,-0.95610205591375508,1.6422222291558271,-0.049998212215602307,-0.99209606062707523,1.6402011909128151,0.062249558653936284,-0.040901176661276503,-0.0091692381441995444,0.38603224698174532,0.037076254049962135,0.002709208643295942,-0.18830792592934109,-0.18181443070644088,-1.9608052184744682,-0.029551675220014048,0.1840787302734882,-4.4398669523355894,-0.029551675220014048,0.18181443070644088,1.9608052184744682,0.029551675220014048,-0.1840787302734882,4.4398669523355894,0.029551675220014048
hold,0,542,5.429999999999624,0,0,1,2,2,-0.00033351892901829772,-0.0001903734359833965,0.00073650263942467856,0.015236658351179924,0.31518657926791432,0,-0.95655151937164296,1.642124413993636,-0.045656275788740104,-0.99165868907882615,1.6402337557040012,0.060088876452479623,-0.047959019130358424,-0.010317221562379951,0.4691848743260994,0.048314823859545823,0.0036267365957018938,-0.23537652320661434,-0.17116088057425594,-1.958874713758759,-0.036645389883201124,0.1693411880779119,-4.4410449986174836,-0.036645389883201124,0.17116088057425594,1.958874713758759,0.036645389883201124,-0.1693411880779119,4.4410449986174836,0.036645389883201124
hold,0,543,5.4399999999996229,0,0,1,2,2,-0.00033723747644975877,-0.00050409030816692113,0.00088924732876369901,0.015257965005715786,0.31518620590255025,0,-0.95699270672519898,1.6420895859443636,-0.041519239475279149,-0.9911098041345956,1.6402855694319538,0.057262752397454833,-0.036107871020556306,0.002644258988238943,0.33262772624863063,0.059407383602017923,0.0062487619036863925,-0.3150243610334254,-0.17948252985560981,-1.971557569915199,-0.040935979018937391,0.15385754878159538,-4.4440815337490891,-0.040935979018937391,0.17948252985560981,1.971557569915199,0.040935979018937391,-0.15385754878159538,4.4440815337490891,0.040935979018937391
hold,0,544,5.4499999999996218,0,0,1,2,2,-0.00034304485002133178,-0.00062614137308283967,0.00090446457552404921,-0.0076194226575569107,0.31518314644560302,0,-0.95727145783496548,1.6421974113265771,-0.039996776564881834,-0.99058286152954511,1.6403616059719286,0.053635347085477424,-0.021906052076275495,0.014412365704491489,0.037899747361308522,0.04450004077212244,0.0065326123206662663,-0.35978440854388616,-0.19145433992175867,-1.9841882796891599,-0.026436465883165824,0.16454935077108698,-4.4449736764858674,-0.026436465883165824,0.19145433992175867,1.9841882796891599,0.026436465883165824,-0.16454935077108698,4.4449736764858674,0.026436465883165824
hold,0,545,5.4599999999996207,0,0,1,2,2,-0.00034823962620700311,-0.00045305244220637548,0.00068923069208008734,-0.030799783252062111,0.31517968833593613,0,-0.95746317173462325,1.6423464832581089,-0.040723341120314761,-0.99041628086554678,1.6403585797295475,0.05131679812466345,-0.017280771134958423,0.014616532138537404,-0.14387528491771376,-0.001899259592447201,-0.003729802487005821,-0.15266993107640051,-0.19454590966581353,-1.9855850215754602,-0.0042872023799707878,0.20961600582367002,-4.4346870517391466,-0.0042872023799707878,0.19454590966581353,1.9855850215754602,0.0042872023799707878,-0.20961600582367002,4.4346870517391466,0.0042872023799707878
hold,0,546,5.4699999999996196,0,0,1,2,2,-0.0003527756814313554,-0.00045634312785337096,0.00048759400314166905,-0.013071522644118688,0.31518060542361442,0,-0.95745154139750022,1.6424536763289468,-0.04251120821277659,-0.99051626044406083,1.6402520193991068,0.051336520073131331,0.013500791850344281,0.0079714515116499109,-0.20193156554666686,-0.01516386562008086,-0.014773220007808341,0.10067524813727553,-0.22542051534810054,-1.9797974855152756,-0.0074535250132784711,0.22368044847941598,-4.4227911515748186,-0.0074535250132784711,0.22542051534810054,1.9797974855152756,0.0074535250132784711,-0.22368044847941598,4.4227911515748186,0.0074535250132784711
hold,0,547,5.4799999999996185,0,0,1,2,2,-0.00035630631663524648,-0.00026837878214890543,0.00036731360873634272,-0.011277585281745354,0.31518527200529628,0,-0.95728914596550119,1.6424891958469932,-0.044446857345304194,-0.99082672190084731,1.6400742323856483,0.05357367828153943,0.010859965583171932,-0.0029248418450978165,-0.12197748099888836,-0.041451244157690151,-0.019768405816001741,0.30440179824830804,-0.22407885253692042,-1.9691853483028987,-0.0048673387634601334,0.25245151867131715,-4.4163736696589568,-0.0048673387634601334,0.22407885253692042,1.9691853483028987,0.0048673387634601334,-0.25245151867131715,4.4163736696589568,0.0048673387634601334
hold,0,548,5.4899999999996174,0,0,1,2,2,-0.0003595507880729959,-0.00035616089105952012,0.00043823482061972145,0.019354522581283652,0.31519252320858887,0,-0.95718708567674993,1.6423692831440992,-0.043992206044691139,-0.99121910619572962,1.6398436508099143,0.057805915322678585,0.0090069620838274488,-0.016844538318252493,0.1556953435162409,-0.038229150679210788,-0.02523844047160401,0.50576319008126547,-0.22304233134758603,-1.9543063502065927,-0.026458045752552475,0.25236849955189622,-4.4090589823974833,-0.026458045752552475,0.22304233134758603,1.9543063502065927,0.026458045752552475,-0.25236849955189622,4.4090589823974833,0.026458045752552475
hold,0,549,5.4999999999996163,0,0,1,2,2,-0.00036607464362890807,-0.00084975806608871853,0.00081320198582524614,0.049576964533393088,0.31519897169728583,0,-0.95689582191401423,1.6422767859560548,-0.042949447837075522,-0.99152745844654588,1.6396005919823025,0.063535505257628938,0.047951834645044447,-0.0025114295617214857,0.026366141030143092,-0.026765710364230502,-0.023902283282281868,0.6247329140802097,-0.26431731401068859,-1.9678994814587678,-0.057533214020566256,0.24337187724344611,-4.4084506689659104,-0.057533214020566256,0.26431731401068859,1.9678994814587678,0.057533214020566256,-0.24337187724344611,4.4084506689659104,0.057533214020566256
hold,0,550,5.5099999999996152,0,0,1,2,2,-0.00037656778072063524,-0.0011626084028150028,0.0011952888759966496,0.030674966794166713,0.31519824427087928,0,-0.95632752963795187,1.6423288963096396,-0.044342334810976269,-0.99193570252445373,1.6394116334737048,0.069775679736908097,0.05837601821263759,0.0072749267035142739,-0.20458378133699337,-0.051040474752430315,-0.015989091879957309,0.63173118624704949,-0.27928783578678062,-1.9781027205526827,-0.058952640895704997,0.27091259425490871,-4.4148521922994535,-0.058952640895704997,0.27928783578678062,1.9781027205526827,0.058952640895704997,-0.27091259425490871,4.4148521922994535,0.058952640895704997
hold,0,551,5.5199999999996141,0,0,1,2,2,-0.00039075743781992467,-0.001593701040458256,0.0014603426063029455,0.023702124695641928,0.31519020608559278,0,-0.95575293539156481,1.6424081059686302,-0.046554199419300238,-0.99245806303652384,1.6393513092796139,0.075478698239067457,0.0551864620404552,0.0068734806533369613,-0.21458533720839665,-0.047884840851419218,0.0058220660609596226,0.4700158664491878,-0.28069503358569475,-1.9783349517744298,-0.062591804303403498,0.27193584445045849,-4.4361807566876434,-0.062591804303403498,0.28069503358569475,1.9783349517744298,0.062591804303403498,-0.27193584445045849,4.4361807566876434,0.062591804303403498
hold,0,552,5.529999999999613,0,0,1,2,2,-0.00040946774302288991,-0.0020511375921852793,0.0016523327245427065,0.016203616079951105,0.31517793944655809,0,-0.95522469121866815,1.6424768460300636,-0.048771251606873192,-0.99281124906290819,1.6395103530291983,0.078636078221801062,0.051111473832732526,0.0074101349953407262,-0.22812089873966035,-0.026512812926400325,0.020619117581577699,0.21986417980039413,-0.28084599876114524,-1.9794215266079009,-0.062854195471480578,0.25338930473651433,-4.4522501582049365,-0.062854195471480578,0.28084599876114524,1.9794215266079009,0.062854195471480578,-0.25338930473651433,4.4522501582049365,0.062854195471480578
hold,0,553,5.5399999999996119,0,0,1,2,2,-0.00043121760050630897,-0.0022548293703892391,0.0016633016036690159,-0.0089672886273810259,0.31516304733136935,0,-0.95482485454000177,1.6425840980050057,-0.051406616709020941,-0.99305660910385929,1.6397474747108349,0.079626016343927561,0.03234406516022488,0.01168854492449709,-0.27979839001640266,-0.023289049536923241,0.025089062180110873,0.022212938701760374,-0.26527728351796875,-1.9845579523365939,-0.046241754579373934,0.25212842167464611,-4.4586170762565631,-0.046241754579373934,0.26527728351796875,1.9845579523365939,0.046241754579373934,-0.25212842167464611,4.4586170762565631,0.046241754579373934
hold,0,554,5.5499999999996108,0,0,1,2,2,-0.00045433400748201569,-0.0023522498804660593,0.001509427084589496,-0.019670392284385722,0.31514890194743506,0,-0.95458767307389847,1.6426818345971346,-0.053927825179594269,-0.99324675230835768,1.6399771222367721,0.079279798159208964,0.018033971870827892,0.0087609386463509513,-0.23572031144390929,-0.016268222068922773,0.021468915375665757,-0.071603078932120048,-0.25286464195739811,-1.9824122387954788,-0.032814823264641996,0.24662873984263278,-4.4568341096596145,-0.032814823264641996,0.25286464195739811,1.9824122387954788,0.032814823264641996,-0.24662873984263278,4.4568341096596145,0.032814823264641996
hold,0,555,5.5599999999996097,0,0,1,2,2,-0.00047769941586459086,-0.0023341084943906323,0.0012920221737529112,-0.023137242775638309,0.31513844178532513,0,-0.95449363679295862,1.6427505015860329,-0.055749453712007187,-0.99338379957574308,1.640155054756063,0.078441718407258443,0.0049710506675230484,0.0077919942758964134,-0.16615258502941646,-0.012033920205395275,0.015482234241400316,-0.09252502766476961,-0.24055401100161206,-1.9819926303362105,-0.022076868380990544,0.2434908161181884,-4.4522708886796769,-0.022076868380990544,0.24055401100161206,1.9819926303362105,0.022076868380990544,-0.2434908161181884,4.4522708886796769,0.022076868380990544
hold,0,556,5.5699999999996086,0,0,1,2,2,-0.0005006616111490475,-0.0022715248398856615,0.0010953114579855166,-0.017353852208690176,0.31513300756346663,0,-0.95448606376464196,1.6428008024298282,-0.056783298034567192,-0.99346769592316009,1.6402666809613646,0.077697069776074212,-0.0025054459887389026,0.0019834656589266734,-0.052970021435155085,-0.0059123822998051927,0.0084225180368594707,-0.06355736601245407,-0.23313809857188345,-1.9765865084696033,-0.018229065506854415,0.23804044899193444,-4.4461041821175487,-0.018229065506854415,0.23313809857188345,1.9765865084696033,0.018229065506854415,-0.23804044899193444,4.4461041821175487,0.018229065506854415
hold,0,557,5.5799999999996075,0,0,1,2,2,-0.00052272356974059075,-0.0021647988868026507,0.00096923131539572004,-0.0094454718797232877,0.31513252177712453,0,-0.95457458456419553,1.6427782501519526,-0.056403346870831171,-0.99352792222732167,1.6402779745473053,0.077710919283181412,-0.013268423305151281,-0.0048131946189416512,0.09838999444768802,-0.0067171412225049618,-0.0023064993979483206,0.041527001770439706,-0.22166695485904248,-1.9696094299687301,-0.018757299970262584,0.23932701834792686,-4.4354655133702661,-0.018757299970262584,0.22166695485904248,1.9696094299687301,0.018757299970262584,-0.23932701834792686,4.4354655133702661,0.018757299970262584
hold,0,558,5.5899999999996064,0,0,1,2,2,-0.0005449339380514534,-0.0022573157814187125,0.00099401482227415208,0.010431112102235207,0.3151355156057663,0,-0.95470027716642258,1.6427039006627406,-0.054575934475097253,-0.9935059744528778,1.6402571667650272,0.07828677410490173,-0.012292927936396475,-0.0091325945669479078,0.23993825553545617,0.0083861948527958023,-0.0023333608401660834,0.06869506644895533,-0.22163690940998085,-1.9646952341070285,-0.031671389845066893,0.22404810007707515,-4.4352721896698242,-0.031671389845066893,0.22163690940998085,1.9646952341070285,0.031671389845066893,-0.22404810007707515,4.4352721896698242,0.031671389845066893
hold,0,559,5.5999999999996053,0,0,1,2,2,-0.00056826103063656319,-0.0023806615242359381,0.0011266077848070591,0.015146708828898103,0.31513901299432956,0,-0.95484728444422518,1.6426316925586888,-0.051927176330091133,-0.99337989782709768,1.6402459582024944,0.078823775698756288,-0.016098304530222655,-0.0066834120843229598,0.28398097326637428,0.015451896376146426,-0.00051604625935810307,0.04466618153885845,-0.21665547459373394,-1.9665667517572387,-0.039123098412243151,0.21597378554748353,-4.4369998357503695,-0.039123098412243151,0.21665547459373394,1.9665667517572387,0.039123098412243151,-0.21597378554748353,4.4369998357503695,0.039123098412243151
hold,0,560,5.6099999999996042,0,0,1,2,2,-0.00059325177333303947,-0.0025764370061785394,0.0012864497912718534,0.016540898076766387,0.31514115594959358,0,-0.95503473085079416,1.6425553467034089,-0.048797436086872807,-0.99317741184966102,1.6402530044824304,0.078968355818607727,-0.020892278326516106,-0.0081089583253866112,0.33425126236192404,0.023389538784434775,0.0014340303765033615,-0.0047728171712248402,-0.21036192954488864,-1.9645304386739355,-0.045152014311999389,0.2064162553197019,-4.4390062826257193,-0.045152014311999389,0.21036192954488864,1.9645304386739355,0.045152014311999389,-0.2064162553197019,4.4390062826257193,0.045152014311999389
hold,0,561,5.6199999999996031,0,0,1,2,2,-0.00062064317399000701,-0.0028495118874964963,0.0014392317696671165,0.014423983040160505,0.31514103382308689,0,-0.95524636686055975,1.6425181001586968,-0.045698473271603209,-0.99290136454460609,1.6402851530544087,0.078508911031479098,-0.019983301892473635,-0.00053628440268219438,0.28362052178190678,0.03034643984898237,0.0043790143146945244,-0.0727318812117764,-0.20957781790080637,-1.9718051402389436,-0.048254260493567139,0.1972509758147149,-4.4422084551397365,-0.048254260493567139,0.20957781790080637,1.9718051402389436,0.048254260493567139,-0.1972509758147149,4.4422084551397365,0.048254260493567139
hold,0,562,5.629999999999602,0,0,1,2,2,-0.00065052954245006789,-0.0030983779792366347,0.0015217707422890115,0.0040832032643742071,0.31513840460166315,0,-0.95541757687898898,1.6425406196860477,-0.043558427697286663,-0.99259762866079404,1.64034573067193,0.077336894102998197,-0.0079771490512195974,0.0082814465811576008,0.099298618158216681,0.030339052930916426,0.0072414288286951909,-0.14673260423631967,-0.22021429059462652,-1.9808030274415904,-0.043531218187889131,0.19482847566228442,-4.4455554905939074,-0.043531218187889131,0.22021429059462652,1.9808030274415904,0.043531218187889131,-0.19482847566228442,4.4455554905939074,0.043531218187889131
hold,0,563,5.6399999999996009,0,0,1,2,2,-0.00068171301836517095,-0.0031342762840883085,0.0014273438176615424,-0.018465310089441321,0.31513392465713747,0,-0.95542194781109102,1.6426705290342434,-0.044148008102518288,-0.99238560716313451,1.6404277408760213,0.075576274595072851,0.004871896413858514,0.014914239608759568,-0.16026202301544917,0.015189686643751142,0.0088581867026122536,-0.19623888071254447,-0.23302836860288834,-1.9884750952547579,-0.025312586757051919,0.20828166996817346,-4.4478283301005552,-0.025312586757051919,0.23302836860288834,1.9884750952547579,0.025312586757051919,-0.20828166996817346,4.4478283301005552,0.025312586757051919
hold,0,564,5.6499999999995998,0,0,1,2,2,-0.00071141744708869137,-0.0028519513275918973,0.0011173109720130604,-0.039321277701563392,0.31513040911377066,0,-0.9554063375182037,1.6427903139749369,-0.04620550848497474,-0.99237158794688374,1.640500171238978,0.073779859952918275,-0.0077513806713993064,0.0065620333046880197,-0.17142556858694791,-0.007565568505869087,0.0061805369855034483,-0.1703299220480271,-0.22052997386072912,-1.9810811684762346,-0.001417997074350464,0.23092477138778753,-4.4457301232870998,-0.001417997074350464,0.22052997386072912,1.9810811684762346,0.001417997074350464,-0.23092477138778753,4.4457301232870998,0.001417997074350464
hold,0,565,5.6599999999995987,0,0,1,2,2,-0.00073844245413810794,-0.0026005501436772989,0.00080678186609891027,-0.025520349474840574,0.31513246089984448,0,-0.95555995841754626,1.6427751716181325,-0.046507523665857892,-0.99244503560029873,1.640514719055979,0.072789647190558734,-0.022494867104623673,-0.0088620507678423988,0.086395921205983828,-0.0069202079904540506,-0.0016186536685864994,-0.054019349152385529,-0.20455752023276422,-1.9655359455492687,0.00083893053473049414,0.23086699209969241,-4.4380473151690181,0.00083893053473049414,0.20455752023276422,1.9655359455492687,-0.00083893053473049414,-0.23086699209969241,4.4380473151690181,-0.00083893053473049414
hold,0,566,5.6699999999995976,0,0,1,2,2,-0.00076410677177597697,-0.0025616764158935068,0.00072520915258267478,0.0033658513886594531,0.31514091202018751,0,-0.95578002162649045,1.6426452129829356,-0.044387836523571388,-0.99242467638884024,1.6404616857221326,0.072926753469403124,-0.014635683232524429,-0.0098663080360296748,0.21919005963407998,0.0081451350734976884,-0.0076378068061865468,0.057269965408855386,-0.21065619843330996,-1.9634920191995067,-0.014267766459812432,0.21563877534407278,-4.4316038953606469,-0.014267766459812432,0.21065619843330996,1.9634920191995067,0.014267766459812432,-0.21563877534407278,4.4316038953606469,0.014267766459812432
hold,0,567,5.6799999999995965,0,0,1,2,2,-0.00078972201027539823,-0.0025593543005517304,0.00080526511606193848,0.011102287275773696,0.31515156008363898,0,-0.95579871036735065,1.6426133819015214,-0.043093768575154984,-0.99233195333512092,1.6403815432299187,0.073727346829442902,0.0072917115406362868,-0.00031866277487782525,0.07359637699923384,0.010050125928434701,-0.0083068953177902177,0.095444352551266362,-0.23243408327958912,-1.9727850158093445,-0.022238706717341222,0.21299200005938118,-4.4302936669113322,-0.022238706717341222,0.23243408327958912,1.9727850158093445,0.022238706717341222,-0.21299200005938118,4.4302936669113322,0.022238706717341222
hold,0,568,5.6899999999995954,0,0,1,2,2,-0.00081417081654525103,-0.0023674093272953085,0.00082165261249650423,-0.0046679851927834397,0.31516114156303515,0,-0.95570354222851683,1.6426332691480328,-0.043250549118910103,-0.99233439468344398,1.6403064629797315,0.074692577744931932,0.011119256624774768,0.0029054776136754638,-0.072695777040680323,-0.0071656314454152971,-0.0070154883908829435,0.097982805534008455,-0.2370229734743981,-1.9761682541699888,-0.013952287104818408,0.23022728821981564,-4.4309844318367411,-0.013952287104818408,0.2370229734743981,1.9761682541699888,0.013952287104818408,-0.23022728821981564,4.4309844318367411,0.013952287104818408
hold,0,569,5.6999999999995943,0,0,1,2,2,-0.00083674852301629521,-0.0021843142318051997,0.00075504591294865567,-0.0079853962818071823,0.31517062633094983,0,-0.95552688217029935,1.6426528814134294,-0.044513749138697462,-0.99245508787781989,1.640226592330281,0.075894950820752108,0.022031909282893329,0.0011406655564750125,-0.16118408087407357,-0.015384411594961138,-0.0086348603417573389,0.13531886949656499,-0.24934890659825651,-1.9745603402359611,-0.010184770884348954,0.23941161392436877,-4.4287260946902629,-0.010184770884348954,0.24934890659825651,1.9745603402359611,0.010184770884348954,-0.23941161392436877,4.4287260946902629,0.010184770884348954
hold,0,570,5.7099999999995932,0,0,1,2,2,-0.00085678145851625365,-0.0018721242317608626,0.00063906016677024084,-0.013969878900010771,0.31518096063086576,0,-0.95529928561704636,1.6426433718762676,-0.046335624114250858,-0.99268899804206523,1.6401301827946762,0.077559672964003373,0.018611756422210992,-0.0050356009169252279,-0.15156729262885665,-0.028765197763583137,-0.010361363444691676,0.18765797649004659,-0.24774952616359813,-1.9683079974652671,-0.0035131510440251663,0.2546636814069535,-4.4262283153024899,-0.0035131510440251663,0.24774952616359813,1.9683079974652671,0.0035131510440251663,-0.2546636814069535,4.4262283153024899,0.0035131510440251663
hold,0,571,5.7199999999995921,0,0,1,2,2,-0.00087382842564179275,-0.0015911623272892408,0.00056269674027868114,-0.0034044626517812709,0.31519295648685008,0,-0.95525325724123489,1.6424918630969234,-0.046042755666226648,-0.99297766028449452,1.640006303045721,0.079909212889072587,-0.0056491296465324666,-0.02042907142984169,0.14789430814623716,-0.029011392871728981,-0.013745158256633531,0.26692302747722574,-0.22385686710134642,-1.9517024567175969,-0.0086621386269793085,0.25721917445453368,-4.4218534824989071,-0.0086621386269793085,0.22385686710134642,1.9517024567175969,0.0086621386269793085,-0.25721917445453368,4.4218534824989071,0.0086621386269793085
hold,0,572,5.729999999999591,0,0,1,2,2,-0.00089103297765170952,-0.0018349502088781033,0.00073911117433976613,0.031576957945979901,0.31520613584413926,0,-0.95514598111092019,1.6423401215978013,-0.044557550424274936,-0.99298471236623309,1.639833510116594,0.08220542624127844,0.027087267109804296,-0.0095546469713365043,0.10257316889085888,0.037735198668593907,-0.023383132978491469,0.088465615878860163,-0.25745147290020076,-1.961362949183125,-0.036249360363976579,0.19052899956811936,-4.4108331643440328,-0.036249360363976579,0.25745147290020076,1.961362949183125,0.036249360363976579,-0.19052899956811936,4.4108331643440328,0.036249360363976579
hold,0,573,5.7399999999995899,0,0,1,2,2,-0.00090635712834814808,-0.0013116546030526042,0.00068526928544595047,-0.029965986633512708,0.31521151044497786,0,-0.95512018476506866,1.6423415316671885,-0.044799828597850491,-0.99256070970791888,1.6396476158111206,0.08009072866634373,-0.01346816587498178,0.0055349745722123493,-0.10485110685837964,0.021766399516388393,-0.0074444769477560258,-0.28397819831092341,-0.21710241068222694,-1.976463851281772,0.0017613248626311521,0.20310577745381114,-4.425284665930981,0.0017613248626311521,0.21710241068222694,1.976463851281772,-0.0017613248626311521,-0.20310577745381114,4.425284665930981,-0.0017613248626311521
hold,0,574,5.7499999999995888,0,0,1,2,2,-0.00091614176536219949,-0.00075887311996084982,0.00033049444307192867,-0.039146054455736261,0.31521253229770341,0,-0.95528843870429048,1.6423950524961255,-0.046020568641420199,-0.99261681821668057,1.6396493150375586,0.078363887319760128,-0.018883973264703487,0.0049122308294781711,-0.13353537626022099,-0.022119192499256809,0.0031938426909430707,-0.10226677098928988,-0.21034057177873069,-1.9762692741705334,0.018508469160656904,0.24744023753954994,-4.4359365793811847,0.018508469160656904,0.21034057177873069,1.9762692741705334,-0.018508469160656904,-0.24744023753954994,4.4359365793811847,-0.018508469160656904
hold,0,575,5.7599999999995877,0,0,1,2,2,-0.00092225579085372655,-0.00053120188230198952,0.00018104542018848797,0.0011396320541270759,0.31522044751444622,0,-0.95544361733964001,1.6423090848582085,-0.045386863672907438,-0.99277587229979092,1.6396404956488808,0.078654783856732469,-0.00694825064057847,-0.01055509331896342,0.11579094446351838,-0.010930748136918135,-0.0043204344034364541,0.11375710333285644,-0.22103486532005948,-1.9601142089187558,-0.0022024959560645123,0.23752422584209401,-4.4283517471773823,-0.0022024959560645123,0.22103486532005948,1.9601142089187558,0.0022024959560645123,-0.23752422584209401,4.4283517471773823,0.0022024959560645123
hold,0,576,5.7699999999995866,0,0,1,2,2,-0.00092704351621611392,-0.00044036444832419933,0.00030954989905153076,0.02066391896610693,0.31523365737979614,0,-0.95536285214957029,1.642235545214549,-0.044668216985992729,-0.99285701929651293,1.6395783044853438,0.080421265861557553,0.018506135407868968,-0.0061601913004061606,0.044925463197005015,-0.0059853384948398191,-0.0078439894526770946,0.21861491850576309,-0.24713537288906468,-1.9639207937880367,-0.020062861787952246,0.23322799217379181,-4.4243306628198455,-0.020062861787952246,0.24713537288906468,1.9639207937880367,0.020062861787952246,-0.23322799217379181,4.4243306628198455,0.020062861787952246
hold,0,577,5.7799999999995855,0,0,1,2,2,-0.00093053371457753331,-0.00030250313353666461,0.00045439275591829532,0.010312865837642534,0.31524580645474787,0,-0.95514261648172016,1.6421977519748494,-0.044990703439720704,-0.99278487740798216,1.6394654791477206,0.081423663453681891,0.024378807330792087,-0.0025383178306195662,-0.081686080158474367,0.026439592891581508,-0.012397101872163299,-0.053660606566801702,-0.25476993015478877,-1.967240321340227,-0.020023236034054155,0.20022592567912428,-4.4188749476993738,-0.020023236034054155,0.25476993015478877,1.967240321340227,0.020023236034054155,-0.20022592567912428,4.4188749476993738,0.020023236034054155
hold,0,578,5.7899999999995844,0,0,1,2,2,-0.00092948231309367135,0.00039984139742954637,0.00026509746606219117,-0.038347103413417495,0.31525216986452148,0,-0.95512610730061731,1.6421938494081603,-0.046343030095992888,-0.99272890722165452,1.6393932187889722,0.080095697052276885,-0.018138823225377469,-0.0017297313715299693,-0.12579512561083606,-0.022477031557428792,-0.00061097783778710181,-0.10367745097114001,-0.21238437304744204,-1.9680176872658035,0.014181917340025605,0.24869478863751349,-4.4300829888637629,0.014181917340025605,0.21238437304744204,1.9680176872658035,-0.014181917340025605,-0.24869478863751349,4.4300829888637629,-0.014181917340025605
hold,0,579,5.7999999999995833,0,0,1,2,2,-0.00092423215641938838,0.00060862401954235438,0.00011834449985452507,0.0011137508335049076,0.31526041864643062,0,-0.95532031129510719,1.6420410892272388,-0.045341257735778767,-0.99289327833790098,1.6393625002272689,0.080294116038468755,-0.021296933434336005,-0.022772039293154876,0.24870913275029838,-0.011559361547927464,-0.0055277359881736069,0.099293653508429613,-0.20767263088256444,-1.9457532978968066,-0.0060445228120994529,0.23909208755798381,-4.4249204822197505,-0.0060445228120994529,0.20767263088256444,1.9457532978968066,0.0060445228120994529,-0.23909208755798381,4.4249204822197505,0.0060445228120994529
hold,0,580,5.8099999999995822,0,0,1,2,2,-0.00091917057553375647,0.00042832662281545582,0.00033008736665259491,0.034510439310187907,0.31527199048509669,0,-0.95530497360806721,1.6419142700463416,-0.043591725474496065,-0.99285161489715856,1.6392902519349435,0.081610500456408247,0.017703185268570849,-0.0079716652940292204,0.13021861207123542,0.028705775513936372,-0.011982419913357183,0.073621214490419029,-0.24679545108179116,-1.9595391184487549,-0.034448024565961077,0.19849364297018068,-4.4178878119559633,-0.034448024565961077,0.24679545108179116,1.9595391184487549,0.034448024565961077,-0.19849364297018068,4.4178878119559633,0.034448024565961077
hold,0,581,5.8199999999995811,0,0,1,2,2,-0.00091300009700016893,0.00076414881986975008,0.00041288679722773246,-0.009145657633009974,0.31527766696721554,0,-0.95525476343575355,1.6419114155357151,-0.043540974773854928,-0.99250800519895055,1.6391940094024329,0.080103529549658326,-0.003245222516563619,0.0039180885414111253,-0.074519333685368505,0.01521475020227314,-0.0012139637803604327,-0.17388028804824024,-0.22624872467516596,-1.971406036199183,-0.012117144260427311,0.20923579069617979,-4.4278863278288751,-0.012117144260427311,0.22624872467516596,1.971406036199183,0.012117144260427311,-0.20923579069617979,4.4278863278288751,0.012117144260427311
hold,0,582,5.82999999999958,0,0,1,2,2,-0.00090317091960036289,0.0011276487515572639,0.00024526349672854882,-0.021837370590869185,0.31527905688584806,0,-0.95528934903467833,1.6419568613666331,-0.044822270876658091,-0.99255619852874644,1.6392249678065913,0.079000932475407834,-0.0035411239134292977,0.0046740548485278526,-0.16299879438300025,-0.017148259181418657,0.0047605002724849278,-0.070012463690631119,-0.2256761384869021,-1.9725255691536439,0.00044404613232809642,0.24198434671823868,-4.434108459114988,0.00044404613232809642,0.2256761384869021,1.9725255691536439,-0.00044404613232809642,-0.24198434671823868,4.434108459114988,-0.00044404613232809642
hold,0,583,5.8399999999995789,0,0,1,2,2,-0.00089087762076155153,0.0013118890136246258,0.00014452931529703697,-0.0021793920194547074,0.31528349001048345,0,-0.95521628235339096,1.6419511978319157,-0.046176852243841458,-0.9927171643076389,1.6392433503989035,0.079110305711749887,0.0073363347085727117,-0.0079222684405417087,-0.04964498447216896,-0.014864089926632568,-0.00060135313744944354,0.063207200912530001,-0.23713813055920308,-1.9598839375868349,-0.0090155665379028326,0.2409879036945923,-4.4288936664435505,-0.0090155665379028326,0.23713813055920308,1.9598839375868349,0.0090155665379028326,-0.2409879036945923,4.4288936664435505,0.0090155665379028326
hold,0,584,5.8499999999995778,0,0,1,2,2,-0.00087639834755823265,0.0015406333494554106,0.00016779844098383523,0.0053367559222953749,0.31529060006491311,0,-0.95528304500567551,1.6417982323026439,-0.045121286392055857,-0.99288566037127568,1.6392206479350619,0.080207161219648909,-0.016807961676284591,-0.01904984229041097,0.20814881597402377,-0.018042500226939696,-0.0035309896338338162,0.140484572610721,-0.21245973295606929,-1.9475326395027912,-0.01598220788275314,0.24551428250399365,-4.425782410236434,-0.01598220788275314,0.21245973295606929,1.9475326395027912,0.01598220788275314,-0.24551428250399365,4.425782410236434,0.01598220788275314
hold,0,585,5.8599999999995767,0,0,1,2,2,-0.00086304621188924846,0.0012035333219856457,0.00042809368166013128,0.039831542002478598,0.31529784936459249,0,-0.9551778397155668,1.6417097790771211,-0.044012763673003566,-0.99288843882733802,1.6391731377501269,0.081846705165241146,0.029647753251588933,-0.0040933567862312939,0.050728713899252889,0.011501279954314056,-0.0056137185408328058,0.18029406608786619,-0.25975709020481252,-1.9617814992027889,-0.046146986303428235,0.21599272997123858,-4.4233195998499548,-0.046146986303428235,0.25975709020481252,1.9617814992027889,0.046146986303428235,-0.21599272997123858,4.4233195998499548,0.046146986303428235
hold,0,586,5.8699999999995756,0,0,1,2,2,-0.00085053210453450712,0.0013049085410855616,0.00058632364149744439,-0.00012334970513963595,0.31529931250694948,0,-0.95494409470716923,1.6417430725493485,-0.044997544668183592,-0.99260633061358994,1.6391065721314839,0.080972331105117784,0.019351136421877264,0.0073445159821025011,-0.19388232929887311,0.015917165534391105,0.00023649380391081373,-0.13868823498110852,-0.2513304334422814,-1.9734857197489415,-0.027840418528849584,0.20931997868117694,-4.4286372872455546,-0.027840418528849584,0.2513304334422814,1.9734857197489415,0.027840418528849584,-0.20931997868117694,4.4286372872455546,0.027840418528849584
hold,0,587,5.8799999999995745,0,0,1,2,2,-0.00083462408829186596,0.0017917785564684544,0.00036281721358317716,-0.037128922853091384,0.31529451631343519,0,-0.95498228539643915,1.64180318595831,-0.046780327329853016,-0.99273133259095481,1.6391632830437688,0.079772776268065684,-0.024924786274484922,0.0021855017142996193,-0.11611389000817143,-0.030725238298408966,0.0083677001048493519,-0.10865210177735159,-0.20674898523175989,-1.9688076127528307,0.0015329516096487805,0.25696239833289597,-4.4372221808447723,0.0015329516096487805,0.20674898523175989,1.9688076127528307,-0.0015329516096487805,-0.25696239833289597,4.4372221808447723,-0.0015329516096487805
hold,0,588,5.8899999999995734,0,0,1,2,2,-0.00081773945586292862,0.0016194471958373053,0.00030311819945571481,0.014806488318948513,0.31529361417796403,0,-0.95511685508344812,1.6417215735900785,-0.046173090462598126,-0.99282597764923097,1.6391995559389732,0.079527033176738843,-0.0064478442293150647,-0.01409649430924431,0.17713022267894249,0.0051370497907147223,0.00021119562570259278,0.029195834279559144,-0.22414936978085792,-1.9518727177834352,-0.027900637345013496,0.2218572707099816,-4.4293558595272602,-0.027900637345013496,0.22414936978085792,1.9518727177834352,0.027900637345013496,-0.2218572707099816,4.4293558595272602,0.027900637345013496
hold,0,589,5.8999999999995723,0,0,1,2,2,-0.00080171542405726992,0.0015768739558533963,0.00045469326823203645,0.015340604575399465,0.31529426214401896,0,-0.95525970823628314,1.641611495165971,-0.044028831875725385,-0.9927836733045764,1.6392160797788939,0.079826842024714476,-0.012417976143032259,-0.0040108447047316779,0.16808393846911127,0.0036610721869328351,0.002529420419686141,0.030866830730674651,-0.21703641264446058,-1.9610777399950878,-0.034034303113114325,0.22299481355652689,-4.4318062750406098,-0.034034303113114325,0.21703641264446058,1.9610777399950878,0.034034303113114325,-0.22299481355652689,4.4318062750406098,0.034034303113114325
hold,0,590,5.9099999999995712,0,0,1,2,2,-0.00078768767456086075,0.0012894764892113937,0.00065521464827119897,0.023193816814402711,0.31529226159525459,0,-0.95518336952941896,1.641653772271662,-0.043753904278736537,-0.99267835679686378,1.6392485268055621,0.079977074869608838,0.021593468792369619,0.0080217245075020188,-0.061383606180844819,0.015072808357619528,0.0036712288109887869,0.0050633027415239538,-0.25165856723477598,-1.9734485260528492,-0.045341905404262417,0.21074054532413927,-4.4332076596452579,-0.045341905404262417,0.25165856723477598,1.9734485260528492,0.045341905404262417,-0.21074054532413927,4.4332076596452579,0.045341905404262417
hold,0,591,5.9199999999995701,0,0,1,2,2,-0.00077395903964382062,0.0014376860345510613,0.0006647368238191368,-0.013848567054583438,0.31528616067863446,0,-0.95501501887841522,1.6417699676330195,-0.045659124806115968,-0.99270047508059278,1.6393133157066893,0.079601754495488092,0.0091460507228773094,0.01131559674543073,-0.2326229613674422,-0.013799080894169884,0.0082939081023735012,-0.065043304557882056,-0.24055795437331351,-1.9776719611816382,-0.023259444784702005,0.23978938084576068,-4.4383486501456604,-0.023259444784702005,0.24055795437331351,1.9776719611816382,0.023259444784702005,-0.23978938084576068,4.4383486501456604,0.023259444784702005
hold,0,592,5.9299999999995689,0,0,1,2,2,-0.00075918409590235159,0.0014995657009522956,0.00054013343505886278,-0.011543783279594794,0.31527952411192939,0,-0.95500937960109067,1.6418163560570673,-0.046984762195049143,-0.99283421910329228,1.6393765514911989,0.079105568214282967,-0.004738373974509701,0.0022584380731670139,-0.079610634034695801,-0.013059960595559377,0.0051090473145240425,-0.040238082561979492,-0.22671864389452295,-1.9689859099017568,-0.020176567327046126,0.24012021272874617,-4.4356696756338874,-0.020176567327046126,0.22671864389452295,1.9689859099017568,0.020176567327046126,-0.24012021272874617,4.4356696756338874,0.020176567327046126
hold,0,593,5.9399999999995678,0,0,1,2,2,-0.00074467475250697412,0.0014242259545501649,0.0005197964888309694,0.0043258027460501679,0.31527551000519627,0,-0.95505755699554051,1.6418108618350098,-0.047020009393020555,-0.99289016874433489,1.6394096654429757,0.078911611865721668,-0.0066901025112186003,-0.0046406103474827187,0.069779035252365687,-0.0005552307626038506,0.002135468940909799,-0.0061366215570228064,-0.22438149620221529,-1.9620429077046468,-0.028988965903302109,0.2280630800241315,-4.4329610088744884,-0.028988965903302109,0.22438149620221529,1.9620429077046468,0.028988965903302109,-0.2280630800241315,4.4329610088744884,0.028988965903302109
hold,0,594,5.9499999999995667,0,0,1,2,2,-0.00073107897150384571,0.0013178766475089145,0.00060008796335494054,0.010499362288971865,0.31527201379828468,0,-0.95517288711625459,1.6417667303172945,-0.045771233200185696,-0.99285596453732483,1.6394346353308298,0.078815048698582579,-0.014660162597376233,-0.0045975198897355175,0.16270458201432264,0.0060679253958981182,0.0027374973231934505,-0.011901706557954306,-0.21548879515034505,-1.9617329460206716,-0.035495895334073851,0.22116629020954906,-4.4337627963596038,-0.035495895334073851,0.21548879515034505,1.9617329460206716,0.035495895334073851,-0.22116629020954906,4.4337627963596038,0.035495895334073851
hold,0,595,5.9599999999995656,0,0,1,2,2,-0.00071955874752731297,0.0010422337041066246,0.00075055519856103814,0.018074832178348953,0.31526715958529661,0,-0.95525468627980326,1.6417962368389758,-0.044622439426157387,-0.99272443815472133,1.6394726217006255,0.078497008000627769,-0.0010619154701553175,0.0053834582884972199,0.076614415314686407,0.017852037204811586,0.0044887083623253157,-0.044745362000831804,-0.22843264896917664,-1.9719499763723549,-0.044709540397816862,0.20832996733980763,-4.4358178983571017,-0.044709540397816862,0.22843264896917664,1.9719499763723549,0.044709540397816862,-0.20832996733980763,4.4358178983571017,0.044709540397816862
hold,0,596,5.9699999999995645,0,0,1,2,2,-0.0007099036341999404,0.00092406165529811655,0.00082681689396852157,0.00068704559872051095,0.3152595828044375,0,-0.95518068236086329,1.6419010817125361,-0.045327881425109622,-0.99259860220176543,1.6395405278324771,0.077636827690904672,0.008663958205187703,0.010463459641649117,-0.12178939671214599,0.0090636739757548705,0.0082573106355504581,-0.11301987615306178,-0.23875055399603939,-1.9778687367139893,-0.036144746181814749,0.21611164294521712,-4.4401297496851395,-0.036144746181814749,0.23875055399603939,1.9778687367139893,0.036144746181814749,-0.21611164294521712,4.4401297496851395,0.036144746181814749
hold,0,597,5.9799999999995634,0,0,1,2,2,-0.00069994285574390136,0.0010416909641204428,0.00071885384005898763,-0.018455888325972239,0.31525024901799215,0,-0.95526842808146906,1.6419485809064804,-0.045841982922700877,-0.99259801138605575,1.639628701607331,0.076335007517341166,-0.021036009039909202,0.0020625091549303287,-0.006231557217752471,-0.0058873146775288241,0.009220996996071637,-0.14219112169032125,-0.20834862098609633,-1.969847779778825,-0.0205107576128827,0.23105790507282331,-4.4417988262444918,-0.0205107576128827,0.20834862098609633,1.969847779778825,0.0205107576128827,-0.23105790507282331,4.4417988262444918,0.0205107576128827
hold,0,598,5.9899999999995623,0,0,1,2,2,-0.00069080634570822808,0.0008239148032293844,0.00068167176172367829,0.0060955691540982215,0.315243280459585,0,-0.95544126630789794,1.6419350943552038,-0.045013675559679452,-0.99252483386646606,1.6396969047362915,0.075124028243409191,-0.013954217624379152,-0.0021795990983557506,0.12923189706726035,0.016255326838982731,0.0052961861055083465,-0.10851441880094623,-0.21404770659019531,-1.9654977791153259,-0.033316094625691427,0.20832984339959429,-4.4384196403856127,-0.033316094625691427,0.21404770659019531,1.9654977791153259,0.033316094625691427,-0.20832984339959429,4.4384196403856127,0.033316094625691427
hold,0,599,5.9999999999995612,0,0,1,2,2,-0.00068333965989526846,0.00068451902664661815,0.00072338462694797995,0.0028530660739432942,0.3152372451275573,0,-0.95553141336569702,1.6419721557338651,-0.044460481714631309,-0.99236364440192415,1.6397591353682055,0.073892974433248798,-0.00037323058560394338,0.0091789198969128849,-0.036739341621612576,0.016093746825959855,0.006873472429639458,-0.13330212360728105,-0.22690751716657787,-1.9771527891398852,-0.03216860589022049,0.20720190769628188,-4.4404947717650556,-0.03216860589022049,0.22690751716657787,1.9771527891398852,0.03216860589022049,-0.20720190769628188,4.4404947717650556,0.03216860589022049
hold,0,600,6.0099999999995601,0,0,1,2,2,-0.00067616083358822132,0.00074689589718348172,0.00065339693201456274,-0.013543197424945898,0.31523031634761517,0,-0.95551844807794295,1.6420852330097775,-0.04567463638980139,-0.99228269121720358,1.6398324897774015,0.072432876408835362,-0.0030354268620357626,0.011285885696439235,-0.13371320002963671,0.0028847099484578739,0.0076168198483323726,-0.15512518120471153,-0.22434904319217863,-1.9801643731467105,-0.01944848640257979,0.21976331909601932,-4.4418249544573163,-0.01944848640257979,0.22434904319217863,1.9801643731467105,0.01944848640257979,-0.21976331909601932,4.4418249544573163,0.01944848640257979
hold,0,601,6.019999999999559,0,0,1,2,2,-0.00066790783790500463,0.0008748246137106813,0.00051052215254213866,-0.014786556173465444,0.31522533973328315,0,-0.95566890990346154,1.6421061452135577,-0.045817334883619602,-0.9922756046549398,1.6398899551993824,0.071054754212865667,-0.023793265032893526,-0.0027952985950096005,0.063511815209797914,-0.00058200440898360664,0.0045528948773358533,-0.12771506752939477,-0.20238751041717215,-1.966250486485503,-0.013758100267381843,0.22317334095535057,-4.4392207528621679,-0.013758100267381843,0.20238751041717215,1.966250486485503,0.013758100267381843,-0.22317334095535057,4.4392207528621679,0.013758100267381843
hold,0,602,6.0299999999995579,0,0,1,2,2,-0.00065997601180028953,0.00073324021858663796,0.000500471850243554,0.0081665763411156965,0.31522407672160813,0,-0.95586993452758517,1.6420657344660454,-0.044475194712627175,-0.99217114736878131,1.6399139801018539,0.070044551311290365,-0.014831265165489011,-0.0041000975635015549,0.1581302860252802,0.017947938288089636,0.0010255477350384864,-0.084600546625201695,-0.20974131329158757,-1.9646224015369131,-0.027049056252850145,0.20380773996900942,-4.4358856049396413,-0.027049056252850145,0.20974131329158757,1.9646224015369131,0.027049056252850145,-0.20380773996900942,4.4358856049396413,0.027049056252850145
hold,0,603,6.0399999999995568,0,0,1,2,2,-0.00065318206874351303,0.00064402558361969457,0.00056267460658811111,0.0049217404639441088,0.3152234813577065,0,-0.95590898213407915,1.6421032905999231,-0.044134131017871468,-0.99199925737759931,1.6399331720825243,0.069087076874464234,0.004016738549751782,0.0073156819299810254,-0.043954574177771183,0.016765250907819326,0.0024886676115485925,-0.1034490917754728,-0.22827693615487654,-1.9763386301014172,-0.026986608737509042,0.20361530741982367,-4.4375022606615158,-0.026986608737509042,0.22827693615487654,1.9763386301014172,0.026986608737509042,-0.20361530741982367,4.4375022606615158,0.026986608737509042
hold,0,604,6.0499999999995557,0,0,1,2,2,-0.0006457830941215964,0.00081206622910986418,0.00048630737612597786,-0.015980832324975797,0.31522169073430739,0,-0.95587284132100248,1.6421903749991831,-0.045434973525857375,-0.99194192628039779,1.6399648767499442,0.067929876390169938,-0.0011435311781325926,0.0065508604405232146,-0.14181344912240668,-0.0015157344475624458,0.0035809798181162507,-0.12433119233644219,-0.22340579293160559,-1.976270483806039,-0.011765591254203369,0.2214376439975933,-4.4388482102074418,-0.011765591254203369,0.22340579293160559,1.976270483806039,0.011765591254203369,-0.2214376439975933,4.4388482102074418,0.011765591254203369
hold,0,605,6.0599999999995546,0,0,1,2,2,-0.00063651487976389143,0.0010012401114518077,0.00033599072944404232,-0.014399292263050222,0.31522165487835124,0,-0.95602337543591376,1.642159214541326,-0.045402686443807141,-0.99197255957675434,1.6399806071476664,0.066925885531360682,-0.025107638712141802,-0.008276129331769945,0.097950391477991616,-0.0039515799779784016,0.00028736124683890042,-0.085806145070808429,-0.19823741247830612,-1.961194210370889,-0.0079036173385343706,0.22411855589886168,-4.4356804348179422,-0.0079036173385343706,0.19823741247830612,1.961194210370889,0.0079036173385343706,-0.22411855589886168,4.4356804348179422,0.0079036173385343706
hold,0,606,6.0699999999995535,0,0,1,2,2,-0.00062736916264324871,0.00084371823990049468,0.00036009428348795727,0.013575646286857167,0.31522519426067552,0,-0.95621196386191532,1.6420813506922047,-0.043780327355863805,-0.99187622783797047,1.6399629500177473,0.066354149286775077,-0.0081493376001373213,-0.0043240840421336652,0.14549885123888387,0.018788451165022819,-0.0030492006985488682,-0.039241530342046971,-0.21368700618229813,-1.9645233448675554,-0.025620468488524756,0.20060787084558948,-4.4322026158332015,-0.025620468488524756,0.21368700618229813,1.9645233448675554,0.025620468488524756,-0.20060787084558948,4.4322026158332015,0.025620468488524756
hold,0,607,6.0799999999995524,0,0,1,2,2,-0.00061893984395541835,0.00084339466083425496,0.00043601787267657935,0.0036030798734766403,0.31522857570140639,0,-0.95622748595402429,1.6421030938497256,-0.043476919998897176,-0.99172861943199087,1.6399475984910308,0.065767821616986216,0.0032993181403516165,0.0051814010155089869,-0.042393198492098258,0.012105507100656885,-0.00056628390480764753,-0.071355046819057383,-0.22501148518591527,-1.9742027751853652,-0.02236322724522332,0.20610994766211857,-4.4345627204132114,-0.02236322724522332,0.22501148518591527,1.9742027751853652,0.02236322724522332,-0.20610994766211857,4.4345627204132114,0.02236322724522332
hold,0,608,6.0899999999995513,0,0,1,2,2,-0.0006096902967855089,0.00097839216097946958,0.00038031313409350064,-0.011687492645276968,0.31523047997995329,0,-0.95616557801331492,1.6421682945828502,-0.044759751027317211,-0.99168489565509077,1.6399470494422657,0.064941081389006464,0.0082143786607232899,0.0069117774212480148,-0.18362815048635583,-0.00073034984862425543,0.00028550487244236662,-0.090532585610426611,-0.23042180923196193,-1.9764547574561007,-0.011313531969924599,0.21859601439619897,-4.4354101168003401,-0.011313531969924599,0.23042180923196193,1.9764547574561007,0.011313531969924599,-0.21859601439619897,4.4354101168003401,0.011313531969924599
hold,0,609,6.0999999999995502,0,0,1,2,2,-0.00059808446708400909,0.0012734782335087633,0.00021691345618580913,-0.019462342358907321,0.31523334731704106,0,-0.95627452678381575,1.642136953888317,-0.045146502608280417,-0.99175617238925784,1.639937529532367,0.064188464939652926,-0.022947805648647162,-0.0051233903526767934,0.029284787453911484,-0.011309103037879006,-0.0017024469623649948,-0.066091192030589135,-0.19838803475858485,-1.9641688641259107,-0.0016396730864300987,0.22974498145879024,-4.4333460056863441,-0.0016396730864300987,0.19838803475858485,1.9641688641259107,0.0016396730864300987,-0.22974498145879024,4.4333460056863441,0.0016396730864300987
hold,0,610,6.1099999999995491,0,0,1,2,2,-0.0005860027010200497,0.0011475881831421073,0.00022370082244236827,0.014053302932517485,0.31524008282193811,0,-0.95644590059619472,1.6420255781132993,-0.043650475112933775,-0.99170689816640956,1.6398922758549095,0.063884727289954826,-0.0065306256184218276,-0.0090723074173553395,0.15415679663996013,0.015825485507708459,-0.0062904638748127592,-0.0077660173282318983,-0.2134342242897784,-1.9593289408610903,-0.022345803725400341,0.20221619913041652,-4.4283959593542352,-0.022345803725400341,0.2134342242897784,1.9593289408610903,0.022345803725400341,-0.20221619913041652,4.4283959593542352,0.022345803725400341
hold,0,611,6.119999999999548,0,0,1,2,2,-0.00057443238518949113,0.0011649938122527579,0.00031595729374550536,0.0060083340932330243,0.31524674196985969,0,-0.95645274535138769,1.6420073052873558,-0.043176483623563383,-0.99158000384892031,1.6398479001349453,0.06360921306528268,0.0037046305541544458,0.0016489803915785911,-0.019798512620712284,0.010601024959951176,-0.0032509973177259135,-0.040299244830793016,-0.22361472242081093,-1.9699040460624766,-0.021055252816707993,0.20642550513825986,-4.4310804201516092,-0.021055252816707993,0.22361472242081093,1.9699040460624766,0.021055252816707993,-0.20642550513825986,4.4310804201516092,0.021055252816707993
hold,0,612,6.1299999999995469,0,0,1,2,2,-0.00056203370321923629,0.0012895609203255865,0.0002944126216388685,-0.0075967253214637371,0.31525108475535563,0,-0.95638465713405663,1.6420437851228873,-0.044213959054234045,-0.99153752827854169,1.6398248313472565,0.063046431130826794,0.0089843435156145186,0.0044587679361916353,-0.15772950110464973,2.8527710257540695e-05,-0.0016870357500678925,-0.066937665371492705,-0.22943914112091951,-1.9730056722913412,-0.012367354666690578,0.21665819782492451,-4.4324598314177566,-0.012367354666690578,0.22943914112091951,1.9730056722913412,0.012367354666690578,-0.21665819782492451,4.4324598314177566,0.012367354666690578
hold,0,613,6.1399999999995458,0,0,1,2,2,-0.00054756402423425388,0.0015573761405459857,0.00016561245508781787,-0.016380142492060025,0.31525525397765652,0,-0.95640762273980062,1.64203015666713,-0.045107734243974046,-0.9915972332756835,1.6398028737520498,0.062433473999039493,-0.014202480078298911,-0.0055505046318809047,-0.013342380607325087,-0.0098913821292814976,-0.0025360480194874155,-0.058129805470577639,-0.2060685926810541,-1.9628873720772106,-0.0032818252670357255,0.22705574764159803,-4.4314351583866838,-0.0032818252670357255,0.2060685926810541,1.9628873720772106,0.0032818252670357255,-0.22705574764159803,4.4314351583866838,0.0032818252670357255
hold,0,614,6.1499999999995447,0,0,1,2,2,-0.00053198265004296419,0.0015445651971895576,0.00014403648070812508,0.0072815450784506951,0.3152619013813272,0,-0.95656598675677085,1.6418913706181923,-0.043822103492078122,-0.99158386273741095,1.6397575324894562,0.062112251667953602,-0.0083979698712803707,-0.017033249970558106,0.15148244908883104,0.0088857210891891258,-0.0057785994562344171,-0.015757371469628086,-0.21060619075231085,-1.9502943383470319,-0.017302506979980561,0.20817168011694698,-4.4278298768491879,-0.017302506979980561,0.21060619075231085,1.9502943383470319,0.017302506979980561,-0.20817168011694698,4.4278298768491879,0.017302506979980561
hold,0,615,6.1599999999995436,0,0,1,2,2,-0.00051664020149488898,0.0015295367006574901,0.00022006122659067525,0.007820186603755384,0.31526785311169242,0,-0.95658398336846384,1.6418327421120762,-0.043267882715896266,-0.99148571961105114,1.6397165253473598,0.061831520071930504,0.0035159755479029237,-0.00045530139750379634,-0.0044222273245084383,0.010449788618633337,-0.0030195353728212503,-0.036075382044493162,-0.22237616327795018,-1.9664032588711571,-0.020606072526853491,0.20582246757662431,-4.4302608837958299,-0.020606072526853491,0.22237616327795018,1.9664032588711571,0.020606072526853491,-0.20582246757662431,4.4302608837958299,0.020606072526853491
hold,0,616,6.1699999999995425,0,0,1,2,2,-0.00050063584718579301,0.0016479308084114215,0.00022042577329627793,-0.0051525294042694958,0.31527116472101557,0,-0.95652456906543359,1.6418660128309117,-0.04416470498653853,-0.99143680610300655,1.6396987270941903,0.061268156025454698,0.0078309653771397505,0.0050244687381971014,-0.14422862057230953,0.0011933959913815544,-0.00096987974238140254,-0.069724370930954668,-0.22716646753142899,-1.972149194757542,-0.013157979640124631,0.2146875521395194,-4.4321681534009132,-0.013157979640124631,0.22716646753142899,1.972149194757542,0.013157979640124631,-0.2146875521395194,4.4321681534009132,0.013157979640124631
hold,0,617,6.1799999999995414,0,0,1,2,2,-0.00048267921105138445,0.0019027290557466429,0.00011767173379580566,-0.013659830319079445,0.31527399854323646,0,-0.95656580262055169,1.6418485084928647,-0.044818811886255992,-0.99147407987404179,1.6396858386660293,0.060558566373623744,-0.017533485986150153,-0.0076260943186863949,0.029702027890778478,-0.006931602957612931,-0.0015214358156136786,-0.072253279932793291,-0.20147214772719435,-1.9593585969962823,-0.0052129431174828978,0.22311074125679581,-4.431513489902394,-0.0052129431174828978,0.20147214772719435,1.9593585969962823,0.0052129431174828978,-0.22311074125679581,4.431513489902394,0.0052129431174828978
hold,0,618,6.1899999999995403,0,0,1,2,2,-0.00046405741735820738,0.0018279671592142715,0.00012591621665005646,0.010458589627272637,0.31527876616518924,0,-0.95672364652529651,1.6417699244999029,-0.043693009680461872,-0.9914169256722356,1.6396558149817855,0.060002878456422451,-0.010452185191729482,-0.0066378069064173895,0.13256005516696542,0.014219481772277998,-0.0039329079645676092,-0.04532415270570276,-0.2072906972836564,-1.9597182124648569,-0.020363395193227281,0.20150242291245538,-4.4288618282794889,-0.020363395193227281,0.2072906972836564,1.9597182124648569,0.020363395193227281,-0.20150242291245538,4.4288618282794889,0.020363395193227281
hold,0,619,6.1999999999995392,0,0,1,2,2,-0.00044596173451391663,0.0017983990676130406,0.00021366844882619136,0.0076527168533513292,0.31528315540714025,0,-0.95673886013686071,1.641765904346288,-0.043386252367332449,-0.99126612580695506,1.6396308326869158,0.059315896983027631,0.0048671347478407637,0.0025324159298366943,-0.033523768492741253,0.015675457319045905,-0.0015759452047770049,-0.084103134123458254,-0.22248830833071304,-1.968856274072192,-0.021951553361261748,0.19884004844344308,-4.4310189326803213,-0.021951553361261748,0.22248830833071304,1.968856274072192,0.021951553361261748,-0.19884004844344308,4.4310189326803213,0.021951553361261748
hold,0,620,6.2099999999995381,0,0,1,2,2,-0.00042688258814954638,0.0019900014698655891,0.00017163298076138981,-0.012078267973830187,0.31528513554895232,0,-0.95670754654549572,1.6418057095158776,-0.044454443300514561,-0.99119682317969926,1.6396294720168489,0.058207746845061116,-0.002575720311196579,0.0018851607828770899,-0.1096519322046932,0.0011644299640125658,0.00076835857859790864,-0.12870749318176963,-0.21529596200259563,-1.9685274602819489,-0.0089897009844900864,0.21279665478043006,-4.4333523511031618,-0.0089897009844900864,0.21529596200259563,1.9685274602819489,0.0089897009844900864,-0.21279665478043006,4.4333523511031618,0.0089897009844900864
hold,0,621,6.219999999999537,0,0,1,2,2,-0.00040579102799725986,0.0021869525205431666,5.7871093837599992e-05,-0.010908634009928758,0.31528730891061924,0,-0.95688726917287992,1.6417317801314986,-0.044035942320879783,-0.99118249397270097,1.6396274050471376,0.056975036472672311,-0.029106893795355821,-0.012202265683886887,0.14104238259223106,0.0017307391259183962,-0.00081756343159603137,-0.12075120757811987,-0.18732700749936282,-1.9538485987401528,-0.0063902778249652114,0.21211571196253792,-4.4317498933352768,-0.0063902778249652114,0.18732700749936282,1.9538485987401528,0.0063902778249652114,-0.21211571196253792,4.4317498933352768,0.0063902778249652114
hold,0,622,6.2299999999995359,0,0,1,2,2,-0.00038498349167806478,0.0019993696172010285,0.00011027619777319662,0.015972107511307374,0.31529135034638928,0,-0.95704865768760283,1.6416543131888468,-0.042666350716829463,-0.99101218951025416,1.6396094909842507,0.055852441465469062,-0.0020279776717996014,-0.0027273942289430756,0.087821411953048545,0.027335505939926445,-0.0023767209304235682,-0.1076776081994099,-0.21311481550513572,-1.9627037346538827,-0.024403120255481327,0.18514850944895536,-4.4300474233333542,-0.024403120255481327,0.21311481550513572,1.9627037346538827,0.024403120255481327,-0.18514850944895536,4.4300474233333542,0.024403120255481327
hold,0,623,6.2399999999995348,0,0,1,2,2,-0.0003639236319473993,0.0021901498037451123,0.00012593290531246468,-0.0079990984755704628,0.3152935210441512,0,-0.95709428036050248,1.6416843626481499,-0.042847907402984386,-0.9908734177574714,1.6395875259432731,0.054717877054626302,-0.0059219395607165654,0.0057707081660104877,-0.085421774007583884,-0.00055333085410388082,-0.0057250917409717248,-0.062893715475114589,-0.20885587223302157,-1.9714422327232608,-0.011051491403174855,0.2119271722207236,-4.4265233321949848,-0.011051491403174855,0.20885587223302157,1.9714422327232608,0.011051491403174855,-0.2119271722207236,4.4265233321949848,0.011051491403174855
hold,0,624,6.2499999999995337,0,0,1,2,2,-0.00034162763835024479,0.0022661400798971456,8.3457238250352549e-05,-0.0017123124389257706,0.31529495604019669,0,-0.957046708546479,1.6417326427047525,-0.044126943763874979,-0.9910037831024826,1.6394500598086474,0.05553744123128148,0.0073131375245410139,0.0011517270822457874,-0.11034141002510403,-0.021670332371604185,-0.017967506844850635,0.17467310702468719,-0.22247152383046703,-1.9672094920923171,-0.01382043020096457,0.23408709649831355,-4.413181188014101,-0.01382043020096457,0.22247152383046703,1.9672094920923171,0.01382043020096457,-0.23408709649831355,4.413181188014101,0.01382043020096457
hold,0,625,6.2599999999995326,0,0,1,2,2,-0.00031913943624022056,0.0022470090923819731,0.00015259612858450596,0.012693008603816969,0.31529680611936334,0,-0.95700525752185239,1.6416926583639202,-0.044199869929743257,-0.99128867666844278,1.639241400272287,0.058421890882283826,-0.00018412274572518874,-0.0091268849251976963,0.083816997525263823,-0.033163807893625788,-0.022462774482206092,0.36350337698358814,-0.21530587175721366,-1.9566110053582151,-0.025581229274256469,0.24785972054801658,-4.4070166440858625,-0.025581229274256469,0.21530587175721366,1.9566110053582151,0.025581229274256469,-0.24785972054801658,4.4070166440858625,0.025581229274256469
hold,0,626,6.2699999999995315,0,0,1,2,2,-0.00029952534749456972,0.0017717780100740921,0.00048093623597631786,0.046250998042184209,0.31529712974854368,0,-0.95688367076459135,1.6416125459001294,-0.042899805088885669,-0.99153224590717015,1.6390197810553877,0.062797234408581121,0.024111224171369315,-0.0053782963476671566,0.12640426473662386,-0.019196099425233985,-0.021859729660115595,0.49135694816214759,-0.24057391273239648,-1.9597186942254192,-0.057093873264934258,0.23584056598944372,-4.4058467351727586,-0.057093873264934258,0.24057391273239648,1.9597186942254192,0.057093873264934258,-0.23584056598944372,4.4058467351727586,0.057093873264934258
hold,0,627,6.2799999999995304,0,0,1,2,2,-0.00028508861975953814,0.0012352532281366447,0.00092220307428107892,0.04272403073888352,0.31529071046745116,0,-0.95644481126876246,1.6416713973049184,-0.043580946312625685,-0.99177337054546799,1.6388603069198213,0.067672353788929135,0.057493518263417219,0.011787453988001044,-0.1918681059694852,-0.028093471482387316,-0.012264590898360359,0.49133409158425095,-0.27746708279107551,-1.9773552557993994,-0.069360616023540864,0.24666693515297977,-4.4141660808499825,-0.069360616023540864,0.27746708279107551,1.9773552557993994,0.069360616023540864,-0.24666693515297977,4.4141660808499825,0.069360616023540864
hold,0,628,6.2899999999995293,0,0,1,2,2,-0.00027449032984314115,0.00093870528484034724,0.0011781010234682607,0.014141771588561235,0.31527502439850552,0,-0.95599368806867857,1.6417882709656202,-0.045715659379972538,-0.99221471263580852,1.6388072743890423,0.072256311032812992,0.036362800842775253,0.01272798668009447,-0.23004492423658554,-0.052547116254700321,0.0035929854226170489,0.40089583446639737,-0.25994535097110466,-1.9792307777771072,-0.059853283369449527,0.27465131664801701,-4.4295993969247274,-0.059853283369449527,0.25994535097110466,1.9792307777771072,0.059853283369449527,-0.27465131664801701,4.4295993969247274,0.059853283369449527
hold,0,629,6.2999999999995282,0,0,1,2,2,-0.00026951155070056854,0.00020440942356447691,0.0014086840360598208,0.028994823080447148,0.31525493198764371,0,-0.95551434161254811,1.6419176025756514,-0.048120787541735717,-0.99250559267276151,1.6389809088612624,0.074713423545729879,0.056756875932771594,0.015627132313637233,-0.26725653717599479,-0.012511098747303601,0.023805618923472549,0.14935039958089522,-0.28417419771014468,-1.9831645762909,-0.074243019222154913,0.23694233943624418,-4.4512011062033441,-0.074243019222154913,0.28417419771014468,1.9831645762909,0.074243019222154913,-0.23694233943624418,4.4512011062033441,0.074243019222154913
hold,0,630,6.3099999999995271,0,0,1,2,2,-0.00026839978139701903,4.8639590619623365e-05,0.0014319625856482002,-0.015454426550196312,0.31523136285654285,0,-0.95514060094657294,1.6420953106263307,-0.051295591227977708,-0.99269659912363606,1.6392858724581445,0.074647537183084853,0.024517578424791728,0.01955681191346622,-0.35285161075786131,-0.023324218914084229,0.033887500528142239,-0.10634447320254653,-0.2549248255299662,-1.9885159202961633,-0.046312150406403969,0.24928351121002124,-4.463722696583071,-0.046312150406403969,0.2549248255299662,1.9885159202961633,0.046312150406403969,-0.24928351121002124,4.463722696583071,0.046312150406403969
hold,0,631,6.319999999999526,0,0,1,2,2,-0.00026917767606114695,-0.00016638638022309046,0.0012559170145687905,-0.019044552246671401,0.31520884378317171,0,-0.95492478595522057,1.6422643736485494,-0.05459631055055178,-0.99283188158695124,1.6395993419695942,0.072959320533729152,0.019777742522402043,0.015373094069633877,-0.31756189229525084,-0.0068906185930002915,0.029435549323973055,-0.21039748514700868,-0.25191150955839547,-1.9856847066300802,-0.035899544190738118,0.23393217059545873,-4.4617785014704996,-0.035899544190738118,0.25191150955839547,1.9856847066300802,0.035899544190738118,-0.23393217059545873,4.4617785014704996,0.035899544190738118
hold,0,632,6.3299999999995249,0,0,1,2,2,-0.00027027653844108324,-8.1615667537650967e-05,0.00097708609753885335,-0.03379448386710926,0.31519084826371724,0,-0.95486160947868193,1.6424017451692363,-0.05736856411818346,-0.99292160608356239,1.6398602299888432,0.070585429177968326,-0.0013891640234274033,0.014537103679963023,-0.26817576423757739,-0.010240412439126734,0.02394084945988564,-0.25670986626020059,-0.23125001482487517,-1.9859476884059049,-0.016067130091098319,0.2379997604144744,-4.458370905760404,-0.016067130091098319,0.23125001482487517,1.9859476884059049,0.016067130091098319,-0.2379997604144744,4.458370905760404,0.016067130091098319
hold,0,633,6.3399999999995238,0,0,1,2,2,-0.00027062779165606954,-9.2288524379130227e-06,0.00069729824001705067,-0.024106023821334997,0.31517947028738086,0,-0.95490816483272623,1.6425023905118086,-0.059251536730309626,-0.99296344088067334,1.6400420008515157,0.068258118065950113,-0.0065466471503859633,0.0069112727250368409,-0.13656881155829512,7.0321012337591811e-05,0.014510044436819945,-0.21925195095861688,-0.22572008886556222,-1.9791270201915567,-0.011517646028392345,0.22802370533989769,-4.4503942676387185,-0.011517646028392345,0.22572008886556222,1.9791270201915567,0.011517646028392345,-0.22802370533989769,4.4503942676387185,0.011517646028392345
hold,0,634,6.3499999999995227,0,0,1,2,2,-0.00026966412021721398,0.00016324040674124858,0.00049039064643359204,-0.018416386163844667,0.31517500622729089,0,-0.95504734117506973,1.6425364588787912,-0.059769325862598956,-0.99294821249466581,1.64014386698825,0.066369218744603414,-0.018627800807142186,0.00083903978725140965,0.004359264716328165,0.0027025939205946861,0.0074508729671292706,-0.17082165280698627,-0.21252552447005796,-1.973327334189632,-0.0078896649777403707,0.22526960534358029,-4.4441500252629016,-0.0078896649777403707,0.21252552447005796,1.973327334189632,0.0078896649777403707,-0.22526960534358029,4.4441500252629016,0.0078896649777403707
hold,0,635,6.3599999999995216,0,0,1,2,2,-0.00026754054116842618,0.00023775511162260995,0.00040067989253291328,-0.0026930662799448447,0.31517626068562221,0,-0.95526430361771619,1.6425015910954828,-0.058730263101328506,-0.99285555461644659,1.6401812162841209,0.064990532761550229,-0.022514422709254391,-0.0036782310536627922,0.14875437820840726,0.013811420514398876,0.0013963785238983099,-0.11772352062788896,-0.20690320302677406,-1.9685311210822507,-0.014666978943874085,0.21341951572402237,-4.4383943251866382,-0.014666978943874085,0.20690320302677406,1.9685311210822507,0.014666978943874085,-0.21341951572402237,4.4383943251866382,0.014666978943874085
hold,0,636,6.3699999999995205,0,0,1,2,2,-0.00026497154558013936,0.0002692786319945825,0.00043047916197180738,0.0067598640302338232,0.31518117898855358,0,-0.9555346588549738,1.642423514807501,-0.056397775228675485,-0.99266754219829378,1.640178510314918,0.063912242870841088,-0.030452273239845694,-0.010226260482925218,0.29065309515426108,0.022244519529444999,-0.001330284309630884,-0.10216134929466655,-0.19680251059812193,-1.9613584813491343,-0.021978896132545674,0.2034823173637538,-4.4356460145994854,-0.021978896132545674,0.19680251059812193,1.9613584813491343,0.021978896132545674,-0.2034823173637538,4.4356460145994854,0.021978896132545674
hold,0,637,6.3799999999995194,0,0,1,2,2,-0.00026292213055240099,0.00015630508076854726,0.00055301553996820255,0.015893323564828164,0.31518711692629164,0,-0.95586228189059907,1.6423141980801461,-0.052952772222882701,-0.99237224420358405,1.6401644016866088,0.06276920242809382,-0.032928915755706924,-0.0084508524562627273,0.3571039645430692,0.03444315377837668,-0.0014155492202377613,-0.12288671181445257,-0.19170488379725847,-1.9622593555569574,-0.031947346415212831,0.18892129915714428,-4.4354478806624051,-0.031947346415212831,0.19170488379725847,1.9622593555569574,0.031947346415212831,-0.18892129915714428,4.4354478806624051,0.031947346415212831
hold,0,638,6.3899999999995183,0,0,1,2,2,-0.00026233615149551248,-9.268277233270188e-06,0.00070959125901003377,0.015485293794977265,0.31519186471264476,0,-0.95622363616859318,1.6422270406065156,-0.04915989753233372,-0.99197926711013862,1.6401632706333857,0.061157321138792076,-0.037593940847542036,-0.0076314069269062899,0.38369358725104158,0.042581526291440394,0.00076199561543882025,-0.18691400644664471,-0.1841490244814705,-1.9623815412972696,-0.036955695595527277,0.1776391098965171,-4.4376163770722972,-0.036955695595527277,0.1841490244814705,1.9623815412972696,0.036955695595527277,-0.1776391098965171,4.4376163770722972,0.036955695595527277
hold,0,639,6.3999999999995172,0,0,1,2,2,-0.00026362096468343643,-0.00020862824277587388,0.00083908877925189986,0.011251754248867823,0.31519431840775941,0,-0.9566509390560789,1.642131134949858,-0.045028579541670534,-0.99151087066861132,1.6401881430937579,0.058786329704471056,-0.046768209076110373,-0.010507743153790619,0.43504106750112681,0.049775997686152498,0.0036274963295183861,-0.27105482116616908,-0.17155633315301644,-1.9587379598171244,-0.038292327287596177,0.16669746696958659,-4.4406808574693546,-0.038292327287596177,0.17155633315301644,1.9587379598171244,0.038292327287596177,-0.16669746696958659,4.4406808574693546,0.038292327287596177
hold,0,640,6.4099999999995161,0,0,1,2,2,-0.00026744472904632888,-0.0005171494567436164,0.00093408094780968924,0.0082672232782056189,0.31519408157596951,0,-0.95708143786345945,1.6420835242302421,-0.041283821342160409,-0.99095741620786537,1.6402429467978221,0.055545144107713537,-0.033010556135982354,0.003418638566139972,0.26273230605827974,0.059203100821595779,0.0067806923256007829,-0.36070810978679185,-0.18186999563410003,-1.9722834557801276,-0.038437733816361119,0.15284272814817573,-4.4442724830979499,-0.038437733816361119,0.18186999563410003,1.9722834557801276,0.038437733816361119,-0.15284272814817573,4.4442724830979499,0.038437733816361119
hold,0,641,6.419999999999515,0,0,1,2,2,-0.00027263817062254947,-0.00051605420073031437,0.00086156444746522762,-0.017580772158489265,0.31519108631907644,0,-0.95735974994990602,1.6421878632574183,-0.040325078475671079,-0.99056590971565373,1.6402765430559176,0.052457268336153523,-0.023975907824640576,0.013546677639379895,-0.01022360515912174,0.021761139676523891,0.00019076328375384165,-0.24333974060480823,-0.18867814725386922,-1.9832462070707775,-0.019289251522062845,0.18715263735555443,-4.437951324120867,-0.019289251522062845,0.18867814725386922,1.9832462070707775,0.019289251522062845,-0.18715263735555443,4.437951324120867,0.019289251522062845
hold,0,642,6.4299999999995139,0,0,1,2,2,-0.00027794863772026557,-0.00054418004763352778,0.00069311269767065471,-0.016357753517381935,0.31518908176242616,0,-0.95745214288868197,1.6423165255200529,-0.041311440207305539,-0.99049223481240889,1.6402217659650273,0.051304239604661073,0.00067018896979803653,0.011879025020214127,-0.15576475172351309,-0.0020727988132912102,-0.0085510012834727409,-0.034819816041164756,-0.21258510053810029,-1.9826078525526887,-0.013233536627305979,0.21039717661941088,-4.4287713428265185,-0.013233536627305979,0.21258510053810029,1.9826078525526887,0.013233536627305979,-0.21039717661941088,4.4287713428265185,0.013233536627305979
hold,0,643,6.4399999999995128,0,0,1,2,2,-0.00028292171150298695,-0.00046695661635548524,0.00053520286349130258,-0.015409521331738882,0.31518985777923791,0,-0.95734456136778956,1.6424152785408084,-0.043410215222820521,-0.99066483612272171,1.6401025577736572,0.052144669324861913,0.017495480279670423,0.008378136275013711,-0.24537439617980553,-0.027180306866397174,-0.013935569878056423,0.16064651450293305,-0.23027104401511195,-1.979896987973532,-0.0080082438467218679,0.23688549515501944,-4.4224331087009734,-0.0080082438467218679,0.23027104401511195,1.979896987973532,0.0080082438467218679,-0.23688549515501944,4.4224331087009734,0.0080082438467218679
hold,0,644,6.4499999999995117,0,0,1,2,2,-0.00028699375378926639,-0.00035299519544581442,0.00043950994111967816,-0.0056262823994834349,0.31519329692654285,0,-0.95717614562309228,1.6424345806537228,-0.045128480378442963,-0.99103522581133641,1.6399313726229008,0.05490861524065932,0.0105774983896194,-0.0053469421460963559,-0.069577378944897877,-0.043482273203990195,-0.0193047586786174,0.35292888319430055,-0.22470038808263915,-1.9663263264557376,-0.01101037245035138,0.25615057900152999,-4.4156944386943611,-0.01101037245035138,0.22470038808263915,1.9663263264557376,0.01101037245035138,-0.25615057900152999,4.4156944386943611,0.01101037245035138
hold,0,645,6.4599999999995106,0,0,1,2,2,-0.00029181666949298912,-0.0005617119079472121,0.00058266650005201241,0.027626756584279981,0.31519910881487989,0,-0.95704009391730305,1.6423110488733847,-0.044388353757950812,-0.99141136556360254,1.6397136529942347,0.059462021963258095,0.01497963217136891,-0.016068310179128683,0.16899870488335406,-0.034354966503466207,-0.023451528193843871,0.5282464457990621,-0.23019093551070252,-1.9546167041800007,-0.036427171978417335,0.25003239031913504,-4.4098059121498059,-0.036427171978417335,0.23019093551070252,1.9546167041800007,0.036427171978417335,-0.25003239031913504,4.4098059121498059,0.036427171978417335
hold,0,646,6.4699999999995095,0,0,1,2,2,-0.0003003974395645731,-0.001061005493008696,0.00098394483298498334,0.048428690365287304,0.31520268678202551,0,-0.95677140198435096,1.6422119201280438,-0.042953631143709967,-0.99170888720441397,1.6395003392275709,0.065183122206242075,0.042218768717344549,-0.0019779673827414264,0.058786457435912765,-0.02753489619855776,-0.020152580089524742,0.60845765031004895,-0.25957960752029491,-1.9679140170136606,-0.062572332882238235,0.24559249314071804,-4.4113983501208152,-0.062572332882238235,0.25957960752029491,1.9679140170136606,0.062572332882238235,-0.24559249314071804,4.4113983501208152,0.062572332882238235
hold,0,647,6.4799999999995084,0,0,1,2,2,-0.00031388931156479949,-0.0015217684669307787,0.0013926131926511587,0.035869203808716915,0.31519869200184158,0,-0.95620109254443275,1.6422816408091938,-0.044213413003798774,-0.9920704086739891,1.6393463801135832,0.071175768653028479,0.062636018910571106,0.0096293873221884943,-0.20363733333828538,-0.042720667742369468,-0.01262868399866705,0.60099138889990222,-0.28455933323286708,-1.9800791371677902,-0.068203570466925711,0.26367043644113081,-4.4176905732997716,-0.068203570466925711,0.28455933323286708,1.9800791371677902,0.068203570466925711,-0.26367043644113081,4.4176905732997716,0.068203570466925711
hold,0,648,6.4899999999995073,0,0,1,2,2,-0.00033157475301481831,-0.0019368248974097934,0.0016355205210684797,0.016548868244450378,0.31518665574979376,0,-0.95565154364191029,1.6423768078496748,-0.046409182362172015,-0.99251414777241631,1.6393729327045865,0.07587062047748519,0.049453131919788507,0.010367185444387843,-0.23228168828137941,-0.041479590114325476,0.014592705119025119,0.34719590704289205,-0.27577283746226411,-1.9815782716138373,-0.063272408784756914,0.2659792716005045,-4.4451243831454894,-0.063272408784756914,0.27577283746226411,1.9815782716138373,0.063272408784756914,-0.2659792716005045,4.4451243831454894,0.063272408784756914
hold,0,649,6.4999999999995062,0,0,1,2,2,-0.00035362328570071044,-0.0023831061807655604,0.0017498927150170771,0.0080256837695208867,0.31517076384191428,0,-0.95517283946660325,1.6424922728169062,-0.048944928181822236,-0.99280406866534587,1.639591527567946,0.077903934724456614,0.047624020213313981,0.013374867149759899,-0.27820916677231694,-0.020353579714051988,0.025112346801068119,0.11303645048273916,-0.27777335915824597,-1.9855096730570612,-0.059876020405091657,0.24717262834366752,-4.4573927837344085,-0.059876020405091657,0.27777335915824597,1.9855096730570612,0.059876020405091657,-0.24717262834366752,4.4573927837344085,0.059876020405091657
hold,0,650,6.5099999999995051,0,0,1,2,2,-0.00037814108165648563,-0.002499019237176867,0.00166210913947494,-0.019983348079269048,0.31515394629816745,0,-0.95481679222165372,1.6426473489315216,-0.05208190052763411,-0.99301736345982139,1.6398569324875036,0.077982586879135424,0.027668282799062006,0.016952046924023925,-0.33806928487106813,-0.022021053576982239,0.026998106600961524,-0.05961478333734431,-0.26066599970359022,-1.9903274617482483,-0.038056106727034161,0.25054646056240187,-4.4614017828907633,-0.038056106727034161,0.26066599970359022,1.9903274617482483,0.038056106727034161,-0.25054646056240187,4.4614017828907633,0.038056106727034161
hold,0,651,6.519999999999504,0,0,1,2,2,-0.00040321840424932531,-0.0025155886938744189,0.0014175844004705826,-0.027428788514471687,0.31514003297063703,0,-0.95459361953887989,1.6427968371601966,-0.055283227419950801,-0.9932027010342388,1.640089210643809,0.077063577175834411,0.018432228758053729,0.012660098733121839,-0.30190919958689705,-0.01621351477860607,0.020703153030832949,-0.11356996087691563,-0.25321532712477257,-1.9872314193867462,-0.023543730033986316,0.24622162235936501,-4.4569650545710768,-0.023543730033986316,0.25321532712477257,1.9872314193867462,0.023543730033986316,-0.24622162235936501,4.4569650545710768,0.023543730033986316
hold,0,652,6.5299999999995029,0,0,1,2,2,-0.00042734823385601195,-0.0023509059291879839,0.0011210726131696386,-0.031140940513650704,0.31513182707602977,0,-0.95450135018000615,1.6428886806509715,-0.05768352092111341,-0.99337040010906663,1.6402485363688257,0.076035600962978053,0.0040664655249912866,0.0075718090506788488,-0.20900269893225254,-0.017090089081702339,0.012906012172672329,-0.096875259311794609,-0.2395877187627001,-1.9828778776305021,-0.010339618700245235,0.24843978926108393,-4.450442519513051,-0.010339618700245235,0.2395877187627001,1.9828778776305021,0.010339618700245235,-0.24843978926108393,4.450442519513051,0.010339618700245235
hold,0,653,6.5399999999995018,0,0,1,2,2,-0.00044979135521164282,-0.0021764333836749722,0.00088183436143646644,-0.01911229994973028,0.31513044982423261,0,-0.95451974528890204,1.6428904308496668,-0.058586468402968245,-0.99350130158251448,1.6403227307979811,0.075502812662205585,-0.0060619293810224191,-0.0041248224178317399,-0.012749795810882834,-0.010327168201154825,0.0039267556330449989,-0.025820438079496605,-0.22931216298551921,-1.971195247751554,-0.0093682363967146371,0.24272408016811925,-4.442056818406666,-0.0093682363967146371,0.22931216298551921,1.971195247751554,0.0093682363967146371,-0.24272408016811925,4.442056818406666,0.0093682363967146371
hold,0,654,6.5499999999995007,0,0,1,2,2,-0.00047086854739611383,-0.0020624552598148154,0.00078899129523756905,-0.0027296050140676606,0.31513489601099121,0,-0.9546283226845852,1.6428073561573111,-0.057591178340728202,-0.99354877369213801,1.640324062502148,0.075663359557638421,-0.014254970510990544,-0.010888622602639373,0.17458494286781276,-0.00096809189699148903,-0.002292592457290959,0.043046784691126529,-0.22025050269008589,-1.9637668500279006,-0.016588324781325187,0.2337447807409441,-4.4358481239496657,-0.016588324781325187,0.22025050269008589,1.9637668500279006,0.016588324781325187,-0.2337447807409441,4.4358481239496657,0.016588324781325187
hold,0,655,6.5599999999994996,0,0,1,2,2,-0.00049160175980533793,-0.0020789129887024858,0.00085800877636676759,0.013325604112264855,0.31514232947277421,0,-0.95479700992637206,1.6426797531520729,-0.054979684995033369,-0.99348466321837059,1.640283970506907,0.076295191082471098,-0.018831003192183244,-0.014020048716989301,0.32048256817338588,0.011311684156099453,-0.0051149361490455117,0.076627944759165872,-0.21432497207459822,-1.9596145998716454,-0.029270978428248079,0.22095212089771379,-4.4327050442959832,-0.029270978428248079,0.21432497207459822,1.9596145998716454,0.029270978428248079,-0.22095212089771379,4.4327050442959832,0.029270978428248079
hold,0,656,6.5699999999994985,0,0,1,2,2,-0.00051325504914445652,-0.002220149414445898,0.0010443538574776447,0.022175124335224561,0.3151495869147819,0,-0.95500968560856014,1.6425410037761641,-0.051278685912150394,-0.99330406611880129,1.6402384612042864,0.076936150574207676,-0.023158865122188323,-0.013887169118456433,0.4057439109938854,0.022462398590090901,-0.0041822643467687133,0.056579380081131281,-0.20829570468708852,-1.9586374844629075,-0.041354136226919774,0.20835662966716795,-4.4332736416772951,-0.041354136226919774,0.20829570468708852,1.9586374844629075,0.041354136226919774,-0.20835662966716795,4.4332736416772951,0.041354136226919774
hold,0,657,6.5799999999994974,0,0,1,2,2,-0.00053700202730334878,-0.0024750689638247648,0.0012778226909273627,0.024126740751223209,0.3151540894673025,0,-0.9552641914261033,1.6424157132080179,-0.04703855833659977,-0.99301862231649896,1.6402180641571174,0.077099054486470767,-0.027292012947882225,-0.011747697830670305,0.43916051472849205,0.032471840648607857,-0.00063613979515156805,-0.0094337876310272017,-0.20212651032104934,-1.9597746312055244,-0.050316872281740754,0.19606363719023231,-4.4366565898515598,-0.050316872281740754,0.20212651032104934,1.9597746312055244,0.050316872281740754,-0.19606363719023231,4.4366565898515598,0.050316872281740754
hold,0,658,6.5899999999994963,0,0,1,2,2,-0.00056388320197792163,-0.00284187830429575,0.0014923177065121797,0.019618649808060187,0.31515431861561261,0,-0.95549659973382561,1.6423770084118741,-0.043427575779884396,-0.9926474832248684,1.6402421570352739,0.076425017469567119,-0.013926426715293184,0.0037545936614724494,0.25352528534706537,0.040082923858578499,0.0044683404618263752,-0.10520709378594847,-0.2136328300918599,-1.9749672843285162,-0.053831211245704488,0.18548344124721722,-4.4419538131337895,-0.053831211245704488,0.2136328300918599,1.9749672843285162,0.053831211245704488,-0.18548344124721722,4.4419538131337895,0.053831211245704488
hold,0,659,6.5999999999994952,0,0,1,2,2,-0.00059336167780245364,-0.0030194817816050082,0.0015341482838032467,-0.0061132704271860327,0.31514999499200702,0,-0.95553779681877282,1.6424962040344282,-0.042898137686644452,-0.99232031495802697,1.6403164173571518,0.074761676278404576,0.0027912447956266093,0.015714694724773538,-0.07491880757288541,0.027797746577121328,0.0093762032840838585,-0.2068373309525384,-0.23002092492320203,-1.9878809503722503,-0.038206950664871862,0.19515127239394298,-4.4474557585310714,-0.038206950664871862,0.23002092492320203,1.9878809503722503,0.038206950664871862,-0.19515127239394298,4.4474557585310714,0.038206950664871862
hold,0,660,6.6099999999994941,0,0,1,2,2,-0.00062251266993151866,-0.0028501599578541199,0.0012856276854242127,-0.037350656743903581,0.31514382844953542,0,-0.95550818892210254,1.6426621756682593,-0.044905019498541379,-0.99219900677132866,1.6404129638165981,0.072512399850258952,0.0031348022775879707,0.01658554625170585,-0.28213549569178825,0.0018356432688874432,0.0098847389771716393,-0.23832107356157339,-0.23060134557852563,-1.9900795749698319,-0.0095784724776561032,0.22014291020859039,-4.4487366658997285,-0.0095784724776561032,0.23060134557852563,1.9900795749698319,0.0095784724776561032,-0.22014291020859039,4.4487366658997285,0.0095784724776561032
hold,0,661,6.619999999999493,0,0,1,2,2,-0.00064875768971001113,-0.0024704867068364119,0.00087356775682910276,-0.043748871239908962,0.31514139264942254,0,-0.95558832836988616,1.6427293240459648,-0.046768484269310226,-0.99227309114584816,1.6404731877585457,0.070644798470955353,-0.020801735473507822,-0.00095958220403501897,-0.08205886209288514,-0.013266339060887637,0.0035233581758365913,-0.15512654921637009,-0.20602369224516087,-1.973071633535735,0.0086911926493604373,0.23583756753452148,-4.4428570766339748,0.0086911926493604373,0.20602369224516087,1.973071633535735,-0.0086911926493604373,-0.23583756753452148,4.4428570766339748,-0.0086911926493604373
hold,0,662,6.6299999999994919,0,0,1,2,2,-0.00067248003014333535,-0.0023090596556515687,0.00063246335305449449,-0.011014543512114162,0.31514690927418876,0,-0.95583575771255846,1.6426178527225503,-0.045592793615687389,-0.99231344130937038,1.6404533970037525,0.069977899471689295,-0.02791068827206027,-0.01720275142079333,0.24980613226568638,0.0024075809044485476,-0.0055521509538580347,-0.010409343252973092,-0.19693530470523002,-1.9559366937316607,-0.0032245382518084134,0.22048644887736302,-4.4336232414659342,-0.0032245382518084134,0.19693530470523002,1.9559366937316607,0.0032245382518084134,-0.22048644887736302,4.4336232414659342,0.0032245382518084134
hold,0,663,6.6399999999994908,0,0,1,2,2,-0.00069580354836518143,-0.0023578398293820414,0.00067803785844347422,0.014906506980046062,0.31515746075784684,0,-0.95601423128185259,1.6425054324291422,-0.04308595550358435,-0.99220004563357111,1.6403798073336349,0.070355116990827166,-0.0053671342871250693,-0.005349245424781459,0.20384959024636312,0.017397255375981229,-0.0085258119059368649,0.069027192500586088,-0.21805107013581221,-1.966890837380407,-0.021005733066958843,0.20458960899943623,-4.4300608631529146,-0.021005733066958843,0.21805107013581221,1.966890837380407,0.021005733066958843,-0.20458960899943623,4.4300608631529146,0.021005733066958843
hold,0,664,6.6499999999994897,0,0,1,2,2,-0.00071871440542534137,-0.0022447069927351631,0.0007665403269253593,0.0048145796434730069,0.31516763427519212,0,-0.95601661969738472,1.6425056839630843,-0.042064344661580003,-0.99209403477024616,1.6403051426069895,0.07103397402217454,0.0035698484889059518,0.0024050999334516692,0.038146072922188662,0.0060453189856617857,-0.0068186916554400382,0.067827661329962971,-0.22696894558758621,-1.9746471950101772,-0.018709210975396899,0.21509345848315603,-4.4311706655902476,-0.018709210975396899,0.22696894558758621,1.9746471950101772,0.018709210975396899,-0.21509345848315603,4.4311706655902476,0.018709210975396899
hold,0,665,6.6599999999994886,0,0,1,2,2,-0.00074029822796571609,-0.0021002530326518169,0.00076403115043583759,-0.0036263355145036463,0.31517680956437055,0,-0.95592096531823234,1.6425359826676273,-0.042453494526200786,-0.99209220566890588,1.6402369602515985,0.071757858457932436,0.013606279314350841,0.0030159465742731952,-0.08838379296511846,-0.0037682376485957845,-0.006834919896957687,0.075839403674529168,-0.23777061144625011,-1.9755004312873432,-0.014035487928734608,0.22489238230669134,-4.4306089785056031,-0.014035487928734608,0.23777061144625011,1.9755004312873432,0.014035487928734608,-0.22489238230669134,4.4306089785056031,0.014035487928734608
hold,0,666,6.6699999999994874,0,0,1,2,2,-0.00075982779585134774,-0.0018547923129474757,0.00067314933144509734,-0.012726199084095415,0.31518608604853604,0,-0.95575671522021033,1.6425566870862163,-0.043855017377660122,-0.99220781833316396,1.640163484602069,0.07267974110874556,0.018276537903111297,0.0013189873558961235,-0.17390989105888155,-0.016792803484451592,-0.0076894042513058567,0.10329097853690501,-0.24375487081918665,-1.9739691074176775,-0.0060241495501184711,0.2388418494566118,-4.4291666889550179,-0.0060241495501184711,0.24375487081918665,1.9739691074176775,0.0060241495501184711,-0.2388418494566118,4.4291666889550179,0.0060241495501184711
hold,0,667,6.6799999999994863,0,0,1,2,2,-0.00077665439568795624,-0.0015678078159137448,0.00053937085732054882,-0.013806591411949096,0.31519647789106092,0,-0.9555370147638369,1.6425516275069105,-0.0458250587756786,-0.99243051826545958,1.6400718732233024,0.074070815049267422,0.024437277477270369,-0.0017224789705228192,-0.21252552485854742,-0.025948809041485416,-0.010135001575782751,0.16302826111397226,-0.25167321404433318,-1.9708871644568127,-0.0016067589675901987,0.24977945447201061,-4.4259882006004085,-0.0016067589675901987,0.25167321404433318,1.9708871644568127,0.0016067589675901987,-0.24977945447201061,4.4259882006004085,0.0016067589675901987
hold,0,668,6.6899999999994852,0,0,1,2,2,-0.00078988890626326136,-0.0011593646580721421,0.00041515701708924607,-0.011489094224586674,0.31520870387981903,0,-0.95548575382629419,1.6424168903860648,-0.046033364377449613,-0.99273998768338023,1.6399522932116271,0.07615710751368307,-0.0088059651665213286,-0.01953391093354399,0.10424473511609764,-0.034338339972587527,-0.013176505693268982,0.23936152756276027,-0.21884005890088312,-1.9519978355270253,-0.00039284043768490588,0.26064474074647792,-4.4219900563895198,-0.00039284043768490588,0.21884005890088312,1.9519978355270253,0.00039284043768490588,-0.26064474074647792,4.4219900563895198,0.00039284043768490588
hold,0,669,6.6999999999994841,0,0,1,2,2,-0.0008024323040430742,-0.0013300369106980501,0.00056205877525155646,0.032099335467292649,0.31522326099649739,0,-0.95544816265565902,1.6422239269170564,-0.04416032894257458,-0.99288440163014968,1.639798969191111,0.079020424035159173,0.019527470142818075,-0.014122339865861424,0.1684362242361169,-0.0013334549764985916,-0.01672915401014018,0.31841681158250051,-0.24747422357530394,-1.9558656988426413,-0.032654103832236839,0.22879516732454458,-4.4172108159085202,-0.032654103832236839,0.24747422357530394,1.9558656988426413,0.032654103832236839,-0.22879516732454458,4.4172108159085202,0.032654103832236839
hold,0,670,6.709999999999483,0,0,1,2,2,-0.00081547352708322141,-0.0012811259075233747,0.00079040512489772323,0.016665981816667796,0.31523429404369047,0,-0.95522178607312491,1.642169491687981,-0.043715424784421426,-0.99296721597236892,1.6396697514399357,0.081876449265530962,0.025105588166730673,-0.00092899958159663653,-0.03385298700555664,-0.013216765656544512,-0.010501306386100868,0.26666894505780303,-0.25486335425948936,-1.9686235572943025,-0.032189869179395598,0.24134099274234441,-4.4224049215231567,-0.032189869179395598,0.25486335425948936,1.9686235572943025,0.032189869179395598,-0.24134099274234441,4.4224049215231567,0.032189869179395598
hold,0,671,6.7199999999994819,0,0,1,2,2,-0.00082882669976484802,-0.0013604602893185552,0.00089210457029570162,0.0058690578854834162,0.31523980150498654,0,-0.95489768133253794,1.64219124687685,-0.045089147042436772,-0.99258159340652896,1.639490193617295,0.080951572916261275,0.037324740381665687,0.0037409553772653711,-0.20407279749045734,0.05574440900122498,-0.015162941076046182,-0.24621727507464683,-0.26967534439912016,-1.9734675537641169,-0.028928137753820013,0.16929483755785524,-4.4163068242520858,-0.028928137753820013,0.26967534439912016,1.9734675537641169,0.028928137753820013,-0.16929483755785524,4.4163068242520858,0.028928137753820013
hold,0,672,6.7299999999994808,0,0,1,2,2,-0.0008352946387692739,-0.00015987083707309476,0.00039610774496528643,-0.086529706471845685,0.3152362523935115,0,-0.95507660267015004,1.642241954801599,-0.047186251869888791,-0.99273225331133874,1.6395000077327149,0.078819077331559115,-0.062062376118856108,0.0034008884947508058,-0.15157798704115674,-0.060601631043048818,0.0094616094104609458,-0.19326317768152659,-0.16885685719770155,-1.9735331502795936,0.042181630492919654,0.28684615684060732,-4.4410098876619521,0.042181630492919654,0.16885685719770155,1.9735331502795936,-0.042181630492919654,-0.28684615684060732,4.4410098876619521,-0.042181630492919654
hold,0,673,6.7399999999994797,0,0,1,2,2,-0.00083902974401804664,-0.00052401634892967669,0.00024006067993138035,0.031662266456536352,0.31524090963156209,0,-0.95531271365767456,1.6421049323341266,-0.045820571583721582,-0.99286693100778545,1.6394979783053814,0.078827920433003046,0.0032848526389208585,-0.020250016185643847,0.29394776506256515,0.01897243177185344,-0.0073493261362670243,0.12537251095094071,-0.23231519805528236,-1.94878606585942,-0.024036495489239841,0.20834951559727866,-4.4241827166965564,-0.024036495489239841,0.23231519805528236,1.94878606585942,0.024036495489239841,-0.20834951559727866,4.4241827166965564,0.024036495489239841
hold,0,674,6.7499999999994786,0,0,1,2,2,-0.00084268781258996228,-0.00026714134659647877,0.00043752686835866469,0.011772322942719678,0.31525009348638633,0,-0.9553951359488202,1.6419891463267886,-0.043374554685187451,-0.99283766761658954,1.6394602550331108,0.080162687796725043,-0.010549395258806753,-0.0037096344037492305,0.16683397934593033,-0.0075928599835953254,-0.0018132187215751728,0.14013843907419474,-0.21782157182838968,-1.9644001595826108,-0.020730939032135375,0.23468070022316015,-4.4294170379330833,-0.020730939032135375,0.21782157182838968,1.9644001595826108,0.020730939032135375,-0.23468070022316015,4.4294170379330833,0.020730939032135375
hold,0,675,6.7599999999994775,0,0,1,2,2,-0.00084657840130071549,-0.00046657613462471937,0.00066853834828943396,0.030656539999279583,0.31525697451183676,0,-0.95526874347774759,1.641988519852986,-0.042685192366345166,-0.99281453487280436,1.6394303375542023,0.081704331237193561,0.02838980447071637,0.0013504790675496928,0.007019236460355599,0.0088858839590987507,-0.0039095068683334087,0.16437950205877816,-0.25777191132649357,-1.9694552612634888,-0.040625106568068614,0.21801689433018462,-4.4270814099550577,-0.040625106568068614,0.25777191132649357,1.9694552612634888,0.040625106568068614,-0.21801689433018462,4.4270814099550577,0.040625106568068614
hold,0,676,6.7699999999994764,0,0,1,2,2,-0.00085045730302903133,-0.00031510691157762372,0.00075933593203451476,-0.0052463493319400605,0.31526010760416612,0,-0.9550295965421669,1.6420388777591546,-0.043891103129633298,-0.99255029096893876,1.6393659804783685,0.080840410046808697,0.020876492649558074,0.007029850155875283,-0.20270224840911136,0.014815049452909427,-0.00063121693394606153,-0.12701239089817323,-0.25217177498998083,-1.9755374956011631,-0.022436802329341567,0.20997377760544922,-4.4298448432827744,-0.022436802329341567,0.25217177498998083,1.9755374956011631,0.022436802329341567,-0.20997377760544922,4.4298448432827744,0.022436802329341567
hold,0,677,6.7799999999994753,0,0,1,2,2,-0.00085037176944362247,0.0002261349011090704,0.00048439477644721623,-0.042311049511607315,0.31525857747196623,0,-0.95495836267402989,1.6421171786853122,-0.046513954589630459,-0.99270402919812029,1.6394059645442398,0.079903505426962021,-0.0053106061182213336,0.0085587541614311462,-0.28067767641339286,-0.034781803134892181,0.0062102955076602353,-0.072904177702442396,-0.2265545471672975,-1.9776928070159796,0.0087494731400518042,0.260800536026703,-4.4370062282513514,0.0087494731400518042,0.2265545471672975,1.9776928070159796,-0.0087494731400518042,-0.260800536026703,4.4370062282513514,-0.0087494731400518042
hold,0,678,6.7899999999994742,0,0,1,2,2,-0.00084714400477392537,0.00038590761856163676,0.00028455048543077349,-0.0050946892415584541,0.31526158675183219,0,-0.95500857743149226,1.6420528277730058,-0.047174274347462519,-0.99295246299930473,1.6394130859446157,0.080196829827949775,-0.0058131415463071393,-0.014711786402107283,0.073734456972945367,-0.01778536506714317,-0.003196864286691809,0.095120236916994949,-0.22565029367951281,-1.95390745915399,-0.0076880937250281807,0.24579156836842955,-4.4276560396600058,-0.0076880937250281807,0.22565029367951281,1.95390745915399,0.0076880937250281807,-0.24579156836842955,4.4276560396600058,0.0076880937250281807
hold,0,679,6.7999999999994731,0,0,1,2,2,-0.00084297639623896747,0.00044055104892751955,0.0003714509424466723,0.017887230554590239,0.31526920032742495,0,-0.95512801512107537,1.6418610802491358,-0.04495372043468087,-0.99306269212035814,1.6393639022883679,0.081646381615041314,-0.016531906823647333,-0.021624491938362453,0.32166368811625667,-0.0064174698749878134,-0.0061983061458661514,0.17817478297350187,-0.21397602688550771,-1.9454607734267753,-0.025907185264956542,0.23530550614470144,-4.4242611285508495,-0.025907185264956542,0.21397602688550771,1.9454607734267753,0.025907185264956542,-0.23530550614470144,4.4242611285508495,0.025907185264956542
hold,0,680,6.809999999999472,0,0,1,2,2,-0.00084111952311456684,3.9911799312853215e-05,0.00068589369316356206,0.040545706986653801,0.31527524706302978,0,-0.95505867032514158,1.6417822685320012,-0.043074880404961761,-0.99264760287855625,1.6392606486416237,0.081290459164123113,0.023650366555738017,-0.0012776552826052803,0.10504092326462465,0.0505596908187027,-0.0059177068907669472,-0.053023696808137177,-0.25471305863236338,-1.9651771163454552,-0.05037085900258198,0.17500763151659579,-4.4237156986319954,-0.05037085900258198,0.25471305863236338,1.9651771163454552,0.05037085900258198,-0.17500763151659579,4.4237156986319954,0.05037085900258198
hold,0,681,6.8199999999994709,0,0,1,2,2,-0.00083755021200317137,0.00056927776929211458,0.00064668239596648756,-0.033564808735551399,0.31527225159919525,0,-0.95507816160379666,1.6418634543122526,-0.043684292439991369,-0.99259107098987687,1.6393059938625185,0.080360861898843713,-0.018822113779697065,0.013314600013081419,-0.16707337124887081,-0.02373149640196693,0.010533195387310783,-0.11891504188006508,-0.21208464806768765,-1.9804188578831532,-0.005114318292917485,0.24884656362783039,-4.4405293626772311,-0.005114318292917485,0.21208464806768765,1.9804188578831532,0.005114318292917485,-0.24884656362783039,4.4405293626772311,0.005114318292917485
hold,0,682,6.8299999999994698,0,0,1,2,2,-0.00083292337851917364,0.00039002057559326742,0.0005424489333176628,0.0050048969827261409,0.31526946399893008,0,-0.95496246413935859,1.641959836762267,-0.045682339111676649,-0.99267324190722706,1.6393663744227327,0.079875243159243089,0.031965021286835829,0.0068879502536811433,-0.22156360484656848,0.00252339065480966,0.0028022599082107159,-0.0038704592280786043,-0.2637973628497251,-1.9747632677238682,-0.02429867052493416,0.22324904390985531,-4.4332814716798445,-0.02429867052493416,0.2637973628497251,1.9747632677238682,0.02429867052493416,-0.22324904390985531,4.4332814716798445,0.02429867052493416
hold,0,683,6.8399999999994687,0,0,1,2,2,-0.00082570780810498068,0.00094153924897057172,0.00038038325107972058,-0.03034597103675523,0.31526874573126712,0,-0.95497813139123344,1.6419497497764641,-0.046690543016298242,-0.99288884316063619,1.6394006896047375,0.07997839473599043,-0.024784848942548635,-0.0046954677168682055,-0.022942249063315309,-0.037503136883163507,0.0037390132740980605,0.019654583928486215,-0.2069221546053418,-1.963099153866896,0.001271887907929023,0.26500038147510158,-4.4344927465017703,0.001271887907929023,0.2069221546053418,1.963099153866896,-0.001271887907929023,-0.26500038147510158,4.4344927465017703,-0.001271887907929023
hold,0,684,6.8499999999994676,0,0,1,2,2,-0.00081798766270743672,0.0006576421244643872,0.00043285473203075409,0.028971279470899426,0.31527208707415688,0,-0.95506495149686788,1.6418338416233418,-0.045340797559215107,-0.99298686168498096,1.6393809808924296,0.080917805984418098,0.0028001928825610277,-0.014465866306371675,0.22609987327102568,0.0087573422108925755,-0.005715781443771775,0.14221762879085229,-0.23381263558537602,-1.9524014900524138,-0.036592680787217072,0.21952405057580363,-4.4248802820854376,-0.036592680787217072,0.23381263558537602,1.9524014900524138,0.036592680787217072,-0.21952405057580363,4.4248802820854376,0.036592680787217072
hold,0,685,6.8599999999994665,0,0,1,2,2,-0.00081191082954261418,0.00056422636692595981,0.00065376398004799905,0.017462505636409179,0.31527474611578221,0,-0.95497020171008418,1.6418109165114325,-0.044574864975491076,-0.9929054022263466,1.6393432609118519,0.081833004437382187,0.014670030328251251,0.0038511048508035818,-0.017266539183478188,0.022014827125004185,-0.0063360393389182892,-0.02216928762659244,-0.24644047132533581,-1.970535060314315,-0.03757021285039816,0.20561488999261715,-4.4239582643456696,-0.03757021285039816,0.24644047132533581,1.970535060314315,0.03757021285039816,-0.20561488999261715,4.4239582643456696,0.03757021285039816
hold,0,686,6.8699999999994654,0,0,1,2,2,-0.00080480746884115106,0.00081983704825871941,0.00060849188494265774,-0.019148830624533097,0.31527062477795365,0,-0.95489921187297488,1.641904665983992,-0.045942104478319999,-0.99285083770086513,1.6393596665976267,0.080924997532468262,-0.00097985839185816409,0.012501768096500243,-0.19253568528450662,-0.01062923437824481,0.0057879578446415544,-0.0971751486978083,-0.23135850130210076,-1.9799357193404874,-0.014172817419969291,0.23782243529201438,-4.4362135070154274,-0.014172817419969291,0.23135850130210076,1.9799357193404874,0.014172817419969291,-0.23782243529201438,4.4362135070154274,0.014172817419969291
hold,0,687,6.8799999999994643,0,0,1,2,2,-0.00079581383133921213,0.0009442964749613121,0.00047504858609509205,-0.0094943469925117714,0.3152665648658895,0,-0.95497762494934424,1.641925837476145,-0.046528342060952188,-0.99296208660988161,1.6394025655016669,0.0804322280539842,-0.011693495718809978,-0.00028630906961445222,0.0027076325494401572,-0.011112537019406923,0.0030374995433991529,-0.019009703292989098,-0.22001755936419409,-1.9673170141115965,-0.015699576768375849,0.23919572920530835,-4.4338062399465068,-0.015699576768375849,0.22001755936419409,1.9673170141115965,0.015699576768375849,-0.23919572920530835,4.4338062399465068,0.015699576768375849
hold,0,688,6.8899999999994632,0,0,1,2,2,-0.00078673825198782854,0.00088384888501737223,0.00050984923495540511,0.012131489500746648,0.3152661866584508,0,-0.95510428855823659,1.6418506403523532,-0.045251745216568121,-0.99298927235311263,1.6394146808878807,0.080608916575800299,-0.013980452475715438,-0.011423912106159744,0.21057799459372442,0.0030392399247787822,-0.00012032805066398695,0.041421400273008689,-0.21671729373614981,-1.955577834084717,-0.030381108131433684,0.22526143820697078,-4.430745335442154,-0.030381108131433684,0.21671729373614981,1.955577834084717,0.030381108131433684,-0.22526143820697078,4.430745335442154,0.030381108131433684
hold,0,689,6.8999999999994621,0,0,1,2,2,-0.00077945059370791714,0.00062856039760100161,0.00069406707986769084,0.022618082520348349,0.31526566283241891,0,-0.95505642487856102,1.6418464609598518,-0.044519054850004999,-0.99289485285978429,1.6394238980367544,0.080975771903852606,0.018152307609878439,0.0047925704863991739,-0.012694794407326945,0.013709432627387788,0.0015315898209905953,0.034055669708300429,-0.24923296325914829,-1.9717608815372645,-0.042861625561300687,0.21383588955773508,-4.4324709905047976,-0.042861625561300687,0.24923296325914829,1.9717608815372645,0.042861625561300687,-0.21383588955773508,4.4324709905047976,0.042861625561300687
hold,0,690,6.909999999999461,0,0,1,2,2,-0.00077247726351904744,0.00075325021977011434,0.00072995093994894988,-0.0090692964860436265,0.31526107620253646,0,-0.95490105967514849,1.6419392478513897,-0.045919675309420718,-0.9929101034330865,1.6394667224055708,0.080963444742107038,0.0093627041652201547,0.0092278609848594154,-0.1798095405584737,-0.011740166732529367,0.0060308150752527503,-0.023759092429444399,-0.24168628144179022,-1.9769384671680281,-0.025041464863127458,0.2394074935040699,-4.4373128107095914,-0.025041464863127458,0.24168628144179022,1.9769384671680281,0.025041464863127458,-0.2394074935040699,4.4373128107095914,0.025041464863127458
hold,0,691,6.9199999999994599,0,0,1,2,2,-0.00076461566824691241,0.00080452967599566451,0.00064383866950848878,-0.008313559249943453,0.31525564966950403,0,-0.95488101690580174,1.6419901819995677,-0.0469834785811446,-0.99303101945586747,1.6395128161190051,0.080845556711994601,-0.0020805162485089753,0.003719189324385138,-0.070303162252477541,-0.012321332591383254,0.0037273245599698072,-0.0043209681450663059,-0.23040340318283509,-1.9718372686929779,-0.022424319532397808,0.24095598754517156,-4.4353780699017831,-0.022424319532397808,0.23040340318283509,1.9718372686929779,0.022424319532397808,-0.24095598754517156,4.4353780699017831,0.022424319532397808
hold,0,692,6.9299999999994588,0,0,1,2,2,-0.00075697590014731087,0.00074014276042292369,0.00063900343966816989,0.0047472833638709635,0.31525244714502498,0,-0.9549120258708339,1.6419855614562691,-0.046905909248328215,-0.99309223826463155,1.639534319658754,0.080975025455959374,-0.0047927767385388545,-0.0042603465041295592,0.071146573718025685,-0.0019649898913898993,0.0011178257150498147,0.024119926953718326,-0.2274430709725479,-1.9638207685180742,-0.030121257329669141,0.23108939531529088,-4.4329405993748541,-0.030121257329669141,0.2274430709725479,1.9638207685180742,0.030121257329669141,-0.23108939531529088,4.4329405993748541,0.030121257329669141
hold,0,693,6.9399999999994577,0,0,1,2,2,-0.0007501849204146066,0.00063968284571971543,0.00072319538394310977,0.010867911577646581,0.31524977349234828,0,-0.95502010141277838,1.6419161616848381,-0.045426938453252026,-0.99307246795669069,1.6395487379597835,0.08118293845022119,-0.015252502137061946,-0.0082152933951195103,0.19952233496064631,0.0045748615304578395,0.0016534270799722834,0.018859444652155614,-0.21611874123846903,-1.9593106234556366,-0.036761682399375932,0.22439138142991616,-4.433591547148013,-0.036761682399375932,0.21611874123846903,1.9593106234556366,0.036761682399375932,-0.22439138142991616,4.433591547148013,0.036761682399375932
hold,0,694,6.9499999999994566,0,0,1,2,2,-0.0007457436739739115,0.00030540141827958887,0.00089152485869510481,0.020776732847022032,0.31524556618616434,0,-0.95503875597633425,1.641915431692246,-0.044311066972586258,-0.99294316959472217,1.6395777526700721,0.081176363505506471,0.012555850726700034,0.0066762036032744949,0.010368821121530945,0.018426473066547679,0.0037564763827048829,-0.013205713840156296,-0.24377785759378401,-1.9741962805132935,-0.04780303386095492,0.20950538299807825,-4.4359267141330543,-0.04780303386095492,0.24377785759378401,1.9741962805132935,0.04780303386095492,-0.20950538299807825,4.4359267141330543,0.04780303386095492
hold,0,695,6.9599999999994555,0,0,1,2,2,-0.00074255319181067148,0.00033744626215821726,0.00091357054604677111,-0.010149898036228443,0.31523757736604885,0,-0.95491307515735091,1.64203736453436,-0.045662983717319187,-0.99289238682760317,1.6396453572473377,0.080597359009489555,0.0082372752282999662,0.012629745844490801,-0.18676103358675905,-0.0038599473124539142,0.0086884005637588319,-0.086905818380209304,-0.24046472864725066,-1.9811252854914221,-0.029388777588412074,0.23138554124012778,-4.4413994749322327,-0.029388777588412074,0.24046472864725066,1.9811252854914221,0.029388777588412074,-0.23138554124012778,4.4413994749322327,0.029388777588412074
hold,0,696,6.9699999999994544,0,0,1,2,2,-0.00073867572432964601,0.00041895540347944993,0.00077666221257660011,-0.016053477361231461,0.31522895875995743,0,-0.95495176823673178,1.6420921463153899,-0.046592780651017345,-0.99296468500623658,1.6397211550303328,0.079776160525832224,-0.012515517285373826,0.0017890193895938853,-0.03268762303362012,-0.0094171350874559141,0.0068947526695292815,-0.079756236127440761,-0.21940239149852991,-1.9707228132847645,-0.020728702190969554,0.2375211144441971,-4.440212209301964,-0.020728702190969554,0.21940239149852991,1.9707228132847645,0.020728702190969554,-0.2375211144441971,4.440212209301964,0.020728702190969554
hold,0,697,6.9799999999994533,0,0,1,2,2,-0.00073535417382081247,0.00027967308297982476,0.00073752659701739099,0.0041990593859317837,0.31522344188495771,0,-0.95505076617189755,1.642091984493137,-0.046209115450785383,-0.99296059032362771,1.6397684201135281,0.079225710401957902,-0.0098882959249942427,-0.0038412743607178319,0.10963687730176673,0.0070758883710294995,0.0032951778237580659,-0.039576126763398722,-0.22123762937758337,-1.9650912249564292,-0.031169659039740776,0.22099533352484074,-4.4369907551217551,-0.031169659039740776,0.22123762937758337,1.9650912249564292,0.031169659039740776,-0.22099533352484074,4.4369907551217551,0.031169659039740776
hold,0,698,6.9899999999994522,0,0,1,2,2,-0.00073308905654953516,0.000180307104541391,0.00079331849228623163,0.0064631635978789669,0.31521912046113931,0,-0.9552182211093394,1.6420470009612602,-0.04453847646665763,-0.99287196831760438,1.6398054930877679,0.078786608713595788,-0.016879111842907399,-0.0012756434662750298,0.15772431839579665,0.010064914865737885,0.0040229577211546167,-0.046973235872691033,-0.21290717396013537,-1.9672969875958579,-0.03425285952345905,0.2172973309819457,-4.4380151188130705,-0.03425285952345905,0.21290717396013537,1.9672969875958579,0.03425285952345905,-0.2172973309819457,4.4380151188130705,0.03425285952345905
hold,0,699,6.9999999999994511,0,0,1,2,2,-0.00073294277750460268,-9.4803045118488556e-05,0.00089550379981902012,0.012721370835336494,0.31521422775070096,0,-0.95519412057259601,1.6421203646421287,-0.044399451990725855,-0.99271474803488946,1.6398507270323899,0.078189239349515799,0.016006193742256414,0.011130226065949631,-0.076856889467923628,0.019522101740679091,0.0048386093270201096,-0.068295722249215207,-0.24598528383924634,-1.9802897665750308,-0.040699533114770904,0.20658238184528513,-4.4391926419759118,-0.040699533114770904,0.24598528383924634,1.9802897665750308,0.040699533114770904,-0.20658238184528513,4.4391926419759118,0.040699533114770904
hold,0,700,7.00999999999945,0,0,1,2,2,-0.000732716089436522,0.00011330060564791831,0.0008099765379585203,-0.022694843671850477,0.31520730748566073,0,-0.9551124889908349,1.6422465677894078,-0.046095820871385154,-0.99269914076045151,1.639918432238338,0.077223158653165966,-0.0040348601331539873,0.010009255865701356,-0.16679334977068974,-0.010360500918957152,0.0079822576415593434,-0.11534710463865022,-0.22659728261792483,-1.9801784215530152,-0.016180096393577821,0.23634012630941781,-4.4428779319380354,-0.016180096393577821,0.22659728261792483,1.9801784215530152,0.016180096393577821,-0.23634012630941781,4.4428779319380354,0.016180096393577821
hold,0,701,7.0199999999994489,0,0,1,2,2,-0.00073136752080682488,0.00014695707621124464,0.00065830344282753869,-0.010149449908926493,0.31520248726827982,0,-0.95521000380043986,1.642258863470571,-0.046462639192792074,-0.99275813231562116,1.6399673889549204,0.076404111702383495,-0.014131686392407364,-0.0036315256701718386,0.048118456421774883,-0.0027886182407039434,0.0029116859385291132,-0.061140513674061016,-0.21572033788183179,-1.9666360054664478,-0.018279425900607493,0.22924017607252173,-4.4381990139676653,-0.018279425900607493,0.21572033788183179,1.9666360054664478,0.018279425900607493,-0.22924017607252173,4.4381990139676653,0.018279425900607493
hold,0,702,7.0299999999994478,0,0,1,2,2,-0.00073028193304736089,8.3072030559900781e-05,0.00065270492210954783,0.0058344054364281523,0.31520142418179731,0,-0.95539832818647086,1.6421818430091335,-0.044857274419108764,-0.99271716646964636,1.6399808070108657,0.076028613065882475,-0.02230072921409313,-0.010087260281847428,0.23590066611536667,0.0087850020669372839,0.00031528601012764722,-0.022618537365851191,-0.206044699971898,-1.9595641071632719,-0.027770188383256636,0.21733882899708212,-4.435709958486826,-0.027770188383256636,0.206044699971898,1.9595641071632719,0.027770188383256636,-0.21733882899708212,4.435709958486826,0.027770188383256636
hold,0,703,7.0399999999994467,0,0,1,2,2,-0.00073117245993567503,-0.0002016630829877016,0.00078947320981510817,0.018906700400700725,0.31520100818231261,0,-0.95542271613614793,1.6421942456455607,-0.043855931345107742,-0.99254714481617223,1.6399884194076169,0.075766551219561148,0.011812953276726879,0.0063874944792536564,0.015430284945745464,0.022513957881381646,0.001027830080561181,-0.028580849474991149,-0.23996327886530142,-1.9761380830157906,-0.039816701424782365,0.20224969995484476,-4.4364834017312686,-0.039816701424782365,0.23996327886530142,1.9761380830157906,0.039816701424782365,-0.20224969995484476,4.4364834017312686,0.039816701424782365
hold,0,704,7.0499999999994456,0,0,1,2,2,-0.00073230868899142043,-5.5181125141945159e-05,0.00077501371231162382,-0.01501613238579593,0.31519788995547687,0,-0.95533398788532642,1.6423058532685419,-0.045059038887562526,-0.99248807953518359,1.6400233572691039,0.075144129356619266,0.0071499216661699769,0.013360794764466787,-0.20723927258543751,-0.0051770767989768396,0.0050990466131543115,-0.084209568110367589,-0.23601007326131662,-1.9840042442848536,-0.018697873915179547,0.22946821238729409,-4.440834121155758,-0.018697873915179547,0.23601007326131662,1.9840042442848536,0.018697873915179547,-0.22946821238729409,4.440834121155758,0.018697873915179547
hold,0,705,7.0599999999994445,0,0,1,2,2,-0.00073190462954836333,0.00011121845251078677,0.0006061687499784483,-0.018101047862588565,0.3151953548570865,0,-0.95532243269868511,1.6423613616474317,-0.046469760639195321,-0.99257605997505638,1.6400537754318107,0.074507887238723328,-0.008181712620825449,-0.0008771621085216369,-0.055823197798256174,-0.011100006612285622,0.0016854160518698774,-0.050921146785223095,-0.22077088046745166,-1.9702103544429834,-0.011013103733427478,0.2360949857195852,-4.437663835896128,-0.011013103733427478,0.22077088046745166,1.9702103544429834,0.011013103733427478,-0.2360949857195852,4.437663835896128,0.011013103733427478
hold,0,706,7.0699999999994434,0,0,1,2,2,-0.00073075337844899502,0.00012356552842412392,0.0005332064053639111,-7.0961489256091831e-05,0.31519676957966469,0,-0.95542901131855129,1.6423140339031654,-0.045984215243767119,-0.99262023298198598,1.6400460302785489,0.07436271029933765,-0.014231765414907874,-0.0097172239257179629,0.14228455088787928,0.0001569589765345724,-0.0024077535045562721,0.0087704737041879761,-0.21386819871443979,-1.9609916706716568,-0.019555709227340616,0.22519140418620182,-4.4335087051136073,-0.019555709227340616,0.21386819871443979,1.9609916706716568,0.019555709227340616,-0.22519140418620182,4.4335087051136073,0.019555709227340616
hold,0,707,7.0799999999994423,0,0,1,2,2,-0.00073020020793196361,-5.2082239700078315e-06,0.00061461391920972284,0.013565060808242768,0.31520010937008902,0,-0.95554100479665727,1.642240427967907,-0.044358849921577577,-0.99255259390578665,1.6400185481732377,0.074561258031247718,-0.0016843703630667426,-0.0015209925317502633,0.10524582747921811,0.011157006266226722,-0.0029165398546465893,0.027113098166095393,-0.22551964594143309,-1.9685990545835572,-0.030642309120502718,0.21365024428691504,-4.4327800619210276,-0.030642309120502718,0.22551964594143309,1.9685990545835572,0.030642309120502718,-0.21365024428691504,4.4327800619210276,0.030642309120502718
hold,0,708,7.0899999999994412,0,0,1,2,2,-0.00073052507408787049,-4.9234879129048052e-05,0.00069629113560747342,0.004570285912531019,0.31520217109497034,0,-0.95546960884619447,1.64228486054867,-0.044531118428406936,-0.9924762386465823,1.6400031398933121,0.074656451609023122,0.013441556283885612,0.0071338072211208619,-0.094942327536264928,0.005251333986005205,-0.00066391893150448346,-0.0016163348215673425,-0.24121674019208783,-1.9776093149825318,-0.027959137533821735,0.2189450744935017,-4.4349094166047651,-0.027959137533821735,0.24121674019208783,1.9776093149825318,0.027959137533821735,-0.2189450744935017,4.4349094166047651,0.027959137533821735
hold,0,709,7.0999999999994401,0,0,1,2,2,-0.00073005864708233781,0.00012433151490441054,0.00063029429482255362,-0.014001093251629172,0.31520269694306519,0,-0.95535584268060725,1.6423481851677173,-0.04602934673690319,-0.99252435607981582,1.6400026712280074,0.074546982928318739,0.0029105690291243574,0.0021459155980686597,-0.12071661508922393,-0.01150352957978768,0.00029911598074193837,-0.016952713501951083,-0.23159588226202438,-1.9731280203118584,-0.014625917308129004,0.23608487752516275,-4.4358687021945729,-0.014625917308129004,0.23159588226202438,1.9731280203118584,0.014625917308129004,-0.23608487752516275,4.4358687021945729,0.014625917308129004
hold,0,710,7.109999999999439,0,0,1,2,2,-0.00072820148982069566,0.00022610837357356708,0.00053599005477657626,-0.0063808480563471801,0.3152046128032906,0,-0.95542904385054883,1.6422885367852222,-0.045869369376020305,-0.992620591942311,1.6399878695177472,0.074620914470339278,-0.014811881178756422,-0.010284962925017608,0.10556732192476302,-0.0083274758246899595,-0.0026286130923550656,0.022995965074926513,-0.21328782269461091,-1.9602199547288115,-0.016270635819122241,0.23367871067002652,-4.4328225594393951,-0.016270635819122241,0.21328782269461091,1.9602199547288115,0.016270635819122241,-0.23367871067002652,4.4328225594393951,0.016270635819122241
hold,0,711,7.1199999999994379,0,0,1,2,2,-0.0007269458156669989,5.0064951307671689e-05,0.00060693920386412829,0.016049973215825072,0.3152085888417524,0,-0.95551878670376578,1.6422104500023236,-0.044450857366192448,-0.9925911293830556,1.6399516929766236,0.075029254486422739,0.0004198206433652452,-0.0044055224576843195,0.12026560308777592,0.010453913809303177,-0.0042350544548792777,0.052543836097752115,-0.22780158169099701,-1.9654747009329556,-0.032220815336795459,0.21466162056199017,-4.4309267057478818,-0.032220815336795459,0.22780158169099701,1.9654747009329556,0.032220815336795459,-0.21466162056199017,4.4309267057478818,0.032220815336795459
hold,0,712,7.1299999999994368,0,0,1,2,2,-0.00072675312519120128,6.7360094199776809e-07,0.00070582781005686037,0.0057830395130201561,0.31521112412562929,0,-0.95543424865175919,1.6422375757865895,-0.044527856986874011,-0.99252533263254672,1.6399286965505562,0.075326997601774554,0.014275386677690778,0.0060700268488414425,-0.088760206771876571,0.0039305670705000123,-0.0010596667016776193,0.015466211323048457,-0.24233345214137525,-1.9761672565136084,-0.029388153711045643,0.22065859329672227,-4.4339181220925443,-0.029388153711045643,0.24233345214137525,1.9761672565136084,0.029388153711045643,-0.22065859329672227,4.4339181220925443,0.029388153711045643
hold,0,713,7.1399999999994357,0,0,1,2,2,-0.00072595176065974598,0.00014137150842587058,0.00065494113116449715,-0.01230919724646545,0.31521141472669789,0,-0.95530172292736104,1.6423036729379783,-0.04607630952490125,-0.99257945202597486,1.6399270058750193,0.075350368262475514,0.0069603073639452053,0.0059524389175541143,-0.15582141735139957,-0.011662258006620858,0.00038540352740306771,-0.0060597919827174674,-0.23607857862281487,-1.9765784457934317,-0.016771599896192309,0.23668437352126828,-4.4353496669173298,-0.016771599896192309,0.23607857862281487,1.9765784457934317,0.016771599896192309,-0.23668437352126828,4.4353496669173298,0.016771599896192309
hold,0,714,7.1499999999994346,0,0,1,2,2,-0.00072378533835112946,0.00026601250080293269,0.00055497768763463479,-0.0084527846414240698,0.31521279270301666,0,-0.95534007598059201,1.6422677535619001,-0.046306241968145687,-0.992693409476614,1.6399145002280491,0.075486683343621158,-0.011852429032214794,-0.0085678903959412779,0.063491781833027977,-0.011195082903698155,-0.0023047531646452914,0.026280966478213846,-0.21695901780080712,-1.9617707614713111,-0.015951020645147748,0.23712885802345868,-4.4325594650495201,-0.015951020645147748,0.21695901780080712,1.9617707614713111,0.015951020645147748,-0.23712885802345868,4.4325594650495201,0.015951020645147748
hold,0,715,7.1599999999994335,0,0,1,2,2,-0.000721856556962025,0.00013404677516498046,0.00060474157040145372,0.013896195570891272,0.31521643508314084,0,-0.95546320644622384,1.6421481302698908,-0.044609277752689309,-0.99269534719469832,1.6398791457907087,0.075949983102849034,-0.0083289511463427255,-0.010050412872981973,0.19090500084189915,0.0071224541360860854,-0.0042957814895161865,0.059465992415070959,-0.21949745196162451,-1.9593312526581959,-0.031260048873344021,0.218826822728349,-4.4302856012259255,-0.031260048873344021,0.21949745196162451,1.9593312526581959,0.031260048873344021,-0.218826822728349,4.4302856012259255,0.031260048873344021
hold,0,716,7.1699999999994324,0,0,1,2,2,-0.00072164602674469613,-5.1479271832336534e-05,0.00075325385149123815,0.015490639534326023,0.31521894858729682,0,-0.95540554381096943,1.6421472800916666,-0.044053722040541116,-0.99259586034189984,1.6398537094745294,0.076352516311960078,0.015904062363474164,0.0046353781365564084,-0.029522790338229479,0.011765813172763716,-0.0014276012191733302,0.028300254665162596,-0.24419176655347674,-1.9740102422419401,-0.037098640099595181,0.21338756886928351,-4.4329502909668337,-0.037098640099595181,0.24419176655347674,1.9740102422419401,0.037098640099595181,-0.21338756886928351,4.4329502909668337,0.037098640099595181
hold,0,717,7.1799999999994313,0,0,1,2,2,-0.00072146706464881749,6.4463608313076516e-05,0.00074498243838065387,-0.011705541584560154,0.31521792884435818,0,-0.95524855191594549,1.6422326973451509,-0.045580187105870425,-0.99260702174268611,1.6398622112814794,0.076325307070644707,0.015725849779837753,0.010367350450458484,-0.23177181346665507,-0.0097750777141048621,0.0023372095652349823,-0.022646266123735576,-0.24526948913003183,-1.9804255525837167,-0.020293594339472761,0.23501775096244232,-4.4367831162068425,-0.020293594339472761,0.24526948913003183,1.9804255525837167,0.020293594339472761,-0.23501775096244232,4.4367831162068425,0.020293594339472761
hold,0,718,7.1899999999994302,0,0,1,2,2,-0.00071951126819104483,0.00028136475378323704,0.00058843603715482177,-0.018286445580332957,0.31521665592484066,0,-0.95525108118397006,1.6422403243192769,-0.046619873603178437,-0.99275749676527458,1.639872680622585,0.07623786558838859,-0.011701952395303444,-0.004182886860720712,-0.021618022304352821,-0.018539034921361372,0.00023072279249780419,-7.2046729241289839e-06,-0.21782145281069404,-1.9659363310655458,-0.01117888644760295,0.24498550835040656,-4.4347603841629502,-0.01117888644760295,0.21782145281069404,1.9659363310655458,0.01117888644760295,-0.24498550835040656,4.4347603841629502,0.01117888644760295
hold,0,719,7.1999999999994291,0,0,1,2,2,-0.00071737561497946245,0.00016916320742112781,0.00058140720137107469,0.011023340206992981,0.31521878409062171,0,-0.95535939858598928,1.642138181526835,-0.045461198348743126,-0.99280592193666206,1.6398495054900195,0.076589078056952586,-0.010692823015560168,-0.013669040784453572,0.20719459058107859,0.004337442577278766,-0.003983823545732723,0.057877314089054832,-0.21796404297428357,-1.9556330348022777,-0.028738014963097483,0.22249643222286625,-4.4303604367641958,-0.028738014963097483,0.21796404297428357,1.9556330348022777,0.028738014963097483,-0.22249643222286625,4.4303604367641958,0.028738014963097483
hold,0,720,7.209999999999428,0,0,1,2,2,-0.00071676862163699839,-1.9591785480255826e-05,0.00073215503174136611,0.017744622787538734,0.31522100169740058,0,-0.95539257525857157,1.6420868308300574,-0.044036264507893212,-0.99271456726408813,1.6398241603648325,0.077054999034833163,0.0071801960311426594,0.0019813102507120466,0.055792707283630581,0.012260404898040516,-0.0015694592430577101,0.039732764482372999,-0.23557164864032804,-1.9708725802632221,-0.037876181104430168,0.21384263252151309,-4.4325720400653745,-0.037876181104430168,0.23557164864032804,1.9708725802632221,0.037876181104430168,-0.21384263252151309,4.4325720400653745,0.037876181104430168
hold,0,721,7.2199999999994269,0,0,1,2,2,-0.00071702629253192485,-2.8712486711715851e-05,0.0007977407980502097,-0.00089860081046328746,0.31521990890809903,0,-0.95526727035919323,1.6421643440865585,-0.044830916678727559,-0.9926675052439049,1.6398308527877448,0.077131385632666846,0.016425981934976609,0.010436116226437983,-0.16578603651843904,-0.00040920543340808172,0.0021190594965727191,-0.012863657385876918,-0.24581987373918873,-1.9799474922909575,-0.028676725293793687,0.22613574669149583,-4.4363140981883031,-0.028676725293793687,0.24581987373918873,1.9799474922909575,0.028676725293793687,-0.22613574669149583,4.4363140981883031,0.028676725293793687
hold,0,722,7.2299999999994258,0,0,1,2,2,-0.00071635256014999926,0.0001441403006042384,0.00069221445758183117,-0.016945055712235903,0.31521728360421525,0,-0.95515221575722742,1.6422373710901281,-0.046629839886100345,-0.99275880148567319,1.6398532355133097,0.076944283817250242,0.00087601458568007089,0.0023887666912696744,-0.12628942639581098,-0.014923554132594998,0.0022742134260476518,-0.022599301086247959,-0.23119034320561871,-1.9724843587843459,-0.015368558886095687,0.24138046532482907,-4.4366483139222979,-0.015368558886095687,0.23119034320561871,1.9724843587843459,0.015368558886095687,-0.24138046532482907,4.4366483139222979,0.015368558886095687
hold,0,723,7.2399999999994247,0,0,1,2,2,-0.00071465532567904777,0.00018623101300061241,0.00060096369842106061,-0.0039092633575009209,0.31521674150462098,0,-0.95521338109339471,1.6421910043237655,-0.0465816084684849,-0.99285958753084858,1.6398550983075104,0.07699503061926137,-0.011297673474331676,-0.0084636456877888126,0.090846375526634632,-0.0067970896038710166,-0.0011632576094376826,0.022789062001041731,-0.21852733245626865,-1.9612610122743865,-0.020211239917610854,0.23406028915750815,-4.433225745240418,-0.020211239917610854,0.21852733245626865,1.9612610122743865,0.020211239917610854,-0.23406028915750815,4.433225745240418,0.020211239917610854
hold,0,724,7.2499999999994236,0,0,1,2,2,-0.00071357498500203287,6.3974905684254109e-05,0.00066846735771393102,0.013880097004597743,0.31521814756464173,0,-0.95532758933474837,1.642109723555774,-0.044991892142698865,-0.99283815607329429,1.6398370148899257,0.0773544852987922,-0.013324891152018899,-0.010888206059495989,0.23095637399639107,0.0081272695733317826,-0.0022774074640841435,0.04473361149350432,-0.2155864488477521,-1.9581862057587474,-0.03340156925927508,0.21896447831987104,-4.4319669280450942,-0.03340156925927508,0.2155864488477521,1.9581862057587474,0.03340156925927508,-0.21896447831987104,4.4319669280450942,0.03340156925927508
hold,0,725,7.2599999999994225,0,0,1,2,2,-0.00071452043341738158,-0.00019731935279537592,0.00083921492055399264,0.019206805303589824,0.31521828508557953,0,-0.95529085650109113,1.6421157069853636,-0.044155934948326238,-0.99270322561329272,1.6398311583782497,0.077596760533885992,0.015890098301114049,0.0060201657837609251,-0.008770000931840452,0.017012768025206168,0.00049146071567513123,0.011328310421155556,-0.24509530097014295,-1.9751424450387207,-0.042043532373660909,0.20899953618798411,-4.4346889441314445,-0.042043532373660909,0.24509530097014295,1.9751424450387207,0.042043532373660909,-0.20899953618798411,4.4346889441314445,0.042043532373660909
hold,0,726,7.2699999999994214,0,0,1,2,2,-0.00071582726412024178,-8.6131881265570317e-05,0.00083655021192162915,-0.013249623171272882,0.31521459000816221,0,-0.95514712478468677,1.6422233989525505,-0.045631163254553013,-0.99268317499459247,1.6398635620148567,0.077317050472724871,0.013559122237559984,0.013021516414514642,-0.23655965108783106,-0.0080675123438535747,0.0050353004852235379,-0.053372865340173464,-0.24391417863782378,-1.9830053314069702,-0.022117055881721082,0.23391941160744184,-4.43949201299385,-0.022117055881721082,0.24391417863782378,1.9830053314069702,0.022117055881721082,-0.23391941160744184,4.43949201299385,0.022117055881721082
hold,0,727,7.2799999999994203,0,0,1,2,2,-0.00071552214099120104,0.00010607639455332857,0.00066547843691803382,-0.019679164064406948,0.31521075880224991,0,-0.9551603043930661,1.6422578018898601,-0.046783968041070198,-0.99281293468323506,1.6398982682251515,0.076921181788793799,-0.011988743410469974,-0.0015465708444309754,-0.037300948949013743,-0.016200838657894213,0.0024807481426301218,-0.03115995581544027,-0.21826087612275924,-1.9687124676465015,-0.012381695092982972,0.24309081543062322,-4.4372151103336144,-0.012381695092982972,0.21826087612275924,1.9687124676465015,0.012381695092982972,-0.24309081543062322,4.4372151103336144,0.012381695092982972
hold,0,728,7.2899999999994192,0,0,1,2,2,-0.0007150422395992978,9.3932723904056512e-06,0.00063089976506500124,0.0073591337924731786,0.31521083746570994,0,-0.9552780259235365,1.6421808016267234,-0.045821525430449643,-0.99285139828797631,1.6398955630029093,0.076970932705580641,-0.012043528773703587,-0.011249230675549633,0.1848287471900987,0.0044678566623114879,-0.0020639499795402048,0.028160939511397011,-0.21726431851576239,-1.958393805710289,-0.027503865616000482,0.22272982894834747,-4.4326487704335067,-0.027503865616000482,0.21726431851576239,1.958393805710289,0.027503865616000482,-0.22272982894834747,4.4326487704335067,0.027503865616000482
hold,0,729,7.2999999999994181,0,0,1,2,2,-0.00071582660795246889,-0.00015147225999273377,0.00075111442691971062,0.015079403390175331,0.31521185213396913,0,-0.95538195043395802,1.6421168542429299,-0.044023494097002798,-0.99275888099218945,1.6398833695228983,0.077204484675871238,-0.0016755721527605188,0.00077436526206804647,0.10671468375279897,0.012389081303958414,-0.00061719728877532927,0.020454129302905667,-0.22680087905333335,-1.9699058225775581,-0.036216057177801152,0.21406846594040574,-4.4339979752841829,-0.036216057177801152,0.22680087905333335,1.9699058225775581,0.036216057177801152,-0.21406846594040574,4.4339979752841829,0.036216057177801152
hold,0,730,7.309999999999417,0,0,1,2,2,-0.00071793466961585228,-0.00024907135253940285,0.00084156645357519072,0.0050223220378523593,0.31521062391924159,0,-0.95529648090981967,1.6421904626025423,-0.044335260959187675,-0.99266486180116664,1.639893841306999,0.077151449276347567,0.015814318477332317,0.010337785164538206,-0.11880264261515672,0.0073611215586986559,0.0021170682701840446,-0.021813284550559576,-0.24497452587653296,-1.9800581093569281,-0.032907349692194471,0.21834427215748303,-4.4368160151159488,-0.032907349692194471,0.24497452587653296,1.9800581093569281,0.032907349692194471,-0.21834427215748303,4.4368160151159488,0.032907349692194471
hold,0,731,7.3199999999994159,0,0,1,2,2,-0.00071946122177340976,-7.5515725543667746e-05,0.00075406533697428295,-0.01788869741855232,0.31520758191927306,0,-0.95516816805681048,1.6422890652451589,-0.046191482090326551,-0.99270983974197624,1.6399235321196775,0.076783084505730154,0.0037898757596911865,0.0060705089024142341,-0.16563851774314747,-0.012382021446287158,0.0034768804621366062,-0.046701006924142155,-0.23397658598296528,-1.976579654235737,-0.01598639280962354,0.23844723868894563,-4.4384133538093291,-0.01598639280962354,0.23397658598296528,1.976579654235737,0.01598639280962354,-0.23844723868894563,4.4384133538093291,0.01598639280962354
hold,0,732,7.3299999999994148,0,0,1,2,2,-0.00071958685509532216,2.8074556816378761e-05,0.00062063057267330423,-0.010311802990749283,0.31520630371238267,0,-0.95522611375277433,1.6422673963998218,-0.046517327683436603,-0.99281718760698845,1.6399361406236637,0.076595402402605858,-0.012788745341166263,-0.0066103803975659722,0.054229356210942742,-0.0095650731625977464,-0.00016503637445049635,-0.0010747282652261991,-0.21693439931439706,-1.9637254141730596,-0.016062451662748837,0.23648907332535388,-4.4348723050046317,-0.016062451662748837,0.21693439931439706,1.9637254141730596,0.016062451662748837,-0.23648907332535388,4.4348723050046317,0.016062451662748837
hold,0,733,7.3399999999994137,0,0,1,2,2,-0.00071994052070700754,-7.9830122672355861e-05,0.00064836907627518548,0.011490443499161444,0.31520800471562471,0,-0.95536543128505924,1.6421772625770126,-0.044939384137703556,-0.9928113353988699,1.6399189738791931,0.076832133094941343,-0.013799973076908735,-0.0092325867699992754,0.21398582958788126,0.007388606061969393,-0.0027241265438086104,0.039734374595430264,-0.21480863132037531,-1.9603821372181525,-0.030284389568371824,0.21948857643583833,-4.432175880879508,-0.030284389568371824,0.21480863132037531,1.9603821372181525,0.030284389568371824,-0.21948857643583833,4.432175880879508,0.030284389568371824
hold,0,734,7.3499999999994126,0,0,1,2,2,-0.00072213976206574049,-0.00031068709661340313,0.00080355678361658577,0.018206446585804229,0.31520949660351955,0,-0.95533152481586991,1.6421854288918394,-0.044167916745799625,-0.99268448289806721,1.6399036469592398,0.077101122795578833,0.015655086033316626,0.0054713120776927358,-0.0086256164548618938,0.016179451117909693,-0.00078585224763447225,0.018961138188092832,-0.24453494218411531,-1.9751513665844591,-0.039352143246783829,0.20968291137347653,-4.4339915398160565,-0.039352143246783829,0.24453494218411531,1.9751513665844591,0.039352143246783829,-0.20968291137347653,4.4339915398160565,0.039352143246783829
hold,0,735,7.3599999999994115,0,0,1,2,2,-0.00072444173535664291,-0.00017633657408059223,0.00079875024287178993,-0.012939303893346351,0.3152076748048685,0,-0.955190935759203,1.6422822313623,-0.045564310375052874,-0.99267266921805741,1.6399208921820025,0.076954733257142652,0.013163656371623568,0.011655046061093591,-0.223722701199734,-0.0088786926279914909,0.0033597069058917657,-0.036271859860853031,-0.24316822497575757,-1.9821095203315449,-0.020292252092012832,0.23464654567929932,-4.4382750607516845,-0.020292252092012832,0.24316822497575757,1.9821095203315449,0.020292252092012832,-0.23464654567929932,4.4382750607516845,0.020292252092012832
hold,0,736,7.3699999999994104,0,0,1,2,2,-0.00072499830799660492,2.2929973891930517e-05,0.00063968515181023764,-0.017884298020665185,0.31520584495487697,0,-0.95520595786729512,1.6422987543106307,-0.046527316588758673,-0.99280635805459294,1.6399382512374441,0.076759971279444963,-0.012086453423961958,-0.0035538600554886118,-0.014161171737957598,-0.016322570577564352,0.00070253221229156222,-0.0089613587476866183,-0.21779793831543509,-1.967032797801608,-0.012002608880378032,0.2431599343211564,-4.4357567585016167,-0.012002608880378032,0.21779793831543509,1.967032797801608,0.012002608880378032,-0.2431599343211564,4.4357567585016167,0.012002608880378032
hold,0,737,7.3799999999994093,0,0,1,2,2,-0.0007253737286248424,-7.7264941611983085e-05,0.00062615734241545907,0.0096716453977535328,0.3152076865652923,0,-0.95532484088547553,1.6422022456097753,-0.045315832819930263,-0.99284342187317176,1.6399196373823299,0.077024961159443225,-0.012202913441265064,-0.013148409507069121,0.21107819671062467,0.0047636246154562677,-0.0035374586048447362,0.049413811351256567,-0.21673041415268865,-1.9566661787431849,-0.028260151834618944,0.22237024967676636,-4.4313678568435675,-0.028260151834618944,0.21673041415268865,1.9566661787431849,0.028260151834618944,-0.22237024967676636,4.4313678568435675,0.028260151834618944
hold,0,738,7.3899999999994082,0,0,1,2,2,-0.00072741431328672557,-0.00028565618871556804,0.00076929111498833566,0.017411479764574425,0.3152098116563582,0,-0.95528836210156687,1.6421867306672995,-0.044524931340379742,-0.99274496346198027,1.6398968387821053,0.077438068433197227,0.015173545435514437,0.0039028756192071431,-0.0032809846436113593,0.013199715497934974,-0.0014909687876392358,0.036519335518531322,-0.24439870330073749,-1.9735933443296543,-0.037621873133140395,0.2131464915047557,-4.4332319578589763,-0.037621873133140395,0.24439870330073749,1.9735933443296543,0.037621873133140395,-0.2131464915047557,4.4332319578589763,0.037621873133140395
hold,0,739,7.3999999999994071,0,0,1,2,2,-0.00072953093301046656,-0.0001522264007314472,0.00077768346821253205,-0.010178689958574339,0.31520860460862882,0,-0.95515521852702201,1.642265770809233,-0.045702965436201344,-0.99274701521218933,1.6399053703870865,0.077505167756756116,0.0076834664650964092,0.0073168828455323033,-0.14823319565358559,-0.0091915659956513796,0.0023343141456958405,-0.012273558602397342,-0.23797377292667832,-1.9776396726914474,-0.021317490857924629,0.23555418700001457,-4.43712549363216,-0.021317490857924629,0.23797377292667832,1.9776396726914474,0.021317490857924629,-0.23555418700001457,4.43712549363216,0.021317490857924629
hold,0,740,7.409999999999406,0,0,1,2,2,-0.00073041199157818093,-4.63255404570501e-05,0.00068054645277979811,-0.0094027802732167161,0.31520728898810302,0,-0.9551919359641512,1.6422553964858937,-0.045988906574670141,-0.99284632588544364,1.6399149366437036,0.077519325175215772,-0.011946383828944227,-0.0054090239335636281,0.049194381742695817,-0.01040924575119535,7.6123989363207831e-05,0.010103014364976473,-0.2180501831356042,-1.9648307713256372,-0.018555732533996588,0.237566352141593,-4.4349438335287648,-0.018555732533996588,0.2180501831356042,1.9648307713256372,0.018555732533996588,-0.237566352141593,4.4349438335287648,0.018555732533996588
hold,0,741,7.4199999999994048,0,0,1,2,2,-0.00073177380565787875,-0.00021171884713079789,0.00071620267238242977,0.012161316147754068,0.31520833620588562,0,-0.95528041997647539,1.6421862715681455,-0.044789195831574126,-0.99284177716850919,1.6399015790752769,0.077813774172984448,0.00025774307656139129,-0.0028838705465635268,0.095016672011506098,0.0076788517181978991,-0.0021876042270402513,0.04195210275496538,-0.22954643794251622,-1.9668029253706514,-0.032617695892738989,0.21944186493672413,-4.4325732447649475,-0.032617695892738989,0.22954643794251622,1.9668029253706514,0.032617695892738989,-0.21944186493672413,4.4325732447649475,0.032617695892738989
hold,0,742,7.4299999999994037,0,0,1,2,2,-0.00073431066087205343,-0.00028003032458655231,0.0007936303902313284,0.0047987309292845184,0.3152086794574212,0,-0.95518209855699043,1.642230740448583,-0.045116517301969368,-0.9927924303311777,1.6398948408675669,0.078065131141436941,0.016761140854433226,0.0078226779558754119,-0.1136289492488155,0.0030571273903531853,0.00029261440032064655,0.014601455947098441,-0.24683640707626775,-1.9778652249165904,-0.03065276941227215,0.22366881456591695,-4.4349995577306283,-0.03065276941227215,0.24683640707626775,1.9778652249165904,0.03065276941227215,-0.22366881456591695,4.4349995577306283,0.03065276941227215
hold,0,743,7.4399999999994026,0,0,1,2,2,-0.00073595914187642164,-7.9182869420503759e-05,0.0007250437954063355,-0.014600378265979779,0.31520729952503723,0,-0.95513952629000243,1.6422651648156024,-0.045962471633100896,-0.99286772245711374,1.6399046038219396,0.07811417687199422,-0.0093659045319506393,-0.00092649396590980659,-0.023081766334165806,-0.014598057561304802,0.0013889026269900801,-0.0012520627211060715,-0.22104993982578791,-1.9693914479309604,-0.016841628304463153,0.24192633652506329,-4.4361739495922796,-0.016841628304463153,0.22104993982578791,1.9693914479309604,0.016841628304463153,-0.24192633652506329,4.4361739495922796,0.016841628304463153
hold,0,744,7.4499999999994015,0,0,1,2,2,-0.00073750823482873762,-0.00020161414925844707,0.00071717416398706449,0.008435067538623827,0.31520768948324868,0,-0.95521137406241774,1.6422200240860994,-0.045259263349064806,-0.99290099526092379,1.6398971696503692,0.078356736416402395,-0.0066617184557913964,-0.0083209852361250079,0.14520783235375542,0.0042251325275224575,-0.0021499529211570245,0.040741760911857397,-0.22317934372262466,-1.961635830824721,-0.030349222978798343,0.2233693288667164,-4.4325756206715692,-0.030349222978798343,0.22317934372262466,1.961635830824721,0.030349222978798343,-0.2233693288667164,4.4325756206715692,0.030349222978798343
hold,0,745,7.4599999999994004,0,0,1,2,2,-0.00074050078907705874,-0.00036222936868829451,0.00081647931320117241,0.010930169648486939,0.31520827461291412,0,-0.95513799659742105,1.6422316726381354,-0.045105079745723815,-0.9928353537169341,1.6398874510687926,0.078664260195216745,0.017434501297593392,0.0055869111538804587,-0.066114943138826238,0.0080872219367388327,-0.00022539508021459623,0.024631910043129437,-0.24786258319598301,-1.975636915631015,-0.034940425740796276,0.2189821071055825,-4.4344224298598993,-0.034940425740796276,0.24786258319598301,1.975636915631015,0.034940425740796276,-0.2189821071055825,4.4344224298598993,0.034940425740796276
hold,0,746,7.4699999999993993,0,0,1,2,2,-0.00074307827605435417,-0.00017405296890891264,0.00077499926017761975,-0.014155350626782175,0.31520634224979716,0,-0.95505076089189955,1.6422840033521018,-0.046147738129969369,-0.99288485571024188,1.6399012578558809,0.07871428038891938,-0.004352677104254638,0.0016852930074275508,-0.064665852357506132,-0.0136610356333625,0.0023692449636310751,-0.0074660443552859576,-0.22677329043830693,-1.9721539431962931,-0.018546352027144431,0.24112638062214603,-4.4371275242004513,-0.018546352027144431,0.22677329043830693,1.9721539431962931,0.018546352027144431,-0.24112638062214603,4.4371275242004513,0.018546352027144431
hold,0,747,7.4799999999993982,0,0,1,2,2,-0.00074522156239700821,-0.00023800660762867684,0.00073402643522406147,0.0026204117407743173,0.31520541362641236,0,-0.95510246447274927,1.6422601293662322,-0.045880810020992598,-0.99294304876755168,1.6399050282954994,0.078869605607157334,-0.0066703800937481994,-0.0063378154014899265,0.099416702273877916,-0.00055455097796388566,-0.00093098208097425271,0.030325570458051197,-0.22404195880201566,-1.9639398429004191,-0.027128602603553292,0.22848544042522589,-4.4338574606727938,-0.027128602603553292,0.22404195880201566,1.9639398429004191,0.027128602603553292,-0.22848544042522589,4.4338574606727938,0.027128602603553292
hold,0,748,7.4899999999993971,0,0,1,2,2,-0.00074834595945882931,-0.00037310817590699072,0.00080108128400449769,0.009391600411288583,0.3152055038385253,0,-0.95512632388527852,1.6422467080183651,-0.045151990720215335,-0.99290943343201388,1.6398986740091417,0.079172383879327554,0.0073605577000761821,0.0037581271559454926,0.00056152934432415064,0.0059282703260797832,-0.00040440232594285479,0.030432558908918505,-0.23788202129560604,-1.9739284146749179,-0.033279888976639659,0.22173369643687976,-4.4343332061369631,-0.033279888976639659,0.23788202129560604,1.9739284146749179,0.033279888976639659,-0.22173369643687976,4.4343332061369631,0.033279888976639659
hold,0,749,7.499999999999396,0,0,1,2,2,-0.00075192751931853208,-0.00033317007863083783,0.00081673642548733328,-0.0036057892002521017,0.31520425111915745,0,-0.95502228145389112,1.6423024948144049,-0.045941558196623711,-0.992911940761523,1.6399054260934718,0.07933047618613398,0.0054937021964674339,0.002577597610889177,-0.06435101478518003,-0.0043825303857936426,0.0013067316670332483,0.0066517406107383034,-0.23684750524309645,-1.97319417949818,-0.025926204382992622,0.23206455578482621,-4.43609835680458,-0.025926204382992622,0.23684750524309645,1.97319417949818,0.025926204382992622,-0.23206455578482621,4.43609835680458,0.025926204382992622
hold,0,750,7.5099999999993949,0,0,1,2,2,-0.00075494127298326996,-0.00027445705023706736,0.00077021015784653577,-0.0053306668623512932,0.31520278150268161,0,-0.95505379240123922,1.6422968477178093,-0.045920800663715192,-0.99297152745365735,1.6399142598487686,0.079451030722005642,-0.010914409962502869,-0.0047254080411993204,0.069203134842131975,-0.0069986162827333723,0.00058484788739917031,0.01559284764630121,-0.22018730550534135,-1.965845997073326,-0.023320157709662809,0.23515733521884075,-4.4354471430673206,-0.023320157709662809,0.22018730550534135,1.965845997073326,0.023320157709662809,-0.23515733521884075,4.4354471430673206,0.023320157709662809
hold,0,751,7.5199999999993938,0,0,1,2,2,-0.00075874392300576132,-0.00046590812076346516,0.00081901150096225965,0.01163840445429473,0.3152025103352436,0,-0.95509335863356104,1.6422602476821444,-0.045078933667880516,-0.99295102809769076,1.6399112260890183,0.079723020894923793,0.0080535020832423476,0.0011699781570009026,0.024668116669510937,0.0080490729668655382,-0.00081745324378269769,0.034726397541589807,-0.23883868769251201,-1.9714485829862074,-0.034855992087599832,0.21994565112150904,-4.4340205718581363,-0.034855992087599832,0.23883868769251201,1.9714485829862074,0.034855992087599832,-0.21994565112150904,4.4340205718581363,0.034855992087599832
hold,0,752,7.5299999999993927,0,0,1,2,2,-0.00076325160795527591,-0.00043017551487156501,0.00084085403605161811,-0.0040870208802863137,0.31520112966886948,0,-0.95497157779072328,1.6423204717152369,-0.045953424000176581,-0.99294741861201219,1.6399187291305499,0.079895824468094498,0.010659923774441575,0.0056701009497835434,-0.11539599867833003,-0.0047895486868488671,0.0017179911436401218,0.0063171533450036808,-0.24241935612641333,-1.9764304980437297,-0.026002903006612215,0.23275539688979491,-4.4366160405778121,-0.026002903006612215,0.24241935612641333,1.9764304980437297,0.026002903006612215,-0.23275539688979491,4.4366160405778121,0.026002903006612215
hold,0,753,7.5399999999993916,0,0,1,2,2,-0.00076675291969491299,-0.00029743191400487614,0.00076213165571725858,-0.010394879370252175,0.3151992412458488,0,-0.95500831252751062,1.6423075459936496,-0.04605944502496067,-0.99303999869547455,1.6399305053764761,0.080026025187732802,-0.013891669437052535,-0.0048301187427297982,0.057640786470452142,-0.012240654160797356,0.00083619564172778959,0.017355399655342871,-0.21757388502062053,-1.9658268725785182,-0.01964989571646792,0.24094714303144227,-4.4358284550433096,-0.01964989571646792,0.21757388502062053,1.9658268725785182,0.01964989571646792,-0.24094714303144227,4.4358284550433096,0.01964989571646792
hold,0,754,7.5499999999993905,0,0,1,2,2,-0.00077093663142048519,-0.00051456243306250186,0.0008095595915190365,0.014784517403596157,0.31519942624823122,0,-0.95508862299928443,1.6422438459315649,-0.044810321687711069,-0.99303369976640066,1.6399217125442316,0.080419716925141271,0.0029312616364720791,-0.0023774501925343181,0.097561590513605911,0.0091872341651458023,-0.0019302395075514655,0.053643202803105194,-0.23375433231995463,-1.9677699406320364,-0.036157068766606015,0.21946886327290799,-4.4329916772360738,-0.036157068766606015,0.23375433231995463,1.9677699406320364,0.036157068766606015,-0.21946886327290799,4.4329916772360738,0.036157068766606015
hold,0,755,7.5599999999993894,0,0,1,2,2,-0.00077644221613093478,-0.00057285706424988522,0.00088849509477973462,0.0033011926623988199,0.31519875775104417,0,-0.95497697020757277,1.6422970777022341,-0.045199413547748417,-0.99299064815432558,1.639921065300705,0.080753498771233917,0.017195409132345057,0.008915675259829222,-0.12542618280454362,0.00098848213625122834,0.0011297250846116389,0.020694145193485124,-0.24891170214952085,-1.9794889202497532,-0.031704106413883534,0.22732320240520199,-4.4360464638800243,-0.031704106413883534,0.24891170214952085,1.9794889202497532,0.031704106413883534,-0.22732320240520199,4.4360464638800243,0.031704106413883534
hold,0,756,7.5699999999993883,0,0,1,2,2,-0.00078126043272470913,-0.00040772347138320241,0.00081335086354666095,-0.014680355590055729,0.31519632588804858,0,-0.95485767234829366,1.6423655263768264,-0.046700233413676129,-0.99308092962049865,1.6399370913462432,0.080895137639633824,0.0011147932556532002,0.0024208505152635671,-0.10269207285251769,-0.015708345244073846,0.0018570098026753827,0.010113643090751733,-0.23378546914706189,-1.9735416849019263,-0.018318507348556987,0.24474228151491162,-4.4369019569623935,-0.018318507348556987,0.23378546914706189,1.9735416849019263,0.018318507348556987,-0.24474228151491162,4.4369019569623935,0.018318507348556987
hold,0,757,7.5799999999993872,0,0,1,2,2,-0.00078530529626946732,-0.00040246174494604767,0.00074834305907481096,-0.0010449782635383953,0.3151956498353442,0,-0.95490207325476018,1.642322074553185,-0.04649756079807249,-0.99318572551938633,1.6399349347728469,0.081273626284449743,-0.0086568246887170665,-0.0080358233104582573,0.10103384988514898,-0.0069695758153318528,-0.0015620094313934449,0.055830703946316902,-0.22365864395095952,-1.9627373964870731,-0.024353529780563533,0.23684187927727102,-4.4334656851411545,-0.024353529780563533,0.22365864395095952,1.9627373964870731,0.024353529780563533,-0.23684187927727102,4.4334656851411545,0.024353529780563533
hold,0,758,7.5899999999993861,0,0,1,2,2,-0.00079030988070043218,-0.00058000806798683211,0.00082968333650846335,0.01420587039619902,0.31519657067122142,0,-0.9549839822506998,1.6422560269501418,-0.044990288733069733,-0.99309383198540768,1.6398961544453652,0.081453538335812967,-0.0039231162826339986,-0.0040705229746093984,0.14939683057749059,0.026251692397268777,-0.0061062282856861466,-0.046551169279672205,-0.22773708038952556,-1.9661743159985765,-0.03616657887533526,0.2028854627928412,-4.4286112236670077,-0.03616657887533526,0.22773708038952556,1.9661743159985765,0.03616657887533526,-0.2028854627928412,4.4286112236670077,0.03616657887533526
hold,0,759,7.599999999999385,0,0,1,2,2,-0.00079568801603867312,-0.00050847107303766698,0.00084274630071561952,-0.007291046420575412,0.31519445220495473,0,-0.95500460922835817,1.6423111450729433,-0.04492981749629639,-0.99298705845882507,1.6398968808009535,0.080918639038949303,-0.00019669566102216256,0.010165389177402855,-0.084563218507595045,0.00075767160386344158,0.0034694064654925165,-0.058202677180063465,-0.23129848518987045,-1.9808511731330005,-0.023529352748786102,0.22752529537358562,-4.438192669262893,-0.023529352748786102,0.23129848518987045,1.9808511731330005,0.023529352748786102,-0.22752529537358562,4.438192669262893,0.023529352748786102
hold,0,760,7.6099999999993839,0,0,1,2,2,-0.0008005130558096929,-0.00045159638641552378,0.00076515315957345154,-0.0080255323169150291,0.31519164018212426,0,-0.95492885749989098,1.6423973634167139,-0.046243359265241563,-0.99301497064696886,1.6399298715581812,0.080555785598783902,0.0057216856201828849,0.0036316941658521926,-0.095784670103670491,-0.0048624072651963432,0.002853009334503272,-0.022368154865680352,-0.23782288029881302,-1.9750072248716151,-0.020304230641725558,0.2333686717477958,-4.4378401981897246,-0.020304230641725558,0.23782288029881302,1.9750072248716151,0.020304230641725558,-0.2333686717477958,4.4378401981897246,0.020304230641725558
hold,0,761,7.6199999999993828,0,0,1,2,2,-0.0008041438542268492,-0.00029870979127710171,0.00067828707208566152,-0.009106948120611056,0.31519096792702189,0,-0.95497622051029984,1.6423907854721811,-0.046349551544079756,-0.99310422239325513,1.639947573198377,0.080594935672418169,-0.013724803459124338,-0.0055249930382383671,0.068824633772929952,-0.011482328261256208,0.00092530080453786829,0.020890757428873561,-0.2179974871362349,-1.9657979141112616,-0.017032011296440819,0.24070260671414578,-4.4360541027813269,-0.017032011296440819,0.2179974871362349,1.9657979141112616,0.017032011296440819,-0.24070260671414578,4.4360541027813269,0.017032011296440819
hold,0,762,7.6299999999993817,0,0,1,2,2,-0.00080803863420390865,-0.00046554949125857201,0.00073574215620808645,0.015596665908843052,0.31519299020449659,0,-0.9550655787199952,1.6423121813889954,-0.044908647992895942,-0.9931054351861669,1.6399359565612444,0.081114468771885939,0.0012391026369688654,-0.0041518445566709567,0.12143173301926533,0.007471407406575304,-0.0024989642661470851,0.07219537803742955,-0.23224652755476524,-1.9665422299273432,-0.033916289411191895,0.22175857338960842,-4.4325369046135803,-0.033916289411191895,0.23224652755476524,1.9665422299273432,0.033916289411191895,-0.22175857338960842,4.4325369046135803,0.033916289411191895
hold,0,763,7.6399999999993806,0,0,1,2,2,-0.000813175242417849,-0.00055816991867749309,0.00084500753220540328,0.0077692678505943569,0.31519447315253801,0,-0.95495468599613464,1.6423457426669943,-0.045015229949702827,-0.99302107922180971,1.6399131916678313,0.081454706524923648,0.018176370317901265,0.0068759414352052616,-0.094338936825657249,0.023589726311615117,-0.006069986719378001,-0.072668757048231794,-0.25007093702658212,-1.9778385061432109,-0.032773387276433336,0.20496540676971109,-4.4287837630130449,-0.032773387276433336,0.25007093702658212,1.9778385061432109,0.032773387276433336,-0.20496540676971109,4.4287837630130449,0.032773387276433336
hold,0,764,7.6499999999993795,0,0,1,2,2,-0.00081630071798241555,-0.00013561131743435343,0.00068034543063389113,-0.032576939684049219,0.31519190487794907,0,-0.95492064734006732,1.6424281756601355,-0.046630808124382375,-0.9930720359717935,1.6399157062959162,0.080769242336658012,-0.013471076824622195,0.005540908529269222,-0.14125268848657008,-0.023630535477060642,0.0036010953690216027,-0.066320250490658872,-0.21869579913259724,-1.9771629371824049,-0.003207205143641801,0.25259332255825717,-4.4384749621261239,-0.003207205143641801,0.21869579913259724,1.9771629371824049,0.003207205143641801,-0.25259332255825717,4.4384749621261239,0.003207205143641801
hold,0,765,7.6599999999993784,0,0,1,2,2,-0.0008178818674588334,-0.0001737469925428075,0.00057160888452980198,0.0035989393102186179,0.31519241080392602,0,-0.95501854601557379,1.6423751157945037,-0.046350461712276976,-0.99318028623449051,1.6399157421765511,0.080834875032354467,-0.0080159235672523001,-0.011460285390759543,0.13907729515332429,-0.0019185200925883961,-0.0026572505566632805,0.053314822912466905,-0.22336776298591537,-1.9597372643373212,-0.021473235926433389,0.23174730927536097,-4.4322169032455179,-0.021473235926433389,0.22336776298591537,1.9597372643373212,0.021473235926433389,-0.23174730927536097,4.4322169032455179,0.021473235926433389
hold,0,766,7.6699999999993773,0,0,1,2,2,-0.00082009817072464797,-0.00026081558859588797,0.00067284542063550032,0.014446836024884377,0.31519588378064994,0,-0.95505269561314232,1.6423230609854929,-0.045164271210020535,-0.99316655179598801,1.639891464269656,0.081559466785828788,0.0055747737795800133,-0.00035434879060622327,0.062179752494519284,0.0036433336809044326,-0.0024043756573973625,0.085387774727775173,-0.23668526355219943,-1.9704267624653879,-0.031811407927622465,0.22607557999384814,-4.4322755548896238,-0.031811407927622465,0.23668526355219943,1.9704267624653879,0.031811407927622465,-0.22607557999384814,4.4322755548896238,0.031811407927622465
hold,0,767,7.6799999999993762,0,0,1,2,2,-0.00082314469169890436,-0.00031919758620378648,0.00077016085335678019,0.0066297726636417916,0.31519785382790755,0,-0.95489900936371008,1.6423685068640625,-0.045733620340260045,-0.99297580349335934,1.6398507002572051,0.081138928867559454,0.022226710859817419,0.0067059365284529299,-0.13270399903219629,0.014445204772855489,-0.00096317898281714958,-0.043843359774355335,-0.25456669062789472,-1.9778506148130046,-0.030399610192709117,0.21374772248086779,-4.4333906394645961,-0.030399610192709117,0.25456669062789472,1.9778506148130046,0.030399610192709117,-0.21374772248086779,4.4333906394645961,0.030399610192709117
hold,0,768,7.6899999999993751,0,0,1,2,2,-0.00082383423010212731,0.00010911000347520877,0.00061976042031753134,-0.029446822572243358,0.31519710388812866,0,-0.95488651397675672,1.6424179816672508,-0.046998792229128873,-0.99307661250498869,1.6398721631784641,0.080758466196012957,-0.01845326716563871,0.00066433415235234855,-0.069252061654870051,-0.02608392878900968,0.0037307603887535928,-0.034425825937426345,-0.21398667569806551,-1.9722048108624104,-0.0041242186768995388,0.25508332813576773,-4.4382562822062388,-0.0041242186768995388,0.21398667569806551,1.9722048108624104,0.0041242186768995388,-0.25508332813576773,4.4382562822062388,0.0041242186768995388
hold,0,769,7.699999999999374,0,0,1,2,2,-0.00082375481923321892,-5.9004994632502695e-05,0.00058251264591004082,0.013427828744464451,0.31519986746992507,0,-0.95495319803539469,1.6423694439580059,-0.046533681484495666,-0.99315533988118343,1.6398646925254905,0.081090399703050833,0.0013041979067733929,-0.0086876566646595533,0.12301139123073279,0.0044966397238850936,-0.0038303339695963737,0.076771675232622225,-0.23321066830137388,-1.9624645183714386,-0.028713636884640743,0.22513257863243089,-4.4306354226240998,-0.028713636884640743,0.23321066830137388,1.9624645183714386,0.028713636884640743,-0.22513257863243089,4.4306354226240998,0.028713636884640743
hold,0,770,7.7099999999993729,0,0,1,2,2,-0.0008241979073476402,-5.7318606921759238e-05,0.00068659904009022354,0.0083195422936371555,0.31520423078522092,0,-0.95503219883606616,1.642276141347162,-0.044876365312141293,-0.99306462222160152,1.6398176962263118,0.081371187990716368,-0.0072841229219786259,-0.0043785327980340278,0.12296588838433964,0.018392955318465166,-0.0060007943322488164,-0.043219672640667929,-0.22399034106725008,-1.9660272213513135,-0.029616653748649583,0.21051052176119556,-4.4280889918680177,-0.029616653748649583,0.22399034106725008,1.9660272213513135,0.029616653748649583,-0.21051052176119556,4.4280889918680177,0.029616653748649583
hold,0,771,7.7199999999993718,0,0,1,2,2,-0.00082459014033206546,-2.5882412273413061e-05,0.00070759428689619666,-0.002044400085196569,0.31520538678514132,0,-0.95503517060911614,1.6423053007799564,-0.044871988907950758,-0.99298526556104849,1.6398048952924253,0.081032408188451754,0.0048426466019994528,0.0063816246772130797,-0.077195923809961625,0.0014430377301130688,0.0011649569083010734,-0.028042733926092748,-0.23609333640682836,-1.9770206542889155,-0.024094106366835497,0.22682558606512337,-4.4351523356374765,-0.024094106366835497,0.23609333640682836,1.9770206542889155,0.024094106366835497,-0.22682558606512337,4.4351523356374765,0.024094106366835497
hold,0,772,7.7299999999993707,0,0,1,2,2,-0.00082431691636034032,7.2161194523604529e-05,0.00065103201546412191,-0.0080325389218124602,0.31520556841873065,0,-0.95491407861911215,1.6423712364916225,-0.046372887272402581,-0.99303693912831326,1.6398201301760924,0.080940513937153624,0.012433365512507675,0.003755597611499537,-0.15344222351439696,-0.0093231432483808947,0.0014488455991375894,0.0029548316144455827,-0.24465279123736847,-1.9749221129165311,-0.018635776311204388,0.23800515558173546,-4.435558103397649,-0.018635776311204388,0.24465279123736847,1.9749221129165311,0.018635776311204388,-0.23800515558173546,4.435558103397649,0.018635776311204388
hold,0,773,7.7399999999993696,0,0,1,2,2,-0.00082233660813976761,0.00028173619970685868,0.00055250387680676855,-0.011063112276399407,0.31520702055045613,0,-0.95492556938582074,1.6423462663801731,-0.046826959407312421,-0.99318625409455308,1.6398221337783592,0.081261942855463981,-0.010525036293719042,-0.006065469048307055,0.025166961527981424,-0.018562424714914202,-0.00071049219487458225,0.051127009517841,-0.22160246329747305,-1.9649012853651291,-0.014007493947223379,0.24843895677818736,-4.433414794421771,-0.014007493947223379,0.22160246329747305,1.9649012853651291,0.014007493947223379,-0.24843895677818736,4.433414794421771,0.014007493947223379
hold,0,774,7.7499999999993685,0,0,1,2,2,-0.00082049024889883915,0.00010851365333520806,0.00061487019460242001,0.017732356118802868,0.31521118466371612,0,-0.95499721888693689,1.6422331159902548,-0.045422537392008737,-0.99311952442756102,1.639766746095737,0.081426914121281085,-0.00075078763906108893,-0.010476178294438029,0.16752477753996772,0.022311488671475622,-0.0071595469886323879,-0.0051404954315954852,-0.23080351594320175,-1.9595853729996515,-0.03364353235913297,0.20703120605586106,-4.426522638167036,-0.03364353235913297,0.23080351594320175,1.9595853729996515,0.03364353235913297,-0.20703120605586106,4.426522638167036,0.03364353235913297
hold,0,775,7.7599999999993674,0,0,1,2,2,-0.00081885290190865379,0.00020274050645247509,0.00067034793036297412,-0.002571517784349199,0.31521296757179651,0,-0.95499737573200782,1.6422350377505408,-0.045119806381414565,-0.99304737129057707,1.639750466468765,0.081337939064301201,0.0011521725866387629,0.0055056754846090506,-0.056184671642567227,-0.0024766998707718901,0.001439839084829912,-0.011166780627535422,-0.23270522140833416,-1.9755826008609867,-0.023579689261426676,0.23124216950223703,-4.434991787224722,-0.023579689261426676,0.23270522140833416,1.9755826008609867,0.023579689261426676,-0.23124216950223703,4.434991787224722,0.023579689261426676
hold,0,776,7.7699999999993663,0,0,1,2,2,-0.00081678280565739003,0.00021867572741338532,0.00065320459706051551,-0.001114353880197845,0.31521307016576994,0,-0.95489412571420518,1.642291481426656,-0.046236208481189617,-0.99309009269715576,1.6397629592272618,0.081415116741897234,0.010940693024508358,0.0044204368945265117,-0.10490699379057807,-0.0052745347036838837,0.00087218127604597262,0.019979101412628562,-0.24331974198862494,-1.974948911679826,-0.023914764349977462,0.23438177558777848,-4.4345240714839127,-0.023914764349977462,0.24331974198862494,1.974948911679826,0.023914764349977462,-0.23438177558777848,4.4345240714839127,0.023914764349977462
hold,0,777,7.7799999999993652,0,0,1,2,2,-0.00081367751456642989,0.00037542469069985524,0.00060919912118975392,-0.0065781974894137006,0.31521413095363382,0,-0.95492646042227181,1.6422542422539184,-0.046167602365040923,-0.99312006337158876,1.639729607079917,0.081419477014778863,-0.013482762220851189,-0.007846331741897793,0.079788033046158072,0.0021040867290493068,-0.012390200775045622,-0.0063904246308241486,-0.21863760907873236,-1.9623842296615004,-0.019617434299033811,0.22724291955050929,-4.4209948722540631,-0.019617434299033811,0.21863760907873236,1.9623842296615004,0.019617434299033811,-0.22724291955050929,4.4209948722540631,0.019617434299033811
hold,0,778,7.7899999999993641,0,0,1,2,2,-0.00081015862033109731,0.00032193831276462178,0.00061072486868810137,0.0045952330744139201,0.31521460412856706,0,-0.95505135683416076,1.6422004495122171,-0.045126853759198213,-0.99312355872076052,1.6396774384990107,0.081628100228928011,-0.0044264325838070133,0.0004827262516714009,0.05004861390041479,-0.0011279669183223398,-0.0017132842591598202,0.039021486268063017,-0.22669476742066491,-1.9702829457214595,-0.026425757491796778,0.23050293599125507,-4.4312544401226983,-0.026425757491796778,0.22669476742066491,1.9702829457214595,0.026425757491796778,-0.23050293599125507,4.4312544401226983,0.026425757491796778
hold,0,779,7.799999999999363,0,0,1,2,2,-0.00080788027822514819,0.0001723616964714518,0.00069338125243772824,0.010732226767108319,0.31521429441851162,0,-0.95493148156464414,1.6422522333820444,-0.045698475041421507,-0.99296433000547846,1.639657332306234,0.081126307752465432,0.023342281042572216,0.0071212701232227279,-0.12526332494756387,0.019336906497723742,0.00042383350844148464,-0.066527347526978337,-0.25542248320317712,-1.9773357605516293,-0.032729335119421395,0.20876423285295245,-4.433230708348086,-0.032729335119421395,0.25542248320317712,1.9773357605516293,0.032729335119421395,-0.20876423285295245,4.433230708348086,0.032729335119421395
hold,0,780,7.8099999999993619,0,0,1,2,2,-0.00080337305638616963,0.00064459444659169631,0.00055047168934449638,-0.030943170988311106,0.31521151449187551,0,-0.95495767611137117,1.6422897106523544,-0.046702452675166747,-0.99305379859130816,1.6397087640841779,0.080473936290155673,-0.025231101397987638,0.00021269157275415626,-0.042252289172357654,-0.027264290462566582,0.007509080328001386,-0.064533608046438609,-0.206639544388801,-1.9707270001636406,-0.0034842187443183369,0.25608117849988038,-4.4407274093911973,-0.0034842187443183369,0.206639544388801,1.9707270001636406,0.0034842187443183369,-0.25608117849988038,4.4407274093911973,0.0034842187443183369
hold,0,781,7.8199999999993608,0,0,1,2,2,-0.00079852349158408831,0.00038210686142844854,0.00054591909674445117,0.019883146784117574,0.31521253620577216,0,-0.95503920724334512,1.6422466068472512,-0.046050172296305342,-0.99309746142890332,1.6397353820416258,0.080528687830786552,0.0024362590893368371,-0.0087758638084863283,0.14856460276724665,0.011228839670989737,-0.00078348034821035294,0.050465420474571421,-0.23365465582033385,-1.9613936143415747,-0.033860802569948223,0.21793735106708534,-4.4326477923745689,-0.033860802569948223,0.23365465582033385,1.9613936143415747,0.033860802569948223,-0.21793735106708534,4.4326477923745689,0.033860802569948223
hold,0,782,7.8299999999993597,0,0,1,2,2,-0.00079450415387173623,0.00040107893537254469,0.00066957286737553414,0.0073035466646960527,0.31521487211672689,0,-0.95509112206957447,1.6421900657674857,-0.044717590308598433,-0.99305245745807413,1.639744237334134,0.080905797969315435,-0.0030494366301730895,0.00066371329731922026,0.054609699338981466,-1.1451574989446243e-05,0.0019370955735328809,0.02993499087441312,-0.22775364149098914,-1.9703808628092563,-0.030941744023875867,0.22881761054643104,-4.4354392106363774,-0.030941744023875867,0.22775364149098914,1.9703808628092563,0.030941744023875867,-0.22881761054643104,4.4354392106363774,0.030941744023875867
hold,0,783,7.8399999999993586,0,0,1,2,2,-0.00079148591121931677,0.00023701556552103536,0.00076280610379433976,0.010670411293068135,0.31521548172917424,0,-0.95495318100240412,1.6422407734533171,-0.045359973046813919,-0.99302053155275871,1.6397601334039962,0.081156499995498177,0.025370764179625548,0.0068797767741192303,-0.13998641815128468,0.0052927232121450368,0.0013450093033301462,0.022144271901805939,-0.25727737083815061,-1.9770025877727073,-0.035840497200005442,0.22325802851677318,-4.4349742929250722,-0.035840497200005442,0.25727737083815061,1.9770025877727073,0.035840497200005442,-0.22325802851677318,4.4349742929250722,0.035840497200005442
hold,0,784,7.8499999999993575,0,0,1,2,2,-0.00078756010114412744,0.00050494185959891501,0.0006900455751520316,-0.019211552314736764,0.31521427908050681,0,-0.95487233297797713,1.6422715720811776,-0.046589331305670445,-0.99312870257449726,1.6397845247013856,0.081216461319974384,-0.0087315257586811582,-0.00066148517545137528,-0.070499143774043788,-0.02159979933874305,0.0031438277670672601,-0.004277895259507186,-0.22382186509525975,-1.9697077148460205,-0.015653592260998862,0.25101591924156963,-4.4369682417679241,-0.015653592260998862,0.22382186509525975,1.9697077148460205,0.015653592260998862,-0.25101591924156963,4.4369682417679241,0.015653592260998862
hold,0,785,7.8599999999993564,0,0,1,2,2,-0.00078344897913047717,0.00034889917774736978,0.00067295304516263785,0.0099617629814839504,0.31521479559003873,0,-0.95492893284946523,1.6421970891006119,-0.04602035596061993,-0.99320280081449563,1.6397839268676297,0.081526545337936171,-0.0041064128012534059,-0.011240691559343853,0.14086567709816511,0.002073815329637998,-0.0021182829174264789,0.053750513391834981,-0.22799417908078276,-1.9585326446176026,-0.032491208049684368,0.22793509049317562,-4.4317013484133838,-0.032491208049684368,0.22799417908078276,1.9585326446176026,0.032491208049684368,-0.22793509049317562,4.4317013484133838,0.032491208049684368
hold,0,786,7.8699999999993553,0,0,1,2,2,-0.00078089071848369551,0.0001781585472014308,0.00078625807958494515,0.012189207721746179,0.31521551911781176,0,-0.95497171072657716,1.6421360745676019,-0.044760557170645261,-0.9930375632334929,1.6397497665595462,0.081241839438130944,0.0031340895132012389,0.0010743993651006253,0.047814879529314104,0.024819787198126483,-0.0025903875767743119,-0.080930192838256698,-0.23489245837834194,-1.9703596192779671,-0.037426857460994785,0.20386721797666529,-4.4309559612893681,-0.037426857460994785,0.23489245837834194,1.9703596192779671,0.037426857460994785,-0.20386721797666529,4.4309559612893681,0.037426857460994785
hold,0,787,7.8799999999993542,0,0,1,2,2,-0.0007783080952859095,0.00031179241594780633,0.00074393955602710413,-0.015178302348648916,0.31521210231355212,0,-0.95494954679779576,1.642219218033415,-0.045639290664501973,-0.99297081088916106,1.6397772112320401,0.08033836316600107,0.0020445806800971568,0.011800188170621588,-0.17434310918083298,-0.0049961345114760431,0.0056901394575842035,-0.096917447308013632,-0.2339802609754891,-1.9817505558099926,-0.019274582972758976,0.23314912093161305,-4.439456045703678,-0.019274582972758976,0.2339802609754891,1.9817505558099926,0.019274582972758976,-0.23314912093161305,4.439456045703678,0.019274582972758976
hold,0,788,7.8899999999993531,0,0,1,2,2,-0.00077436802290457851,0.00044690724964049639,0.00060687584562302461,-0.012725434822989655,0.31520905011065259,0,-0.95503180493589812,1.6422380907653014,-0.046114987277903009,-0.99304717998830627,1.6398198035746445,0.079700722629789472,-0.015843780376701491,-0.0033912263275080604,0.03455163698859736,-0.0091214499664794904,0.0031169754935051622,-0.042946356071409744,-0.21543383481387152,-1.9667101231669541,-0.016168323134192676,0.23788538917977819,-4.4372236204804336,-0.016168323134192676,0.21543383481387152,1.9667101231669541,0.016168323134192676,-0.23788538917977819,4.4372236204804336,0.016168323134192676
hold,0,789,7.899999999999352,0,0,1,2,2,-0.00077082053578420018,0.00028351891212050772,0.00062675951339366759,0.011766834569921858,0.3152096182421753,0,-0.95511969249420814,1.6422272190135963,-0.045395438307978125,-0.99303216754905987,1.6398300709295093,0.079624514892881526,0.0014143313095103457,0.0023124889098365678,0.050559906725899995,0.0087155927222754177,-0.0003872184586090361,0.01499947738920163,-0.23198884603360323,-1.9723268643906577,-0.031476567914244545,0.2199282469770521,-4.4338015653672374,-0.031476567914244545,0.23198884603360323,1.9723268643906577,0.031476567914244545,-0.2199282469770521,4.4338015653672374,0.031476567914244545
hold,0,790,7.9099999999993509,0,0,1,2,2,-0.00076805172443396297,0.00028320017823950594,0.00068997025536872945,0.0027214185371396849,0.31521063633437119,0,-0.95502195813746293,1.6422795814865747,-0.045949990858752288,-0.99299313373561571,1.6398334067372191,0.079706116454851858,0.010925946908638717,0.0037365649753762428,-0.078782942215682467,0.00072658210054422933,0.00071298856727545221,0.0040280097054786529,-0.24228233648669323,-1.9741698402400252,-0.028284338587142799,0.22760498709122995,-4.4349284588548006,-0.028284338587142799,0.24228233648669323,1.9741698402400252,0.028284338587142799,-0.22760498709122995,4.4349284588548006,0.028284338587142799
hold,0,791,7.9199999999993498,0,0,1,2,2,-0.00076438842965873,0.00042731307478495847,0.00065001083867392319,-0.0084555055883245821,0.31521077303793976,0,-0.95504276716556435,1.6422764775626681,-0.046112271784430496,-0.99305494308153675,1.6398405730291443,0.079758271955295737,-0.012884291774406257,-0.0047568387623481388,0.047653685465426317,-0.010774611840316788,0.00069543179641477998,0.0060551544204817996,-0.2183056255788369,-1.9656516051110482,-0.020480979800059442,0.23960065579945927,-4.434968232419342,-0.020480979800059442,0.2183056255788369,1.9656516051110482,0.020480979800059442,-0.23960065579945927,4.434968232419342,0.020480979800059442
hold,0,792,7.9299999999993487,0,0,1,2,2,-0.00076127160338192168,0.00021903654699740536,0.00070490293141846556,0.014735265257123743,0.31521220467115613,0,-0.95511574045622361,1.6422045534597705,-0.044978661506482283,-0.99304271165684344,1.6398306395294497,0.08001823719003541,0.0033245258012650821,-0.0036318063063869185,0.085223273398945781,0.0091969149700687064,-0.0020139502103688964,0.038846093249630488,-0.23393065682923422,-1.966201244743828,-0.036101575418278714,0.2195312775915273,-4.4321793824150015,-0.036101575418278714,0.23393065682923422,1.966201244743828,0.036101575418278714,-0.2195312775915273,4.4321793824150015,0.036101575418278714
hold,0,793,7.9399999999993476,0,0,1,2,2,-0.00075944612895678665,0.00015982811453693399,0.00078284377381571742,0.0031679992131172707,0.31521241568686648,0,-0.95500033973940335,1.6422427625141416,-0.045480167388892427,-0.99299959438061558,1.6398290930122392,0.080201887385029286,0.017500391082434005,0.0073595782080029563,-0.13609602870081672,0.00099665314318180724,0.0010511967468364758,0.0054290488864625923,-0.24902972784496522,-1.9774983016931869,-0.031572939701295613,0.22738660120859136,-4.4352321572345224,-0.031572939701295613,0.24902972784496522,1.9774983016931869,0.031572939701295613,-0.22738660120859136,4.4352321572345224,0.031572939701295613
hold,0,794,7.9499999999993465,0,0,1,2,2,-0.00075682715236823073,0.00033855890239071964,0.00070658038073256922,-0.014793138504159302,0.31521055800535985,0,-0.95493929229800401,1.6422746070391834,-0.046574275296299726,-0.99308949222431409,1.6398446035878835,0.080186866845525159,-0.0067476188453742475,-0.00096055451942487504,-0.05012298727139191,-0.015654942620725074,0.00185774834336784,-0.0059477131628598561,-0.22527009744835169,-1.9694329251660934,-0.018253489418035403,0.24475737972208628,-4.4361627934362087,-0.018253489418035403,0.22527009744835169,1.9694329251660934,0.018253489418035403,-0.24475737972208628,4.4361627934362087,0.018253489418035403
hold,0,795,7.9599999999993454,0,0,1,2,2,-0.00075410699593869701,0.00022119696318945669,0.00068888993020772989,0.0068948594328846402,0.31521036310130229,0,-0.95500904053095903,1.6422156321234815,-0.045967301124595204,-0.99314295657614438,1.6398417959585507,0.080394278865669383,-0.005869018186115826,-0.0054263841104124546,0.10730671406618189,0.001538958177136045,-0.0016291405318068881,0.037896162684623771,-0.22559071224396993,-1.964495296249491,-0.03056551175502719,0.2279911937388675,-4.4326534435263714,-0.03056551175502719,0.22559071224396993,1.964495296249491,0.03056551175502719,-0.2279911937388675,4.4326534435263714,0.03056551175502719
hold,0,796,7.9699999999993443,0,0,1,2,2,-0.00075269688519333244,7.3120022474660294e-05,0.0007864833589714649,0.011619693198299596,0.3152107784917304,0,-0.95504606400459924,1.6421833317359156,-0.044960433521040767,-0.99309394182338218,1.6398320895465139,0.080713806543258604,0.0050596943360983644,0.0022913393199606737,0.027740036197963086,0.0070721503325459102,-0.00048304442130904827,0.028339667540640816,-0.23622323697706243,-1.9719546165793365,-0.036575726278442258,0.22206588356136003,-4.4337218883405747,-0.036575726278442258,0.23622323697706243,1.9719546165793365,0.036575726278442258,-0.22206588356136003,4.4337218883405747,0.036575726278442258
hold,0,797,7.9799999999993432,0,0,1,2,2,-0.00075229712628981094,2.8424035868303903e-05,0.00083468913021941577,0.00031857766938112823,0.31520920913396072,0,-0.95491616602672114,1.6422516997059287,-0.045860945138612899,-0.99306836649464292,1.6398416832459579,0.080798887702384414,0.013981916001333108,0.0063287368338368101,-0.12189690322547889,-0.00048352026010384437,0.0018507659411468994,-0.0040728132011545832,-0.24618464246532201,-1.9765389578533172,-0.031116699686901818,0.22941695152409572,-4.4361324482985829,-0.031116699686901818,0.24618464246532201,1.9765389578533172,0.031116699686901818,-0.22941695152409572,4.4361324482985829,0.031116699686901818
hold,0,798,7.9899999999993421,0,0,1,2,2,-0.00075125486140963094,0.00015688710204029682,0.00075785898279681499,-0.013008161200256472,0.31520639590133553,0,-0.95490272977309765,1.6422963251247356,-0.046659234746998346,-0.99314817988386861,1.639863133277383,0.080718216555051472,-0.0079851916487577272,0.0023005529101863204,-0.041861018254358055,-0.012983278549769234,0.0023376989282552761,-0.010722433301696681,-0.22432502484421907,-1.972867777280122,-0.020408601410734924,0.24255521692756665,-4.4367909815370918,-0.020408601410734924,0.22432502484421907,1.972867777280122,0.020408601410734924,-0.24255521692756665,4.4367909815370918,0.020408601410734924
hold,0,799,7.999999999999341,0,0,1,2,2,-0.00075041942977879805,3.463797599639743e-05,0.00075027475833118647,0.0074091071758990486,0.31520558783098496,0,-0.95497835515063567,1.6422475440395399,-0.04595703273663234,-0.99317705738029338,1.6398654129057835,0.080841661952694779,-0.0078824299636928771,-0.0087715719079727722,0.14415175959869603,0.0038756400057148237,-0.0011435236455188294,0.02717384993159596,-0.22382278350897974,-1.9614054037803974,-0.032286979850409438,0.22592731834348079,-4.4333279959905214,-0.032286979850409438,0.22382278350897974,1.9614054037803974,0.032286979850409438,-0.22592731834348079,4.4333279959905214,0.032286979850409438
hold,0,800,8.0099999999993443,0,0,1,2,2,-0.00075100701967928396,-0.0001355097171137388,0.00085072092821821335,0.011752028065928202,0.31520516037624458,0,-0.9550393871661701,1.6422017768333887,-0.044666797570975927,-0.99310524203732586,1.6398641084794532,0.081029416614850192,0.0025649530426661692,0.0020728570524453744,0.050448818592271565,0.0093229460995960071,0.00058890826852152031,0.013492648343988303,-0.23378191039106339,-1.9718836950916065,-0.038040756520760582,0.21990548950585942,-4.4350499924939193,-0.038040756520760582,0.23378191039106339,1.9718836950916065,0.038040756520760582,-0.21990548950585942,4.4350499924939193,0.038040756520760582
hold,0,801,8.0199999999993477,0,0,1,2,2,-0.00075287686816932764,-0.000220490463771758,0.00090121812660161327,0.00058153245982729132,0.3152024890408136,0,-0.95491432902449191,1.6422826188271165,-0.045536184194317007,-0.99305343288056291,1.639885008614242,0.08094873244258001,0.019542334572871311,0.010786738606887737,-0.17452551988423243,0.002379194683224636,0.0030615572868982785,-0.021933900699958798,-0.251759757054694,-1.9812443125958707,-0.032523709963216726,0.2264347676681272,-4.4376898425906068,-0.032523709963216726,0.251759757054694,1.9812443125958707,0.032523709963216726,-0.2264347676681272,4.4376898425906068,0.032523709963216726
hold,0,802,8.029999999999351,0,0,1,2,2,-0.00075381520669468016,-1.7416549166629838e-06,0.00077789597683047503,-0.020913248335177229,0.31519849470856931,0,-0.95484960416375131,1.6423448226284019,-0.047023092703812525,-0.99315152729429079,1.6399191952809948,0.080673903192192073,-0.0074648832482798579,0.0019370900773576808,-0.090815152057189513,-0.017912582988327541,0.0036316746822318237,-0.03123833845074753,-0.22527033811946767,-1.9728922944766238,-0.015332709815052362,0.24751130064950241,-4.4385334533199634,-0.015332709815052362,0.22527033811946767,1.9728922944766238,0.015332709815052362,-0.24751130064950241,4.4385334533199634,0.015332709815052362
hold,0,803,8.0399999999993543,0,0,1,2,2,-0.00075441046138094436,-9.8159834892285223e-05,0.00071548221904515412,0.0035429850094419431,0.31519722422865981,0,-0.95490543499846092,1.6423182554412072,-0.04687530268813099,-0.9932220524895139,1.6399262278980604,0.080733728030331839,-0.0043228706832824006,-0.0057434016688070674,0.084698236403320526,0.00026265772375674195,-0.0012004413792576735,0.029824624823025902,-0.22796570400678823,-1.964999265232902,-0.027727956156507385,0.22990026149920295,-4.4337575981949984,-0.027727956156507385,0.22796570400678823,1.964999265232902,0.027727956156507385,-0.22990026149920295,4.4337575981949984,0.027727956156507385
hold,0,804,8.0499999999993577,0,0,1,2,2,-0.00075566269139806796,-0.00014197659605080532,0.00077844503172674992,0.0081334384727891739,0.31519760773364391,0,-0.95503158881171901,1.6422335116504565,-0.045174361227352855,-0.99319920574325815,1.6399163893130893,0.081063818919841879,-0.018540070012079239,-0.0098791015840443731,0.22768350499824283,0.0036240227951193889,-0.00085920038016494614,0.035375285237743179,-0.21273927417192665,-1.9601856149916588,-0.03285784375136442,0.22635612245779435,-4.4340201305143214,-0.03285784375136442,0.21273927417192665,1.9601856149916588,0.03285784375136442,-0.22635612245779435,4.4340201305143214,0.03285784375136442
hold,0,805,8.059999999999361,0,0,1,2,2,-0.00075925203487432757,-0.0005007639698333396,0.00095028035266246213,0.023219210566885185,0.31519709150604808,0,-0.95498689045710927,1.6422466003905871,-0.044366246893067132,-0.99306012962240198,1.6399153312431216,0.081318528636755677,0.020747052825580297,0.0064364512782174171,-0.01124181724688085,0.020726070746519675,0.00036084708115470868,0.019347082991625228,-0.2523839838464641,-1.9766058777749655,-0.047137362991478138,0.20814146553954466,-4.4352317134159005,-0.047137362991478138,0.2523839838464641,1.9766058777749655,0.047137362991478138,-0.20814146553954466,4.4352317134159005,0.047137362991478138
hold,0,806,8.0699999999993643,0,0,1,2,2,-0.00076334640270873944,-0.00034841278407783162,0.00094010946053189415,-0.017175661100072653,0.31519274794363772,0,-0.95482745166705718,1.642364440567003,-0.045986036879534953,-0.99304775788239419,1.6399526563936402,0.081076036739448229,0.012941645108648087,0.014382275377857603,-0.25872164805856834,-0.011831118737068033,0.0059313480009058669,-0.052350271450525884,-0.24585408644994863,-1.9854944232859331,-0.022136822690116909,0.24059968110307006,-4.4411008155397997,-0.022136822690116909,0.24585408644994863,1.9854944232859331,0.022136822690116909,-0.24059968110307006,4.4411008155397997,0.022136822690116909
hold,0,807,8.0799999999993677,0,0,1,2,2,-0.00076588625509373121,-0.00019337694137392205,0.00075695254138134793,-0.019075770500636732,0.31518847317608339,0,-0.95481849939721175,1.6424094501806816,-0.047354426906811659,-0.99319658995325899,1.6399896187288405,0.080778187632479515,-0.0078452942708966307,-0.00072665126208259568,-0.058610780439912205,-0.016860650130445368,0.0022705611724867379,-0.015677545566692361,-0.22513876522916737,-1.9707455735554218,-0.014560875044338874,0.24681986906336584,-4.4377357273929832,-0.014560875044338874,0.22513876522916737,1.9707455735554218,0.014560875044338874,-0.24681986906336584,4.4377357273929832,0.014560875044338874
hold,0,808,8.089999999999371,0,0,1,2,2,-0.00076824233310494872,-0.00026366535220136459,0.00071011321023039587,0.0049137310240278485,0.31518842528302626,0,-0.95490674460532099,1.6423430687523299,-0.046658571781160611,-0.9932641144664851,1.6399848016788656,0.081010891946945454,-0.0098577674333524476,-0.010043369692058209,0.15449047201445729,5.8950928201153847e-05,-0.002278522247549466,0.048397022214076116,-0.22242033040183762,-1.9608978036986326,-0.02741760635590066,0.23044046411052821,-4.4331481075731478,-0.02741760635590066,0.22242033040183762,1.9608978036986326,0.02741760635590066,-0.23044046411052821,4.4331481075731478,0.02741760635590066
hold,0,809,8.0999999999993744,0,0,1,2,2,-0.00077169880387154,-0.00041499234966396866,0.00082103949579748518,0.015161422012758921,0.3151897217429579,0,-0.95501882856286624,1.6422611576260198,-0.044719986575492289,-0.99321015794682466,1.6399652688848554,0.081530417052268656,-0.0049109942738020437,-0.0021911724358124616,0.1488029215384182,0.0088956914546573316,-0.0016904750521893556,0.05460616211922624,-0.22647043190102603,-1.968094711944397,-0.037399490637832364,0.22117207142678846,-4.433579892416426,-0.037399490637832364,0.22647043190102603,1.968094711944397,0.037399490637832364,-0.22117207142678846,4.433579892416426,0.037399490637832364
hold,0,810,8.1099999999993777,0,0,1,2,2,-0.00077713298756090787,-0.00062864016895887919,0.00095397035037023624,0.012043143385370022,0.31518917412692699,0,-0.95492254174958968,1.6423197257423445,-0.044691840608774333,-0.99299087326914171,1.6399382663396207,0.081135597016591315,0.019907912945172516,0.0095249665062937597,-0.089622370874311241,0.029297010819394231,-0.0017677311751927382,-0.099549258681596919,-0.25205963362621309,-1.9802793958171012,-0.039482270310389589,0.19901647464058794,-4.4332866159315456,-0.039482270310389589,0.25205963362621309,1.9802793958171012,0.039482270310389589,-0.19901647464058794,4.4332866159315456,0.039482270310389589
hold,0,811,8.119999999999381,0,0,1,2,2,-0.0007810677964527335,-0.00022909606591364068,0.00078456410790648536,-0.036234683468963157,0.31518445136349044,0,-0.95486280002646229,1.6424452002562804,-0.046700381687363846,-0.99300268026679805,1.6399781892366572,0.080013137356116579,-0.007813060758127292,0.011844814019162198,-0.23112344238280369,-0.021032993044464463,0.0071707479817230968,-0.12105634554678336,-0.22481659370793239,-1.9836030394414566,-0.0046042160692424117,0.24944093448569743,-4.442544478264753,-0.0046042160692424117,0.22481659370793239,1.9836030394414566,0.0046042160692424117,-0.24944093448569743,4.442544478264753,0.0046042160692424117
hold,0,812,8.1299999999993844,0,0,1,2,2,-0.00078301178205113231,-0.00017353365683739759,0.00058605463466393851,-0.0089265332728361204,0.31518288907129172,0,-0.95494624129826844,1.6424434062279989,-0.047325177748690633,-0.9931306344869606,1.640007150494831,0.079513893197555197,-0.0093969882192259709,-0.0069561676345997019,0.047262045912242229,-0.0069471190120623701,-0.00010724242716311175,-0.0047230603010577146,-0.22256513607238451,-1.9647877055614427,-0.014260970882698735,0.23637869421459567,-4.4354981779212572,-0.014260970882698735,0.22256513607238451,1.9647877055614427,0.014260970882698735,-0.23637869421459567,4.4354981779212572,0.014260970882698735
hold,0,813,8.1399999999993877,0,0,1,2,2,-0.00078465060964111322,-0.00015634870644656978,0.00059604969285686896,0.0076205383198226281,0.31518627694582674,0,-0.95510430714326522,1.6423289314480796,-0.045587345079548189,-0.99315211441319962,1.6399900782407579,0.079851613551599643,-0.020461714333581422,-0.014048327761509395,0.25861357528762835,0.001197276514069634,-0.0028663423035301156,0.058866585952895394,-0.21023588319805481,-1.9567797471951784,-0.025165268431003314,0.22840613809837584,-4.4326025000123055,-0.025165268431003314,0.21023588319805481,1.9567797471951784,0.025165268431003314,-0.22840613809837584,4.4326025000123055,0.025165268431003314
hold,0,814,8.1499999999993911,0,0,1,2,2,-0.00078807209881608109,-0.00046243328236694113,0.00079099788305571296,0.027414901208477047,0.31519027582223991,0,-0.95508252091462142,1.6423024021108945,-0.044289583437973463,-0.99303199514318474,1.6399621460547777,0.080507738159879313,0.018291457894900671,0.0025416446862071371,0.049676553533121649,0.019221571956939281,-0.0028162205779441308,0.070552213862654187,-0.24916334525568726,-1.9731574849454145,-0.043616125439758721,0.2094208884953872,-4.43242916425005,-0.043616125439758721,0.24916334525568726,1.9731574849454145,0.043616125439758721,-0.2094208884953872,4.43242916425005,0.043616125439758721
hold,0,815,8.1599999999993944,0,0,1,2,2,-0.00079187392487754804,-0.00032399975254676167,0.00084937302151170458,-0.0085472227594544509,0.3151905809571513,0,-0.95493239642193362,1.6423842355374876,-0.045248574361431947,-0.9930146786937244,1.6399655226972261,0.080822741605912712,0.013035055680196781,0.010950095564206808,-0.18903939928734342,-0.010036046740964429,0.0023774663938828005,0.006761699805741813,-0.24510793898248584,-1.9822206032361587,-0.024037574854895612,0.23853997559760812,-4.4376498643614637,-0.024037574854895612,0.24510793898248584,1.9822206032361587,0.024037574854895612,-0.23853997559760812,4.4376498643614637,0.024037574854895612
hold,0,816,8.1699999999993977,0,0,1,2,2,-0.00079458206006932652,-0.00022239917998167927,0.00074354073949327987,-0.011895610235225763,0.31518991687466957,0,-0.95478763582550208,1.6424466185106112,-0.047128661841886132,-0.99314483775981288,1.6399742207763082,0.081025211635999655,0.0080430416880448441,0.00031112797398020076,-0.12430089619061446,-0.014982058322625429,-0.000149648114114268,0.028988579888739634,-0.2412740097617862,-1.9720806994309215,-0.018306239492444608,0.24452725970797701,-4.4351923344861239,-0.018306239492444608,0.2412740097617862,1.9720806994309215,0.018306239492444608,-0.24452725970797701,4.4351923344861239,0.018306239492444608
hold,0,817,8.1799999999994011,0,0,1,2,2,-0.00079620895391085966,-0.00012282040305671278,0.00066269980691870014,-0.0055393528145515399,0.31519147464796143,0,-0.9548124711746534,1.642386240083767,-0.047125159179103038,-0.99328839976992922,1.6399563188059152,0.081584877273643178,-0.010017542187098816,-0.0094091446868777694,0.082148314580430704,-0.013931569327369345,-0.0028490940409385017,0.073618506238443737,-0.223014743093432,-1.9618773993553094,-0.019664418676754052,0.24462526679365165,-4.4323496727961551,-0.019664418676754052,0.223014743093432,1.9618773993553094,0.019664418676754052,-0.24462526679365165,4.4323496727961551,0.019664418676754052
hold,0,818,8.1899999999994044,0,0,1,2,2,-0.00079875178579488781,-0.00032982048876852303,0.00074806642894898725,0.017955992395227591,0.31519472149226418,0,-0.9548853977533196,1.6423018044575062,-0.045612687461434188,-0.99311973536348708,1.6398899622748528,0.081349888934651365,-0.0040884336638295641,-0.0073031705741592925,0.18566647262916047,0.022563309809625048,-0.0048990940445897092,-0.0060734473598918967,-0.22836043898737163,-1.9633078884579414,-0.036670968546238816,0.20678107240512011,-4.4297688205440053,-0.036670968546238816,0.22836043898737163,1.9633078884579414,0.036670968546238816,-0.20678107240512011,4.4297688205440053,0.036670968546238816
hold,0,819,8.1999999999994078,0,0,1,2,2,-0.00080196879004099109,-0.0003144479418723171,0.00081704073166958332,-0.0004727649791556412,0.31519542454996935,0,-0.95488545026186356,1.6423272253466155,-0.04523416120207021,-0.99301428466890862,1.6398869875139379,0.081166507332860044,0.0033373750792878294,0.0073486306689612927,-0.055387023967454818,0.0028013051420772766,0.0022972440322215695,-0.026132945784860497,-0.23578582766213738,-1.9781630568139361,-0.027867948441549165,0.22569947151604022,-4.4369413605334973,-0.027867948441549165,0.23578582766213738,1.9781630568139361,0.027867948441549165,-0.22569947151604022,4.4369413605334973,0.027867948441549165
hold,0,820,8.2099999999994111,0,0,1,2,2,-0.0008048351782498353,-0.00025406433356507679,0.00077035004019839046,-0.0074207899627001233,0.31519440044357355,0,-0.95479775004404688,1.642394856261278,-0.04638761627874044,-0.993040783684776,1.6399109663930882,0.080993752356801868,0.0053491199913073238,0.0024327152981701234,-0.088548489467878702,-0.0061134749622439224,0.0022432731096241739,-0.011603266269350336,-0.23849917431669029,-1.9737881887604454,-0.021976424281319566,0.23482624374730043,-4.4370792206441019,-0.021976424281319566,0.23849917431669029,1.9737881887604454,0.021976424281319566,-0.23482624374730043,4.4370792206441019,0.021976424281319566
hold,0,821,8.2199999999994144,0,0,1,2,2,-0.00080672601924149101,-0.0001402523930296506,0.00069339354131994367,-0.007858409366122858,0.31519457522958949,0,-0.95483802891960301,1.6423790880018663,-0.046475441869503274,-0.99313084978337418,1.6399221206937242,0.081094728812400624,-0.012300964084279817,-0.0062414734658085089,0.066992659705682245,-0.01084175137897911,0.00030015748750689765,0.024129431751251984,-0.2205268592366541,-1.9649878539211729,-0.019288731873692747,0.24027504895282109,-4.4352253394270731,-0.019288731873692747,0.2205268592366541,1.9649878539211729,0.019288731873692747,-0.24027504895282109,4.4352253394270731,0.019288731873692747
hold,0,822,8.2299999999994178,0,0,1,2,2,-0.00080912269256651348,-0.00030903502817082021,0.00074553304630379429,0.013917792361857079,0.31519674397388042,0,-0.95490064032711053,1.642333132078265,-0.04543656441218144,-0.99313732122357135,1.6399081405266263,0.081594193416607286,0.00098105993094943673,-0.0035636141105371273,0.10678758536909241,0.0061713346424822884,-0.0025152860024322092,0.066859136496868352,-0.2333079919918232,-1.9672980658876345,-0.034113424852760699,0.22331373445293701,-4.4322980546003503,-0.034113424852760699,0.2333079919918232,1.9672980658876345,0.034113424852760699,-0.22331373445293701,4.4322980546003503,0.034113424852760699
hold,0,823,8.2399999999994211,0,0,1,2,2,-0.00081295866875931433,-0.00041867710942822072,0.00084009076336663861,0.0065228316934964319,0.31519811229857697,0,-0.95478466922438832,1.6423643466882014,-0.04568504330290684,-0.99291217694973088,1.6398688917384481,0.080937142963846145,0.019111695603215482,0.0062235589172594166,-0.10825581790881983,0.018380739385270784,-0.00050485823913474516,-0.070712609855749925,-0.25236639648586695,-1.977334955794922,-0.032570996103623809,0.20930317551942484,-4.4339944920582219,-0.032570996103623809,0.25236639648586695,1.977334955794922,0.032570996103623809,-0.20930317551942484,4.4339944920582219,0.032570996103623809
hold,0,824,8.2499999999994245,0,0,1,2,2,-0.00081465442122728715,4.4611241654369214e-06,0.00067518243963876872,-0.031803353351906545,0.3151962233027959,0,-0.95483110581291109,1.6423922597440161,-0.046527533408056598,-0.99298310495813913,1.639898519486219,0.080248795237819803,-0.025797640597405674,-0.00085870865076847266,-0.026243169301665446,-0.023722042976198864,0.0048100769501616429,-0.06796737395177764,-0.20708556757706365,-1.9704759926734119,-0.0042744054717782712,0.25197338194816044,-4.4395464492296863,-0.0042744054717782712,0.20708556757706365,1.9704759926734119,0.0042744054717782712,-0.25197338194816044,4.4395464492296863,0.0042744054717782712
hold,0,825,8.2599999999994278,0,0,1,2,2,-0.00081592869711440141,-0.00023009093201848869,0.00063573459206330897,0.014584353720190716,0.31519783705225018,0,-0.9549632604207885,1.642322715884569,-0.04551408094108992,-0.99301785588075631,1.6399014701361123,0.080255627458714035,0.00063441062717468043,-0.0056237413617544404,0.12233087537962466,0.010245929602705935,-0.0027345871351028457,0.044597442706727608,-0.2324603819386247,-1.965154609086849,-0.03061532380110172,0.21828341675019305,-4.4320253903435685,-0.03061532380110172,0.2324603819386247,1.965154609086849,0.03061532380110172,-0.21828341675019305,4.4320253903435685,0.03061532380110172
hold,0,826,8.2699999999994311,0,0,1,2,2,-0.00081813821125838182,-0.0002129543744049976,0.00071504496881476742,0.0034977598246762887,0.31520076712645639,0,-0.95489141494639518,1.6423391223524586,-0.045525597037960053,-0.99298544854518456,1.6398888192916634,0.080660450891295227,0.012051081838640412,0.0050666817023933084,-0.079157917765968505,-0.0014084864827666925,-0.00039366232386775241,0.038330702584310219,-0.24445181694523699,-1.9759762838941133,-0.026856274413497354,0.22967857415109166,-4.4342651083992122,-0.026856274413497354,0.24445181694523699,1.9759762838941133,0.026856274413497354,-0.22967857415109166,4.4342651083992122,0.026856274413497354
hold,0,827,8.2799999999994345,0,0,1,2,2,-0.00081949817999610319,-7.6121703834604705e-05,0.0006820415595687121,-0.007804585681906312,0.31520221502146284,0,-0.95479339185687628,1.6423723243810979,-0.046523914175866647,-0.99307447909503543,1.63988337521682,0.081097125708936596,0.0024434545694576185,0.0016873476958967374,-0.071844872025303402,-0.01390136014596032,-0.00068882568501227597,0.047462113929917039,-0.23562837439220535,-1.9728625661167314,-0.019193435347508336,0.24288369221309231,-4.4339263924393206,-0.019193435347508336,0.23562837439220535,1.9728625661167314,0.019193435347508336,-0.24288369221309231,4.4339263924393206,0.019193435347508336
hold,0,828,8.2899999999994378,0,0,1,2,2,-0.00082013564665447958,-6.9572469869112942e-05,0.00066438577440762383,0.0022173319968450027,0.31520493785140946,0,-0.95483464466383916,1.6423063884875524,-0.046013033373458169,-0.99313625461061883,1.6398476526056376,0.08156908310100576,-0.0092837295071458558,-0.01088739096383428,0.13170963407886882,0.013307505621967339,-0.0091546142420995784,-0.034507139174177442,-0.22357116785989883,-1.9597603403086361,-0.024840818917988838,0.21616903056983183,-4.4251748229927736,-0.024840818917988838,0.22357116785989883,1.9597603403086361,0.024840818917988838,-0.21616903056983183,4.4251748229927736,0.024840818917988838
hold,0,829,8.2999999999994412,0,0,1,2,2,-0.0008207588300841312,-5.3763970897644758e-05,0.00066001463804060147,-0.0021951321009990301,0.31520632170071722,0,-0.95493614004119109,1.6422681077931756,-0.045166055490499825,-0.99289682208602281,1.6397808422624709,0.080229391533822914,-0.0053165218126105009,0.0025542494535948611,0.0094459257819984738,0.016384776477322633,-0.0012264921092502009,-0.11772717223359661,-0.22672641253561873,-1.9728957351710505,-0.021976002429710779,0.21117629951770839,-4.4325684623802895,-0.021976002429710779,0.22672641253561873,1.9728957351710505,0.021976002429710779,-0.21117629951770839,4.4325684623802895,0.021976002429710779
hold,0,830,8.3099999999994445,0,0,1,2,2,-0.00082022102434428645,0.00012500073531202877,0.00056656784434331372,-0.014109221011307221,0.31520566104925418,0,-0.95495226400286537,1.6423321305516307,-0.04598367077982022,-0.99287426848639249,1.6398024863437402,0.079371934628775231,0.0011993732286248702,0.0080000002385782077,-0.13994064699496775,-0.0065176051851053062,0.0036561202071961419,-0.065617351235638943,-0.2331133158834599,-1.9788536680236755,-0.011779364506992643,0.23389825238309372,-4.4376242273468902,-0.011779364506992643,0.2331133158834599,1.9788536680236755,0.011779364506992643,-0.23389825238309372,4.4376242273468902,0.011779364506992643
hold,0,831,8.3199999999994478,0,0,1,2,2,-0.0008176683631215681,0.00033799510837565915,0.00045158043901826026,-0.0097665377469882721,0.31520709693851456,0,-0.95504947742201873,1.6423163342318898,-0.046029719055191716,-0.99297920195431744,1.6398205943557995,0.079213224271318605,-0.016754691861294808,-0.0054790610323580662,0.070869030561672985,-0.012818207313182723,0.00032848861581027987,0.016039513836859209,-0.21438154344031332,-1.9652482361948118,-0.01116416605498001,0.24103832225457075,-4.4344414598519792,-0.01116416605498001,0.21438154344031332,1.9652482361948118,0.01116416605498001,-0.24103832225457075,4.4344414598519792,0.01116416605498001
hold,0,832,8.3299999999994512,0,0,1,2,2,-0.00081523466994574967,0.00017115775534301417,0.00052611300434259772,0.01890232280012755,0.31521239442597776,0,-0.95505195655920194,1.6422713833951459,-0.045363099138428141,-0.99298706998932995,1.639798184567663,0.079812962712763155,0.015951066155309272,-0.0015446832120469863,0.018001609142006658,0.0073438758570323727,-0.0039996816339436699,0.088645162163097008,-0.24706746835945173,-1.9688230073211714,-0.031238290595174627,0.22093918336445578,-4.4299340112971333,-0.031238290595174627,0.24706746835945173,1.9688230073211714,0.031238290595174627,-0.22093918336445578,4.4299340112971333,0.031238290595174627
hold,0,833,8.3399999999994545,0,0,1,2,2,-0.00081254643451569852,0.00033969236191691316,0.00058088624880805648,-0.0034578047255298177,0.31521675451801212,0,-0.95490128036830102,1.6422997025387509,-0.046221726563701812,-0.99304307860874708,1.6397742489163281,0.080595709580004324,0.011516211787032033,0.0051281025021378181,-0.13129306370277868,-0.014283350498562003,-0.0014073327742457383,0.072350027903163999,-0.24383802351838185,-1.9757223461841964,-0.020268376265340605,0.24301447867538714,-4.4323348749461511,-0.020268376265340605,0.24383802351838185,1.9757223461841964,0.020268376265340605,-0.24301447867538714,4.4323348749461511,0.020268376265340605
hold,0,834,8.3499999999994579,0,0,1,2,2,-0.00080847208863832343,0.00045308267668242217,0.00056082544213959093,-0.0010358481346253992,0.31522058178215712,0,-0.95488729865163813,1.6422497657631752,-0.046275819132367828,-0.99319011105158883,1.6397444382812036,0.081501535328625072,-0.0063203514700239903,-0.010135725343097507,0.076407322532274363,-0.015036683611735449,-0.0040002266022963195,0.10287031182039634,-0.22611331399462897,-1.960059024134355,-0.02164371432017791,0.24494407133129464,-4.4295034960371051,-0.02164371432017791,0.22611331399462897,1.960059024134355,0.02164371432017791,-0.24494407133129464,4.4295034960371051,0.02164371432017791
hold,0,835,8.3599999999994612,0,0,1,2,2,-0.00080543118165153638,0.00018475737736922682,0.00067438808949219398,0.019550764363048579,0.31522518800061899,0,-0.95487118788798631,1.642163044866837,-0.04529835045301011,-0.99296095387955474,1.6396601475470476,0.080991797280526537,0.014203853339988678,-0.0034200968055356118,0.042181716142553595,0.050599683446005989,-0.010774523793381193,-0.17105920008944756,-0.24676640491385621,-1.9660808855012113,-0.037607792516845755,0.17747444689728048,-4.4220548729727716,-0.037607792516845755,0.24676640491385621,1.9660808855012113,0.037607792516845755,-0.17747444689728048,4.4220548729727716,0.037607792516845755
hold,0,836,8.3699999999994645,0,0,1,2,2,-0.00079994062963986701,0.00080117808275557956,0.00048842467977942383,-0.043994355770264976,0.31522332700376937,0,-0.95498838838443101,1.6422125723678689,-0.046069866194216956,-0.99291118613917217,1.6396671767605839,0.079301919525865947,-0.033261848400581717,0.0069523425612875262,-0.10989359638585552,-0.02444059346666122,0.0069657996878152197,-0.16858676344482784,-0.1983630992017282,-1.9768495448762899,0.0063029985308779395,0.25211658188688713,-4.4398514301622596,0.0063029985308779395,0.1983630992017282,1.9768495448762899,-0.0063029985308779395,-0.25211658188688713,4.4398514301622596,-0.0063029985308779395
hold,0,837,8.3799999999994679,0,0,1,2,2,-0.00079286257878034838,0.00062956313868304452,0.00038115402761185066,0.011406943858141,0.31522411051173121,0,-0.95516324603451275,1.6421763994414864,-0.045534664061727542,-0.99294811164263652,1.6396884433220058,0.078636699391601478,-0.0017477531198219348,-0.0047400124191409668,0.096699298323162139,0.010733382720214547,-0.0014590933749990243,-0.0016093000999173671,-0.22847833328183409,-1.9648678064848015,-0.023408973496411026,0.21723800972772617,-4.43159666959082,-0.023408973496411026,0.22847833328183409,1.9648678064848015,0.023408973496411026,-0.21723800972772617,4.43159666959082,0.023408973496411026
hold,0,838,8.3899999999994712,0,0,1,2,2,-0.00078601672479251816,0.00072281996774187023,0.00044799024770383878,0.0035365585279398468,0.31522816863225744,0,-0.95511889346607759,1.6421856168068851,-0.045588593957955621,-0.99291919209721236,1.6396844545107216,0.078768902137066193,0.0089795605866162045,0.0035175959991413227,-0.069812027238090768,-0.0021421343253503556,5.75967962714498e-05,0.023143511493583551,-0.23956046753575347,-1.9731991538262736,-0.021632334728623685,0.22988217040989772,-4.4330814492718167,-0.021632334728623685,0.23956046753575347,1.9731991538262736,0.021632334728623685,-0.22988217040989772,4.4330814492718167,0.021632334728623685
hold,0,839,8.3999999999994746,0,0,1,2,2,-0.00077790691388433808,0.00088031830253744556,0.00044634815137200662,-0.0025983220048793852,0.31523154003979592,0,-0.95506856975825549,1.6422024620633258,-0.046179010939540736,-0.99299836698025712,1.6396783642362975,0.079157415631822103,-0.0023448999615964011,-0.0020886109044303026,-0.0077715498873813099,-0.011696053489920661,-0.0011587637285237645,0.049359633646708749,-0.22863859665011765,-1.9677277089742271,-0.018604691099000807,0.24006948863882616,-4.4318163665516286,-0.018604691099000807,0.22863859665011765,1.9677277089742271,0.018604691099000807,-0.24006948863882616,4.4318163665516286,0.018604691099000807
hold,0,840,8.4099999999994779,0,0,1,2,2,-0.00076928965823920559,0.00083937079344924628,0.00050486944248313013,0.011452482009836147,0.31523608668779951,0,-0.95512024919685534,1.6421112550301231,-0.045184615546004447,-0.99305364688927322,1.6396504787360915,0.079860550682118253,-0.0031745204467168546,-0.0091167702735528884,0.12139794282181074,-0.0014556807539477094,-0.0038127893924069052,0.084208815091952563,-0.22739554065619838,-1.9599698933394833,-0.029560744867275099,0.23027135517498204,-4.4289392568860979,-0.029560744867275099,0.22739554065619838,1.9599698933394833,0.029560744867275099,-0.23027135517498204,4.4289392568860979,0.029560744867275099
hold,0,841,8.4199999999994812,0,0,1,2,2,-0.00076195733293309142,0.00066538276291560228,0.00065033059198155347,0.016611868210902894,0.31523977574766193,0,-0.95499451799689572,1.6420986301629492,-0.04519409939354304,-0.99302983333566786,1.6396210380537173,0.080621224450931131,0.023628531640485256,0.0024567585631187472,-0.078194881404044014,0.0048499762260527726,-0.002385174800432733,0.071437919374593442,-0.25520444234307749,-1.9714424232387637,-0.037608575073107983,0.22377518976613861,-4.4301313460190777,-0.037608575073107983,0.25520444234307749,1.9714424232387637,0.037608575073107983,-0.22377518976613861,4.4301313460190777,0.037608575073107983
hold,0,842,8.4299999999994846,0,0,1,2,2,-0.00075426485273707988,0.00085325244721449968,0.00065082818564494202,-0.010946450790000539,0.31523976347699401,0,-0.95485506789885544,1.6421237717606885,-0.046404937006142281,-0.99312033951335754,1.6396191229142003,0.081073235872241384,0.00018355214846125633,-0.00052115063720115052,-0.085563280267722044,-0.018406013060394237,0.001200595831886535,0.028769024500504038,-0.23287506363537575,-1.9686656468203578,-0.021344091952690367,0.24775522847410311,-4.4337017955352618,-0.021344091952690367,0.23287506363537575,1.9686656468203578,0.021344091952690367,-0.24775522847410311,4.4337017955352618,0.021344091952690367
hold,0,843,8.4399999999994879,0,0,1,2,2,-0.00074642601282171039,0.00074442739225303624,0.00064434043777299047,0.006238650651533742,0.31523927911010391,0,-0.95482862756522291,1.6421095287593954,-0.046694215231478611,-0.99321707298870654,1.6396155989783741,0.08153281154578107,0.0028164486555029133,-0.0048756368739374546,0.03194854716945527,-0.0038642619213399014,-0.0013713925373634857,0.057227586697087197,-0.23571948281147764,-1.9641972165732771,-0.03132593958697992,0.23398734513784075,-4.4311016156794016,-0.03132593958697992,0.23571948281147764,1.9641972165732771,0.03132593958697992,-0.23398734513784075,4.4311016156794016,0.03132593958697992
hold,0,844,8.4499999999994913,0,0,1,2,2,-0.00073932486729570701,0.00067397811393206267,0.00071245338633148952,0.0071486441798936607,0.31523866452673416,0,-0.95489024317589755,1.6420312526927456,-0.045597176756166799,-0.99319914145563559,1.6395979328197385,0.08177830154398763,-0.012649351109325661,-0.0091010544029060531,0.16151296224426021,0.020110347424143131,-0.005947463382162844,-0.078941864169214143,-0.21976075816125196,-1.9593455905111103,-0.034218285448820662,0.20986928352779013,-4.426384215565518,-0.034218285448820662,0.21976075816125196,1.9593455905111103,0.034218285448820662,-0.20986928352779013,4.426384215565518,0.034218285448820662
hold,0,845,8.4599999999994946,0,0,1,2,2,-0.00073291462609402502,0.00060983151707148721,0.00074129021993777353,9.88781458085208e-06,0.31523449224067718,0,-0.95500551051837457,1.6420280427711993,-0.044758581365088826,-0.99307822829309589,1.6396039072961264,0.080979784246593411,-0.0053122147485029393,0.0069152181300584665,-0.010680660944806838,0.0072785449842684511,0.004186791969118718,-0.081050748894689745,-0.22617575578225851,-1.975336183671704,-0.030524462006215284,0.22173378066734717,-4.436566266727902,-0.030524462006215284,0.22617575578225851,1.975336183671704,0.030524462006215284,-0.22173378066734717,4.436566266727902,0.030524462006215284
hold,0,846,8.4699999999994979,0,0,1,2,2,-0.00072724049144114178,0.00054848842262643642,0.00073072886853044205,-0.0017369804307072381,0.3152285805503855,0,-0.95493654835699426,1.6421269414780157,-0.045876870290222936,-0.99302948446163941,1.639659705403818,0.080215103678315594,0.010721284711508235,0.008393216896471805,-0.13289417507858042,0.0035844990161993705,0.0061208707630342534,-0.07394037314029292,-0.24276095253331212,-1.977605372092649,-0.028682830181979244,0.22503787598376446,-4.4389467303833507,-0.028682830181979244,0.24276095253331212,1.977605372092649,0.028682830181979244,-0.22503787598376446,4.4389467303833507,0.028682830181979244
hold,0,847,8.4799999999995013,0,0,1,2,2,-0.00072060066743476203,0.00073659006024323691,0.0006291553107421789,-0.015781248480158359,0.31522306217060203,0,-0.95499763093265067,1.6421603129293703,-0.046388652482462808,-0.99308847410439149,1.639722062020128,0.079541951304533828,-0.016869971173922516,0.0019692066937014442,-0.01001104900860831,-0.012068215890701253,0.0062064407360449322,-0.063499555549241415,-0.21468103604263017,-1.9714483335007147,-0.01689382185038589,0.24116250803268174,-4.4395311532868416,-0.01689382185038589,0.21468103604263017,1.9714483335007147,0.01689382185038589,-0.24116250803268174,4.4395311532868416,0.01689382185038589
hold,0,848,8.4899999999995046,0,0,1,2,2,-0.0007143526048720289,0.00055354145984761079,0.00064169283413677768,0.012621203058411804,0.31522070996468221,0,-0.95510158213381025,1.6421358812481466,-0.045591654096209709,-0.99307058816254767,1.6397547462416906,0.079239800145963643,-0.0070474906713991628,-0.0067457989529441341,0.15218981478033894,0.011163712498484546,0.0012902757875872658,-0.0090436030676141269,-0.22367190693587685,-1.9625378744042798,-0.034272482619450317,0.21778749210874537,-4.4348764621108847,-0.034272482619450317,0.22367190693587685,1.9625378744042798,0.034272482619450317,-0.21778749210874537,4.4348764621108847,0.034272482619450317
hold,0,849,8.4999999999995079,0,0,1,2,2,-0.00070952073120471304,0.0004271781432715775,0.00074791519897330803,0.0092563967265166334,0.31521891165733723,0,-0.95512758636221107,1.6421340572863063,-0.04481956921237127,-0.99296490249285807,1.6397803267100817,0.079008716628380896,0.0057069682257319026,0.005773938497699636,-0.015524879903580126,0.010156825069254615,0.0034061448455754611,-0.032222306672099542,-0.23621833200580133,-1.9750430201602016,-0.035660811554916821,0.21794889418045849,-4.4371969749160014,-0.035660811554916821,0.23621833200580133,1.9750430201602016,0.035660811554916821,-0.21794889418045849,4.4371969749160014,0.035660811554916821
hold,0,850,8.5099999999995113,0,0,1,2,2,-0.00070521114720085987,0.00044276833393451298,0.00074942940238504003,-0.0058900171920982496,0.31521508783902186,0,-0.95501421120128183,1.6422249818844645,-0.046092667462048251,-0.99293184461834005,1.6398231529035967,0.078516155784713049,0.010722608042496456,0.0080451812197383163,-0.15607157780182795,-0.0012404787376923744,0.0048191005656269123,-0.060454970031673855,-0.24214097310999982,-1.9780416596675059,-0.026283209222498854,0.22908173499126133,-4.4389525401841734,-0.026283209222498854,0.24214097310999982,1.9780416596675059,0.026283209222498854,-0.22908173499126133,4.4389525401841734,0.026283209222498854
hold,0,851,8.5199999999995146,0,0,1,2,2,-0.00069977834168397091,0.00060865601191420883,0.00063342788606533134,-0.015407752523962813,0.3152113523354188,0,-0.9550657586420952,1.6422341592151981,-0.04662016684561112,-0.99300645581997704,1.6398631924284071,0.077981392130927848,-0.016376641798023433,-0.0027065328273924013,0.014184791975935265,-0.011559465231602542,0.0035030461391876216,-0.049431029531556821,-0.21462934374297299,-1.9673633642662438,-0.016647277627365478,0.23999761109826739,-4.4379568019562168,-0.016647277627365478,0.21462934374297299,1.9673633642662438,0.016647277627365478,-0.23999761109826739,4.4379568019562168,0.016647277627365478
hold,0,852,8.529999999999518,0,0,1,2,2,-0.00069472873734487128,0.00042911046993239331,0.00064334553041213471,0.01190417825317458,0.31521052702225338,0,-0.95520330618402571,1.6421653709994026,-0.045379961669229536,-0.9929867807955397,1.639873522048608,0.077777090428827481,-0.010597234176809057,-0.0060148588526012835,0.16965192428575598,0.011043870300192507,-0.00053175383341935701,-0.0020326205826727683,-0.21930837102874323,-1.9635047325146711,-0.03325178253062562,0.21723687537097364,-4.4340046389452175,-0.03325178253062562,0.21930837102874323,1.9635047325146711,0.03325178253062562,-0.21723687537097364,4.4340046389452175,0.03325178253062562
hold,0,853,8.5399999999995213,0,0,1,2,2,-0.00069155587829548837,0.00024452324144910319,0.00076364644009018889,0.012114707051925777,0.31520998193144134,0,-0.95516323189273644,1.6421967284464138,-0.045090060727108618,-0.99285836116002479,1.6398810426183037,0.077601048692620939,0.014449819358111744,0.0073665816925044701,-0.059556008338144832,0.01403341786800493,0.0015722533547009455,-0.027602328867884007,-0.24467601889397819,-1.9771370326358664,-0.037118608741531403,0.21321997071904195,-4.4361688106909032,-0.037118608741531403,0.24467601889397819,1.9771370326358664,0.037118608741531403,-0.21321997071904195,4.4361688106909032,0.037118608741531403
hold,0,854,8.5499999999995246,0,0,1,2,2,-0.00068812388281053183,0.00042235756275590893,0.00071869494453827222,-0.015525698379793611,0.31520689170299071,0,-0.95510731058509868,1.6422652618416071,-0.046146041279086211,-0.99285674535945212,1.6399134020322428,0.077084627260044614,-0.0076081391903184458,0.003277019403629987,-0.071475620947789392,-0.0090680257434468704,0.0042711470054894512,-0.067328090171025312,-0.22306543080665012,-1.9735957375085385,-0.018938888602767566,0.23630848792591236,-4.4391265796532045,-0.018938888602767566,0.22306543080665012,1.9735957375085385,0.018938888602767566,-0.23630848792591236,4.4391265796532045,0.018938888602767566
hold,0,855,8.559999999999528,0,0,1,2,2,-0.00068424169235024868,0.00036458274361345007,0.00065776713594637847,0.00019616082837034055,0.31520506200412041,0,-0.95521636852293956,1.6422282558096637,-0.04568152765210523,-0.99287264045630208,1.6399342824888379,0.076633886489643852,-0.013642667758205058,-0.0075323856814415464,0.12399718731316361,0.003472518893765065,0.000685272188915997,-0.031205428733871124,-0.21615843873603643,-1.9624902841679193,-0.026121438370408839,0.22389510406350011,-4.4357077484893912,-0.026121438370408839,0.21615843873603643,1.9624902841679193,0.026121438370408839,-0.22389510406350011,4.4357077484893912,0.026121438370408839
hold,0,856,8.5699999999995313,0,0,1,2,2,-0.00068163072614024767,0.00018255094799671001,0.00071929815439898063,0.010092176002750142,0.31520465208583304,0,-0.95525987421758507,1.6422138559365822,-0.04497063646669746,-0.99278041524505833,1.6399418655379319,0.076336060368244946,0.0073259304414419624,0.0041210491041408105,-0.0077276185976139153,0.013071520337870937,0.00084582090776180317,-0.029087335592440994,-0.23677899137851938,-1.9740285199688496,-0.033777848883857257,0.21355830092944428,-4.4359289616009896,-0.033777848883857257,0.23677899137851938,1.9740285199688496,0.033777848883857257,-0.21355830092944428,4.4359289616009896,0.033777848883857257
hold,0,857,8.5799999999995347,0,0,1,2,2,-0.00067930790869005775,0.00027699832486786772,0.00070137474483095738,-0.0096790727669205049,0.31520273870276455,0,-0.95518831537074811,1.6422940906771293,-0.045994121042895193,-0.99274842227542881,1.6399641415386079,0.075862985425295085,0.0011972050009958638,0.0072154881810412158,-0.10896141997803779,-0.0033500167226722744,0.0030775943143681512,-0.059210941231996349,-0.23122273671276899,-1.9777648369701266,-0.021153325937670216,0.22972389423295131,-4.4383389430130036,-0.021153325937670216,0.23122273671276899,1.9777648369701266,0.021153325937670216,-0.22972389423295131,4.4383389430130036,0.021153325937670216
hold,0,858,8.589999999999538,0,0,1,2,2,-0.00067602923514593904,0.00036046116655476799,0.00061440552144239572,-0.0080427048212263434,0.31520157257707115,0,-0.9552791574464673,1.6422809199354713,-0.045921798663368346,-0.99278409026406078,1.6399803534188941,0.075410304851225476,-0.016671549457426528,-0.0058074761845727414,0.083079109082187075,-0.0036473686449408605,0.00068761210367450213,-0.036696075172263878,-0.21262724564859309,-1.964636506671249,-0.019222374462148334,0.23030659006427565,-4.4360786558446001,-0.019222374462148334,0.21262724564859309,1.964636506671249,0.019222374462148334,-0.23030659006427565,4.4360786558446001,0.019222374462148334
hold,0,859,8.5999999999995413,0,0,1,2,2,-0.00067344420115526826,0.00017485755938896841,0.00065253556332134084,0.011666625713727032,0.31520272550051143,0,-0.95537396807732855,1.6422335461725139,-0.04485445210305937,-0.992719232183364,1.6399750790451169,0.075206345842710728,0.0027611039461065594,0.00013657425899663445,0.052252928103800514,0.013265429633152361,-0.0012511607747768606,-0.010160360613022669,-0.23130141400523613,-1.9702015670111594,-0.032113388710781163,0.21287492714060816,-4.4340976879759308,-0.032113388710781163,0.23130141400523613,1.9702015670111594,0.032113388710781163,-0.21287492714060816,4.4340976879759308,0.032113388710781163
hold,0,860,8.6099999999995447,0,0,1,2,2,-0.0006715245744863263,0.00020394289045912737,0.00067778752940963127,-0.0035689476861486941,0.31520307002068781,0,-0.95529440944640953,1.6422917853396055,-0.045548991824826059,-0.99266003423836036,1.6399778063361816,0.074927999990423794,0.011816186270093551,0.0084054612332755477,-0.14689639232203774,0.0010210962710004864,0.001254942666090644,-0.039285993640927261,-0.24099296537657527,-1.9789363673221709,-0.023685316533137497,0.22464567694273091,-4.4366256097453158,-0.023685316533137497,0.24099296537657527,1.9789363673221709,0.023685316533137497,-0.22464567694273091,4.4366256097453158,0.023685316533137497
hold,0,861,8.619999999999548,0,0,1,2,2,-0.00066812789311920806,0.00042875769204266784,0.00056677637300218107,-0.016122994045396855,0.31520288217892556,0,-0.95535795605494833,1.6422884675560159,-0.045873347072801308,-0.99272927195728156,1.6399856162360975,0.074578481695104518,-0.019285592071121203,-0.0047692093045201053,0.041716940374318404,-0.012184428393862945,0.00048785460723891163,-0.032454022987323389,-0.20938281416705012,-1.9657351545156581,-0.012656534721945103,0.23840510335896392,-4.4359210008857914,-0.012656534721945103,0.20938281416705012,1.9657351545156581,0.012656534721945103,-0.23840510335896392,4.4359210008857914,0.012656534721945103
hold,0,862,8.6299999999995514,0,0,1,2,2,-0.00066498449169948015,0.00022178395060869411,0.00059093683035308254,0.014724245610366955,0.31520556249546638,0,-0.95547818749278601,1.6422098622389107,-0.044583214749714967,-0.99269692656736308,1.6399661598362067,0.074555872609065058,-0.0001855978506064785,-0.0046183262945799775,0.1137975518379678,0.013545385054059129,-0.0034576869977086021,0.016967744100742459,-0.2275209568848634,-1.9652571949887572,-0.031891410780886371,0.21241652679169404,-4.4318198080817179,-0.031891410780886371,0.2275209568848634,1.9652571949887572,0.031891410780886371,-0.21241652679169404,4.4318198080817179,0.031891410780886371
hold,0,863,8.6399999999995547,0,0,1,2,2,-0.0006628702215853155,0.00020602294652643979,0.0006656291498455825,0.0026337075671971038,0.31520780255697606,0,-0.95541538389663749,1.6422398740577224,-0.044719364086782079,-0.99261492904285609,1.6399509226893199,0.07452075520675458,0.011124353129932939,0.0065855326449875354,-0.094227505605885858,0.0046106074748106284,-0.0002827718622657213,-0.016559377354892831,-0.239333336634591,-1.9767011484788182,-0.027147531229210386,0.2206953241748866,-4.4348728260420653,-0.027147531229210386,0.239333336634591,1.9767011484788182,0.027147531229210386,-0.2206953241748866,4.4348728260420653,0.027147531229210386
hold,0,864,8.649999999999558,0,0,1,2,2,-0.00066000074492424121,0.00035458524958519451,0.00060135128958687897,-0.012423707323600677,0.31520825010995301,0,-0.95530779521913267,1.6423007953866064,-0.046200827849650322,-0.99265072583505276,1.6399524669008878,0.074284038271882652,0.0034721048353679104,0.0020383078589514027,-0.11833995289393,-0.0090061185378023483,0.00038411856914735709,-0.028342681030466638,-0.23254179776006453,-1.9726412943238543,-0.015962714814931431,0.23459842452507296,-4.4355520701660227,-0.015962714814931431,0.23254179776006453,1.9726412943238543,0.015962714814931431,-0.23459842452507296,4.4355520701660227,0.015962714814931431
hold,0,865,8.6599999999995614,0,0,1,2,2,-0.00065583888284453939,0.00046255839229964525,0.00050848316786369701,-0.0071748393183158465,0.31520985865113516,0,-0.95535454088918859,1.6422741898188313,-0.046413781260890977,-0.99273287445022174,1.6399418840328224,0.074208107052416469,-0.012112543273163703,-0.007756901458833565,0.06569971309177236,-0.0076215528310348227,-0.0020170560564823042,0.0056480638314006593,-0.21658318429108558,-1.9626332404638682,-0.016212286381519295,0.23387104773965725,-4.433066232595869,-0.016212286381519295,0.21658318429108558,1.9626332404638682,0.016212286381519295,-0.23387104773965725,4.433066232595869,0.016212286381519295
hold,0,866,8.6699999999995647,0,0,1,2,2,-0.00065177587854259311,0.00035846245053072019,0.00055459462275264041,0.012434742850910393,0.31521351657338331,0,-0.95549374803812848,1.6421608964853776,-0.04470589280951149,-0.99271300955122388,1.6399104645875948,0.074443369977994972,-0.01084981415132371,-0.0095222142809527933,0.19130558214841856,0.0083902738146482587,-0.0038314441504182844,0.035127378548877528,-0.21673225622140646,-1.9599615809741189,-0.02981352007120984,0.2177003019019913,-4.4310004889401124,-0.02981352007120984,0.21673225622140646,1.9599615809741189,0.02981352007120984,-0.2177003019019913,4.4310004889401124,0.02981352007120984
hold,0,867,8.6799999999995681,0,0,1,2,2,-0.00064933482468942927,0.00017037879653429545,0.00069824544483142799,0.015654069254717604,0.31521630952917784,0,-0.95545371343372698,1.6421613563563868,-0.044115041146380332,-0.99259204816039071,1.6398870228711819,0.074619532491151316,0.014638344187737816,0.0045271095488198208,-0.023995383251657856,0.014523214921100392,-0.0013984326610405992,0.0065962405289790148,-0.24254069139567996,-1.9740145837719656,-0.036475510154519698,0.21059966966887378,-4.4332459666981876,-0.036475510154519698,0.24254069139567996,1.9740145837719656,0.036475510154519698,-0.21059966966887378,4.4332459666981876,0.036475510154519698
hold,0,868,8.6899999999995714,0,0,1,2,2,-0.00064683424252878763,0.00030326917202391855,0.00068531014280153585,-0.01259237918086142,0.31521576670708856,0,-0.95531652520028998,1.6422449682675437,-0.045578136139039119,-0.99258068459988147,1.639895989322675,0.074365301032059267,0.013262841906452272,0.010149953509414065,-0.22489961309136139,-0.0078393943658264589,0.0023960057232088666,-0.046139458719438399,-0.24226269498189043,-1.9803063230218152,-0.018926055504380278,0.23287137047172674,-4.4371121366943811,-0.018926055504380278,0.24226269498189043,1.9803063230218152,0.018926055504380278,-0.23287137047172674,4.4371121366943811,0.018926055504380278
hold,0,869,8.6999999999995747,0,0,1,2,2,-0.00064247306963187423,0.00052284394849841603,0.00052515524736557184,-0.018297121589995115,0.31521511627990489,0,-0.95534166545940258,1.6422476183537609,-0.046515599037239265,-0.99270653734256897,1.6399059405431888,0.074046531658116324,-0.013847617387061951,-0.0048500883842486449,-0.009136688090607116,-0.015703636280434315,0.00010865254240928414,-0.023068677263602941,-0.21495111361547542,-1.9653274818178896,-0.010242426958533292,0.24174243432783463,-4.4349043932776926,-0.010242426958533292,0.21495111361547542,1.9653274818178896,0.010242426958533292,-0.24174243432783463,4.4349043932776926,0.010242426958533292
hold,0,870,8.7099999999995781,0,0,1,2,2,-0.00063794515491048809,0.00039999764250116151,0.00051586071211508374,0.010631218326786358,0.31521790024769919,0,-0.95545240708581392,1.6421708651598808,-0.045529242570503815,-0.99272733256462642,1.6398824943065391,0.074153940855897188,-0.0074373173658355083,-0.0065291461707075692,0.14334701559805718,0.0070551635856883092,-0.0039135881960530279,0.03244738304377582,-0.22047548062541117,-1.9630343984803897,-0.027419704697885607,0.21914999623817158,-4.4306945826460327,-0.027419704697885607,0.22047548062541117,1.9630343984803897,0.027419704697885607,-0.21914999623817158,4.4306945826460327,0.027419704697885607
hold,0,871,8.7199999999995814,0,0,1,2,2,-0.00063450326056527229,0.0002981338094027948,0.00062984213297823653,0.011876889026782866,0.31522117169450514,0,-0.95547072821711954,1.6421475563357091,-0.044633622465798273,-0.99263897095236664,1.6398545351030285,0.074360788191053268,0.0070657920209579658,0.0025051537148586076,0.0098101239476161214,0.0099705738368657676,-0.0020447467647455256,0.013340765358295127,-0.23483202096175967,-1.9718822277725825,-0.032149659465950428,0.21552769308891589,-4.4323397504492545,-0.032149659465950428,0.23483202096175967,1.9718822277725825,0.032149659465950428,-0.21552769308891589,4.4323397504492545,0.032149659465950428
hold,0,872,8.7299999999995848,0,0,1,2,2,-0.00063123533900200091,0.00035613032570333677,0.00065240965706881088,-0.0041260602976585913,0.31522208505326588,0,-0.95536099523293871,1.6422028136572799,-0.045563993166558923,-0.99261058443066519,1.6398497037259645,0.074271383962050394,0.0091390130287047275,0.0042538574936509255,-0.11519776515953398,-0.0019358799531639013,0.00048726996406899095,-0.023218782791272045,-0.23778310584295301,-1.9740729901239416,-0.023297176845903073,0.22720705470533392,-4.4348331161615571,-0.023297176845903073,0.23778310584295301,1.9740729901239416,0.023297176845903073,-0.22720705470533392,4.4348331161615571,0.023297176845903073
hold,0,873,8.7399999999995881,0,0,1,2,2,-0.00062670926880854794,0.000516048539332946,0.00056875994231062293,-0.011190578021249741,0.31522229040108041,0,-0.9554249867567941,1.6421697931202117,-0.04559011186418005,-0.99267362516743529,1.6398517268277311,0.074056107172759247,-0.017512524022832453,-0.007093082992352011,0.070709306241561354,-0.0092039930078314288,3.4770819690488819e-05,-0.020661283568899028,-0.2106196366005727,-1.9624618853413929,-0.016447888591495471,0.23497949365416229,-4.4343968018313111,-0.016447888591495471,0.2106196366005727,1.9624618853413929,0.016447888591495471,-0.23497949365416229,4.4343968018313111,0.016447888591495471
hold,0,874,8.7499999999995914,0,0,1,2,2,-0.00062287435362008703,0.0002834445900889065,0.00061405336925212208,0.014971631438801713,0.31522414376782515,0,-0.95547491102571525,1.6421339820913858,-0.04486201036139683,-0.99262667314537389,1.6398377657417176,0.074028305656600402,0.010286882975943799,0.00068513730703528234,0.018189533998431873,0.013976868546969792,-0.0022780168430483871,0.0085712075144782403,-0.23801964944797982,-1.9699536174101733,-0.033427064737613713,0.21142301592286988,-4.4319723254804648,-0.033427064737613713,0.23801964944797982,1.9699536174101733,0.033427064737613713,-0.21142301592286988,4.4319723254804648,0.033427064737613713
hold,0,875,8.7599999999995948,0,0,1,2,2,-0.00061927455089513805,0.00042608529420771584,0.00062595039292465961,-0.007952259967201919,0.3152246611286873,0,-0.95540631327007497,1.6421691431010359,-0.045489187959859193,-0.99259954172496601,1.639836645940548,0.073858081566627751,-0.0023535634278468755,0.0011102363769935888,-0.048642520237851081,-0.0047968707162796727,0.0012284212855336088,-0.033393792471491809,-0.22592798508931136,-1.9706600045573319,-0.02026724002175866,0.22997970382285626,-4.4354698051996904,-0.02026724002175866,0.22592798508931136,1.9706600045573319,0.02026724002175866,-0.22997970382285626,4.4354698051996904,0.02026724002175866
hold,0,876,8.7699999999995981,0,0,1,2,2,-0.00061491186887101257,0.00043160928828395851,0.00058790422045711349,-0.0010737554925256362,0.31522481466681385,0,-0.95549931801588084,1.6421214207820727,-0.04495531076301288,-0.99261374839214778,1.6398391402906012,0.073613368299969228,-0.0098670785771986704,-0.0044068366566445347,0.07237263302674278,0.00083675935654383728,-0.0003250819138520978,-0.019049536956199955,-0.2176704319735126,-1.9647611529719882,-0.02313899299888857,0.2244597270874869,-4.4339362568007301,-0.02313899299888857,0.2176704319735126,1.9647611529719882,0.02313899299888857,-0.2244597270874869,4.4339362568007301,0.02313899299888857
hold,0,877,8.7799999999996015,0,0,1,2,2,-0.00061146541804651955,0.00028761158965269045,0.00063179238442949545,0.0080320726922036203,0.31522564467182645,0,-0.95543548331819617,1.6421431257073213,-0.045276078382591373,-0.99255057437623351,1.639835598312291,0.073426661150969311,0.017836451668592181,0.0050333640749481027,-0.097951206920433034,0.0099943032391517205,-0.00038099944024202819,-0.018541091695943774,-0.24588463980078085,-1.9743749931055701,-0.029815027933881209,0.21479679107756489,-4.4338520034478579,-0.029815027933881209,0.24588463980078085,1.9743749931055701,0.029815027933881209,-0.21479679107756489,4.4338520034478579,0.029815027933881209
hold,0,878,8.7899999999996048,0,0,1,2,2,-0.00060674645845856801,0.00059384482802208834,0.00055113950946863207,-0.018797669668853947,0.31522505446143023,0,-0.95551120094238429,1.6421289415479823,-0.045304191704341634,-0.9925968769850092,1.6398454115853855,0.073080001668425446,-0.02528916223307693,-0.0044343860600281754,0.058981149521059748,-0.014384355915325442,0.0018805224812859342,-0.045228140770182987,-0.20215328490560677,-1.9647937696958813,-0.01145361681310421,0.23954587110224759,-4.4361920315541425,-0.01145361681310421,0.20215328490560677,1.9647937696958813,0.01145361681310421,-0.23954587110224759,4.4361920315541425,0.01145361681310421
hold,0,879,8.7999999999996081,0,0,1,2,2,-0.00060269925207605268,0.0002686254094084919,0.00059575239385226771,0.019935245319761027,0.31522644248090831,0,-0.9555371652653496,1.6421057378789914,-0.044807621826024088,-0.99253541457050432,1.6398369222562552,0.072923539551933245,0.017918091042445558,0.0010151565970970629,-0.0021270703315569191,0.019884644556177129,-0.0025824775499916582,0.0030919482701775441,-0.24515282359740675,-1.9700576830010794,-0.035806358865304776,0.20478517131470592,-4.4316611168898223,-0.035806358865304776,0.24515282359740675,1.9700576830010794,0.035806358865304776,-0.20478517131470592,4.4316611168898223,0.035806358865304776
hold,0,880,8.8099999999996115,0,0,1,2,2,-0.000598469145460509,0.00054055965292958759,0.00057829223929954188,-0.016155094905318187,0.3152264945121428,0,-0.95546977914407538,1.6421501738565676,-0.045670940561600822,-0.9925224220874691,1.6398414736527152,0.072620868214312448,-0.0076262105382133485,0.0025982431670283834,-0.075357215232468605,-0.011092142055735629,0.0023658301404856238,-0.051681521080711175,-0.22014761098694158,-1.9719962573916203,-0.013917912918273,0.23565801806233699,-4.4366458357519791,-0.013917912918273,0.22014761098694158,1.9719962573916203,0.013917912918273,-0.23565801806233699,4.4366458357519791,0.013917912918273
hold,0,881,8.8199999999996148,0,0,1,2,2,-0.00059320054035096048,0.00051715476351887272,0.00052538108676230741,0.0019525806370852597,0.31522689304380963,0,-0.95558198402422168,1.6420942197116251,-0.045075240313677323,-0.99254605141394647,1.639842640753344,0.072334064225304473,-0.014271169599083084,-0.010069309272571115,0.14825718279857211,0.0035211994517626364,-0.0013351646151638448,-0.014218046137869804,-0.2126050128849015,-1.9588810717924805,-0.023114595568798177,0.22123371116665769,-4.4329541778013599,-0.023114595568798177,0.2126050128849015,1.9588810717924805,0.023114595568798177,-0.22123371116665769,4.4329541778013599,0.023114595568798177
hold,0,882,8.8299999999996182,0,0,1,2,2,-0.00058911611733308833,0.00033766975249820662,0.00060980968237491341,0.012772032411169624,0.31522839195029156,0,-0.95556068303583741,1.6420885062198689,-0.044728586385842303,-0.99244456834553829,1.6398337778910212,0.072164861869500802,0.01391486693620184,0.0037771864988716177,-0.036320402684725452,0.014587319247002916,-0.00060807576667952197,-0.018712521865057237,-0.24096145732726054,-1.9726818596298741,-0.032275374394589648,0.20935572682415193,-4.4336103637512627,-0.032275374394589648,0.24096145732726054,1.9726818596298741,0.032275374394589648,-0.20935572682415193,4.4336103637512627,0.032275374394589648
hold,0,883,8.8399999999996215,0,0,1,2,2,-0.00058443781348918589,0.00056871844902624074,0.00057180231240705308,-0.014804503052380076,0.31522755793692231,0,-0.95553310080029297,1.6421260255605177,-0.04542877718663297,-0.99243830838455649,1.639847017713576,0.071725113828503259,-0.01196336772161722,0.0002235828574258822,-0.02633466295696147,-0.008664484700106766,0.0025246682601886596,-0.060366450006045604,-0.21530388055379704,-1.9694284107136186,-0.014709848066424952,0.2325574510834072,-4.4368490263585691,-0.014709848066424952,0.21530388055379704,1.9694284107136186,0.014709848066424952,-0.2325574510834072,4.4368490263585691,0.014709848066424952
hold,0,884,8.8499999999996248,0,0,1,2,2,-0.00057923902138007355,0.00049325144310131139,0.00054160020802308145,0.0048566622908326846,0.31522765260884816,0,-0.95564663345835177,1.6420879074943158,-0.044763248876498463,-0.99242432731231434,1.6398523282296131,0.071316209684240614,-0.01297889304159724,-0.008863699537419863,0.15293041230226126,0.008192456068059295,-0.00078809050919968803,-0.028726168610725834,-0.2133800939693466,-1.9600361837891576,-0.025491837769961927,0.21558866173730393,-4.4335787517174783,-0.025491837769961927,0.2133800939693466,1.9600361837891576,0.025491837769961927,-0.21558866173730393,4.4335787517174783,0.025491837769961927
hold,0,885,8.8599999999996282,0,0,1,2,2,-0.00057518798668612647,0.00034771385016794579,0.00061770372966801822,0.0094475480250719272,0.31522834798336541,0,-0.95563847872096319,1.6420923969402721,-0.044431063890132183,-0.99230491868991999,1.6398530625871426,0.070930277070013203,0.010797498847971215,0.004757637674487278,-0.041787260606158477,0.014463552300383209,0.00062346231757826769,-0.045133678779943766,-0.23722172375802367,-1.9736934365687153,-0.030590769304883931,0.20836229652582525,-4.4349961794044912,-0.030590769304883931,0.23722172375802367,1.9736934365687153,0.030590769304883931,-0.20836229652582525,4.4349961794044912,0.030590769304883931
hold,0,886,8.8699999999996315,0,0,1,2,2,-0.00057062412941275009,0.00053988685653743381,0.00056202804240216946,-0.015541685488127354,0.31522687734665833,0,-0.95557523741345529,1.6421683898702237,-0.04566751009500946,-0.99228598974455162,1.6398748328255837,0.070257311317477825,-0.0026051728696678926,0.0063356060581830909,-0.12231353353842929,-0.0064489462399217471,0.0031460534656052668,-0.081905171415360856,-0.22432498250044774,-1.9758793483920243,-0.013739832269593253,0.22912336350318324,-4.4376929324600471,-0.013739832269593253,0.22432498250044774,1.9758793483920243,0.013739832269593253,-0.22912336350318324,4.4376929324600471,0.013739832269593253
hold,0,887,8.8799999999996349,0,0,1,2,2,-0.00056462641926524615,0.0006381718543387923,0.00045424950791555759,-0.0076020597311120324,0.3152266852543153,0,-0.95569254607582055,1.6421349111212824,-0.045507037508238965,-0.99232165427303343,1.6398857237622604,0.069641888131758964,-0.018613785709581488,-0.0085084248675040032,0.10649891997744992,-0.001552825498190273,-0.00023300743273786152,-0.048992597157505098,-0.20737790036161213,-1.9607674874748064,-0.01504616959240276,0.22451255898930622,-4.4344009990551179,-0.01504616959240276,0.20737790036161213,1.9607674874748064,0.01504616959240276,-0.22451255898930622,4.4344009990551179,0.01504616959240276
hold,0,888,8.8899999999996382,0,0,1,2,2,-0.00055899853523547205,0.00049661485008704572,0.00049468407239726777,0.011756068688829686,0.31522900925538705,0,-0.95582720848940683,1.6420633518568017,-0.04410460149840937,-0.9922369152285011,1.6398737583748089,0.069290379737846672,-0.0025779925177907299,-0.0018827693107973591,0.091427032992731111,0.015192708418625925,-0.0017558264367182603,-0.026577476845911829,-0.2223363942447126,-1.9668206689156678,-0.028061052321844044,0.20708911271623143,-4.4327824569515251,-0.028061052321844044,0.2223363942447126,1.9668206689156678,0.028061052321844044,-0.20708911271623143,4.4327824569515251,0.028061052321844044
hold,0,889,8.8999999999996415,0,0,1,2,2,-0.00055390394104436191,0.00051870808806181944,0.00053978266203904006,-0.00032113615837799439,0.31523039372742068,0,-0.95579473090251699,1.6421045834644714,-0.04434405463999333,-0.99213582516397758,1.6398713945096022,0.06881965134778352,0.0075511271726360855,0.0068844813988778539,-0.097134434996043323,0.006729375279505765,0.00074201895030312449,-0.06046868574115731,-0.23272533463025818,-1.9759177724867003,-0.02237598172226582,0.21474372533916342,-4.4352613914168932,-0.02237598172226582,0.23272533463025818,1.9759177724867003,0.02237598172226582,-0.21474372533916342,4.4352613914168932,0.02237598172226582
hold,0,890,8.9099999999996449,0,0,1,2,2,-0.00054767072129019434,0.00070638428526839615,0.00045083475803404536,-0.014565600173632292,0.31523066880543277,0,-0.95573223814913555,1.6421612523664,-0.045730075137161652,-0.99214650038137808,1.6398803057086877,0.06815829595325977,-0.0017095400178926854,0.0010978281837255785,-0.10001063428567888,-0.0061880903849415008,0.00093595325580701479,-0.070184829711447488,-0.22396460946678093,-1.9705844704869766,-0.010956062617195438,0.2277465927428147,-4.435526615315081,-0.010956062617195438,0.22396460946678093,1.9705844704869766,0.010956062617195438,-0.2277465927428147,4.435526615315081,0.010956062617195438
hold,0,891,8.9199999999996482,0,0,1,2,2,-0.00053989291022953079,0.0008209206340731726,0.00034734966870711583,-0.0075466709900110941,0.31523255513722248,0,-0.95582029839858751,1.6421454958899602,-0.045862422224736812,-0.99219070624624051,1.6398738242927573,0.067672789051847593,-0.012814830103050689,-0.0013624481894576456,0.029417117423848407,-0.0031587681738845653,-0.0016497671096558765,-0.035079742432259378,-0.21215483738600721,-1.967998142302275,-0.011947916914790866,0.22507091745065716,-4.4328890436221746,-0.011947916914790866,0.21215483738600721,1.967998142302275,0.011947916914790866,-0.22507091745065716,4.4328890436221746,0.011947916914790866
hold,0,892,8.9299999999996515,0,0,1,2,2,-0.00053180381254076814,0.00080492380077966158,0.00036559704165828793,0.0080848683643548712,0.31523706256184875,0,-0.95595424973116494,1.6420938010806436,-0.044747871033024945,-0.99214638835601754,1.6398433921935196,0.06748340029485142,-0.014619089317546189,-0.0094153251075733396,0.17990627902433801,0.0095639786163296825,-0.0039819960035053408,-0.0086420321863213741,-0.20927896751089228,-1.959531706909627,-0.022445726672480008,0.21199362753865916,-4.4303133579344243,-0.022445726672480008,0.20927896751089228,1.959531706909627,0.022445726672480008,-0.21199362753865916,4.4303133579344243,0.022445726672480008
hold,0,893,8.9399999999996549,0,0,1,2,2,-0.00052454183110925423,0.00067541897892749495,0.0004775744204509877,0.013273942418516241,0.3152416511299127,0,-0.95595617316865988,1.6420724803711284,-0.044071574602479201,-0.99200753052582979,1.6398133873662029,0.067273869393213254,0.00995852173536429,0.0012700821474567476,-0.002856950461300134,0.016771124405104608,-0.002379036549479273,-0.028913982646087057,-0.23384119106384321,-1.9700465484885352,-0.029436918354823274,0.20367561910838228,-4.431676278769916,-0.029436918354823274,0.23384119106384321,1.9700465484885352,0.029436918354823274,-0.20367561910838228,4.431676278769916,0.029436918354823274
hold,0,894,8.9499999999996582,0,0,1,2,2,-0.00051669892213440649,0.00085665401110945612,0.00045266656120635386,-0.013001440741069356,0.31524332786447545,0,-0.95587599761058983,1.6421187921064102,-0.045165867211727301,-0.99196646067234706,1.6398108214880589,0.066693955809470587,0.0068160802339380629,0.0062781712563451967,-0.17787936870451765,-0.0043456315767751441,0.0011323535500537773,-0.077042870942087047,-0.23134015402697738,-1.975425131479678,-0.012940264435101266,0.22446381626240017,-4.4351671418442971,-0.012940264435101266,0.23134015402697738,1.975425131479678,0.012940264435101266,-0.22446381626240017,4.4351671418442971,0.012940264435101266
hold,0,895,8.9599999999996616,0,0,1,2,2,-0.00050668170937109847,0.0010966445055691435,0.00030410157663872509,-0.016092954819954982,0.31524488056694905,0,-0.95596967958122092,1.6420764103814405,-0.045477725941922641,-0.99204183022413484,1.6398090070580262,0.066055750186364365,-0.021107768223208426,-0.0096428408012608248,0.06402002392592343,-0.0095883285470048183,-0.0010109700350502196,-0.05588878725618799,-0.2026668498047822,-1.9591650656223143,-0.0064900226127680028,0.23030946964693205,-4.4330093028189319,-0.0064900226127680028,0.2026668498047822,1.9591650656223143,0.0064900226127680028,-0.23030946964693205,4.4330093028189319,0.0064900226127680028
hold,0,896,8.9699999999996649,0,0,1,2,2,-0.00049651481362314454,0.00095947259276211528,0.00032195392699989767,0.013692061266966137,0.3152493149603206,0,-0.95611853282866832,1.6419886843890887,-0.044137293361084837,-0.99198906025178057,1.6397798853976859,0.065760361948125304,-0.0075697564774962573,-0.0080465986888724056,0.1581914580816029,0.015269248999393307,-0.0041354111155056054,-0.012868102335012179,-0.21501403557091517,-1.9600594997958887,-0.025215863303068353,0.20502973232169983,-4.4296518884557541,-0.025215863303068353,0.21501403557091517,1.9600594997958887,0.025215863303068353,-0.20502973232169983,4.4296518884557541,0.025215863303068353
hold,0,897,8.9799999999996682,0,0,1,2,2,-0.0004870566695738543,0.00093819444620719798,0.00041699202913907753,0.0067121260729652897,0.31525311128747241,0,-0.95611758161068183,1.6419825999634075,-0.043709766556916337,-0.99185570513268406,1.6397570379584394,0.065400956771440102,0.0056909921371848795,0.002971142101568406,-0.029996313478509097,0.012042979907383945,-0.0010956774348063192,-0.05088166236361584,-0.22828239392948821,-1.9710285651808792,-0.02448436953816471,0.20718916046093711,-4.4325088426224815,-0.02448436953816471,0.22828239392948821,1.9710285651808792,0.02448436953816471,-0.20718916046093711,4.4325088426224815,0.02448436953816471
hold,0,898,8.9899999999996716,0,0,1,2,2,-0.00047682486560328419,0.0010792699522870152,0.00037952655091628778,-0.01071999754945383,0.31525443737905601,0,-0.95604188986770122,1.6420353524453124,-0.044931153743967729,-0.99181644461962049,1.6397578340920616,0.064690278858028388,0.0089240157839043845,0.0062697612232084634,-0.18143340145471173,-0.001466619872135381,0.00085375535860280185,-0.084540549968797174,-0.23212095152005258,-1.974749204157759,-0.012843399928502315,0.22038467613594781,-4.4344646444848674,-0.012843399928502315,0.23212095152005258,1.974749204157759,0.012843399928502315,-0.22038467613594781,4.4344646444848674,0.012843399928502315
hold,0,899,8.9999999999996749,0,0,1,2,2,-0.00046426170480895479,0.001372489039797658,0.00022615784003048901,-0.01841476538124338,0.31525595075396462,0,-0.95614480659871615,1.641994808378695,-0.045270357420961319,-0.9918873260711033,1.6397570254703377,0.063936107902564404,-0.024053523462048788,-0.0093226540656465278,0.061832629208246115,-0.010753981223948248,-0.00066512925172159342,-0.070172575669831927,-0.19832007842598004,-1.958832436335965,-0.0036086071854953342,0.23023908909962321,-4.4329392909007526,-0.0036086071854953342,0.19832007842598004,1.958832436335965,0.0036086071854953342,-0.23023908909962321,4.4329392909007526,0.0036086071854953342
hold,0,900,9.0099999999996783,0,0,1,2,2,-0.00045134869331492355,0.0012203661508715931,0.00024620515080238348,0.015565147673065808,0.31526056486481191,0,-0.95633065568127518,1.6418695291878942,-0.043542057423880696,-0.99182315833814083,1.6397275103658775,0.063526168680491713,-0.0079856740747752675,-0.0089498803488647083,0.17158575175441954,0.017929269705238005,-0.0043621205421113928,-0.02267288161787593,-0.21290113515278131,-1.95820297652634,-0.024987329114595246,0.20104249630673718,-4.4290061787746806,-0.024987329114595246,0.21290113515278131,1.95820297652634,0.024987329114595246,-0.20104249630673718,4.4290061787746806,0.024987329114595246
hold,0,901,9.0199999999996816,0,0,1,2,2,-0.0004391863075018515,0.0012151030229848505,0.00034931215069917726,0.0068082218942329617,0.3152644522600081,0,-0.95634988734163384,1.641864234081128,-0.042988394625690166,-0.99166961745051407,1.6397053478213492,0.063026508520802701,0.0026935001195197107,0.0035375417852008266,-0.017749069299184184,0.013639493239432683,-0.00083596426399797791,-0.067702793357956495,-0.22342645606420697,-1.9706480378062763,-0.02355272349352629,0.20410394567152845,-4.4323550346965686,-0.02355272349352629,0.22342645606420697,1.9706480378062763,0.02355272349352629,-0.20410394567152845,4.4323550346965686,0.02355272349352629
hold,0,902,9.0299999999996849,0,0,1,2,2,-0.00042630001147592189,0.0013370283110106531,0.00032304481195221302,-0.0089182404669426226,0.3152657796464558,0,-0.95629570359841254,1.6419235919184312,-0.044079499182724594,-0.99160003428328714,1.6397080869652423,0.062123301177884907,0.0073677913495337191,0.0069334122120471462,-0.16783202631289931,0.0025346221837425392,0.0010049176902701496,-0.10549834599828689,-0.2285342172399914,-1.9745187709315479,-0.013329298152943876,0.21465215138940308,-4.4342178298019812,-0.013329298152943876,0.2285342172399914,1.9745187709315479,0.013329298152943876,-0.21465215138940308,4.4342178298019812,0.013329298152943876
hold,0,903,9.0399999999996883,0,0,1,2,2,-0.00041142929092324865,0.0015968228888406809,0.00017424697882338023,-0.018817920666137449,0.31526700803262331,0,-0.95627727357062109,1.6419599587662339,-0.045625489050077302,-0.99163629029289013,1.6397125536488628,0.06109700111625245,-0.008259891714115012,-0.00065324078778943809,-0.092452528071172602,-0.0076114685641991749,5.560775084410263e-05,-0.10152923547959973,-0.21305397439867427,-1.967223052714133,-0.0027075928491415505,0.22508829021416876,-4.433304253331519,-0.0027075928491415505,0.21305397439867427,1.967223052714133,0.0027075928491415505,-0.22508829021416876,4.433304253331519,0.0027075928491415505
hold,0,904,9.0499999999996916,0,0,1,2,2,-0.00039465252005548013,0.0017235637887146194,7.787354482663329e-05,-0.0035377177527835327,0.31527095455952053,0,-0.95644956034918871,1.6418679226512065,-0.044959225651121065,-0.99165131604621293,1.6396921588737383,0.060348694214245248,-0.022244365503116832,-0.01041998117928581,0.14349223615080603,0.0026818299371766312,-0.0033566079497286318,-0.058302548663105608,-0.19769120638113147,-1.9567200234024176,-0.0092763384035193484,0.21491519773937531,-4.4297288794299501,-0.0092763384035193484,0.19769120638113147,1.9567200234024176,0.0092763384035193484,-0.21491519773937531,4.4297288794299501,0.0092763384035193484
hold,0,905,9.059999999999695,0,0,1,2,2,-0.00037792369958038197,0.0016230916276699439,0.00016091604195093303,0.016145785733507185,0.31527699325889491,0,-0.95663153190084493,1.6417639622550273,-0.043044484529088066,-0.99151497875206007,1.6396532933925003,0.059826884304987719,-0.0082309545110363057,-0.0054185922292647164,0.15052040980316492,0.020970736229890062,-0.0041673659325372177,-0.04863829775512378,-0.21024884495996221,-1.960889729183005,-0.024440254350226481,0.19553559309343904,-4.4286071975972376,-0.024440254350226481,0.21024884495996221,1.960889729183005,0.024440254350226481,-0.19553559309343904,4.4286071975972376,0.024440254350226481
hold,0,906,9.0699999999996983,0,0,1,2,2,-0.00036157273785589195,0.001644104629936955,0.00025361572689110547,0.0046849677020283243,0.31528121120589209,0,-0.95665952276865229,1.6417725000144401,-0.042657351338611045,-0.99133742583053452,1.6396326898915548,0.059006852317703085,0.0011807947230490974,0.0038781994530046352,-0.032053198131458183,0.015623592451762073,-0.00069874291250173783,-0.10391172733298032,-0.21943666725158872,-1.9702548229405765,-0.021050571493279532,0.19946231349936266,-4.4319109926097084,-0.021050571493279532,0.21943666725158872,1.9702548229405765,0.021050571493279532,-0.19946231349936266,4.4319109926097084,0.021050571493279532
hold,0,907,9.0799999999997016,0,0,1,2,2,-0.00034422315475919618,0.001794342373217872,0.00020299318968760671,-0.011562750077489895,0.31528300946714544,0,-0.95662911157005071,1.6418272576566051,-0.043816878742520708,-0.99124867866708444,1.6396359570623971,0.057728118239223414,0.00433991855443484,0.0061057129040709632,-0.17006561126922282,0.0044372019544644623,0.001008863077107854,-0.14421869552330874,-0.2228390806717872,-1.9729203975289629,-0.0097075529125407317,0.20993872668905958,-4.4336447359660571,-0.0097075529125407317,0.2228390806717872,1.9729203975289629,0.0097075529125407317,-0.20993872668905958,4.4336447359660571,0.0097075529125407317
hold,0,908,9.089999999999705,0,0,1,2,2,-0.00032460361672594085,0.0020844234812510782,3.4342442334818856e-05,-0.020359691776104222,0.31528488305310709,0,-0.95667677574506726,1.6418567258053245,-0.045110211719038965,-0.99126025109747995,1.6396392288274515,0.056322179725606776,-0.01629412782846211,-0.0030191309794367987,-0.047059462191836585,-0.0047199942571924912,-0.00015173282370202344,-0.13928725415299908,-0.20182372088875777,-1.9640312988352104,0.00082155443407539754,0.21918850234388063,-4.4325103141856825,0.00082155443407539754,0.20182372088875777,1.9640312988352104,-0.00082155443407539754,-0.21918850234388063,4.4325103141856825,-0.00082155443407539754
hold,0,909,9.0999999999997083,0,0,1,2,2,-0.00030321303338624872,0.0021639482371195516,-4.6485190008763484e-05,6.9568035525652619e-05,0.31528973925449494,0,-0.95689639723199149,1.6417559655505352,-0.044083497238588537,-0.99121447295964771,1.6396158801382157,0.055191816916204534,-0.023560685415855431,-0.0091417345505711706,0.15961402283924991,0.010917404452637003,-0.0036923869634006758,-0.097091047930856114,-0.19280019140597063,-1.9571026132257614,-0.0093541998208359171,0.20318487853139319,-4.4287828705320971,-0.0093541998208359171,0.19280019140597063,1.9571026132257614,0.0093541998208359171,-0.20318487853139319,4.4287828705320971,0.0093541998208359171
hold,0,910,9.1099999999997117,0,0,1,2,2,-0.00028155881748027911,0.0021635282009157173,3.4030857535001848e-05,0.013361088770327115,0.31529641247300771,0,-0.95702333459789024,1.6417137359832976,-0.042961297106873159,-0.99118868834438878,1.639469825385792,0.055811519347602333,-0.0020158244509031311,-0.0018264349258749007,0.062301372197133963,-0.0036190306993017576,-0.020167892579648759,0.16344378081565733,-0.21332955344373294,-1.9640800763125572,-0.020964728438905664,0.21751503676126052,-4.4111389268964594,-0.020964728438905664,0.21332955344373294,1.9640800763125572,0.020964728438905664,-0.21751503676126052,4.4111389268964594,0.020964728438905664
hold,0,911,9.119999999999715,0,0,1,2,2,-0.00026062577105155638,0.0020508335781290916,0.00020828894524724468,0.020142287589173101,0.31530137658348661,0,-0.95688505963843018,1.641724462674903,-0.043264715256711488,-0.99132027527397981,1.6392445966682192,0.05845526094752071,0.024436674428591577,0.0024975111818559773,-0.089572454456523329,-0.01978914126477203,-0.023517284538329221,0.3306834736248096,-0.24088825199890812,-1.9684898359531313,-0.031552127080666792,0.23473784276345905,-4.4059877051971972,-0.031552127080666792,0.24088825199890812,1.9684898359531313,0.031552127080666792,-0.23473784276345905,4.4059877051971972,0.031552127080666792
hold,0,912,9.1299999999997183,0,0,1,2,2,-0.00024072152065167385,0.0019702803048648235,0.00038917260208956079,0.016774743390377184,0.31530196930437726,0,-0.95660593031354235,1.6417334449338274,-0.044421233113129954,-0.99163999933693947,1.6390244498922646,0.062373780423938388,0.022709135408947926,-0.0029887232119007309,-0.068706128733407229,-0.040567007602536294,-0.020925272260926258,0.4357137079488882,-0.2413937475783671,-1.96307545963077,-0.036186937785829973,0.25807350160490061,-4.4068185432669633,-0.036186937785829973,0.2413937475783671,1.96307545963077,0.036186937785829973,-0.25807350160490061,4.4068185432669633,0.036186937785829973
hold,0,913,9.1399999999997217,0,0,1,2,2,-0.00022336412276786899,0.0015848383979811965,0.00066560175921691713,0.034894528672904233,0.31529818125785197,0,-0.95633947385931539,1.6416915304355968,-0.044561999109251252,-0.99203036418018131,1.6388333619318027,0.067285981444422271,0.029764003821782407,-0.0031443436208701235,0.0099363872905034629,-0.038801731620052751,-0.018017134387312492,0.53399794372428344,-0.25058026762501728,-1.9625845232359556,-0.056421467371792981,0.2594311443683518,-4.408197977456882,-0.056421467371792981,0.25058026762501728,1.9625845232359556,0.056421467371792981,-0.2594311443683518,4.408197977456882,0.056421467371792981
hold,0,914,9.149999999999725,0,0,1,2,2,-0.00021102216634272253,0.00099869766403187918,0.0010726669455307872,0.044558721940450755,0.31528865095181347,0,-0.95599173710268404,1.6416750501012758,-0.044431681634353251,-0.99239380526896448,1.6387069409827517,0.072640976539549665,0.037729602856592825,-4.0598780883125286e-05,0.015017308080214856,-0.032374525147806178,-0.0046116923207177932,0.49956520243145874,-0.26132776071287855,-1.9655564254013744,-0.075360805115996007,0.25591146660637054,-4.4205920519310684,-0.075360805115996007,0.26132776071287855,1.9655564254013744,0.075360805115996007,-0.25591146660637054,4.4205920519310684,0.075360805115996007
hold,0,915,9.1599999999997284,0,0,1,2,2,-0.0002056192547624236,0.00025072542560450393,0.0014878384283113298,0.0395221102167609,0.31527110977505424,0,-0.95553598936502793,1.6417756953147333,-0.04538778566590923,-0.99256526906318843,1.6388448074285535,0.07563915388909849,0.049138279452692488,0.012523056656618459,-0.1378363507837094,-0.0061199544716231393,0.023097677340306169,0.17557842741899932,-0.27638241921022705,-1.9789252425465365,-0.084443444996129158,0.23102860628397909,-4.4494043531585072,-0.084443444996129158,0.27638241921022705,1.9789252425465365,0.084443444996129158,-0.23102860628397909,4.4494043531585072,0.084443444996129158
hold,0,916,9.1699999999997317,0,0,1,2,2,-0.0002051477834265486,-8.8002419243983783e-05,0.0016238142445356082,-0.0036913396993354525,0.31524606117182852,0,-0.95519570166805057,1.6419389589977305,-0.047560715148409309,-0.99265274723239538,1.6391580100139189,0.075571141278418213,0.023936641934889209,0.019198501619556867,-0.27139105766590477,-0.010394950013985596,0.035687953218374743,-0.12351810418408248,-0.25390308326824262,-1.9869067969734517,-0.060722471332474229,0.23600342717999717,-4.4645002497194985,-0.060722471332474229,0.25390308326824262,1.9869067969734517,0.060722471332474229,-0.23600342717999717,4.4645002497194985,0.060722471332474229
hold,0,917,9.179999999999735,0,0,1,2,2,-0.00020771342681293048,-0.00037344443146084547,0.001491150827239543,-0.019659156386843412,0.31521951271435156,0,-0.95501491174457898,1.6421261190178593,-0.050419850919152083,-0.99269240727074171,1.6395094657579259,0.073376092995203271,0.014302178627406938,0.018594254621439467,-0.29782279418761698,0.0003909230109385921,0.034529936581916727,-0.28294964543320222,-0.24571493934853311,-1.9877998301363653,-0.043832943810971553,0.22553483446184358,-4.4661538790350965,-0.043832943810971553,0.24571493934853311,1.9877998301363653,0.043832943810971553,-0.22553483446184358,4.4661538790350965,0.043832943810971553
hold,0,918,9.1899999999997384,0,0,1,2,2,-0.00021140455527715596,-0.00037286854172180234,0.001191096276795769,-0.036912623335983705,0.31519624404613428,0,-0.95499990945921476,1.6422938734126684,-0.053107046799361061,-0.99270162431233855,1.6398239896948477,0.070132027708284778,-0.0068544581141793204,0.015674157522959822,-0.25150008240090832,-0.001624946415027045,0.029463062596580953,-0.35368206013363085,-0.22467832088986062,-1.9862217681963583,-0.021109894353335056,0.22762444022058398,-4.4636031965451348,-0.021109894353335056,0.22467832088986062,1.9862217681963583,0.021109894353335056,-0.22762444022058398,4.4636031965451348,0.021109894353335056
hold,0,919,9.1999999999997417,0,0,1,2,2,-0.00021480939661307208,-0.00033048819568040426,0.00085681584828496791,-0.031127848627655962,0.31517953377018099,0,-0.95512890461522093,1.6424111291438768,-0.054804347796851519,-0.99266912368784999,1.6400618679653785,0.066766508881784606,-0.015526400239363374,0.011371012618038592,-0.13625551490448443,0.0067836832393985309,0.020216207578246832,-0.32830146122592047,-0.21497441751662716,-1.982856669141104,-0.011774176771869253,0.21895580557024991,-4.4562593676910467,-0.011774176771869253,0.21497441751662716,1.982856669141104,0.011774176771869253,-0.21895580557024991,4.4562593676910467,0.011774176771869253
hold,0,920,9.2099999999997451,0,0,1,2,2,-0.00021716781502156834,-0.0001781617006082353,0.00058903464163051554,-0.02388424925899112,0.31517066758649026,0,-0.95536630895192298,1.6424639449081671,-0.05507047977139351,-0.99257733272118287,1.6402123261843546,0.063828705454022722,-0.029353954619878199,0.001514959649078792,0.045571238004556869,0.011094284278651686,0.011773132094465118,-0.27384286843136074,-0.19924762844249594,-1.9734231422864665,-0.006598358189310434,0.2139108767976598,-4.4490199579590746,-0.006598358189310434,0.19924762844249594,1.9734231422864665,0.006598358189310434,-0.2139108767976598,4.4490199579590746,0.006598358189310434
hold,0,921,9.2199999999997484,0,0,1,2,2,-0.00021865169895990411,-0.0001259594811242563,0.00045524734917826761,-0.0063607396437405277,0.31516875406845651,0,-0.95565628963879079,1.6424744756435126,-0.053963824063499373,-0.99239461439111665,1.6402876263522508,0.061475904446977765,-0.029890118615229746,-0.0024959480371425985,0.17737615908426313,0.023367583218353218,0.0048002826200032114,-0.21217360385834685,-0.19639161895220192,-1.9694964804830091,-0.012633431586978322,0.20017583121742849,-4.4426495098277821,-0.012633431586978322,0.19639161895220192,1.9694964804830091,0.012633431586978322,-0.20017583121742849,4.4426495098277821,0.012633431586978322
hold,0,922,9.2299999999997517,0,0,1,2,2,-0.00021942370179164894,-4.6357307249297317e-05,0.00043307604496081893,0.00054124529241383283,0.31517140959940537,0,-0.95603493932182038,1.6424004038777693,-0.051183373261653335,-0.99213136051748041,1.6403147928446096,0.05950333818457372,-0.043622765228257518,-0.010348341772276877,0.34647825054870901,0.028517329594095468,0.001394404084652289,-0.18899977947616353,-0.17962977487493748,-1.9610515126219288,-0.016544009903286847,0.19292005385259633,-4.4394609632313013,-0.016544009903286847,0.17962977487493748,1.9610515126219288,0.016544009903286847,-0.19292005385259633,4.4394609632313013,0.016544009903286847
hold,0,923,9.2399999999997551,0,0,1,2,2,-0.000220738844318627,-0.00019145251302971631,0.00053190980895948762,0.016098013357855424,0.31517639070070147,0,-0.95645861398353871,1.6423086474686888,-0.047259435417797306,-0.99174542569578938,1.640318664244921,0.057600333634539036,-0.040152433315114193,-0.0080886135433294714,0.41256757829340779,0.045483255320411746,-0.00023926171690915194,-0.1924463558612847,-0.17971070949433413,-1.9625771895782318,-0.029432025818453986,0.17286664955275186,-4.4378582686322314,-0.029432025818453986,0.17971070949433413,1.9625771895782318,0.029432025818453986,-0.17286664955275186,4.4378582686322314,0.029432025818453986
hold,0,924,9.2499999999997584,0,0,1,2,2,-0.00022331515618764786,-0.00031798491911986751,0.00066755679702311312,0.011818898191530515,0.31518102257762204,0,-0.95691702926338151,1.6422206993965442,-0.042883824008016665,-0.99126574699598213,1.640327642381552,0.055302670475322571,-0.044212981524206961,-0.0035700377026961806,0.39045364447341674,0.049723008214589588,0.0017211629360320635,-0.25540783884276691,-0.17198283904649891,-1.9663921808417091,-0.031384197790139463,0.16478946706011602,-4.4398905183782205,-0.031384197790139463,0.17198283904649891,1.9663921808417091,0.031384197790139463,-0.16478946706011602,4.4398905183782205,0.031384197790139463
hold,0,925,9.2599999999997618,0,0,1,2,2,-0.00022743014397369476,-0.00047449839374285338,0.00075727312650930925,0.0070675122800540821,0.31518419215902949,0,-0.95719784626056459,1.6422600069664668,-0.040585491805803196,-0.99090943024884104,1.6402673768687772,0.053903606689750923,-0.016861084807731175,0.0072202876552580845,0.12845688925948451,0.025839250228415569,-0.0096906523698896564,-0.06806666412415649,-0.19708819978551012,-1.9774969667590436,-0.031053479846339566,0.18582269106916127,-4.4279965789701006,-0.031053479846339566,0.19708819978551012,1.9774969667590436,0.031053479846339566,-0.18582269106916127,4.4279965789701006,0.031053479846339566
hold,0,926,9.2699999999997651,0,0,1,2,2,-0.00023276696388943585,-0.00057304008720368712,0.00077632807524448237,-0.0015366755614708554,0.31518600447224787,0,-0.95723584806618267,1.6423524082442151,-0.040578570320859139,-0.99081609097583745,1.6401477738363428,0.054106160468344933,0.0049093788770959565,0.0099468031730594927,-0.081287893656566773,-0.0017057678547152339,-0.01288835886207631,0.076419961750647386,-0.21855464902539257,-1.9809626924988317,-0.025824713416938035,0.21262099496826337,-4.4238420482184386,-0.025824713416938035,0.21855464902539257,1.9809626924988317,0.025824713416938035,-0.21262099496826337,4.4238420482184386,0.025824713416938035
hold,0,927,9.2799999999997684,0,0,1,2,2,-0.00023889408339941576,-0.00063819266911718472,0.00074149922696183958,-0.0047760280750740571,0.3151869826357574,0,-0.95706211810448472,1.6424469628208838,-0.042303962093961915,-0.9909700285201819,1.6400072101157641,0.055713988131045729,0.025598288418583012,0.0089204386652236428,-0.23185238651043472,-0.024464289775799914,-0.014674224749135822,0.21578529787900164,-0.24063339826046326,-1.9806927646043451,-0.022028921533149955,0.23661101724410366,-4.4209316725667493,-0.022028921533149955,0.24063339826046326,1.9806927646043451,0.022028921533149955,-0.23661101724410366,4.4209316725667493,0.022028921533149955
hold,0,928,9.2899999999997718,0,0,1,2,2,-0.00024528410344760998,-0.00062796417577393204,0.0006868773636666284,-0.0058810179497227793,0.31518773795688765,0,-0.956719063021225,1.6425180674291846,-0.045148474965981886,-0.99133998643212995,1.6398495034429081,0.058707880899687169,0.03544106057684137,0.0036906943125916279,-0.27700253679249592,-0.045377842864067652,-0.016570384619578851,0.35569530305608926,-0.25322061108479932,-1.9760318571181197,-0.019213771351783825,0.26048423362795581,-4.417773859313459,-0.019213771351783825,0.25322061108479932,1.9760318571181197,0.019213771351783825,-0.26048423362795581,4.417773859313459,0.019213771351783825
hold,0,929,9.2999999999997751,0,0,1,2,2,-0.00025172035081748312,-0.00065183961759002174,0.0006875764002557777,0.0040444766797122604,0.31518874230763849,0,-0.95640438126847327,1.642527125106493,-0.047118975507279781,-0.99186566146503563,1.6396689771125375,0.063200078278412397,0.029369873917925428,0.0010723560797665859,-0.15796351039287429,-0.058084768934586396,-0.019104105492832694,0.51652168990001235,-0.24966687844789726,-1.9734859803037619,-0.02533914625932503,0.27739655996171997,-4.4137959277972394,-0.02533914625932503,0.24966687844789726,1.9734859803037619,0.02533914625932503,-0.27739655996171997,4.4137959277972394,0.02533914625932503
hold,0,930,9.3099999999997785,0,0,1,2,2,-0.00026029650538593463,-0.00098071053308634295,0.00090252552289818129,0.03316485114114115,0.31519039272449251,0,-0.95601298927334299,1.6424950928524416,-0.047986822601524377,-0.9923981668849513,1.6394602221636334,0.069281665050889452,0.043712202903977829,-0.0076189314471897113,-0.019056061907176812,-0.050870723890349932,-0.022418418745939563,0.67653723915110819,-0.26714034339499187,-1.9645384347443939,-0.050310153863295431,0.27444255827680891,-4.4088115749529004,-0.050310153863295431,0.26714034339499187,1.9645384347443939,0.050310153863295431,-0.27444255827680891,4.4088115749529004,0.050310153863295431
hold,0,931,9.3199999999997818,0,0,1,2,2,-0.00027298198113173688,-0.0014728475787650476,0.0012846889020762865,0.04152897539947905,0.31518861330719067,0,-0.95555599530202884,1.6424369751483843,-0.048031736516473411,-0.99286336739978898,1.6393368030874247,0.07563777409214871,0.048101265383120477,-0.0014494471530252431,-0.016533626697250833,-0.038345735480748676,-0.00030251816481079077,0.54786705747332876,-0.2751853576446478,-1.9702429774061001,-0.067896675656521577,0.26563917398590903,-4.4299401229243589,-0.067896675656521577,0.2751853576446478,1.9702429774061001,0.067896675656521577,-0.26563917398590903,4.4299401229243589,0.067896675656521577
hold,0,932,9.3299999999997851,0,0,1,2,2,-0.00029096513531627621,-0.0020080949337931394,0.001648979045079319,0.033035891686704406,0.3151805556106661,0,-0.95508232802115356,1.6424434060902049,-0.048520488740344356,-0.99311308066882575,1.6394529182814439,0.079394664465229067,0.046647496985816238,0.0024716389300529218,-0.070540534864191998,-0.015689556424467607,0.017469335657319715,0.26891697652304858,-0.27752092749434576,-1.9742155110237434,-0.073907831492878967,0.24498070108192216,-4.4486408982986436,-0.073907831492878967,0.27752092749434576,1.9742155110237434,0.073907831492878967,-0.24498070108192216,4.4486408982986436,0.073907831492878967
hold,0,933,9.3399999999997885,0,0,1,2,2,-0.00031290295823263592,-0.0023157435986376723,0.0017961607810866775,0.0025046077412258592,0.3151668259059528,0,-0.9547341690793214,1.6425046702283894,-0.049748004943382176,-0.99324888096803532,1.6396784728981877,0.080576732475386464,0.026942195273633063,0.0087047220868340727,-0.15806934299868258,-0.012347003818873558,0.025238093508825343,0.022444711743264026,-0.26060089731681979,-1.9809387072860007,-0.058721712384975193,0.24272455087000466,-4.4582140930840994,-0.058721712384975193,0.26060089731681979,1.9809387072860007,0.058721712384975193,-0.24272455087000466,4.4582140930840994,0.058721712384975193
hold,0,934,9.3499999999997918,0,0,1,2,2,-0.00033742647993365016,-0.0025457132404804413,0.0017262180039467974,-0.013331907838172312,0.31515105018960377,0,-0.95453825219471677,1.6425985074793945,-0.051437451249109867,-0.99332343156837255,1.6399266125633196,0.079932549380292386,0.014782666860750264,0.0099218773042346366,-0.177476265142965,-0.0043574634283681992,0.02443460539328892,-0.12089791876460776,-0.25000870398077407,-1.982906560511442,-0.044636309588252682,0.23533141528219714,-4.4593957222896181,-0.044636309588252682,0.25000870398077407,1.982906560511442,0.044636309588252682,-0.23533141528219714,4.4593957222896181,0.044636309588252682
hold,0,935,9.3599999999997952,0,0,1,2,2,-0.00036314605228264518,-0.002593655423555552,0.0015205207032590344,-0.025400379053551352,0.31513690862095428,0,-0.95448995964245331,1.6426878238763596,-0.05294743659998797,-0.99335976795878045,1.6401463892988688,0.078347661934926871,-0.0017025777569842347,0.0083240030990881352,-0.13465718759051662,-0.0031823109290255677,0.020451963342873532,-0.18404476508028939,-0.23390979978114726,-1.982023217482016,-0.028570321153417184,0.23444695390611769,-4.4571712941235964,-0.028570321153417184,0.23390979978114726,1.982023217482016,0.028570321153417184,-0.23444695390611769,4.4571712941235964,0.028570321153417184
hold,0,936,9.3699999999997985,0,0,1,2,2,-0.00038907535443978569,-0.0025966059010884279,0.0012854128645406421,-0.022254508716707491,0.31512699015234091,0,-0.95455428157448985,1.6427579711729439,-0.053787971063245961,-0.99335452367668164,1.6403102592716983,0.076582961737674607,-0.00919127967551173,0.0056228248448890643,-0.050805430071810348,0.0030960310284004764,0.013845144293991949,-0.17309774449835438,-0.22590652240632747,-1.9798832176004912,-0.021171887984107705,0.22812665769190121,-4.4518754348573504,-0.021171887984107705,0.22590652240632747,1.9798832176004912,0.021171887984107705,-0.22812665769190121,4.4518754348573504,0.021171887984107705
hold,0,937,9.3799999999998018,0,0,1,2,2,-0.00041459918853009592,-0.0025235989318513775,0.001093491312008288,-0.017144770913561393,0.31512227327450426,0,-0.95469650488026536,1.6427926269349493,-0.053672632920135348,-0.99330548404512986,1.6404112644369366,0.075097686781569084,-0.018119515425560742,0.00052629881543978852,0.063763504176764796,0.0062630464241246039,0.0077319288782262833,-0.13389057950530511,-0.21584050021007434,-1.9750639376670855,-0.017139547110019325,0.22456732524376283,-4.446570260763492,-0.017139547110019325,0.21584050021007434,1.9750639376670855,0.017139547110019325,-0.22456732524376283,4.446570260763492,0.017139547110019325
hold,0,938,9.3899999999998052,0,0,1,2,2,-0.00043956427901579997,-0.0024804576470227996,0.00099091933046260698,-0.005667153166281194,0.31512242436657284,0,-0.9549252780377897,1.6427516316426958,-0.052068184498911742,-0.99320050941132387,1.6404562409415355,0.074063095884565916,-0.026322958759971614,-0.0069571867265850896,0.22543522839540617,0.013464039204541322,0.0024433613332395594,-0.084665883945385809,-0.20580687161546873,-1.9672524897870323,-0.020481422669264594,0.21652653539289818,-4.441641505255296,-0.020481422669264594,0.20580687161546873,1.9672524897870323,0.020481422669264594,-0.21652653539289818,4.441641505255296,0.020481422669264594
hold,0,939,9.3999999999998085,0,0,1,2,2,-0.00046469579550256768,-0.0025351222420780641,0.0010131280089179105,0.0074786056570721789,0.31512591504298171,0,-0.95522115836949772,1.6426545372766097,-0.048965380302373011,-0.99300340397879805,1.6404633704302749,0.073389029321295401,-0.032047826877380114,-0.011531878015007498,0.3686688556402512,0.023972400224362044,-0.0003920011155340861,-0.056743050610019351,-0.19771496084439608,-1.9619010435699213,-0.029257785465535081,0.20444133091287087,-4.4388631787164377,-0.029257785465535081,0.19771496084439608,1.9619010435699213,0.029257785465535081,-0.20444133091287087,4.4388631787164377,0.029257785465535081
hold,0,940,9.4099999999998118,0,0,1,2,2,-0.00049101583658024694,-0.0026956174628316914,0.0011410260795828731,0.01632872104045292,0.31513024416885071,0,-0.95557349470111985,1.6425284574526171,-0.044669086638120963,-0.9926992782296693,1.6404602211717085,0.072743536280140131,-0.037687700450658682,-0.013422138988038434,0.47308541979116187,0.034746885435547117,-0.00025740487173293576,-0.069936654858832381,-0.18925639661814048,-1.9590021440049497,-0.038911855281741972,0.19123383970865582,-4.4389725808917078,-0.038911855281741972,0.18925639661814048,1.9590021440049497,0.038911855281741972,-0.19123383970865582,4.4389725808917078,0.038911855281741972
hold,0,941,9.4199999999998152,0,0,1,2,2,-0.00052011302047209884,-0.0030506791820404762,0.0013253604534416332,0.019834676637735495,0.31513280870390936,0,-0.95574623855667262,1.6425358752292496,-0.041817278943911275,-0.9922884466140508,1.6404748565627987,0.071716446445830029,-0.0026019047401658847,0.0073092504512477924,0.16756202186115737,0.04532911640298342,0.002582205696849668,-0.12442497919641941,-0.22296024148421112,-1.9797928756572958,-0.046339685460522279,0.17736495581627151,-4.441929274589012,-0.046339685460522279,0.22296024148421112,1.9797928756572958,0.046339685460522279,-0.17736495581627151,4.441929274589012,0.046339685460522279
hold,0,942,9.4299999999998185,0,0,1,2,2,-0.00054981866024442216,-0.0029191013302430065,0.0012723431181753493,-0.022065259889653608,0.31513159669773705,0,-0.95580327164037637,1.6426624623287176,-0.041812573273264604,-0.9920247510451734,1.6405282374578327,0.069978132798467013,-0.0075866791272352473,0.015096339879298719,-0.10639031373765204,0.013775625760245346,0.0071538212639990894,-0.20679789489750183,-0.21751920242751177,-1.9885926618810907,-0.018508244672339337,0.20680888190799041,-4.446927937316433,-0.018508244672339337,0.21751920242751177,1.9885926618810907,0.018508244672339337,-0.20680888190799041,4.446927937316433,0.018508244672339337
hold,0,943,9.4399999999998219,0,0,1,2,2,-0.00057808559790920033,-0.0027697285231646305,0.0010073913147096267,-0.029452692291120807,0.31513124936511328,0,-0.95580022276087273,1.6427906677187565,-0.043580186175110475,-0.99194521540979252,1.640575181288535,0.068122191951802163,0.0056198060873539762,0.010962996951996363,-0.22266724379901104,0.0042807425589412949,0.0031363739956681625,-0.17350878355999083,-0.23075007867813013,-1.9854849620740995,-0.0041392880646260559,0.21566748002624742,-4.44328604069372,-0.0041392880646260559,0.23075007867813013,1.9854849620740995,0.0041392880646260559,-0.21566748002624742,4.44328604069372,0.0041392880646260559
hold,0,944,9.4499999999998252,0,0,1,2,2,-0.00060315507175610905,-0.0023263021913232412,0.00064858272695818059,-0.040135259438073778,0.31513545895712058,0,-0.95577297001849693,1.6428581938526114,-0.045866949145994963,-0.99202804195265704,1.6405764976323036,0.066903719470820217,-0.0038023546805695759,0.0012452207718582752,-0.18835186316885372,-0.016388165812151544,-0.0018377099942561729,-0.089567623453910117,-0.221545939849213,-1.9763073949648011,0.014366489213856902,0.23699900074025637,-4.4383224874539451,0.014366489213856902,0.221545939849213,1.9763073949648011,-0.014366489213856902,-0.23699900074025637,4.4383224874539451,-0.014366489213856902
hold,0,945,9.4599999999998285,0,0,1,2,2,-0.00062399155700394726,-0.0019272918121562102,0.00036361859790607948,-0.020742034276550709,0.31514636737862134,0,-0.95593876633832908,1.6427500323758322,-0.045605139416483011,-0.99218637360074502,1.6405078540796585,0.066903950169928436,-0.024748263495104471,-0.016327849642424092,0.15328956905433674,-0.015233198872136474,-0.010122855892012983,0.057526280751649499,-0.19927366047602085,-1.9578690327362844,0.011253148602608558,0.23711068698494517,-4.4294881931350272,0.011253148602608558,0.19927366047602085,1.9578690327362844,-0.011253148602608558,-0.23711068698494517,4.4294881931350272,-0.011253148602608558
hold,0,946,9.4699999999998319,0,0,1,2,2,-0.00064327662184944512,-0.0019387282781644605,0.0003976606072488315,0.01947203019172276,0.31516356775507892,0,-0.95604462013955582,1.6425973750318961,-0.043550656824338868,-0.99219122684268057,1.6403722755100789,0.068196506127700188,0.004289090039285637,-0.011855187103761922,0.19082153121501441,0.0094221059419835503,-0.01580430247722981,0.17633359102934873,-0.22746418360059706,-1.9611204365234578,-0.015291606632881431,0.21249420810630959,-4.4227221179931737,-0.015291606632881431,0.22746418360059706,1.9611204365234578,0.015291606632881431,-0.21249420810630959,4.4227221179931737,0.015291606632881431
hold,0,947,9.4799999999998352,0,0,1,2,2,-0.00066142940106607429,-0.0017294787726906862,0.00052514232040473468,0.0082708606773193392,0.31518060314522223,0,-0.95598772856079217,1.6425286317786481,-0.042450298702403418,-0.99217966208972608,1.6402306558223676,0.069961000203894078,0.0069049989579618078,-0.0044698909834949875,0.059361685138331857,-0.004464970875809918,-0.013154861253546491,0.17801573549152133,-0.23053522514938241,-1.9679557866177406,-0.014384985048013849,0.22628876690046706,-4.4242386017151665,-0.014384985048013849,0.23053522514938241,1.9679557866177406,0.014384985048013849,-0.22628876690046706,4.4242386017151665,0.014384985048013849
hold,0,948,9.4899999999998386,0,0,1,2,2,-0.0006780775948628387,-0.001619151807632005,0.00060203218363159383,0.0073059118342187002,0.31519554713714071,0,-0.9558355973380217,1.6424929086524185,-0.042504418288541665,-0.9922403097036232,1.6401020119138607,0.071779981825773581,0.020759032193787805,-0.0033022820768975982,-0.046907949861480933,-0.0072765641650514171,-0.012707809503696174,0.18569046182725341,-0.24560630816737217,-1.9688376105145016,-0.017379299104847718,0.22958554110088558,-4.4236565021969625,-0.017379299104847718,0.24560630816737217,1.9688376105145016,0.017379299104847718,-0.22958554110088558,4.4236565021969625,0.017379299104847718
hold,0,949,9.4999999999998419,0,0,1,2,2,-0.00069289952392166676,-0.0013889454799832564,0.00060176814269357367,-0.0049090231930423583,0.31520860923454158,0,-0.95561436022032642,1.6424650804677852,-0.043583333701005054,-0.99239274895163287,1.6399842204535902,0.073624782623067528,0.022962891771354466,-0.0025456790391575469,-0.14745873672442206,-0.020721019323292317,-0.011190507533728624,0.18496834489075412,-0.2495800646865011,-1.969371588075175,-0.010914890307144489,0.24424951024320385,-4.4242314724847649,-0.010914890307144489,0.2495800646865011,1.969371588075175,0.010914890307144489,-0.24424951024320385,4.4242314724847649,0.010914890307144489
hold,0,950,9.5099999999998452,0,0,1,2,2,-0.00070546662345574718,-0.0011670135491641653,0.00054250158635892499,-0.0065978948185185281,0.31522047763911526,0,-0.95533852666915875,1.6424330280543038,-0.045419884860314168,-0.99263789890359222,1.6398687219607537,0.075654197112819413,0.030631740723603529,-0.0036554096296612221,-0.20757870467027975,-0.027183829295869454,-0.011798334097805573,0.21581512064060396,-0.25945558204809149,-1.9680054381768204,-0.0087081742084896864,0.25267351983145575,-4.4226996579779971,-0.0087081742084896864,0.25945558204809149,1.9680054381768204,0.0087081742084896864,-0.25267351983145575,4.4226996579779971,0.0087081742084896864
hold,0,951,9.5199999999998486,0,0,1,2,2,-0.00071507812052067077,-0.0008123089258551357,0.00046018831582468118,-0.0092805632292313929,0.31523198499909982,0,-0.95515778014247399,1.6423236846649591,-0.04643371923678874,-0.99296640740834285,1.6397455572934019,0.078067866648560885,0.004196978964499388,-0.016890035248119661,0.011209300043552632,-0.036756325406673271,-0.012719168075854954,0.25946218521785613,-0.23446679250246547,-1.9538960654436048,-0.0057126897466800979,0.26487408398026463,-4.4207935066611324,-0.0057126897466800979,0.23446679250246547,1.9538960654436048,0.0057126897466800979,-0.26487408398026463,4.4207935066611324,0.0057126897466800979
hold,0,952,9.5299999999998519,0,0,1,2,2,-0.0007234974590021731,-0.00086890206468491211,0.00056372457012795389,0.023417157779485508,0.31524414501933495,0,-0.95511509027764308,1.6421095078015573,-0.044846588880250275,-0.99318623197981504,1.6396042681537089,0.081008648598130617,0.0084076086982204038,-0.019763110206690714,0.20608364303317844,-0.012329658738447656,-0.015043452663355578,0.31824844327404755,-0.2390189411548338,-1.9493095755778189,-0.030050548606917832,0.24220601388381649,-4.4173389089560882,-0.030050548606917832,0.2390189411548338,1.9493095755778189,0.030050548606917832,-0.24220601388381649,4.4173389089560882,0.030050548606917832
hold,0,953,9.5399999999998553,0,0,1,2,2,-0.00073344467310314243,-0.001092665803932299,0.00082982735945039067,0.028683944790700272,0.31525308638398686,0,-0.95489425049827337,1.6420276914542526,-0.044045991393409603,-0.99307031130218881,1.6394567309386465,0.082771525912495453,0.0319210128319646,-0.0022862794237246101,0.0010096192238985002,0.042952239681867281,-0.016482541847488315,-0.013852314691061393,-0.26429906352353566,-1.9661318755823478,-0.042603552186522349,0.18599675004249175,-4.4147195220514561,-0.042603552186522349,0.26429906352353566,1.9661318755823478,0.042603552186522349,-0.18599675004249175,4.4147195220514561,0.042603552186522349
hold,0,954,9.5499999999998586,0,0,1,2,2,-0.00074094553140278963,-0.00050447771787778253,0.00068087532274613001,-0.043891737471486725,0.31525146124933667,0,-0.95486242596337167,1.6420892369214943,-0.045381167572111782,-0.9926326695112192,1.6393348827489895,0.079491443834516978,-0.015824047948896185,0.010965211413549,-0.21983422956940299,0.019841945752760486,-0.00066747978656964829,-0.40849807033173724,-0.2168085990218884,-1.9798757301575549,0.0057265824169479666,0.20560590964384165,-4.4295597985951192,0.0057265824169479666,0.2168085990218884,1.9798757301575549,-0.0057265824169479666,-0.20560590964384165,4.4295597985951192,-0.0057265824169479666
hold,0,955,9.5599999999998619,0,0,1,2,2,-0.00074211932527673552,0.00014959863616602863,0.00020516748823241979,-0.049976912925819267,0.31524671198295356,0,-0.9551774822306186,1.6421364094715369,-0.046508360522942882,-0.99270908706048389,1.6393953079430892,0.076684107272292384,-0.047822230913435869,-0.0029163489647497645,0.014174191849192927,-0.024006648616127758,0.0083460916961076419,-0.20043868202971996,-0.1822899659193733,-1.9663715501795971,0.024712998365911946,0.25006584440684737,-4.439056771630594,0.024712998365911946,0.1822899659193733,1.9663715501795971,-0.024712998365911946,-0.25006584440684737,4.439056771630594,-0.024712998365911946
hold,0,956,9.5699999999998653,0,0,1,2,2,-0.00074095891050071638,7.9134892711941063e-05,0.00012343290847582599,0.019655206608896129,0.31525140661376416,0,-0.95544787976761469,1.6420387451749019,-0.044743619053398291,-0.99272951022785128,1.6394248136585605,0.076172689987819023,-0.0068371561833967219,-0.01011755476486979,0.22034062816530647,0.013577096450736348,-0.0013932835092702865,0.044533659994008816,-0.22111186035344371,-1.9583890300063966,-0.015513240176614365,0.21264548467892239,-4.4295534421489862,-0.015513240176614365,0.22111186035344371,1.9583890300063966,0.015513240176614365,-0.21264548467892239,4.4295534421489862,0.015513240176614365
hold,0,957,9.5799999999998686,0,0,1,2,2,-0.00073912331609823911,0.00025624435905670373,0.00029113038444936716,0.014848593331271729,0.3152600347871406,0,-0.95546273084542577,1.6419987668109215,-0.043429338714346233,-0.99267617017844212,1.6394169614292731,0.076913179488649869,0.0025146879711451719,-0.0011266983951137763,0.076037249986336763,0.00011243011113834392,-0.00077273125284732687,0.094013679498358538,-0.230344895885497,-1.9670600594643095,-0.020101352309473235,0.22568343062324714,-4.4301111765711099,-0.020101352309473235,0.230344895885497,1.9670600594643095,0.020101352309473235,-0.22568343062324714,4.4301111765711099,0.020101352309473235
hold,0,958,9.589999999999872,0,0,1,2,2,-0.00073616245857442697,0.00032500411029750273,0.00043097322810269642,0.013409616879172614,0.31526745061402794,0,-0.95533316011541769,1.642003055184357,-0.043508638288978427,-0.99269887542797519,1.6394012683630073,0.07797683633513218,0.019956002119431999,0.00099784838502500208,-0.061602823559063394,-0.0038611401821126734,-0.002200286878726527,0.11519974080087005,-0.24882277587384846,-1.969218913231932,-0.025110199343407927,0.22983864291276274,-4.4285580764151042,-0.025110199343407927,0.24882277587384846,1.969218913231932,0.025110199343407927,-0.22983864291276274,4.4285580764151042,0.025110199343407927
hold,0,959,9.5999999999998753,0,0,1,2,2,-0.00073181792379133082,0.00050897579978380857,0.00047365006839149878,-0.0018244654465376891,0.31527310222366711,0,-0.95510717110269372,1.6420218975010163,-0.044948234840684359,-0.99282746623574614,1.6393801395036305,0.079111213293323962,0.024281590495578469,0.0022981981056486881,-0.19732946891215672,-0.018973932537460367,-0.0020526123247184501,0.11312338803871584,-0.25495627635178669,-1.9706700014858307,-0.018240084012314913,0.24598016173027798,-4.4285367200940975,-0.018240084012314913,0.25495627635178669,1.9706700014858307,0.018240084012314913,-0.24598016173027798,4.4285367200940975,0.018240084012314913
hold,0,960,9.6099999999998786,0,0,1,2,2,-0.00072544957386896924,0.00073115745739608061,0.00042376251665593624,-0.0070679101387560693,0.31527757709553872,0,-0.95489396468131749,1.6420086174365043,-0.046760262280458702,-0.99306783392637943,1.6393485435376181,0.080403995049928151,0.013338654655456181,-0.0036686290146428456,-0.13051048116761907,-0.027510678911427909,-0.0038715870785066314,0.14051694407604501,-0.24571899188267426,-1.9645969338494427,-0.014222778805897882,0.25643984962931188,-4.42646497761221,-0.014222778805897882,0.24571899188267426,1.9645969338494427,0.014222778805897882,-0.25643984962931188,4.42646497761221,0.014222778805897882
hold,0,961,9.619999999999882,0,0,1,2,2,-0.00071772137917276713,0.00080846865737930866,0.00043532741712040338,0.0066642537782650065,0.31528256872590621,0,-0.9548061777764747,1.641922953744229,-0.046998178702931187,-0.99329292785972667,1.6392935158672732,0.082071727187968693,0.0036145889278179008,-0.013543938467804613,0.069329537342653513,-0.0192752842179491,-0.0065726562099842449,0.18477096394743792,-0.23669722139377833,-1.9540363148580788,-0.023778715894232097,0.25000520640261104,-4.423323687117974,-0.023778715894232097,0.23669722139377833,1.9540363148580788,0.023778715894232097,-0.25000520640261104,4.423323687117974,0.023778715894232097
hold,0,962,9.6299999999998853,0,0,1,2,2,-0.0007108723903442582,0.00061571936826453847,0.00059418779951576526,0.022069204083187556,0.31528663254318856,0,-0.95480793800314112,1.6417746499803201,-0.045383999898731389,-0.99292526274442672,1.6391556114978691,0.081067777593987048,-0.001434934407235704,-0.011911237530863907,0.19603339158111063,0.049878926579676318,-0.0096318865448150465,-0.16384802668390352,-0.2316336162453933,-1.954482585683748,-0.038701046914812458,0.17790967468258595,-4.4191612218279106,-0.038701046914812458,0.2316336162453933,1.954482585683748,0.038701046914812458,-0.17790967468258595,4.4191612218279106,0.038701046914812458
hold,0,963,9.6399999999998887,0,0,1,2,2,-0.00070236003015640425,0.0010092994572245277,0.00052153412667113933,-0.026817813848230627,0.3152828921613155,0,-0.95498049980836264,1.6417915389929809,-0.044966131723261117,-0.99279546912850614,1.6391852153452002,0.079405452969044124,-0.02712482129353545,0.0088836485518542022,-0.05553004144149519,-0.010532627877355302,0.0097940420855650301,-0.16855071444572625,-0.20456323491732142,-1.9754125838677528,-0.0072644810038069718,0.23728288021225291,-4.438823981236939,-0.0072644810038069718,0.20456323491732142,1.9754125838677528,0.0072644810038069718,-0.23728288021225291,4.438823981236939,0.0072644810038069718
hold,0,964,9.649999999999892,0,0,1,2,2,-0.00069316746417137642,0.0008735146321002204,0.00046156027931362872,0.0079316184190077743,0.31527896364859609,0,-0.95500743742229299,1.6418480599893135,-0.045625996620130609,-0.99277959213314859,1.639260116673956,0.078394278653284896,0.0065550317392450499,-0.0010301342965766975,-0.0034959342900784535,0.010326400833301582,0.0053453181786204404,-0.058378012624200726,-0.23802758703865909,-1.9659509689899826,-0.02604690489713514,0.21629683553873569,-4.4349744679600409,-0.02604690489713514,0.23802758703865909,1.9659509689899826,0.02604690489713514,-0.21629683553873569,4.4349744679600409,0.02604690489713514
hold,0,965,9.6599999999998953,0,0,1,2,2,-0.00068295131450563096,0.0011045976971582956,0.00043440516521993405,-0.0098628743710124037,0.31527672597568002,0,-0.95507709383479722,1.6418388263728061,-0.0454855039085897,-0.99280643155242498,1.6393232625567511,0.077913851349019708,-0.0089433930316456783,0.0034846964876775652,-0.042596003942560717,-0.011163922664875467,0.0067970229663498706,-0.041596627854864135,-0.22197191096773455,-1.9703919308421776,-0.01508568290569182,0.23800187439112386,-4.4369313398101307,-0.01508568290569182,0.22197191096773455,1.9703919308421776,0.01508568290569182,-0.23800187439112386,4.4369313398101307,0.01508568290569182
hold,0,966,9.6699999999998987,0,0,1,2,2,-0.0006721959830998242,0.0010403070923749656,0.00044723674792995571,0.0086640935153003383,0.31527580232304775,0,-0.95510340184567211,1.6418358437166916,-0.045423251842039471,-0.99284021100526831,1.6393630311525191,0.077832393146203382,0.0085795954977683254,0.0018449341457695853,-0.031626499375254927,0.0018959594046401821,0.0021522189948901945,0.013212189164274531,-0.23928443541014946,-1.9687283072513533,-0.02693183818709623,0.22521222794435486,-4.4326046846048159,-0.02693183818709623,0.23928443541014946,1.9687283072513533,0.02693183818709623,-0.22521222794435486,4.4326046846048159,0.02693183818709623
hold,0,967,9.679999999999902,0,0,1,2,2,-0.00066095404203314612,0.0011754758395803014,0.00047070799384734806,-0.0018802379355261981,0.31527543682160786,0,-0.95511075045605498,1.6418299616997913,-0.045419383840777386,-0.99288545140799633,1.6393853164056735,0.077960296105152121,-0.0047053476854957092,-0.00059331876320429557,-0.0011917257443841631,-0.008824303824579053,0.00229941100619231,0.012679597894660419,-0.22594070334382244,-1.9662429982071776,-0.022004767999654888,0.23629441439539825,-4.4329301586413532,-0.022004767999654888,0.22594070334382244,1.9662429982071776,0.022004767999654888,-0.23629441439539825,4.4329301586413532,0.022004767999654888
hold,0,968,9.6899999999999054,0,0,1,2,2,-0.00064974815693646937,0.0010691460656786773,0.00052884626685796793,0.01089451512438149,0.31527514329381962,0,-0.95511316209390751,1.6418124771043683,-0.045168218098356527,-0.99290567278724096,1.639396136776051,0.078195176685021045,0.0098377615254561911,0.0018521765859091045,-0.026641704866637569,0.0024606528551671578,0.00037902821915896697,0.030491816130597996,-0.24046451945195413,-1.9685486167929067,-0.031786131590675323,0.22517122874960904,-4.4310963388173397,-0.031786131590675323,0.24046451945195413,1.9685486167929067,0.031786131590675323,-0.22517122874960904,4.4310963388173397,0.031786131590675323
hold,0,969,9.6999999999999087,0,0,1,2,2,-0.00063861140397709903,0.0011509635262258418,0.00056599234054848803,-0.0010501193112122265,0.31527374424874122,0,-0.95508608596464262,1.6418253693200797,-0.045393210739673416,-0.99293739376224754,1.639409980097382,0.078355113352846326,-0.006148804723207532,-3.9549929396822791e-05,0.012429131430168033,-0.0069781391020792456,0.0020332763760055553,0.0068842291183167266,-0.22469456223740952,-1.9667600280032922,-0.026220418670346149,0.23486378850690814,-4.4328613335448344,-0.026220418670346149,0.22469456223740952,1.9667600280032922,0.026220418670346149,-0.23486378850690814,4.4328613335448344,0.026220418670346149
hold,0,970,9.709999999999912,0,0,1,2,2,-0.00062802504757719646,0.000982208644347074,0.00062998100582965257,0.011315841857342007,0.31527180964947749,0,-0.9550877819027338,1.6418198479835291,-0.045150331692323541,-0.9929291367077564,1.639424668538972,0.078428867815137193,0.010940545118660681,0.0033254539981458979,-0.036311931408287999,0.0059638193614409384,0.0011920728098548826,0.0076114590358209331,-0.24177034457454827,-1.97008086123843,-0.035626388149495272,0.22185577360745878,-4.4321376375114028,-0.035626388149495272,0.24177034457454827,1.97008086123843,0.035626388149495272,-0.22185577360745878,4.4321376375114028,0.035626388149495272
hold,0,971,9.7199999999999154,0,0,1,2,2,-0.00061772198997576966,0.0010721635052029495,0.00064393566070372566,-0.0051885866512582533,0.31526829732664097,0,-0.95507304716404207,1.6418375333248991,-0.04544490086415999,-0.99294397721727812,1.6394523956742906,0.078279180178549651,-0.010001817784748837,-0.0010898221585532741,0.018503429212670952,-0.0064810510243053327,0.0037806783080451441,-0.029483648712286377,-0.22094585958067264,-1.9658070678126909,-0.026316415519925595,0.2344193680693788,-4.4349480600921423,-0.026316415519925595,0.22094585958067264,1.9658070678126909,0.026316415519925595,-0.2344193680693788,4.4349480600921423,0.026316415519925595
hold,0,972,9.7299999999999187,0,0,1,2,2,-0.00060807754179315054,0.00087687950886890427,0.00068547818944226277,0.01033207836495729,0.31526439363797321,0,-0.95514461635967352,1.6418134645349292,-0.04476445458947647,-0.99291344335028842,1.6394832350447599,0.078006926416591169,0.0016887733389749048,0.0015081895984822681,0.030646363432197149,0.0093822932812680764,0.0027221103052984517,-0.026122723304526335,-0.23206389713934478,-1.9682125292499668,-0.036671764653381948,0.21831175282788778,-4.4341362070531503,-0.036671764653381948,0.23206389713934478,1.9682125292499668,0.036671764653381948,-0.21831175282788778,4.4341362070531503,0.036671764653381948
hold,0,973,9.7399999999999221,0,0,1,2,2,-0.00059969121440170414,0.00082321555103987158,0.00072322898301274555,-0.00056650973883696576,0.31525923461783195,0,-0.95505264667386891,1.6418898892584997,-0.045670514388671646,-0.99285754079908561,1.6395268636058682,0.077506851606551144,0.010046090745993941,0.0079879435000024795,-0.12458229398859308,0.0030705617304203712,0.0053952546641657627,-0.065590280449525556,-0.24115697203280065,-1.975303680940051,-0.031026813088706705,0.22417626396911305,-4.4371583799008834,-0.031026813088706705,0.24115697203280065,1.975303680940051,0.031026813088706705,-0.22417626396911305,4.4371583799008834,0.031026813088706705
hold,0,974,9.7499999999999254,0,0,1,2,2,-0.00059068025735029006,0.0009490145861561234,0.00063656481573217869,-0.014076014810795328,0.31525273818664934,0,-0.95509421552445339,1.6419498549588387,-0.046392899517928861,-0.99289665154269313,1.6395840464382345,0.07676886833898533,-0.01270743606310897,0.005859974301682949,-0.049672228418526268,-0.0085360648778734054,0.0059656112843423197,-0.079640737569280667,-0.21807089441902186,-1.9736554373444439,-0.019823807904902117,0.23609577652626701,-4.4381861991799907,-0.019823807904902117,0.21807089441902186,1.9736554373444439,0.019823807904902117,-0.23609577652626701,4.4381861991799907,0.019823807904902117
hold,0,975,9.7599999999999287,0,0,1,2,2,-0.00058200033151997732,0.00081914473742638987,0.0006170846603055617,0.0061551644965707223,0.31524848374700953,0,-0.95518255586913048,1.6419620635797278,-0.046126703155970325,-0.99287560519414697,1.6396219199599464,0.076164200710722427,-0.0082580421814361475,-0.0039920569215549625,0.10072176056409723,0.0093009348925283154,0.00234877110354251,-0.048595823220742067,-0.22181356554327802,-1.963901075088319,-0.031095804625174323,0.21809040596749599,-4.4348723471728864,-0.031095804625174323,0.22181356554327802,1.963901075088319,0.031095804625174323,-0.21809040596749599,4.4348723471728864,0.031095804625174323
hold,0,976,9.7699999999999321,0,0,1,2,2,-0.00057416746657419637,0.00074897740139751447,0.00067259859389930999,0.0051137868806420423,0.31524503700942436,0,-0.9553322008258287,1.6419320633573748,-0.044764953077499267,-0.99277682862212191,1.639654426774112,0.075562278706328714,-0.014677932554152479,0.00064851867412754919,0.11338688653274381,0.010272100385485454,0.0038854984427212015,-0.06803640771852261,-0.21419651551697588,-1.9683016489051777,-0.032265555380135348,0.21632902789833836,-4.4366691290253897,-0.032265555380135348,0.21419651551697588,1.9683016489051777,0.032265555380135348,-0.21632902789833836,4.4366691290253897,0.032265555380135348
hold,0,977,9.7799999999999354,0,0,1,2,2,-0.00056799403339147236,0.00052998342015117572,0.00074923894552909388,0.0093624788102272191,0.31524070587815461,0,-0.9552989842740347,1.6420040950390073,-0.044967849374225315,-0.99262680407925563,1.6396981877745591,0.074733588371146895,0.015850522742846956,0.010050553993038726,-0.10499052368948336,0.018197049866310797,0.0046922762064039378,-0.092942165636352839,-0.24499070322832733,-1.9782799376771487,-0.036767838691767626,0.20720388207458279,-4.4378259947926493,-0.036767838691767626,0.24499070322832733,1.9782799376771487,0.036767838691767626,-0.20720388207458279,4.4378259947926493,0.036767838691767626
hold,0,978,9.7899999999999388,0,0,1,2,2,-0.00056109460207684481,0.00080385988000283284,0.00064129740554280223,-0.024206179734455255,0.31523455920530874,0,-0.95532569831483594,1.6420721481734422,-0.045936035790266477,-0.99261696927004472,1.63976195898349,0.073546850712808698,-0.020277453414079778,0.0032649169228845002,-0.04965000571238104,-0.010426163557942365,0.007456723947760196,-0.13595801325887946,-0.20864901474499073,-1.972038725682473,-0.012911859369068761,0.2357484170251487,-4.4411006122054522,-0.012911859369068761,0.20864901474499073,1.972038725682473,0.012911859369068761,-0.2357484170251487,4.4411006122054522,0.012911859369068761
hold,0,979,9.7999999999999421,0,0,1,2,2,-0.00055391558501539928,0.00065919699204700186,0.00057408370094556697,0.0049345809766063644,0.31523095019965219,0,-0.95549931705747659,1.6420303963237095,-0.045118390255363516,-0.99257592876761069,1.6398035483832181,0.072520929063100398,-0.015913800860727412,-0.0084377209067603483,0.16853110292173487,0.013945548271798275,0.0020324445488386516,-0.082010184047056692,-0.21162371735721783,-1.960002073054967,-0.027821556225600074,0.2110483811759358,-4.4360090480043555,-0.027821556225600074,0.21162371735721783,1.960002073054967,0.027821556225600074,-0.2110483811759358,4.4360090480043555,0.027821556225600074
hold,0,980,9.8099999999999454,0,0,1,2,2,-0.00054800583216714494,0.00053536804152872852,0.00063507164418530446,0.0068406385497744105,0.31522882300153243,0,-0.95560959805274859,1.6420203502640049,-0.044051260392893317,-0.99241713486762584,1.639832646023041,0.071614308678476304,-0.0022279106633107384,0.0054031042821169536,0.021940714923713057,0.017224376291430053,0.0035223429640408757,-0.09680601466697504,-0.22442735959245855,-1.9737625297662078,-0.030759183836442928,0.20649920195642518,-4.4377317275381412,-0.030759183836442928,0.22442735959245855,1.9737625297662078,0.030759183836442928,-0.20649920195642518,4.4377317275381412,0.030759183836442928
hold,0,981,9.8199999999999488,0,0,1,2,2,-0.00054244222101396122,0.00056951946887768396,0.00061521082901750518,-0.0078729906880331234,0.31522530159911089,0,-0.95557378905779666,1.6421181621956813,-0.045002028329049183,-0.99231123612159933,1.6398765646360016,0.070475524269917683,0.0078007162470767055,0.011604406516075196,-0.16977778039097674,0.0062385445269795697,0.0049610257102589289,-0.12559606467872605,-0.23474245846246139,-1.9807463274535768,-0.020916726352676412,0.21663784375266359,-4.439521759188044,-0.020916726352676412,0.23474245846246139,1.9807463274535768,0.020916726352676412,-0.21663784375266359,4.439521759188044,0.020916726352676412
hold,0,982,9.8299999999999521,0,0,1,2,2,-0.00053527328867630786,0.00081923462489141212,0.00045128434456735965,-0.022053519702156615,0.31522223336270533,0,-0.9556071105143138,1.6421841018476804,-0.04627177709597835,-0.99233894196145223,1.6399178321769914,0.069286056451346112,-0.01501612246832003,0.0028345316471986627,-0.06819655625877602,-0.0086417606359815886,0.0035790229228677322,-0.11552393250730719,-0.21165904809492758,-1.972503969800693,-0.0069233403623066517,0.23173979563444791,-4.438469896728571,-0.0069233403623066517,0.21165904809492758,1.972503969800693,0.0069233403623066517,-0.23173979563444791,4.438469896728571,0.0069233403623066517
hold,0,983,9.8399999999999554,0,0,1,2,2,-0.00052701284829945183,0.00082937687539793854,0.00036734319635003851,0.00071263790833871101,0.31522319252756192,0,-0.95578667812230378,1.6421202708845177,-0.045433147894117808,-0.99232865846069829,1.6399222675002827,0.068511587893089768,-0.020586508280845919,-0.01153918709173897,0.18418551633909133,0.0076335107959471455,-0.0015902221616725996,-0.053582263252065748,-0.20465212141848182,-1.9576196033564541,-0.018022952099152174,0.21538225619648768,-4.4333361342303617,-0.018022952099152174,0.20465212141848182,1.9576196033564541,0.018022952099152174,-0.21538225619648768,4.4333361342303617,0.018022952099152174
hold,0,984,9.8499999999999588,0,0,1,2,2,-0.00051948338727060561,0.0006923178245591328,0.00045311658327448979,0.013786980616562892,0.31522633042614645,0,-0.95590883596235443,1.6420666614159758,-0.043954195327359502,-0.99218268015940381,1.6399065771088899,0.068024794192721463,-0.0011086245740514538,0.00049056255477977501,0.078819599454645228,0.0192931075085328,-0.0015232944527160122,-0.045816954799217546,-0.2231527424048711,-1.9692204772546373,-0.028902761501156036,0.20255483307354619,-4.4332775388081753,-0.028902761501156036,0.2231527424048711,1.9692204772546373,0.028902761501156036,-0.20255483307354619,4.4332775388081753,0.028902761501156036
hold,0,985,9.8599999999999621,0,0,1,2,2,-0.00051215442262642075,0.00076023737894632319,0.00048782424178311115,-0.0034079529088486731,0.31522774225217609,0,-0.95588431713927835,1.6421218273624871,-0.044321307174721034,-0.99206664227194186,1.6399077444576822,0.067327089000408347,0.0051430050834800284,0.0078004519726572585,-0.11024148530931259,0.0064992323491051222,0.0011772202812775732,-0.085548294242243278,-0.22960052264701122,-1.9769716942446056,-0.019846421073496264,0.21442040513327826,-4.4359873923325077,-0.019846421073496264,0.22960052264701122,1.9769716942446056,0.019846421073496264,-0.21442040513327826,4.4359873923325077,0.019846421073496264
hold,0,986,9.8699999999999655,0,0,1,2,2,-0.00050352226122660215,0.00094485442283860741,0.00038464450571928135,-0.01488004075613656,0.31522847030095813,0,-0.95583476223393937,1.6421793599330941,-0.045764498687978397,-0.99206692252684003,1.6399164112392981,0.066460084773330971,-0.0022979088672928014,0.00069532297869842217,-0.10088908411944575,-0.0042742095850765664,0.0006157112525028433,-0.088016202864127965,-0.2225560479389502,-1.970326825815502,-0.0095999933542189504,0.22519608910664538,-4.4354952175566602,-0.0095999933542189504,0.2225560479389502,1.970326825815502,0.0095999933542189504,-0.22519608910664538,4.4354952175566602,0.0095999933542189504
hold,0,987,9.8799999999999688,0,0,1,2,2,-0.00049305994989626289,0.0011126915309770391,0.00027232898899681181,-0.0087979587248245891,0.31523122385400565,0,-0.95598707914288683,1.6421024694405975,-0.04528157396784626,-0.99209914258904586,1.6399060479524028,0.065804043376171795,-0.02456434930599213,-0.01216973799804358,0.1463264351746888,-0.0024099766945813099,-0.0020970798033456469,-0.05172293468560317,-0.19907107222867121,-1.9568466408987872,-0.009957575246020766,0.22358961671379668,-4.4326995202056496,-0.009957575246020766,0.19907107222867121,1.9568466408987872,0.009957575246020766,-0.22358961671379668,4.4326995202056496,0.009957575246020766
hold,0,988,9.8899999999999721,0,0,1,2,2,-0.0004829055725966841,0.00093476673613503505,0.000344120990435424,0.017778765381207314,0.31523635380743836,0,-0.95615822028857678,1.641997788773887,-0.043370706547290916,-0.99198462875513926,1.6398730689451644,0.06546239127870887,-0.0046059665738129004,-0.0047838818980178582,0.14815127189308672,0.020735018986492354,-0.0040131566121054049,-0.023186286680531888,-0.21766032579533087,-1.9633950516651295,-0.028567172224876959,0.19952851036147029,-4.4305196113389824,-0.028567172224876959,0.21766032579533087,1.9633950516651295,0.028567172224876959,-0.19952851036147029,4.4305196113389824,0.028567172224876959
hold,0,989,9.8999999999999755,0,0,1,2,2,-0.00047342904718386536,0.00095747456669151071,0.00043262042532767796,0.0028970056049147964,0.31523995397280458,0,-0.9561607530535039,1.6420205382990798,-0.043105275209128664,-0.99183375885888814,1.639855194416616,0.064920168760864316,0.0030917016337219968,0.0056392650423742023,-0.05040366730786313,0.011315752449685936,-0.00035222356373795186,-0.074407899953533974,-0.2253377318834488,-1.9740001948070638,-0.022846835977504455,0.20774081772826769,-4.4340375481589627,-0.022846835977504455,0.2253377318834488,1.9740001948070638,0.022846835977504455,-0.20774081772826769,4.4340375481589627,0.022846835977504455
hold,0,990,9.9099999999999788,0,0,1,2,2,-0.00046313079818895153,0.0010770458683213675,0.00037728892010276171,-0.011154770029375751,0.31524157862770819,0,-0.95609241311159343,1.6420899323420657,-0.044471031573773093,-0.99178423381989367,1.6398572475603381,0.064020991641447686,0.0094242677014252305,0.00730611184024466,-0.19216418914709574,0.00075405676963865133,0.00058006665908858835,-0.10055616234518092,-0.23221701748643578,-1.9762221939488214,-0.012509148909839398,0.21790631309635922,-4.4349862635315658,-0.012509148909839398,0.23221701748643578,1.9762221939488214,0.012509148909839398,-0.21790631309635922,4.4349862635315658,0.012509148909839398
hold,0,991,9.9199999999999822,0,0,1,2,2,-0.00045060242640684867,0.0013777725579260374,0.00020431752970663983,-0.021361111204492668,0.31524379017833853,0,-0.95611334779453871,1.642106690679346,-0.04576058491452379,-0.99184891327060432,1.6398542491953529,0.063112903603213713,-0.014798297361677964,-0.0039261205979058481,-0.044528723119365482,-0.011158300177999205,-0.0008936029809604618,-0.085211905198946156,-0.20782697495977032,-1.9651240282089135,-0.00096033814439132163,0.23033610564968227,-4.4334886069716353,-0.00096033814439132163,0.20782697495977032,1.9651240282089135,0.00096033814439132163,-0.23033610564968227,4.4334886069716353,0.00096033814439132163
hold,0,992,9.9299999999999855,0,0,1,2,2,-0.00043658586371515817,0.0014172898315154569,0.00014262739025514644,0.0039615953678896884,0.31524944082981571,0,-0.95630552187917983,1.6419776561674051,-0.044504954924072068,-0.99184906804675066,1.6398190558774322,0.062613850372658111,-0.022884327281004029,-0.01787080091146093,0.23812101597972482,0.0075421347210253226,-0.0052254840333643927,-0.027616750271677735,-0.1982035523633153,-1.950147071799831,-0.014728887640860068,0.21163690895982848,-4.4288751793758649,-0.014728887640860068,0.1982035523633153,1.950147071799831,0.014728887640860068,-0.21163690895982848,4.4288751793758649,0.014728887640860068
hold,0,993,9.9399999999999888,0,0,1,2,2,-0.00042344989320736159,0.0012469632599843032,0.00027639102097506941,0.019655809011503288,0.31525607299717767,0,-0.95637313706656868,1.6419088072073009,-0.043135633417755476,-0.99168045911253433,1.6397741602101497,0.062300889957177738,0.0049479034076466265,-0.0017195429514078506,0.074520866126737778,0.02311551581076892,-0.00403310103516659,-0.033751826312693245,-0.2254948615528552,-1.9657475380790508,-0.028985267759084346,0.19471465639635424,-4.4297083970358031,-0.028985267759084346,0.2254948615528552,1.9657475380790508,0.028985267759084346,-0.19471465639635424,4.4297083970358031,0.028985267759084346
hold,0,994,9.9499999999999922,0,0,1,2,2,-0.00041000782475651698,0.0014095187674329837,0.00031162495021008058,-0.0072326652105081483,0.31525927720299207,0,-0.95635022759556088,1.6419437913046728,-0.043523206315865093,-0.99156822941580325,1.6397610283314683,0.061568700490237736,0.00074411549646737237,0.0060843109011101959,-0.11100086764182202,0.0032811176088410193,0.00045611966662698837,-0.098997630888318228,-0.22147434940973837,-1.973831264710544,-0.014390684368534898,0.21365121702443352,-4.4340925627081456,-0.014390684368534898,0.22147434940973837,1.973831264710544,0.014390684368534898,-0.21365121702443352,4.4340925627081456,0.014390684368534898
hold,0,995,9.9599999999999955,0,0,1,2,2,-0.00039515198503300986,0.0015446509391139616,0.00021320256645635471,-0.011551786237525367,0.31526131087864173,0,-0.95629092913891833,1.6419935284334983,-0.045097580518371427,-0.99155522802405749,1.6397597351989222,0.060561370590875546,0.0048042524222106555,0.0013571664370077641,-0.14325531627111465,8.1007787553133512e-05,-0.00053517923080751751,-0.10260845304821727,-0.22600887398862196,-1.9695020172770457,-0.0085789868135565592,0.21674731571175532,-4.4330909187503424,-0.0085789868135565592,0.22600887398862196,1.9695020172770457,0.0085789868135565592,-0.21674731571175532,4.4330909187503424,0.0085789868135565592
hold,0,996,9.9699999999999989,0,0,1,2,2,-0.00037786941183695633,0.0018491155127637066,6.6656729531716402e-05,-0.016722273975430531,0.31526467576230238,0,-0.95644406319914621,1.6419163950373776,-0.0449695913658981,-0.99160021661163511,1.6397463291760479,0.059645009744409963,-0.029566256503078238,-0.012383664058008836,0.11486687895016241,-0.0074425411993804822,-0.0018443231836532633,-0.085286907764588846,-0.19041329258151007,-1.9551441196130634,-0.0012795145552493212,0.2246307733993099,-4.4316745266145023,-0.0012795145552493212,0.19041329258151007,1.9551441196130634,0.0012795145552493212,-0.2246307733993099,4.4316745266145023,0.0012795145552493212
hold,0,997,9.9800000000000022,0,0,1,2,2,-0.00036049438332200201,0.0016508042234009961,0.0001165419655184812,0.019422903599721101,0.31527072675631185,0,-0.95660870682237098,1.641823720359028,-0.043446482736454073,-0.99148629457861004,1.6397080880215746,0.059046415449707741,-0.0007584321060751277,-0.0048688122552013246,0.11902855558979153,0.024040681329320572,-0.0050633209569155525,-0.044031105168351653,-0.21790396799271503,-1.961917573989074,-0.02495632427264774,0.19223617460640827,-4.4281495996054536,-0.02495632427264774,0.21790396799271503,1.961917573989074,0.02495632427264774,-0.19223617460640827,4.4281495996054536,0.02495632427264774
hold,0,998,9.9900000000000055,0,0,1,2,2,-0.00034310125221607979,0.0018074560279002841,0.00017969403361250147,-0.002398009326171689,0.31527538542448297,0,-0.9566267336001304,1.6418340658944925,-0.043341714673893895,-0.99134629038626554,1.6396730936422301,0.058337018593136364,-0.0021895618411151133,0.0039284065229835624,-0.058310197499678022,0.0051398332835897141,-0.0060711292234115442,-0.056438226486354798,-0.21632862403559971,-1.9707975570509753,-0.014634003419366022,0.21001698911338312,-4.4268618363042016,-0.014634003419366022,0.21632862403559971,1.9707975570509753,0.014634003419366022,-0.21001698911338312,4.4268618363042016,0.014634003419366022
hold,0,999,10.000000000000009,0,0,1,2,2,-0.0003245513264484301,0.0018964906541723916,0.00013785292555221513,-0.0053423444347111384,0.31527809248275923,0,-0.95658662956465124,1.6418719716828751,-0.04444741521813711,-0.99131001651264028,1.6396398432116659,0.057616036793796753,0.0035649474012118968,0.00062426387714609871,-0.099261905552349983,0.0029301085372297319,-0.0019760008745033138,-0.08220316325366446,-0.22240396556176001,-1.9677966607121984,-0.011677263787092508,0.21193652287074105,-4.4306909612085965,-0.011677263787092508,0.22240396556176001,1.9677966607121984,0.011677263787092508,-0.21193652287074105,4.4306909612085965,0.011677263787092508
