scenario,episode,tick,physics_begin,physics_end,source_time_ns,receipt_time_ns,core_status,probe_status,dt_s,command_attempted,command_accepted,probe_command_attempted,probe_command_accepted,fault_event,injected_torque_nm,zoh_ctrl_max_difference,contact_left,contact_right,base_position_0,base_position_1,base_position_2,base_quaternion_0,base_quaternion_1,base_quaternion_2,base_quaternion_3,base_linear_velocity_0,base_linear_velocity_1,base_linear_velocity_2,base_angular_velocity_0,base_angular_velocity_1,base_angular_velocity_2,q_0,q_1,q_2,q_3,q_4,q_5,dq_0,dq_1,dq_2,dq_3,dq_4,dq_5,tau_0,tau_1,tau_2,tau_3,tau_4,tau_5,ctrl_0,ctrl_1,ctrl_2,ctrl_3,ctrl_4,ctrl_5,reference_0,reference_1,reference_2,reference_3,reference_4,reference_5,tau_pd_0,tau_pd_1,tau_pd_2,tau_pd_3,tau_pd_4,tau_pd_5,tau_gravity_0,tau_gravity_1,tau_gravity_2,tau_gravity_3,tau_gravity_4,tau_gravity_5,tau_raw_0,tau_raw_1,tau_raw_2,tau_raw_3,tau_raw_4,tau_raw_5,saturated_0,saturated_1,saturated_2,saturated_3,saturated_4,saturated_5,disturbance_0,disturbance_1,disturbance_2,disturbance_3,disturbance_4,disturbance_5
control,0,0,0,5,0,0,0,-1,0,1,1,0,0,none,0,0,1,1,-0.077378152000000006,8.0999999999999997e-07,0.56772232,1,0,0,0,0,0,0,0,0,0,-1.3267204093873923,2.2088002548867229,0,-1.3267204093873923,2.2088002548867229,0,-0,-0,-0,-0,-0,-0,-0.31236930660113593,1.4705485288055822,0.00035741999074187812,-0.31209840251688858,1.4712025107685847,-0.0001210706308011254,0.31236930660113593,-1.4705485288055822,-0.00035741999074187812,0.31209840251688858,-1.4712025107685847,0.0001210706308011254,-1.3267204090965414,2.208800254273827,0,-1.3267204090965414,2.208800254273827,0,3.4902107870493637e-09,-7.3547514745087028e-09,0,3.4902107870493637e-09,-7.3547514745087028e-09,0,-0.31236931009134672,1.4705485361603337,0.00035741999074187812,-0.31209840600709937,1.4712025181233361,-0.0001210706308011254,-0.31236930660113593,1.4705485288055822,0.00035741999074187812,-0.31209840251688858,1.4712025107685847,-0.0001210706308011254,0,0,0,0,0,0,0,0,0,0,0,0
control,0,1,5,10,10000000,10000000,0,-1,0.01,1,1,0,0,none,0,0,1,1,-0.077481211095148397,9.1740635417488654e-07,0.56764696390651037,0.99999999515100257,-1.2418897744107541e-07,-9.847820619912032e-05,1.49730336578707e-07,-0.017291921905037737,1.7778231484440179e-05,-0.011155627830753729,-4.022631404031974e-05,-0.032651986889104097,4.6373539654355889e-05,-1.326788877819969,2.2093212701601668,-0.00065112489846417469,-1.3267884394496698,2.2093203225949076,-0.00064790883494231905,-0.0041803378911512614,0.07843824694562318,-0.10717515412876705,-0.004102413406020947,0.078283464583241813,-0.10665380642225589,-0.30475968981941964,1.347187407720714,0.0059115541222812089,-0.30461208340186052,1.3480835815197194,0.0054059170410104976,0.30475968981941964,-1.347187407720714,-0.0059115541222812089,0.30461208340186052,-1.3480835815197194,-0.0054059170410104976,-1.3267204090965414,2.208800254273827,0,-1.3267204090965414,2.208800254273827,0,0.0070921315178578978,-0.12390956105451228,0.0055540951759776051,0.0069699843465723657,-0.12366601672783048,0.0055270629715954899,-0.31185182133727757,1.4710969687752262,0.00035745894630360406,-0.31158206774843289,1.4717495982475499,-0.00012114593058499217,-0.30475968981941964,1.347187407720714,0.0059115541222812089,-0.30461208340186052,1.3480835815197194,0.0054059170410104976,0,0,0,0,0,0,0,0,0,0,0,0
control,0,2,10,15,20000000,20000000,0,-1,0.01,1,1,0,0,none,0,0,1,1,-0.077755422595501805,1.1809931549849258e-06,0.56751175798312314,0.99999993809368659,-4.0457400785141227e-07,-0.00035186970896666862,4.0897919723325503e-07,-0.034133611620580338,3.1947502328758963e-05,-0.014397572506225535,-6.5957907732443254e-05,-0.062444491012342909,5.3284985037251514e-05,-1.3264768856006344,2.2100380759618563,-0.001400493024656686,-1.3264759591144399,2.2100359023420313,-0.0013981337207944386,0.058060421102201859,0.06289083939701938,-0.052179980374991219,0.058092298252385981,0.062791940130402721,-0.052679674820446894,-0.40047814854528274,1.3631523652442907,0.0033865510519406829,-0.40026926982803129,1.3639772825696408,0.0029323847376895905,0.40047814854528274,-1.3631523652442907,-0.0033865510519406829,0.40026926982803129,-1.3639772825696408,-0.0029323847376895905,-1.3267204090965414,2.208800254273827,0,-1.3267204090965414,2.208800254273827,0,-0.090012913604187519,-0.109190119351881,0.0030291469261465669,-0.090071847163796862,-0.10901568701405578,0.0030534238572606765,-0.31046523494109524,1.4723424845961717,0.00035740412579411592,-0.31019742266423445,1.4729929695836965,-0.0001210391195710858,-0.40047814854528274,1.3631523652442907,0.0033865510519406829,-0.40026926982803129,1.3639772825696408,0.0029323847376895905,0,0,0,0,0,0,0,0,0,0,0,0
control,0,3,15,20,30000000,30000000,0,-1,0.01,1,1,0,0,none,0,0,1,1,-0.078188300276147343,1.5853783962794587e-06,0.56737300653298239,0.99999972450809882,-8.0158586733897704e-07,-0.00074228207304671248,6.3853763588882772e-07,-0.049073105276322582,4.5750256301505729e-05,-0.012978661161271868,-8.7171199721212587e-05,-0.087805213064672274,3.8042288304968189e-05,-1.3256958327550192,2.2105780099905363,-0.0017622187262194451,-1.3256946567569798,2.2105748970226777,-0.0017570754156294897,0.093147908543356098,0.044509612472067153,-0.022919092061662361,0.093169627804506536,0.04442337410729761,-0.022138153791495287,-0.46053123964614395,1.3858418492227973,0.0020318359398702585,-0.46031213889569111,1.3866569568143632,0.0015133608503619534,0.46053123964614395,-1.3858418492227973,-0.0020318359398702585,0.46031213889569111,-1.3866569568143632,-0.0015133608503619534,-1.3267204090965414,2.208800254273827,0,-1.3267204090965414,2.208800254273827,0,-0.15201677891330054,-0.088097487308612943,0.0016746202209489518,-0.1520634697814989,-0.087930774147155444,0.0016340303142636111,-0.30851446073284339,1.4739393365314102,0.00035721571892130668,-0.30824866911419224,1.4745877309615187,-0.00012066946390165761,-0.46053123964614395,1.3858418492227973,0.0020318359398702585,-0.46031213889569111,1.3866569568143632,0.0015133608503619534,0,0,0,0,0,0,0,0,0,0,0,0
control,0,4,20,25,40000000,40000000,0,-1,0.01,1,1,0,0,none,0,0,1,1,-0.078750565534115996,2.1155621555845025e-06,0.56725859718789284,0.9999992301421694,-1.2858362143440804e-06,-0.0012408516707916623,7.3884260828664262e-07,-0.060632450900617349,5.7612958699486703e-05,-0.010684691207254599,-0.00010299916628868196,-0.10709625145726281,9.128712035840538e-06,-1.3247591560915961,2.2109848854372176,-0.0018437193852725742,-1.3247577728618134,2.2109810747186533,-0.0018280141156219198,0.091539977330422462,0.039455951628529634,0.0034145204610030334,0.091555840077790759,0.039398643775929422,0.0046500525841103894,-0.46731215292561024,1.3901612702131418,0.00073935713336771135,-0.46708841215503916,1.3909396539232599,0.00019572146344113859,0.46731215292561024,-1.3901612702131418,-0.00073935713336771135,0.46708841215503916,-1.3909396539232599,-0.00019572146344113859,-1.3267204090965414,2.208800254273827,0,-1.3267204090965414,2.208800254273827,0,-0.16084500205497751,-0.085399501403481973,0.00038238979253162053,-0.16088539493342252,-0.085267811001810578,0.0003159016054810564,-0.30646715087063275,1.4755607716166239,0.00035696734083609077,-0.30620301722161664,1.4762074649250705,-0.00012018014203991781,-0.46731215292561024,1.3901612702131418,0.00073935713336771135,-0.46708841215503916,1.3909396539232599,0.00019572146344113859,0,0,0,0,0,0,0,0,0,0,0,0
control,0,5,25,30,50000000,50000000,0,-1,0.01,1,1,0,0,none,0,0,1,1,-0.079414560837185524,2.7563331013997973e-06,0.56715499322982499,0.99999833380292846,-1.8479986927452029e-06,-0.0018254827935533444,7.2252311912394302e-07,-0.069978804721740548,6.8198918401270208e-05,-0.010321716056098568,-0.0001184621453628741,-0.12307151130422669,-1.0269223065640533e-05,-1.3239646618845906,2.2114214889927153,-0.0017784672849501689,-1.3239631451396103,2.2114171979621022,-0.0017508317739142552,0.069631161328059618,0.047321299300761017,0.0099102300112826371,0.069639019390137197,0.047280342962023464,0.01107229845968196,-0.4421370484630151,1.3746073621749577,0.00039474030561939685,-0.44190423700483206,1.3753656301005517,-0.00014804223374861132,0.4421370484630151,-1.3746073621749577,-0.00039474030561939685,0.44190423700483206,-1.3753656301005517,0.00014804223374861132,-1.3267204090965414,2.208800254273827,0,-1.3267204090965414,2.208800254273827,0,-0.13751570853549927,-0.10243676557780125,3.8028684920918764e-05,-0.13754569656837901,-0.10232383870233823,-2.8365390809821493e-05,-0.30462133992751583,1.4770441277527591,0.00035671162069847808,-0.30435854043645305,1.4776894688028899,-0.00011967684293878982,-0.4421370484630151,1.3746073621749577,0.00039474030561939685,-0.44190423700483206,1.3753656301005517,-0.00014804223374861132,0,0,0,0,0,0,0,0,0,0,0,0
control,0,6,30,35,60000000,60000000,0,-1,0.01,1,1,0,0,none,0,0,1,1,-0.080161297353009683,3.4928186740203648e-06,0.56704930196211234,0.99999692117245398,-2.4831131652479937e-06,-0.0024814590553586657,6.3526552579743299e-07,-0.077551768735691126,7.7083679865258512e-05,-0.010798646001601698,-0.00013231116454854959,-0.13620098189272503,-2.1413188332723551e-05,-1.3233684981796883,2.2118971338130411,-0.0016597115559038467,-1.3233669536442823,2.2118925245631127,-0.0016232089858270312,0.051755770488957707,0.047934251802056294,0.01457618751693774,0.051751992248857938,0.047909685816511144,0.015275335762140879,-0.42091562070325783,1.3692697881760623,0.00012558033083917396,-0.42066683509424918,1.3700061615490611,-0.00039601932013502234,0.42091562070325783,-1.3692697881760623,-0.00012558033083917396,0.42066683509424918,-1.3700061615490611,0.00039601932013502234,-1.3267204090965414,2.208800254273827,0,-1.3267204090965414,2.208800254273827,0,-0.11785658673567451,-0.10906393217365382,-0.00023089590907573304,-0.11786945380039707,-0.10897177219619529,-0.00027680409235893459,-0.30305903396758332,1.478333720349716,0.000356476239914907,-0.30279738129385209,1.4789779337452564,-0.00011921522777608776,-0.42091562070325783,1.3692697881760623,0.00012558033083917396,-0.42066683509424918,1.3700061615490611,-0.00039601932013502234,0,0,0,0,0,0,0,0,0,0,0,0
control,0,7,35,40,70000000,70000000,0,-1,0.01,1,1,0,0,none,0,0,1,1,-0.080973688006001701,4.3087218110258196e-06,0.56693695805594413,0.99999489706094746,-3.1825563409068037e-06,-0.0031946583030340462,5.1278407845572102e-07,-0.083454473346049871,8.4388709870644721e-05,-0.011535884672747214,-0.00014439821742349006,-0.14652581109971705,-2.6147364795769298e-05,-1.3229339642438123,2.2123439923505765,-0.0014967631248661594,-1.3229325336735114,2.2123391938455534,-0.0014548331154855248,0.037013242032270299,0.042425179051947981,0.018851974035331752,0.036994219782167714,0.042411427637004985,0.019285397872460319,-0.40275786016455856,1.3732302947180197,-0.00013730041207342083,-0.40248588336795033,1.3739517502991929,-0.00064663104932203446,0.40275786016455856,-1.3732302947180197,0.00013730041207342083,0.40248588336795033,-1.3739517502991929,0.00064663104932203446,-1.3267204090965414,2.208800254273827,0,-1.3267204090965414,2.208800254273827,0,-0.10095720128115543,-0.10616262549891681,-0.00049356976430673988,-0.10094583474961219,-0.10608441631622503,-0.00052781995897735858,-0.30180065888340313,1.4793929202169365,0.00035626935223331905,-0.30154004861833811,1.480036166615418,-0.00011881109034467591,-0.40275786016455856,1.3732302947180197,-0.00013730041207342083,-0.40248588336795033,1.3739517502991929,-0.00064663104932203446,0,0,0,0,0,0,0,0,0,0,0,0
control,0,8,40,45,80000000,80000000,0,-1,0.01,1,1,0,0,none,0,0,1,1,-0.081835561314683905,5.1886314772990089e-06,0.56681711803192403,0.99999219357338354,-3.9363538195829471e-06,-0.0039513006282127046,3.7802460719398106e-07,-0.087774610613980675,9.0183071359660206e-05,-0.01226822003535622,-0.00015439112742998676,-0.15413229350238369,-2.7351526299219107e-05,-1.3226399133659823,2.2127146769984343,-0.0012971427808743975,-1.3226387304519338,2.212709773131817,-0.0012520480908353978,0.023573783044342385,0.033264940868738206,0.022096695511838887,0.023543056218687682,0.033258090026367759,0.022329585723067678,-0.38519424852737827,1.3833204964255323,-0.00035959411499167062,-0.38490270608172189,1.3840320318018782,-0.0008593419138515783,0.38519424852737827,-1.3833204964255323,0.00035959411499167062,0.38490270608172189,-1.3840320318018782,0.0008593419138515783,-1.3267204090965414,2.208800254273827,0,-1.3267204090965414,2.208800254273827,0,-0.084326623333223147,-0.096870483998394805,-0.00071569194132962521,-0.084294728063322999,-0.096801361335432462,-0.0007408648589027646,-0.30086762519415511,1.480190980423927,0.00035609782633795459,-0.30060797801839889,1.4808333931373105,-0.00011847705494881371,-0.38519424852737827,1.3833204964255323,-0.00035959411499167062,-0.38490270608172189,1.3840320318018782,-0.0008593419138515783,0,0,0,0,0,0,0,0,0,0,0,0
control,0,9,45,50,90000000,90000000,0,-1,0.01,1,1,0,0,none,0,0,1,1,-0.082731636780361731,6.1176349536715452e-06,0.56669063548558796,0.99998877485377946,-4.7334632674931226e-06,-0.0047381582889832489,2.4442303678313735e-07,-0.090603792750323847,9.4502569678092823e-05,-0.01287540461488523,-0.0001621358482058319,-0.15914657626676157,-2.6369660493682416e-05,-1.3224773819267284,2.2129822284011205,-0.0010718289265262849,-1.3224765445429187,2.2129772791381614,-0.0010253195399169109,0.010699093396885096,0.022127447114155825,0.024172961616419814,0.010660195936947434,0.022126056238219439,0.024247613275402112,-0.36724194496365459,1.3973320962897038,-0.00053113181315957289,-0.36693484568898116,1.3980353084838579,-0.0010230089424574801,0.36724194496365459,-1.3973320962897038,0.00053113181315957289,0.36693484568898116,-1.3980353084838579,0.0010230089424574801,-1.3267204090965414,2.208800254273827,0,-1.3267204090965414,2.208800254273827,0,-0.066964966133084391,-0.083374860198755577,-0.00088709940286310542,-0.066916668548893415,-0.083313382729342758,-0.00090478480179503233,-0.3002769788305702,1.4807069564884594,0.00035596758970353259,-0.30001817714008772,1.4813486912132008,-0.00011822414066244767,-0.36724194496365459,1.3973320962897038,-0.00053113181315957289,-0.36693484568898116,1.3980353084838579,-0.0010230089424574801,0,0,0,0,0,0,0,0,0,0,0,0
control,0,10,50,55,100000000,100000000,0,-1,0.01,1,1,0,0,none,0,0,1,1,-0.08364757335242369,7.0812028623278505e-06,0.56655910357399564,0.99998463904157753,-5.5623454266647865e-06,-0.0055427114241422808,1.2008283916551956e-07,-0.09203816668034312,9.738688128272558e-05,-0.013307359189803324,-0.0001675621259078324,-0.16171994736901765,-2.4098868722005121e-05,-1.3224413651777109,2.2131332108059176,-0.00083200348280247421,-1.3224409352331703,2.213128270006814,-0.00078553648419981326,-0.0017434337607414672,0.010109262320475071,0.025145452324155902,-0.0017869191069997434,0.01011322615144576,0.025082715058275994,-0.3487695703329301,1.4137718162989692,-0.00065178887999225348,-0.34845137559570127,1.4144664084306997,-0.0011365346384935068,0.3487695703329301,-1.4137718162989692,0.00065178887999225348,0.34845137559570127,-1.4144664084306997,0.0011365346384935068,-1.3267204090965414,2.208800254273827,0,-1.3267204090965414,2.208800254273827,0,-0.048733376384853727,-0.067159371865800385,-0.001007671571367053,-0.048673307699953948,-0.067106028023012909,-0.0010184748076538558,-0.3000361939480764,1.4809311881647695,0.00035588269137479944,-0.29977806789574735,1.4815724364537126,-0.00011805983083965103,-0.3487695703329301,1.4137718162989692,-0.00065178887999225348,-0.34845137559570127,1.4144664084306997,-0.0011365346384935068,0,0,0,0,0,0,0,0,0,0,0,0
control,0,11,55,60,110000000,110000000,0,-1,0.01,1,1,0,0,none,0,0,1,1,-0.084570014038299779,8.065265606894297e-06,0.56642439253038979,0.99997981791017432,-6.4113370123617313e-06,-0.0063532457239259708,9.6202910433628107e-09,-0.09217782942944848,9.8885823163875455e-05,-0.013547848818757462,-0.00017066892317650731,-0.16201945532621159,-2.1115812520756681e-05,-1.3225267573552344,2.2131631362413442,-0.00058764597367711423,-1.3225267627866215,2.2131582606767775,-0.00054251111952089846,-0.013632039954922313,-0.002049935050658556,0.025176096498873923,-0.013676878855092531,-0.0020400979984765751,0.024990134023493982,-0.33001776502258917,1.4315849392922368,-0.00072666593382594282,-0.32969276811748038,1.4322696814306011,-0.0012047410549591395,0.33001776502258917,-1.4315849392922368,0.00072666593382594282,0.32969276811748038,-1.4322696814306011,0.0012047410549591395,-1.3267204090965414,2.208800254273827,0,-1.3267204090965414,2.208800254273827,0,-0.029875760963300965,-0.049279681034218786,-0.0010825110328405621,-0.029808437436400222,-0.049235929837690852,-0.0010867533653184296,-0.3001420040592882,1.4808646203264557,0.00035584509901461918,-0.29988433068108017,1.4815056112682918,-0.00011798768964070985,-0.33001776502258917,1.4315849392922368,-0.00072666593382594282,-0.32969276811748038,1.4322696814306011,-0.0012047410549591395,0,0,0,0,0,0,0,0,0,0,0,0
control,0,12,60,65,120000000,120000000,0,-1,0.01,1,1,0,0,none,0,0,1,1,-0.085486624258448163,9.0563291674424498e-06,0.56628842764091525,0.99997437460886918,-7.2689357116361806e-06,-0.0071589156131308899,-8.4669812705886669e-08,-0.091126400003543662,9.9061808697145781e-05,-0.013596845870337854,-0.00017150546230866378,-0.16022271518853506,-1.7815010163487976e-05,-1.3227268098900073,2.2130736124355095,-0.0003470089027150132,-1.3227272487802169,2.2130688653242183,-0.00030436970812062737,-0.024766840959941736,-0.013837385201547737,0.024448150061914819,-0.024810246543790992,-0.013820975975168012,0.02415069883393299,-0.31135421710236288,1.4499930001720929,-0.00076244999233075598,-0.31102635311134341,1.4506663459864559,-0.0012342316595423523,0.31135421710236288,-1.4499930001720929,0.00076244999233075598,0.31102635311134341,-1.4506663459864559,0.0012342316595423523,-1.3267204090965414,2.208800254273827,0,-1.3267204090965414,2.208800254273827,0,-0.01077292903849638,-0.030524220137868461,-0.0011183048322812371,-0.01070255398020839,-0.03049186864194401,-0.0011162240292604613,-0.30058128806386653,1.4805172203099612,0.00035585483995048109,-0.30032379913113505,1.4811582146283999,-0.00011800763028189088,-0.31135421710236288,1.4499930001720929,-0.00076244999233075598,-0.31102635311134341,1.4506663459864559,-0.0012342316595423523,0,0,0,0,0,0,0,0,0,0,0,0
control,0,13,65,70,130000000,130000000,0,-1,0.01,1,1,0,0,none,0,0,1,1,-0.086386124976871481,1.0041600450209879e-05,0.56615308278972842,0.99996839990495279,-8.1240205629036464e-06,-0.0079497877645787716,-1.6207641580066782e-07,-0.088990551188929221,9.7989743436460423e-05,-0.013462132656469183,-0.00017016146563183466,-0.15651482086177221,-1.4464795195211142e-05,-1.3230328080809357,2.2128704906085961,-0.00011658116159042148,-1.3230336535760141,2.2128659418534098,-7.7485276687928788e-05,-0.03495070217537851,-0.024892510259948188,0.0231360258007226,-0.034990403877541161,-0.024868905657214356,0.022738680818997971,-0.29315789941992093,1.4684021041006647,-0.00076591664658236464,-0.29283059475938739,1.4690625629051308,-0.0012318049368927348,0.29315789941992093,-1.4684021041006647,0.00076591664658236464,0.29283059475938739,-1.4690625629051308,0.0012318049368927348,-1.3267204090965414,2.208800254273827,0,-1.3267204090965414,2.208800254273827,0,0.0081748410757990775,-0.011504070627306989,-0.0011218269415590038,0.0082445395699837914,-0.011484892469172198,-0.00111368845794352,-0.30133274049572001,1.4799061747279718,0.00035591029497663906,-0.30107513432937116,1.480547455374303,-0.00011811647894921483,-0.29315789941992093,1.4684021041006647,-0.00076591664658236464,-0.29283059475938739,1.4690625629051308,-0.0012318049368927348,0,0,0,0,0,0,0,0,0,0,0,0
control,0,14,70,75,140000000,140000000,0,-1,0.01,1,1,0,0,none,0,0,1,1,-0.087258320126577651,1.1009105525046708e-05,0.56602012819436975,0.99996200730823037,-8.9660298169025347e-06,-0.0087168721256046227,-2.2295431835222538e-07,-0.085879432760962882,9.5755909407240384e-05,-0.013155417802269521,-0.00016675945915165617,-0.15108623955197942,-1.1244095910995774e-05,-1.3234342835452666,2.21256259484085,9.8752236030174402e-05,-1.323435489115329,2.2125583193876821,0.00013337575765166881,-0.044022218110310318,-0.034962487125491326,0.021392972157254601,-0.04405647402805981,-0.034931282671225874,0.020907852246867975,-0.27576888885847239,1.4863498131970501,-0.00074326574650171538,-0.27544499307600834,1.4869961732440844,-0.001203713945700335,0.27576888885847239,-1.4863498131970501,0.00074326574650171538,0.27544499307600834,-1.4869961732440844,0.001203713945700335,-1.3267204090965414,2.208800254273827,0,-1.3267204090965414,2.208800254273827,0,0.026599820550167491,0.0072956438839601456,-0.0010992742786717824,0.026665671267541075,0.0073001426405773159,-0.0010854053396388995,-0.30236870940863986,1.4790541693130899,0.00035600853217006696,-0.30211066434354938,1.4796960306035072,-0.00011830860606143564,-0.27576888885847239,1.4863498131970501,-0.00074326574650171538,-0.27544499307600834,1.4869961732440844,-0.001203713945700335,0,0,0,0,0,0,0,0,0,0,0,0
control,0,15,75,80,150000000,150000000,0,-1,0.01,1,1,0,0,none,0,0,1,1,-0.088094117292640023,1.1947793463181389e-05,0.56589120276090066,0.99995532744544469,-9.7851046818446698e-06,-0.0094521435480062008,-2.6834842273675099e-07,-0.08190396562418531,9.2456309442524173e-05,-0.012690597361230292,-0.00016144853013054733,-0.14413108414116921,-8.2658938604157518e-06,-1.3239194253953406,2.2121608037420297,0.00029548302074616339,-1.3239209300187507,2.2121568789602142,0.00032482944935539925,-0.051865641044976256,-0.043874499914106371,0.019348205620835831,-0.051893217209441234,-0.043835578147452668,0.018788012222904098,-0.25947027226639202,1.5034730234124782,-0.00069990955701037887,-0.2591520404552653,1.5041044747965095,-0.0011554259758395011,0.25947027226639202,-1.5034730234124782,0.00069990955701037887,0.2591520404552653,-1.5041044747965095,0.0011554259758395011,-1.3267204090965414,2.208800254273827,0,-1.3267204090965414,2.208800254273827,0,0.044186657153054129,0.025485156252726626,-0.0010560551872656405,0.044246076880672641,0.025473870984532604,-0.0010368494459518248,-0.30365692941944616,1.4779878671597515,0.00035614563025526165,-0.30339811733593791,1.478630603811977,-0.00011857652988767617,-0.25947027226639202,1.5034730234124782,-0.00069990955701037887,-0.2591520404552653,1.5041044747965095,-0.0011554259758395011,0,0,0,0,0,0,0,0,0,0,0,0
control,0,16,80,85,160000000,160000000,0,-1,0.01,1,1,0,0,none,0,0,1,1,-0.088885540549760889,1.2847622329756183e-05,0.56576779733736027,0.99994850203320162,-1.0572203826284052e-05,-0.010148555054491509,-2.9971613707574894e-07,-0.077176023230311114,8.8194801167616085e-05,-0.012082987377016411,-0.00015439878451826289,-0.13584548151674539,-5.5944549582154037e-06,-1.3244755311941583,2.2116773572433517,0.00047124760004474381,-1.3244772641933686,2.2116738599226813,0.00049464120000691347,-0.058410297801646804,-0.051517390000708263,0.017108081168947738,-0.058430424226264974,-0.051470939168914216,0.016485885520868129,-0.24448513596203461,1.5194874610935498,-0.00064046136904751558,-0.24417424928071754,1.5201036495903164,-0.0010915980890003141,0.24448513596203461,-1.5194874610935498,0.00064046136904751558,0.24417424928071754,-1.5201036495903164,0.0010915980890003141,-1.3267204090965414,2.208800254273827,0,-1.3267204090965414,2.208800254273827,0,0.060676911873872447,0.042750849366765958,-0.00099677833846080997,0.060727897501323985,0.042723140967119669,-0.00097268663604548056,-0.30516204783590706,1.4767366117267839,0.00035631696941329434,-0.30490214678204153,1.4773805086231968,-0.00011891145295483359,-0.24448513596203461,1.5194874610935498,-0.00064046136904751558,-0.24417424928071754,1.5201036495903164,-0.0010915980890003141,0,0,0,0,0,0,0,0,0,0,0,0
control,0,17,85,90,170000000,170000000,0,-1,0.01,1,1,0,0,none,0,0,1,1,-0.089625734553423403,1.3699626239241403e-05,0.56565124291189151,0.99994167777202658,-1.1319191670017886e-05,-0.010800042881323441,-3.1872373193683376e-07,-0.07180753016125721,8.3081189036573897e-05,-0.011348958761185678,-0.00014579632194107204,-0.12642592563263971,-3.2585404775920443e-06,-1.3250894279540044,2.211125315912339,0.00062461591392783242,-1.3250913133097701,2.2111223192714564,0.00064151201030147116,-0.06362570287102795,-0.057828795132222902,0.014758842538928422,-0.063638016277321713,-0.057775295091875054,0.014087795978288438,-0.23098014124112759,1.5341737954530867,-0.00056880941895004066,-0.23067775217271896,1.5347748282599452,-0.0010161471226408727,0.23098014124112759,-1.5341737954530867,0.00056880941895004066,0.23067775217271896,-1.5347748282599452,0.0010161471226408727,-1.3267204090965414,2.208800254273827,0,-1.3267204090965414,2.208800254273827,0,0.075866780596097763,0.058842453036190567,-0.00092532690112477091,0.07590787497472716,0.05879816266625934,-0.00089684340200486324,-0.30684692183722534,1.4753313424168961,0.0003565174821747302,-0.30658562714744614,1.4759766655936859,-0.00011930372063600945,-0.23098014124112759,1.5341737954530867,-0.00056880941895004066,-0.23067775217271896,1.5347748282599452,-0.0010161471226408727,0,0,0,0,0,0,0,0,0,0,0,0
control,0,18,90,95,180000000,180000000,0,-1,0.01,1,1,0,0,none,0,0,1,1,-0.090308959285746934,1.4495963615838677e-05,0.56554270150021879,0.99993500045016614,-1.201890290762346e-05,-0.011401523151096873,-3.2710031906588011e-07,-0.065909511947138302,7.72293675285705e-05,-0.010505708664958181,-0.00013583864771204391,-0.11606759254898072,-1.2618074759596736e-06,-1.325747837065365,2.2105181296545884,0.00075490983961810888,-1.3257497971191745,2.2105157006159031,0.00076489400357557041,-0.067515344382406473,-0.062785643704299093,0.012369736338731526,-0.067519824866645747,-0.062725831122892886,0.011662785530228601,-0.21907154727247291,1.5473676575376312,-0.00048821790480391906,-0.21877833949233397,1.5479540762610362,-0.00093235068167755899,0.21907154727247291,-1.5473676575376312,0.00048821790480391906,0.21877833949233397,-1.5479540762610362,0.00093235068167755899,-1.3267204090965414,2.208800254273827,0,-1.3267204090965414,2.208800254273827,0,0.089602152199492913,0.073563960987311813,-0.00084495976882200904,0.089632393571565577,0.073503390579426148,-0.00081260747758410119,-0.30867369947196582,1.4738036965503194,0.00035674186401808998,-0.30841073306389954,1.47445068568161,-0.00011974320409345776,-0.21907154727247291,1.5473676575376312,-0.00048821790480391906,-0.21877833949233397,1.5479540762610362,-0.00093235068167755899,0,0,0,0,0,0,0,0,0,0,0,0
control,0,19,95,100,190000000,190000000,0,-1,0.01,1,1,0,0,none,0,0,1,1,-0.090930575180793755,1.5229947458406418e-05,0.56544315913462428,0.99992860950427587,-1.2665185474701679e-05,-0.011948880045079406,-3.2653717718188819e-07,-0.059591129190704362,7.0755562692110025e-05,-0.0095710530077372149,-0.00012473049687326899,-0.10496263645858997,4.0901796974869421e-07,-1.3264376775315478,2.2098692889128904,0.00086205163031529114,-1.3264396360477151,2.2098674857976346,0.0008648362397779667,-0.0701104943839157,-0.066396806677995635,0.0099959537210109681,-0.070107401411674139,-0.06633162841521191,0.0092655952878034561,-0.20883174706206964,1.5589520634103655,-0.00040142842867220971,-0.20854800205269045,1.5595247958844791,-0.00084295025133147893,0.20883174706206964,-1.5589520634103655,0.00040142842867220971,0.20854800205269045,-1.5595247958844791,0.00084295025133147893,-1.3267204090965414,2.208800254273827,0,-1.3267204090965414,2.208800254273827,0,0.10177296279595049,0.086766794348232867,-0.0007584131751451358,0.10179182553159508,0.08669066433712655,-0.00072273063632356284,-0.31060470985802013,1.4721852690621327,0.00035698474647292608,-0.31033982758428552,1.4728341315473525,-0.00012021961500791612,-0.20883174706206964,1.5589520634103655,-0.00040142842867220971,-0.20854800205269045,1.5595247958844791,-0.00084295025133147893,0,0,0,0,0,0,0,0,0,0,0,0
control,0,20,100,105,200000000,200000000,0,-1,0.01,1,1,0,0,none,0,0,1,1,-0.091487018657010283,1.5896058727067258e-05,0.56535342103651376,0.99992263323686159,-1.3252924028475088e-05,-0.01243894549063271,-3.1862237572047592e-07,-0.052958725399231507,6.377669368807357e-05,-0.0085631980220166534,-0.00011268005738923395,-0.093298502031814126,1.7778269576819009e-06,-1.3271463108545511,2.2091920407071162,0.00094643949032715809,-1.3271481954570741,2.2091909114291766,0.00094185811961613357,-0.071464597567462707,-0.068697211019135979,0.0076811971227677706,-0.071454408909120318,-0.068627772308797866,0.0069392815168031492,-0.20029547282087978,1.5688513829849675,-0.00031075086647865965,-0.20002113764677015,1.5694116829053808,-0.00075024427275720642,0.20029547282087978,-1.5688513829849675,0.00031075086647865965,0.20002113764677015,-1.5694116829053808,0.00075024427275720642,-1.3267204090965414,2.208800254273827,0,-1.3267204090965414,2.208800254273827,0,0.11230771744731066,0.098344379329233719,-0.000667991703236536,0.11231504969007222,0.09825377259900181,-0.00062952151172499752,-0.31260319026819045,1.4705070036557337,0.00035724083675787635,-0.31233618733684237,1.471157910306379,-0.00012072276103220893,-0.20029547282087978,1.5688513829849675,-0.00031075086647865965,-0.20002113764677015,1.5694116829053808,-0.00075024427275720642,0,0,0,0,0,0,0,0,0,0,0,0
control,0,21,105,110,210000000,210000000,0,-1,0.01,1,1,0,0,none,0,0,1,1,-0.091975768352575801,1.6489944111026507e-05,0.5652741092466419,0.99991718483945946,-1.3778045993618664e-05,-0.012869470571967467,-3.0480236608946286e-07,-0.046114914159519557,5.640886394850679e-05,-0.007500483210754175,-9.9895594263296387e-05,-0.08125629342929,2.8743427115509223e-06,-1.3278617342404038,2.2084991573451718,0.001008846170223015,-1.3278634782684469,2.2084987381280534,0.00099684629759700001,-0.071648401691872005,-0.069742986278011176,0.0054598074288286702,-0.07163175774604176,-0.069670498227543523,0.0047173913877374069,-0.19346537130462271,1.5770263358721923,-0.00021813919422852953,-0.19320012345619836,1.5775757166480591,-0.00065616620940879273,0.19346537130462271,-1.5770263358721923,0.00021813919422852953,0.19320012345619836,-1.5775757166480591,0.00065616620940879273,-1.3267204090965414,2.208800254273827,0,-1.3267204090965414,2.208800254273827,0,0.12116850426415605,0.10822764256087927,-0.00057564422250833808,0.12116446668192782,0.10812394109059803,-0.0005349234586659703,-0.31463387556877875,1.4687986933113131,0.00035750502827980855,-0.31436459013812618,1.469451775557461,-0.00012124275074282238,-0.19346537130462271,1.5770263358721923,-0.00021813919422852953,-0.19320012345619836,1.5775757166480591,-0.00065616620940879273,0,0,0,0,0,0,0,0,0,0,0,0
control,0,22,110,115,220000000,220000000,0,-1,0.01,1,1,0,0,none,0,0,1,1,-0.09239530258592088,1.7008399500320721e-05,0.56520566296188202,0.99991235931852418,-1.4237512063157289e-05,-0.013239089065112224,-2.863636294341342e-07,-0.039157726439967629,4.8765985594996735e-05,-0.0064011031300907238,-8.6582436697063255e-05,-0.069009237111014018,3.7306241558859088e-06,-1.3285727294652965,2.207802749070396,0.001050336441791591,-1.3285742733098922,2.2078030636758927,0.0010309709295130414,-0.07074582520249742,-0.069607369368243174,0.0033584933687771509,-0.070723480027385099,-0.069533098913429042,0.0026257355789664669,-0.18831688942315389,1.5834696889588435,-0.0001252531148398435,-0.18806019616259814,1.5840098564995915,-0.00056234821374013275,0.18831688942315389,-1.5834696889588435,0.0001252531148398435,0.18806019616259814,-1.5840098564995915,0.00056234821374013275,-1.3267204090965414,2.208800254273827,0,-1.3267204090965414,2.208800254273827,0,0.12834658222880668,0.1163811164935368,-0.00048302560097633482,0.12833159060128682,0.11626593554535443,-0.00044057805780223572,-0.31666347165196057,1.4670885724653067,0.00035777248613649132,-0.31639178676388496,1.4677439209542371,-0.00012177015593789706,-0.18831688942315389,1.5834696889588435,-0.0001252531148398435,-0.18806019616259814,1.5840098564995915,-0.00056234821374013275,0,0,0,0,0,0,0,0,0,0,0,0
control,0,23,115,120,230000000,230000000,0,-1,0.01,1,1,0,0,none,0,0,1,1,-0.092745048743893818,1.7449340495528259e-05,0.56514834171458972,0.99990823137030493,-1.4629292952959824e-05,-0.013547273667526125,-2.6442862821735071e-07,-0.032179834418795364,4.0958537173609281e-05,-0.0052828209671448734,-7.2940329120822056e-05,-0.056721270490806518,4.3786175752779554e-06,-1.3292689743171011,2.2071141141518815,0.0010721997399753768,-1.3292702663073084,2.2071151735812453,0.0010456174799447898,-0.068850487860034545,-0.068377182650208451,0.0013977060771166927,-0.068823267053673712,-0.068302407387697453,0.00068379937888127609,-0.18480251612612106,1.5882024425227812,-3.3506514446185129e-05,-0.18455368750079773,1.5887352309075193,-0.00047017135094938888,0.18480251612612106,-1.5882024425227812,3.3506514446185129e-05,0.18455368750079773,-1.5887352309075193,0.00047017135094938888,-1.3267204090965414,2.208800254273827,0,-1.3267204090965414,2.208800254273827,0,0.13385851443676802,0.12279945543865815,-0.00039154522584844767,0.13383318710971395,0.12267457939252616,-0.00034787521292750076,-0.31866103056288908,1.465402987084123,0.00035803871140226254,-0.31838687461051168,1.4660606515149932,-0.00012229613802188812,-0.18480251612612106,1.5882024425227812,-3.3506514446185129e-05,-0.18455368750079773,1.5887352309075193,-0.00047017135094938888,0,0,0,0,0,0,0,0,0,0,0,0
control,0,24,120,125,240000000,240000000,0,-1,0.01,1,1,0,0,none,0,0,1,1,-0.093025325439736434,1.7811761264795128e-05,0.56510223139275018,0.99990485420375752,-1.4952334130031296e-05,-0.013794285633317499,-2.3996145415160759e-07,-0.025267864237511723,3.3092450392823996e-05,-0.0041626878075750641,-5.9161120820793994e-05,-0.044545782177740564,4.848546490960333e-06,-1.3299411226616227,2.2064436214506689,0.0010758947907506509,-1.3299421195695058,2.2064454240630003,0.0010423308427210762,-0.066062808019878447,-0.066149756923825312,-0.00040727961061940918,-0.066031573523455428,-0.066075725903371685,-0.0010941460552406665,-0.18285546663377317,1.5912703613715684,5.5895130862476162e-05,-0.18261370142340594,1.5917976735177597,-0.00038080449419577149,0.18285546663377317,-1.5912703613715684,-5.5895130862476162e-05,0.18261370142340594,-1.5917976735177597,0.00038080449419577149,-1.3267204090965414,2.208800254273827,0,-1.3267204090965414,2.208800254273827,0,0.13774277481079261,0.12750422926363544,-0.0003024044566942248,0.13770788596075567,0.12737155138497816,-0.00025799195005428953,-0.32059824144456578,1.4637661321079329,0.00035829958755670096,-0.32032158738416161,1.4644261221327814,-0.00012281254414148196,-0.18285546663377317,1.5912703613715684,5.5895130862476162e-05,-0.18261370142340594,1.5917976735177597,-0.00038080449419577149,0,0,0,0,0,0,0,0,0,0,0,0
control,0,25,125,130,250000000,250000000,0,-1,0.01,1,1,0,0,none,0,0,1,1,-0.093237278384831992,1.8095683034115313e-05,0.56506725296668781,0.99990225926861387,-1.5206510107034309e-05,-0.01398111863330849,-2.1377956843630741e-07,-0.018501806456715102,2.5268124894101564e-05,-0.0030567801923550453,-4.5426773414202326e-05,-0.032624523170946843,5.1679452929546625e-06,-1.3305808582422134,2.2058006215669375,0.0010630036363906664,-1.3305815254737965,2.2058031535521363,0.0010227691231852127,-0.062487572561338606,-0.063030207870222787,-0.0020455194066233079,-0.062453193968260982,-0.062958108858605505,-0.002698174036015316,-0.18239289986271989,1.5927407525704367,0.00014192629140090071,-0.1821573244914636,1.5932645072492007,-0.00029523401291589829,0.18239289986271989,-1.5927407525704367,-0.00014192629140090071,0.1821573244914636,-1.5932645072492007,0.00029523401291589829,-1.3267204090965414,2.208800254273827,0,-1.3267204090965414,2.208800254273827,0,0.14005674859007144,0.13054090428800844,-0.00021662512058603451,0.14001318747945218,0.13040237194819643,-0.00017192203515479802,-0.32244964845279134,1.4621998482824283,0.00035855141198693521,-0.32217051197091578,1.4628621353010043,-0.00012331197776110025,-0.18239289986271989,1.5927407525704367,0.00014192629140090071,-0.1821573244914636,1.5932645072492007,-0.00029523401291589829,0,0,0,0,0,0,0,0,0,0,0,0
control,0,26,130,135,260000000,260000000,0,-1,0.01,1,1,0,0,none,0,0,1,1,-0.093382810986816459,1.8302093482275552e-05,0.56504317367490997,0.99990045681047091,-1.5392569803411459e-05,-0.01410943773673755,-1.8656890318104501e-07,-0.011954529827695619,1.757956932996828e-05,-0.0019799663630636548,-3.1907669228540034e-05,-0.021086702313832716,5.3611755942335962e-06,-1.3311809264336436,2.2051933834271469,0.0010351929980593354,-1.3311812379674546,2.2051966195684578,0.00098866496663533579,-0.058231894064815909,-0.059129001820084015,-0.0035097392965623398,-0.058195225794830739,-0.059059935080512556,-0.0041220233870435229,-0.18331875529714181,1.5926994251874085,0.00022371998050386808,-0.18308845613469746,1.5932215110630883,-0.00021428616817844846,0.18331875529714181,-1.5926994251874085,-0.00022371998050386808,0.18308845613469746,-1.5932215110630883,0.00021428616817844846,-1.3267204090965414,2.208800254273827,0,-1.3267204090965414,2.208800254273827,0,0.14087404914245,0.13197595289028721,-0.00013507093458968358,0.14082278514320387,0.13183351908519891,-9.0498320638424557e-05,-0.32419280443959181,1.4607234722971212,0.00035879091509355166,-0.32391124127790133,1.4613879919778894,-0.00012378784754002391,-0.18331875529714181,1.5926994251874085,0.00022371998050386808,-0.18308845613469746,1.5932215110630883,-0.00021428616817844846,0,0,0,0,0,0,0,0,0,0,0,0
control,0,27,135,140,270000000,270000000,0,-1,0.01,1,1,0,0,none,0,0,1,1,-0.093464510725533481,1.8432878294662587e-05,0.56502962033300064,0.99989943714704521,-1.5512074389431586e-05,-0.014181514459807141,-1.5890031774130869e-07,-0.0056914011710705063,1.0113667034001765e-05,-0.00094570901042882304,-1.8761203194322539e-05,-0.010048273695079501,5.4492919374964227e-06,-1.3317351474103831,2.2046290537040472,0.00099418138351331726,-1.3317350855381553,2.2046329583667634,0.00094179279379397705,-0.053403485133247858,-0.054559765009132517,-0.0047958160412217583,-0.053365348734355438,-0.054494723307415831,-0.0053625645882395441,-0.18552627996901794,1.5912477898396387,0.00030055165617286857,-0.18530032966011561,1.5917700267038974,-0.00013864400641623036,0.18552627996901794,-1.5912477898396387,-0.00030055165617286857,0.18530032966011561,-1.5917700267038974,0.00013864400641623036,-1.3267204090965414,2.208800254273827,0,-1.3267204090965414,2.208800254273827,0,0.14028208746597209,0.13189405435105661,-5.846361299290722e-05,0.14022414040090003,0.13174963584588634,-1.4409608726215868e-05,-0.32580836743499003,1.4593537354885819,0.00035901526916577579,-0.32552447006101565,1.4600203908580112,-0.0001242343976900145,-0.18552627996901794,1.5912477898396387,0.00030055165617286857,-0.18530032966011561,1.5917700267038974,-0.00013864400641623036,0,0,0,0,0,0,0,0,0,0,0,0
control,0,28,140,145,280000000,280000000,0,-1,0.01,1,1,0,0,none,0,0,1,1,-0.093485572371858505,1.8490746112985144e-05,0.56502609436706452,0.99989917254006366,-1.5567328951662325e-05,-0.014200158849046402,-1.3124599656796454e-07,0.00022998820361002623,2.9495645953358474e-06,3.4090262971861918e-05,-6.1306425923896501e-06,0.00038858121172601052,5.4501482895274676e-06,-1.3322384135598786,2.2041136368299017,0.00094171073715223368,-1.3322379684764194,2.2041181651169568,0.00088394070167652607,-0.048109191552478635,-0.049437305800446099,-0.0059023633234931271,-0.048070362371306817,-0.049377160135954293,-0.0064193751494533496,-0.18890030479686679,1.5885000752761886,0.00037182703389756355,-0.18867778336470251,1.5890241822898434,-6.8860175473811359e-05,0.18890030479686679,-1.5885000752761886,-0.00037182703389756355,0.18867778336470251,-1.5890241822898434,6.8860175473811359e-05,-1.3267204090965414,2.208800254273827,0,-1.3267204090965414,2.208800254273827,0,0.13837984088876396,0.13039536802777263,1.2604945028986262e-05,0.13831625611549583,0.13025081008637365,5.5786546969709703e-05,-0.32728014568563074,1.4581047072484161,0.00035922208886857729,-0.32699403948019834,1.4587733722034697,-0.00012464672244352106,-0.18890030479686679,1.5885000752761886,0.00037182703389756355,-0.18867778336470251,1.5890241822898434,-6.8860175473811359e-05,0,0,0,0,0,0,0,0,0,0,0,0
control,0,29,145,150,290000000,290000000,0,-1,0.01,1,1,0,0,none,0,0,1,1,-0.093449719109956947,1.8479148106574819e-05,0.56503198813547761,0.9998996195254849,-1.5561309256522984e-05,-0.014168649569612756,-1.0399485460484541e-07,0.0057599901871939578,-3.8418166717041845e-06,0.0009492018600311381,5.8557557064833042e-06,0.010135777069802916,5.3786573712873884e-06,-1.3326866734482588,2.2036519936091357,0.00087952172374953358,-1.3326858427299628,2.2036570926299972,0.00081688608963890227,-0.042453735132328918,-0.043875828751067672,-0.006830399794821777,-0.042414932609022085,-0.043821319201012524,-0.0072943997334296937,-0.19331932119306613,1.5845806509225622,0.00043707289751771655,-0.19309933271049859,1.5851082214602807,-5.3666070503275158e-06,0.19331932119306613,-1.5845806509225622,-0.00043707289751771655,0.19309933271049859,-1.5851082214602807,5.3666070503275158e-06,-1.3267204090965414,2.208800254273827,0,-1.3267204090965414,2.208800254273827,0,0.13527577491910123,0.12759287110289733,7.7663472616228818e-05,0.13520760251458983,0.12744991852747609,0.00011965415977981402,-0.32859509611216736,1.4569877798196649,0.00035940942490148773,-0.32830693522508841,1.4576583029328047,-0.00012502076683014153,-0.19331932119306613,1.5845806509225622,0.00043707289751771655,-0.19309933271049859,1.5851082214602807,-5.3666070503275158e-06,0,0,0,0,0,0,0,0,0,0,0,0
control,0,30,150,155,300000000,300000000,0,-1,0.01,1,1,0,0,none,0,0,1,1,-0.093361122608099756,1.840219340268285e-05,0.56504660208663715,0.99990072156045118,-1.5497584850014464e-05,-0.014090662962003503,-7.7466376188597684e-08,0.010856965425681753,-1.0198147865214269e-05,0.0017911339624118242,1.7085386958239543e-05,0.019119457623398235,5.2471440064591036e-06,-1.3330769042331907,2.2032478566056009,0.00080933197343940921,-1.3330756922376665,2.2032534668113088,0.00074237431365433543,-0.036538634939002217,-0.037987328776596031,-0.0075830664502614716,-0.036500515886641029,-0.037939059769053984,-0.0079916618016665723,-0.19865738640682312,1.5796214566346665,0.00049592948262013438,-0.19843907193813495,1.5801539391557318,5.1517480372158557e-05,0.19865738640682312,-1.5796214566346665,-0.00049592948262013438,0.19843907193813495,-1.5801539391557318,-5.1517480372158557e-05,-1.3267204090965414,2.208800254273827,0,-1.3267204090965414,2.208800254273827,0,0.13108589404829452,0.12360976518360758,0.00013635373048125087,0.13101417152346276,0.12347003920379857,0.00017687079598702801,-0.32974328045511764,1.4560116914510588,0.00035957575213888345,-0.32945324346159771,1.4566838999519331,-0.00012535331561486945,-0.19865738640682312,1.5796214566346665,0.00049592948262013438,-0.19843907193813495,1.5801539391557318,5.1517480372158557e-05,0,0,0,0,0,0,0,0,0,0,0,0
control,0,31,155,160,310000000,310000000,0,-1,0.01,1,1,0,0,none,0,0,1,1,-0.093224322992446415,1.8264561472842585e-05,0.56506916231474058,0.99990241184867135,-1.5380239548933344e-05,-0.013970201954747866,-5.1922583734896344e-08,0.015487256393896982,-1.6065954676500633e-05,0.0025531554055823525,2.7461733837787778e-05,0.027279958358611581,5.0657339197070349e-06,-1.3334070742147812,2.2029038604836506,0.00073281707523384799,-1.333405491428526,2.20290991702822,0.00066210013562519108,-0.03046128429636024,-0.031880168320207174,-0.0081653546807222144,-0.030424438647068321,-0.031838607587695057,-0.0085169878466852984,-0.20478587548176824,1.5737595626632792,0.00054814256479865386,-0.20456842286247953,1.5742982468626512,0.00010157737968431149,0.20478587548176824,-1.5737595626632792,-0.00054814256479865386,0.20456842286247953,-1.5742982468626512,-0.00010157737968431149,-1.3267204090965414,2.208800254273827,0,-1.3267204090965414,2.208800254273827,0,0.12593190786341779,0.11857697796242718,0.00018842261146595634,0.12585764595441787,0.11844195832882595,0.00022721935164670765,-0.33071778334518603,1.4551825847008519,0.00035971995333269755,-0.3304260688168974,1.4558562885338253,-0.00012564197196239616,-0.20478587548176824,1.5737595626632792,0.00054814256479865386,-0.20456842286247953,1.5742982468626512,0.00010157737968431149,0,0,0,0,0,0,0,0,0,0,0,0
control,0,32,160,165,320000000,320000000,0,-1,0.01,1,1,0,0,none,0,0,1,1,-0.093044149662159653,1.8071412665008241e-05,0.56509883809312167,0.99990461621433202,-1.5213790424115437e-05,-0.013811525687273807,-2.7578275250078023e-08,0.019625066244316092,-2.1400748955083958e-05,0.0032302773020324183,3.6904570810499702e-05,0.034571595573195772,4.8426667285209386e-06,-1.3336760968260473,2.2026215855270088,0.00065159385333754224,-1.3336741591856447,2.2026280196226153,0.00057769149030088027,-0.024314143343943266,-0.025657834525612495,-0.0085838978005711442,-0.024279092776315361,-0.025623314835899174,-0.0088777957074214278,-0.21157512836220055,1.5671348735478139,0.00059355803334846158,-0.21135777799166736,1.5676808807327005,0.00014469721099462168,0.21157512836220055,-1.5671348735478139,-0.00059355803334846158,0.21135777799166736,-1.5676808807327005,-0.00014469721099462168,-1.3267204090965414,2.208800254273827,0,-1.3267204090965414,2.208800254273827,0,0.11993946776998489,0.11263077675023668,0.00023371673402729456,0.11986364023371218,0.11250178806838843,0.00027058233828080734,-0.33151459613218542,1.4545040967975773,0.00035984129932116699,-0.33122141822537954,1.455179092664312,-0.00012588512728618567,-0.21157512836220055,1.5671348735478139,0.00059355803334846158,-0.21135777799166736,1.5676808807327005,0.00014469721099462168,0,0,0,0,0,0,0,0,0,0,0,0
control,0,33,165,170,330000000,330000000,0,-1,0.01,1,1,0,0,none,0,0,1,1,-0.092825643836143862,1.7828298156090159e-05,0.5651347589985215,0.99990725590756802,-1.5003106602855104e-05,-0.013619080670331069,-4.6093460050822692e-09,0.023252252772678166,-2.6167048620870102e-05,0.0038191979865066124,4.5349894829677697e-05,0.040962297620536312,4.5847907382590741e-06,-1.3338837772568937,2.2024016126350423,0.00056720565999125955,-1.3338815054625006,2.202408352884563,0.00049069527693337248,-0.018184052637952575,-0.019417846071529465,-0.0088467764022983619,-0.018151249360182996,-0.019390568172391612,-0.009082901365067635,-0.21889597343413347,1.5598879475780687,0.00063211654863112041,-0.2186780240146354,1.5604422230596355,0.00018085456161355973,0.21889597343413347,-1.5598879475780687,-0.00063211654863112041,0.2186780240146354,-1.5604422230596355,-0.00018085456161355973,-1.3267204090965414,2.208800254273827,0,-1.3267204090965414,2.208800254273827,0,0.11323649688115568,0.10591046877271029,0.00027217712211754022,0.11316003043178471,0.10578866892975461,0.00030693648517337007,-0.33213247031528914,1.4539774788053583,0.00035993942651358013,-0.33183805444642012,1.4546535541298808,-0.00012608192355981034,-0.21889597343413347,1.5598879475780687,0.00063211654863112041,-0.2186780240146354,1.5604422230596355,0.00018085456161355973,0,0,0,0,0,0,0,0,0,0,0,0
control,0,34,170,175,340000000,340000000,0,-1,0.01,1,1,0,0,none,0,0,1,1,-0.092573983628863127,1.7541070132492882e-05,0.56517603129050098,0.99991025024184821,-1.4753328524988142e-05,-0.013397434217956073,1.684120765104538e-08,0.02635804556096339,-3.0338319381156762e-05,0.0043182164290104198,5.2749807868353377e-05,0.046433094679758133,4.2979077673626663e-06,-1.3340307527740047,2.2022435884817559,0.00048110933445023895,-1.3340281715831046,2.2022505621530475,0.00040256484146122069,-0.012151640531337497,-0.013250803273456194,-0.0089633527116151322,-0.012121465228893473,-0.013230844257136463,-0.0091423468510620932,-0.22662115904563304,1.5521579350523367,0.00066384914749063537,-0.22640197494069367,1.5527212492407572,0.00021011568095810894,0.22662115904563304,-1.5521579350523367,-0.00066384914749063537,0.22640197494069367,-1.5527212492407572,-0.00021011568095810894,-1.3267204090965414,2.208800254273827,0,-1.3267204090965414,2.208800254273827,0,0.10595158492656589,0.098556194415036741,0.0003038348352456849,0.1058753476820983,0.098442571835058612,0.00033634789011473851,-0.33257274397219894,1.4536017406372999,0.00036001431224495052,-0.33227732262279197,1.4542786774056986,-0.00012623220915662956,-0.22662115904563304,1.5521579350523367,0.00066384914749063537,-0.22640197494069367,1.5527212492407572,0.00021011568095810894,0,0,0,0,0,0,0,0,0,0,0,0
control,0,35,175,180,350000000,350000000,0,-1,0.01,1,1,0,0,none,0,0,1,1,-0.092294412378343793,1.7215793148892149e-05,0.56522175326382929,0.9999135189829097,-1.4469788450934251e-05,-0.01315121081266115,3.6658670190393278e-08,0.028938694052080466,-3.3896818849013974e-05,0.0047271197255913944,5.9072157708292673e-05,0.050977482458416226,3.9870801997607925e-06,-1.3341184276235527,2.2021462989480689,0.00039466417195157426,-1.3341155651444017,2.2021534331567185,0.0003146495028735185,-0.0062908174941048436,-0.0072396454409784459,-0.0089440382397511023,-0.006263580521424679,-0.0072269680512469497,-0.0090671681094044495,-0.23462669664575425,1.5440807502507619,0.00068886890885745634,-0.23440571059464266,1.5446537020551596,0.00023262706544978316,0.23462669664575425,-1.5440807502507619,-0.00068886890885745634,0.23440571059464266,-1.5446537020551596,-0.00023262706544978316,-1.3267204090965414,2.208800254273827,0,-1.3267204090965414,2.208800254273827,0,0.098212448565292557,0.090706932070564586,0.00032880266040208285,0.098137243356459777,0.090602305482171935,0.00035896355460816697,-0.33283914521104679,1.4533738181801972,0.00036006624845537355,-0.33254295395110245,1.4540513965729878,-0.00012633648915838381,-0.23462669664575425,1.5440807502507619,0.00068886890885745634,-0.23440571059464266,1.5446537020551596,0.00023262706544978316,0,0,0,0,0,0,0,0,0,0,0,0
control,0,36,180,185,360000000,360000000,0,-1,0.01,1,1,0,0,none,0,0,1,1,-0.091992170866543002,1.6858657705179463e-05,0.56527102934928863,0.99991698442936117,-1.4157933224644819e-05,-0.012885031984568829,5.4753085347561856e-08,0.030997054933570696,-3.6833333664079925e-05,0.005047050436919439,6.4300035483798657e-05,0.054600675963380182,3.6567913475788229e-06,-1.3341489034811722,2.2021077490565579,0.00030912289856574915,-1.3341457904877168,2.2021149718591353,0.00022818607167885658,-0.00066837125379915819,-0.0014590668070882393,-0.0088001070300529616,-0.00064431535276163361,-0.0014535283019318163,-0.0088692098287469958,-0.24279308732720922,1.5357874214294036,0.00070736429607006293,-0.24256980087770058,1.5363704418184567,0.00024860879877129383,0.24279308732720922,-1.5357874214294036,-0.00070736429607006293,0.24256980087770058,-1.5363704418184567,-0.00024860879877129383,-1.3267204090965414,2.208800254273827,0,-1.3267204090965414,2.208800254273827,0,0.09014448949626809,0.082498662817860974,0.00034726848193292333,0.090071049723246324,0.082403681429197934,0.00037500466993369285,-0.3329375768234773,1.4532887586115426,0.00036009581413713959,-0.33264085060094689,1.4539667603892588,-0.00012639587116239901,-0.24279308732720922,1.5357874214294036,0.00070736429607006293,-0.24256980087770058,1.5363704418184567,0.00024860879877129383,0,0,0,0,0,0,0,0,0,0,0,0
control,0,37,185,190,370000000,370000000,0,-1,0.01,1,1,0,0,none,0,0,1,1,-0.091672433987098553,1.6475897045946304e-05,0.56532298279690729,0.99992057314558513,-1.3823250029732451e-05,-0.012603460204158862,7.1056514803736338e-08,0.032542127461379251,-3.9146819018633141e-05,0.0052803596541107865,6.84311006615487e-05,0.057318769921711699,3.3110980018639509e-06,-1.3341249063908225,2.2021252478248527,0.00022562446333153745,-1.3341215756654088,2.2021324892181879,0.0001442921889080754,0.0046563480708850845,0.004024907927152651,-0.0085435082263953469,0.0046770450492558072,0.0040235458595134395,-0.0085609364642083227,-0.25100644074950973,1.5274026355734749,0.00071959191925140861,-0.25078042464568939,1.5279959935707603,0.00025834715896825167,0.25100644074950973,-1.5274026355734749,-0.00071959191925140861,0.25078042464568939,-1.5279959935707603,-0.00025834715896825167,-1.3267204090965414,2.208800254273827,0,-1.3267204090965414,2.208800254273827,0,0.081869445425045012,0.074062715496961778,0.00035948807232030614,0.081798431252524575,0.073977861878398332,0.0003847591665379935,-0.33287588617455477,1.4533399200765131,0.00036010384693110252,-0.33257885589821395,1.4540181316923619,-0.00012641200756974185,-0.25100644074950973,1.5274026355734749,0.00071959191925140861,-0.25078042464568939,1.5279959935707603,0.00025834715896825167,0,0,0,0,0,0,0,0,0,0,0,0
control,0,38,190,195,380000000,380000000,0,-1,0.01,1,1,0,0,none,0,0,1,1,-0.091340252328417568,1.6073708032252155e-05,0.56537676683280447,0.99992421732720904,-1.347119595473226e-05,-0.012310947205188579,8.5521027756886004e-08,0.033588545471474572,-4.0843961790595132e-05,0.0054304513763904702,7.1476762771900822e-05,0.059157822588939854,2.9537712458087456e-06,-1.3340497110822094,2.2021954964714028,0.00014518863108670945,-1.3340461967877277,2.2022026892899427,6.3961476380150747e-05,0.0096316546223208701,0.0091551932782597024,-0.0081866817837663534,0.0096488766831475357,0.0091472540529374154,-0.0081552472711147236,-0.25915948244348441,1.5190434855784307,0.00072586891402832954,-0.25893037650539213,1.5196472960114671,0.0002621868854072141,0.25915948244348441,-1.5190434855784307,-0.00072586891402832954,0.25893037650539213,-1.5196472960114671,-0.0002621868854072141,-1.3267204090965414,2.208800254273827,0,-1.3267204090965414,2.208800254273827,0,0.073504141894534053,0.065524303711700843,0.00036577749986230483,0.073436137269514326,0.065449898727205566,0.00038857392064169094,-0.33266362433801844,1.4535191818667299,0.00036009141416602476,-0.33236651377490645,1.4541973972842615,-0.00012638703523447682,-0.25915948244348441,1.5190434855784307,0.00072586891402832954,-0.25893037650539213,1.5196472960114671,0.0002621868854072141,0,0,0,0,0,0,0,0,0,0,0,0
control,0,39,195,200,390000000,390000000,0,-1,0.01,1,1,0,0,none,0,0,1,1,-0.091000499052476577,1.5658176810318507e-05,0.56543157423418466,0.99992785579738008,-1.3107131995524779e-05,-0.012011787071395786,9.8117295737669561e-08,0.034156034833342341,-4.1938673808708493e-05,0.0055016233483937268,7.3461246246371798e-05,0.060152879522158108,2.5884026660226473e-06,-1.3339270635469931,2.2023146784693624,6.8712342695043596e-05,-1.3339234006317564,2.2023217591768116,-1.1939539124217536e-05,0.014213665465411234,0.013883765234371856,-0.0077423776603179496,0.014227355082424294,0.013869646654867751,-0.00766529488527807,-0.2671524432254121,1.5108184230781139,0.00072656496380509592,-0.26691995563728949,1.5114326556575859,0.00026052309267484786,0.2671524432254121,-1.5108184230781139,-0.00072656496380509592,0.26691995563728949,-1.5114326556575859,-0.00026052309267484786,-1.3267204090965414,2.208800254273827,0,-1.3267204090965414,2.208800254273827,0,0.06515935520730301,0.057001261802017741,0.00036650518020738438,0.065094865798943261,0.056937471181882797,0.00038684660600116878,-0.33231179843271513,1.4538171612760962,0.00036005978359771154,-0.33201482143623273,1.454495184475703,-0.00012632351332632095,-0.2671524432254121,1.5108184230781139,0.00072656496380509592,-0.26691995563728949,1.5114326556575859,0.00026052309267484786,0,0,0,0,0,0,0,0,0,0,0,0
control,0,40,200,205,400000000,400000000,0,-1,0.01,1,1,0,0,none,0,0,1,1,-0.09065782236279743,1.5235209925067544e-05,0.56548664531509996,0.99993143464777068,-1.2736262035806888e-05,-0.011710074339130769,1.0883361496946993e-07,0.0342688449838639,-4.245152373469723e-05,0.005498908923823361,7.4420554561190408e-05,0.060346953479592944,2.2184735637913312e-06,-1.3337611027520102,2.2024785500275015,-3.0322020880495221e-06,-1.3337573263905975,2.2024854594012959,-8.2672773362434175e-05,0.018366351322263042,0.018171645243859863,-0.0072234802853305717,0.018376505733926112,0.018151808726202555,-0.0071043092664311866,-0.27489382412952812,1.5028264165015199,0.0007220940689714935,-0.27465773016300388,1.5034509059563863,0.00025379293510593916,0.27489382412952812,-1.5028264165015199,-0.0007220940689714935,0.27465773016300388,-1.5034509059563863,-0.00025379293510593916,-1.3267204090965414,2.208800254273827,0,-1.3267204090965414,2.208800254273827,0,0.056938796882230761,0.048602983090116195,0.00036208367489294347,0.056878248927783898,0.04854982538106889,0.00038001729533028965,-0.33183262101175887,1.4542234334114037,0.00036001039407855003,-0.3315359790907878,1.4549010805753173,-0.00012622436022435046,-0.27489382412952812,1.5028264165015199,0.0007220940689714935,-0.27465773016300388,1.5034509059563863,0.00025379293510593916,0,0,0,0,0,0,0,0,0,0,0,0
control,0,41,205,210,410000000,410000000,0,-1,0.01,1,1,0,0,none,0,0,1,1,-0.090316603769927117,1.4810471434109187e-05,0.5655412743572481,0.99993490755122605,-1.2363577261741705e-05,-0.011409667289180163,1.1767518810356944e-07,0.033955162962531239,-4.2409117252249773e-05,0.0054279238439682402,7.4401350600068964e-05,0.059789975995682608,1.847390931790584e-06,-1.3335562823641245,2.2026825296769807,-6.9397801823934289e-05,-1.3335524274370163,2.2026892133857072,-0.00014762826764605581,0.022061499876813405,0.0219887566305744,-0.0066428402146584409,0.022068167109754379,0.021963716503558006,-0.0064854289561623148,-0.28230103079967017,1.4951563106221237,0.00071290617765280362,-0.2820611710084886,1.4957907676786635,0.00024246713787511449,0.28230103079967017,-1.4951563106221237,-0.00071290617765280362,0.2820611710084886,-1.4957907676786635,-0.00024246713787511449,-1.3267204090965414,2.208800254273827,0,-1.3267204090965414,2.208800254273827,0,0.048938229395776606,0.04042956021629316,0.00035296135128010233,0.048881969421066818,0.040386915902100071,0.00036855992810193251,-0.33123926019544681,1.4547267504058305,0.00035994482637270134,-0.33094314042955542,1.4554038517765635,-0.00012609279022681802,-0.28230103079967017,1.4951563106221237,0.00071290617765280362,-0.2820611710084886,1.4957907676786635,0.00024246713787511449,0,0,0,0,0,0,0,0,0,0,0,0
control,0,42,210,215,420000000,420000000,0,-1,0.01,1,1,0,0,none,0,0,1,1,-0.089980922280367692,1.4389326478428389e-05,0.56559481455458249,0.9999382357830191,-1.1993806381025271e-05,-0.011114156525661159,1.2466352172539549e-07,0.033246518056516648,-4.1843435653983536e-05,0.0052947210874482722,7.3459770652551867e-05,0.058537735396553922,1.4784962757074443e-06,-1.3333172933509163,2.2029217857565877,-0.00012986093288571646,-1.3333133939654063,2.2029281948317139,-0.00020632229131502394,0.025278593000223032,0.025313665395471873,-0.0060131150507897147,0.025281867648169153,0.025283978391495182,-0.0058215418016449192,-0.28930087247089109,1.4878863808305165,0.00069947880672973088,-0.28905715037005247,1.48853040384691,0.00022704152664995342,0.28930087247089109,-1.4878863808305165,-0.00069947880672973088,0.28905715037005247,-1.48853040384691,-0.00022704152664995342,-1.3267204090965414,2.208800254273827,0,-1.3267204090965414,2.208800254273827,0,0.041244721552164007,0.032571124113663516,0.00033961403240520067,0.04119301695412432,0.032538745718114534,0.00035297377747675314,-0.33054559402305511,1.455315256716853,0.00035986477432453027,-0.33025016732417678,1.4559916581287955,-0.00012593225082679972,-0.28930087247089109,1.4878863808305165,0.00069947880672973088,-0.28905715037005247,1.48853040384691,0.00022704152664995342,0,0,0,0,0,0,0,0,0,0,0,0
control,0,43,215,220,430000000,430000000,0,-1,0.01,1,1,0,0,none,0,0,1,1,-0.08965452455614685,1.3976791664337895e-05,0.56564668156757092,0.9999413879947191,-1.1631371928274922e-05,-0.01082683886873278,1.2983582594363049e-07,0.032177184769204302,-4.0791143030865156e-05,0.0051056562005312228,7.1660189489163714e-05,0.056650815102871732,1.1150531803237437e-06,-1.3330489883013743,2.2031913207143199,-0.00018401895330468773,-1.3330450773559808,2.2031974119186133,-0.00025839396828747206,0.028004600329325204,0.028133218394957669,-0.0053466216465508721,0.028004619111082801,0.028099473427010815,-0.0051251372536625711,-0.29582992226793087,1.4810840726002015,0.00068230878490444023,-0.29558230150219666,1.4817371596886391,0.00020802869190558851,0.29582992226793087,-1.4810840726002015,-0.00068230878490444023,0.29558230150219666,-1.4817371596886391,-0.00020802869190558851,-1.3267204090965414,2.208800254273827,0,-1.3267204090965414,2.208800254273827,0,0.033936049964006676,0.025107375121648574,0.00032253676831894991,0.03388909044664784,0.02508489812204804,0.00033377505316937019,-0.32976597223193754,1.4559766974785529,0.00035977201658549032,-0.32947139194884451,1.4566522615665911,-0.00012574636126378168,-0.29582992226793087,1.4810840726002015,0.00068230878490444023,-0.29558230150219666,1.4817371596886391,0.00020802869190558851,0,0,0,0,0,0,0,0,0,0,0,0
control,0,44,220,225,440000000,440000000,0,-1,0.01,1,1,0,0,none,0,0,1,1,-0.08934080101784489,1.3577492509239826e-05,0.56569635580262723,0.99994433978879316,-1.1280352850527493e-05,-0.010550696521586226,1.3324433071840248e-07,0.030783591361036651,-3.9292872266553023e-05,0.0048672647900857759,6.9073954258122073e-05,0.054193545048873061,7.6021981406254621e-07,-1.3327563082788452,2.2034860512769536,-0.00023158595163909822,-1.3327524170732543,2.2034917873728914,-0.00030360055178190593,0.030233692890261975,0.030442092567570727,-0.0046552014008333026,0.030230630008523558,0.030404900876351944,-0.0044081721333156798,-0.30183473750928153,1.4748059143228649,0.0006619042446385458,-0.30158323851204644,1.4754674758012394,0.00018594991918424806,0.30183473750928153,-1.4748059143228649,-0.0006619042446385458,0.30158323851204644,-1.4754674758012394,-0.00018594991918424806,-1.3267204090965414,2.208800254273827,0,-1.3267204090965414,2.208800254273827,0,0.027080250852251908,0.018107297111124132,0.0003022358555333946,0.027038150707769257,0.018094251496698806,0.00031148877220035575,-0.32891498836153343,1.4566986172117409,0.0003596683891051512,-0.32862138921981571,1.4573732243045405,-0.00012553885301610769,-0.30183473750928153,1.4748059143228649,0.0006619042446385458,-0.30158323851204644,1.4754674758012394,0.00018594991918424806,0,0,0,0,0,0,0,0,0,0,0,0
control,0,45,225,230,450000000,450000000,0,-1,0.01,1,1,0,0,none,0,0,1,1,-0.089042767794522387,1.3195628102347277e-05,0.56574338354492426,0.99994707314344355,-1.0944453479780566e-05,-0.010288381411186039,1.3495546743495741e-07,0.029103740680820014,-3.7392499881512611e-05,0.0045861531808351948,6.5778103108493239e-05,0.051232977930331269,4.1701263773577621e-07,-1.3324442129742289,2.2038008836782752,-0.00027238737801911858,-1.33244037086631,2.2038062336002286,-0.00034181148858538599,0.031966881801515121,0.032242269330088807,-0.0039501004334139668,0.031960944170027844,0.032202255025579968,-0.0036819517314115101,-0.30727194090454246,1.469097589713096,0.00063877699366975669,-0.30701663711929694,1.4697669608153054,0.00016132752029803226,0.30727194090454246,-1.469097589713096,-0.00063877699366975669,0.30701663711929694,-1.4697669608153054,-0.00016132752029803226,-1.3267204090965414,2.208800254273827,0,-1.3267204090965414,2.208800254273827,0,0.020735323829976719,0.011629043151488119,0.00027922123507643392,0.020698124982180502,0.011624865544810029,0.00028664103314619133,-0.32800726473451919,1.457468546561608,0.00035955575859332272,-0.32771476210147743,1.4581420952704953,-0.00012531351284815907,-0.30727194090454246,1.469097589713096,0.00063877699366975669,-0.30701663711929694,1.4697669608153054,0.00016132752029803226,0,0,0,0,0,0,0,0,0,0,0,0
control,0,46,230,235,460000000,460000000,0,-1,0.01,1,1,0,0,none,0,0,1,1,-0.08876305436053214,1.2834943031730487e-05,0.56578737707903537,0.99994957573613741,-1.0626978921107678e-05,-0.010042204547216218,1.3504887906306864e-07,0.027176649390469463,-3.5136419701911744e-05,0.0042689026250626108,6.1854085831432667e-05,0.0478379007842481,8.8263845634621114e-08,-1.332117614865191,2.2041307832800356,-0.00030635361391461954,-1.3321138489763003,2.2041357222146174,-0.00037300143425796929,0.033211589047778628,0.033542448530682452,-0.0032418663547345104,0.033203011391716095,0.033500239619855265,-0.0029570280072950569,-0.31210816683312387,1.4639941542584849,0.00061343539907114772,-0.31184918047672877,1.4646706079270417,0.00013467770167376809,0.31210816683312387,-1.4639941542584849,-0.00061343539907114772,0.31184918047672877,-1.4646706079270417,-0.00013467770167376809,-1.3267204090965414,2.208800254273827,0,-1.3267204090965414,2.208800254273827,0,0.014949085652126645,0.0057199791294723495,0.00025399940191111136,0.014916761469531713,0.0057240252807320702,0.00025975183064214362,-0.32705725248525053,1.4582741751290125,0.00035943599716003636,-0.32676594194626046,1.4589465826463097,-0.00012507412896837553,-0.31210816683312387,1.4639941542584849,0.00061343539907114772,-0.31184918047672877,1.4646706079270417,0.00013467770167376809,0,0,0,0,0,0,0,0,0,0,0,0
control,0,47,235,240,470000000,470000000,0,-1,0.01,1,1,0,0,none,0,0,1,1,-0.088503896641383611,1.2498706533931053e-05,0.56582801393259918,0.99995184021121231,-1.0330816793480195e-05,-0.0098141301941191694,1.3361624986713606e-07,0.025041811145734769,-3.2572824517204247e-05,0.0039219869429042275,5.7386502768509275e-05,0.04407789134444693,-2.2342047252488386e-07,-1.3317813180169091,2.2044708380597422,-0.00033351263566018649,-1.3317776529864587,2.2044753474394558,-0.00039724237981134916,0.033981157428143983,0.034357415696666706,-0.0025402606901204156,0.033970197302132313,0.034313635650496971,-0.0022431140284828936,-0.31631987751603563,1.4595203798828602,0.00058637778353919957,-0.31605737492273334,1.4602031395188733,0.00010650397458098119,0.31631987751603563,-1.4595203798828602,-0.00058637778353919957,0.31605737492273334,-1.4602031395188733,-0.00010650397458098119,-1.3267204090965414,2.208800254273827,0,-1.3267204090965414,2.208800254273827,0,0.0097591709021964401,0.00041687102401730125,0.00022706682520407673,0.0097316307258084114,0.00042842853670828351,0.00023132841536754943,-0.32607904841823204,1.4591035088588429,0.0003593109583351229,-0.32578900564854174,1.459774710982165,-0.00012482444078656824,-0.31631987751603563,1.4595203798828602,0.00058637778353919957,-0.31605737492273334,1.4602031395188733,0.00010650397458098119,0,0,0,0,0,0,0,0,0,0,0,0
control,0,48,240,245,480000000,480000000,0,-1,0.01,1,1,0,0,none,0,0,1,1,-0.088267135319357051,1.2189698733343696e-05,0.56586503537427091,0.99995386343220738,-1.0058425194325044e-05,-0.0096057746077279019,1.3075996500858443e-07,0.022738688592784616,-2.9751004453504081e-05,0.0035517030344331011,5.2461874946427976e-05,0.040022427289457999,-5.1569947580747756e-07,-1.3314399620781112,2.2048163155759961,-0.00035398194147057436,-1.3314364198678204,2.2048203829917448,-0.0004146950653669165,0.034294308776352075,0.034707376172550569,-0.0018541898725573133,0.034281241563604355,0.034662636068154513,-0.0015490175447459319,-0.3198930574710605,1.4556912109599698,0.00055808653073289791,-0.31962724408897258,1.4563794630288793,7.7291304153841276e-05,0.3198930574710605,-1.4556912109599698,-0.00055808653073289791,0.31962724408897258,-1.4563794630288793,-7.7291304153841276e-05,-1.3267204090965414,2.208800254273827,0,-1.3267204090965414,2.208800254273827,0,0.0051931726143093146,-0.0042537998848554276,0.00019890407606903797,0.0051702669099405324,-0.004235498717245198,0.00020185939684737154,-0.3250862300853698,1.4599450108448253,0.00035918245466385994,-0.32479751099891313,1.4606149617461246,-0.00012456809269353026,-0.3198930574710605,1.4556912109599698,0.00055808653073289791,-0.31962724408897258,1.4563794630288793,7.7291304153841276e-05,0,0,0,0,0,0,0,0,0,0,0,0
control,0,49,245,250,490000000,490000000,0,-1,0.01,1,1,0,0,none,0,0,1,1,-0.088054219024905622,1.1910203754376538e-05,0.56589824428960633,0.9999556457536829,-9.8118266870163509e-06,-0.009418409050785944,1.2659162228287743e-07,0.020306238389595371,-2.6720670271923168e-05,0.0031641133823210291,4.7167459787580585e-05,0.035740055333611277,-7.8653084851862916e-07,-1.3310979719308469,2.2051627131545826,-0.00036795991525068867,-1.331094571678509,2.2051663321929942,-0.00042559985981728858,0.034174560267985814,0.034617269038985099,-0.0011916534654016404,0.034159674216885871,0.034572160320360673,-0.00088259237292373472,-0.32282279646146622,1.4525123146737577,0.00052902288490786886,-0.32255391156760882,1.4532052210508066,4.750098438027444e-05,0.32282279646146622,-1.4525123146737577,-0.00052902288490786886,0.32255391156760882,-1.4532052210508066,-4.750098438027444e-05,-1.3267204090965414,2.208800254273827,0,-1.3267204090965414,2.208800254273827,0,0.0012689136096867976,-0.0082754101275446801,0.00016997064784528862,0.0012504396582817268,-0.008251175510547451,0.00017180957659137331,-0.32409171007115301,1.4607877248013024,0.00035905223706258029,-0.32380435122589052,1.4614563965613541,-0.00012430859221109888,-0.32282279646146622,1.4525123146737577,0.00052902288490786886,-0.32255391156760882,1.4532052210508066,4.750098438027444e-05,0,0,0,0,0,0,0,0,0,0,0,0
control,0,50,250,255,500000000,500000000,0,-1,0.01,1,1,0,0,none,0,0,1,1,-0.087866212061754434,1.1662009412397342e-05,0.56592750254827018,0.99995719034062414,-9.5926080454156998e-06,-0.0092529667703420953,1.2123042957979527e-07,0.017782472798256344,-2.3531308945958357e-05,0.0027649994371726602,4.1590124604422632e-05,0.031297625925544532,-1.0341964285757935e-06,-1.3307595133516588,2.20550580116244,-0.0003757167950050008,-1.3307562712736729,2.2055089711744005,-0.00043026727996546603,0.033649609175917007,0.034116072806354272,-0.00055970962982653536,0.033633200535523475,0.034071160702599398,-0.00025070758341086901,-0.3251127727935445,2.6499807089467993,0.00049962249609267098,-0.32484108400628919,2.650677418889531,1.7566290378314141e-05,0.3251127727935445,-2.6499807089467993,-0.00049962249609267098,0.32484108400628919,-2.650677418889531,-1.7566290378314141e-05,-1.3267204090965414,2.3088002542738271,0,-1.3267204090965414,2.3088002542738271,0,-0.0020051627024675334,1.1883593281271134,0.00014070051999282701,-0.0020194546777074843,1.1883886561392201,0.00014161556316018325,-0.32310761009107697,1.4616213808196856,0.00035892197609984402,-0.32282162932858172,1.4622887627503112,-0.00012404927278186911,-0.3251127727935445,2.6499807089467993,0.00049962249609267098,-0.32484108400628919,2.650677418889531,1.7566290378314141e-05,0,0,0,0,0,0,0,0,0,0,0,0
control,0,51,255,260,510000000,510000000,0,-1,0.01,1,1,0,0,none,0,0,1,1,-0.087742498507605349,1.1523200769967604e-05,0.56594000287105839,0.99995818376891743,-9.5041837834187432e-06,-0.0091449780278581912,3.3064777219509485e-07,0.0088013334722285615,-7.6558273601674937e-06,0.00040979354375068227,2.7372350218111561e-06,0.015241803370941885,6.3347793703164609e-05,-1.3319448728146515,2.2084734330797118,-0.0015980492953969266,-1.33194175281717,2.2084743707101882,-0.0016056239527320331,-0.21920930661988625,0.47062428402429024,-0.20278416719582038,-0.21920997318348737,0.47028783739774377,-0.19517835843763662,0.070050989015387921,1.9617838769407527,0.010977436749669894,0.070295556155481775,1.9629396945473885,0.010116787704621061,-0.070050989015387921,-1.9617838769407527,-0.010977436749669894,-0.070295556155481775,-1.9629396945473885,-0.010116787704621061,-1.3267204090965414,2.3088002542738271,0,-1.3267204090965414,2.3088002542738271,0,0.39150752454714971,0.49798542829294812,0.010618623148410097,0.39147108442277362,0.49847884666705133,0.010240605107701441,-0.32145653553176179,1.4637984486478046,0.00035881360125979747,-0.32117552826729184,1.4644608478803371,-0.00012381740308038038,0.070050989015387921,1.9617838769407527,0.010977436749669894,0.070295556155481775,1.9629396945473885,0.010116787704621061,0,0,0,0,0,0,0,0,0,0,0,0
control,0,52,260,265,520000000,520000000,0,-1,0.01,1,1,0,0,none,0,0,1,1,-0.087702608549797278,1.1461972418025752e-05,0.56594120303017059,0.99995850369144257,-9.4893659446000096e-06,-0.0091099289119739822,5.8532258803783741e-07,0.00086776265266804158,-5.10591727314793e-06,-0.00013890449879616436,2.1598871934552852e-06,0.0016252609283052696,4.3125066308327635e-05,-1.3337113847698026,2.2137411548833312,-0.0031935319162548089,-1.3337076634082849,2.2137400126848434,-0.0031884707831910581,-0.14862185551864171,0.5643475597413018,-0.13042072463373319,-0.14852167445255074,0.5642250461140903,-0.13338643837466027,-0.011148192048855698,1.7622493737924214,0.0078375397167442379,-0.011067259693212428,1.7631037429722507,0.0075027812394498523,0.011148192048855698,-1.7622493737924214,-0.0078375397167442379,0.011067259693212428,-1.7631037429722507,-0.0075027812394498523,-1.3267204090965414,2.3088002542738271,0,-1.3267204090965414,2.3088002542738271,0,0.30682449135709605,0.29418785307399742,0.0074790958065631026,0.30662956341974834,0.2943853298966681,0.0076258631536903314,-0.31797268340595175,1.468061520718424,0.00035844391018113533,-0.31769682311296077,1.4687184130755826,-0.00012308191424047918,-0.011148192048855698,1.7622493737924214,0.0078375397167442379,-0.011067259693212428,1.7631037429722507,0.0075027812394498523,0,0,0,0,0,0,0,0,0,0,0,0
control,0,53,265,270,530000000,530000000,0,-1,0.01,1,1,0,0,none,0,0,1,1,-0.087727879841584283,1.1423197940126147e-05,0.56593708036730395,0.99995830824927323,-9.4862880414213983e-06,-0.0091313565597476373,8.0068303173380283e-07,-0.0047103397509552017,-3.0865056396637594e-06,-0.00063435401850319589,-9.0853601255498556e-07,-0.0081038886344423928,4.2087475930520883e-05,-1.3347478657781955,2.2196160908357228,-0.0041776247496140848,-1.3347435321763865,2.2196142139437409,-0.0041912305088054767,-0.073920566742081653,0.60289358352125477,-0.076657666151344367,-0.073884238530459709,0.60285377171003807,-0.077798002052951593,-0.10535551944949334,1.6397925446089905,0.0054438629592545116,-0.10519042429044084,1.6405270843167661,0.0050256603659024034,0.10535551944949334,-1.6397925446089905,-0.0054438629592545116,0.10519042429044084,-1.6405270843167661,-0.0050256603659024034,-1.3267204090965414,2.3088002542738271,0,-1.3267204090965414,2.3088002542738271,0,0.20721033029297115,0.1658695859753696,0.0050861707324514442,0.20710383475383071,0.16595182639597672,0.0051472692552892224,-0.31256584974246449,1.4739229586336209,0.00035769222680306765,-0.31229425904427155,1.4745752579207894,-0.00012160888938681869,-0.10535551944949334,1.6397925446089905,0.0054438629592545116,-0.10519042429044084,1.6405270843167661,0.0050256603659024034,0,0,0,0,0,0,0,0,0,0,0,0
control,0,54,270,275,540000000,540000000,0,-1,0.01,1,1,0,0,none,0,0,1,1,-0.087796892333442664,1.1402711248338844e-05,0.56592830482020895,0.99995775954793953,-9.4884228106446599e-06,-0.0091912474094105363,9.4587986768228127e-07,-0.0082916325539643069,-1.3539355885787262e-06,-0.0010553417430235925,-7.0983912070502596e-07,-0.014439296371583837,2.1519553365036937e-05,-1.3351475355036568,2.2257258238518047,-0.0046811729724715858,-1.335142744003406,2.2257238736699847,-0.004705674114729076,-0.017570367122208188,0.61620629734507559,-0.032301161328517174,-0.017519989016801626,0.61622038759684017,-0.033360821887663046,-0.17838676332094502,1.5533794804111964,0.00337607836765482,-0.17825243824837766,1.5540296248871215,0.0029601327778115811,0.17838676332094502,-1.5533794804111964,-0.00337607836765482,0.17825243824837766,-1.5540296248871215,-0.0029601327778115811,-1.3267204090965414,2.3088002542738271,0,-1.3267204090965414,2.3088002542738271,0,0.12748106756869712,0.072583719046654727,0.0030194099581673343,0.12734800240757782,0.072585985850848189,0.0030797433288018753,-0.30586783088964214,1.4807957613645417,0.00035666840948748546,-0.30560044065595549,1.4814436390362733,-0.00011961055099029424,-0.17838676332094502,1.5533794804111964,0.00337607836765482,-0.17825243824837766,1.5540296248871215,0.0029601327778115811,0,0,0,0,0,0,0,0,0,0,0,0
control,0,55,275,280,550000000,550000000,0,-1,0.01,1,1,0,0,none,0,0,1,1,-0.087892322806317397,1.1398418254345927e-05,0.5659160113984788,0.99995698946605993,-9.4902635341507605e-06,-0.0092746496929869571,9.9136758666170647e-07,-0.010316270874674592,1.9321553560261699e-07,-0.0013484095432790227,-4.7402809535715937e-07,-0.018063405976338012,2.374574666118064e-06,-1.3350842150029736,2.2318665802877371,-0.0048147223957692555,-1.3350789428458545,2.2318649873852836,-0.0048472796388531357,0.02198344920548603,0.61246697492190261,-0.00013632228261781405,0.022027623320809871,0.61251677063323906,-0.00077678452588866853,-0.23103706407968264,1.4927119842099863,0.0018066953179161232,-0.23090308949732991,1.4933001877855747,0.0013757485424130834,0.23103706407968264,-1.4927119842099863,-0.0018066953179161232,0.23090308949732991,-1.4933001877855747,-0.0013757485424130834,-1.3267204090965414,2.3088002542738271,0,-1.3267204090965414,2.3088002542738271,0,0.067390497068956806,0.0045036254502257567,0.0014512328328616672,0.067260970010541876,0.0044480467126629675,0.0014930231179503741,-0.29842756114863944,1.4882083587597605,0.00035546248505445598,-0.29816405950787178,1.4888521410729119,-0.00011727457553729077,-0.23103706407968264,1.4927119842099863,0.0018066953179161232,-0.23090308949732991,1.4933001877855747,0.0013757485424130834,0,0,0,0,0,0,0,0,0,0,0,0
control,0,56,280,285,560000000,560000000,0,-1,0.01,1,1,0,0,none,0,0,1,1,-0.088000844193163466,1.1409207974216737e-05,0.56590157351391446,0.99995610189057516,-9.4929567219394913e-06,-0.0093698559640385936,9.5054978315620855e-07,-0.011156938774459446,1.6741904732810155e-06,-0.0015047059582172979,-6.503036740608531e-07,-0.019596492680688762,-1.3511640127430703e-05,-1.3347064446988683,2.2378974787365888,-0.0046824530004747952,-1.3347007846398034,2.2378964969996251,-0.0047198375895473911,0.047967586372470873,0.59665935760793642,0.022755267804812226,0.048000184279212862,0.59672766496581631,0.022373216789715766,-0.26678443241553318,1.4516494677068996,0.00062112096249986525,-0.26664155351821806,1.4521986141603256,0.00018253920307619226,0.26678443241553318,-1.4516494677068996,-0.00062112096249986525,0.26664155351821806,-1.4521986141603256,-0.00018253920307619226,-1.3267204090965414,2.3088002542738271,0,-1.3267204090965414,2.3088002542738271,0,0.023881047669216643,-0.044155729965045909,0.00026697250990182723,0.023764230100323747,-0.044246410158301108,0.0002972904373784288,-0.29066548008474985,1.4958051976719455,0.00035414845259803803,-0.2904057836185418,1.4964450243186267,-0.00011475123430223653,-0.26678443241553318,1.4516494677068996,0.00062112096249986525,-0.26664155351821806,1.4521986141603256,0.00018253920307619226,0,0,0,0,0,0,0,0,0,0,0,0
control,0,57,285,290,570000000,570000000,0,-1,0.01,1,1,0,0,none,0,0,1,1,-0.088112470443676955,1.1434582480747947e-05,0.56588628669340379,0.99995517735469774,-9.4993063960546122e-06,-0.0094680087972375572,8.4554492919860871e-07,-0.011122080145120269,3.1124372920987333e-06,-0.0015398101305285528,-1.5147812995395125e-06,-0.019571970836042413,-2.4477209289495883e-05,-1.3341313730695559,2.2437197886182614,-0.0043664610202292864,-1.334125474981261,2.2437195187307521,-0.0044064612090434409,0.063486618267445366,0.5724583899825807,0.038115781650278222,0.063502097742279176,0.57253126678833133,0.037929645108095808,-0.28918965664941959,1.4256053497002112,-0.00024306675314912906,-0.28902781995399018,1.4261351607259014,-0.00068669928957277432,0.28918965664941959,-1.4256053497002112,0.00024306675314912906,0.28902781995399018,-1.4261351607259014,0.00068669928957277432,-1.3267204090965414,2.3088002542738271,0,-1.3267204090965414,2.3088002542738271,0,-0.0062983597249947759,-0.07772199710708283,-0.00059585077644512541,-0.0063923559967840049,-0.077828073665597963,-0.00057454389269175825,-0.28289129692442483,1.5033273468072941,0.00035278402329599635,-0.28263546395720618,1.5039632343914995,-0.00011215539688101603,-0.28918965664941959,1.4256053497002112,-0.00024306675314912906,-0.28902781995399018,1.4261351607259014,-0.00068669928957277432,0,0,0,0,0,0,0,0,0,0,0,0
control,0,58,290,295,580000000,580000000,0,-1,0.01,1,1,0,0,none,0,0,1,1,-0.088219954173776816,1.1474046128336598e-05,0.56587122578901894,0.99995427678773696,-9.5123465157446087e-06,-0.0095626483225138212,7.0040460723386154e-07,-0.010462486641747135,4.4957573010697305e-06,-0.0014783040332637604,-2.995068094750353e-06,-0.01843199146564416,-3.081449440241928e-05,-1.3334477354561276,2.2492663844343053,-0.003931929533113116,-1.3334417821033118,2.24926681152809,-0.0039729956490192307,0.071213916438085167,0.54266802685056081,0.047610157666926285,0.071210669472603835,0.54273552939805803,0.047551298821026308,-0.30141741889138257,1.410998197721669,-0.0008495152777675942,-0.30123216677341902,1.4115237048441673,-0.0012952390835786255,0.30141741889138257,-1.410998197721669,0.0008495152777675942,0.30123216677341902,-1.4115237048441673,0.0012952390835786255,-1.3267204090965414,2.3088002542738271,0,-1.3267204090965414,2.3088002542738271,0,-0.026092958342093686,-0.099595602201579592,-0.0012009290234123798,-0.026159528127661702,-0.099701981148242802,-0.0011856662463455463,-0.27532446054928889,1.5105937999232486,0.00035141374564478563,-0.27507263864575732,1.5112256859924103,-0.00010957283723307905,-0.30141741889138257,1.410998197721669,-0.0008495152777675942,-0.30123216677341902,1.4115237048441673,-0.0012952390835786255,0,0,0,0,0,0,0,0,0,0,0,0
control,0,59,295,300,590000000,590000000,0,-1,0.01,1,1,0,0,none,0,0,1,1,-0.088318258750954212,1.1526883919710505e-05,0.56585720725536326,0.99995344461827773,-9.534461814110396e-06,-0.0096492748353912729,5.3609567415563332e-07,-0.009379364205081793,5.7968287606059888e-06,-0.0013459193797794129,-4.923568951594692e-06,-0.016534541062864967,-3.3292703797229763e-05,-1.33272037493847,2.2544943278837732,-0.0034292111484045098,-1.3327145510328204,2.2544953610484977,-0.003470366663172283,0.073348708868615137,0.50944440468487362,0.052607200520082137,0.073327568404211174,0.50950047758418726,0.052625952696435781,-0.30613645248279331,1.4049892797496772,-0.0012515255983815443,-0.30592698497850984,1.4055205731448335,-0.0016972531128043337,0.30613645248279331,-1.4049892797496772,0.0012515255983815443,0.30592698497850984,-1.4055205731448335,0.0016972531128043337,-1.3267204090965414,2.3088002542738271,0,-1.3267204090965414,2.3088002542738271,0,-0.03802347319978043,-0.11249549034666451,-0.001601596681482754,-0.038061649370968675,-0.11259199767232819,-0.0015901876358701043,-0.26811297928301286,1.5174847700963416,0.00035007108310120981,-0.26786533560754117,1.5181125708171617,-0.00010706547693422954,-0.30613645248279331,1.4049892797496772,-0.0012515255983815443,-0.30592698497850984,1.4055205731448335,-0.0016972531128043337,0,0,0,0,0,0,0,0,0,0,0,0
control,0,60,300,305,600000000,600000000,0,-1,0.01,1,1,0,0,none,0,0,1,1,-0.088404106858539042,1.1592101546927898e-05,0.56584480194677278,0.99995271143850539,-9.5671359463196855e-06,-0.0097249573323551636,3.6902802118030879e-07,-0.0080317414316172925,6.9879094195604715e-06,-0.0011659559429923099,-7.1039472696665896e-06,-0.014163614436161048,-3.2873145100719887e-05,-1.3319948380900517,2.2593792382944491,-0.0028963824966439585,-1.3319893095570581,2.2593807454520149,-0.0029370690713322405,0.071636984982770782,0.47444130064039586,0.054246343206627412,0.071600541508924823,0.47448309277606759,0.054306252169335878,-0.30551197296241439,1.4053176981400908,-0.001494622103935236,-0.30528032061539001,1.405860576977952,-0.0019388679507413376,0.30551197296241439,-1.4053176981400908,0.001494622103935236,0.30528032061539001,-1.405860576977952,0.0019388679507413376,-1.3267204090965414,2.3088002542738271,0,-1.3267204090965414,2.3088002542738271,0,-0.04416232955203292,-0.11860975920805805,-0.0018434024113381832,-0.044174006737187493,-0.11869053330235602,-0.0018341918870671218,-0.26134964341038147,1.5239274573481489,0.0003487803074029472,-0.26110631387820255,1.524551110280308,-0.00010467606367421583,-0.30551197296241439,1.4053176981400908,-0.001494622103935236,-0.30528032061539001,1.405860576977952,-0.0019388679507413376,0,0,0,0,0,0,0,0,0,0,0,0
control,0,61,305,310,610000000,610000000,0,-1,0.01,1,1,0,0,none,0,0,1,1,-0.088475599734339411,1.1668457268933334e-05,0.56583436880563298,0.99995209637152982,-9.6109566602430814e-06,-0.0097879962080485629,2.1087841422336795e-07,-0.0065433241787140259,8.0464373222740383e-06,-0.0009579671453727066,-9.3563279691125239e-06,-0.011540291769342943,-3.0469353468808032e-05,-1.3313015822597012,2.2639108790413132,-0.0023614373631216713,-1.3312964834312813,2.2639127141272657,-0.0024013908226628803,0.067424795184406014,0.43891366128668852,0.053453235373714186,0.067376560718803657,0.43894071291398429,0.053529711537669257,-0.30124869660763931,1.4101862697091687,-0.0016166724210275704,-0.30099858776586508,1.410743162648342,-0.0020585005161795305,0.30124869660763931,-1.4101862697091687,0.0016166724210275704,0.30099858776586508,-1.410743162648342,0.0020585005161795305,-1.3267204090965414,2.3088002542738271,0,-1.3267204090965414,2.3088002542738271,0,-0.046163114818691925,-0.11969798913986596,-0.0019642305597492079,-0.046151949061327496,-0.11976058761223984,-0.001956068330084599,-0.25508558178894741,1.5298842588490347,0.00034755813872163751,-0.25484663870453761,1.5305037502605818,-0.00010243218609493141,-0.30124869660763931,1.4101862697091687,-0.0016166724210275704,-0.30099858776586508,1.410743162648342,-0.0020585005161795305,0,0,0,0,0,0,0,0,0,0,0,0
control,0,62,310,315,620000000,620000000,0,-1,0.01,1,1,0,0,none,0,0,1,1,-0.088531900651481185,1.1754526546292892e-05,0.56582609421814967,0.99995160919974546,-9.6657478632402585e-06,-0.0098376402358040637,6.9122006743746011e-08,-0.0050086356660451123,8.9569772429435382e-06,-0.00073757172142170885,-1.153360820870126e-05,-0.008833351948307493,-2.6860868722750088e-05,-1.330659595292379,2.2680896359770841,-0.0018442480301408394,-1.3306550233055441,2.2680916581591197,-0.0018833963846394076,0.06172185539966251,0.40379610155858736,0.050968020506687133,0.061665637941043766,0.40380956408796193,0.051045548734335859,-0.29465384070546097,1.4181765137713667,-0.001648711417772557,-0.29438981547420839,1.418747431441433,-0.002087608204359478,0.29465384070546097,-1.4181765137713667,0.001648711417772557,0.29438981547420839,-1.418747431441433,0.002087608204359478,-1.3267204090965414,2.3088002542738271,0,-1.3267204090965414,2.3088002542738271,0,-0.045312548749443141,-0.11716673277696577,-0.0019951266162921049,-0.045283086403533832,-0.11721119275545477,-0.001987258521324971,-0.24934129195601781,1.5353432465483323,0.00034641519851954795,-0.24910672907067455,1.5359586241968879,-0.00010034968303450688,-0.29465384070546097,1.4181765137713667,-0.001648711417772557,-0.29438981547420839,1.418747431441433,-0.002087608204359478,0,0,0,0,0,0,0,0,0,0,0,0
control,0,63,315,320,630000000,630000000,0,-1,0.01,1,1,0,0,none,0,0,1,1,-0.088572975243642965,1.1848772922252665e-05,0.56582002978663837,0.99995125227162085,-9.7307425449024238e-06,-0.0098738536412110584,-5.218627378041585e-08,-0.003498394467099427,9.7110615214499343e-06,-0.00051677903253028584,-1.3525792736104011e-05,-0.0061688451159299263,-2.2663484005870891e-05,-1.3300793836187599,2.271923687831034,-0.0013582566742306298,-1.3300753980885813,2.2719257736382312,-0.0013966434274962785,0.055264904803286434,0.36976532808912288,0.047371608855592363,0.055204359490419373,0.36976730468792396,0.047441386123930118,-0.28670507780044324,1.4281814471362746,-0.0016157461585317499,-0.28643181699361597,1.4287648274104359,-0.0020515117651504363,0.28670507780044324,-1.4281814471362746,0.0016157461585317499,0.28643181699361597,-1.4287648274104359,0.0020515117651504363,-1.3267204090965414,2.3088002542738271,0,-1.3267204090965414,2.3088002542738271,0,-0.042589662938308251,-0.11212919482016803,-0.0019611034405104294,-0.042546671331150282,-0.11215718940473585,-0.0019530762779476226,-0.24411541486213498,1.5403106419564427,0.00034535728197867952,-0.24388514566246569,1.5409220168151718,-9.8435487202813698e-05,-0.28670507780044324,1.4281814471362746,-0.0016157461585317499,-0.28643181699361597,1.4287648274104359,-0.0020515117651504363,0,0,0,0,0,0,0,0,0,0,0,0
control,0,64,320,325,640000000,640000000,0,-1,0.01,1,1,0,0,none,0,0,1,1,-0.088599381007382308,1.194961179888219e-05,0.56581612550175997,0.99995102218814569,-9.8047553793279489e-06,-0.0098971272967354491,-1.5159293894720215e-07,-0.0020641209912144057,1.0306172549000176e-05,-0.00030450540040092379,-1.5257705061263454e-05,-0.0036383919698716959,-1.8333608181792497e-05,-1.329565362674324,2.2754267350748467,-0.00091190909290312999,-1.3295619888835228,2.2754287848041326,-0.00094963815683636545,0.0485751869840403,0.33729135127225252,0.043111276165510186,0.048513537861426731,0.33728438296334962,0.043169182631113315,-0.27811491154860513,1.4393501904422645,-0.0015376046232942592,-0.27783678833349729,1.4399435866472534,-0.0019702576420115039,0.27811491154860513,-1.4393501904422645,0.0015376046232942592,0.27783678833349729,-1.4399435866472534,0.0019702576420115039,-1.3267204090965414,2.3088002542738271,0,-1.3267204090965414,2.3088002542738271,0,-0.038723337542669461,-0.10545479652061451,-0.0018819910804045705,-0.038671349348363207,-0.10546894080869051,-0.0018735676845047563,-0.23939157400593569,1.544804986962879,0.00034438645711031121,-0.23916543898513407,1.545412527455944,-9.6689957506747537e-05,-0.27811491154860513,1.4393501904422645,-0.0015376046232942592,-0.27783678833349729,1.4399435866472534,-0.0019702576420115039,0,0,0,0,0,0,0,0,0,0,0,0
control,0,65,325,330,650000000,650000000,0,-1,0.01,1,1,0,0,none,0,0,1,1,-0.08861209848494532,1.2055462242995514e-05,0.56581425747181857,0.99995091126871594,-9.8863352880419101e-06,-0.0099083275618217156,-2.2949867066998898e-07,-0.00074200889299078695,1.0744456599914422e-05,-0.00010712023687735996,-1.6683947631200546e-05,-0.0013061857183089298,-1.4187385030360981e-05,-1.3291177209781926,2.2786161901851925,-0.00050984621357528842,-1.3291149550750125,2.2786181300248884,-0.00054704449169963858,0.042007776476802698,0.30668016204415866,0.038524139115370011,0.04194767264854201,0.30666685610342814,0.038569145990709937,-0.26938752588525577,1.4510412397953396,-0.0014297510949178431,-0.26910834014987495,1.4516418425025905,-0.0018594527111851608,0.26938752588525577,-1.4510412397953396,0.0014297510949178431,0.26910834014987495,-1.4516418425025905,0.0018594527111851608,-1.3267204090965414,2.3088002542738271,0,-1.3267204090965414,2.3088002542738271,0,-0.034243922135390195,-0.097811474002622689,-0.0017732530916959141,-0.03418695723115972,-0.097814793167878722,-0.0017643439520256053,-0.23514360374986559,1.5488527137979624,0.00034350199677807107,-0.23492138291871525,1.5494566356704693,-9.510875915955553e-05,-0.26938752588525577,1.4510412397953396,-0.0014297510949178431,-0.26910834014987495,1.4516418425025905,-0.0018594527111851608,0,0,0,0,0,0,0,0,0,0,0,0
control,0,66,330,335,660000000,660000000,0,-1,0.01,1,1,0,0,none,0,0,1,1,-0.088612397165894016,1.2164786128699379e-05,0.56581425040548239,0.99995090880095039,-9.9738908253126733e-06,-0.0099085765169323985,-2.875269379529507e-07,0.00044387304115836931,1.1031485478285612e-05,7.1051579714545405e-05,-1.7783036327662736e-05,0.00078521822155610307,-1.0425381178883763e-05,-1.3287338415792396,2.2815117528389606,-0.0001538771258510175,-1.3287316566384948,2.2815135340258124,-0.00019067066478948343,0.03579231797284952,0.27810943614251882,0.033858073926879319,0.035735788594434693,0.27809221880323964,0.033891045466240971,-0.26086675663227032,1.4627827057039602,-0.0013040394050676672,-0.26058960958758703,1.4633877117084499,-0.001731035426894576,0.26086675663227032,-1.4627827057039602,0.0013040394050676672,0.26058960958758703,-1.4633877117084499,0.001731035426894576,-1.3267204090965414,2.3088002542738271,0,-1.3267204090965414,2.3088002542738271,0,-0.029527287166896593,-0.089702136995380266,-0.0016467405585886606,-0.029468712388211665,-0.089697685228682988,-0.0016373510738752035,-0.23133946946537373,1.5524848426993405,0.00034270115352099339,-0.23112089719937534,1.553085396937133,-9.368435301937253e-05,-0.26086675663227032,1.4627827057039602,-0.0013040394050676672,-0.26058960958758703,1.4633877117084499,-0.001731035426894576,0,0,0,0,0,0,0,0,0,0,0,0
control,0,67,335,340,670000000,670000000,0,-1,0.01,1,1,0,0,none,0,0,1,1,-0.088601729896965242,1.2276115957716481e-05,0.5658158954757303,0.99995100208498244,-1.0065787728448354e-05,-0.0098991579344702898,-3.2801956024583034e-07,0.0014789668973347703,1.1175200906664039e-05,0.00022729826741719968,-1.8551737497547152e-05,0.0026101863438708697,-7.1576748842794354e-06,-1.3284093632978666,2.2841343062431316,0.0001562394836362656,-1.3284077154409675,2.2841359023556569,0.00011973936119903981,0.030065738982686416,0.25165828678792795,0.02928983626754866,0.030014214704907269,0.25163925685882771,0.02931266768692985,-0.25277530470700643,1.4742385172575472,-0.001169383867978799,-0.25250257272596976,1.4748453693152981,-0.0015939623469094727,0.25277530470700643,-1.4742385172575472,0.001169383867978799,0.25250257272596976,-1.4748453693152981,0.0015939623469094727,-1.3267204090965414,2.3088002542738271,0,-1.3267204090965414,2.3088002542738271,0,-0.024831158058127238,-0.081496053813546632,-0.0015113636584683128,-0.02477364592424839,-0.081486662270199406,-0.0015015551927062046,-0.22794414664887921,1.5557345710710937,0.00034197979048951376,-0.22772892680172135,1.5563320315854976,-9.2407154203268113e-05,-0.25277530470700643,1.4742385172575472,-0.001169383867978799,-0.25250257272596976,1.4748453693152981,-0.0015939623469094727,0,0,0,0,0,0,0,0,0,0,0,0
control,0,68,340,345,680000000,680000000,0,-1,0.01,1,1,0,0,none,0,0,1,1,-0.088581650433996101,1.23880734641125e-05,0.56581896431167777,0.9999511772879307,-1.0160421181331986e-05,-0.0098814440808056864,-3.5365282205142153e-07,0.0023561133764077044,1.1185083288527475e-05,0.00036016467375444048,-1.9000081070058907e-05,0.0041562086987947024,-4.4268217034246271e-06,-1.3281389560739394,2.2865050796692357,0.00042217779782709978,-1.3281377901329336,2.286506482922642,0.00038588132577121201,0.024897943197509955,0.2273318381943599,0.024940406222922772,0.024852318011880859,0.22731269767339304,0.024955429214921318,-0.24524603698592204,1.4851798937139964,-0.0010323407661953247,-0.24497941043520183,1.4857864176458191,-0.0014548022745482835,0.24524603698592204,-1.4851798937139964,0.0010323407661953247,0.24497941043520183,-1.4857864176458191,0.0014548022745482835,-1.3267204090965414,2.3088002542738271,0,-1.3267204090965414,2.3088002542738271,0,-0.0203243510674894,-0.073455662036442992,-0.0013736736504942686,-0.020269904581114676,-0.07344379029586906,-0.0013635358584774297,-0.22492168591843265,1.5586355557504394,0.00034133288429894404,-0.22470950585408714,1.5592302079416882,-9.1266416070853772e-05,-0.24524603698592204,1.4851798937139964,-0.0010323407661953247,-0.24497941043520183,1.4857864176458191,-0.0014548022745482835,0,0,0,0,0,0,0,0,0,0,0,0
control,0,69,345,350,690000000,690000000,0,-1,0.01,1,1,0,0,none,0,0,1,1,-0.088553749615006672,1.2499381190214752e-05,0.56582321983494532,0.99995142012762861,-1.0256266636803407e-05,-0.0098568392202149809,-3.6715960213776033e-07,0.0030738578157455745,1.1071533179011959e-05,0.00046916429005220539,-1.9147217224490469e-05,0.0054208640497841578,-2.2275796371569025e-06,-1.3279168739233729,2.2886450293870442,0.00064656466188985832,-1.327916128358696,2.2886462465687365,0.00061040572619592019,0.0203116256969662,0.2050812811345383,0.020887729861945949,0.020272339545802178,0.20506332107283509,0.020897322610644517,-0.23834651182328334,1.4954615030744616,-0.00089760097488434352,-0.23808707213817235,1.4960659678281467,-0.0013182387384829881,0.23834651182328334,-1.4954615030744616,0.00089760097488434352,0.23808707213817235,-1.4960659678281467,0.0013182387384829881,-1.3267204090965414,2.3088002542738271,0,-1.3267204090965414,2.3088002542738271,0,-0.016109860623471962,-0.065759223060412708,-0.001238355891664255,-0.016059878172848548,-0.065746889148165788,-0.0012279878483910018,-0.22223665119981137,1.5612207261348743,0.0003407549167799115,-0.2220271939653238,1.5618128569763126,-9.0250890091986321e-05,-0.23834651182328334,1.4954615030744616,-0.00089760097488434352,-0.23808707213817235,1.4960659678281467,-0.0013182387384829881,0,0,0,0,0,0,0,0,0,0,0,0
control,0,70,350,355,700000000,700000000,0,-1,0.01,1,1,0,0,none,0,0,1,1,-0.088519606425245798,1.2608868986139316e-05,0.56582842456575377,0.9999517164063082,-1.035191334087758e-05,-0.0098267364255925273,-3.7113999011270582e-07,0.0036350985365539413,1.0845435528632626e-05,0.00055454946457613092,-1.9018127228013193e-05,0.00640940739045471,-5.2308132423708202e-07,-1.327737337842144,2.2905743964975471,0.00083261236963745513,-1.3277369487873576,2.2905754449849272,0.00079654759014211507,0.016297310879912489,0.18482001614994251,0.017177121208052235,0.016264439168141943,0.18480413937618842,0.017183469074397689,-0.23209790369774161,1.5050017672837499,-0.00076839959868600519,-0.23184621906954656,1.5056028905341186,-0.0011874870365279474,0.23209790369774161,-1.5050017672837499,0.00076839959868600519,0.23184621906954656,-1.5056028905341186,0.0011874870365279474,-1.3267204090965414,2.3088002542738271,0,-1.3267204090965414,2.3088002542738271,0,-0.012242821372638109,-0.058519730909554479,-0.0011086397712938483,-0.012198182462418935,-0.058508497597483666,-0.001098137730762519,-0.21985508232510351,1.5635214981933043,0.00034024017260784312,-0.21964803660712762,1.5641113881316022,-8.9349305765428345e-05,-0.23209790369774161,1.5050017672837499,-0.00076839959868600519,-0.23184621906954656,1.5056028905341186,-0.0011874870365279474,0,0,0,0,0,0,0,0,0,0,0,0
control,0,71,355,360,710000000,710000000,0,-1,0.01,1,1,0,0,none,0,0,1,1,-0.088480750924467222,1.2715477026608789e-05,0.56583434691723777,0.99995205241514185,-1.0446084457027375e-05,-0.0097924849496577662,-3.6794271121253114e-07,0.0040460116010487754,1.0517867324379725e-05,0.0006171291544827454,-1.8641110807264849e-05,0.0071328578115395077,7.4242894342711471e-07,-1.3275947907004313,2.2923124059762414,0.00098384296959908111,-1.3275946951191167,2.292313310117033,0.0009478490169795102,0.012824592799297626,0.16643644869118626,0.013829628166990552,0.012797933621469262,0.1664232147339437,0.013834591756728524,-0.22648941197165678,1.513766793449977,-0.00064685134032068823,-0.22624563798137695,1.5143637114225297,-0.0010646350012054201,0.22648941197165678,-1.513766793449977,0.00064685134032068823,0.22624563798137695,-1.5143637114225297,0.0010646350012054201,-1.3267204090965414,2.3088002542738271,0,-1.3267204090965414,2.3088002542738271,0,-0.008744309952268093,-0.051800493465751607,-0.00098663429922925196,-0.0087054681613012372,-0.051791492219386559,-0.00097608429293027932,-0.21774510201938868,1.5655672869157287,0.00033978295890856373,-0.21754016982007571,1.5661552036419162,-8.8550708275140751e-05,-0.22648941197165678,1.513766793449977,-0.00064685134032068823,-0.22624563798137695,1.5143637114225297,-0.0010646350012054201,0,0,0,0,0,0,0,0,0,0,0,0
control,0,72,360,365,720000000,720000000,0,-1,0.01,1,1,0,0,none,0,0,1,1,-0.088438636605259691,1.2818256551650082e-05,0.56584076589547672,0.99995241522972533,-1.0537647193030602e-05,-0.009755365962772657,-3.5960103370037873e-07,0.0043151962817129632,1.0099910898942994e-05,0.00065812459959923404,-1.8045938080236721e-05,0.007606484070458143,1.633950129665831e-06,-1.3274840572427915,2.293877076625654,0.0011038856392076417,-1.3274841952537721,2.293877864635733,0.001067955662618413,0.0098504081064685351,0.14980395897389789,0.010848667421282949,0.0098295616193559213,0.14979364007251134,0.010853724574387514,-0.22148909549945073,1.5217574308496906,-0.00053422130134093688,-0.22125307179455528,1.5223496470711988,-0.0009509176129050812,0.22148909549945073,-1.5217574308496906,0.00053422130134093688,0.22125307179455528,-1.5223496470711988,0.0009509176129050812,-1.3267204090965414,2.3088002542738271,0,-1.3267204090965414,2.3088002542738271,0,-0.0056118344047019243,-0.045627806682769889,-0.00087359906282643987,-0.0055789085422652783,-0.045621784451637643,-0.00086307292750489959,-0.21587726109474881,1.5673852375324606,0.00033937776148550294,-0.21567416325229,1.5679714315228364,-8.7844685400181632e-05,-0.22148909549945073,1.5217574308496906,-0.00053422130134093688,-0.22125307179455528,1.5223496470711988,-0.0009509176129050812,0,0,0,0,0,0,0,0,0,0,0,0
control,0,73,365,370,730000000,730000000,0,-1,0.01,1,1,0,0,none,0,0,1,1,-0.088394620249582612,1.2916369189888541e-05,0.56584747453575779,0.99995279291513373,-1.0625615752646055e-05,-0.0097165749212049495,-3.478089065870997e-07,0.0044529953902430223,9.6025401890576295e-06,0.00067905486400235101,-1.7262544218739011e-05,0.0078486038027659188,2.2187302120963275e-06,-1.3274004348808321,2.2952851165721619,0.0011963316119078186,-1.3274007513482813,2.2952858180136659,0.0011604713686896055,0.0073250218425837668,0.13478852225083568,0.0082252174258952791,0.0073094588537760173,0.13478116248391392,0.0082314540914016181,-0.21705191767774235,1.528998983291078,-0.00043114100430153256,-0.21682325537570574,1.5295863072776559,-0.00084693562476042064,0.21705191767774235,-1.528998983291078,0.00043114100430153256,0.21682325537570574,-1.5295863072776559,0.00084693562476042064,-1.3267204090965414,2.3088002542738271,0,-1.3267204090965414,2.3088002542738271,0,-0.0028272233523870521,-0.040001130956272002,-0.00077016035486710953,-0.0028000812597858069,-0.039998508603937277,-0.00075971411517696246,-0.21422469432535529,1.56900011424735,0.00033901935056557698,-0.21402317411591992,1.5695848158815933,-8.7221509583458164e-05,-0.21705191767774235,1.528998983291078,-0.00043114100430153256,-0.21682325537570574,1.5295863072776559,-0.00084693562476042064,0,0,0,0,0,0,0,0,0,0,0,0
control,0,74,370,375,740000000,740000000,0,-1,0.01,1,1,0,0,none,0,0,1,1,-0.088349947756539607,1.3009085434163094e-05,0.56585428233462398,0.99995317465734124,-1.0709149357570379e-05,-0.0096772092003617593,-3.339253997780903e-07,0.0044709534329365934,9.0365536357941608e-06,0.0006816457777570385,-1.632015022191899e-05,0.0078796288725848772,2.561457574325854e-06,-1.3273397349518095,2.2965518833789891,0.0012646338440201151,-1.32734018045529,2.2965525272174387,0.0012288579132593972,0.0051962707158789969,0.12125440335972434,0.005941829624838065,0.005185389403035737,0.12124987552757148,0.0059499613915162137,-0.2131256381972377,1.535533145558813,-0.00033777878732673181,-0.21290379529868109,1.5361156292641076,-0.00075282765968652,0.2131256381972377,-1.535533145558813,0.00033777878732673181,0.21290379529868109,-1.5361156292641076,0.00075282765968652,-1.3267204090965414,2.3088002542738271,0,-1.3267204090965414,2.3088002542738271,0,-0.00036249581060217133,-0.034901154301530624,-0.00067648163444793781,-0.00034082779957067457,-0.034902088614697319,-0.0006661554435536299,-0.21276314238663555,1.5704342998603436,0.000338702847121206,-0.21256296749911041,1.571017717878805,-8.6672216132890081e-05,-0.2131256381972377,1.535533145558813,-0.00033777878732673181,-0.21290379529868109,1.5361156292641076,-0.00075282765968652,0,0,0,0,0,0,0,0,0,0,0,0
control,0,75,375,380,750000000,750000000,0,-1,0.01,1,1,0,0,none,0,0,1,1,-0.088305744739460929,1.3095782614648125e-05,0.56586101688108459,0.99995355083583282,-1.0787547060110987e-05,-0.0096382599226642572,-3.189978190533164e-07,0.0043813831390342563,8.4125338356303284e-06,0.00066775721261174337,-1.5246706015284243e-05,0.0077213034782953015,2.7211925231588555e-06,-1.3272982893463374,2.2976913917550328,0.0013120409966302163,-1.3272988206494887,2.2976920049529821,0.0012763693076619017,0.0034124924888848506,0.10906829557636889,0.0039756845690498283,0.0034056633824940835,0.10906635253719782,0.0039860959274164798,-0.20965505749156618,1.5414117779883745,-0.00025397276840369981,-0.2094394013843556,1.5419896552207637,-0.00066840422297606431,0.20965505749156618,-1.5414117779883745,0.00025397276840369981,0.2094394013843556,-1.5419896552207637,0.00066840422297606431,-1.3267204090965414,2.3088002542738271,0,-1.3267204090965414,2.3088002542738271,0,0.0018158242642246315,-0.030296093139021957,-0.00059239652744155638,0.0018324435616258079,-0.030300536955657015,-0.00058221558866939445,-0.21147088175579082,1.5717078711273964,0.00033842375903785657,-0.21127184494598142,1.5722901921764207,-8.6188634306669888e-05,-0.20965505749156618,1.5414117779883745,-0.00025397276840369981,-0.2094394013843556,1.5419896552207637,-0.00066840422297606431,0,0,0,0,0,0,0,0,0,0,0,0
control,0,76,380,385,760000000,760000000,0,-1,0.01,1,1,0,0,none,0,0,1,1,-0.088263010947115556,1.3175942550467239e-05,0.56586752484674996,0.99995391305023429,-1.0860240615796655e-05,-0.0096006071416004091,-3.0379598843962107e-07,0.0041970172228282723,7.7408198035671915e-06,0.00063932478070352411,-1.4068568022433299e-05,0.0073960932974929646,2.7496370541253408e-06,-1.3272729336801714,2.2987163552148129,0.0013415573606332439,-1.3272735138109195,2.2987169617959138,0.0013060121621028776,0.0019244745715951612,0.098102220685740107,0.0023008854816894812,0.0019210746854278992,0.098102539403285061,0.0023136778990025513,-0.20658501080529412,1.546692181288926,-0.00017933348752745374,-0.20637486812737144,1.5472658132616215,-0.00059325092807456655,0.20658501080529412,-1.546692181288926,0.00017933348752745374,0.20637486812737144,-1.5472658132616215,0.00059325092807456655,-1.3267204090965414,2.3088002542738271,0,-1.3267204090965414,2.3088002542738271,0,0.0037435831461669743,-0.026146542320439892,-0.00051751148227444728,0.0037556445443951494,-0.026154299369968159,-0.00050748754358099081,-0.21032859395146108,1.5728387236093659,0.00033817799474699354,-0.21013051267176658,1.5734201126315897,-8.5763384493575771e-05,-0.20658501080529412,1.546692181288926,-0.00017933348752745374,-0.20637486812737144,1.5472658132616215,-0.00059325092807456655,0,0,0,0,0,0,0,0,0,0,0,0
control,0,77,385,390,770000000,770000000,0,-1,0.01,1,1,0,0,none,0,0,1,1,-0.088222617764467659,1.3249148948270357e-05,0.56587367246107834,0.99995425411189065,-1.0926786313949215e-05,-0.009565017723701174,-2.8885205068321378e-07,0.0039307273866692307,7.0314824829652501e-06,0.00059831295444529996,-1.2810339992448421e-05,0.0069266933972440443,2.6903964927147993e-06,-1.3272609753032929,2.2996382509089295,0.0013559220791030818,-1.3272615733471231,2.2996388714156262,0.0013205254024925698,0.00068667811113710942,0.088235457090107897,0.00089014976033360404,0.00068611551206038276,0.088237674772582722,0.00090519260975994726,-0.20386242004492711,1.5514335813585691,-0.00011332225126860614,-0.20365711489457741,1.5520034100021161,-0.0005268071030148935,0.20386242004492711,-1.5514335813585691,0.00011332225126860614,0.20365711489457741,-1.5520034100021161,0.0005268071030148935,-1.3267204090965414,2.3088002542738271,0,-1.3267204090965414,2.3088002542738271,0,0.0054567773143119683,-0.022409145256390817,-0.0004512841117476047,0.0054647977388898854,-0.022419917860463351,-0.00044141725123576824,-0.20931919735923907,1.5738427266149599,0.00033796186047899856,-0.2091219126334673,1.5744233278625794,-8.538985177912532e-05,-0.20386242004492711,1.5514335813585691,-0.00011332225126860614,-0.20365711489457741,1.5520034100021161,-0.0005268071030148935,0,0,0,0,0,0,0,0,0,0,0,0
control,0,78,390,395,780000000,780000000,0,-1,0.01,1,1,0,0,none,0,0,1,1,-0.088185308203633808,1.3315084545575526e-05,0.56587934557218023,0.99995456800952509,-1.0986856371015994e-05,-0.0095321454089938567,-2.7450170378278112e-07,0.0035952966919585018,6.2942979258328994e-06,0.00054667730860542471,-1.1494821459694684e-05,0.0063356301377180029,2.5789447362971248e-06,-1.3272601522332668,2.3004673992360614,0.0013576024488516007,-1.327260742927056,2.3004680505025301,0.0013223740733184441,-0.00034206691876558502,0.079355717182230542,-0.00028396979121993301,-0.00034033663688928133,0.079359459654012546,-0.00026698927130234401,-0.20143764063563671,1.5556945787609056,-5.531019906869478e-05,-0.20123652251125324,1.5562610883326977,-0.00046842490224377199,0.20143764063563671,-1.5556945787609056,5.531019906869478e-05,0.20123652251125324,-1.5562610883326977,0.00046842490224377199,-1.3267204090965414,2.3088002542738271,0,-1.3267204090965414,2.3088002542738271,0,0.0069900180188523942,-0.019039315320157318,-0.00039308224509448356,0.0069945109215085212,-0.019052744225455387,-0.00038336275843041601,-0.20842765865448912,1.5747338940810629,0.00033777204602578878,-0.20823103343276175,1.575313832558153,-8.5062143813355992e-05,-0.20143764063563671,1.5556945787609056,-5.531019906869478e-05,-0.20123652251125324,1.5562610883326977,-0.00046842490224377199,0,0,0,0,0,0,0,0,0,0,0,0
control,0,79,395,400,790000000,790000000,0,-1,0.01,1,1,0,0,none,0,0,1,1,-0.088151698914983187,1.3373527958113057e-05,0.56588444937385562,0.99995484985649941,-1.104023026799916e-05,-0.0095025326366840988,-2.6092406856948791e-07,0.0032032346705515072,5.5387153954702253e-06,0.00048633411790121537,-1.0143022022008633e-05,0.0056449381706974522,2.4430613118399322e-06,-1.3272685874224444,2.3012130518151337,0.0013487972465230122,-1.3272691506215142,2.3012137469813814,0.001313753142439368,-0.0011982473450862321,0.071359754757704327,-0.0012482273379569569,-0.0011947112047301612,0.071364657684018881,-0.0012297573736732789,-0.19926528515547448,1.5595313585815613,-4.6222042230393287e-06,-0.19906774816801318,1.5600950453678768,-0.00041741311303599961,0.19926528515547448,-1.5595313585815613,4.6222042230393287e-06,0.19906774816801318,-1.5600950453678768,0.00041741311303599961,-1.3267204090965414,2.3088002542738271,0,-1.3267204090965414,2.3088002542738271,0,0.0083755109284644608,-0.01599320263223597,-0.00034222780705905583,0.0083769651067682558,-0.016008899016679928,-0.00033263807404814642,-0.20764079608393893,1.5755245612137974,0.0003376056028360165,-0.20744471327478142,1.5761039443845568,-8.4775038987853189e-05,-0.19926528515547448,1.5595313585815613,-4.6222042230393287e-06,-0.19906774816801318,1.5600950453678768,-0.00041741311303599961,0,0,0,0,0,0,0,0,0,0,0,0
control,0,80,400,405,800000000,800000000,0,-1,0.01,1,1,0,0,none,0,0,1,1,-0.088122283839439722,1.3424350175269094e-05,0.56588890786430224,0.99995509582572684,-1.1086786250005439e-05,-0.0094766138036283028,-2.4817838968536339e-07,0.0027666270775490148,4.7738196660034778e-06,0.00041913594482390158,-8.7742113321688982e-06,0.0048758981835908205,2.3035596663591473e-06,-1.3272847415012381,2.3018834829931722,0.0013314469618303031,-1.3272852615779251,2.3018842316940367,0.0012965981732362207,-0.0019136214134826827,0.064153548303861316,-0.0020281044604457369,-0.001908704421005515,0.064159272154183419,-0.0020086866398726726,-0.19730466229496402,1.5629964926325839,3.9431051855896241e-05,-0.19711015720257177,1.5635578420772884,-0.0003730690493900447,0.19730466229496402,-1.5629964926325839,-3.9431051855896241e-05,0.19711015720257177,-1.5635578420772884,0.0003730690493900447,-1.3267204090965414,2.3088002542738271,0,-1.3267204090965414,2.3088002542738271,0,0.0096424209765840138,-0.013229067087934115,-0.00029802886552680408,0.0096412864081128549,-0.013246637273790274,-0.00028854511997723254,-0.20694708327154804,1.5762255597205179,0.00033745991738270032,-0.20675144361068462,1.5768044793510787,-8.4523929412812164e-05,-0.19730466229496402,1.5629964926325839,3.9431051855896241e-05,-0.19711015720257177,1.5635578420772884,-0.0003730690493900447,0,0,0,0,0,0,0,0,0,0,0,0
control,0,81,405,410,810000000,810000000,0,-1,0.01,1,1,0,0,none,0,0,1,1,-0.088097439192369065,1.3467510648800368e-05,0.5658926630900919,0.99995530307700975,-1.1126493092112236e-05,-0.009454719684429326,-2.3623654175593175e-07,0.0022970141326944791,4.0082881521730603e-06,0.00034685215505739149,-7.4059842074666024e-06,0.0040488245228298726,2.1751705848204323e-06,-1.3273073661880701,2.302486081344195,0.0013072485680621633,-1.3273078314069309,2.3024868900165258,0.001272600485458765,-0.002515358694767936,0.057652176355680179,-0.0026474408072568877,-0.0025094231812780713,0.05765841610265178,-0.0026276731260236265,-0.19551993636852047,1.5661381973434605,7.75301519681931e-05,-0.19532797689272385,1.5666976676852813,-0.00033470125132746694,0.19551993636852047,-1.5661381973434605,-7.75301519681931e-05,0.19532797689272385,-1.5666976676852813,0.00033470125132746694,-1.3267204090965414,2.3088002542738271,0,-1.3267204090965414,2.3088002542738271,0,0.010816523140495974,-0.010708189377935065,-0.00025980253005580454,0.010813202496590393,-0.010727253066362991,-0.00025039648933644816,-0.20633645950901644,1.5768463867213955,0.00033733268202399764,-0.20614117938931426,1.5774249207516442,-8.4304761991018783e-05,-0.19551993636852047,1.5661381973434605,7.75301519681931e-05,-0.19532797689272385,1.5666976676852813,-0.00033470125132746694,0,0,0,0,0,0,0,0,0,0,0,0
control,0,82,410,415,820000000,820000000,0,-1,0.01,1,1,0,0,none,0,0,1,1,-0.088077429522075437,1.350305293147077e-05,0.56589567421975484,0.99995546968045668,-1.115940216118629e-05,-0.0094370827883802546,-2.2501087986115255e-07,0.001805292579443761,3.2503443352426724e-06,0.00027115352708718103,-6.0543277157159009e-06,0.0031828944705420748,2.0674819093661694e-06,-1.3273354598462299,2.3030274386276028,0.001277673050512672,-1.3273358617494295,2.3030283108889198,0.0012432250221842186,-0.0030263029532775435,0.051779476366915662,-0.0031282215680507506,-0.0030196508070253806,0.051785966923095644,-0.0031087267490056136,-0.1938800870438144,1.568999937319,0.0001103310282492887,-0.19369025178052518,1.5695579487166091,-0.00030164514915986584,0.1938800870438144,-1.568999937319,-0.0001103310282492887,0.19369025178052518,-1.5695579487166091,0.00030164514915986584,-1.3267204090965414,2.3088002542738271,0,-1.3267204090965414,2.3088002542738271,0,0.011920063426178122,-0.0083954267956827672,-0.00022689083675126405,0.01191490804519519,-0.0084156297657561746,-0.00021753116920498488,-0.20580015046999253,1.5773953641146827,0.00033722186500055276,-0.20560515982572036,1.5779735784823654,-8.4113979954880967e-05,-0.1938800870438144,1.568999937319,0.0001103310282492887,-0.19369025178052518,1.5695579487166091,-0.00030164514915986584,0,0,0,0,0,0,0,0,0,0,0,0
control,0,83,415,420,830000000,830000000,0,-1,0.01,1,1,0,0,none,0,0,1,1,-0.088062414625955376,1.3531099839673548e-05,0.56589791648401777,0.99995559453868155,-1.118563975877126e-05,-0.0094238434636589857,-2.1437737481494826e-07,0.0013016380065063579,2.5077093894605231e-06,0.00019360029719471344,-4.7336827261418614e-06,0.0022960129284062473,1.9858659427601594e-06,-1.3273682261411071,2.3035134344667787,0.0012439843760004891,-1.3273685589676965,2.3035143715283817,0.0012097296063616793,-0.0034653118907612118,0.046467558190179711,-0.0034904801296847337,-0.0034581887748852827,0.046474076522709483,-0.0034718790597083019,-0.19235872941754334,1.571620286817337,0.00013845437443962618,-0.1921706604838358,1.5721772149410684,-0.00027327339543697818,0.19235872941754334,-1.571620286817337,-0.00013845437443962618,0.1921706604838358,-1.5721772149410684,0.00027327339543697818,-1.3267204090965414,2.3088002542738271,0,-1.3267204090965414,2.3088002542738271,0,0.012971772370929304,-0.0062594996006891113,-0.00019867130631591004,0.01296508161618821,-0.0062805218387195216,-0.0001893249289230887,-0.20533050178847265,1.5778797864180261,0.00033712568075553622,-0.205135742100024,1.5784577367797878,-8.3948466513889452e-05,-0.19235872941754334,1.571620286817337,0.00013845437443962618,-0.1921706604838358,1.5721772149410684,-0.00027327339543697818,0,0,0,0,0,0,0,0,0,0,0,0
control,0,84,420,425,840000000,840000000,0,-1,0.01,1,1,0,0,none,0,0,1,1,-0.088052457137930737,1.3551848134150438e-05,0.56589938001394924,0.99995567730968937,-1.1205399707752558e-05,-0.0094150565859956355,-2.0419424312725753e-07,0.00079544470660062813,1.7875540633869049e-06,0.0001156331152021573,-3.4569964934964261e-06,0.0014047077305751252,1.932349676806908e-06,-1.3274050363636101,2.3039493156203492,0.0012072589458514502,-1.327405296518303,2.303950316706644,0.0011731846317710563,-0.0038476399745089743,0.041656226720906207,-0.0037522837106332961,-0.003840240793218454,0.041662591482911147,-0.0037351736726435594,-0.19093383967464261,1.5740329797844606,0.00016247906318196063,-0.19074723905302474,1.5745891529186073,-0.00024900219760951503,0.19093383967464261,-1.5740329797844606,-0.00016247906318196063,0.19074723905302474,-1.5745891529186073,0.00024900219760951503,-1.3267204090965414,2.3088002542738271,0,-1.3267204090965414,2.3088002542738271,0,0.01398698716658712,-0.0042730762396250566,-0.00017456349822377027,0.01397901025096613,-0.0042946364181694618,-0.00016519670589913894,-0.20492082684122973,1.5783060560240856,0.00033704256140573089,-0.20472624930399086,1.5788837893367769,-8.3805491710376058e-05,-0.19093383967464261,1.5740329797844606,0.00016247906318196063,-0.19074723905302474,1.5745891529186073,-0.00024900219760951503,0,0,0,0,0,0,0,0,0,0,0,0
control,0,85,425,430,850000000,850000000,0,-1,0.01,1,1,0,0,none,0,0,1,1,-0.088047530624389456,1.356556273322536e-05,0.56590006860362985,0.99995571833170149,-1.1218936138598841e-05,-0.0094106986896987307,-1.943164490760581e-07,0.0002952809561904836,1.0964528182819493e-06,3.8566490465643159e-05,-2.2357656521906216e-06,0.00052405188200661638,1.9064010821641931e-06,-1.3274453957030328,2.3043397691844252,0.0011684048512995292,-1.3274455812836001,2.304340831937929,0.0011344925110041994,-0.0041853398260200715,0.037292354965258762,-0.0039297772848035997,-0.0041778148578183226,0.037298424363523423,-0.0039147145773354014,-0.18958742025861403,1.5762670940973553,0.00018293853876598989,-0.18940204462689356,1.5768227928987286,-0.00022829468760034445,0.18958742025861403,-1.5762670940973553,-0.00018293853876598989,0.18940204462689356,-1.5768227928987286,0.00022829468760034445,-1.3267204090965414,2.3088002542738271,0,-1.3267204090965414,2.3088002542738271,0,0.014977849016926189,-0.0024127113750654766,-0.00015403259114967876,0.014968788531431861,-0.0024345685145088641,-0.00014461202443448974,-0.20456526927554022,1.5786798054724207,0.00033697112991566865,-0.20437083315832541,1.5792573614132375,-8.3682663165854712e-05,-0.18958742025861403,1.5762670940973553,0.00018293853876598989,-0.18940204462689356,1.5768227928987286,-0.00022829468760034445,0,0,0,0,0,0,0,0,0,0,0,0
control,0,86,430,435,860000000,860000000,0,-1,0.01,1,1,0,0,none,0,0,1,1,-0.088047528044389867,1.3572570492062697e-05,0.5658999984202403,0.99995571855065712,-1.1226556434405265e-05,-0.0094106754151229936,-1.8460654762013125e-07,-0.00019114196018563036,4.4034205750503808e-07,-3.64156113822163e-05,-1.0800708185080068e-06,-0.00033239020785317072,1.9056180685228458e-06,-1.3274889135493844,2.3046889894135942,0.0011281804614404387,-1.327489023936735,2.3046901102715283,0.0010944064148122276,-0.0044876646851957193,0.033329238252070389,-0.0040372670051574905,-0.0044801259342597015,0.033334906744887954,-0.0040247535087725274,-0.18830512979139963,1.5783473277574118,0.00020031938714185936,-0.18812078447375852,1.578902786938988,-0.00021066213009489468,0.18830512979139963,-1.5783473277574118,-0.00020031938714185936,0.18812078447375852,-1.578902786938988,0.00021066213009489468,-1.3267204090965414,2.3088002542738271,0,-1.3267204090965414,2.3088002542738271,0,0.015953550461908775,-0.00065867905531159093,-0.00013659078817425708,0.015943566983711872,-0.00068063208974621092,-0.00012708424900504189,-0.2042586802533084,1.5790060068127234,0.00033691017531611644,-0.2040643514574704,1.5795834190287341,-8.3577881089852773e-05,-0.18830512979139963,1.5783473277574118,0.00020031938714185936,-0.18812078447375852,1.578902786938988,-0.00021066213009489468,0,0,0,0,0,0,0,0,0,0,0,0
control,0,87,435,440,870000000,870000000,0,-1,0.01,1,1,0,0,none,0,0,1,1,-0.088052270444733266,1.3573253597895771e-05,0.56589919668144872,0.99995567945073505,-1.1228614303257524e-05,-0.00941482915963502,-1.7494237290934213e-07,-0.00065698833450166558,-1.7551603904625031e-07,-0.0001082622948282664,1.3950427925649398e-09,-0.001152594860643357,1.9263163474465318e-06,-1.3275352777619414,2.3050007381057185,0.0010872120338419366,-1.3275353132731897,2.3050019126393608,0.0010535479973319956,-0.0047614597006954374,0.029725951949908225,-0.0040873289710303233,-0.0047539871438758837,0.029731146255645022,-0.0040778022129342771,-0.18707589644944633,1.5802943345559222,0.00021506146854884833,-0.18689242896916233,1.5808497458803401,-0.00019566358624769782,0.18707589644944633,-1.5802943345559222,-0.00021506146854884833,0.18689242896916233,-1.5808497458803401,0.00019566358624769782,-1.3267204090965414,2.3088002542738271,0,-1.3267204090965414,2.3088002542738271,0,0.016920613535842267,0.0010052660924406848,-0.00012179716160106476,0.016909830835593574,0.00098338023012734671,-0.00011217428855288481,-0.20399650998528859,1.5792890684634815,0.00033685863014991309,-0.20380225980475591,1.5798663656502128,-8.3489297694813014e-05,-0.18707589644944633,1.5802943345559222,0.00021506146854884833,-0.18689242896916233,1.5808497458803401,-0.00019566358624769782,0,0,0,0,0,0,0,0,0,0,0,0
control,0,88,440,445,880000000,880000000,0,-1,0.01,1,1,0,0,none,0,0,1,1,-0.088061515772937859,1.3568042645573363e-05,0.56589770031750719,0.99995560298795283,-1.1225502959525602e-05,-0.0094229468299023549,-1.6522207623749161e-07,-0.0010963054112463758,-7.4656269375779068e-07,-0.00017605661457815761,1.0013015510463023e-06,-0.0019260916738161433,1.9640183805778555e-06,-1.3275842327405012,2.3052783986803478,0.0010460101558580897,-1.3275841943426079,2.3052796218924554,0.0010124239195225264,-0.0050115334931716791,0.026446728583420842,-0.0040909331636990428,-0.0050041809873173143,0.026451403367449902,-0.0040847594599299876,-0.18589152889137642,1.5821250944394007,0.00022755916163883484,-0.18570882249948598,1.582680610533471,-0.00018290448385630535,0.18589152889137642,-1.5821250944394007,-0.00022755916163883484,0.18570882249948598,-1.582680610533471,0.00018290448385630535,-1.3267204090965414,2.3088002542738271,0,-1.3267204090965414,2.3088002542738271,0,0.017883183967274639,0.0025921742466201436,-0.00010925638857247475,0.017871694433773379,0.0025704835252853067,-9.9489202860258535e-05,-0.20377471285865106,1.5795329201927806,0.00033681555021130958,-0.20358051693325935,1.5801101270081856,-8.3415280996046825e-05,-0.18589152889137642,1.5821250944394007,0.00022755916163883484,-0.18570882249948598,1.582680610533471,-0.00018290448385630535,0,0,0,0,0,0,0,0,0,0,0,0
control,0,89,445,450,890000000,890000000,0,-1,0.01,1,1,0,0,none,0,0,1,1,-0.088074967702062343,1.3557409468043128e-05,0.56589555463338803,0.99995549152670671,-1.1217648409733144e-05,-0.0094347676029262664,-1.553669906078457e-07,-0.0015040205525136444,-1.2689639620359474e-06,-0.00023901499689863782,1.9136565940543612e-06,-0.0026439582556284117,2.0138504165962858e-06,-1.3276355610698161,2.3055250242101755,0.0010049849127811579,-1.3276354501495118,2.3055262907889245,0.00097144107104310757,-0.0052410047594839597,0.02346036529935689,-0.004057574467572384,-0.0052338054578546667,0.023464498816474381,-0.0040550447363032031,-0.18474633446895827,1.5838532998048915,0.00023816334610441626,-0.18456430191406664,1.5844090384089915,-0.00017203446735714891,0.18474633446895827,-1.5838532998048915,-0.00023816334610441626,0.18456430191406664,-1.5844090384089915,0.00017203446735714891,-1.3267204090965414,2.3088002542738271,0,-1.3267204090965414,2.3088002542738271,0,0.018843330818521506,0.0041122128147838832,-9.8616750455728178e-05,0.018831200822426269,0.0040908135941197382,-8.8680084497772086e-05,-0.20358966528747977,1.5797410869901076,0.00033678009656014444,-0.2033955027364929,1.5803182248148717,-8.3354382859376826e-05,-0.18474633446895827,1.5838532998048915,0.00023816334610441626,-0.18456430191406664,1.5844090384089915,-0.00017203446735714891,0,0,0,0,0,0,0,0,0,0,0,0
control,0,90,450,455,900000000,900000000,0,-1,0.01,1,1,0,0,none,0,0,1,1,-0.088092284370474463,1.3541859803440493e-05,0.56589281198464703,0.99995534777902095,-1.1205502849291146e-05,-0.009449990611203855,-1.4532275693727168e-07,-0.0018759290844420876,-1.739623681799964e-06,-0.00029648535504006715,2.7337803887573893e-06,-0.0032987986671319694,2.0708564289789137e-06,-1.3276890684677118,2.3057433797505733,0.0009644597453094231,-1.3276888866522769,2.3057446842807621,0.00093092045685285927,-0.0054516206338354528,0.020739668663936773,-0.0039954052869972225,-0.0054445918230094292,0.020743258554817935,-0.0039967331671993036,-0.18363675191168102,1.5854897439612943,0.00024718386048940835,-0.183455329632422,1.5860457923207689,-0.00016274478977589658,0.18363675191168102,-1.5854897439612943,-0.00024718386048940835,0.183455329632422,-1.5860457923207689,0.00016274478977589658,-1.3267204090965414,2.3088002542738271,0,-1.3267204090965414,2.3088002542738271,0,0.019801343404798104,0.0055729912831399692,-8.9567659242965777e-05,0.019788618403339911,0.0055519520845530891,-7.94394786958926e-05,-0.20343809531647913,1.5799167526781543,0.0003367515197323741,-0.20324394803576193,1.5804938402362159,-8.3305311080003963e-05,-0.18363675191168102,1.5854897439612943,0.00024718386048940835,-0.183455329632422,1.5860457923207689,-0.00016274478977589658,0,0,0,0,0,0,0,0,0,0,0,0
control,0,91,455,460,910000000,910000000,0,-1,0.01,1,1,0,0,none,0,0,1,1,-0.088113086948595126,1.3521925886073421e-05,0.56588953047924972,0.99995517474622186,-1.1189538190129163e-05,-0.0094682824750909004,-1.3505909903780544e-07,-0.002208673698931159,-2.1561875736609054e-06,-0.0003479440368906941,3.4582751970866258e-06,-0.0038847070984336365,2.1302388787665895e-06,-1.3277445717436336,2.3059359793654783,0.00092468400194838031,-1.3277443207664774,2.3059373164993371,0.00089110975762434754,-0.0056440450829936626,0.018260940989257155,-0.00391136612784161,-0.0056371923978334364,0.01826400036300984,-0.0039166880665707539,-0.18256100356807753,1.5870427015689552,0.00025489225183599628,-0.18238014642611988,1.587599120756805,-0.00015476542918487022,0.18256100356807753,-1.5870427015689552,-0.00025489225183599628,0.18238014642611988,-1.587599120756805,0.00015476542918487022,-1.3267204090965414,2.3088002542738271,0,-1.3267204090965414,2.3088002542738271,0,0.020756019389596328,0.0069798874162990202,-8.1836894192433593e-05,0.020742728635981963,0.006959252749365024,-7.1498523958766537e-05,-0.20331702295767387,1.5800628141526563,0.00033672914602842988,-0.20312287506210183,1.5806398680074401,-8.3266905226103683e-05,-0.18256100356807753,1.5870427015689552,0.00025489225183599628,-0.18238014642611988,1.587599120756805,-0.00015476542918487022,0,0,0,0,0,0,0,0,0,0,0,0
control,0,92,460,465,920000000,920000000,0,-1,0.01,1,1,0,0,none,0,0,1,1,-0.088136967953086467,1.3498159050145426e-05,0.56588577271632523,0.99995497566277758,-1.117023974871228e-05,-0.0094892846128264308,-1.2456857961061617e-07,-0.002499716238212843,-2.5170384296694086e-06,-0.00039299172384324926,4.0849889235033176e-06,-0.0043972182228445306,2.1875382488316966e-06,-1.3278018894646384,2.3061051182769643,0.00088584422338917781,-1.3278015710693685,2.3061064828679383,0.00085219460412017545,-0.0058181168440014216,0.016003510216265227,-0.0038113113371444594,-0.0058114378388365263,0.016006064104930117,-0.0038206883600585078,-0.18151877054484927,1.5885182937832758,0.00026152466557541787,-0.18133844718775932,1.5890751228011124,-0.00014786207918407424,0.18151877054484927,-1.5885182937832758,-0.00026152466557541787,0.18133844718775932,-1.5890751228011124,0.00014786207918407424,-1.3267204090965414,2.3088002542738271,0,-1.3267204090965414,2.3088002542738271,0,0.021704939683165718,0.0083363666379554502,-7.5187700159530367e-05,0.021691100432179249,0.0083161607132701681,-6.462396323312722e-05,-0.203223710228015,1.5801819271453204,0.00033671236573494821,-0.20302954761993858,1.5807589620878422,-8.3238115950947023e-05,-0.18151877054484927,1.5885182937832758,0.00026152466557541787,-0.18133844718775932,1.5890751228011124,-0.00014786207918407424,0,0,0,0,0,0,0,0,0,0,0,0
control,0,93,465,470,930000000,930000000,0,-1,0.01,1,1,0,0,none,0,0,1,1,-0.088163499237170304,1.3471122434189642e-05,0.56588160457169279,0.99995475394208977,-1.1148100131421152e-05,-0.0095126202658285738,-1.1386461149678846e-07,-0.0027473026776323869,-2.821282631185525e-06,-0.00043134838880823866,4.6129718003914977e-06,-0.0048332456465324612,2.2387587325235636e-06,-1.3278608350259731,2.3062529005765806,0.0008480742172435775,-1.327860450902415,2.3062542877801553,0.00081430862651341745,-0.0059730772456077288,0.013949303794947254,-0.0037001283114210205,-0.005966564325741313,0.013951386031685008,-0.0037135492011038163,-0.18051089284974256,1.5899208330636658,0.00026728477351841264,-0.18033108175645571,1.5904780926109543,-0.00014183311536193616,0.18051089284974256,-1.5899208330636658,-0.00026728477351841264,0.18033108175645571,-1.5904780926109543,0.00014183311536193616,-1.3267204090965414,2.3088002542738271,0,-1.3267204090965414,2.3088002542738271,0,0.022644727021591312,0.009644288674536608,-6.9415849602022224e-05,0.022630348159094815,0.009624518876533858,-5.861512789883438e-05,-0.20315561987133388,1.5802765443891291,0.00033670062312043486,-0.20296142991555052,1.5808535737344205,-8.3217987463101779e-05,-0.18051089284974256,1.5899208330636658,0.00026728477351841264,-0.18033108175645571,1.5904780926109543,-0.00014183311536193616,0,0,0,0,0,0,0,0,0,0,0,0
control,0,94,470,475,940000000,940000000,0,-1,0.01,1,1,0,0,none,0,0,1,1,-0.088192239593885766,1.3441383869909327e-05,0.56587709403896946,0.99995451312410222,-1.1123613350155437e-05,-0.0095379011839369279,-1.0297900045757984e-07,-0.0029504221153262905,-3.0687284322545111e-06,-0.00046284741395101746,5.0424264383872649e-06,-0.0051910098606181695,2.2804435109274565e-06,-1.3279212118302008,2.306381262934321,0.00081146399414297357,-1.327920763577344,2.3063826682798991,0.00077754235399914119,-0.0061077688157411851,0.012082465887232547,-0.0035818491962560763,-0.0061014117585418484,0.012084116366767697,-0.0035992345609843399,-0.17953909575446386,1.5912531442775519,0.00027234666960857792,-0.17935978166322691,1.5918108402173106,-0.00013650662099216134,0.17953909575446386,-1.5912531442775519,-0.00027234666960857792,0.17935978166322691,-1.5918108402173106,0.00013650662099216134,-1.3267204090965414,2.3088002542738271,0,-1.3267204090965414,2.3088002542738271,0,0.023571286027524719,0.010904197243224036,-6.4346738430088246e-05,0.023556371407443721,0.010884857376983734,-5.3300978150525334e-05,-0.20311038178198859,1.5803489470343279,0.00033669340803866617,-0.20291615307067062,1.5809259828403268,-8.3205642841636002e-05,-0.17953909575446386,1.5912531442775519,0.00027234666960857792,-0.17935978166322691,1.5918108402173106,-0.00013650662099216134,0,0,0,0,0,0,0,0,0,0,0,0
control,0,95,475,480,950000000,950000000,0,-1,0.01,1,1,0,0,none,0,0,1,1,-0.088222741917182781,1.3409509039360519e-05,0.56587231013408656,0.99995425682469996,-1.109726921797566e-05,-0.0095647339223133652,-9.1959198429068682e-08,-0.0031087605755236759,-3.2598558105263314e-06,-0.00048742896432503132,5.3746469944553558e-06,-0.0054699571002128512,2.3097204676156607e-06,-1.3279828102911224,2.3064919947290501,0.00077606764461367794,-1.3279822994018644,2.3064934141667708,0.00074195104432109185,-0.0062208061496914864,0.010389016321061725,-0.0034597542762178691,-0.0062145940120848561,0.010390278674373475,-0.003480961875901399,-0.17860574263599177,1.5925168601766193,0.00027685766939950272,-0.17842691370513591,1.5930749866164298,-0.0001317374913906275,0.17860574263599177,-1.5925168601766193,-0.00027685766939950272,0.17842691370513591,-1.5930749866164298,0.0001317374913906275,-1.3267204090965414,2.3088002542738271,0,-1.3267204090965414,2.3088002542738271,0,0.024480023559509068,0.012115590055731179,-5.9832579573209906e-05,0.024464574682003006,0.012096663273115208,-4.8537219501257583e-05,-0.20308576619550084,1.580401270120888,0.00033669024897271262,-0.20289148838713891,1.5809783233433146,-8.3200271889369922e-05,-0.17860574263599177,1.5925168601766193,0.00027685766939950272,-0.17842691370513591,1.5930749866164298,-0.0001317374913906275,0,0,0,0,0,0,0,0,0,0,0,0
control,0,96,480,485,960000000,960000000,0,-1,0.01,1,1,0,0,none,0,0,1,1,-0.088254559873791702,1.3376054974498566e-05,0.56586732187009336,0.99995398868694774,-1.1069548068358213e-05,-0.009592725708724513,-8.0865398794316758e-08,-0.0032226504277905492,-3.395779637208068e-06,-0.00050513271154785724,5.611951857677634e-06,-0.0056706705089828837,2.3243208877902008e-06,-1.3280454063942275,2.3065867550064509,0.00074191023794405728,-1.3280448342562456,2.3065881849333492,0.00070756152604625083,-0.0063107205570090115,0.008856549420011765,-0.0033364674066429139,-0.0063046430847019533,0.0088574691188473467,-0.0033612981061573498,-0.17771361435905894,1.593712689943404,0.00028094100630512151,-0.17753525993891076,1.5942712318696832,-0.00012740467373376492,0.17771361435905894,-1.593712689943404,-0.00028094100630512151,0.17753525993891076,-1.5942712318696832,0.00012740467373376492,-1.3267204090965414,2.3088002542738271,0,-1.3267204090965414,2.3088002542738271,0,0.025366048407746627,0.0132771670784959,-5.5749701051071481e-05,0.025350066543503476,0.013258628407463863,-4.4203552506007725e-05,-0.20307966276680556,1.5804355228649081,0.00033669070735619299,-0.20288532648241422,1.5810126034622194,-8.3201121227757194e-05,-0.17771361435905894,1.593712689943404,0.00028094100630512151,-0.17753525993891076,1.5942712318696832,-0.00012740467373376492,0,0,0,0,0,0,0,0,0,0,0,0
control,0,97,485,490,970000000,970000000,0,-1,0.01,1,1,0,0,none,0,0,1,1,-0.088287254046862107,1.3341563965514591e-05,0.56586219730818133,0.9999537123343355,-1.1040915834585607e-05,-0.0096214898469554923,-6.9767603451997621e-08,-0.003293016227537411,-3.4782061263999529e-06,-0.00051609000256394295,5.7576077633227416e-06,-0.0057947750151936123,2.322576271393465e-06,-1.3281087615608473,2.3066670866467374,0.00070899382508755274,-1.328108129469342,2.3066685239160414,0.00067437813977020442,-0.0063760801243827828,0.0074739698642386438,-0.0032140429092476601,-0.0063701287751365297,0.0074745926808204178,-0.0032422470712789556,-0.17686571495712597,1.5948406611934758,0.00028469837095065415,-0.17668782384221837,1.5953995967368126,-0.00012340857471878665,0.17686571495712597,-1.5948406611934758,-0.00028469837095065415,0.17668782384221837,-1.5953995967368126,0.00012340857471878665,-1.3267204090965414,2.3088002542738271,0,-1.3267204090965414,2.3088002542738271,0,0.026224349758245079,0.014387056728718492,-5.1996002063882819e-05,0.026207837636311387,0.014368875272197632,-4.020108836711353e-05,-0.20309006471537105,1.5804536044647572,0.00033669437301453697,-0.20289566147852975,1.5810307214646151,-8.3207486351673119e-05,-0.17686571495712597,1.5948406611934758,0.00028469837095065415,-0.17668782384221837,1.5953995967368126,-0.00012340857471878665,0,0,0,0,0,0,0,0,0,0,0,0
control,0,98,490,495,980000000,980000000,0,-1,0.01,1,1,0,0,none,0,0,1,1,-0.088320397520321225,1.3306557939280881e-05,0.56585700268990879,0.9999534313262658,-1.1011819534292729e-05,-0.009650650629036606,-5.8742758290226715e-08,-0.0033213177633685653,-3.5093837128467437e-06,-0.00052051556810401396,5.815745911283498e-06,-0.005844837287249125,2.3033961576211671e-06,-1.3281726235833031,2.306734428099344,0.00067730262634027832,-1.3281719327619801,2.3067358700162384,0.0006423878599291495,-0.0064155874537223474,0.0062312635626702662,-0.0030940447892244178,-0.0064097560754072256,0.0062316343461910713,-0.0031253290552785674,-0.17606510225947963,1.5959003348269742,0.00028821231213684646,-0.17588766139203371,1.5964596371860298,-0.00011966861059591624,0.17606510225947963,-1.5959003348269742,-0.00028821231213684646,0.17588766139203371,-1.5964596371860298,0.00011966861059591624,-1.3267204090965414,2.3088002542738271,0,-1.3267204090965414,2.3088002542738271,0,0.027049955021723845,0.015443018749790984,-4.848854844086259e-05,0.027032918098374742,0.015425159571777827,-3.6449905214816465e-05,-0.20311505728120346,1.5804573160771833,0.00033670086057770908,-0.20292057949040845,1.581034477614252,-8.3218705381099778e-05,-0.17606510225947963,1.5959003348269742,0.00028821231213684646,-0.17588766139203371,1.5964596371860298,-0.00011966861059591624,0,0,0,0,0,0,0,0,0,0,0,0
control,0,99,495,500,990000000,990000000,0,-1,0.01,1,1,0,0,none,0,0,1,1,-0.088353580880695781,1.3271533356636385e-05,0.56585180165465554,0.99995314911609257,-1.0982683190115182e-05,-0.0096798477357836945,-4.7872032315832186e-08,-0.0033094910887660478,-3.4920493992334007e-06,-0.00051869886699539068,5.7912728656174558e-06,-0.0058242621321301855,2.2662331708725933e-06,-1.3282367284181382,2.3067901230188661,0.00064680747864247006,-1.3282359800453205,2.3067915673256802,0.0006115646733541502,-0.0064281568158813833,0.0051193007535276815,-0.0029776184310341459,-0.0064224420378182854,0.0051194624881661056,-0.0030116527121467223,-0.17531474271285877,1.5968909934917759,0.00029154848468449949,-0.17513773627720597,1.5974506325415641,-0.00011612092066419101,0.17531474271285877,-1.5968909934917759,-0.00029154848468449949,0.17513773627720597,-1.5974506325415641,0.00011612092066419101,-1.3267204090965414,2.3088002542738271,0,-1.3267204090965414,2.3088002542738271,0,0.02783806708298359,0.016442623929240084,-4.5161322041033702e-05,0.027820514442076352,0.016425049645512689,-3.2886766398908945e-05,-0.20315280979584235,1.5804483695625358,0.0003367098067255332,-0.20295825071928233,1.5810255828960513,-8.3234154265282063e-05,-0.17531474271285877,1.5968909934917759,0.00029154848468449949,-0.17513773627720597,1.5974506325415641,-0.00011612092066419101,0,0,0,0,0,0,0,0,0,0,0,0
control,0,100,500,505,1000000000,1000000000,0,-1,0.01,1,1,0,0,none,0,0,1,1,-0.088386416620814687,1.3236956669331073e-05,0.56584665454536165,0.99995286901206037,-1.0953904212939678e-05,-0.0097087401118673231,-3.7238293362787933e-08,-0.0032598882948088599,-3.4293713611559222e-06,-0.00051099516428350627,5.6897763226181803e-06,-0.0057371866594855469,2.2110387424854441e-06,-1.3283008026424568,2.3068354281069672,0.00061746961618658509,-1.3282999978797405,2.3068368729603832,0.00058187328971956746,-0.006412972588873557,0.0041296684443822172,-0.0028655549979176649,-0.0064073739759227888,0.0041296615501570655,-0.0029019795499802318,-0.17461738930105891,1.5978118048793557,0.00029475773317676288,-0.1744407981575089,1.598371748497933,-0.00011271625263062731,0.17461738930105891,-1.5978118048793557,-0.00029475773317676288,0.1744407981575089,-1.598371748497933,0.00011271625263062731,-1.3267204090965414,2.3088002542738271,0,-1.3267204090965414,2.3088002542738271,0,0.02858418143429425,0.017383411335745353,-4.1963134960092287e-05,0.028566126362273167,0.017366083436090821,-2.9463009416858649e-05,-0.20320157073535317,1.5804283935436103,0.00033672086813685514,-0.20300692451978206,1.581005665061842,-8.3253243213768661e-05,-0.17461738930105891,1.5978118048793557,0.00029475773317676288,-0.1744407981575089,1.598371748497933,-0.00011271625263062731,0,0,0,0,0,0,0,0,0,0,0,0
control,0,101,505,510,1010000000,1010000000,0,-1,0.01,1,1,0,0,none,0,0,1,1,-0.088418542937209132,1.3203260368321118e-05,0.56584161780461384,0.99995259414152182,-1.0925850270523614e-05,-0.0097370093081036446,-2.6923816364754686e-08,-0.0031752167521716577,-3.3248887654160172e-06,-0.00049781644231538917,5.5174268887907925e-06,-0.0055883734878335659,2.1382128139328919e-06,-1.3283645663977717,2.3068715194381042,0.00058924385317951405,-1.3283637064191305,2.3068729633805898,0.00055327225398044675,-0.0063695309555776344,0.0032545295915353341,-0.0027583491536408108,-0.0063640509722254672,0.0032543914316062383,-0.0027967816138661362,-0.17397548113524544,1.5986619609118371,0.00029787802175292824,-0.17379928254085264,1.5992221760593601,-0.0001094180096496116,0.17397548113524544,-1.5986619609118371,-0.00029787802175292824,0.17379928254085264,-1.5992221760593601,0.0001094180096496116,-1.3267204090965414,2.3088002542738271,0,-1.3267204090965414,2.3088002542738271,0,0.029284184048129359,0.018263023641371407,-3.8855698271813655e-05,0.029265644329406856,0.018245903571438099,-2.6142595500827192e-05,-0.20325966518337479,1.5803989372704657,0.0003367337200247419,-0.20306492687025948,1.5809762724879219,-8.3275414148784404e-05,-0.17397548113524544,1.5986619609118371,0.00029787802175292824,-0.17379928254085264,1.5992221760593601,-0.0001094180096496116,0,0,0,0,0,0,0,0,0,0,0,0
control,0,102,510,515,1020000000,1020000000,0,-1,0.01,1,1,0,0,none,0,0,1,1,-0.088449626920121607,1.3170839645608805e-05,0.56583674346215596,0.99995232741880535,-1.0898856657752699e-05,-0.0097643622898817631,-1.7008246406550581e-08,-0.0030584785180365198,-3.182449745307227e-06,-0.0004796222439031638,5.2808771790107641e-06,-0.0053831042137024495,2.0485499710768416e-06,-1.3284277366647435,2.3068994975210044,0.00056208123234501462,-1.3284268226844247,2.3069009394483424,0.00052571652550953234,-0.0062976667083933409,0.0024865064364426753,-0.0026562505676524027,-0.0062923105351703149,0.0024862709970732569,-0.0026962928480679963,-0.17339106330980167,1.5994407941129725,0.00030093621383001817,-0.17321523087692928,1.6000012476960699,-0.00010620045424249042,0.17339106330980167,-1.5994407941129725,-0.00030093621383001817,0.17321523087692928,-1.6000012476960699,0.00010620045424249042,-1.3267204090965414,2.3088002542738271,0,-1.3267204090965414,2.3088002542738271,0,0.029934430881014273,0.019079321379207679,-3.5811841320884257e-05,0.029915428857354591,0.019062371410206107,-2.2900315249459879e-05,-0.20332549419081594,1.5803614727337647,0.00033674805515090239,-0.20313065973428387,1.5809388762858638,-8.3300138993030537e-05,-0.17339106330980167,1.5994407941129725,0.00030093621383001817,-0.17321523087692928,1.6000012476960699,-0.00010620045424249042,0,0,0,0,0,0,0,0,0,0,0,0
control,0,103,515,520,1030000000,1030000000,0,-1,0.01,1,1,0,0,none,0,0,1,1,-0.08847936714176019,1.3140049682500672e-05,0.56583207871390762,0.99995207151708887,-1.087322417807997e-05,-0.0097905337165487497,-7.5668281552236868e-09,-0.0029129105641969699,-3.0061484556724061e-06,-0.00045691054587454049,4.987159570661902e-06,-0.0051270742969871629,1.9431839584904815e-06,-1.328490030730231,2.3069203913226146,0.00053593119806009959,-1.3284890640281841,2.3069218304490744,0.00049915958379757842,-0.0061975669359123345,0.0018185855150904728,-0.0025593096777855105,-0.0061923421754795137,0.0018182832275950439,-0.0026005546244619632,-0.17286572556638732,1.600147872563713,0.00030394970769441498,-0.17269022941390813,1.600708532116335,-0.00010304706254204106,0.17286572556638732,-1.600147872563713,-0.00030394970769441498,0.17269022941390813,-1.600708532116335,0.00010304706254204106,-1.3267204090965414,2.3088002542738271,0,-1.3267204090965414,2.3088002542738271,0,0.030531810008143034,0.019830477141913716,-3.281387552875434e-05,0.030512372442931528,0.01981366105563951,-1.9720143916175344e-05,-0.20339753557453036,1.5803173954217993,0.00033676358322316932,-0.20320260185683967,1.5808948710606956,-8.3326918625865719e-05,-0.17286572556638732,1.600147872563713,0.00030394970769441498,-0.17269022941390813,1.600708532116335,-0.00010304706254204106,0,0,0,0,0,0,0,0,0,0,0,0
control,0,104,520,525,1040000000,1040000000,0,-1,0.01,1,1,0,0,none,0,0,1,1,-0.08850749565473344,1.3111203568124563e-05,0.56582766559160436,0.99995182884457912,-1.0849217538932117e-05,-0.009815287702112159,1.3310950438079523e-09,-0.0027419264377592139,-2.8002620964442906e-06,-0.00043020875939303208,4.6435839475212567e-06,-0.0048262904384130416,1.8235320970883848e-06,-1.3285511697253454,2.3069351614571119,0.00051074334840414258,-1.3285501516692666,2.3069365972795168,0.00047355511584553614,-0.0060697732862026645,0.001244041972686857,-0.0024674181561581761,-0.0060646895915817834,0.0012436996501628704,-0.002509455894229606,-0.17240055827520651,1.6007830749129874,0.00030692793387689056,-0.17222536533144048,1.6013439091222605,-9.9949022401102012e-05,0.17240055827520651,-1.6007830749129874,-0.00030692793387689056,0.17222536533144048,-1.6013439091222605,9.9949022401102012e-05,-1.3267204090965414,2.3088002542738271,0,-1.3267204090965414,2.3088002542738271,0,0.031073787474951278,0.02051505084155221,-2.9852096713333954e-05,0.031053945260074694,0.020498334456478532,-1.6593740042180526e-05,-0.20347434575015777,1.5802680240714353,0.00033678003059022448,-0.20327931059151516,1.5808455746657819,-8.3355282358921486e-05,-0.17240055827520651,1.6007830749129874,0.00030692793387689056,-0.17222536533144048,1.6013439091222605,-9.9949022401102012e-05,0,0,0,0,0,0,0,0,0,0,0,0
control,0,105,525,530,1050000000,1050000000,0,-1,0.01,1,1,0,0,none,0,0,1,1,-0.088533779418422859,1.3084570843430331e-05,0.56582354072122765,0.99995160152525531,-1.0827064257231944e-05,-0.0098384190727445388,9.6233155430284821e-09,-0.0025490599162654036,-2.5691887468413031e-06,-0.00040006495002680863,4.2576367334616752e-06,-0.0044869714391071519,1.6912407753875216e-06,-1.3286108821295997,2.3069447027196208,0.0004864688160880365,-1.3286098141929763,2.3069461349813252,0.0004488583359401385,-0.0059151744110529716,0.00075638094129928588,-0.0023803445036626606,-0.0059102430637658762,0.00075602180643389054,-0.0024227684017495035,-0.17199612423102908,1.601346646959364,0.00030987372051436405,-0.17182119865188009,1.6019076260618579,-9.6903868493965103e-05,0.17199612423102908,-1.601346646959364,-0.00030987372051436405,0.17182119865188009,-1.6019076260618579,9.6903868493965103e-05,-1.3267204090965414,2.3088002542738271,0,-1.3267204090965414,2.3088002542738271,0,0.031558438013278178,0.02113204723852604,-2.6923419643277904e-05,0.031538225752867265,0.021115398800371953,-1.3519080694566349e-05,-0.20355456224430726,1.5802145997208379,0.00033679714015764196,-0.20335942440474736,1.5807922272614858,-8.3384787799398755e-05,-0.17199612423102908,1.601346646959364,0.00030987372051436405,-0.17182119865188009,1.6019076260618579,-9.6903868493965103e-05,0,0,0,0,0,0,0,0,0,0,0,0
control,0,106,530,535,1060000000,1060000000,0,-1,0.01,1,1,0,0,none,0,0,1,1,-0.088558021176348506,1.3060376657811576e-05,0.56581973516749029,0.99995139138434264,-1.0806954064789636e-05,-0.0098597541412470575,1.7255737260844545e-08,-0.0023379111653251744,-2.3173867957541199e-06,-0.00036703936583302191,3.8368824663332958e-06,-0.0041154534387616848,1.5481329099951596e-06,-1.3286689071517446,2.3069498461226829,0.00046306132401848399,-1.3286677909275311,2.306951274778247,0.00042502698417226572,-0.0057349901036144743,0.00034929386940303685,-0.0022977651861724852,-0.0057302235650696946,0.00034893765302607366,-0.002340177384512452,-0.17165244476028652,1.6018392413416749,0.00031278453356181873,-0.17147774843052355,1.6024003374124305,-9.3914247011640521e-05,0.17165244476028652,-1.6018392413416749,-0.00031278453356181873,0.17147774843052355,-1.6024003374124305,9.3914247011640521e-05,-1.3267204090965414,2.3088002542738271,0,-1.3267204090965414,2.3088002542738271,0,0.031984461817859397,0.02168095700962492,-2.4030137896920931e-05,0.031963917319480173,0.021664347467421487,-1.0499226026057092e-05,-0.20363690657814593,1.5801582843320499,0.00033681467145873963,-0.20344166575000372,1.5807359899450091,-8.3415020985583429e-05,-0.17165244476028652,1.6018392413416749,0.00031278453356181873,-0.17147774843052355,1.6024003374124305,-9.3914247011640521e-05,0,0,0,0,0,0,0,0,0,0,0,0
control,0,107,535,540,1070000000,1070000000,0,-1,0.01,1,1,0,0,none,0,0,1,1,-0.088580059812322684,1.3038801518012232e-05,0.56581627436079673,0.99995119993860915,-1.0789038797325803e-05,-0.0098791510228133095,2.4183104842041983e-08,-0.0021120958496592089,-2.0493166886141666e-06,-0.00033169635570269682,3.3888690510640962e-06,-0.0037181003293066161,1.396158073745603e-06,-1.328724997912464,2.3069513605731768,0.00044047795741210407,-1.3287238351222392,2.306952785754345,0.00040202204610900987,-0.0055307485503322306,1.6627823433564961e-05,-0.0022192916801736517,-0.0055261600062476053,1.6290917094417235e-05,-0.0022613081376957329,-0.1713689986419224,1.6022619418868356,0.00031565359760765162,-0.17119449173092494,1.6028231290397315,-9.0986803642329806e-05,0.1713689986419224,-1.6022619418868356,-0.00031565359760765162,0.17119449173092494,-1.6028231290397315,9.0986803642329806e-05,-1.3267204090965414,2.3088002542738271,0,-1.3267204090965414,2.3088002542738271,0,0.032351188616569319,0.022161782672652324,-2.117880321494862e-05,0.032330352317745101,0.022145185858142756,-7.5412069479163107e-06,-0.20372018725849173,1.5801001592141832,0.00033683240082260023,-0.20352484404867002,1.5806779431815887,-8.3445596694413496e-05,-0.1713689986419224,1.6022619418868356,0.00031565359760765162,-0.17119449173092494,1.6028231290397315,-9.0986803642329806e-05,0,0,0,0,0,0,0,0,0,0,0,0
control,0,108,540,545,1080000000,1080000000,0,-1,0.01,1,1,0,0,none,0,0,1,1,-0.088599770217346926,1.3019981602218891e-05,0.56581317810231135,0.99995102839148109,-1.0773432745327301e-05,-0.0098964995201133721,3.0369500629554286e-08,-0.0018751975899566578,-1.7693856382549033e-06,-0.00029459675307054933,2.9210377882050107e-06,-0.0033012200385393242,1.2373457833215159e-06,-1.3287789243676555,2.3069499543084322,0.00041867969064954518,-1.3287777168662751,2.3069513762918721,0.00037980823219947111,-0.0053042580068332857,-0.00024763408146536532,-0.0021444938018070413,-0.0052998609194487229,-0.0002479384345333279,-0.0021857488276305751,-0.17114473238981473,1.6026162741501995,0.00031847090448542211,-0.17097037393921932,1.603177528667902,-8.8131187113532121e-05,0.17114473238981473,-1.6026162741501995,-0.00031847090448542211,0.17097037393921932,-1.603177528667902,8.8131187113532121e-05,-1.3267204090965414,2.3088002542738271,0,-1.3267204090965414,2.3088002542738271,0,0.032658570263619298,0.022575050706936547,-1.8379217104511474e-05,0.032637484615977173,0.02255844343525985,-4.6550282783125685e-06,-0.20380330265343402,1.580041223443263,0.00033685012158993357,-0.2036078585551965,1.5806190852326421,-8.3476158835219552e-05,-0.17114473238981473,1.6026162741501995,0.00031847090448542211,-0.17097037393921932,1.603177528667902,-8.8131187113532121e-05,0,0,0,0,0,0,0,0,0,0,0,0
control,0,109,545,550,1090000000,1090000000,0,-1,0.01,1,1,0,0,none,0,0,1,1,-0.088617062702764579,1.3004009606151054e-05,0.56581046064207707,0.99995087763289092,-1.0760213439996848e-05,-0.0099117206088662965,3.5788626002875356e-08,-0.0016307240965023626,-1.4818958800820898e-06,-0.0002562907914471564,2.4406390696586559e-06,-0.0028709872703236005,1.0737622988264918e-06,-1.3288304759236111,2.3069462761926189,0.00039763170373122419,-1.3288292256995078,2.3069476953697232,0.00035835425206826905,-0.0050575741231342515,-0.00044938283572199331,-0.0020729196252575913,-0.0050533818042202382,-0.00044964432292067329,-0.0021130698699212205,-0.17097808045797033,1.6029042036705716,0.0003212241144786677,-0.17080382898008664,1.6034655040778316,-8.5359162981452519e-05,0.17097808045797033,-1.6029042036705716,-0.0003212241144786677,0.17080382898008664,-1.6034655040778316,8.5359162981452519e-05,-1.3267204090965414,2.3088002542738271,0,-1.3267204090965414,2.3088002542738271,0,0.032907163109537924,0.022921811228080548,-1.5643529856487678e-05,0.032885871941926638,0.022905173333627227,-1.8527821244196813e-06,-0.20388524356750826,1.5799823924424912,0.00033686764433515541,-0.20368970092201327,1.5805603307442044,-8.3506380857032838e-05,-0.17097808045797033,1.6029042036705716,0.0003212241144786677,-0.17080382898008664,1.6034655040778316,-8.5359162981452519e-05,0,0,0,0,0,0,0,0,0,0,0,0
control,0,110,550,555,1100000000,1100000000,0,-1,0.01,1,1,0,0,none,0,0,1,1,-0.088631881998120304,1.2990936082706296e-05,0.56580813082450632,0.99995074824366925,-1.0749422843126253e-05,-0.0099247655576788635,4.0423884786749375e-08,-0.0013820672492678278,-1.1909969624600368e-06,-0.00021731160910367826,1.9546546338247837e-06,-0.0024333731804005842,9.0747116271039456e-07,-1.3288794637070822,2.3069409169581352,0.00037730352011177868,-1.328878172878484,2.3069423338071147,0.00033763291566317206,-0.0047929640421372219,-0.00059438585942593169,-0.0020041123032194714,-0.0047889892575878048,-0.00059459686257256348,-0.0020428401949224048,-0.17086699397701949,1.6031281234341599,0.00032389935618763776,-0.17069280804515452,1.6036894505235755,-8.2683831061951686e-05,0.17086699397701949,-1.6031281234341599,-0.00032389935618763776,0.17069280804515452,-1.6036894505235755,8.2683831061951686e-05,-1.3267204090965414,2.3088002542738271,0,-1.3267204090965414,2.3088002542738271,0,0.03309810138969517,0.023203626577441433,-1.2985440872560029e-05,0.033076649269692254,0.02318694089440769,8.5213504716863625e-07,-0.20396509536671467,1.5799244968567185,0.00033688479706019781,-0.20376945731484677,1.5805025096291678,-8.3535966109120322e-05,-0.17086699397701949,1.6031281234341599,0.00032389935618763776,-0.17069280804515452,1.6036894505235755,-8.2683831061951686e-05,0,0,0,0,0,0,0,0,0,0,0,0
control,0,111,555,560,1110000000,1110000000,0,-1,0.01,1,1,0,0,none,0,0,1,1,-0.088644205874509344,1.2980771232339855e-05,0.56580619229506135,0.999950640504222,-1.0741068905910902e-05,-0.0099356147179981424,4.4268287325944517e-08,-0.0011324673328834136,-9.0064247308834026e-07,-0.00017816939014275029,1.4697270340789288e-06,-0.0019940823588686343,7.4049761524432631e-07,-1.328925722463876,2.3069344104616212,0.00035766899476279693,-1.3289243932712944,2.3069358255220203,0.00031762109021304263,-0.0045128682986206418,-0.000688282955022447,-0.0019376240707161538,-0.004509122910918973,-0.00068843830410945245,-0.0019746406892719361,-0.17080897668013428,1.6032908320063293,0.00032648193043910011,-0.17063481549799636,1.6038521688271137,-8.0118940706056679e-05,0.17080897668013428,-1.6032908320063293,-0.00032648193043910011,0.17063481549799636,-1.6038521688271137,8.0118940706056679e-05,-1.3267204090965414,2.3088002542738271,0,-1.3267204090965414,2.3088002542738271,0,0.033233062855945419,0.023422550179004371,-1.0419494893031377e-05,0.033211494463414246,0.023405802477845929,3.4457073996840284e-06,-0.20404203953607972,1.5798682818273249,0.00033690142533213151,-0.20384630996141059,1.5804463663492678,-8.3564648105740707e-05,-0.17080897668013428,1.6032908320063293,0.00032648193043910011,-0.17063481549799636,1.6038521688271137,-8.0118940706056679e-05,0,0,0,0,0,0,0,0,0,0,0,0
control,0,112,560,565,1120000000,1120000000,0,-1,0.01,1,1,0,0,none,0,0,1,1,-0.08865404343591686,1.2973487097745681e-05,0.56580464376152706,0.9999505544071482,-1.0735127458759391e-05,-0.0099442760215591886,4.7324194395220573e-08,-0.00088498157452331886,-6.1455153663469658e-07,-0.00013934617857801364,9.9209688180658481e-07,-0.0015584973838355858,5.7479701070062345e-07,-1.3289691120693556,2.3069272350103782,0.00033870617863130336,-1.3289677468647521,2.306928648860076,0.00029829953919272885,-0.0042198614515673158,-0.00073657722450243864,-0.0018730276945164276,-0.0042163561052778161,-0.00073667394769533884,-0.001908075083613428,-0.17080112673101375,1.6033955037464851,0.00032895692347911223,-0.17062695066962183,1.6039568355640355,-7.767829823361773e-05,0.17080112673101375,-1.6033955037464851,-0.00032895692347911223,0.17062695066962183,-1.6039568355640355,7.767829823361773e-05,-1.3267204090965414,2.3088002542738271,0,-1.3267204090965414,2.3088002542738271,0,0.033314227851121488,0.023581096998139855,-7.9604688635696175e-06,0.033292587376444194,0.023564275886556057,5.913892422852748e-06,-0.20411535458213523,1.5798144067483453,0.00033691739234268183,-0.20391953804606602,1.5803925596774795,-8.3592190656470478e-05,-0.17080112673101375,1.6033955037464851,0.00032895692347911223,-0.17062695066962183,1.6039568355640355,-7.767829823361773e-05,0,0,0,0,0,0,0,0,0,0,0,0
control,0,113,565,570,1130000000,1130000000,0,-1,0.01,1,1,0,0,none,0,0,1,1,-0.088661433122174657,1.2969020113583863e-05,0.56580347930297781,0.99995048967339673,-1.0731544391714863e-05,-0.0099507832237172595,4.9602920297230193e-08,-0.00064245707394738221,-3.3617533034038843e-07,-0.00010129139144465096,5.2754829471977926e-07,-0.0011316311068384978,4.122272372653406e-07,-1.3290095186430135,2.3069198148023444,0.00032039708316529078,-1.3290081198760912,2.306921228037051,0.00027965266691789507,-0.003916612291792675,-0.00074462216559484362,-0.001809925612596752,-0.0039133561453873322,-0.00074465924034439212,-0.0018427785385064599,-0.17084018322437591,1.6034456524677483,0.00033130973455341306,-0.17066595431731943,1.6040069667002488,-7.5375260982931937e-05,0.17084018322437591,-1.6034456524677483,-0.00033130973455341306,0.17066595431731943,-1.6040069667002488,7.5375260982931937e-05,-1.3267204090965414,2.3088002542738271,0,-1.3267204090965414,2.3088002542738271,0,0.033344232995354224,0.023682206906183972,-5.6228443197496353e-06,0.033322563572678744,0.023665303701829177,8.2431268499544861e-06,-0.20418441621973013,1.5797634455615643,0.00033693257887316269,-0.20398851788999817,1.5803416629984197,-8.3618387832886423e-05,-0.17084018322437591,1.6034456524677483,0.00033130973455341306,-0.17066595431731943,1.6040069667002488,-7.5375260982931937e-05,0,0,0,0,0,0,0,0,0,0,0,0
control,0,114,570,575,1140000000,1140000000,0,-1,0.01,1,1,0,0,none,0,0,1,1,-0.088666440467713367,1.2967273960021189e-05,0.56580268871934769,0.99995044577151138,-1.073023808336129e-05,-0.0099551939315547615,5.1124214360167082e-08,-0.00040750815849851499,-6.8668783296647864e-08,-6.4418045937645539e-05,8.1362845158564309e-08,-0.0007180867307706514,2.5452509949983054e-07,-1.3290468552671664,2.306912521511312,0.00030272736625149731,-1.3290454254692619,2.3069139347265279,0.00026166818999790028,-0.0036058443745823478,-0.00071760604706609991,-0.0017479569921484486,-0.0036028448803534356,-0.00071758415609084528,-0.001778424163437916,-0.17092257619765863,1.6034450898480932,0.00033352652288524363,-0.17074825858768689,1.6040063759851266,-7.3222312578414159e-05,0.17092257619765863,-1.6034450898480932,-0.00033352652288524363,0.17074825858768689,-1.6040063759851266,7.3222312578414159e-05,-1.3267204090965414,2.3088002542738271,0,-1.3267204090965414,2.3088002542738271,0,0.03332612060937281,0.023729202220780132,-3.4203602680267601e-06,0.033304463793175233,0.023712210801725708,1.0420751172525723e-05,-0.20424869680703145,1.579715887627313,0.00033694688315327037,-0.20405272238086211,1.5802941651834008,-8.3643063750939883e-05,-0.17092257619765863,1.6034450898480932,0.00033352652288524363,-0.17074825858768689,1.6040063759851266,-7.3222312578414159e-05,0,0,0,0,0,0,0,0,0,0,0,0
control,0,115,575,580,1150000000,1150000000,0,-1,0.01,1,1,0,0,none,0,0,1,1,-0.088669155660288546,1.2968122667665334e-05,0.56580225791442573,0.99995042193945949,-1.0731102035007392e-05,-0.0099575874556679309,5.1915639689723015e-08,-0.00018249814219807099,1.8513245327431164e-07,-2.909970506757358e-05,-3.4171782881377497e-07,-0.00032202564598317047,1.0328658542745638e-07,-1.3290810623168212,2.3069056760387596,0.00028568595873913012,-1.3290796040828781,2.3069070898141284,0.00024433675464292768,-0.0032902975411964052,-0.00066053454854829907,-0.0016868029198802462,-0.0032875602736720582,-0.0006604558435546607,-0.0017147276884027164,-0.17104447905932335,1.6033978798324677,0.00033559457897884885,-0.17087003939117468,1.6039591293396702,-7.1230714128779082e-05,0.17104447905932335,-1.6033978798324677,-0.00033559457897884885,0.17087003939117468,-1.6039591293396702,7.1230714128779082e-05,-1.3267204090965414,2.3088002542738271,0,-1.3267204090965414,2.3088002542738271,0,0.033263284955152024,0.023725740643631796,-1.3656416277267234e-06,0.033241680246547674,0.02370865728171604,1.2435358027257525e-05,-0.20430776401447537,1.579672139188836,0.00033696022060657557,-0.20411171963772234,1.5802504720579542,-8.3666072156036607e-05,-0.17104447905932335,1.6033978798324677,0.00033559457897884885,-0.17087003939117468,1.6039591293396702,-7.1230714128779082e-05,0,0,0,0,0,0,0,0,0,0,0,0
control,0,116,580,585,1160000000,1160000000,0,-1,0.01,1,1,0,0,none,0,0,1,1,-0.088669690943348867,1.2971413921049444e-05,0.56580216930511196,0.99995041720854549,-1.0734007666506196e-05,-0.0099580625240961729,5.2011867525761374e-08,3.0474582217763157e-05,4.2272975149837505e-07,4.3318635703400852e-06,-7.3752071026228014e-07,5.2857098908852882e-05,-4.0049099228829979e-08,-1.3291121074139143,2.3068995504444767,0.0002692646486863927,-1.3291106233830197,2.3069009653304473,0.00022765151673119973,-0.0029726910091503007,-0.00057821253932562185,-0.0016261899260961714,-0.0029702195413489254,-0.00057808041458318183,-0.001651450494629876,-0.17120186241071819,1.6033082901924729,0.0003375026251783526,-0.17102727016675373,1.6038694964053106,-6.9410226092542692e-05,0.17120186241071819,-1.6033082901924729,-0.0003375026251783526,0.17102727016675373,-1.6038694964053106,6.9410226092542692e-05,-1.3267204090965414,2.3088002542738271,0,-1.3267204090965414,2.3088002542738271,0,0.033159416322199625,0.023675764761192871,5.3010169889076042e-07,0.033137900749762167,0.023658587942431919,1.4277069712133892e-05,-0.20436127873291782,1.57963252543128,0.00033697252347946187,-0.2041651709165159,1.5802109084628788,-8.3687295804676584e-05,-0.17120186241071819,1.6033082901924729,0.0003375026251783526,-0.17102727016675373,1.6038694964053106,-6.9410226092542692e-05,0,0,0,0,0,0,0,0,0,0,0,0
control,0,117,585,590,1170000000,1170000000,0,-1,0.01,1,1,0,0,none,0,0,1,1,-0.088668177904723533,1.2976972508116506e-05,0.5658024022498872,0.99995043042887155,-1.0738807230234394e-05,-0.0099567348959922284,5.1453904894818147e-08,0.00022958623425823325,6.4197402548703787e-07,3.5588331214341244e-05,-1.1024614693674043e-06,0.000403349895301598,-1.7421186629002973e-07,-1.3291399850243975,2.3068943700600317,0.00025345763851869572,-1.329138477859348,2.3068957865667135,0.00021160769954702843,-0.0026556885193601432,-0.00047522576748436937,-0.0015658920406901975,-0.0026534843452819109,-0.0004750446448320984,-0.0015884012069550763,-0.17139054832990266,1.6031807423383762,0.00033924105083258825,-0.1712157761066834,1.6037419003477213,-6.7768895158914921e-05,0.17139054832990266,-1.6031807423383762,-0.00033924105083258825,0.1712157761066834,-1.6037419003477213,6.7768895158914921e-05,-1.3267204090965414,2.3088002542738271,0,-1.3267204090965414,2.3088002542738271,0,0.033018443913312469,0.023583449216770625,2.2573104789011766e-06,0.032997051671601961,0.023566179452611476,1.5937750483645301e-05,-0.20440899224321513,1.5795972931216056,0.00033698374035368706,-0.20421282777828537,1.5801757208951099,-8.3706645642560223e-05,-0.17139054832990266,1.6031807423383762,0.00033924105083258825,-0.1712157761066834,1.6037419003477213,-6.7768895158914921e-05,0,0,0,0,0,0,0,0,0,0,0,0
control,0,118,590,595,1180000000,1180000000,0,-1,0.01,1,1,0,0,none,0,0,1,1,-0.088664764692881842,1.2984603864167481e-05,0.56580293348965027,0.9999504602958329,-1.0745336800553838e-05,-0.0099537349113875614,5.0288272506697055e-08,0.00041329328175717924,8.4107315314797422e-07,6.4425777574715195e-05,-1.4335561153192673e-06,0.00072673452296335311,-2.9810960885425567e-07,-1.3291647157211748,2.3068903157820504,0.00023826108852601565,-1.3291631880875239,2.3068917343701516,0.0001962021423005589,-0.0023418659751917349,-0.00035592312545150358,-0.0015057315328915804,-0.0023399284763028867,-0.00035569825181786446,-0.0015254360032253738,-0.17160626422587985,1.6030197603923535,0.00034080208563249629,-0.17143128795088097,1.6035808669237308,-6.6312902313211302e-05,0.17160626422587985,-1.6030197603923535,-0.00034080208563249629,0.17143128795088097,-1.6035808669237308,6.6312902313211302e-05,-1.3267204090965414,2.3088002542738271,0,-1.3267204090965414,2.3088002542738271,0,0.032844478458387831,0.023453146589497355,3.8082500867743296e-06,0.032823240606243628,0.023435786221832379,1.7411157471101025e-05,-0.20445074268426769,1.5795666138028561,0.00033699383554572197,-0.20425452855712459,1.5801450807018984,-8.3724059784312334e-05,-0.17160626422587985,1.6030197603923535,0.00034080208563249629,-0.17143128795088097,1.6035808669237308,-6.6312902313211302e-05,0,0,0,0,0,0,0,0,0,0,0,0
control,0,119,595,600,1190000000,1190000000,0,-1,0.01,1,1,0,0,none,0,0,1,1,-0.088659613200123347,1.299409766030677e-05,0.5658037375943773,0.99995050537713859,-1.0753419297225855e-05,-0.0099492050117393031,4.8566148946642434e-08,0.00058033422407706805,1.0185944765255072e-06,9.0645019398428837e-05,-1.7284244784251425e-06,0.0010207893102424728,-4.1083380458361715e-07,-1.3291863451397814,2.3068875265360647,0.00022367265874551545,-1.3291847996847868,2.3068889476097731,0.00018143285112194338,-0.0020336819097645708,-0.00022440008216095201,-0.001445578494732963,-0.0020320083625763657,-0.00022413734039435521,-0.0014624578043186099,-0.17184469548585804,1.6028299204813972,0.00034217991551155531,-0.17166949457485975,1.6033909737698022,-6.5046467425155521e-05,0.17184469548585804,-1.6028299204813972,-0.00034217991551155531,0.17166949457485975,-1.6033909737698022,6.5046467425155521e-05,-1.3267204090965414,2.3088002542738271,0,-1.3267204090965414,2.3088002542738271,0,0.032641755383526483,0.023289332976390343,5.1771271129935197e-06,0.032620699602808438,0.023271885979238627,1.8693034879347483e-05,-0.20448645086938452,1.5795405875050068,0.0003370027883985618,-0.20429019417766819,1.5801190877905635,-8.3739502304502997e-05,-0.17184469548585804,1.6028299204813972,0.00034217991551155531,-0.17166949457485975,1.6033909737698022,-6.5046467425155521e-05,0,0,0,0,0,0,0,0,0,0,0,0
control,0,120,600,605,1200000000,1200000000,0,-1,0.01,1,1,0,0,none,0,0,1,1,-0.08865289624993461,1.3005231388634722e-05,0.56580478740940776,0.99995056413988648,-1.0762867503345685e-05,-0.0099432972640590631,4.6342496065010875e-08,0.00072972774495573772,1.1734626232544755e-06,0.00011409133526709649,-1.9852860624843571e-06,0.0012837858950518388,-5.1166208752925966e-07,-1.3292049426564667,2.3068861018965521,0.00020969105908853921,-1.3292033819883362,2.3068875257982349,0.00016729856200976015,-0.0017334510403309478,-8.4483729445309464e-05,-0.0013853495173346999,-0.0017320366627155313,-8.4189461575105736e-05,-0.0013994145959605377,-0.17210153623126107,1.6026158010472045,0.0003433707506141036,-0.17192609368628486,1.6031768007067153,-6.3971800658496765e-05,0.17210153623126107,-1.6026158010472045,-0.0003433707506141036,0.17192609368628486,-1.6031768007067153,6.3971800658496765e-05,-1.3267204090965414,2.3088002542738271,0,-1.3267204090965414,2.3088002542738271,0,0.032414579279599828,0.023096554121467858,6.3601581401732384e-06,0.032393729695610621,0.023079025899469141,1.978116119509884e-05,-0.20451611551086091,1.5795192469257366,0.00033701059247393038,-0.20431982338189547,1.5800977748072462,-8.3752961853595612e-05,-0.17210153623126107,1.6026158010472045,0.0003433707506141036,-0.17192609368628486,1.6031768007067153,-6.3971800658496765e-05,0,0,0,0,0,0,0,0,0,0,0,0
control,0,121,605,610,1210000000,1210000000,0,-1,0.01,1,1,0,0,none,0,0,1,1,-0.088644794823264803,1.3017773898876151e-05,0.56580605449558474,0.99995063497724368,-1.0773487040049155e-05,-0.0099361709192584205,4.3675179815687778e-08,0.00086076749825898704,1.3049529129103199e-06,0.00013465363171812195,-2.202948405968092e-06,0.0015144800495663377,-6.0005784928174737e-07,-1.3292205998208291,2.3068861048450469,0.00019631561604011757,-1.3292190264886243,2.3068875318516389,0.00015379832366268478,-0.0014433211243235705,6.0280204062942351e-05,-0.0013250055487246401,-0.0014421591549273786,6.0599359301648852e-05,-0.0013362969721838387,-0.17237253754273568,1.602381934866731,0.00034437284727869487,-0.17219683999568663,1.6029428817583891,-6.3089098605114395e-05,0.17237253754273568,-1.602381934866731,-0.00034437284727869487,0.17219683999568663,-1.6029428817583891,6.3089098605114395e-05,-1.3267204090965414,2.3088002542738271,0,-1.3267204090965414,2.3088002542738271,0,0.032167270377937075,0.022879372839268101,7.3555926241967453e-06,0.032146647437385899,0.022861770027306008,2.0675351510386507e-05,-0.20453980792067275,1.579502562027463,0.00033701725465449812,-0.20434348743307254,1.5800811117310831,-8.3764450115500895e-05,-0.17237253754273568,1.602381934866731,0.00034437284727869487,-0.17219683999568663,1.6029428817583891,-6.3089098605114395e-05,0,0,0,0,0,0,0,0,0,0,0,0
control,0,122,610,615,1220000000,1220000000,0,-1,0.01,1,1,0,0,none,0,0,1,1,-0.088635495355717603,1.3031488844438461e-05,0.565807509557952,0.99995071623434861,-1.0785079262774384e-05,-0.0099279900329067167,4.0624099965935537e-08,0.00097301380965291655,1.4126807047581539e-06,0.00015226309998611349,-2.3807888477057068e-06,0.0017120970694916679,-6.7566724271671557e-07,-1.3292334285764837,2.3068875646443447,0.0001835458634137237,-1.3292318450509728,2.3068889949652567,0.00014093110728006708,-0.0011652532164421628,0.00020663798775658716,-0.0012645490210085994,-0.0011643350219755337,0.00020697524018973255,-0.0012731349885231264,-0.17265355267764473,1.6021327635632463,0.00034518648619335721,-0.17247759038489222,1.6026936596668984,-6.2396582883642994e-05,0.17265355267764473,-1.6021327635632463,-0.00034518648619335721,0.17247759038489222,-1.6026936596668984,6.2396582883642994e-05,-1.3267204090965414,2.3088002542738271,0,-1.3267204090965414,2.3088002542738271,0,0.031904113583971001,0.02264231857215299,8.1636920263128575e-06,0.031883733986139785,0.022624648842560081,2.1377417242136195e-05,-0.20455766626161573,1.5794904449910934,0.00033702279416704433,-0.20436132437103199,1.5800690108243383,-8.377400012577919e-05,-0.17265355267764473,1.6021327635632463,0.00034518648619335721,-0.17247759038489222,1.6026936596668984,-6.2396582883642994e-05,0,0,0,0,0,0,0,0,0,0,0,0
control,0,123,615,620,1230000000,1230000000,0,-1,0.01,1,1,0,0,none,0,0,1,1,-0.088625187134701189,1.3046137999270643e-05,0.56580912285823193,0.99995080623306554,-1.0797444047455757e-05,-0.0099189211739915024,3.7250340155910332e-08,0.0010662825966768828,1.4965870160059063e-06,0.00016689141616080326,-2.5187300945054782e-06,0.001876312261677021,-7.3831381088113979e-07,-1.3292435593045733,2.306890479804224,0.00017138116337055433,-1.3292419679603207,2.3068919135806349,0.00012869544911289554,-0.00090100546414592533,0.0003516359944245994,-0.0012040204197123301,-0.00090032067531009769,0.00035198453550485748,-0.0012099945014433292,-0.17294057873557783,1.6018725951061035,0.00034581391351308033,-0.17276434551967343,1.6024334433896448,-6.1890574133276937e-05,0.17294057873557783,-1.6018725951061035,-0.00034581391351308033,0.17276434551967343,-1.6024334433896448,6.1890574133276937e-05,-1.3267204090965414,2.3088002542738271,0,-1.3267204090965414,2.3088002542738271,0,0.031629310692601012,0.022389839643599748,8.7866719744502118e-06,0.031609187378316139,0.022372111515048192,2.1891090338297801e-05,-0.20456988942817886,1.5794827554625037,0.00033702724153863013,-0.20437353289798957,1.5800613318745966,-8.3781664471574744e-05,-0.17294057873557783,1.6018725951061035,0.00034581391351308033,-0.17276434551967343,1.6024334433896448,-6.1890574133276937e-05,0,0,0,0,0,0,0,0,0,0,0,0
control,0,124,620,625,1240000000,1240000000,0,-1,0.01,1,1,0,0,none,0,0,1,1,-0.088614059822475041,1.3061484410760322e-05,0.56581086460684193,0.999950903295313,-1.0810382437429098e-05,-0.0099091312445293497,3.3615348630978955e-08,0.0011406318229835696,1.5569208362857346e-06,0.00017854854001428576,-2.6172102721263736e-06,0.0020072270872227315,-7.8799111635826548e-07,-1.3292511387254067,2.3068948211124951,0.00015982036223192338,-1.3292495418243482,2.3068962584178903,0.00011708912985757903,-0.00065212043092420914,0.00049262612110516845,-0.0011434944545938017,-0.00065165710034491471,0.00049297924341894586,-0.0011469731525649419,-0.17322979444628978,1.6016055647796459,0.00034625925155877464,-0.17305328759249169,1.6021663690688062,-6.1565594724871642e-05,0.17322979444628978,-1.6016055647796459,-0.00034625925155877464,0.17305328759249169,-1.6021663690688062,6.1565594724871642e-05,-1.3267204090965414,2.3088002542738271,0,-1.3267204090965414,2.3088002542738271,0,0.031346936192769279,0.022126258754325764,9.2286140601130812e-06,0.031327078384198355,0.022108481406113337,2.2221918670973396e-05,-0.20457673063905904,1.5794793060253201,0.00033703063749866154,-0.20438036597669004,1.5800578876626927,-8.3787513395845031e-05,-0.17322979444628978,1.6016055647796459,0.00034625925155877464,-0.17305328759249169,1.6021663690688062,-6.1565594724871642e-05,0,0,0,0,0,0,0,0,0,0,0,0
control,0,125,625,630,1250000000,1250000000,0,-1,0.01,1,1,0,0,none,0,0,1,1,-0.088602301127805844,1.307729535798751e-05,0.56581270533078076,0.99995100576471052,-1.0823699125505876e-05,-0.0098987854300329695,2.9780158962512787e-08,0.0011963458123633228,1.5942185331566896e-06,0.00018728016947250464,-2.6771481604470745e-06,0.0021053415346336613,-8.2485346024260864e-07,-1.3292563276932976,2.3069005347040488,0.00014886148453997812,-1.3292547273699939,2.3069019755458791,0.00010610889393183197,-0.00041991591726023227,0.0006272684444027499,-0.0010830759113466134,-0.00041966069539844432,0.00062761964778581354,-0.0010841960743263916,-0.17351759378725995,1.6013356000031957,0.00034652838204548593,-0.17334081389910097,1.601896364852653,-6.1414497292435562e-05,0.17351759378725995,-1.6013356000031957,-0.00034652838204548593,0.17334081389910097,-1.601896364852653,6.1414497292435562e-05,-1.3267204090965414,2.3088002542738271,0,-1.3267204090965414,2.3088002542738271,0,0.031060897036964394,0.021855732170735498,9.4953502053372329e-06,0.031041310324527886,0.021837915263697407,2.2377135536769992e-05,-0.20457849082422433,1.5794798678324602,0.00033703303184014872,-0.20438212422362886,1.5800584495889556,-8.3791632829205553e-05,-0.17351759378725995,1.6013356000031957,0.00034652838204548593,-0.17334081389910097,1.601896364852653,-6.1414497292435562e-05,0,0,0,0,0,0,0,0,0,0,0,0
control,0,126,630,635,1260000000,1260000000,0,-1,0.01,1,1,0,0,none,0,0,1,1,-0.088590094645656203,1.3093345088782116e-05,0.5658146162142822,0.9999511120263529,-1.0837204749141833e-05,-0.009888045297938396,2.5804659062273954e-08,0.0012339177531002928,1.6092807727309972e-06,0.00019316490787299568,-2.6999043113180967e-06,0.0021715233062504957,-8.4920497583699402e-07,-1.329259298919107,2.3069075451401528,0.00013850146786627786,-1.3292576971678356,2.3069089894624728,9.5750210721098187e-05,-0.00020547920246745448,0.00075353109262439101,-0.0010228952955800359,-0.00020541752738980604,0.00075387417708350842,-0.0010218114294012694,-0.17380061521459306,1.6010663892941239,0.00034662880667275006,-0.17362356603321416,1.6016271198610055,-6.1428614119310386e-05,0.17380061521459306,-1.6010663892941239,-0.00034662880667275006,0.17362356603321416,-1.6016271198610055,6.1428614119310386e-05,-1.3267204090965414,2.3088002542738271,0,-1.3267204090965414,2.3088002542738271,0,0.030774896674487899,0.021582212965154182,9.5943244191184444e-06,0.030755583146614675,0.021564366470625918,2.2365508253734015e-05,-0.20457551188908096,1.5794841763289698,0.00033703448225363161,-0.20437914917982883,1.5800627533903795,-8.3794122373044401e-05,-0.17380061521459306,1.6010663892941239,0.00034662880667275006,-0.17362356603321416,1.6016271198610055,-6.1428614119310386e-05,0,0,0,0,0,0,0,0,0,0,0,0
control,0,127,635,640,1270000000,1270000000,0,-1,0.01,1,1,0,0,none,0,0,1,1,-0.088577617881017909,1.3109417313320765e-05,0.56581656940970548,0.99995122052457586,-1.0850717980187788e-05,-0.0098770670581733028,2.1746915510559924e-08,0.0012540307238640737,1.6031473865744805e-06,0.00019631120096443903,-2.687238764803763e-06,0.0022069744021857522,-8.6148735796766168e-07,-1.3292602346539737,2.3069157584703777,0.00012873593987935218,-1.3292586333177703,2.3069172061573395,8.6007078901921351e-05,-9.6645851440207422e-06,0.00086968737003023178,-0.00096310436401337608,-9.7808822846628612e-06,0.00087001651585075581,-0.00095998587711692879,-0.17407576636974176,1.6008013555862619,0.00034656948938405945,-0.17389845456173592,1.6013620575066798,-6.1597923072201019e-05,0.17407576636974176,-1.6008013555862619,-0.00034656948938405945,0.17389845456173592,-1.6013620575066798,6.1597923072201019e-05,-1.3267204090965414,2.3088002542738271,0,-1.3267204090965414,2.3088002542738271,0,0.030492403566903182,0.021309418586347502,9.5344362368631548e-06,0.030473361978173151,0.021291552624074346,2.2197170185270035e-05,-0.20456816993664495,1.5794919369999143,0.00033703505314719629,-0.20437181653990907,1.5800705048826054,-8.3795093257471061e-05,-0.17407576636974176,1.6008013555862619,0.00034656948938405945,-0.17389845456173592,1.6013620575066798,-6.1597923072201019e-05,0,0,0,0,0,0,0,0,0,0,0,0
control,0,128,640,645,1280000000,1280000000,0,-1,0.01,1,1,0,0,none,0,0,1,1,-0.088565040469702552,1.3125307436336624e-05,0.56581853831669604,0.99995132977861823,-1.0864067394324904e-05,-0.0098659999971412587,1.7662558965749266e-08,0.0012575375690408099,1.577070619743445e-06,0.00019685409939186965,-2.641266086198509e-06,0.0022131956800671305,-8.6226649076618204e-07,-1.3292593243662785,2.3069250652501707,0.00011955903830804062,-1.3292577251280104,2.3069265161302446,7.6871874090515385e-05,0.00016690593658555893,0.00097431021893758913,-0.00090387162949573331,0.00016662804844722463,0.00097462005436005838,-0.00089890005187632008,-0.17434024419376143,1.600543634034802,0.0003463606844481089,-0.17416267911241831,1.6011043133042497,-6.1911225930540346e-05,0.17434024419376143,-1.600543634034802,-0.0003463606844481089,0.17416267911241831,-1.6011043133042497,6.1911225930540346e-05,-1.3267204090965414,2.3088002542738271,0,-1.3267204090965414,2.3088002542738271,0,0.030216624331966153,0.021040802955469864,9.3258699823744873e-06,0.030197850304957231,0.021022927641449828,2.1883440366661393e-05,-0.20455686852572758,1.5795028310793322,0.00033703481446573444,-0.20436052941737554,1.5800813856628,-8.3794666297201743e-05,-0.17434024419376143,1.600543634034802,0.0003463606844481089,-0.17416267911241831,1.6011043133042497,-6.1911225930540346e-05,0,0,0,0,0,0,0,0,0,0,0,0
control,0,129,645,650,1290000000,1290000000,0,-1,0.01,1,1,0,0,none,0,0,1,1,-0.088552522605663528,1.3140824514341542e-05,0.56582049782819566,0.99995143839613276,-1.0877093108894514e-05,-0.0098549850935398028,1.3604235190623681e-08,0.0012454399443922578,1.5324871903578814e-06,0.00019495190038956836,-2.5644084401926103e-06,0.002191949956284518,-8.5221822847748562e-07,-1.3292567624421203,2.3069353434882358,0.00011096327364628403,-1.3292551668176324,2.3069367973390342,6.8335239292543925e-05,0.0003238390360235757,0.001066264149466167,-0.00084537791774207192,0.00032341653612775377,0.0010665498063855664,-0.00083874412939651183,-0.17459155044630559,1.6002960543623466,0.00034601375431534456,-0.17441374387119563,1.600856717220658,-6.235633518557386e-05,0.17459155044630559,-1.6002960543623466,-0.00034601375431534456,0.17441374387119563,-1.600856717220658,6.235633518557386e-05,-1.3267204090965414,2.3088002542738271,0,-1.3267204090965414,2.3088002542738271,0,0.029950481592911318,0.020779533202895821,8.9799137932183902e-06,0.029931967848900596,0.020761658507935727,2.1436634682062415e-05,-0.20454203203921689,1.5795165211594508,0.00033703384052212617,-0.20434571172009622,1.5800950587127223,-8.3792969867636276e-05,-0.17459155044630559,1.6002960543623466,0.00034601375431534456,-0.17441374387119563,1.600856717220658,-6.235633518557386e-05,0,0,0,0,0,0,0,0,0,0,0,0
control,0,130,650,655,1300000000,1300000000,0,-1,0.01,1,1,0,0,none,0,0,1,1,-0.088540213681272795,1.3155792928515562e-05,0.56582242454240361,0.99995154508453588,-1.0889648181389308e-05,-0.009844153821655011,9.6211250474947809e-09,0.0012188668434777591,1.4709895821967707e-06,0.0001907827199326178,-2.4593474039206007e-06,0.0021452241958324317,-8.3211357798593413e-07,-1.3292527459375141,2.3069464614993596,0.00010293943374110806,-1.3292511552708521,2.3069479180529533,6.0386016947979215e-05,0.00046096369996617568,0.0011446948029022611,-0.00078781204464666368,0.00046041395761963302,0.0011449519610773789,-0.00077971354734618749,-0.17482750269000968,1.6000611277325199,0.0003455409809623975,-0.17464946854981722,1.6006217805540512,-6.2920265639341389e-05,0.17482750269000968,-1.6000611277325199,-0.0003455409809623975,0.17464946854981722,-1.6006217805540512,6.2920265639341389e-05,-1.3267204090965414,2.3088002542738271,0,-1.3267204090965414,2.3088002542738271,0,0.029696596541722523,0.02052847108925674,8.5087721100007729e-06,0.029678333155299011,0.020510606708869217,2.0869872282915616e-05,-0.2045240992317322,1.579532656643263,0.00033703220885239672,-0.20432780170511622,1.5801111738451821,-8.3790137922256999e-05,-0.17482750269000968,1.6000611277325199,0.0003455409809623975,-0.17464946854981722,1.6006217805540512,-6.2920265639341389e-05,0,0,0,0,0,0,0,0,0,0,0,0
control,0,131,655,660,1310000000,1310000000,0,-1,0.01,1,1,0,0,none,0,0,1,1,-0.088528251143952769,1.3170053768053885e-05,0.56582429694028602,0.99995164866023678,-1.0901599764331035e-05,-0.009833627145109514,5.7585356789724903e-09,0.0011790529017489126,1.3942969782249522e-06,0.00018454104371114056,-2.3289752006413533e-06,0.0020751913138128643,-8.0280350975646796e-07,-1.3292474724081818,2.3069582806401949,9.5476528789833879e-05,-1.329245887868872,2.3069597395888026,5.3011220774329697e-05,0.00057832238522723361,0.0012090163450042923,-0.00073136667387257146,0.00057766295555354498,0.0012092412653292412,-0.00072200493741298377,-0.17504624085845216,1.5998410380742873,0.00034495537416277811,-0.17486799494176122,1.6004016872639872,-6.3589427432719417e-05,0.17504624085845216,-1.5998410380742873,-0.00034495537416277811,0.17486799494176122,-1.6004016872639872,6.3589427432719417e-05,-1.3267204090965414,2.3088002542738271,0,-1.3267204090965414,2.3088002542738271,0,0.029457276161842998,0.020290159086079285,7.9253750566784121e-06,0.029439250834636381,0.020272314322299433,2.0196880638350282e-05,-0.20450351702029515,1.579550878988208,0.00033702999910609969,-0.20430724577639761,1.5801293729416879,-8.3786308071069699e-05,-0.17504624085845216,1.5998410380742873,0.00034495537416277811,-0.17486799494176122,1.6004016872639872,-6.3589427432719417e-05,0,0,0,0,0,0,0,0,0,0,0,0
control,0,132,660,665,1320000000,1320000000,0,-1,0.01,1,1,0,0,none,0,0,1,1,-0.088516759569682746,1.318346592273304e-05,0.56582609552869512,0.99995174805578468,-1.0912830015584316e-05,-0.0098235147015094514,2.057564000997508e-09,0.0011273167590237613,1.304226224242903e-06,0.00017643430173610615,-2.1763460021230227e-06,0.0019841720828931921,-7.6520363242016407e-07,-1.3292411378402882,2.3069706579075939,8.8561774744342527e-05,-1.3292395604226179,2.3069721189095445,4.6196045109969121e-05,0.00067615994968600504,0.0012588969118813686,-0.000676234405796087,0.00067540837591277504,0.0012590864592653115,-0.00066581231718739863,-0.17524622957510005,1.599637637720728,0.00034427047984878184,-0.1750677892338228,1.6001982896166698,-6.4349817411809331e-05,0.17524622957510005,-1.599637637720728,-0.00034427047984878184,0.1750677892338228,-1.6001982896166698,6.4349817411809331e-05,-1.3267204090965414,2.3088002542738271,0,-1.3267204090965414,2.3088002542738271,0,0.029234505000432093,0.020066811026975672,7.2431878665015928e-06,0.029216703349048793,0.020048994682493385,1.9431802326379194e-05,-0.20448073457553215,1.5795708266937523,0.00033702729198228026,-0.2042844925828716,1.5801492949341764,-8.3781619738188519e-05,-0.17524622957510005,1.599637637720728,0.00034427047984878184,-0.1750677892338228,1.6001982896166698,-6.4349817411809331e-05,0,0,0,0,0,0,0,0,0,0,0,0
control,0,133,665,670,1330000000,1330000000,0,-1,0.01,1,1,0,0,none,0,0,1,1,-0.088505849951208693,1.319590688721805e-05,0.56582780294958235,0.99995184232503309,-1.0923236766303924e-05,-0.0098139141760613963,-1.4451673906747027e-09,0.0010650397424573316,1.2026631895490941e-06,0.00016667950762953612,-2.0046279132027862e-06,0.0018745976081094348,-7.2027893119942801e-07,-1.3292339347027906,2.3069834483814549,8.2180612669915983e-05,-1.3292323652270126,2.306984911067318,3.9923909038393473e-05,0.00075491063210238738,0.001294242349871088,-0.00062260414084346722,0.00075408425682300115,0.001294394006345214,-0.00061132358179241696,-0.17542625643735643,1.5994524471748959,0.00034350019146154681,-0.17524764028712395,1.6000131079578284,-6.5187206036756827e-05,0.17542625643735643,-1.5994524471748959,-0.00034350019146154681,0.17524764028712395,-1.6000131079578284,6.5187206036756827e-05,-1.3267204090965414,2.3088002542738271,0,-1.3267204090965414,2.3088002542738271,0,0.029029941326836561,0.019860307183659873,6.476023241198571e-06,0.029012347180419555,0.019842527468591529,1.858900637810281e-05,-0.20445619776419299,1.579592139991236,0.00033702416822034825,-0.20425998746754351,1.5801705804892368,-8.3776212414859633e-05,-0.17542625643735643,1.5994524471748959,0.00034350019146154681,-0.17524764028712395,1.6000131079578284,-6.5187206036756827e-05,0,0,0,0,0,0,0,0,0,0,0,0
control,0,134,670,675,1340000000,1340000000,0,-1,0.01,1,1,0,0,none,0,0,1,1,-0.08849561919628135,1.3207273283150176e-05,0.5658294040561811,0.99995193064641985,-1.0932733951662682e-05,-0.0098049108600310499,-4.7177027508044199e-09,0.00099364511152499999,1.0915348659275458e-06,0.00015549999993252117,-1.8170562093102451e-06,0.0017489727939555195,-6.6902877137471546e-07,-1.3292260501392794,2.3069965074965051,7.6316761241906675e-05,-1.3292244892546345,2.3069979714752984,3.4176532240063985e-05,0.00081518336505116283,0.0013151785029180904,-0.00057065775135949233,0.00081429915267404039,0.00131529037158473,-0.00055871732644814393,-0.17558542652154585,1.5992866587735894,0.00034265856684951088,-0.17540665414329079,1.5998473343839872,-6.6087317371894572e-05,0.17558542652154585,-1.5992866587735894,-0.00034265856684951088,0.17540665414329079,-1.5998473343839872,6.6087317371894572e-05,-1.3267204090965414,2.3088002542738271,0,-1.3267204090965414,2.3088002542738271,0,0.028844917465279049,0.019672193573486617,5.6378591954026169e-06,0.028827513168106306,0.019654458024967018,1.7682906650388004e-05,-0.20443034398682489,1.5796144652001027,0.00033702070765410827,-0.2042341673113971,1.5801928763590201,-8.3770224022282569e-05,-0.17558542652154585,1.5992866587735894,0.00034265856684951088,-0.17540665414329079,1.5998473343839872,-6.6087317371894572e-05,0,0,0,0,0,0,0,0,0,0,0,0
control,0,135,675,680,1350000000,1350000000,0,-1,0.01,1,1,0,0,none,0,0,1,1,-0.088486149828964911,1.3217481108297492e-05,0.56583088595738262,0.99995201232447772,-1.0941251812229071e-05,-0.0097965773879071377,-7.7328758867967224e-09,0.00091457808433823245,9.727825174714465e-07,0.00014312231849005714,-1.616888349229955e-06,0.0016098411894552873,-6.1247234236286733e-07,-1.3292176643143212,2.3070096931300541,7.095229926825038e-05,-1.3292161125037609,2.3070111579954395,2.8934039254929505e-05,0.00085774570840718798,0.0013220323118510646,-0.00052056708983755514,0.0008568200806318636,0.0013221031123404833,-0.00050816002447691617,-0.17572315339645941,1.5991411439781249,0.00034175965304743998,-0.17554424504296526,1.5997018400411285,-6.7035999949182062e-05,0.17572315339645941,-1.5991411439781249,-0.00034175965304743998,0.17554424504296526,-1.5997018400411285,6.7035999949182062e-05,-1.3267204090965414,2.3088002542738271,0,-1.3267204090965414,2.3088002542738271,0,0.028680444050746462,0.019503685257498946,4.7426647114026464e-06,0.028663210765686158,0.019486000672139576,1.6727789447366959e-05,-0.20440359744720588,1.5796374587206259,0.00033701698833603735,-0.20420745580865141,1.5802158393689889,-8.3763789396549014e-05,-0.17572315339645941,1.5991411439781249,0.00034175965304743998,-0.17554424504296526,1.5997018400411285,-6.7035999949182062e-05,0,0,0,0,0,0,0,0,0,0,0,0
control,0,136,680,685,1360000000,1360000000,0,-1,0.01,1,1,0,0,none,0,0,1,1,-0.088477509885004996,1.3226465724991268e-05,0.56583223803183047,0.99995208678971081,-1.0948736876321042e-05,-0.009788973645328037,-1.0468365571742829e-08,0.00082928684123216123,8.4833616281414794e-07,0.00012977324489182437,-1.4073612326404887e-06,0.0014597515557006494,-5.5163470633312847e-07,-1.329208948926454,2.3070228674954092,6.6067774914731886e-05,-1.3292074065129202,2.3070243328317965,2.4175088659725037e-05,0.00088350669107600561,0.0013153119921835783,-0.00047249135103737849,0.00088255537696613619,0.0013153410482849761,-0.00045980357513364286,-0.17583914696053593,1.5990164639920066,0.00034081732081516587,-0.17566012327155425,1.5995771857506322,-6.8019386747152682e-05,0.17583914696053593,-1.5990164639920066,-0.00034081732081516587,0.17566012327155425,-1.5995771857506322,6.8019386747152682e-05,-1.3267204090965414,2.3088002542738271,0,-1.3267204090965414,2.3088002542738271,0,0.02853721792233713,0.019355673352739165,3.8042350774493612e-06,0.028520135931096528,0.01933804573193898,1.5737652158764632e-05,-0.20437636488287306,1.5796607906392675,0.00033701308573771651,-0.20418025920265079,1.5802391400186933,-8.3757038905917311e-05,-0.17583914696053593,1.5990164639920066,0.00034081732081516587,-0.17566012327155425,1.5995771857506322,-6.8019386747152682e-05,0,0,0,0,0,0,0,0,0,0,0,0
control,0,137,685,690,1370000000,1370000000,0,-1,0.01,1,1,0,0,none,0,0,1,1,-0.088469752990430764,1.3234181602690218e-05,0.56583345191352907,0.99995215359697109,-1.0955151735868522e-05,-0.0097821468382348793,-1.2906686912134227e-08,0.00073920467717376913,7.2009063831115355e-07,0.0001156770318473746,-1.191651120473161e-06,0.0013012264572670874,-4.8753359153896026e-07,-1.3292000658971144,2.3070358988332984,6.1642338163555457e-05,-1.3291985330512261,2.3070373642217805,1.9877023550386101e-05,0.00089349884635654285,0.0012956865561617713,-0.00042657480164984285,0.00089253674822397766,0.0012956737763344733,-0.00041378323158125534,-0.17593339844148509,1.5989128833809172,0.00033984511066454049,-0.17575428017055994,1.5994736356377925,-6.9024042694574298e-05,0.17593339844148509,-1.5989128833809172,-0.00033984511066454049,0.17575428017055994,-1.5994736356377925,6.9024042694574298e-05,-1.3267204090965414,2.3088002542738271,0,-1.3267204090965414,2.3088002542738271,0,0.028415633337340443,0.019228735452101315,2.8360386334255073e-06,0.028398682333880661,0.019211169960056899,1.472605451394694e-05,-0.20434903177882552,1.579684147928816,0.000337009072031115,-0.20415296250444059,1.5802624656777355,-8.3750097208521238e-05,-0.17593339844148509,1.5989128833809172,0.00033984511066454049,-0.17575428017055994,1.5994736356377925,-6.9024042694574298e-05,0,0,0,0,0,0,0,0,0,0,0,0
control,0,138,690,695,1380000000,1380000000,0,-1,0.01,1,1,0,0,none,0,0,1,1,-0.088462918610998739,1.3240601831797809e-05,0.56583452145098623,0.99995221242247956,-1.0960474630231558e-05,-0.0097761317123385878,-1.5035122551867615e-08,0.00064573344965478889,5.898834569479372e-07,0.00010105284235613731,-9.7283657620759585e-07,0.0011367331350990995,-4.2116705776430538e-07,-1.3291911662419724,2.3070486628962774,5.7653892949835579e-05,-1.3291896429909558,2.3070501279203337,1.601603966565018e-05,0.0008888597190662321,0.0012639649400737881,-0.00038294488317768981,0.00088790079511582177,0.0012639107915463953,-0.00037021591164146394,-0.17600616291279922,1.5988303863518054,0.00033885609172815942,-0.17582697066864444,1.5993911734195985,-7.0037098474113989e-05,0.17600616291279922,-1.5988303863518054,-0.00033885609172815942,0.17582697066864444,-1.5993911734195985,7.0037098474113989e-05,-1.3267204090965414,2.3088002542738271,0,-1.3267204090965414,2.3088002542738271,0,0.028315796166572541,0.019123149120485176,1.8510762739338171e-06,0.028298955540298293,0.019105650054600777,1.3705983682378146e-05,-0.20432195907937176,1.5797072372313203,0.0003370050154542256,-0.20412592620894274,1.5802855233649977,-8.3743082156492141e-05,-0.17600616291279922,1.5988303863518054,0.00033885609172815942,-0.17582697066864444,1.5993911734195985,-7.0037098474113989e-05,0,0,0,0,0,0,0,0,0,0,0,0
control,0,139,695,700,1390000000,1390000000,0,-1,0.01,1,1,0,0,none,0,0,1,1,-0.088457032458768931,1.3245717427795117e-05,0.56583544264208685,0.99995226305962914,-1.0964698854045663e-05,-0.0097709509108323597,-1.6845598137637615e-08,0.00055022844370188854,4.5947464258131482e-07,8.6112415207698144e-05,-7.5386472893714291e-07,0.00096865687440785876,-3.5350214013030063e-07,-1.3291823891284456,2.307061044223679,5.4079265390636186e-05,-1.3291808753661341,2.3070625084745839,1.2567367489848814e-05,0.00087081311015785182,0.0012210749917337701,-0.00034171068898567521,0.00086987027451150025,0.001220980468924643,-0.00032919888895180811,-0.17605793968857433,1.598768695331741,0.00033786273459544976,-0.17587869369345002,1.5993295209923946,-7.1046369649762701e-05,0.17605793968857433,-1.598768695331741,-0.00033786273459544976,0.17587869369345002,-1.5993295209923946,7.1046369649762701e-05,-1.3267204090965414,2.3088002542738271,0,-1.3267204090965414,2.3088002542738271,0,0.028237540717612673,0.019038908114176533,8.6175483209290554e-07,0.028220789823344195,0.019021478887530582,1.2689734200635762e-05,-0.204295480406187,1.5797297872175644,0.00033700097976335688,-0.20409948351679422,1.5803080421048641,-8.3736103850398468e-05,-0.17605793968857433,1.598768695331741,0.00033786273459544976,-0.17587869369345002,1.5993295209923946,-7.1046369649762701e-05,0,0,0,0,0,0,0,0,0,0,0,0
control,0,140,700,705,1400000000,1400000000,0,-1,0.01,1,1,0,0,none,0,0,1,1,-0.088452107041040173,1.3249536446337563e-05,0.56583621354704794,0.99995230541372071,-1.0967832006495666e-05,-0.0097666154573460735,-1.8334506910724504e-08,0.0004539847505657634,3.3052868400388124e-07,7.1057969947369893e-05,-5.3752109882602338e-07,0.00079927703696963854,-2.8546455416781323e-07,-1.3291738611205506,2.3070729372071073,5.0894384552328949e-05,-1.3291723566182845,2.3070744002889936,9.505464734831938e-06,0.00084065031551293975,0.0011680425573688826,-0.00030296180951515053,0.000839735355977655,0.0011679091453485658,-0.0002908088556319656,-0.17608945096921511,1.5987272914868238,0.00033687679888329925,-0.17591017083635299,1.5992881589596071,-7.2040460484744053e-05,0.17608945096921511,-1.5987272914868238,-0.00033687679888329925,0.17591017083635299,-1.5992881589596071,7.2040460484744053e-05,-1.3267204090965414,2.3088002542738271,0,-1.3267204090965414,2.3088002542738271,0,0.028180448814840397,0.018975740964584303,-1.202248899411579e-07,0.028163767226950086,0.018958384099979055,1.16888033611487e-05,-0.20426989978405549,1.5797515505222395,0.00033699702377324039,-0.20407393806330307,1.5803297748596281,-8.372926384589275e-05,-0.17608945096921511,1.5987272914868238,0.00033687679888329925,-0.17591017083635299,1.5992881589596071,-7.2040460484744053e-05,0,0,0,0,0,0,0,0,0,0,0,0
control,0,141,705,710,1410000000,1410000000,0,-1,0.01,1,1,0,0,none,0,0,1,1,-0.088448142336050153,1.3252082931197712e-05,0.56583683418190289,0.99995233949576467,-1.0969895100455837e-05,-0.0097631253504213821,-1.9502488643440894e-08,0.00035822523213617269,2.0459871832349459e-07,5.6080360417136035e-05,-3.264031702144162e-07,0.00063074588415657862,-2.1792953235061943e-07,-1.329165695609817,2.3070842469488206,4.8074472282769121e-05,-1.3291642000280579,2.3070857084833509,6.8042157111256183e-06,0.00079971159565284209,0.0011059708969458132,-0.00026676753563809573,0.00079883510938308789,0.0011058005306102663,-0.00025510134345861163,-0.17610161910375491,1.5987054368137519,0.00033590923608207204,-0.1759223236356747,1.599266348732157,-7.3008852052935412e-05,0.17610161910375491,-1.5987054368137519,-0.00033590923608207204,0.1759223236356747,-1.599266348732157,7.3008852052935412e-05,-1.3267204090965414,2.3088002542738271,0,-1.3267204090965414,2.3088002542738271,0,0.028143870765827694,0.01893313155465844,-1.0839649029259477e-06,0.028127238514123083,0.01891584868979829,1.0713802459592897e-05,-0.2042454898695826,1.5797723052590935,0.00033699320098499796,-0.20404956214979778,1.5803505000423588,-8.3722654512528304e-05,-0.17610161910375491,1.5987054368137519,0.00033590923608207204,-0.1759223236356747,1.599266348732157,-7.3008852052935412e-05,0,0,0,0,0,0,0,0,0,0,0,0
control,0,142,710,715,1420000000,1420000000,0,-1,0.01,1,1,0,0,none,0,0,1,1,-0.088445126579272851,1.3253395717820515e-05,0.56583730639504359,0.99995236541549037,-1.0970921550680616e-05,-0.0097604702552817387,-2.0354168412587875e-08,0.00026409011917493866,8.3113018009864807e-08,4.1357482557862596e-05,-1.2289783514946969e-07,0.00046507027489713901,-1.5171383889144701e-07,-1.3291579924286923,2.3070948899175234,4.5594238750966403e-05,-1.3291565053291816,2.3070963495481309,4.4371342428325222e-06,0.00074936809780962275,0.0010360206384900351,-0.00023317640660566754,0.00074853944458730609,0.0010358156582576182,-0.00022211048728307581,-0.17609554283326723,1.5987021974430013,0.00033497010800596385,-0.17591624984206075,1.5992631558402284,-7.3941974451594992e-05,0.17609554283326723,-1.5987021974430013,-0.00033497010800596385,0.17591624984206075,-1.5992631558402284,7.3941974451594992e-05,-1.3267204090965414,2.3088002542738271,0,-1.3267204090965414,2.3088002542738271,0,0.028126947839095501,0.018910341317908631,-2.0194512950065416e-06,0.028110345624801244,0.018893133220967352,9.7743840913040348e-06,-0.20422249067236273,1.5797918561250928,0.00033698955930097039,-0.204026595466862,1.580370022619261,-8.3716358542899034e-05,-0.17609554283326723,1.5987021974430013,0.00033497010800596385,-0.17591624984206075,1.5992631558402284,-7.3941974451594992e-05,0,0,0,0,0,0,0,0,0,0,0,0
control,0,143,715,720,1430000000,1430000000,0,-1,0.01,1,1,0,0,none,0,0,1,1,-0.088443037143801251,1.3253527115807995e-05,0.56583763372937657,0.99995238337369241,-1.0970956060679757e-05,-0.0097586302783723745,-2.0897860900184944e-08,0.00017262826846357808,-3.2636175860779248e-08,2.7052938874216349e-05,7.0837222808545728e-08,0.00030409628238632484,-8.7568998810491523e-08,-1.3291508376407859,2.3071047944080876,4.3428080493284745e-05,-1.3291493584990701,2.3071062518037597,2.3775669626748292e-06,0.00069100443151968018,0.00095939046413236044,-0.00020221608441422367,0.00069023170432353886,0.000959153568857396,-0.0001918491100744143,-0.17607247286917033,1.5987164677996404,0.00033406852089715595,-0.1758931990198293,1.5992774741024147,-7.4831263193644832e-05,0.17607247286917033,-1.5987164677996404,-0.00033406852089715595,0.1758931990198293,-1.5992774741024147,7.4831263193644832e-05,-1.3267204090965414,2.3088002542738271,0,-1.3267204090965414,2.3088002542738271,0,0.028128635883654086,0.018906432692675345,-2.9176199272742394e-06,0.028112045273858979,0.01888929928752206,8.8791854149182679e-06,-0.20420110875282441,1.579810035106965,0.00033698614082443019,-0.20400524429368827,1.5803881748148927,-8.3710448608563095e-05,-0.17607247286917033,1.5987164677996404,0.00033406852089715595,-0.1758931990198293,1.5992774741024147,-7.4831263193644832e-05,0,0,0,0,0,0,0,0,0,0,0,0
control,0,144,720,725,1440000000,1440000000,0,-1,0.01,1,1,0,0,none,0,0,1,1,-0.088441841498186818,1.3252541493876442e-05,0.56583782127265958,0.99995239365404498,-1.0970053428105654e-05,-0.0097575768100423323,-2.1145245986953301e-08,8.4790082106557792e-05,-1.4150146493856288e-07,1.3314958840234558e-05,2.5288818863103063e-07,0.00014949673498898061,-2.6175749491779942e-08,-1.3291443035004049,2.3071139008135448,4.1550277955132205e-05,-1.3291428317185578,2.307115355672118,5.9889403835979542e-07,0.00062600207760089475,0.00087729870125426677,-0.00017389353377713534,0.00062529208986084267,0.00087703289904833635,-0.00016430910628983017,-0.17603378714623286,1.5987469952789164,0.00033321257504362111,-0.17585454782359441,1.5993080503094437,-7.5669200054690841e-05,0.17603378714623286,-1.5987469952789164,-0.00033321257504362111,0.17585454782359441,-1.5993080503094437,7.5669200054690841e-05,-1.3267204090965414,2.3088002542738271,0,-1.3267204090965414,2.3088002542738271,0,0.028147729729960422,0.018920293471505367,-3.7704066976828936e-06,0.028131133329405752,0.018903233871936237,8.0357871029835698e-06,-0.20418151687619326,1.579826701807411,0.00033698298174130402,-0.20398568115300017,1.5804048164375075,-8.3704987157674407e-05,-0.17603378714623286,1.5987469952789164,0.00033321257504362111,-0.17585454782359441,1.5993080503094437,-7.5669200054690841e-05,0,0,0,0,0,0,0,0,0,0,0,0
control,0,145,725,730,1450000000,1450000000,0,-1,0.01,1,1,0,0,none,0,0,1,1,-0.088441498225197382,1.3250513790735457e-05,0.56583787549856057,0.99995239661450297,-1.096827728839623e-05,-0.0097572734208226236,-2.1111021435677266e-08,1.4220716884192946e-06,-2.4248677066191642e-07,2.7557166426359991e-07,4.2159585612241984e-07,2.7616507006999275e-06,3.1860287755713416e-08,-1.3291384485721591,2.3071221617192821,3.9935189730490877e-05,-1.3291369834915412,2.307123613770242,-9.2527538342656825e-07,0.00055572378896632472,0.00079096597104025366,-0.00014819548454852869,0.00055508207768494076,0.00079067452872428874,-0.00013946209843822223,-0.17598096607385183,1.5987924051096818,0.00033240932958849856,-0.17580177527333984,1.5993535090951654,-7.6449338810911496e-05,0.17598096607385183,-1.5987924051096818,-0.00033240932958849856,0.17580177527333984,-1.5993535090951654,7.6449338810911496e-05,-1.3267204090965414,2.3088002542738271,0,-1.3267204090965414,2.3088002542738271,0,0.028182888023962852,0.018950661697979446,-4.5707826917208271e-06,0.028166269623469707,0.018933674249934401,7.2506875369390821e-06,-0.20416385409781468,1.5798417434117022,0.00033698011228021937,-0.20396804489680956,1.580419834845231,-8.3700026347850579e-05,-0.17598096607385183,1.5987924051096818,0.00033240932958849856,-0.17580177527333984,1.5993535090951654,-7.6449338810911496e-05,0,0,0,0,0,0,0,0,0,0,0,0
control,0,146,730,735,1460000000,1460000000,0,-1,0.01,1,1,0,0,none,0,0,1,1,-0.088441958085244549,1.3247527974963818e-05,0.56583780410092732,0.99995239267841063,-1.096569881610025e-05,-0.0097576767970090593,-2.0812538396762707e-08,-7.6736968894332852e-05,-3.3475152530505524e-07,-1.1949974768323317e-05,5.7556253036074971e-07,-0.00013480849868763563,8.6011732025270192e-08,-1.3291333179999643,2.3071295418307951,3.8557440940264611e-05,-1.3291318589138659,2.3071309908375603,-2.2209154709833271e-06,0.00048149911831631668,0.00070159902541494003,-0.00012508915022570665,0.00048092996217155961,0.00070128541720617418,-0.00011726033856085956,-0.17591556808781067,1.5988512250966478,0.00033166478197567536,-0.17573643832998401,1.5994123776861482,-7.7166316537248371e-05,0.17591556808781067,-1.5988512250966478,-0.00033166478197567536,0.17573643832998401,-1.5994123776861482,7.7166316537248371e-05,-1.3267204090965414,2.3088002542738271,0,-1.3267204090965414,2.3088002542738271,0,0.028232658163599461,0.018996150778261146,-5.3127747707940493e-06,0.028216002864635943,0.018979233109391397,6.5292915693379769e-06,-0.20414822625141013,1.5798550743183866,0.00033697755674646943,-0.20395244119461994,1.5804331445767568,-8.3695608106586344e-05,-0.17591556808781067,1.5988512250966478,0.00033166478197567536,-0.17573643832998401,1.5994123776861482,-7.7166316537248371e-05,0,0,0,0,0,0,0,0,0,0,0,0
control,0,147,735,740,1470000000,1470000000,0,-1,0.01,1,1,0,0,none,0,0,1,1,-0.088443165108698138,1.3243675476298125e-05,0.56583761582367831,0.9999523823254266,-1.0962395402751014e-05,-0.009758737701668848,-2.0269425341082424e-08,-0.00014905823564589389,-4.1761265474978847e-07,-2.3263557418569182e-05,7.1365522403905853e-07,-0.00026210678786349272,1.3583139934600508e-07,-1.3291289439135547,2.3071360177475131,3.7392103448292105e-05,-1.3291274900795775,2.3071374635092088,-3.313405920039275e-06,0.00040461118609850849,0.00061037588188281159,-0.00010452317704133746,0.00040411763737399728,0.00061004373801960647,-9.7637827553077227e-05,-0.17583920578380269,1.5989219099532341,0.00033098386144245055,-0.17566014805226049,1.5994831102411311,-7.781585115678851e-05,0.17583920578380269,-1.5989219099532341,-0.00033098386144245055,0.17566014805226049,-1.5994831102411311,7.781585115678851e-05,-1.3267204090965414,2.3088002542738271,0,-1.3267204090965414,2.3088002542738271,0,0.028295501025011934,0.01905527449294352,-5.9914721824207579e-06,0.02827879534037224,0.019038423568389983,5.8759131536656439e-06,-0.20413470680881463,1.5798666354602906,0.00033697533362487132,-0.20393894339263274,1.5804446866727411,-8.3691764310454155e-05,-0.17583920578380269,1.5989219099532341,0.00033098386144245055,-0.17566014805226049,1.5994831102411311,-7.781585115678851e-05,0,0,0,0,0,0,0,0,0,0,0,0
control,0,148,740,745,1480000000,1480000000,0,-1,0.01,1,1,0,0,none,0,0,1,1,-0.088445057701947147,1.3239053609852153e-05,0.56583732028863165,0.99995236608237037,-1.0958449329395163e-05,-0.0097604019477539033,-1.9503205840665845e-08,-0.00021502370221847662,-4.9054444875991189e-07,-3.3584294981116047e-05,8.350053089920355e-07,-0.00037822122719405066,1.8095313491672023e-07,-1.3291253459595826,2.3071415775961945,3.6414865820245652e-05,-1.3291238966116312,2.307143019948914,-4.2273660441506461e-06,0.00032628478154958675,0.00051843234501095967,-8.6428801651131673e-05,0.00032586871077148945,0.00051808540086894052,-8.0511628963183377e-05,-0.17575352289298937,1.5990028649581751,0.00033037043608245224,-0.17557454659506322,1.5995641115137829,-7.8394725812062777e-05,0.17575352289298937,-1.5990028649581751,-0.00033037043608245224,0.17557454659506322,-1.5995641115137829,7.8394725812062777e-05,-1.3267204090965414,2.3088002542738271,0,-1.3267204090965414,2.3088002542738271,0,0.028369815184170238,0.019126471614073937,-6.6030196635171119e-06,0.028353047114920198,0.019109683797653168,5.2937912614043629e-06,-0.2041233380771596,1.5798763933441011,0.00033697345574596935,-0.20392759370998342,1.5804544277161297,-8.3688517073467135e-05,-0.17575352289298937,1.5990028649581751,0.00033037043608245224,-0.17557454659506322,1.5995641115137829,-7.8394725812062777e-05,0,0,0,0,0,0,0,0,0,0,0,0
control,0,149,745,750,1490000000,1490000000,0,-1,0.01,1,1,0,0,none,0,0,1,1,-0.088447569752840072,1.3233764013684226e-05,0.56583692782345885,0.99995234451409565,-1.0953946450973085e-05,-0.0097626113706870965,-1.8536915268195736e-08,-0.00027422550491173689,-5.5317644187148408e-07,-4.284845060004198e-05,9.3900482318818134e-07,-0.00048243368456435886,2.2109160419928213e-07,-1.3291225319436593,2.3071462205381579,3.560219129167643e-05,-1.3291210863034184,2.3071476593557185,-4.9865023313640409e-06,0.00024767585647048697,0.00042684998218755024,-7.0721172092069412e-05,0.00024733800886453427,0.00042649202843366232,-6.5783331149344494e-05,-0.1756601723169163,1.599092468693065,0.00032982733172670018,-0.17548128526691487,1.5996537595958467,-7.8900761877354018e-05,0.1756601723169163,-1.599092468693065,-0.00032982733172670018,0.17548128526691487,-1.5996537595958467,7.8900761877354018e-05,-1.3267204090965414,2.3088002542738271,0,-1.3267204090965414,2.3088002542738271,0,0.028453960380708191,0.01920812985474897,-7.1445987828994569e-06,0.028437119469226932,0.019191400974651995,4.7851172568764369e-06,-0.20411413269762449,1.5798843388383159,0.00033697193050959964,-0.20391840473614178,1.5804623586211948,-8.3685879134230457e-05,-0.1756601723169163,1.599092468693065,0.00032982733172670018,-0.17548128526691487,1.5996537595958467,-7.8900761877354018e-05,0,0,0,0,0,0,0,0,0,0,0,0
control,0,150,750,755,1500000000,1500000000,0,-1,0.01,1,1,0,0,none,0,0,1,1,-0.08845063172203832,1.322791111874381e-05,0.56583644929182719,0.99995231821447694,-1.0948974908530286e-05,-0.0097653047885760055,-1.7394721472871563e-08,-0.00032636402054425461,-6.0528944702288534e-07,-5.1009134771043235e-05,1.0252996969260096e-06,-0.00057421650747309187,2.5604100899491496e-07,-1.3291204985691323,2.307149956165127,3.4931462246553387e-05,-1.3291190558569286,2.3071513913593407,-5.6134707994894319e-06,0.00016986246440904663,0.00033664559503185164,-5.730081901875948e-05,0.00016960252533294566,0.0003362804291505223,-5.3340641748291546e-05,-0.17556079543401396,1.5991890946523233,0.00032935636243648799,-0.17538200385562749,1.5997504275322478,-7.9332781003723084e-05,0.17556079543401396,-1.5991890946523233,-0.00032935636243648799,0.17538200385562749,-1.5997504275322478,7.9332781003723084e-05,-1.3267204090965414,2.3088002542738271,0,-1.3267204090965414,2.3088002542738271,0,0.028546279974476625,0.019298608911853411,-7.6143977230280417e-06,0.028529357336646338,0.019281934330111068,4.3510733272614071e-06,-0.20410707540849057,1.5798904857404699,0.00033697076015951603,-0.20391136119227382,1.5804684932021367,-8.3683854330984488e-05,-0.17556079543401396,1.5991890946523233,0.00032935636243648799,-0.17538200385562749,1.5997504275322478,-7.9332781003723084e-05,0,0,0,0,0,0,0,0,0,0,0,0
control,0,151,755,760,1510000000,1510000000,0,-1,0.01,1,1,0,0,none,0,0,1,1,-0.088454171707834719,1.322160066886881e-05,0.56583589592763095,0.99995228779760659,-1.0943623884092823e-05,-0.0097684189391048643,-1.6101554009873474e-08,-0.00037124474256875883,-6.468098809097092e-07,-5.8035824227627064e-05,1.0937801056332693e-06,-0.00065322703086212973,2.8567292615933141e-07,-1.3291192322580367,2.307152803798751,3.438111002843145e-05,-1.3291177917029977,2.3071542353192176,-6.1297551781787832e-06,9.3837167319936175e-05,0.00024876220555943609,-4.6055234405519631e-05,9.3653836568220546e-05,0.00024839358595899624,-4.3059077120559866e-05,-0.17545700284749938,1.599291131547715,0.00032895837081429584,-0.17527831139595534,1.5998525036290929,-7.9690557743795082e-05,0.17545700284749938,-1.599291131547715,-0.00032895837081429584,0.17527831139595534,-1.5998525036290929,7.9690557743795082e-05,-1.3267204090965414,2.3088002542738271,0,-1.3267204090965414,2.3088002542738271,0,0.028645122186963835,0.019396262392573856,-8.0115712882534523e-06,0.028628110522622999,0.019379637076375193,3.9918804094816283e-06,-0.20410212503446321,1.5798948691551411,0.0003369699421025493,-0.20390642191857833,1.5804728665527177,-8.3682438153276711e-05,-0.17545700284749938,1.599291131547715,0.00032895837081429584,-0.17527831139595534,1.5998525036290929,-7.9690557743795082e-05,0,0,0,0,0,0,0,0,0,0,0,0
control,0,152,760,765,1520000000,1520000000,0,-1,0.01,1,1,0,0,none,0,0,1,1,-0.088458116473090861,1.3214938306830909e-05,0.56583527917505438,0.99995225388927678,-1.0937982411696037e-05,-0.0097718893831237764,-1.4682745919576108e-08,-0.00040877406865858184,-6.7780256223612787e-07,-6.3913713682534372e-05,1.1445682630692943e-06,-0.00071930016971439518,3.0993330024048947e-07,-1.3291187100395563,2.3071547917090669,3.3930729065857838e-05,-1.3291172708889825,2.3071562195425295,-6.5555617680488109e-06,2.0500911529226086e-05,0.00016406157937226464,-3.6860554201717954e-05,2.0391985189507128e-05,0.00016369318191942746,-3.4803735310174801e-05,-0.17535035671497315,1.5993970021226169,0.00032863327825598113,-0.17517176851769048,1.5999584102714286,-7.9974763062858712e-05,0.17535035671497315,-1.5993970021226169,-0.00032863327825598113,0.17517176851769048,-1.5999584102714286,7.9974763062858712e-05,-1.3267204090965414,2.3088002542738271,0,-1.3267204090965414,2.3088002542738271,0,0.028748859948884393,0.019499458408063636,-8.336191009671453e-06,0.028731753531508093,0.019482877002691992,3.706855295923383e-06,-0.20409921666385755,1.5798975437145533,0.0003369694692656526,-0.20390352204919857,1.5804755332687366,-8.3681618358782094e-05,-0.17535035671497315,1.5993970021226169,0.00032863327825598113,-0.17517176851769048,1.5999584102714286,-7.9974763062858712e-05,0,0,0,0,0,0,0,0,0,0,0,0
control,0,153,765,770,1530000000,1530000000,0,-1,0.01,1,1,0,0,none,0,0,1,1,-0.088462392424119893,1.3208028240648692e-05,0.56583461053602946,0.99995221711882776,-1.0932138256504804e-05,-0.0097756513659851864,-1.3163691776155644e-08,-0.00043895411935215725,-6.9846215879554903e-07,-6.8642918281702222e-05,1.1780039506485665e-06,-0.0007724393066492703,3.2883870498331015e-07,-1.3291189004913768,2.3071559562671569,3.3561174602615751e-05,-1.3291174620192661,2.3071573804364349,-6.9097315049505573e-06,-4.9341637025367054e-05,8.3318264810456472e-05,-2.9583294372650294e-05,-4.9379179020031468e-05,8.2953642232686198e-05,-2.8431106226023779e-05,-0.17524235478180039,1.5995051803563094,0.00032838014282196885,-0.17506387149528393,1.6000666211303347,-8.0186900880931439e-05,0.17524235478180039,-1.5995051803563094,-0.00032838014282196885,0.17506387149528393,-1.6000666211303347,8.0186900880931439e-05,-1.3267204090965414,2.3088002542738271,0,-1.3267204090965414,2.3088002542738271,0,0.02885590919356272,0.019606598682826815,-8.5891876621522112e-06,0.028838703841225603,0.01959005558535671,3.4944747627863561e-06,-0.2040982639753631,1.5798985816734825,0.00033696933048412109,-0.20390257533650955,1.580476565544978,-8.3681375643717792e-05,-0.17524235478180039,1.5995051803563094,0.00032838014282196885,-0.17506387149528393,1.6000666211303347,-8.0186900880931439e-05,0,0,0,0,0,0,0,0,0,0,0,0
control,0,154,770,775,1540000000,1540000000,0,-1,0.01,1,1,0,0,none,0,0,1,1,-0.088466926532564993,1.3200972002589845e-05,0.56583390142647327,0.999952178111429,-1.0926176872450109e-05,-0.0097796406287527678,-1.156952532530202e-08,-0.00046187671169189347,-7.0910346608820873e-07,-7.2237545223223116e-05,1.1946280940655799e-06,-0.00081280569235195495,3.424719276184434e-07,-1.3291197647195443,2.3071563410469742,3.3254643630325554e-05,-1.3291183262342152,2.3071577616095116,-7.2096694685014659e-06,-0.00011498533075772074,7.2151189640164447e-06,-2.4082121905006835e-05,-0.00011495523278033814,6.8576635189898355e-06,-2.3790900217871978e-05,-0.17513441620459708,1.5996142069533945,0.00032819722392046758,-0.17495603808592025,1.6001756766542796,-8.0329238503913907e-05,0.17513441620459708,-1.5996142069533945,-0.00032819722392046758,0.17495603808592025,-1.6001756766542796,8.0329238503913907e-05,-1.3267204090965414,2.3088002542738271,0,-1.3267204090965414,2.3088002542738271,0,0.028964745472170941,0.019716136043788374,-8.7722869938473239e-06,0.02894743850125597,0.01969962547650736,3.3524458514440391e-06,-0.20409916167676803,1.5798980709096062,0.00033696951091431493,-0.20390347658717622,1.5804760511777722,-8.3681684355357947e-05,-0.17513441620459708,1.5996142069533945,0.00032819722392046758,-0.17495603808592025,1.6001756766542796,-8.0329238503913907e-05,0,0,0,0,0,0,0,0,0,0,0,0
control,0,155,775,780,1550000000,1550000000,0,-1,0.01,1,1,0,0,none,0,0,1,1,-0.088471647192579744,1.3193867311419577e-05,0.56583316304249864,0.9999521374808571,-1.0920180447223711e-05,-0.0097837941625124655,-9.9248196114681196e-09,-0.00047771661436479655,-7.1015070588678199e-07,-7.4724653540587395e-05,1.1951647046421533e-06,-0.00084070658123943114,3.5097698631436411e-07,-1.3291212573628495,2.3071559958909473,3.299473883278122e-05,-1.3291198182136321,2.3071574129370065,-7.4712918588557945e-06,-0.00017582639981697607,-6.3659723130300955e-05,-2.020963565944941e-05,-0.00017573303573975059,-6.4006813493369452e-05,-2.0727869759133103e-05,-0.17502786922360497,1.5997227030388643,0.00032808205259747715,-0.17484959521473753,1.6002841977655013,-8.0404732189777502e-05,0.17502786922360497,-1.5997227030388643,-0.00032808205259747715,0.17484959521473753,-1.6002841977655013,8.0404732189777502e-05,-1.3267204090965414,2.3088002542738271,0,-1.3267204090965414,2.3088002542738271,0,0.029073918795421969,0.019826590179252302,-8.8879398668618955e-06,0.029056508958697901,0.019810106262086985,3.2777810456133937e-06,-0.20410178801902693,1.5798961128596121,0.00033696999246433907,-0.20390610417343544,1.5804740915034143,-8.3682513235390889e-05,-0.17502786922360497,1.5997227030388643,0.00032808205259747715,-0.17484959521473753,1.6002841977655013,-8.0404732189777502e-05,0,0,0,0,0,0,0,0,0,0,0,0
control,0,156,780,785,1560000000,1560000000,0,-1,0.01,1,1,0,0,none,0,0,1,1,-0.088476485006889843,1.3186807046548589e-05,0.56583240623760178,0.99995209582282274,-1.0914227041878991e-05,-0.0097880509001336564,-8.2533120240412746e-09,-0.00048672421175798892,-7.0212603583332628e-07,-7.6143121155539586e-05,1.1805015024094391e-06,-0.0008565823264088967,3.545536728367112e-07,-1.3291233276083187,2.3071549759534364,3.2766515580498682e-05,-1.3291218871912893,2.3071563896039766,-7.708990240141809e-06,-0.00023136299379454127,-0.00012881449512929161,-1.7814133942167303e-05,-0.00023121127054386253,-0.00012914824690302875,-1.9083601863015498e-05,-0.17492394071847481,1.599829382007576,0.0003280315062592877,-0.17474576854165619,1.6003908977101171,-8.0416949017998312e-05,0.17492394071847481,-1.599829382007576,-0.0003280315062592877,0.17474576854165619,-1.6003908977101171,8.0416949017998312e-05,-1.3267204090965414,2.3088002542738271,0,-1.3267204090965414,2.3088002542738271,0,0.029182066632019638,0.019936561587381506,-8.9392479770412384e-06,0.029164554042790457,0.019920098408559916,3.2668771651933176e-06,-0.20410600735049444,1.5798928204201945,0.00033697075423632896,-0.20391032258444663,1.5804707993015572,-8.3683826183191635e-05,-0.17492394071847481,1.599829382007576,0.0003280315062592877,-0.17474576854165619,1.6003908977101171,-8.0416949017998312e-05,0,0,0,0,0,0,0,0,0,0,0,0
control,0,157,785,790,1570000000,1570000000,0,-1,0.01,1,1,0,0,none,0,0,1,1,-0.0884813734965854,1.3179878340829863e-05,0.56583164141164033,0.99995205370889506,-1.0908389830680213e-05,-0.0097923523409460759,-6.5776562328095398e-09,-0.00048921770358608427,-6.8563746001762717e-07,-7.6542438377636194e-05,1.1516695443465906e-06,-0.00086099265658283475,3.5345172075296139e-07,-1.3291259202050707,2.3071533407354652,3.2556512227927261e-05,-1.3291244779678213,2.3071547511397434,-7.9356126419342514e-06,-0.00028119448003836829,-0.00018785413244962141,-1.674134699846396e-05,-0.00028098974088838031,-0.00018817182270209913,-1.8698260053369148e-05,-0.17482374765543721,1.5999330595006842,0.00032804188665579371,-0.17464567391758809,1.6004945920343268,-8.0369986233282286e-05,0.17482374765543721,-1.5999330595006842,-0.00032804188665579371,0.17464567391758809,-1.6004945920343268,8.0369986233282286e-05,-1.3267204090965414,2.3088002542738271,0,-1.3267204090965414,2.3088002542738271,0,0.029287925022408769,0.020044743659017025,-8.9298863184549799e-06,0.029270311066690927,0.020028295343056658,3.3155967952487325e-06,-0.20411167267784597,1.5798883158416672,0.00033697177297424866,-0.20391598498427901,1.5804662966912701,-8.3685583028531021e-05,-0.17482374765543721,1.5999330595006842,0.00032804188665579371,-0.17464567391758809,1.6004945920343268,-8.0369986233282286e-05,0,0,0,0,0,0,0,0,0,0,0,0
control,0,158,790,795,1580000000,1580000000,0,-1,0.01,1,1,0,0,none,0,0,1,1,-0.088486249730749117,1.317316179687451e-05,0.56583087841222246,0.99995201168106285,-1.0902736445248988e-05,-0.0097966431049012377,-4.9192025294118014e-09,-0.00048557496451248942,-6.613663265291533e-07,-7.5981446787804985e-05,1.1098221694735956e-06,-0.00085460235388668687,3.4796469287693821e-07,-1.329128976464603,2.3071511531233777,3.2352764162788837e-05,-1.32912753191005,2.3071525604563101,-8.1624609207689635e-06,-0.00032501958309927352,-0.00024047937365463887,-1.6836114672295655e-05,-0.00032476751184128442,-0.0002407785520733392,-1.9412257014548908e-05,-0.17472829041086713,1.6000326615061196,0.0003281089999962017,-0.17455031071528593,1.6005942066840839,-8.0268389176831344e-05,0.17472829041086713,-1.6000326615061196,-0.0003281089999962017,0.17455031071528593,-1.6005942066840839,8.0268389176831344e-05,-1.3267204090965414,2.3088002542738271,0,-1.3267204090965414,2.3088002542738271,0,0.029390337791388221,0.020149932865874295,-8.8640235152218676e-06,0.02937262502986419,0.020133493638313394,3.4193511269581346e-06,-0.20411862820225535,1.5798827286402453,0.00033697302351142356,-0.20392293574515011,1.5804607130457706,-8.3687740303789476e-05,-0.17472829041086713,1.6000326615061196,0.0003281089999962017,-0.17455031071528593,1.6005942066840839,-8.0268389176831344e-05,0,0,0,0,0,0,0,0,0,0,0,0
control,0,159,795,800,1590000000,1590000000,0,-1,0.01,1,1,0,0,none,0,0,1,1,-0.088491054873248182,1.3166730829918803e-05,0.56583012644894293,0.99995197024695937,-1.0897328425514329e-05,-0.0098008714138635381,-3.2978076344249198e-09,-0.00047622518457642249,-6.3005459415665276e-07,-7.4527041889831664e-05,1.0562135664169029e-06,-0.00083816654498192601,3.3842368439631852e-07,-1.3291324352364562,2.3071484784431848,3.2144802236498568e-05,-1.3291309879257056,2.3071498829025159,-8.3993036130478333e-06,-0.00036263345819261098,-0.00028648472207634641,-1.7943991186959164e-05,-0.0003623399853174589,-0.00028676322882978112,-2.1067840782321945e-05,-0.17463844793539599,1.6001272306040013,0.00032822823810079859,-0.17446055699882951,1.6006887842489799,-8.0117068883341867e-05,0.17463844793539599,-1.6001272306040013,-0.00032822823810079859,0.17446055699882951,-1.6006887842489799,8.0117068883341867e-05,-1.3267204090965414,2.3088002542738271,0,-1.3267204090965414,2.3088002542738271,0,0.029488263866266011,0.020251037050821444,-8.7462411116016119e-06,0.029470455927946327,0.020234601298978926,3.5731831230304473e-06,-0.204126711801662,1.5798761935531798,0.00033697447921240021,-0.20393101292677585,1.580454182950001,-8.369025200637232e-05,-0.17463844793539599,1.6001272306040013,0.00032822823810079859,-0.17446055699882951,1.6006887842489799,-8.0117068883341867e-05,0,0,0,0,0,0,0,0,0,0,0,0
control,0,160,800,805,1600000000,1600000000,0,-1,0.01,1,1,0,0,none,0,0,1,1,-0.088495734645198609,1.3160651138500941e-05,0.56582939402071963,0.99995192987577564,-1.0892220778477917e-05,-0.0098049894987138585,-1.7316745991812662e-09,-0.00046164040632210506,-5.9249204217861879e-07,-7.2252857505097229e-05,9.9217725611090126e-07,-0.0008125158094579052,3.2519092897491321e-07,-1.3291362338491937,2.3071453835414242,3.1923636365123749e-05,-1.3291347834034843,2.3071467853447376,-8.6544033605653962e-06,-0.00039392380065368708,-0.00032575536536135949,-1.9912761136859017e-05,-0.00039359501252008881,-0.00032601134479104057,-2.3510579681518041e-05,-0.17455497469963677,1.6002159303957717,0.00032839465955143883,-0.17437716647308898,1.6007774883894157,-7.9921220350483515e-05,0.17455497469963677,-1.6002159303957717,-0.00032839465955143883,0.17437716647308898,-1.6007774883894157,7.9921220350483515e-05,-1.3267204090965414,2.3088002542738271,0,-1.3267204090965414,2.3088002542738271,0,0.02958078273280728,0.020347081836876731,-8.5814528526941727e-06,0.029562884202095081,0.020330644166260122,3.7718499922455211e-06,-0.20413575743244405,1.579868848558895,0.00033697611240413299,-0.20394005067518406,1.5804468442231556,-8.3693070342729037e-05,-0.17455497469963677,1.6002159303957717,0.00032839465955143883,-0.17437716647308898,1.6007774883894157,-7.9921220350483515e-05,0,0,0,0,0,0,0,0,0,0,0,0
control,0,161,805,810,1610000000,1610000000,0,-1,0.01,1,1,0,0,none,0,0,1,1,-0.088500239702734837,1.3154980302512417e-05,0.56582868885631121,0.99995189099487325,-1.0887461644380772e-05,-0.0098089539319378711,-2.372230037320918e-10,-0.00044232706858219955,-5.4950358916255249e-07,-6.9237948836626241e-05,9.1910476724527718e-07,-0.00077854129898006878,3.0865340133622237e-07,-1.3291403090076577,2.3071419359023189,3.1681725229624893e-05,-1.3291388551094214,2.3071433352839392,-8.9345578618469316e-06,-0.00041886609625859978,-0.00035826315920520685,-2.2593853054657602e-05,-0.00041850814824201296,-0.0003584950693162034,-2.6590733521142706e-05,-0.17447849934867662,1.6002980481790068,0.00032860306987578941,-0.17430076714006443,1.6008596065087486,-7.9686242411527642e-05,0.17447849934867662,-1.6002980481790068,-0.00032860306987578941,0.17430076714006443,-1.6008596065087486,7.9686242411527642e-05,-1.3267204090965414,2.3088002542738271,0,-1.3267204090965414,2.3088002542738271,0,0.029667098077782793,0.020437215196906271,-8.3748249161545886e-06,0.029649114376922941,0.020420770482628452,4.0099040346112151e-06,-0.20414559742645941,1.5798608329821004,0.00033697789479194401,-0.20394988151698737,1.5804388360261201,-8.3696146446138859e-05,-0.17447849934867662,1.6002980481790068,0.00032860306987578941,-0.17430076714006443,1.6008596065087486,-7.9686242411527642e-05,0,0,0,0,0,0,0,0,0,0,0,0
control,0,162,810,815,1620000000,1620000000,0,-1,0.01,1,1,0,0,none,0,0,1,1,-0.088504525930774902,1.3149767506600176e-05,0.56582801786793036,0.99995185398709951,-1.0883092068518114e-05,-0.0098127258863023592,1.1710107243931355e-09,-0.00041881765985803625,-5.0193687502051106e-07,-6.5565490381434366e-05,8.3842476541753551e-07,-0.00073718004837221849,2.8921648376397734e-07,-1.3291445976385559,2.3071382028099556,3.1412933125591509e-05,-1.3291431400316371,2.3071396000177775,-9.2451531931345884e-06,-0.00043751812376259687,-0.00038406178356981217,-2.5843638526129933e-05,-0.00043713715814056617,-0.00038426840143674854,-3.016450027370579e-05,-0.17440952497236004,1.6003729959433932,0.0003288480998448034,-0.17423186156949777,1.6009345507462385,-7.9417660089611811e-05,0.17440952497236004,-1.6003729959433932,-0.0003288480998448034,0.17423186156949777,-1.6009345507462385,7.9417660089611811e-05,-1.3267204090965414,2.3088002542738271,0,-1.3267204090965414,2.3088002542738271,0,0.029746539689817022,0.020520710241811985,-8.1316980113709548e-06,0.029728476958359337,0.02050425367474977,4.281770971625666e-06,-0.20415606466217706,1.5798522857015813,0.00033697979785617436,-0.20396033852785711,1.5804302970714887,-8.3699431061237472e-05,-0.17440952497236004,1.6003729959433932,0.0003288480998448034,-0.17423186156949777,1.6009345507462385,-7.9417660089611811e-05,0,0,0,0,0,0,0,0,0,0,0,0
control,0,163,815,820,1630000000,1630000000,0,-1,0.01,1,1,0,0,none,0,0,1,1,-0.088508554654456895,1.3145053385419346e-05,0.56582738711771519,0.99995181918880172,-1.0879145875706161e-05,-0.0098162713210887091,2.4804434145224523e-09,-0.00039166257648517809,-4.5065024904571069e-07,-6.1321503611703112e-05,7.5158287338993369e-07,-0.00068940064620053975,2.6729778610400128e-07,-1.3291490376775403,2.3071342505630841,3.1112475111748348e-05,-1.3291475761666274,2.307135645855372,-9.590228256436477e-06,-0.00045001382115552181,-0.00040328118452060297,-2.9524607617099411e-05,-0.00044961589045304918,-0.00040346160770556179,-3.4095130274170389e-05,-0.174348430887764,1.6004403097817104,0.00032912428107327032,-0.17417082868011186,1.6010018573845155,-7.9121050198461494e-05,0.174348430887764,-1.6004403097817104,-0.00032912428107327032,0.17417082868011186,-1.6010018573845155,7.9121050198461494e-05,-1.3267204090965414,2.3088002542738271,0,-1.3267204090965414,2.3088002542738271,0,0.02981856370372013,0.020596966305696802,-7.8575121526695336e-06,0.029800428676710913,0.020580493433019067,4.5818249906394626e-06,-0.20416699459148413,1.5798433434760135,0.00033698179322593988,-0.20397125735682275,1.5804213639514963,-8.3702875189100952e-05,-0.174348430887764,1.6004403097817104,0.00032912428107327032,-0.17417082868011186,1.6010018573845155,-7.9121050198461494e-05,0,0,0,0,0,0,0,0,0,0,0,0
control,0,164,820,825,1640000000,1640000000,0,-1,0.01,1,1,0,0,none,0,0,1,1,-0.088512292770822523,1.3140869985887331e-05,0.56582680179667399,0.99995178688852748,-1.0875649643272426e-05,-0.0098195610981462924,3.6804865795288239e-09,-0.00036142227227938775,-3.9650129382784581e-07,-5.6593628184397144e-05,6.6002240195947274e-07,-0.00063618941753998675,2.43321177087391e-07,-1.3291535687920681,2.307130143749013,3.0776851687053664e-05,-1.3291521032413924,2.3071315373912098,-9.9725490440985093e-06,-0.00045655662925438997,-0.00041612141520704147,-3.3506412738538999e-05,-0.00045614762565859048,-0.00041627505934321455,-3.8253901329697199e-05,-0.1742954758164274,1.6004996478213607,0.00032942611815771534,-0.17411792691415706,1.6010611847772438,-7.8801970907853213e-05,0.1742954758164274,-1.6004996478213607,-0.00032942611815771534,0.17411792691415706,-1.6010611847772438,7.8801970907853213e-05,-1.3267204090965414,2.3088002542738271,0,-1.3267204090965414,2.3088002542738271,0,0.029882751290202104,0.020665508420578897,-7.5577348691891491e-06,0.029864551176699939,0.02064901518042208,4.9044597797144123e-06,-0.2041782271066295,1.5798341394007818,0.00033698385302690449,-0.20398247809085701,1.5804121695968216,-8.3706430687567629e-05,-0.1742954758164274,1.6004996478213607,0.00032942611815771534,-0.17411792691415706,1.6010611847772438,-7.8801970907853213e-05,0,0,0,0,0,0,0,0,0,0,0,0
control,0,165,825,830,1650000000,1650000000,0,-1,0.01,1,1,0,0,none,0,0,1,1,-0.088515712804137586,1.3137240840377157e-05,0.56582626621559751,0.99995175732638764,-1.0872622767417515e-05,-0.009822571030744907,4.7625603406806654e-09,-0.0003286597773835104,-3.4033600022590875e-07,-5.1469949081787293e-05,5.6516618372169901e-07,-0.00057853725576839752,2.1771109310319395e-07,-1.3291581330354578,2.3071259445819368,3.0403774285845018e-05,-1.3291566633668281,2.3071273368435157,-1.0393691363099366e-05,-0.00045741242473776008,-0.00042284598994606461,-3.7666775880252937e-05,-0.00045699801604383381,-0.00042297258269308815,-4.2520951047495483e-05,-0.17425080233058435,1.6005507867939777,0.0003297481567087575,-0.17407329867967017,1.6011123099145903,-7.8465895861052389e-05,0.17425080233058435,-1.6005507867939777,-0.0003297481567087575,0.17407329867967017,-1.6011123099145903,7.8465895861052389e-05,-1.3267204090965414,2.3088002542738271,0,-1.3267204090965414,2.3088002542738271,0,0.029938805904103343,0.020725985287602791,-7.2377934917408571e-06,0.029920548267506251,0.020709468037776357,5.2441549613045838e-06,-0.20418960823468768,1.5798248015063749,0.00033698595020049835,-0.20399384694717643,1.5804028418768139,-8.3710050822356967e-05,-0.17425080233058435,1.6005507867939777,0.0003297481567087575,-0.17407329867967017,1.6011123099145903,-7.8465895861052389e-05,0,0,0,0,0,0,0,0,0,0,0,0
control,0,166,830,835,1660000000,1660000000,0,-1,0.01,1,1,0,0,none,0,0,1,1,-0.088518792888960848,1.3134181143721791e-05,0.56582578380730619,0.99995173069405607,-1.0870077616903328e-05,-0.009825281868840326,5.7200813207413706e-09,-0.00029393365462814745,-2.8297869439064639e-07,-4.6037890714444848e-05,4.6839967907077149e-07,-0.00051742722375668461,1.9088717893378486e-07,-1.3291626754286725,2.3071217123098977,2.9992082920401103e-05,-1.3291612016189054,2.3071231034612958,-1.0854130635429615e-05,-0.00045290215338548393,-0.00042377486368875303,-4.1892255565959682e-05,-0.00045248772585915214,-0.00042387443527545335,-4.6785963994753224e-05,-0.17421444243412798,1.6005936173692505,0.00033008504669469605,-0.17403697592632081,1.6011551237526429,-7.8118153375045411e-05,0.17421444243412798,-1.6005936173692505,-0.00033008504669469605,0.17403697592632081,-1.6011551237526429,7.8118153375045411e-05,-1.3267204090965414,2.3088002542738271,0,-1.3267204090965414,2.3088002542738271,0,0.029986549215651078,0.020778165862685431,-6.9030120978223461e-06,0.029968241857156186,0.020761621403288546,5.5955373903665454e-06,-0.20420099164977906,1.5798154515065652,0.00033698805879251841,-0.20400521778347699,1.5803935023493543,-8.3713690765411955e-05,-0.17421444243412798,1.6005936173692505,0.00033008504669469605,-0.17403697592632081,1.6011551237526429,-7.8118153375045411e-05,0,0,0,0,0,0,0,0,0,0,0,0
control,0,167,835,840,1670000000,1670000000,0,-1,0.01,1,1,0,0,none,0,0,1,1,-0.088521516685697785,1.313169802598229e-05,0.56582535713950799,0.99995170713536818,-1.0868019767249688e-05,-0.0098276792249183328,6.5484262075490376e-09,-0.00025779145210102968,-2.2522280254087059e-07,-4.0383187479611719e-05,3.7105549789302886e-07,-0.00045382302785548859,1.6325930747828181e-07,-1.3291671444674338,2.3071175026934783,2.9541657322517571e-05,-1.3291656665452583,2.3071188930031448,-1.1353337381408201e-05,-0.00044339427029847886,-0.00041927714723722482,-4.6078872158998723e-05,-0.00044298487872718032,-0.00041935001785008065,-5.0948713610846874e-05,-0.174186324139955,1.6006281383873031,0.00033043160062074005,-0.17400888671651496,1.6011896254411746,-7.7763871142795996e-05,0.174186324139955,-1.6006281383873031,-0.00033043160062074005,0.17400888671651496,-1.6011896254411746,7.7763871142795996e-05,-1.3267204090965414,2.3088002542738271,0,-1.3267204090965414,2.3088002542738271,0,0.030025915856155917,0.02082193468504152,-6.5585535888053343e-06,0.030007566702692608,0.020805360274962749,5.9534368949648042e-06,-0.20421223999611091,1.5798062037022615,0.00033699015420954537,-0.20401645341920757,1.5803842651662119,-8.3717308037760797e-05,-0.174186324139955,1.6006281383873031,0.00033043160062074005,-0.17400888671651496,1.6011896254411746,-7.7763871142795996e-05,0,0,0,0,0,0,0,0,0,0,0,0
control,0,168,840,845,1680000000,1680000000,0,-1,0.01,1,1,0,0,none,0,0,1,1,-0.088523873233904232,1.3129790912171275e-05,0.56582498793745239,0.99995168674747925,-1.0866448307983842e-05,-0.0098297534450479812,7.244872891356567e-09,-0.00022076370086234772,-1.6782252324857058e-07,-3.4588938778027817e-05,2.7439945336095229e-07,-0.00038865845094984198,1.3522301775328165e-07,-1.3291714925533302,2.3071133675582445,2.9053322939636473e-05,-1.3291700105958322,2.3071147572898294,-1.1889877001675738e-05,-0.00042929709017364083,-0.00040976366441112377,-5.0132591714418485e-05,-0.00042889741523059781,-0.00040981042873580579,-5.491946033112323e-05,-0.17416627890088965,1.6006544501282725,0.0003307828461459362,-0.17398886264931052,1.6012159155886094,-7.740792677797e-05,0.17416627890088965,-1.6006544501282725,-0.0003307828461459362,0.17398886264931052,-1.6012159155886094,7.740792677797e-05,-1.3267204090965414,2.3088002542738271,0,-1.3267204090965414,2.3088002542738271,0,0.030056947116725991,0.020857286083607787,-6.2093672961700166e-06,0.030038564114334816,0.020840679451075744,6.312936117058883e-06,-0.20422322601761564,1.5797971640446646,0.00033699221344210621,-0.20402742676364533,1.5803752361375336,-8.3720862895028886e-05,-0.17416627890088965,1.6006544501282725,0.0003307828461459362,-0.17398886264931052,1.6012159155886094,-7.740792677797e-05,0,0,0,0,0,0,0,0,0,0,0,0
control,0,169,845,850,1690000000,1690000000,0,-1,0.01,1,1,0,0,none,0,0,1,1,-0.088525856749036458,1.3128451959510843e-05,0.56582467711549289,0.99995166958253434,-1.0865356214974147e-05,-0.0098314994301549104,7.8085212499620517e-09,-0.00018335849700138826,-1.11485462860341e-07,-2.8734755030053198e-05,1.7961824069606143e-07,-0.00032282781367271452,1.0715540383736413e-07,-1.3291756763485698,2.3071093544219177,2.8528753127474181e-05,-1.3291741904772556,2.3071107438316307,-1.2461512499068105e-05,-0.00041105114546012968,-0.00039567945238949687,-5.396967061469672e-05,-0.00041066545849006232,-0.00039570096158089431,-5.8619209302108267e-05,-0.17415404975004412,1.6006727467607009,0.00033113407284647252,-0.17397664699288115,1.6012341887056514,-7.7054904439722712e-05,0.17415404975004412,-1.6006727467607009,-0.00033113407284647252,0.17397664699288115,-1.6012341887056514,7.7054904439722712e-05,-1.3267204090965414,2.3088002542738271,0,-1.3267204090965414,2.3088002542738271,0,0.030079783742530772,0.020884317401497043,-5.8601424075074187e-06,0.030061374756305142,0.020867676748727425,6.6694142148258454e-06,-0.20423383349257487,1.5797884293592039,0.00033699421525397997,-0.20403802174918628,1.5803665119569239,-8.3724318654548562e-05,-0.17415404975004412,1.6006727467607009,0.00033113407284647252,-0.17397664699288115,1.6012341887056514,-7.7054904439722712e-05,0,0,0,0,0,0,0,0,0,0,0,0
control,0,170,850,855,1700000000,1700000000,0,-1,0.01,1,1,0,0,none,0,0,1,1,-0.088527466368677699,1.3127666562349599e-05,0.56582442481662054,0.99995165564979938,-1.0864730779500621e-05,-0.0098329164128200496,8.2401957852136594e-09,-0.00014605669764715425,-5.6866272612007233e-08,-2.2895999551231152e-05,8.7808804572226375e-08,-0.00025717751602366546,7.9411480551515305e-08,-1.3291796570549743,2.3071055061962769,2.7970368852184952e-05,-1.3291781674315224,2.3071068955304415,-1.3065308822386901e-05,-0.00038912164310262061,-0.0003774963019379189,-5.7516864531089637e-05,-0.00038875377825980874,-0.00037749364335787382,-6.1979832446517003e-05,-0.17414930000824516,1.6006833081131808,0.00033148087290839329,-0.17397190338352855,1.6012447249722177,-7.6709057694740695e-05,0.17414930000824516,-1.6006833081131808,-0.00033148087290839329,0.17397190338352855,-1.6012447249722177,7.6709057694740695e-05,-1.3267204090965414,2.3088002542738271,0,-1.3267204090965414,2.3088002542738271,0,0.030094657965848568,0.020903221383509425,-5.5152674291010034e-06,0.030076230687161282,0.020886545385664118,7.0185842690419201e-06,-0.20424395797409373,1.5797800867296714,0.00033699614033749428,-0.20404813407068983,1.5803581795865536,-8.3727641963782622e-05,-0.17414930000824516,1.6006833081131808,0.00033148087290839329,-0.17397190338352855,1.6012447249722177,-7.6709057694740695e-05,0,0,0,0,0,0,0,0,0,0,0,0
control,0,171,855,860,1710000000,1710000000,0,-1,0.01,1,1,0,0,none,0,0,1,1,-0.088528705854511364,1.3127413914559286e-05,0.56582423045898422,0.99995164491819932,-1.0864554085461737e-05,-0.0098340076951205051,8.5423324131809144e-09,-0.00010930775114405221,-4.5613126842224007e-09,-1.7143129865882295e-05,-3.0562600169998331e-11,-0.00019249869506363418,5.2321040429159217e-08,-1.3291834006186816,2.3071018609628759,2.7381237171996101e-05,-1.3291819074404585,2.3071032504556954,-1.3697737567741093e-05,-0.00036399110554484037,-0.00035570542586190829,-6.0711506843521013e-05,-0.00036364443916014829,-0.00035567990093208899,-6.4944060962477003e-05,-0.17415162241556514,1.6006864909102987,0.00033181917562565835,-0.17397422494830497,1.6012478814687841,-7.6374278692065286e-05,0.17415162241556514,-1.6006864909102987,-0.00033181917562565835,0.17397422494830497,-1.6012478814687841,7.6374278692065286e-05,-1.3267204090965414,2.3088002542738271,0,-1.3267204090965414,2.3088002542738271,0,0.030101884923998873,0.020914277870206284,-5.1787958094227785e-06,0.030083446785745038,0.020897565668977911,7.3565243184461773e-06,-0.20425350733956402,1.5797722130400924,0.0003369979714350811,-0.20405767173405001,1.5803503157998062,-8.3730803010511465e-05,-0.17415162241556514,1.6006864909102987,0.00033181917562565835,-0.17397422494830497,1.6012478814687841,-7.6374278692065286e-05,0,0,0,0,0,0,0,0,0,0,0,0
control,0,172,860,865,1720000000,1720000000,0,-1,0.01,1,1,0,0,none,0,0,1,1,-0.088529583256458211,1.3127667619069904e-05,0.56582409278839285,0.99995163731920556,-1.0864803525984963e-05,-0.0098347803531598482,8.7188517659596625e-09,-7.3526172617551208e-05,4.4895646810191799e-08,-1.1541140381874379e-05,-8.3007376383579807e-08,-0.00012952101855149409,2.6186014860034517e-08,-1.3291868778628289,2.3070984518207962,2.6764969710761318e-05,-1.3291853813582393,2.3070998416923514,-1.4354780840988446e-05,-0.00033615227205222216,-0.00033081033899086187,-6.3501463084172287e-05,-0.00033582970905038221,-0.00033076343947897869,-6.7465355902108544e-05,-0.17416054855088936,1.600682719614916,0.00033214527566873583,-0.17398314371530954,1.601244083014147,-7.6054073628507765e-05,0.17416054855088936,-1.600682719614916,-0.00033214527566873583,0.17398314371530954,-1.601244083014147,7.6054073628507765e-05,-1.3267204090965414,2.3088002542738271,0,-1.3267204090965414,2.3088002542738271,0,0.030101853603527396,0.020917844944856673,-4.8544177590197801e-06,0.030083411703949649,0.020901096136926693,7.6797020474019619e-06,-0.20426240215441677,1.5797648746700594,0.00033699969342775564,-0.20406655541925919,1.5803429868772203,-8.3733775675909726e-05,-0.17416054855088936,1.600682719614916,0.00033214527566873583,-0.17398314371530954,1.601244083014147,-7.6054073628507765e-05,0,0,0,0,0,0,0,0,0,0,0,0
control,0,173,865,870,1730000000,1730000000,0,-1,0.01,1,1,0,0,none,0,0,1,1,-0.088530110545455759,1.3128396334185633e-05,0.56582400993577753,0.99995163275001586,-1.0865452350697758e-05,-0.0098352449139885497,8.7750213961849398e-09,-3.908866753251388e-05,9.1036691562594295e-08,-6.1491070693917022e-06,-1.6034037593480544e-07,-6.8907619161587855e-05,1.2783400424730853e-09,-1.329190064551214,2.3070953068038951,2.6125622268511829e-05,-1.3291885649749529,2.3070966972583853,-1.5032033161403082e-05,-0.00030610133021056259,-0.00030332002372001878,-6.584496874879848e-05,-0.00030580529727535302,-0.00030325340682017983,-6.9507665002057202e-05,-0.17417555840597646,1.6006724770124598,0.00033245585514842522,-0.17399814017833104,1.6012338127454042,-7.5751544433734695e-05,0.17417555840597646,-1.6006724770124598,-0.00033245585514842522,0.17399814017833104,-1.6012338127454042,7.5751544433734695e-05,-1.3267204090965414,2.3088002542738271,0,-1.3267204090965414,2.3088002542738271,0,0.030095017451386954,0.020914349674763962,-4.5454382431136249e-06,0.03007657848685015,0.020897564295531645,7.9849931985237839e-06,-0.20427057585736341,1.5797581273376959,0.00033700129339153884,-0.2040747186651812,1.5803362484498726,-8.3736537632258482e-05,-0.17417555840597646,1.6006724770124598,0.00033245585514842522,-0.17399814017833104,1.6012338127454042,-7.5751544433734695e-05,0,0,0,0,0,0,0,0,0,0,0,0
control,0,174,870,875,1740000000,1740000000,0,-1,0.01,1,1,0,0,none,0,0,1,1,-0.088530303221334539,1.3129564446436711e-05,0.56582397947859953,0.9999516310769675,-1.0866470235014969e-05,-0.0098354150105952054,8.7173092754473758e-09,-6.3318977684455222e-06,1.3346201180652359e-07,-1.019833447352827e-06,-2.3136322869171843e-07,-1.1251159737908967e-05,-2.2161672542271345e-08,-1.3291929413865744,2.3070924488642923,2.5467596635259405e-05,-1.329191439014848,2.3070938400885317,-1.5724800373781862e-05,-0.00027433153843163879,-0.00027374244764049932,-6.7710359286218466e-05,-0.00027406398359241916,-0.00027365791018974775,-7.1045075382962793e-05,-0.17419608998802671,1.6006562946688141,0.00033274799959690464,-0.17401865288988355,1.6012176025717508,-7.546937650632539e-05,0.17419608998802671,-1.6006562946688141,-0.00033274799959690464,0.17401865288988355,-1.6012176025717508,7.546937650632539e-05,-1.3267204090965414,2.3088002542738271,0,-1.3267204090965414,2.3088002542738271,0,0.030081884788043092,0.020904278585877702,-4.2547610262668986e-06,0.030063454995067958,0.020887457088829178,8.269693881282698e-06,-0.20427797477606982,1.5797520160829364,0.00033700276062317153,-0.20408210788495151,1.5803301454829217,-8.3739070387608088e-05,-0.17419608998802671,1.6006562946688141,0.00033274799959690464,-0.17401865288988355,1.6012176025717508,-7.546937650632539e-05,0,0,0,0,0,0,0,0,0,0,0,0
control,0,175,875,880,1750000000,1750000000,0,-1,0.01,1,1,0,0,none,0,0,1,1,-0.0885301799021459,1.3131132759959103e-05,0.56582399850520104,0.9999516321391253,-1.0867823863001848e-05,-0.0098353070205614238,8.5532309376952373e-09,2.444912276149773e-05,1.7184116257782567e-07,3.8004040634603879e-06,-2.9552657229069123e-07,4.2928993231749125e-05,-4.3926473361794276e-08,-1.3291954939476869,2.3070898959182462,2.4795545586724008e-05,-1.3291939890734636,2.3070912880804193,-1.6428194631420016e-05,-0.00024132729179963657,-0.00024257849130226533,-6.9075701649010443e-05,-0.00024108969001187592,-0.00024247794348758496,-7.2061372243655347e-05,-0.17422154883225774,1.6006347433865113,0.00033301920804318684,-0.17404408796436416,1.6011960236268821,-7.5209832278590492e-05,0.17422154883225774,-1.6006347433865113,-0.00033301920804318684,0.17404408796436416,-1.6011960236268821,7.5209832278590492e-05,-1.3267204090965414,2.3088002542738271,0,-1.3267204090965414,2.3088002542738271,0,0.030063009151444834,0.020888168003923784,-3.9848785935666798e-06,0.030044594258084374,0.020871311236124596,8.5315270016087715e-06,-0.20428455798370257,1.5797465753825877,0.0003370040866367535,-0.20408868222244853,1.5803247123907576,-8.3741359280199257e-05,-0.17422154883225774,1.6006347433865113,0.00033301920804318684,-0.17404408796436416,1.6011960236268821,-7.5209832278590492e-05,0,0,0,0,0,0,0,0,0,0,0,0
control,0,176,880,885,1760000000,1760000000,0,-1,0.01,1,1,0,0,none,0,0,1,1,-0.088529761901124285,1.313305919274393e-05,0.56582406368111915,0.99995163575198598,-1.0869477515671026e-05,-0.0098349396938224448,8.2911925651912288e-09,5.3002022783319825e-05,2.0591337474729141e-07,8.2720144852874589e-06,-3.5239846091320621e-07,9.318852275082245e-05,-6.3841932534424269e-08,-1.3291977125699643,2.3070876609500179,2.411428194528745e-05,-1.3291962054983133,2.307089054198701,-1.7137224614076957e-05,-0.0002075586750795036,-0.00021031633546210528,-6.9928337573256185e-05,-0.00020735203938188407,-0.00021020177433152682,-7.2549514264718632e-05,-0.17425131731438379,1.6006084237764289,0.00033326739742827203,-0.17407382838121432,1.6011696768371513,-7.4974750328432393e-05,0.17425131731438379,-1.6006084237764289,-0.00033326739742827203,0.17407382838121432,-1.6011696768371513,7.4974750328432393e-05,-1.3267204090965414,2.3088002542738271,0,-1.3267204090965414,2.3088002542738271,0,0.030038979693694033,0.020866594388902725,-3.7378677049234256e-06,0.030020584880335242,0.020849703563009775,8.7686430974590183e-06,-0.20429029700807783,1.5797418293875261,0.00033700526513319549,-0.20409441326154956,1.5803199732741415,-8.3743393425891408e-05,-0.17425131731438379,1.6006084237764289,0.00033326739742827203,-0.17407382838121432,1.6011696768371513,-7.4974750328432393e-05,0,0,0,0,0,0,0,0,0,0,0,0
control,0,177,885,890,1770000000,1770000000,0,-1,0.01,1,1,0,0,none,0,0,1,1,-0.088529072797229449,1.3135299470555652e-05,0.56582417131642826,0.99995164171124695,-1.0871393656959831e-05,-0.0098343337747667983,7.9403322270847738e-09,7.9117484899304081e-05,2.3548696627739787e-07,1.2362158408004983e-05,-4.016632992412297e-07,0.00013915888728700525,-8.1767540094545891e-08,-1.3291995921746194,2.3070857521689008,2.3428692498441796e-05,-1.3291980832181887,2.3070871466323468,-1.7846880241684614e-05,-0.00017347653901225233,-0.00017742634840230723,-7.0264347837180625e-05,-0.00017330143673666108,-0.00017729983152210861,-7.2511035537349943e-05,-0.17428476366077589,1.6005779570532237,0.00033349090158690358,-0.17410724298609775,1.6011391837138595,-7.4765549772836962e-05,0.17428476366077589,-1.6005779570532237,-0.00033349090158690358,0.17410724298609775,-1.6011391837138595,7.4765549772836962e-05,-1.3267204090965414,2.3088002542738271,0,-1.3267204090965414,2.3088002542738271,0,0.030010411745453526,0.020840164781719017,-3.5153903576735067e-06,0.029992041614871789,0.020823241445046155,8.9796158493728814e-06,-0.20429517540622941,1.5797377922715046,0.00033700629194457707,-0.20409928460096954,1.5803159422688133,-8.374516562220984e-05,-0.17428476366077589,1.6005779570532237,0.00033349090158690358,-0.17410724298609775,1.6011391837138595,-7.4765549772836962e-05,0,0,0,0,0,0,0,0,0,0,0,0
control,0,178,890,895,1780000000,1780000000,0,-1,0.01,1,1,0,0,none,0,0,1,1,-0.088528138004920209,1.3137807809856528e-05,0.56582431743321393,0.99995164979658524,-1.0873533510089904e-05,-0.0098335116236489932,7.51036136483462e-09,0.00010262910475338706,2.6043791106607562e-07,1.604472690958342e-05,-4.4311936128549243e-07,0.00018054707487411763,-9.7596174345578661e-08,-1.3292011320517645,2.3070841732142213,2.2743657453231378e-05,-1.3291996215264479,2.3070855689999057,-1.8552211262639142e-05,-0.00013950812504902018,-0.00014435650590820292,-7.0087951112575317e-05,-0.00013936469863684036,-0.00014422012545269844,-7.1955387960470524e-05,-0.17432125056778103,1.60054397615446,0.00033368846527534316,-0.17414369510148239,1.6011051774695659,-7.4583239436115927e-05,0.17432125056778103,-1.60054397615446,-0.00033368846527534316,0.17414369510148239,-1.6011051774695659,7.4583239436115927e-05,-1.3267204090965414,2.3088002542738271,0,-1.3267204090965414,2.3088002542738271,0,0.029977937650250228,0.020809507474131246,-3.3186996803406472e-06,0.029959596206832688,0.020792553475235596,9.1634327768152697e-06,-0.20429918821803125,1.5797344686803287,0.00033700716495568383,-0.20410329130831509,1.5803126239943304,-8.37466722129312e-05,-0.17432125056778103,1.60054397615446,0.00033368846527534316,-0.17414369510148239,1.6011051774695659,-7.4583239436115927e-05,0,0,0,0,0,0,0,0,0,0,0,0
control,0,179,895,900,1790000000,1790000000,0,-1,0.01,1,1,0,0,none,0,0,1,1,-0.088526984348466009,1.3140537581708078e-05,0.5658244978323419,0.9999516597753948,-1.0875857617550557e-05,-0.0098324968419868427,7.0114085008186435e-09,0.00012341273451010675,2.8070763165083715e-07,1.9300238920646503e-05,-4.7667500781313543e-07,0.00021713444924772332,-1.1125345939807747e-07,-1.3292023356030387,2.3070829234028549,2.2063976000989455e-05,-1.3292008238238726,2.3070843205972746,-1.9248399204065667e-05,-0.00010605325868615566,-0.000111528366065954,-6.9410846409124214e-05,-0.00010594125044262891,-0.0001113842235847601,-7.0899233669717012e-05,-0.17436014334716132,1.6005071172703871,0.00033385923352528796,-0.17418255066397709,1.6010682945453922,-7.4428431472654642e-05,0.17436014334716132,-1.6005071172703871,-0.00033385923352528796,0.17418255066397709,-1.6010682945453922,7.4428431472654642e-05,-1.3267204090965414,2.3088002542738271,0,-1.3267204090965414,2.3088002542738271,0,0.029942197965996308,0.020775263000764668,-3.1486504798406252e-06,0.029923888603638121,0.020758280454006277,9.3194814447055508e-06,-0.20430234131315764,1.5797318542696224,0.0003370078840051286,-0.20410643926761521,1.5803100140913859,-8.3747912917360193e-05,-0.17436014334716132,1.6005071172703871,0.00033385923352528796,-0.17418255066397709,1.6010682945453922,-7.4428431472654642e-05,0,0,0,0,0,0,0,0,0,0,0,0
control,0,180,900,905,1800000000,1800000000,0,-1,0.01,1,1,0,0,none,0,0,1,1,-0.088525639645715734,1.3143441949300135e-05,0.56582470815874397,0.99995167140644214,-1.0878326378527637e-05,-0.0098313139062728566,6.4538670328048755e-09,0.00014138535102919475,2.9630008536424885e-07,2.2115663608541088e-05,-5.0234371743804353e-07,0.00024877475916642824,-1.2269675145363117e-07,-1.3292032100494924,2.3070819980136252,2.1394298454474129e-05,-1.3292016973268193,2.3070833966823479,-1.9930822285175037e-05,-7.3481120505410036e-05,-7.9333613953574985e-05,-6.8251512264531854e-05,-7.3399900725129322e-05,-7.918379620322388e-05,-6.9365700349716775e-05,-0.17440081752988315,1.600468011862433,0.00033400273684544178,-0.17422318582055843,1.601029166627558,-7.4301358925578053e-05,0.17440081752988315,-1.600468011862433,-0.00033400273684544178,0.17422318582055843,-1.601029166627558,7.4301358925578053e-05,-1.3267204090965414,2.3088002542738271,0,-1.3267204090965414,2.3088002542738271,0,0.029903833116169485,0.020738075543352365,-3.0057139231156459e-06,0.029885558614421565,0.020721066792055418,9.4475317030383512e-06,-0.20430465064605263,1.5797299363190807,0.00033700845076855743,-0.20410874443498001,1.5803080998355026,-8.3748890628616401e-05,-0.17440081752988315,1.600468011862433,0.00033400273684544178,-0.17422318582055843,1.601029166627558,-7.4301358925578053e-05,0,0,0,0,0,0,0,0,0,0,0,0
control,0,181,905,910,1810000000,1810000000,0,-1,0.01,1,1,0,0,none,0,0,1,1,-0.088524132305817044,1.3146474472503729e-05,0.56582494396451299,0.99995168444339466,-1.0880900558218178e-05,-0.0098299878139557553,5.8482487514628461e-09,0.00015650349238922084,3.0727822157461518e-07,2.4484174589840633e-05,-5.202380641693632e-07,0.00027539138775569045,-1.3191378637645868e-07,-1.3292037661105209,2.3070813886028403,2.0739065330137126e-05,-1.3292022527464498,2.3070827887907841,-2.0595112984717816e-05,-4.2127598676004833e-05,-4.8131184553196121e-05,-6.6634469844551014e-05,-4.2076196729860499e-05,-4.7977740561403553e-05,-6.7383607141362388e-05,-0.17444266586804186,1.60042727923956,0.00033411887251968861,-0.1742649939232857,1.6009884132221619,-7.4201896932877772e-05,0.17444266586804186,-1.60042727923956,-0.00033411887251968861,0.1742649939232857,-1.6009884132221619,7.4201896932877772e-05,-1.3267204090965414,2.3088002542738271,0,-1.3267204090965414,2.3088002542738271,0,0.029863475565768051,0.020698584828671155,-2.8899961068135865e-06,0.029845238093994787,0.020681552407357723,9.5477142524834641e-06,-0.2043061414338099,1.5797286944108888,0.00033700886862650218,-0.20411023201728049,1.5803068608148041,-8.3749611185361233e-05,-0.17444266586804186,1.60042727923956,0.00033411887251968861,-0.1742649939232857,1.6009884132221619,-7.4201896932877772e-05,0,0,0,0,0,0,0,0,0,0,0,0
control,0,182,910,915,1820000000,1820000000,0,-1,0.01,1,1,0,0,none,0,0,1,1,-0.088522490944928783,1.3149589673639377e-05,0.56582520076916643,0.99995169863818689,-1.0883541764153503e-05,-0.0098285437452500252,5.2050445826508175e-09,0.00016876130892396683,3.1375989028701245e-07,2.640484340843579e-05,-5.3056277533408442e-07,0.00029697392316909018,-1.3892103047186184e-07,-1.3292040176596267,2.3070810833451896,2.0102453638086173e-05,-1.3292025039448185,2.3070824850771263,-2.1237208067907352e-05,-1.2293218060076573e-05,-1.8244963186812054e-05,-6.4589524386358203e-05,-1.2270355791308503e-05,-1.8089882743203403e-05,-6.4986675686537772e-05,-0.17448510468775913,1.6003855197484154,0.00033420788264736079,-0.1743073918757316,1.6009466348440726,-7.4129586916739894e-05,0.17448510468775913,-1.6003855197484154,-0.00033420788264736079,0.1743073918757316,-1.6009466348440726,7.4129586916739894e-05,-1.3267204090965414,2.3088002542738271,0,-1.3267204090965414,2.3088002542738271,0,0.029821742584113367,0.020657418588430124,-2.8012598721079415e-06,0.029803543713012227,0.020640365184523769,9.6204962046990942e-06,-0.20430684727187251,1.5797281011599853,0.00033700914251946876,-0.20411093558874382,1.5803062696595489,-8.3750083121438988e-05,-0.17448510468775913,1.6003855197484154,0.00033420788264736079,-0.1743073918757316,1.6009466348440726,-7.4129586916739894e-05,0,0,0,0,0,0,0,0,0,0,0,0
control,0,183,915,920,1830000000,1830000000,0,-1,0.01,1,1,0,0,none,0,0,1,1,-0.088520744023494594,1.3152743559467443e-05,0.56582547411652029,0.9999517137441909,-1.0886212885337641e-05,-0.0098270067439147121,4.5345938629600782e-09,0.0001781882767698792,3.1591328460171122e-07,2.7882279917056031e-05,-5.3360701022940054e-07,0.00031357413505021239,-1.4376176789588866e-07,-1.329203981362707,2.3070810673942783,1.9488330532850998e-05,-1.3292024675735021,2.3070824706755397,-2.1853390985306559e-05,1.575836488960571e-05,1.0037944450797844e-05,-6.2150994155418693e-05,1.5754238050069266e-05,1.0192750656842956e-05,-6.221273510525597e-05,-0.17452757955563653,1.600343308621881,0.00033427032934075715,-0.17434982579372107,1.6009044068647089,-7.4083663347043814e-05,0.17452757955563653,-1.600343308621881,-0.00033427032934075715,0.17434982579372107,-1.6009044068647089,7.4083663347043814e-05,-1.3267204090965414,2.3088002542738271,0,-1.3267204090965414,2.3088002542738271,0,0.029779229646652541,0.020615185637908814,-2.738949452084364e-06,0.029761070366453323,0.020598114053462777,9.6666540508547665e-06,-0.20430680920228908,1.5797281229839721,0.0003370092787928415,-0.20411089616017439,1.5803062928112461,-8.3750317397898575e-05,-0.17452757955563653,1.600343308621881,0.00033427032934075715,-0.17434982579372107,1.6009044068647089,-7.4083663347043814e-05,0,0,0,0,0,0,0,0,0,0,0,0
control,0,184,920,925,1840000000,1840000000,0,-1,0.01,1,1,0,0,none,0,0,1,1,-0.088518919508159224,1.3155894095239786e-05,0.56582575962768689,0.99995172951916667,-1.0888878490717072e-05,-0.0098254014197138931,3.8469632949397205e-09,0.00018484662303815577,3.1395200051551228e-07,2.8926227314868308e-05,-5.2973600032490344e-07,0.00032530144327549363,-1.4650396212930405e-07,-1.3292036763044213,2.3070813232571812,1.8900214384852785e-05,-1.3292021627003252,2.3070827280745569,-2.2440326648191245e-05,4.1801318540128853e-05,3.6468387072152553e-05,-5.9356937052705672e-05,4.177198923007099e-05,3.6621105550016048e-05,-5.91029310931661e-05,-0.17456957023219036,1.6003011905198865,0.00033430706757133134,-0.17439177595364164,1.6008622740523613,-7.4063082572683133e-05,0.17456957023219036,-1.6003011905198865,-0.00033430706757133134,0.17439177595364164,-1.6008622740523613,7.4063082572683133e-05,-1.3267204090965414,2.3088002542738271,0,-1.3267204090965414,2.3088002542738271,0,0.029736504516747836,0.020572469619142403,-2.7022174628205515e-06,0.029718385261560207,0.020555382732916478,9.6872445491156792e-06,-0.20430607474893819,1.579728720900744,0.00033700928503415186,-0.20411016121520184,1.5803068913194447,-8.3750327121798809e-05,-0.17456957023219036,1.6003011905198865,0.00033430706757133134,-0.17439177595364164,1.6008622740523613,-7.4063082572683133e-05,0,0,0,0,0,0,0,0,0,0,0,0
control,0,185,925,930,1850000000,1850000000,0,-1,0.01,1,1,0,0,none,0,0,1,1,-0.08851704456091436,1.3159001627493422e-05,0.56582605304979017,0.99995174572796519,-1.089150518420355e-05,-0.0098237516748359028,3.1518365236270029e-09,0.00018882851214079629,3.0812979856723801e-07,2.9551119834338774e-05,-5.1938219259484471e-07,0.0003323179661786855,-1.4723793621188531e-07,-1.3292031236079827,2.307081831177594,1.8341243240687879e-05,-1.3292016104295183,2.3070832375003962,-2.2995088675991486e-05,6.5648067555373993e-05,6.0835806541019663e-05,-5.6248384115099707e-05,6.5595521500897504e-05,6.098473714871123e-05,-5.5700948199248047e-05,-0.17461059489763656,1.6002596747873263,0.00033431921613873123,-0.17443276101394858,1.6008207458301467,-7.4066553243320099e-05,0.17461059489763656,-1.6002596747873263,-0.00033431921613873123,0.17443276101394858,-1.6008207458301467,7.4066553243320099e-05,-1.3267204090965414,2.3088002542738271,0,-1.3267204090965414,2.3088002542738271,0,0.029694102035961574,0.020529823444985024,-2.6899537664513778e-06,0.029676022713471601,0.020512724175446955,9.6835740127598488e-06,-0.20430469693359812,1.5797298513423412,0.00033700916990518263,-0.2041087837274202,1.5803080216546996,-8.3750127256079944e-05,-0.17461059489763656,1.6002596747873263,0.00033431921613873123,-0.17443276101394858,1.6008207458301467,-7.4066553243320099e-05,0,0,0,0,0,0,0,0,0,0,0,0
control,0,186,930,935,1860000000,1860000000,0,-1,0.01,1,1,0,0,none,0,0,1,1,-0.088515145257565736,1.3162029253100236e-05,0.56582635030007378,0.99995176214497039,-1.089406191417922e-05,-0.0098220804561127573,2.4584150961050178e-09,0.00019025304265999246,2.9873514971110514e-07,2.9775610763141748e-05,-5.0303603566602386e-07,0.0003348332352058396,-1.460739075757168e-07,-1.3292023460534681,2.307082569522366,1.7814150554713528e-05,-1.3292008335203978,2.3070839773036447,-2.3515179294240981e-05,8.7149225913723467e-05,8.2968367352551396e-05,-5.2868588601870378e-05,8.7075610776649623e-05,8.3111937423562736e-05,-5.2052253651893335e-05,-0.17465021364190347,1.6002192314405137,0.00033430812723497707,-0.17447234150157473,1.6007802922627816,-7.4092567853763314e-05,0.17465021364190347,-1.6002192314405137,-0.00033430812723497707,0.17447234150157473,-1.6007802922627816,7.4092567853763314e-05,-1.3267204090965414,2.3088002542738271,0,-1.3267204090965414,2.3088002542738271,0,0.029652519644249416,0.020487764466503858,-2.7008157363205397e-06,0.029634479670110864,0.0204706557360534,9.6571664708669604e-06,-0.20430273328615289,1.5797314669740099,0.00033700894297129759,-0.2041068211716856,1.5803096365267282,-8.3749734324630278e-05,-0.17465021364190347,1.6002192314405137,0.00033430812723497707,-0.17447234150157473,1.6007802922627816,-7.4092567853763314e-05,0,0,0,0,0,0,0,0,0,0,0,0
control,0,187,935,940,1870000000,1870000000,0,-1,0.01,1,1,0,0,none,0,0,1,1,-0.088513246337124443,1.3164943132906186e-05,0.56582664750514933,0.99995177855626693,-1.0896520236104171e-05,-0.0098204095344504947,1.7753313744354463e-09,0.00018926310331295921,2.8608564690824296e-07,2.9622078616999729e-05,-4.8123654541337151e-07,0.00033309866147448249,-1.4313942023647589e-07,-1.3292013676994312,2.307083515166505,1.7321247993860174e-05,-1.3291998560093488,2.3070849243443918,-2.3998542139388307e-05,0.00010619306503295608,0.00010273260568677918,-4.9262298896312747e-05,0.00010610065357095909,0.00010286938204681249,-4.8203370731267075e-05,-0.17468803122428878,1.6001802878874567,0.00033427535507691859,-0.1745101225687177,1.6007413407775606,-7.4139434938091296e-05,0.17468803122428878,-1.6001802878874567,-0.00033427535507691859,0.1745101225687177,-1.6007413407775606,7.4139434938091296e-05,-1.3267204090965414,2.3088002542738271,0,-1.3267204090965414,2.3088002542738271,0,0.029612213637127821,0.020446770379334584,-2.7332594533424143e-06,0.029594211973331473,0.020429655080152646,9.609731178379845e-06,-0.2043002448614166,1.5797335175081222,0.00033700861453026101,-0.20410433454204918,1.580311685697408,-8.3749166116471138e-05,-0.17468803122428878,1.6001802878874567,0.00033427535507691859,-0.1745101225687177,1.6007413407775606,-7.4139434938091296e-05,0,0,0,0,0,0,0,0,0,0,0,0
control,0,188,940,945,1880000000,1880000000,0,-1,0.01,1,1,0,0,none,0,0,1,1,-0.08851137098324488,1.3167712749089036e-05,0.56582694103521347,0.99995179476151708,-1.0898854527516589e-05,-0.0098187593124598495,1.1105737830493892e-09,0.00018602213529087067,2.7052236066941829e-07,2.9116118817862281e-05,-4.5456178184880819e-07,0.00032740183748045055,-1.3857671107297061e-07,-1.3292002135122678,2.3070846438720514,1.6864415046526729e-05,-1.3291987028395542,2.3070860543712128,-2.444356829456514e-05,0.00012270455158092081,0.00012003263336865855,-4.5475062118924338e-05,0.00012259570556366189,0.00012016133219592351,-4.4201188164381597e-05,-0.17472369911289182,1.6001432263745403,0.00033422262403467106,-0.17454575603015107,1.6007042736120478,-7.4205311496162887e-05,0.17472369911289182,-1.6001432263745403,-0.00033422262403467106,0.17454575603015107,-1.6007042736120478,7.4205311496162887e-05,-1.3267204090965414,2.3088002542738271,0,-1.3267204090965414,2.3088002542738271,0,0.029573596161345084,0.020407275871255442,-2.7855714080118014e-06,0.0295556313578079,0.020390156833076909,9.5431298965886212e-06,-0.2042972952742369,1.5797359505032849,0.00033700819544268284,-0.20410138738795897,1.5803141167789709,-8.3748441392751503e-05,-0.17472369911289182,1.6001432263745403,0.00033422262403467106,-0.17454575603015107,1.6007042736120478,-7.4205311496162887e-05,0,0,0,0,0,0,0,0,0,0,0,0
control,0,189,945,950,1890000000,1890000000,0,-1,0.01,1,1,0,0,none,0,0,1,1,-0.088509540638374629,1.3170311106124631e-05,0.56582722753313008,0.99995181057555871,-1.0901042155359618e-05,-0.0098171486608703441,4.7142460056783895e-10,0.00018071084638227416,2.5240421303713318e-07,2.8286028160238847e-05,-4.2361936261983382e-07,0.0003180607538732337,-1.3254004827980977e-07,-1.3291989090074052,2.3070859306565943,1.6445095100858608e-05,-1.3291973995025372,2.3070873423897686,-2.4849095941854242e-05,0.00013664399502037446,0.00013480893309102238,-4.1552565163413245e-05,0.00013652113030223785,0.000134928427598249,-4.0092311878664084e-05,-0.17475691682570946,1.6001083821469395,0.000334151796693979,-0.17457894170290503,1.6006694259758338,-7.4288235223487191e-05,0.17475691682570946,-1.6001083821469395,-0.000334151796693979,0.17457894170290503,-1.6006694259758338,7.4288235223487191e-05,-1.3267204090965414,2.3088002542738271,0,-1.3267204090965414,2.3088002542738271,0,0.029537032937834991,0.020369670007156858,-2.8559002720869197e-06,0.029519103176496302,0.020352549967303683,9.4593443764894769e-06,-0.20429394976354445,1.5797387121397826,0.00033700769696606592,-0.20409804487940134,1.5803168760085302,-8.3747579599976666e-05,-0.17475691682570946,1.6001083821469395,0.000334151796693979,-0.17457894170290503,1.6006694259758338,-7.4288235223487191e-05,0,0,0,0,0,0,0,0,0,0,0,0
control,0,190,950,955,1900000000,1900000000,0,-1,0.01,1,1,0,0,none,0,0,1,1,-0.088507774850832874,1.3172714875970662e-05,0.56582750393834857,0.99995182582970532,-1.0903063596173157e-05,-0.0098155947839220214,-1.3558966968931468e-10,0.00017352392007526288,2.3210244014523315e-07,2.7162288773787009e-05,-3.8903713095059862e-07,0.00030541800736024074,-1.2519307635681164e-07,-1.3291974799059809,2.3070873501475786,1.6064297602734815e-05,-1.3291959716951811,2.3070887630171777,-2.5214404067551272e-05,0.00014800534498694696,0.00014703678610480082,-3.7540018407377805e-05,0.00014787089809415821,0.0001471461120591122,-3.5922463911958869e-05,-0.17478743259922905,1.6000760422991476,0.00033406484223381607,-0.17460942807409485,1.6006370849026434,-7.4386156176739011e-05,0.17478743259922905,-1.6000760422991476,-0.00033406484223381607,0.17460942807409485,-1.6006370849026434,7.4386156176739011e-05,-1.3267204090965414,2.3088002542738271,0,-1.3267204090965414,2.3088002542738271,0,0.029502841695793407,0.020334294335824454,-2.942288360451554e-06,0.029484944836534924,0.020317175911703865,9.360444415863324e-06,-0.20429027429502244,1.5797417479633231,0.00033700713059426761,-0.20409437291062979,1.5803199089909397,-8.3746600592602338e-05,-0.17478743259922905,1.6000760422991476,0.00033406484223381607,-0.17460942807409485,1.6006370849026434,-7.4386156176739011e-05,0,0,0,0,0,0,0,0,0,0,0,0
control,0,191,955,960,1910000000,1910000000,0,-1,0.01,1,1,0,0,none,0,0,1,1,-0.088506091154625016,1.3174904488749843e-05,0.56582776750568997,0.99995184037276397,-1.0904902510257963e-05,-0.0098141131135632692,-7.0473547310605883e-10,0.00016466676016444249,2.0999520865863126e-07,2.577705792155229e-05,-3.5145408808822133e-07,0.0002898350710374279,-1.167062007713266e-07,-1.3291959518102694,2.3070888769189812,1.5722605853850358e-05,-1.3291944449954782,2.307090290818735,-2.5539200702241319e-05,0.00015681418167890276,0.00015672437439284023,-3.3481587123375342e-05,0.00015667057823586138,0.00015682273350232264,-3.1735933056303079e-05,-0.17481504341875329,1.6000464452865222,0.00033396380550402064,-0.17463701233116141,1.6006074887637121,-7.4496967504328226e-05,0.17481504341875329,-1.6000464452865222,-0.00033396380550402064,0.17463701233116141,-1.6006074887637121,7.4496967504328226e-05,-1.3267204090965414,2.3088002542738271,0,-1.3267204090965414,2.3088002542738271,0,0.029471291292217199,0.02030144169656074,-3.0427023999863398e-06,0.0294534249198878,0.020284327360851857,9.2485568634875494e-06,-0.20428633471097049,1.5797450035899614,0.00033700650790400698,-0.20409043725104922,1.5803231614028601,-8.3745524367815775e-05,-0.17481504341875329,1.6000464452865222,0.00033396380550402064,-0.17463701233116141,1.6006074887637121,-7.4496967504328226e-05,0,0,0,0,0,0,0,0,0,0,0,0
control,0,192,960,965,1920000000,1920000000,0,-1,0.01,1,1,0,0,none,0,0,1,1,-0.088504504981408286,1.3176864170832208e-05,0.56582801581909625,0.99995185407177167,-1.0906545771439678e-05,-0.0098127172319415722,-1.2310971927059759e-09,0.00015435230841076298,1.8646244541278474e-07,2.4163669545586517e-05,-3.1151168964819112e-07,0.00027168669327579228,-1.0725404339403803e-07,-1.3291943499006653,2.3070904858073553,1.542018997095928e-05,-1.3291928445598176,2.3070919006239787,-2.5823606212117583e-05,0.00016312544357456867,0.00016391060055765606,-2.9419874186792728e-05,0.00016297506885177518,0.00016399736177863432,-2.7575080337164488e-05,-0.17483959445069333,1.6000197810628345,0.00033385077712791054,-0.17466153979466936,1.6005808274073565,-7.4618534934503767e-05,0.17483959445069333,-1.6000197810628345,-0.00033385077712791054,0.17466153979466936,-1.6005808274073565,7.4618534934503767e-05,-1.3267204090965414,2.3088002542738271,0,-1.3267204090965414,2.3088002542738271,0,0.029442601484124784,0.020271355696824523,-3.1550632819481473e-06,0.029424762956035955,0.0202542477555121,9.1258358804934988e-06,-0.20428219593481811,1.5797484253660099,0.00033700584040985871,-0.20408630275070533,1.5803265796518444,-8.3744370814997269e-05,-0.17483959445069333,1.6000197810628345,0.00033385077712791054,-0.17466153979466936,1.6005808274073565,-7.4618534934503767e-05,0,0,0,0,0,0,0,0,0,0,0,0
control,0,193,965,970,1930000000,1930000000,0,-1,0.01,1,1,0,0,none,0,0,1,1,-0.088503029603670291,1.3178581932774748e-05,0.56582824680049204,0.99995186681246206,-1.0907983454529724e-05,-0.0098114188213605721,-1.7105903674621482e-09,0.00014279796956593308,1.6188093385785831e-07,2.2356152897316197e-05,-2.69845596046292e-07,0.00025135548553976284,-9.7012995808982141e-08,-1.3291926986566021,2.3070921522046839,1.5156824496517574e-05,-1.3291911948441839,2.3070935678195457,-2.6068132183817503e-05,0.00016702093653175835,0.00016866267001712122,-2.5395457014761911e-05,0.00016686610834950959,0.00016873736885871706,-2.3479901762478183e-05,-0.17486097792069111,1.5999961918023504,0.00033372786493076614,-0.17468290279751039,1.6005572428832751,-7.4748724738751336e-05,0.17486097792069111,-1.5999961918023504,-0.00033372786493076614,0.17468290279751039,-1.6005572428832751,7.4748724738751336e-05,-1.3267204090965414,2.3088002542738271,0,-1.3267204090965414,2.3088002542738271,0,0.029416943315929867,0.020244230824692483,-3.2772744982171763e-06,0.029399129809185482,0.020227131398088762,8.9944347432691593e-06,-0.20427792123662097,1.579751960977658,0.00033700513942898331,-0.20408203260669588,1.5803301114851862,-8.37431594820205e-05,-0.17486097792069111,1.5999961918023504,0.00033372786493076614,-0.17468290279751039,1.6005572428832751,-7.4748724738751336e-05,0,0,0,0,0,0,0,0,0,0,0,0
control,0,194,970,975,1940000000,1940000000,0,-1,0.01,1,1,0,0,none,0,0,1,1,-0.088501676107857155,1.3180049510074106e-05,0.56582845871395948,0.9999518784994752,-1.0909208783000173e-05,-0.0098102276405930659,-2.1399636692996697e-09,0.00013022267460503304,1.3661972430306184e-07,2.0388773056105135e-05,-2.2707795574090833e-07,0.00022922675340497186,-8.6158895832557406e-08,-1.3291910216033331,2.3070938523259286,1.4931910127442688e-05,-1.3291895193511944,2.3070952686166994,-2.6273656463595229e-05,0.00016860666866675973,0.00017107347985806102,-2.1446480902090425e-05,0.00016844961284376533,0.00017113581578521704,-1.9487650005746671e-05,-0.17487913148620288,1.5999757731610034,0.0003335971669635151,-0.1747010390590959,1.6005368307060808,-7.4885429920839609e-05,0.17487913148620288,-1.5999757731610034,-0.0003335971669635151,0.1747010390590959,-1.6005368307060808,7.4885429920839609e-05,-1.3267204090965414,2.3088002542738271,0,-1.3267204090965414,2.3088002542738271,0,0.029394440078500294,0.020220213154994979,-3.4072489931282852e-06,0.029376648636570562,0.020203124161853641,8.8564794393659016e-06,-0.20427357156470316,1.5797555600060085,0.00033700441595664338,-0.20407768769566645,1.5803337065442271,-8.3741909360205514e-05,-0.17487913148620288,1.5999757731610034,0.0003335971669635151,-0.1747010390590959,1.6005368307060808,-7.4885429920839609e-05,0,0,0,0,0,0,0,0,0,0,0,0
control,0,195,975,980,1950000000,1950000000,0,-1,0.01,1,1,0,0,none,0,0,1,1,-0.088500453395902609,1.3181262260118466e-05,0.56582865016547013,0.99995188905632026,-1.0910218039751594e-05,-0.0098091515261870786,-2.5167902795137439e-09,0.00011684410939264264,1.1103589846513126e-07,1.829559754563487e-05,-1.8381028965718872e-07,0.00020568361872256528,-7.4864847256839372e-08,-1.3291893410860716,2.3070955634495953,1.4744499013083333e-05,-1.3291878404044697,2.3070969802918633,-2.6441394922062798e-05,0.00016801005459978551,0.00017125885848254892,-1.7608310036174723e-05,0.00016785288306908825,0.0001713086905510887,-1.5632515786247079e-05,-0.17489403615503563,1.5999585760271988,0.00033346074635124404,-0.17471592960589663,1.6005196416084984,-7.5026594423467218e-05,0.17489403615503563,-1.5999585760271988,-0.00033346074635124404,0.17471592960589663,-1.6005196416084984,7.5026594423467218e-05,-1.3267204090965414,2.3088002542738271,0,-1.3267204090965414,2.3088002542738271,0,0.029375168792461905,0.020199401603057141,-3.5429342021162635e-06,0.029357396370535468,0.020182324747738886,8.7140442659311932e-06,-0.20426920494749753,1.5797591744241417,0.0003370036805533603,-0.2040733259764321,1.5803373168607595,-8.3740638689398415e-05,-0.17489403615503563,1.5999585760271988,0.00033346074635124404,-0.17471592960589663,1.6005196416084984,-7.5026594423467218e-05,0,0,0,0,0,0,0,0,0,0,0,0
control,0,196,980,985,1960000000,1960000000,0,-1,0.01,1,1,0,0,none,0,0,1,1,-0.088499368213359894,1.3182219019090665e-05,0.56582882009845881,0.99995189842511523,-1.0911010444158404e-05,-0.0098081964171822314,-2.8394494129622448e-09,0.00010287613228033619,8.5470722248715961e-08,1.6110092655098573e-05,-1.4061703249796633e-07,0.0001811024742589056,-6.3299207725586422e-08,-1.3291876780725507,2.3070972641300891,1.4593323065568979e-05,-1.3291861789513961,2.3070986813989189,-2.6572870519155877e-05,0.00016537703145856527,0.0001693546992816464,-1.3913236708419534e-05,0.00016522172321928712,0.00016939204009578496,-1.1945369031236826e-05,-0.17490571380357245,1.5999446087097142,0.00033332060816011571,-0.17472759629220741,1.6005056837318377,-7.5170235177000392e-05,0.17490571380357245,-1.5999446087097142,-0.00033332060816011571,0.17472759629220741,-1.6005056837318377,7.5170235177000392e-05,-1.3267204090965414,2.3088002542738271,0,-1.3267204090965414,2.3088002542738271,0,0.029359162164923035,0.020181849675933308,-3.6823350842497164e-06,0.029341405673427391,0.020164786438753888,8.5691296073086048e-06,-0.20426487596849549,1.5797627590337808,0.00033700294324436541,-0.20406900196563479,1.5803408972930837,-8.3739364784308993e-05,-0.17490571380357245,1.5999446087097142,0.00033332060816011571,-0.17472759629220741,1.6005056837318377,-7.5170235177000392e-05,0,0,0,0,0,0,0,0,0,0,0,0
control,0,197,985,990,1970000000,1970000000,0,-1,0.01,1,1,0,0,none,0,0,1,1,-0.08849842520212392,1.3182921922869948e-05,0.56582896778555347,0.99995190656611299,-1.0911587998827143e-05,-0.0098073664014667744,-3.1070987954814397e-09,8.8526400341498382e-05,6.0246213326336186e-08,1.3864752559253182e-05,-9.8039776970399515e-08,0.00015584880549979042,-5.1623749705453834e-08,-1.3291860519846532,2.3070989343810315,1.4476824725554146e-05,-1.3291845543949286,2.3071003519524562,-2.6669880238501343e-05,0.00016086912808878438,0.0001655140295073477,-1.0390248456864912e-05,0.00016071751296941293,0.00016553903769831816,-8.4535589385812355e-06,-0.17491422435095486,1.5999338395092744,0.00033317867843699132,-0.17473609897709436,1.6004949252000678,-7.531446186442899e-05,0.17491422435095486,-1.5999338395092744,-0.00033317867843699132,0.17473609897709436,-1.6004949252000678,7.531446186442899e-05,-1.3267204090965414,2.3088002542738271,0,-1.3267204090965414,2.3088002542738271,0,0.029346410965208382,0.02016756766928544,-3.823534994822998e-06,0.029328667311191339,0.020150519299902719,8.4236420184794637e-06,-0.20426063531616323,1.579766271839989,0.00033700221343181431,-0.20406476628828568,1.580344405900165,-8.373810388290845e-05,-0.17491422435095486,1.5999338395092744,0.00033317867843699132,-0.17473609897709436,1.6004949252000678,-7.531446186442899e-05,0,0,0,0,0,0,0,0,0,0,0,0
control,0,198,990,995,1980000000,1980000000,0,-1,0.01,1,1,0,0,none,0,0,1,1,-0.088497626975559046,1.3183376196208608e-05,0.56582909281680593,0.9999519134570416,-1.0911955309691939e-05,-0.0098066637818521717,-3.3196389847021557e-09,7.3994220183699286e-05,3.5662144028392596e-08,1.159076363181515e-05,-5.6582253367484233e-08,0.00013027340767624037,-3.999201900838885e-08,-1.3291844805593571,2.3071005558291389,1.4393189633081464e-05,-1.3291829844546847,2.3071019735815685,-2.6734460449496272e-05,0.00015466052572514705,0.00015990405481885084,-7.064852131926654e-06,0.00015451427105156655,0.00015991702616055179,-5.1807716225909429e-06,-0.17491966264441763,1.5999261996172469,0.000333036785536712,-0.17474153241285026,1.6004872970210691,-7.5457494301388306e-05,0.17491966264441763,-1.5999261996172469,-0.000333036785536712,0.17474153241285026,-1.6004872970210691,7.5457494301388306e-05,-1.3267204090965414,2.3088002542738271,0,-1.3267204090965414,2.3088002542738271,0,0.029336866765200521,0.020156525254030153,-3.9647142833281064e-06,0.029319132891142432,0.020139492767861471,8.2793767159784275e-06,-0.20425652940961816,1.5797696743632168,0.00033700149982004009,-0.20406066530399269,1.5803478042532075,-8.3736871017366739e-05,-0.17491966264441763,1.5999261996172469,0.000333036785536712,-0.17474153241285026,1.6004872970210691,-7.5457494301388306e-05,0,0,0,0,0,0,0,0,0,0,0,0
control,0,199,995,1000,1990000000,1990000000,0,-1,0.01,1,1,0,0,none,0,0,1,1,-0.088496974213709542,1.3183589914622722e-05,0.56582919508478524,0.99995191909227088,-1.0912119383208251e-05,-0.0098060891598218333,-3.4776704696596928e-09,5.9468635523172283e-05,1.19934930220012e-08,9.3177058171599884e-06,-1.6706068122841343e-08,0.00010470901944618314,-2.8547891101707948e-08,-1.3291829797388783,2.3071021118386312,1.4340380665327913e-05,-1.3291814850572008,2.3071035296541647,-2.6768851238632247e-05,0.00014693514708404384,0.00015270321686597881,-3.9589535066012564e-06,0.00014679574721572746,0.00015270457420611937,-2.1469433953500801e-06,-0.17492215511249518,1.5999215862858598,0.00033289664382968228,-0.17474402290161406,1.6004826962593943,-7.5597677366346107e-05,0.17492215511249518,-1.5999215862858598,-0.00033289664382968228,0.17474402290161406,-1.6004826962593943,7.5597677366346107e-05,-1.3267204090965414,2.3088002542738271,0,-1.3267204090965414,2.3088002542738271,0,0.029330444987416771,0.020148654397051081,-4.104166524268311e-06,0.029312717907088785,0.020131638574639805,8.1380025413571773e-06,-0.20425260009991195,1.5797729318888087,0.00033700081035395061,-0.20405674080870284,1.5803510576847546,-8.3735679907703282e-05,-0.17492215511249518,1.5999215862858598,0.00033289664382968228,-0.17474402290161406,1.6004826962593943,-7.5597677366346107e-05,0,0,0,0,0,0,0,0,0,0,0,0
control,0,200,1000,1005,2000000000,2000000000,0,-1,0.01,1,1,0,0,none,0,0,1,1,-0.088496465776170402,1.3183573743530632e-05,0.56582927476691469,0.99995192348183282,-1.0912089404484765e-05,-0.0098056415348225703,-3.582444508664322e-09,4.5126760046547178e-05,-1.0511647444491752e-08,7.073292400413923e-06,2.1172788175751094e-08,7.9467388236516371e-05,-1.7424334550914393e-08,-1.3291815635895263,2.3071035876065134,1.4316172821506459e-05,-1.3291800702548797,2.3071050053721458,-2.6775460228561482e-05,0.00013788380801115749,0.00014409829877340936,-1.0907901247858136e-06,0.00013775257666028638,0.00014408858097492841,6.3177299774607786e-07,-0.1749218562420197,1.5999198662144525,0.00033275983983028986,-0.17474372477580644,1.6004809894249126,-7.5733493459353025e-05,0.1749218562420197,-1.5999198662144525,-0.00033275983983028986,0.17474372477580644,-1.6004809894249126,7.5733493459353025e-05,-1.3267204090965414,2.3088002542738271,0,-1.3267204090965414,2.3088002542738271,0,0.029327028203802018,0.020143852559604498,-4.2403123402126469e-06,0.029309305035069035,0.02012685394871282,8.0010494186811412e-06,-0.2042488844458217,1.579776013654848,0.0003370001521705025,-0.20405302981087547,1.5803541354761999,-8.3734542878034161e-05,-0.1749218562420197,1.5999198662144525,0.00033275983983028986,-0.17474372477580644,1.6004809894249126,-7.5733493459353025e-05,0,0,0,0,0,0,0,0,0,0,0,0
control,0,201,1005,1010,2010000000,2010000000,0,-1,0.01,1,1,0,0,none,0,0,1,1,-0.08849609883013225,1.3183340659209521e-05,0.56582933230543953,0.99995192665031352,-1.0911876500220422e-05,-0.0098053184169111952,-3.6358087061932912e-09,3.1132360572231984e-05,-3.1633707094999748e-08,4.8831488512627159e-06,5.6686661245520769e-08,5.4836776076012517e-05,-6.7423878370744688e-09,-1.3291802442484828,2.3071049702293971,1.4318188459263404e-05,-1.3291787521728275,2.3071063878381093,-2.6756826375690211e-05,0.00012770146208434423,0.00013428161147725263,1.5250852191804962e-06,0.0001275795274125606,0.00013426146149825204,3.1429921583127974e-06,-0.17491894493204971,1.5999208790958628,0.00033262782076429301,-0.17474081675583664,1.6004820160216435,-7.58635724902398e-05,0.17491894493204971,-1.5999208790958628,-0.00033262782076429301,0.17474081675583664,-1.6004820160216435,7.58635724902398e-05,-1.3267204090965414,2.3088002542738271,0,-1.3267204090965414,2.3088002542738271,0,0.029326469630169921,0.020141986115943866,-4.3717107987380465e-06,0.029308747624314575,0.020125005036366023,7.8698983047914214e-06,-0.20424541456221962,1.5797788929799188,0.00033699953156303105,-0.2040495643801512,1.5803570109852776,-8.3733470795031221e-05,-0.17491894493204971,1.5999208790958628,0.00033262782076429301,-0.17474081675583664,1.6004820160216435,-7.58635724902398e-05,0,0,0,0,0,0,0,0,0,0,0,0
control,0,202,1010,1015,2020000000,2020000000,0,-1,0.01,1,1,0,0,none,0,0,1,1,-0.08849586899108447,1.3182905656111745e-05,0.56582936838542031,0.99995192863563997,-1.0911493490289622e-05,-0.009805115950542528,-3.6401483172008726e-09,1.7634692122502635e-05,-5.1182821732614739e-08,2.7706310574286085e-06,8.951819123610007e-08,3.1079908751251548e-05,3.3896574425990514e-09,-1.3291790318974057,2.3071062487428415,1.4343932414144209e-05,-1.3291775409824944,2.3071076660945695,-2.6715584205778792e-05,0.00011658456702019618,0.00012344828934019616,3.8777733737307534e-06,0.00011647286931265659,0.00012341844168918371,5.3780332634459943e-06,-0.17491362077848963,1.5999244412708054,0.00033250188556514099,-0.17473549823836362,1.6004855922043018,-7.5986699429396196e-05,0.17491362077848963,-1.5999244412708054,-0.00033250188556514099,0.17473549823836362,-1.6004855922043018,7.5986699429396196e-05,-1.3267204090965414,2.3088002542738271,0,-1.3267204090965414,2.3088002542738271,0,0.029328596759841129,0.020142893937816087,-4.4970683929298001e-06,0.029310873327466763,0.020125930488556803,7.7457735985613387e-06,-0.20424221753833074,1.5797815473329893,0.00033699895395807077,-0.20404637156583039,1.5803596617157449,-8.3732473027957533e-05,-0.17491362077848963,1.5999244412708054,0.00033250188556514099,-0.17473549823836362,1.6004855922043018,-7.5986699429396196e-05,0,0,0,0,0,0,0,0,0,0,0,0
control,0,203,1015,1020,2030000000,2030000000,0,-1,0.01,1,1,0,0,none,0,0,1,1,-0.088495770473663277,1.318228544500346e-05,0.5658293839111419,0.99995192948777967,-1.0910954631748723e-05,-0.0098050290472876667,-3.5983242741265574e-09,4.7675833778173225e-06,-6.8999575324977414e-08,7.5668255866914273e-07,1.1940152591914806e-07,8.4323655955232899e-06,1.2876860314756874e-08,-1.3291779347615118,2.3071074141344639,1.4390826566236156e-05,-1.3291764449007648,2.307108831136937,-2.6654428911320014e-05,0.00010472859638797692,0.00011179372230761746,5.9599537110234662e-06,0.00010462788824835535,0.0001117549899962786,7.3318146016185354e-06,-0.1749061003374274,1.5999303494371009,0.00033238317824874894,-0.17472798556345825,1.6004915144897256,-7.6101819486107671e-05,0.1749061003374274,-1.5999303494371009,-0.00033238317824874894,0.17472798556345825,-1.6004915144897256,7.6101819486107671e-05,-1.3267204090965414,2.3088002542738271,0,-1.3267204090965414,2.3088002542738271,0,0.029333215085062505,0.02014639108889717,-4.6152456554220193e-06,0.029315487818307999,0.020129445157686544,7.6297379433150777e-06,-0.20423931542248991,1.5797839583482036,0.00033699842390417096,-0.20404347338176626,1.580362069332039,-8.3731557429422745e-05,-0.1749061003374274,1.5999303494371009,0.00033238317824874894,-0.17472798556345825,1.6004915144897256,-7.6101819486107671e-05,0,0,0,0,0,0,0,0,0,0,0,0
control,0,204,1020,1025,2040000000,2040000000,0,-1,0.01,1,1,0,0,none,0,0,1,1,-0.088495796250165626,1.3181498146252294e-05,0.56582937998132632,0.99995192926737864,-1.0910275358920129e-05,-0.0098050515253009351,-3.5136089136446448e-09,-7.3512320266535985e-06,-8.4955316186101162e-08,-1.1402698096337674e-06,1.4612281566214763e-07,-1.2898598069395088e-05,2.1638033102044854e-08,-1.3291769591325582,2.3071084593323112,1.4456243452478346e-05,-1.3291754702129241,2.307109875901761,-2.6576082697083892e-05,9.2325719390090258e-05,9.9511146070226583e-05,7.7677685953608099e-06,9.2236568245041586e-05,9.9464407282253748e-05,9.0027093548455024e-06,-0.17489661341629806,1.599938384366943,0.00033227268360658388,-0.17471850830948271,1.6004995634760473,-7.6208040994414392e-05,0.17489661341629806,-1.599938384366943,-0.00033227268360658388,0.17471850830948271,-1.6004995634760473,7.6208040994414392e-05,-1.3267204090965414,2.3088002542738271,0,-1.3267204090965414,2.3088002542738271,0,0.029340111853115827,0.020152272579084668,-4.7252614655115441e-06,0.029322378544225047,0.020135343853869728,7.5226893413828913e-06,-0.20423672526941389,1.5797861117878584,0.00033699794507209541,-0.20404088685370775,1.5803642196221774,-8.3730730335797277e-05,-0.17489661341629806,1.599938384366943,0.00033227268360658388,-0.17471850830948271,1.6004995634760473,-7.6208040994414392e-05,0,0,0,0,0,0,0,0,0,0,0,0
control,0,205,1025,1030,2050000000,2050000000,0,-1,0.01,1,1,0,0,none,0,0,1,1,-0.088495938214311218,1.3180562982411824e-05,0.56582935786352628,0.99995192804435529,-1.090947202305893e-05,-0.0098051762534080555,-3.389620340071403e-09,-1.8620545573154109e-05,-9.8952066477079171e-08,-2.9043830603754724e-06,1.695200231451652e-07,-3.2734808514143672e-05,2.9605947054587912e-08,-1.3291761094139452,2.3071093791701953,1.4537538562461102e-05,-1.3291746213177251,2.3071107952319285,-2.6483262717991812e-05,7.9562665603512432e-05,8.6789410562106785e-05,9.3006718062610312e-06,7.9485458357528909e-05,8.6735595186549855e-05,1.0392367240866414e-05,-0.17488539943505199,1.5999483145850093,0.00033217122510664017,-0.17470730565791184,1.6005095075226172,-7.630463613269961e-05,0.17488539943505199,-1.5999483145850093,-0.00033217122510664017,0.17470730565791184,-1.6005095075226172,7.630463613269961e-05,-1.3267204090965414,2.3088002542738271,0,-1.3267204090965414,2.3088002542738271,0,0.029349059810439365,0.020160317127737845,-4.8262951590513816e-06,0.029331318466668029,0.020143405110002708,7.4253604533542221e-06,-0.20423445924549136,1.5797879974572715,0.00033699752026569154,-0.20403862412457988,1.5803661024126145,-8.3729996586053831e-05,-0.17488539943505199,1.5999483145850093,0.00033217122510664017,-0.17470730565791184,1.6005095075226172,-7.630463613269961e-05,0,0,0,0,0,0,0,0,0,0,0,0
control,0,206,1030,1035,2060000000,2060000000,0,-1,0.01,1,1,0,0,none,0,0,1,1,-0.088496187347921751,1.3179499974025994e-05,0.56582931896806266,0.99995192589646953,-1.0908561634913423e-05,-0.0098053952977650433,-3.2302563403431457e-09,-2.8955875031058299e-05,-1.1092204934697929e-07,-4.5224295083781062e-06,1.8948208962193141e-07,-5.0927528334469607e-05,3.672734852525159e-08,-1.3291753881860133,2.3071101703318622,1.4632080993456486e-05,-1.3291739007926267,2.3071115858206999,-2.6378650913596905e-05,6.6618789623894636e-05,7.3810942629699516e-05,1.0561244601608094e-05,6.6553739276658226e-05,7.375101882620182e-05,1.1505505873549521e-05,-0.17487270389793452,1.5999598999652382,0.00033207946491451627,-0.17469462286868934,1.6005211063483888,-7.6391039577253456e-05,0.17487270389793452,-1.5999598999652382,-0.00033207946491451627,0.17469462286868934,-1.6005211063483888,7.6391039577253456e-05,-1.3267204090965414,2.3088002542738271,0,-1.3267204090965414,2.3088002542738271,0,0.029359820889226937,0.020170290889634297,-4.9176865281173503e-06,0.029342069744107645,0.020153394909287178,7.3383199804015959e-06,-0.20423252478716147,1.5797896090756038,0.00033699715144263362,-0.20403669261279697,1.5803677114391017,-8.372935955765505e-05,-0.17487270389793452,1.5999598999652382,0.00033207946491451627,-0.17469462286868934,1.6005211063483888,-7.6391039577253456e-05,0,0,0,0,0,0,0,0,0,0,0,0
control,0,207,1035,1040,2070000000,2070000000,0,-1,0.01,1,1,0,0,none,0,0,1,1,-0.088496533888298076,1.3178329642317838e-05,0.56582926482185336,0.99995192290788659,-1.0907561613272789e-05,-0.0098057000691345389,-3.0396287012056019e-09,-3.8289448592125149e-05,-1.2082686075861769e-07,-5.9837943854426955e-06,2.0594750265444929e-07,-6.7357429215099036e-05,4.2962801616595932e-08,-1.3291747962894707,2.3071108312760136,1.4737282181901045e-05,-1.3291733094771443,2.3071122461365987,-2.6264865999910635e-05,5.3664346728546156e-05,6.0749915502991739e-05,1.1554984239325293e-05,5.3611500737562246e-05,6.0684876466099618e-05,1.2349676871566693e-05,-0.17485877501206687,1.5999728952074819,0.00033199790587763007,-0.17468070790220885,1.6005341145099412,-7.6466845261587065e-05,0.17485877501206687,-1.5999728952074819,-0.00033199790587763007,0.17468070790220885,-1.6005341145099412,7.6466845261587065e-05,-1.3267204090965414,2.3088002542738271,0,-1.3267204090965414,2.3088002542738271,0,0.029372149795057947,0.020181951100507446,-4.9989338665365779e-06,0.029354387316128008,0.020165070332041152,7.2619759563948551e-06,-0.20423092480712482,1.5797909441069744,0.00033699683974416667,-0.20403509521833685,1.5803690441779001,-8.3728821217981918e-05,-0.17485877501206687,1.5999728952074819,0.00033199790587763007,-0.17468070790220885,1.6005341145099412,-7.6466845261587065e-05,0,0,0,0,0,0,0,0,0,0,0,0
control,0,208,1040,1045,2080000000,2080000000,0,-1,0.01,1,1,0,0,none,0,0,1,1,-0.088496967494205839,1.3177072722133975e-05,0.56582919704245738,0.99995191916775394,-1.0906489542345047e-05,-0.0098060814689409394,-2.8219987321067938e-09,-4.6569985763191256e-05,-1.2865631662540327e-07,-7.2804417421644182e-06,2.1890231854447114e-07,-8.1934206973363922e-05,4.828636288137156e-08,-1.3291743329248,2.3071113621443038,1.4850622471726589e-05,-1.3291728465721682,2.3071127763312749,-2.6144437834675141e-05,4.0858987559447407e-05,4.7770634309616352e-05,1.2290069152091121e-05,4.0818237744137305e-05,4.7701485353963613e-05,1.2935011035982665e-05,-0.17484386048508971,1.5999870531592493,0.00033192689533380538,-0.17466580822016808,1.600548284724481,-7.6531801391104589e-05,0.17484386048508971,-1.5999870531592493,-0.00033192689533380538,0.17466580822016808,-1.600548284724481,7.6531801391104589e-05,-1.3267204090965414,2.3088002542738271,0,-1.3267204090965414,2.3088002542738271,0,0.029385797457763999,0.020195049602814916,-5.0696901991225323e-06,0.029368022350904605,0.020178183082595405,7.1965807986034092e-06,-0.20422965794285369,1.5797920035564343,0.00033699658553292791,-0.20403383057107269,1.5803701016418856,-8.3728382189708004e-05,-0.17484386048508971,1.5999870531592493,0.00033192689533380538,-0.17466580822016808,1.600548284724481,-7.6531801391104589e-05,0,0,0,0,0,0,0,0,0,0,0,0
control,0,209,1045,1050,2090000000,2090000000,0,-1,0.01,1,1,0,0,none,0,0,1,1,-0.088497477408527578,1.317574988819837e-05,0.56582911731263807,0.9999519147688043,-1.0905362940536689e-05,-0.0098065300323958559,-2.5817147426616279e-09,-5.3762290438314273e-05,-1.3442700769010494e-07,-8.4068510438958969e-06,2.2837769337097669e-07,-9.459586602713405e-05,5.2685107322988257e-08,-1.3291739957654334,2.3071117646545027,1.4969675322513153e-05,-1.3291725097530269,2.3071131781325454,-2.6019784328496491e-05,2.8350476459606698e-05,3.5026143584776454e-05,1.2777105403215751e-05,2.8321570204052393e-05,3.4953889719221558e-05,1.3273947279451101e-05,-0.17482820452971579,1.6000021279519974,0.00033186663057096409,-0.17465016779314474,1.6005633710070588,-7.6585803893865673e-05,0.17482820452971579,-1.6000021279519974,-0.00033186663057096409,0.17465016779314474,-1.6005633710070588,7.6585803893865673e-05,-1.3267204090965414,2.3088002542738271,0,-1.3267204090965414,2.3088002542738271,0,0.029400514312013983,0.020209336216514787,-5.1297578669147336e-06,0.029382725522519797,0.020192482860801785,7.142237934576393e-06,-0.20422871884172977,1.5797927917354826,0.00033699638843787881,-0.20403289331566454,1.580370888146257,-8.3728041828442059e-05,-0.17482820452971579,1.6000021279519974,0.00033186663057096409,-0.17465016779314474,1.6005633710070588,-7.6585803893865673e-05,0,0,0,0,0,0,0,0,0,0,0,0
control,0,210,1050,1055,2100000000,2100000000,0,-1,0.01,1,1,0,0,none,0,0,1,1,-0.088498052615802847,1.3174381497391872e-05,0.56582902735572349,0.9999519098060049,-1.0904199042923951e-05,-0.0098070360671283583,-2.3231521306523456e-09,-5.9846672889562296e-05,-1.3818059680218605e-07,-9.3599270905109207e-06,2.3444698156092416e-07,-0.00010530770273347081,5.6158519710722836e-08,-1.3291737810824478,2.3071120419810698,1.5092129000094465e-05,-1.3291722952940699,2.3071134547248437,-2.5893191034096535e-05,1.6273634927376292e-05,2.2657060316946313e-05,1.302885820531691e-05,1.6256187475945672e-05,2.2582694422106997e-05,1.3380949189787901e-05,-0.17481204509852852,1.6000178779245242,0.00033181716579505855,-0.17463402433813044,1.60057913159476,-7.6628888460193639e-05,0.17481204509852852,-1.6000178779245242,-0.00033181716579505855,0.17463402433813044,-1.60057913159476,7.6628888460193639e-05,-1.3267204090965414,2.3088002542738271,0,-1.3267204090965414,2.3088002542738271,0,0.029416053378484998,0.020224561922612003,-5.1790816102941848e-06,0.029398250089127508,0.020207720546166676,7.0989098507395655e-06,-0.20422809847701351,1.5797933160019122,0.00033699624740535271,-0.20403227442725794,1.5803714110485934,-8.3727798310933207e-05,-0.17481204509852852,1.6000178779245242,0.00033181716579505855,-0.17463402433813044,1.60057913159476,-7.6628888460193639e-05,0,0,0,0,0,0,0,0,0,0,0,0
control,0,211,1055,1060,2110000000,2110000000,0,-1,0.01,1,1,0,0,none,0,0,1,1,-0.088498681993051831,1.3172987349417652e-05,0.56582892891201431,0.99995190437526305,-1.0903014599398908e-05,-0.0098075897859076378,-2.0506566901941525e-09,-6.4818218483462132e-05,-1.3998189464685455e-07,-1.0138885893272365e-05,2.3722246349679125e-07,-0.00011406101892777386,5.8717763152907675e-08,-1.3291736838785406,2.3071121986253802,1.5215805633637402e-05,-1.3291721982025113,2.3071136106193353,-2.5766793503842922e-05,4.7495098989021148e-06,1.0790631589580925e-05,1.3059973242678012e-05,4.7430175446322036e-06,1.0715123297244806e-05,1.3272213974892473e-05,-0.17479561136972818,1.6000340683127385,0.00033177842040299206,-0.17461760680686708,1.6005953316370169,-7.6661221379686789e-05,0.17479561136972818,-1.6000340683127385,-0.00033177842040299206,0.17461760680686708,-1.6005953316370169,7.6661221379686789e-05,-1.3267204090965414,2.3088002542738271,0,-1.3267204090965414,2.3088002542738271,0,0.029432173119141963,0.02024048183397811,-5.2177403522251209e-06,0.029414354745321631,0.020223651168955515,7.0664273524082529e-06,-0.20422778448887013,1.5797935864787604,0.00033699616075521719,-0.20403196155218872,1.5803716804680614,-8.3727648732095041e-05,-0.17479561136972818,1.6000340683127385,0.00033177842040299206,-0.17461760680686708,1.6005953316370169,-7.6661221379686789e-05,0,0,0,0,0,0,0,0,0,0,0,0
control,0,212,1060,1065,2120000000,2120000000,0,-1,0.01,1,1,0,0,none,0,0,1,1,-0.088499354452457948,1.3171586467848768e-05,0.56582882371646126,0.99995189857219735,-1.0901825690168173e-05,-0.0098081814322060114,-1.7684916521194186e-09,-6.8685921622782509e-05,-1.3991675054382743e-07,-1.0745119646952545e-05,2.3685176297867412e-07,-0.00012087159822524255,6.0384848743206678e-08,-1.3291736980290705,2.3071122402778541,1.5338677564603668e-05,-1.329172212359337,2.3071136515159383,-2.5642562464132032e-05,-6.1152390643645619e-06,-4.5998376486399459e-07,1.2886691758860282e-05,-6.1113851614624473e-06,-5.3569837908881178e-07,1.2965377793446956e-05,-0.17477912149575542,1.6000504736844428,0.00033175018838381632,-0.17460113313667813,1.6006117456307367,-7.6683089359549339e-05,0.17477912149575542,-1.6000504736844428,-0.00033175018838381632,0.17460113313667813,-1.6006117456307367,7.6683089359549339e-05,-1.3267204090965414,2.3088002542738271,0,-1.3267204090965414,2.3088002542738271,0,0.029448640048945169,0.020256857927322805,-5.2459378573241142e-06,0.029430806231289311,0.020240036642234099,7.044499849567262e-06,-0.2042277615447006,1.57979361575712,0.00033699612624114042,-0.20403193936796743,1.5803717089885025,-8.3727589209116603e-05,-0.17477912149575542,1.6000504736844428,0.00033175018838381632,-0.17460113313667813,1.6006117456307367,-7.6683089359549339e-05,0,0,0,0,0,0,0,0,0,0,0,0
control,0,213,1065,1070,2130000000,2130000000,0,-1,0.01,1,1,0,0,none,0,0,1,1,-0.088500059074678644,1.3170196903184718e-05,0.56582871347780495,0.99995189249099337,-1.0900647559966907e-05,-0.0098088013975166539,-1.4807889074008551e-09,-7.1471703999748736e-05,-1.3808979537295304e-07,-1.1182043482186077e-05,2.3351401871630053e-07,-0.00012577797865224286,6.1191713302445833e-08,-1.3291738164279943,2.307112173674176,1.5458880949417486e-05,-1.3291723306651015,2.3071135841594455,-2.5522291819721674e-05,-1.6228737116282266e-05,-1.0996217497082786e-05,1.2526563150774535e-05,-1.6215236656947745e-05,-1.1071245337973093e-05,1.247922102869048e-05,-0.17476278063006523,1.6000668801095013,0.0003317321486716079,-0.17458480827923162,1.6006281595906289,-7.6694888496462406e-05,0.17476278063006523,-1.6000668801095013,-0.0003317321486716079,0.17458480827923162,-1.6006281595906289,7.6694888496462406e-05,-1.3267204090965414,2.3088002542738271,0,-1.3267204090965414,2.3088002542738271,0,0.029465231083108362,0.02027346152205867,-5.263992442363972e-06,0.02944738167770676,0.020256648240586358,7.032726494481978e-06,-0.20422801171317359,1.5797934185874425,0.00033699614111397185,-0.20403218995693836,1.5803715113500425,-8.372761499094438e-05,-0.17476278063006523,1.6000668801095013,0.0003317321486716079,-0.17458480827923162,1.6006281595906289,-7.6694888496462406e-05,0,0,0,0,0,0,0,0,0,0,0,0
control,0,214,1070,1075,2140000000,2140000000,0,-1,0.01,1,1,0,0,none,0,0,1,1,-0.088500785231740084,1.3168835559175692e-05,0.5658285998593422,0.99995188622334319,-1.0899494472040341e-05,-0.0098094403295089193,-1.1915047756784417e-09,-7.3209336369921822e-05,-1.346220732364673e-07,-1.1454927157718727e-05,2.2741587005902224e-07,-0.00012883955541555386,6.1179231157792231e-08,-1.3291740311366171,2.30711200644773,1.5574726616576163e-05,-1.3291725451885337,2.3071134161918705,-2.5407589462186134e-05,-2.5514086984993884e-05,-2.0734383617744817e-05,1.1998159275024313e-05,-2.5491716042023574e-05,-2.0807883024486802e-05,1.1833377829382761e-05,-0.17474677923515128,1.6000830870524199,0.00033172387623854512,-0.17456882251023118,1.6006443729417092,-7.6697112624279207e-05,0.17474677923515128,-1.6000830870524199,-0.00033172387623854512,0.17456882251023118,-1.6006443729417092,7.6697112624279207e-05,-1.3267204090965414,2.3088002542738271,0,-1.3267204090965414,2.3088002542738271,0,0.029481735611385999,0.020290075488591953,-5.2723259487240649e-06,0.029463870677969926,0.020273268808015648,7.0306079471867015e-06,-0.20422851484653728,1.5797930115638279,0.0003369962021872692,-0.20403269318820111,1.5803711041336936,-8.3727720571465905e-05,-0.17474677923515128,1.6000830870524199,0.00033172387623854512,-0.17456882251023118,1.6006443729417092,-7.6697112624279207e-05,0,0,0,0,0,0,0,0,0,0,0,0
control,0,215,1075,1080,2150000000,2150000000,0,-1,0.01,1,1,0,0,none,0,0,1,1,-0.088501522698668372,1.3167518043308711e-05,0.5658284844614494,0.99995187985748524,-1.0898379582636031e-05,-0.0098100892302736414,-9.0438060754356295e-10,-7.3943283090367263e-05,-1.2964859816489928e-07,-1.1570714635177186e-05,2.1878731976975954e-07,-0.0001301345476812771,6.0396168057494341e-08,-1.3291743335331598,2.3071117469802989,1.5684708210666755e-05,-1.3291728473159583,2.3071131560030698,-2.5299870826016565e-05,-3.3909366675091925e-05,-2.9605770000347621e-05,1.1320793235278096e-05,-3.3878963155038408e-05,-2.9676958192994416e-05,1.1048052427921522e-05,-0.1747312916765795,1.6000989089829329,0.00033172485377907206,-0.17455335002486155,1.6006602001296388,-7.6690341178370142e-05,0.1747312916765795,-1.6000989089829329,-0.00033172485377907206,0.17455335002486155,-1.6006602001296388,7.6690341178370142e-05,-1.3267204090965414,2.3088002542738271,0,-1.3267204090965414,2.3088002542738271,0,0.029497957289433489,0.020306496177339012,-5.2714521249639309e-06,0.029480077077735055,0.020289694686377133,7.0375586264088931e-06,-0.20422924896601299,1.579792412805594,0.00033699630590403599,-0.20403342710259662,1.5803705054432617,-8.3727899804779033e-05,-0.1747312916765795,1.6000989089829329,0.00033172485377907206,-0.17455335002486155,1.6006602001296388,-7.6690341178370142e-05,0,0,0,0,0,0,0,0,0,0,0,0
control,0,216,1080,1085,2160000000,2160000000,0,-1,0.01,1,1,0,0,none,0,0,1,1,-0.088502261753197461,1.3166258541994595e-05,0.56582836880597032,0.99995187347734205,-1.0897314836448923e-05,-0.009810739544078859,-6.2290842979535553e-10,-7.3727488387753356e-05,-1.233158707447773e-07,-1.153783444923452e-05,2.0787753154568766e-07,-0.0001297578627272732,5.8898101379188617e-08,-1.3291747144612669,2.3071114042529572,1.5787507687662878e-05,-1.3291732278996615,2.3071128125815674,-2.5200355104986485e-05,-4.13674442983408e-05,-3.7556541447627244e-05,1.0514246324071971e-05,-4.1329893561188397e-05,-3.7624700915410399e-05,1.0143745909831466e-05,-0.1747164751022269,1.6001141767027947,0.00033173448378127722,-0.17453854781809841,1.6006754719470802,-7.6675226785008897e-05,0.1747164751022269,-1.6001141767027947,-0.00033173448378127722,0.17453854781809841,-1.6006754719470802,7.6675226785008897e-05,-1.3267204090965414,2.3088002542738271,0,-1.3267204090965414,2.3088002542738271,0,0.029513715543153057,0.020322535062609344,-5.261964622502462e-06,0.029495820477782906,0.02030573735848892,7.0529192360043721e-06,-0.20423019064537995,1.5797916416401854,0.00033699644840377971,-0.20403436829588131,1.5803697345885912,-8.3728146021013269e-05,-0.1747164751022269,1.6001141767027947,0.00033173448378127722,-0.17453854781809841,1.6006754719470802,-7.6675226785008897e-05,0,0,0,0,0,0,0,0,0,0,0,0
control,0,217,1085,1090,2170000000,2170000000,0,-1,0.01,1,1,0,0,none,0,0,1,1,-0.088502993263083363,1.3165069720653726e-05,0.56582825432253836,0.99995186716176554,-1.0896310883174254e-05,-0.0098113832342207712,-3.5030176359362289e-10,-7.2624122825987094e-05,-1.1577938829342388e-07,-1.1366003867672768e-05,1.9495061965347406e-07,-0.00012781888997668011,5.6746316305011759e-08,-1.3291751643757126,2.3071109876989726,1.5881998254979061e-05,-1.329173677403453,2.307112395367394,-2.5110064013685698e-05,-4.7855624565041282e-05,-4.4547466377912566e-05,9.5985057372572689e-06,-4.7811845350133169e-05,-4.4611950193808486e-05,9.1409958305684418e-06,-0.17470246860127459,1.6001287383890281,0.00033175210082569658,-0.17452455484455365,1.6006900365764256,-7.6652482728678642e-05,0.17470246860127459,-1.6001287383890281,-0.00033175210082569658,0.17452455484455365,-1.6006900365764256,7.6652482728678642e-05,-1.3267204090965414,2.3088002542738271,0,-1.3267204090965414,2.3088002542738271,0,0.029528846786901496,0.020338020097820441,-5.244524763356581e-06,0.02951093745096459,0.020321224802487693,7.0759694125772869e-06,-0.20423131538817607,1.5797907182912077,0.00033699662558905316,-0.20403549229551823,1.5803688117739378,-8.3728452141255936e-05,-0.17470246860127459,1.6001287383890281,0.00033175210082569658,-0.17452455484455365,1.6006900365764256,-7.6652482728678642e-05,0,0,0,0,0,0,0,0,0,0,0,0
control,0,218,1090,1095,2180000000,2180000000,0,-1,0.01,1,1,0,0,none,0,0,1,1,-0.088503708760733962,1.3163962648570371e-05,0.56582814233688339,0.99995186098389111,-1.0895377015044131e-05,-0.0098120128487141686,-8.9471680842847455e-11,-7.070230781387209e-05,-1.0720118074847934e-07,-1.1066029491274962e-05,1.8028148488664855e-07,-0.00012443925632318965,5.4006696264746577e-08,-1.3291756734836973,2.3071105070603792,1.5967244874434276e-05,-1.3291741860438269,2.307111914108622,-2.5029822955913956e-05,-5.3355140533515285e-05,-5.05534827815601e-05,8.5935156134981669e-06,-5.3306071377499384e-05,-5.0613718805630392e-05,8.0601311204009299e-06,-0.17468939263764843,1.6001424603606162,0.00033177698394769431,-0.17451149145238926,1.6007037603556284,-7.6622870459479872e-05,0.17468939263764843,-1.6001424603606162,-0.00033177698394769431,0.17451149145238926,-1.6007037603556284,7.6622870459479872e-05,-1.3267204090965414,2.3088002542738271,0,-1.3267204090965414,2.3088002542738271,0,0.029543205356670113,0.02035279678554635,-5.219849243005191e-06,0.029525282474491474,0.020336002560668767,7.1059403307541401e-06,-0.20423259799431856,1.5797896635750699,0.00033699683319069948,-0.20403677392688072,1.5803677577949597,-8.3728810790234005e-05,-0.17468939263764843,1.6001424603606162,0.00033177698394769431,-0.17451149145238926,1.6007037603556284,-7.6622870459479872e-05,0,0,0,0,0,0,0,0,0,0,0,0
control,0,219,1095,1100,2190000000,2190000000,0,-1,0.01,1,1,0,0,none,0,0,1,1,-0.088504400505037356,1.3162946748083959e-05,0.56582803406113757,0.99995185501060002,-1.0894521124970388e-05,-0.0098126215747189709,1.5699191328755668e-10,-6.8036835097878934e-05,-9.7747401029152472e-08,-1.0649607047146079e-05,1.6415174485863055e-07,-0.00011975057254555232,5.0748621586091334e-08,-1.3291762318802902,2.3071099722497621,1.6042502470108873e-05,-1.3291747439252697,2.3071113787231048,-2.4960264439307713e-05,-5.7860507746611098e-05,-5.5563117675734496e-05,7.5189438348047962e-06,-5.780709398496064e-05,-5.5618611698505788e-05,6.9210445471448056e-06,-0.17467734874570984,1.6001552275747051,0.0003318083688983105,-0.17449945907935199,1.6007165282736864,-7.6587187301087526e-05,0.17467734874570984,-1.6001552275747051,-0.0003318083688983105,0.17449945907935199,-1.6007165282736864,7.6587187301087526e-05,-1.3267204090965414,2.3088002542738271,0,-1.3267204090965414,2.3088002542738271,0,0.02955666416660533,0.020366728965293117,-5.1886979327729011e-06,0.029538728585716503,0.020349934526215113,7.1420271044350739e-06,-0.20423401291231516,1.579788498609412,0.00033699706683108343,-0.20403818766506848,1.5803665937474713,-8.3729214405522603e-05,-0.17467734874570984,1.6001552275747051,0.0003318083688983105,-0.17449945907935199,1.6007165282736864,-7.6587187301087526e-05,0,0,0,0,0,0,0,0,0,0,0,0
control,0,220,1100,1105,2200000000,2200000000,0,-1,0.01,1,1,0,0,none,0,0,1,1,-0.088505061530435927,1.3162029767398599e-05,0.56582793058613801,0.99995184930209369,-1.0893749684673493e-05,-0.0098132032817436071,3.8683384756323695e-10,-6.4706897221386203e-05,-8.758599855567252e-08,-1.012912279727956e-05,1.4684580744255018e-07,-0.00011389219896721259,4.7043889483530864e-08,-1.3291768296767283,2.3071093932185942,1.610721200175262e-05,-1.3291753411684351,2.307110799166797,-2.4901833558803867e-05,-6.1378756329145235e-05,-5.9577777222467248e-05,6.393966211884407e-06,-6.1321937870377081e-05,-5.9628114997715986e-05,5.7429841439940132e-06,-0.17466641947694983,1.6001669438647508,0.00033184546017354753,-0.17448854019940405,1.6007282442076538,-7.6546254481719452e-05,0.17466641947694983,-1.6001669438647508,-0.00033184546017354753,0.17448854019940405,-1.6007282442076538,7.6546254481719452e-05,-1.3267204090965414,2.3088002542738271,0,-1.3267204090965414,2.3088002542738271,0,0.029569115096736678,0.020379699328628043,-5.1518619111200061e-06,0.029551167769529041,0.020362903456857935,7.1834008604414599e-06,-0.20423553457368651,1.5797872445361227,0.00033699732208466754,-0.20403970796893309,1.5803653407507958,-8.3729655342160906e-05,-0.17466641947694983,1.6001669438647508,0.00033184546017354753,-0.17448854019940405,1.6007282442076538,-7.6546254481719452e-05,0,0,0,0,0,0,0,0,0,0,0,0
control,0,221,1105,1110,2210000000,2210000000,0,-1,0.01,1,1,0,0,none,0,0,1,1,-0.088505685683444565,1.3161217776037224e-05,0.56582783287569283,0.99995184391157232,-1.0893067741962141e-05,-0.0098137525538007052,5.9814223453305333e-10,-6.0794843766342543e-05,-7.6884499248632717e-08,-9.5174589595667394e-06,1.2864712632867113e-07,-0.00010700905643395708,4.2965666860597216e-08,-1.3291774571204564,2.3071087798333463,1.6160994580791742e-05,-1.3291759680300659,2.3071101853098441,-2.4854795356966624e-05,-6.3928558896356701e-05,-6.2610923490708206e-05,5.2370698253370204e-06,-6.3869258802940336e-05,-6.265577175521807e-05,4.5443652251733195e-06,-0.17465666858129356,1.6001775319324345,0.00033188744266985238,-0.17447879850386044,1.6007388309135933,-7.650090562585991e-05,0.17465666858129356,-1.6001775319324345,-0.00033188744266985238,0.17447879850386044,-1.6007388309135933,7.650090562585991e-05,-1.3267204090965414,2.3088002542738271,0,-1.3267204090965414,2.3088002542738271,0,0.029580469125324516,0.02039160967100553,-5.1101518655043734e-06,0.029562511090497796,0.020374811225428082,7.2292203458313202e-06,-0.20423713770661808,1.579785922261429,0.00033699759453535678,-0.20404130959435823,1.5803640196881652,-8.3730125971691235e-05,-0.17465666858129356,1.6001775319324345,0.00033188744266985238,-0.17447879850386044,1.6007388309135933,-7.650090562585991e-05,0,0,0,0,0,0,0,0,0,0,0,0
control,0,222,1110,1115,2220000000,2220000000,0,-1,0.01,1,1,0,0,none,0,0,1,1,-0.08850626764695553,1.3160515181733114e-05,0.56582774176275896,0.99995183888502337,-1.0892478936130421e-05,-0.0098142647108144365,7.8935219184894172e-10,-5.6384976976658293e-05,-6.5807915325494207e-08,-8.8278052065095911e-06,1.0983467804806605e-07,-9.9249506531347233e-05,3.85874886015828e-08,-1.3291781047059592,2.307108141760382,1.6203643818842606e-05,-1.3291766150137181,2.3071095468214753,-2.4819243858225385e-05,-6.5539270643355217e-05,-6.4687155768972264e-05,4.0658766037534318e-06,-6.5478384667766944e-05,-6.4726262230581735e-05,3.3426038417014503e-06,-0.17464814140733556,1.6001869331101495,0.0003319334928542764,-0.17447027930114381,1.6007482297878441,-7.6451975809377844e-05,0.17464814140733556,-1.6001869331101495,-0.0003319334928542764,0.17447027930114381,-1.6007482297878441,7.6451975809377844e-05,-1.3267204090965414,2.3088002542738271,0,-1.3267204090965414,2.3088002542738271,0,0.029590656218978346,0.020402380894993844,-5.0643869758404532e-06,0.029572688583121533,0.020385578821567239,7.2786429653825429e-06,-0.20423879762631392,1.5797845522151557,0.00033699787983011687,-0.20404296788426535,1.5803626509662769,-8.3730618774760393e-05,-0.17464814140733556,1.6001869331101495,0.0003319334928542764,-0.17447027930114381,1.6007482297878441,-7.6451975809377844e-05,0,0,0,0,0,0,0,0,0,0,0,0
control,0,223,1115,1120,2230000000,2230000000,0,-1,0.01,1,1,0,0,none,0,0,1,1,-0.088506802952796851,1.3159924767348946e-05,0.5658276579474576,0.99995183426110779,-1.089198553027011e-05,-0.0098147358196916407,9.5924497614691448e-10,-5.1562399006814031e-05,-5.451680318592639e-08,-8.0734781944242087e-06,9.0679690982356694e-08,-9.076332262010809e-05,3.3982310314961703e-08,-1.3291787632756116,2.3071074883604998,1.6235116609369824e-05,-1.3291772729705114,2.3071088930645525,-2.4795112565434634e-05,-6.6249899428993315e-05,-6.5841213146661788e-05,2.8969882283306105e-06,-6.6188286545447252e-05,-6.5874405516709879e-05,2.1539725872259302e-06,-0.17464086550199806,1.6001951069105336,0.00033198278933421781,-0.17446301011579923,1.6007564004153161,-7.64002912862881e-05,0.17464086550199806,-1.6001951069105336,-0.00033198278933421781,0.17446301011579923,-1.6007564004153161,7.64002912862881e-05,-1.3267204090965414,2.3088002542738271,0,-1.3267204090965414,2.3088002542738271,0,0.029599624997985213,0.020411952779646778,-5.0153843942274777e-06,0.029581648917457303,0.020395146119570266,7.3308351402690932e-06,-0.20424049049998327,1.5797831541308869,0.00033699817372844529,-0.20404465903325653,1.5803612542957459,-8.3731126426557186e-05,-0.17464086550199806,1.6001951069105336,0.00033198278933421781,-0.17446301011579923,1.6007564004153161,-7.64002912862881e-05,0,0,0,0,0,0,0,0,0,0,0,0
control,0,224,1120,1125,2240000000,2240000000,0,-1,0.01,1,1,0,0,none,0,0,1,1,-0.088507287983128125,1.3159447746240689e-05,0.56582758199683814,0.9999518300711453,-1.0891588459149255e-05,-0.0098151626955692503,1.1069428118746692e-09,-4.6411921654111686e-05,-4.316548591743938e-08,-7.2677508208329942e-06,7.1442654280148778e-08,-8.1699770792394611e-05,2.9221624602748425e-08,-1.3291794241099384,2.3071068285938097,1.6255522549007743e-05,-1.3291779331893003,2.3071082330004593,-2.4782186202973722e-05,-6.6108022549617458e-05,-6.6116915666371707e-05,1.7458527439700192e-06,-6.6046496540738252e-05,-6.614409979598217e-05,9.934789541216263e-07,-0.17463485139019358,1.6002020303821347,0.00033203452274544918,-0.17445700146734103,1.6007633199239242,-7.6346659961307843e-05,0.17463485139019358,-1.6002020303821347,-0.00033203452274544918,0.17445700146734103,-1.6007633199239242,7.6346659961307843e-05,-1.3267204090965414,2.3088002542738271,0,-1.3267204090965414,2.3088002542738271,0,0.029607342194587934,0.02042028353370838,-4.9639494019008237e-06,0.029589358857917913,0.020403471430107102,7.3849819131860351e-06,-0.20424219358478152,1.5797817468484263,0.00033699847214735,-0.20404636032525894,1.5803598484938171,-8.3731641874493879e-05,-0.17463485139019358,1.6002020303821347,0.00033203452274544918,-0.17445700146734103,1.6007633199239242,-7.6346659961307843e-05,0,0,0,0,0,0,0,0,0,0,0,0
control,0,225,1125,1130,2250000000,2250000000,0,-1,0.01,1,1,0,0,none,0,0,1,1,-0.088507719961355646,1.3159083834337725e-05,0.56582751434628498,0.99995182633918878,-1.0891287391185776e-05,-0.0098155428938385639,1.2318997350923686e-09,-4.1017047980372127e-05,-3.1900453813889709e-08,-6.4236927016530866e-06,5.2370629102324694e-08,-7.2205817309184148e-05,2.4374647554196073e-08,-1.3291800790068504,2.3071061709354543,1.6265112209617379e-05,-1.3291785874758337,2.3071075751048467,-2.4780113488381642e-05,-6.5168666903360034e-05,-6.556606072831844e-05,6.26653331818783e-07,-6.5107989049536957e-05,-6.5587217900081246e-05,-1.2523355673091174e-07,-0.17463009351346614,1.6002076972911108,0.00033208790487209501,-0.17445224780787988,1.6007689821649727,-7.6291862683319073e-05,0.17463009351346614,-1.6002076972911108,-0.00033208790487209501,0.17445224780787988,-1.6007689821649727,7.6291862683319073e-05,-1.3267204090965414,2.3088002542738271,0,-1.3267204090965414,2.3088002542738271,0,0.029613791924062952,0.020427349151565258,-4.9108663294761528e-06,0.029595802535081872,0.020410530854615107,7.4402957243510383e-06,-0.20424388543752908,1.5797803481395456,0.00033699877120157117,-0.20404805034296175,1.5803584513103575,-8.373215840767011e-05,-0.17463009351346614,1.6002076972911108,0.00033208790487209501,-0.17445224780787988,1.6007689821649727,-7.6291862683319073e-05,0,0,0,0,0,0,0,0,0,0,0,0
control,0,226,1130,1135,2260000000,2260000000,0,-1,0.01,1,1,0,0,none,0,0,1,1,-0.08850809693333539,1.3158831337096373e-05,0.56582745530244483,0.99995182308218389,-1.0891080802948896e-05,-0.0098158746936218722,1.3338888009495379e-09,-3.545903376540545e-05,-2.0858952868106002e-08,-5.5540231219107349e-06,3.369487865648192e-08,-6.2424476508052767e-05,1.9507582278565996e-08,-1.3291807203495787,2.3071055233025288,1.6264264472623952e-05,-1.3291792282206203,2.3071069272945852,-2.4788420715722033e-05,-6.3493168441689982e-05,-6.4247291066578388e-05,-4.4778088813494717e-07,-6.3434041325301379e-05,-6.4262474523062895e-05,-1.1899618297902887e-06,-0.1746265713062829,1.6002121171498849,0.00033214217694147163,-0.17444872859730595,1.6007733967404876,-7.6236645411579548e-05,0.1746265713062829,-1.6002121171498849,-0.00033214217694147163,0.17444872859730595,-1.6007733967404876,7.6236645411579548e-05,-1.3267204090965414,2.3088002542738271,0,-1.3267204090965414,2.3088002542738271,0,0.029618974789109541,0.020433142592178769,-4.856890297380438e-06,0.029600980550934262,0.020416317462686785,7.4960243062061244e-06,-0.20424554609539244,1.579778974557706,0.00033699906723885206,-0.20404970914824022,1.5803570792778008,-8.3732669717785668e-05,-0.1746265713062829,1.6002121171498849,0.00033214217694147163,-0.17444872859730595,1.6007733967404876,-7.6236645411579548e-05,0,0,0,0,0,0,0,0,0,0,0,0
control,0,227,1135,1140,2270000000,2270000000,0,-1,0.01,1,1,0,0,none,0,0,1,1,-0.088508417739702527,1.3158687249400631e-05,0.56582740504754325,0.99995182031020702,-1.0890966064552416e-05,-0.0098161570734392901,1.4129860349578995e-09,-2.9816035261676365e-05,-1.0167768664344373e-08,-4.670977461638286e-06,1.5628829393461719e-08,-5.2493310574869079e-05,1.4682964302013617e-08,-1.3291813411631863,2.3071048929923945,1.6253473136075124e-05,-1.3291798484553863,2.3071062968661149,-2.4806525936891121e-05,-6.1148026043525089e-05,-6.2224950023114612e-05,-1.466042192528096e-06,-6.1091088475147214e-05,-6.2234280814297069e-05,-2.189997425255519e-06,-0.1746242503883407,1.6002153141143169,0.00033219661703894293,-0.17444640949435514,1.6007765878991302,-7.618171229896701e-05,0.1746242503883407,-1.6002153141143169,-0.00033219661703894293,0.17444640949435514,-1.6007765878991302,7.618171229896701e-05,-1.3267204090965414,2.3088002542738271,0,-1.3267204090965414,2.3088002542738271,0,0.029622906838803885,0.020437672802225276,-4.8027398311961321e-06,0.029604908938850927,0.020420840313767431,7.5514576523301122e-06,-0.20424715722714459,1.5797776413120916,0.00033699935687013906,-0.20405131843320606,1.5803557475853629,-8.3733169951297128e-05,-0.1746242503883407,1.6002153141143169,0.00033219661703894293,-0.17444640949435514,1.6007765878991302,-7.618171229896701e-05,0,0,0,0,0,0,0,0,0,0,0,0
control,0,228,1140,1145,2280000000,2280000000,0,-1,0.01,1,1,0,0,none,0,0,1,1,-0.08850868198022073,1.3158647366426019e-05,0.56582736364495512,0.99995181802676936,-1.0890939534254843e-05,-0.0098163896798526724,1.4695515207319286e-09,-2.4162348255617493e-05,5.7789734485729054e-11,-3.7861878925638215e-06,-1.6336289173622844e-09,-4.2543089992706269e-05,9.9590912969759164e-09,-1.329181935159683,2.3071042866324181,1.6233333000918939e-05,-1.3291804418981448,2.3071056904452329,-2.483375353283766e-05,-5.820376424422125e-05,-5.9567938833042789e-05,-2.4181902796270441e-06,-5.8149587317026415e-05,-5.9571601049986748e-05,-3.116159473703688e-06,-0.1746230838509413,1.6002173257711125,0.00033225054660836759,-0.1744452436416315,1.6007785933222698,-7.6127719719191672e-05,0.1746230838509413,-1.6002173257711125,-0.00033225054660836759,0.1744452436416315,-1.6007785933222698,7.6127719719191672e-05,-1.3267204090965414,2.3088002542738271,0,-1.3267204090965414,2.3088002542738271,0,0.029625618404064802,0.020440963605157587,-4.7490903862943292e-06,0.029607618000215621,0.02042412334470442,7.6059340335364823e-06,-0.2042487022550061,1.5797763621659549,0.00033699963699466192,-0.20405286164184713,1.5803544699775653,-8.373365375272816e-05,-0.1746230838509413,1.6002173257711125,0.00033225054660836759,-0.1744452436416315,1.6007785933222698,-7.6127719719191672e-05,0,0,0,0,0,0,0,0,0,0,0,0
control,0,229,1145,1150,2290000000,2290000000,0,-1,0.01,1,1,0,0,none,0,0,1,1,-0.088508889971089036,1.3158706403457258e-05,0.56582733104587712,0.99995181622918561,-1.0890996660561733e-05,-0.0098165727899101121,1.5042080327438927e-09,-1.8567742006912751e-05,9.714704673848382e-09,-2.9105789555817788e-06,-1.7919502613524523e-08,-3.2696620956988682e-05,5.3895401508174038e-09,-1.3291824967719115,2.3071037101410456,1.6204525636013227e-05,-1.3291810029870497,2.3071051139482148,-2.4869348975388658e-05,-5.4733818392670864e-05,-5.6348589468016618e-05,-3.2957777869493464e-06,-5.4682902618381116e-05,-5.63468249725169e-05,-3.9608071607884064e-06,-0.17462301361538865,1.6002182018365847,0.00033230333601845155,-0.17444517302262255,1.6007794628215657,-7.6075271248508781e-05,0.17462301361538865,-1.6002182018365847,-0.00033230333601845155,0.17444517302262255,-1.6007794628215657,7.6075271248508781e-05,-1.3267204090965414,2.3088002542738271,0,-1.3267204090965414,2.3088002542738271,0,0.02962715283202948,0.020443052477579052,-4.6965688014565006e-06,0.029609151040026375,0.020426204144805695,7.6588450506560177e-06,-0.20425016644741814,1.5797751493590055,0.00033699990481990806,-0.20405432406264892,1.5803532586767599,-8.3734116299164806e-05,-0.17462301361538865,1.6002182018365847,0.00033230333601845155,-0.17444517302262255,1.6007794628215657,-7.6075271248508781e-05,0,0,0,0,0,0,0,0,0,0,0,0
control,0,230,1150,1155,2300000000,2300000000,0,-1,0.01,1,1,0,0,none,0,0,1,1,-0.088509042696168092,1.3158858122647529e-05,0.56582730709695472,0.99995181490899521,-1.0891132090123507e-05,-0.0098167072682385954,1.5178176253651598e-09,-1.3096890271078001e-05,1.8712863963347379e-08,-2.0542783005904112e-06,-3.3077713720119358e-08,-2.3067743656585443e-05,1.0227716036262941e-09,-1.3291830211764897,2.3071031686999723,1.6167805013311006e-05,-1.3291815269033145,2.3071045725540418,-2.4912493589930506e-05,-5.0813453804338437e-05,-5.2641566483071395e-05,-4.0918562369205925e-06,-5.0766227323116258e-05,-5.2634669197776855e-05,-4.7178328699150519e-06,-0.17462397184334449,1.6002180027892667,0.00033235440918442103,-0.17444612987058775,1.6007792569703456,-7.6024913605585758e-05,0.17462397184334449,-1.6002180027892667,-0.00033235440918442103,0.17444612987058775,-1.6007792569703456,7.6024913605585758e-05,-1.3267204090965414,2.3088002542738271,0,-1.3267204090965414,2.3088002542738271,0,0.029627565140085452,0.020443989235981352,-4.6457486921472722e-06,0.029609563022261275,0.020427132641220161,7.7096397204749034e-06,-0.20425153698342996,1.5797740135532854,0.00033700015787656832,-0.20405569289284903,1.5803521243291254,-8.3734553326060665e-05,-0.17462397184334449,1.6002180027892667,0.00033235440918442103,-0.17444612987058775,1.6007792569703456,-7.6024913605585758e-05,0,0,0,0,0,0,0,0,0,0,0,0
control,0,231,1155,1160,2310000000,2310000000,0,-1,0.01,1,1,0,0,none,0,0,1,1,-0.088509141753103621,1.3159095464733348e-05,0.56582729154870959,0.99995181405242628,-1.0891339779745575e-05,-0.0098167945196448187,1.5114565964379254e-09,-7.8089002633251578e-06,2.697547811761861e-08,-1.2265427749560215e-06,-4.6979786835720576e-08,-1.3760502915761667e-05,-3.0981768015512043e-09,-1.3291835043062192,2.3071026667370522,1.6123983194858561e-05,-1.3291820095836087,2.3071040706873669,-2.496231914056929e-05,-4.6518730620134499e-05,-4.8522808889309199e-05,-4.8009634271908965e-06,-4.6475548420440515e-05,-4.8511118755084844e-05,-5.3826371600227734e-06,-0.17462588237763904,1.6002167984563442,0.00033240324724148916,-0.17444803810790907,1.6007780456889538,-7.5977133544417421e-05,0.17462588237763904,-1.6002167984563442,-0.00033240324724148916,0.17444803810790907,-1.6007780456889538,7.5977133544417421e-05,-1.3267204090965414,2.3088002542738271,0,-1.3267204090965414,2.3088002542738271,0,0.029626920612063817,0.020443834654632131,-4.5971467870980229e-06,0.029608919167437398,0.02042696971565474,7.7578276001719246e-06,-0.20425280298970286,1.5797729638017122,0.00033700039402858716,-0.20405695727534648,1.580351075973299,-8.3734961144589341e-05,-0.17462588237763904,1.6002167984563442,0.00033240324724148916,-0.17444803810790907,1.6007780456889538,-7.5977133544417421e-05,0,0,0,0,0,0,0,0,0,0,0,0
control,0,232,1160,1165,2320000000,2320000000,0,-1,0.01,1,1,0,0,none,0,0,1,1,-0.088509189295325502,1.3159410683767002e-05,0.56582728406461369,0.99995181364089802,-1.0891613110869741e-05,-0.0098168364380849527,1.486389237997294e-09,-2.7569391846090841e-06,3.4439306047047942e-08,-4.3569980248867415e-07,-5.9520212395848944e-08,-4.8684905576251429e-06,-6.9359116834165822e-09,-1.3291839428524688,2.3071022079194878,1.6073916240785808e-05,-1.3291824477224394,2.3071036120117698,-2.5017922073063957e-05,-4.1925523876278325e-05,-4.4068522685873565e-05,-5.4190937798281389e-06,-4.1886667990115362e-05,-4.4052419356676383e-05,-5.9520872008690315e-06,-0.17462866219444528,1.6002146665743617,0.00033244939129525809,-0.17445081479674571,1.600775906804353,-7.5932355668894717e-05,0.17462866219444528,-1.6002146665743617,-0.00033244939129525809,0.17445081479674571,-1.600775906804353,7.5932355668894717e-05,-1.3267204090965414,2.3088002542738271,0,-1.3267204090965414,2.3088002542738271,0,0.02962529335694248,0.020442659036099608,-4.5512201832443357e-06,0.02960729351276117,0.020425785773721838,7.8029809819626377e-06,-0.20425395555138776,1.5797720075382622,0.00033700061147850244,-0.20405810830950688,1.5803501210306312,-8.3735336650857362e-05,-0.17462866219444528,1.6002146665743617,0.00033244939129525809,-0.17445081479674571,1.600775906804353,-7.5932355668894717e-05,0,0,0,0,0,0,0,0,0,0,0,0
control,0,233,1165,1170,2330000000,2330000000,0,-1,0.01,1,1,0,0,none,0,0,1,1,-0.088509187970889761,1.3159795482998926e-05,0.56582728423066075,0.99995181365154839,-1.0891945004944461e-05,-0.0098168353528547813,1.4440407706202728e-09,2.0120432405711909e-06,4.1054697535850921e-08,3.1089619560961848e-07,-7.061650039739492e-08,3.5256432497929612e-06,-1.0458821005765049e-08,-1.3291843342581309,2.3071017951567381,1.6018490494464884e-05,-1.3291828387651143,2.3071031994327256,-2.5078377265186304e-05,-3.7108607256522917e-05,-3.9354233242676878e-05,-5.9436528984127858e-06,-3.7074287837330574e-05,-3.9334129630432548e-05,-6.4244600585231223e-06,-0.17463222284842259,1.6002116913434896,0.00033249244426488593,-0.17445437158274921,1.6007729246034763,-7.5890941144897184e-05,0.17463222284842259,-1.6002116913434896,-0.00033249244426488593,0.17445437158274921,-1.6007729246034763,7.5890941144897184e-05,-1.3267204090965414,2.3088002542738271,0,-1.3267204090965414,2.3088002542738271,0,0.029622764849958089,0.020440540754931902,-4.5083645034188252e-06,0.029604767454630886,0.020423659287663619,7.8447361824820471e-06,-0.20425498769838069,1.5797711505885577,0.00033700080876830477,-0.2040591390373801,1.5803492653158127,-8.3735677327379226e-05,-0.17463222284842259,1.6002116913434896,0.00033249244426488593,-0.17445437158274921,1.6007729246034763,-7.5890941144897184e-05,0,0,0,0,0,0,0,0,0,0,0,0
control,0,234,1170,1175,2340000000,2340000000,0,-1,0.01,1,1,0,0,none,0,0,1,1,-0.088509140859108951,1.3160241150131804e-05,0.56582729156528377,0.99995181405778366,-1.08923280381803e-05,-0.0098167939728320761,1.3859698556630833e-09,6.4574988430997751e-06,4.6785461653281708e-08,1.0068927338299918e-06,-8.0208940538867758e-08,1.1350514283253551e-05,-1.3641129652657121e-08,-1.3291846767018318,2.3071014306125006,1.5958609386891407e-05,-1.3291831808919676,2.3071028351096539,-2.5142751149213905e-05,-3.2140807823298293e-05,-3.4453905265172879e-05,-6.3733979334191363e-06,-3.2111165069598471e-05,-3.4430240994189063e-05,-6.7993724891187906e-06,-0.1746364718934475,1.6002079619932621,0.00033253207185669103,-0.17445861611431357,1.6007691883980466,-7.5853187268060183e-05,0.1746364718934475,-1.6002079619932621,-0.00033253207185669103,0.17445861611431357,-1.6007691883980466,7.5853187268060183e-05,-1.3267204090965414,2.3088002542738271,0,-1.3267204090965414,2.3088002542738271,0,0.029619422475219669,0.020437564793815206,-4.4689129193964653e-06,0.029601428292718793,0.020420675331569785,7.8827939692201106e-06,-0.20425589436866717,1.5797703971994468,0.0003370009847760875,-0.20406004440703235,1.5803485130664767,-8.3735981237280296e-05,-0.1746364718934475,1.6002079619932621,0.00033253207185669103,-0.17445861611431357,1.6007691883980466,-7.5853187268060183e-05,0,0,0,0,0,0,0,0,0,0,0,0
control,0,235,1175,1180,2350000000,2350000000,0,-1,0.01,1,1,0,0,none,0,0,1,1,-0.088509051405883984,1.3160738690275763e-05,0.56582730552947691,0.99995181482983786,-1.0892754554277579e-05,-0.0098167153295748294,1.3138410541425333e-09,1.0545375306845497e-05,5.1608572985853784e-08,1.6469541461960995e-06,-8.8260088688260353e-08,1.8546170528775086e-05,-1.6462879159797329e-08,-1.3291849690741331,2.3071011157250534,1.5895180887393798e-05,-1.3291834729945844,2.3071025204763242,-2.5210114087118046e-05,-2.7092237399565078e-05,-2.9439137109261469e-05,-6.7083653030554951e-06,-2.7067344222543305e-05,-2.9412371980401538e-05,-7.0776989138479645e-06,-0.17464131426344456,1.6002035713769762,0.00033256800270772737,-0.17446345342202921,1.6007647911182279,-7.5819327839928301e-05,0.17464131426344456,-1.6002035713769762,-0.00033256800270772737,0.17446345342202921,-1.6007647911182279,7.5819327839928301e-05,-1.3267204090965414,2.3088002542738271,0,-1.3267204090965414,2.3088002542738271,0,0.029615358087199166,0.020433821290948076,-4.4331360010653643e-06,0.029597367792849345,0.02041692412800445,7.9169191718278118e-06,-0.20425667235064374,1.5797697500860282,0.00033700113870879274,-0.20406082121487856,1.5803478669902233,-8.3736247011756114e-05,-0.17464131426344456,1.6002035713769762,0.00033256800270772737,-0.17446345342202921,1.6007647911182279,-7.5819327839928301e-05,0,0,0,0,0,0,0,0,0,0,0,0
control,0,236,1180,1185,2360000000,2360000000,0,-1,0.01,1,1,0,0,none,0,0,1,1,-0.088508923358609284,1.3161278955056025e-05,0.56582732553698689,0.99995181593533544,-1.0893216773817161e-05,-0.0098166027200425627,1.2293975805589558e-09,1.4248125168533119e-05,5.5513728083892197e-08,2.2267630742544302e-06,-9.4754000990851521e-08,2.5064108292940681e-05,-1.8909834961212223e-08,-1.3291852109465201,2.3071008512351843,1.582910571202416e-05,-1.3291837146448202,2.3071022562688523,-2.5279551895566048e-05,-2.202960559526722e-05,-2.43784342338481e-05,-6.9497874816289725e-06,-2.2009470964555104e-05,-2.4349041764814236e-05,-7.2614793163268207e-06,-0.17464665359829268,1.6001986146095191,0.00033260002775186125,-0.17446878724324075,1.6007598279497437,-7.5789534296876913e-05,0.17464665359829268,-1.6001986146095191,-0.00033260002775186125,0.17446878724324075,-1.6007598279497437,7.5789534296876913e-05,-1.3267204090965414,2.3088002542738271,0,-1.3267204090965414,2.3088002542738271,0,0.029610666608136816,0.020429404115064366,-4.4012423395257998e-06,0.029592680785792223,0.020412499622343875,7.9469395344861551e-06,-0.2042573202064295,1.5797692104944547,0.00033700127009138705,-0.20406146802903297,1.5803473283273999,-8.3736473831363061e-05,-0.17464665359829268,1.6001986146095191,0.00033260002775186125,-0.17446878724324075,1.6007598279497437,-7.5789534296876913e-05,0,0,0,0,0,0,0,0,0,0,0,0
control,0,237,1185,1190,2370000000,2370000000,0,-1,0.01,1,1,0,0,none,0,0,1,1,-0.088508760701473427,1.316185276646035e-05,0.56582735096444137,0.99995181733985261,-1.089370689912208e-05,-0.009816459649664282,1.1344346811911506e-09,1.7544634746464371e-05,5.8502766414905414e-08,2.7430094112968353e-06,-9.9695239950935488e-08,3.0867147390882493e-05,-2.0973326472645251e-08,-1.3291854025340084,2.3071006372208904,1.5761266384263067e-05,-1.3291839060574435,2.3071020425604631,-2.5350176435161223e-05,-1.7015617285211196e-05,-1.9336566112865972e-05,-7.1000005867277656e-06,-1.7000190162892137e-05,-1.9305027234522565e-05,-7.3538188914637724e-06,-0.17465239350277545,1.6001931877631603,0.00033262799886688086,-0.17447452127973362,1.6007543950291023,-7.5763917526636278e-05,0.17465239350277545,-1.6001931877631603,-0.00033262799886688086,0.17447452127973362,-1.6007543950291023,7.5763917526636278e-05,-1.3267204090965414,2.3088002542738271,0,-1.3267204090965414,2.3088002542738271,0,0.029605444675531552,0.020424409484409,-4.3733798859425318e-06,0.029587463816069415,0.020407498101218925,7.9727438751215542e-06,-0.20425783817830701,1.5797687782787513,0.0003370013787528234,-0.20406198509580303,1.5803468969278833,-8.3736661401757838e-05,-0.17465239350277545,1.6001931877631603,0.00033262799886688086,-0.17447452127973362,1.6007543950291023,-7.5763917526636278e-05,0,0,0,0,0,0,0,0,0,0,0,0
control,0,238,1190,1195,2380000000,2380000000,0,-1,0.01,1,1,0,0,none,0,0,1,1,-0.088508567591921508,1.3162451034157838e-05,0.56582738116129616,0.99995181900746677,-1.0894217213519267e-05,-0.0098162897764273796,1.0307739302492327e-09,2.0420078892712856e-05,6.0588970364137172e-08,3.1933676137089326e-06,-1.0310767673693489e-07,3.5929175745844873e-05,-2.2650028627427764e-08,-1.3291855446522256,2.3071004731380054,1.569251722695793e-05,-1.3291840480472605,2.3071018788021762,-2.542113519450393e-05,-1.2108456934607877e-05,-1.4374008979116285e-05,-7.1623443759718201e-06,-1.2097630696661673e-05,-1.4340805963587466e-05,-7.3587810453163976e-06,-0.17465843872687148,1.6001873866331728,0.00033265182685987305,-0.17448056037686219,1.6007485882088022,-7.5742530313913897e-05,0.17465843872687148,-1.6001873866331728,-0.00033265182685987305,0.17448056037686219,-1.6007485882088022,7.5742530313913897e-05,-1.3267204090965414,2.3088002542738271,0,-1.3267204090965414,2.3088002542738271,0,0.029599789353611981,0.020418934643329056,-4.3496379492887884e-06,0.02958181385467425,0.020402016868755691,7.9942796106169985e-06,-0.20425822808048347,1.5797684519898438,0.00033700146480916183,-0.20406237423153645,1.5803465713400464,-8.3736809924530898e-05,-0.17465843872687148,1.6001873866331728,0.00033265182685987305,-0.17448056037686219,1.6007485882088022,-7.5742530313913897e-05,0,0,0,0,0,0,0,0,0,0,0,0
control,0,239,1195,1200,2390000000,2390000000,0,-1,0.01,1,1,0,0,none,0,0,1,1,-0.08850834829898277,1.3163064865173351e-05,0.56582741545949256,0.99995182090129076,-1.0894740174061563e-05,-0.0098160968566067021,9.2023871743423546e-10,2.286570798840507e-05,6.179625999320658e-08,3.5764634146522654e-06,-1.0503311711848719e-07,4.0234774723960224e-05,-2.3941686033429895e-08,-1.3291856386698373,2.3071003578658749,1.5623675348203714e-05,-1.3291841419815864,2.3071017638685456,-2.5491619816105999e-05,-7.3613603142167424e-06,-9.5464761400686074e-06,-7.1410563685128592e-06,-7.3549776128819913e-06,-9.512086791525401e-06,-7.2812755288607873e-06,-0.17466469625840098,1.6001813055845688,0.00033267147885819999,-0.17448681161508162,1.6007425019036292,-7.5725370342520062e-05,0.17466469625840098,-1.6001813055845688,-0.00033267147885819999,0.17448681161508162,-1.6007425019036292,7.5725370342520062e-05,-1.3267204090965414,2.3088002542738271,0,-1.3267204090965414,2.3088002542738271,0,0.029593796920021745,0.020413076609636576,-4.3300497860354712e-06,0.02957582708695906,0.020396152993564953,8.0115497212748399e-06,-0.20425849317842271,1.5797682289749322,0.00033700152864423545,-0.20406263870204067,1.5803463489100642,-8.3736920063794899e-05,-0.17466469625840098,1.6001813055845688,0.00033267147885819999,-0.17448681161508162,1.6007425019036292,-7.5725370342520062e-05,0,0,0,0,0,0,0,0,0,0,0,0
control,0,240,1200,1205,2400000000,2400000000,0,-1,0.01,1,1,0,0,none,0,0,1,1,-0.088508107144099984,1.3163685664962173e-05,0.56582745318272154,0.99995182298398455,-1.0895268496905253e-05,-0.0098158846926943155,8.0463116066216722e-10,2.4878574044313174e-05,6.2158298801415011e-08,3.8918309473546784e-06,-1.0552977774552778e-07,4.3778737269048445e-05,-2.4854792486223299e-08,-1.329185686457194,2.3071002897572184,1.5555512667955864e-05,-1.3291841897289443,2.3071016961075737,-2.5560873527428562e-05,-2.8222739573934421e-06,-4.9045355429819795e-06,-7.0411617418733533e-06,-2.8201318857639465e-06,-4.8694277516420026e-06,-7.1269433413786592e-06,-0.1746710763192281,1.6001750364879717,0.00033268697517495696,-0.17449318530518926,1.6007362280263542,-7.5712383683911448e-05,0.1746710763192281,-1.6001750364879717,-0.00033268697517495696,0.17449318530518926,-1.6007362280263542,7.5712383683911448e-05,-1.3267204090965414,2.3088002542738271,0,-1.3267204090965414,2.3088002542738271,0,0.029587561738767372,0.020406931002618856,-4.3145957132930914e-06,0.029569597786662526,0.020390002136668462,8.0246092252975018e-06,-0.20425863805799546,1.5797681054853527,0.00033700157088825005,-0.20406278309185177,1.5803462258896857,-8.3736992909208953e-05,-0.1746710763192281,1.6001750364879717,0.00033268697517495696,-0.17449318530518926,1.6007362280263542,-7.5712383683911448e-05,0,0,0,0,0,0,0,0,0,0,0,0
control,0,241,1205,1210,2410000000,2410000000,0,-1,0.01,1,1,0,0,none,0,0,1,1,-0.08850784844502807,1.3164305229090609e-05,0.56582749365520868,0.99995182521824089,-1.0895795234676508e-05,-0.0098156570840284649,6.8571065363698939e-10,2.6461203057452715e-05,6.1717526351168767e-08,4.1398614736984704e-06,-1.046706402410084e-07,4.6565491426695682e-05,-2.5400228135668988e-08,-1.3291856903320625,2.3071002666913003,1.548874901586879e-05,-1.3291841936048474,2.3071016733939347,-2.5628197456521937e-05,1.4663997906452764e-06,-4.9331454882307245e-07,-6.8683607019648906e-06,1.4645442760539543e-06,-4.5794121896599206e-07,-6.9020401164254388e-06,-0.1746774932601276,1.6001686677532196,0.00033269838572504737,-0.17449959588230862,1.6007298550211773,-7.570346869333042e-05,0.1746774932601276,-1.6001686677532196,-0.00033269838572504737,0.17449959588230862,-1.6007298550211773,7.570346869333042e-05,-1.3267204090965414,2.3088002542738271,0,-1.3267204090965414,2.3088002542738271,0,0.029581175226566427,0.020400590962144392,-4.3032066696623926e-06,0.029563217283257646,0.020383657470537084,8.0335612427778543e-06,-0.20425866848669402,1.5797680767910753,0.00033700159239470975,-0.20406281316556626,1.5803461975506401,-8.3737029936108281e-05,-0.1746774932601276,1.6001686677532196,0.00033269838572504737,-0.17449959588230862,1.6007298550211773,-7.570346869333042e-05,0,0,0,0,0,0,0,0,0,0,0,0
control,0,242,1210,1215,2420000000,2420000000,0,-1,0.01,1,1,0,0,none,0,0,1,1,-0.088507576463293783,1.316491582488985e-05,0.5658275362099412,0.99995182756724077,-1.0896313845296069e-05,-0.0098154177805558768,5.6517422037280669e-10,2.7621221005228782e-05,6.0524134270643547e-08,4.3217448512455208e-06,-1.0254171074958485e-07,4.8608442242528167e-05,-2.5592863281649303e-08,-1.3291856530032859,2.3071002861295482,1.5424046316995165e-05,-1.3291841563155167,2.307101693184646,-2.5692955825607669e-05,5.467973819656415e-06,3.6477103850185819e-06,-6.6289146389707948e-06,5.4623983142156046e-06,3.6829159818878771e-06,-6.6133192749937281e-06,-0.17468386634889149,1.6001622834657914,0.00033270582605290618,-0.17450596269320989,1.6007234670000452,-7.5698480251980429e-05,0.17468386634889149,-1.6001622834657914,-0.00033270582605290618,0.17450596269320989,-1.6007234670000452,7.5698480251980429e-05,-1.3267204090965414,2.3088002542738271,0,-1.3267204090965414,2.3088002542738271,0,0.029574724920204739,0.020394146165768824,-4.2957681631500098e-06,0.029556773030231593,0.0203772086962003,8.0385527114319882e-06,-0.20425859126909623,1.5797681373000225,0.00033700159421605621,-0.2040627357234415,1.580346258303845,-8.3737032963412424e-05,-0.17468386634889149,1.6001622834657914,0.00033270582605290618,-0.17450596269320989,1.6007234670000452,-7.5698480251980429e-05,0,0,0,0,0,0,0,0,0,0,0,0
control,0,243,1215,1220,2430000000,2430000000,0,-1,0.01,1,1,0,0,none,0,0,1,1,-0.088507295355636284,1.3165510262615103e-05,0.56582758019627188,0.99995182999507148,-1.0896818251872126e-05,-0.0098151704400961364,4.4463881598211777e-10,2.8370940953597941e-05,5.8635001977107918e-08,4.4394049000106267e-06,-9.9240212934250072e-08,4.9929245208885615e-05,-2.5451134871939885e-08,-1.3291855775131924,2.3071003451727972,1.5362003867045335e-05,-1.3291840809003435,2.3071017525763482,-2.5754580030521237e-05,9.151566657008025e-06,7.4848418585438289e-06,-6.329532767687851e-06,9.142577664564056e-06,7.5194702435276299e-06,-6.2679166216672246e-06,-0.17469012044888091,1.6001559626300215,0.00033270945305666883,-0.17451221067425687,1.6007171429860536,-7.5697234269725693e-05,0.17469012044888091,-1.6001559626300215,-0.00033270945305666883,0.17451221067425687,-1.6007171429860536,7.5697234269725693e-05,-1.3267204090965414,2.3088002542738271,0,-1.3267204090965414,2.3088002542738271,0,0.029568293649826598,0.020387681949571058,-4.2921245217292076e-06,0.029550347779127462,0.020370741164381166,8.0397698402397319e-06,-0.20425841409870751,1.5797682806804505,0.00033700157757839805,-0.20406255845338434,1.5803464018216724,-8.3737004109965421e-05,-0.17469012044888091,1.6001559626300215,0.00033270945305666883,-0.17451221067425687,1.6007171429860536,-7.5697234269725693e-05,0,0,0,0,0,0,0,0,0,0,0,0
control,0,244,1220,1225,2440000000,2440000000,0,-1,0.01,1,1,0,0,none,0,0,1,1,-0.088507009129772468,1.3166081955796847e-05,0.56582762498684647,0.99995183246711106,-1.0897302893402233e-05,-0.0098149185894109512,3.2562568447616296e-10,2.8726918764542425e-05,5.6112606884858455e-08,4.4954298374411177e-06,-9.487273879834296e-08,5.0557024413039513e-05,-2.4996604365392777e-08,-1.3291854671795376,2.3071004406193452,1.5303154685383906e-05,-1.3291839706738895,2.3071018483634051,-2.5812571627362181e-05,1.2492116199282094e-05,1.0990211053047487e-05,-5.9772604702274592e-06,1.2480043453135732e-05,1.1023880239418179e-05,-5.8732375781221393e-06,-0.17469618658657804,1.6001497785218979,0.00033270946047359609,-0.17451827091836775,1.6007109562662811,-7.5699512382824708e-05,0.17469618658657804,-1.6001497785218979,-0.00033270946047359609,0.17451827091836775,-1.6007109562662811,7.5699512382824708e-05,-1.3267204090965414,2.3088002542738271,0,-1.3267204090965414,2.3088002542738271,0,0.029561958821654636,0.020381278537203319,-4.292083382103798e-06,0.02954401886299703,0.020364335104703896,8.037433367114761e-06,-0.20425814540823267,1.5797684999846946,0.00033700154385569986,-0.20406228978136479,1.5803466211615773,-8.3736945749939462e-05,-0.17469618658657804,1.6001497785218979,0.00033270946047359609,-0.17451827091836775,1.6007109562662811,-7.5699512382824708e-05,0,0,0,0,0,0,0,0,0,0,0,0
control,0,245,1225,1230,2450000000,2450000000,0,-1,0.01,1,1,0,0,none,0,0,1,1,-0.088506721604756228,1.3166624970627208e-05,0.56582766998381162,0.99995183495036888,-1.0897762766157193e-05,-0.0098146655893155271,2.095468459627126e-10,2.8709484795195029e-05,5.3023925503842485e-08,4.4929989741803933e-06,-8.9553385841258884e-08,5.0527548411415109e-05,-2.4253500440854003e-08,-1.3291853255377137,2.3071005690230684,1.5247962921897466e-05,-1.329183829168153,2.3071019770960532,-2.5866504259241723e-05,1.547032162031803e-05,1.4141752742901618e-05,-5.5793706376578189e-06,1.5455512498346011e-05,1.417411140615076e-05,-5.4368483068961463e-06,-0.17470200240854422,1.6001437981526845,0.00033270607419909039,-0.17452408113159001,1.6007049738556725,-7.5705066774788709e-05,0.17470200240854422,-1.6001437981526845,-0.00033270607419909039,0.17452408113159001,-1.6007049738556725,7.5705066774788709e-05,-1.3267204090965414,2.3088002542738271,0,-1.3267204090965414,2.3088002542738271,0,0.029555791811637179,0.020375010379990021,-4.2954203446863488e-06,0.029537857590591673,0.02035806496617663,8.031793693117324e-06,-0.20425779422018139,1.5797687877726945,0.00033700149454377672,-0.20406193872218167,1.5803469088894959,-8.3736860467906033e-05,-0.17470200240854422,1.6001437981526845,0.00033270607419909039,-0.17452408113159001,1.6007049738556725,-7.5705066774788709e-05,0,0,0,0,0,0,0,0,0,0,0,0
control,0,246,1230,1235,2460000000,2460000000,0,-1,0.01,1,1,0,0,none,0,0,1,1,-0.088506436376128497,1.3167134064371666e-05,0.56582771462427217,0.99995183741378846,-1.0898193455745004e-05,-0.0098144146040051432,9.769375768314411e-11,2.8342258823717267e-05,4.9439338779198332e-08,4.4358067747310125e-06,-8.3401902404815624e-08,4.9882376566012335e-05,-2.3248257360911554e-08,-1.3291851562839223,2.3071007267508801,1.5196822282593134e-05,-1.3291836600757945,2.3071021351378858,-2.5916024566624882e-05,1.8072518329649712e-05,1.6923111082843425e-05,-5.1432590895934691e-06,1.8055332393876755e-05,1.6953841203436388e-05,-4.9663717007414374e-06,-0.17470751252856528,1.600138081842531,0.00033269954750412883,-0.17452958597993765,1.6006992560710083,-7.5713625059122339e-05,0.17470751252856528,-1.600138081842531,-0.00033269954750412883,0.17452958597993765,-1.6006992560710083,7.5713625059122339e-05,-1.3267204090965414,2.3088002542738271,0,-1.3267204090965414,2.3088002542738271,0,0.029549857471076062,0.020368945608739704,-4.301883730298266e-06,0.029531928752445664,0.020351998869490587,8.0231259550245349e-06,-0.20425736999964134,1.5797691362337913,0.0003370014312344271,-0.20406151473238332,1.5803472572015176,-8.3736751014146867e-05,-0.17470751252856528,1.600138081842531,0.00033269954750412883,-0.17452958597993765,1.6006992560710083,-7.5713625059122339e-05,0,0,0,0,0,0,0,0,0,0,0,0
control,0,247,1235,1240,2470000000,2470000000,0,-1,0.01,1,1,0,0,none,0,0,1,1,-0.088506156785983253,1.3167604712932943e-05,0.56582775838497945,0.99995183982850355,-1.0898591159968733e-05,-0.0098141685747075106,-8.7718334308076433e-12,2.7651655179438955e-05,4.5431555627184242e-08,4.3279853786205372e-06,-7.6541865268158016e-08,4.866798811882913e-05,-2.2009050760856257e-08,-1.3291849632199382,2.3071009100388715,1.5150055428411197e-05,-1.3291834671949561,2.3071023187220185,-2.5960852134896722e-05,2.0290491877667121e-05,1.9323481517664847e-05,-4.6763451751361501e-06,2.027129560074077e-05,1.9352300506285119e-05,-4.4693893846277865e-06,-0.17471266876791094,1.6001326829026163,0.00033269015622024324,-0.17453473732943131,1.6006938562133961,-7.5724895151033507e-05,0.17471266876791094,-1.6001326829026163,-0.00033269015622024324,0.17453473732943131,-1.6006938562133961,7.5724895151033507e-05,-1.3267204090965414,2.3088002542738271,0,-1.3267204090965414,2.3088002542738271,0,0.029544213742944438,0.02036314559719006,-4.3111993697665513e-06,0.029526290237574422,0.020346198170942898,8.0117251097004058e-06,-0.20425688251085539,1.5797695373054264,0.00033700135559000977,-0.20406102756700573,1.5803476580424531,-8.3736620260733914e-05,-0.17471266876791094,1.6001326829026163,0.00033269015622024324,-0.17453473732943131,1.6006938562133961,-7.5724895151033507e-05,0,0,0,0,0,0,0,0,0,0,0,0
control,0,248,1240,1245,2480000000,2480000000,0,-1,0.01,1,1,0,0,none,0,0,1,1,-0.088505885898008244,1.3168033127825563e-05,0.56582780078624129,0.99995184216805588,-1.0898952702703004e-05,-0.0098139301977118697,-1.0882486336696374e-10,2.6666384736925907e-05,4.1074567302589391e-08,4.1740266480293119e-06,-6.9098910532072117e-08,4.6934905718378926e-05,-2.0565340120482177e-08,-1.3291847502000453,2.3071011150465282,1.5107914292641816e-05,-1.3291832543762485,2.3071025240053249,-2.6000778541124149e-05,2.2121237000792574e-05,2.1337394633980946e-05,-4.1859783776110454e-06,2.2100398742695131e-05,2.1364056926832461e-05,-3.9533503879649974e-06,-0.17471743029259632,1.6001276474231054,0.00033267819394983849,-0.17453949438327185,1.6006888203566749,-7.5738570077133881e-05,0.17471743029259632,-1.6001276474231054,-0.00033267819394983849,0.17453949438327185,-1.6006888203566749,7.5738570077133881e-05,-1.3267204090965414,2.3088002542738271,0,-1.3267204090965414,2.3088002542738271,0,0.029538911386545717,0.020357664635636045,-4.3230753689119925e-06,0.029520992758370942,0.020340717136635832,7.9979010817354941e-06,-0.20425634167914203,1.5797699827874694,0.00033700126931875048,-0.20406048714164279,1.580348103220039,-8.3736471158869379e-05,-0.17471743029259632,1.6001276474231054,0.00033267819394983849,-0.17453949438327185,1.6006888203566749,-7.5738570077133881e-05,0,0,0,0,0,0,0,0,0,0,0,0
control,0,249,1245,1250,2490000000,2490000000,0,-1,0.01,1,1,0,0,none,0,0,1,1,-0.088505626477491828,1.3168416262937944e-05,0.56582784139505338,0.99995184440856566,-1.0899275539113468e-05,-0.009813701906768859,-2.0158179504420838e-10,2.5416960061506133e-05,3.6442643872379971e-08,3.9787046978403678e-06,-6.1199036718457981e-08,4.4736824487550037e-05,-1.8947423120535816e-08,-1.3291845210806552,2.307101337908485,1.5070581254884686e-05,-1.329183025472416,2.3071027471202048,-2.6035665568568094e-05,2.3566667946190374e-05,2.2964448501993606e-05,-3.6793517057925818e-06,2.3544553234196227e-05,2.2988746623438406e-05,-3.4254872386983394e-06,-0.17472176365205133,1.6001230141624212,0.00033266396735985582,-0.17454382372055263,1.6006841872371953,-7.5754332665420527e-05,0.17472176365205133,-1.6001230141624212,-0.00033266396735985582,0.17454382372055263,-1.6006841872371953,7.5754332665420527e-05,-1.3267204090965414,2.3088002542738271,0,-1.3267204090965414,2.3088002542738271,0,0.029533993807446094,0.020352549711351361,-4.3372067911757766e-06,0.029516079680643025,0.020335602723532065,7.9819740325053447e-06,-0.20425575745949742,1.5797704644510699,0.00033700117415103162,-0.20405990340119565,1.5803485845136633,-8.3736306697925871e-05,-0.17472176365205133,1.6001230141624212,0.00033266396735985582,-0.17454382372055263,1.6006841872371953,-7.5754332665420527e-05,0,0,0,0,0,0,0,0,0,0,0,0
control,0,250,1250,1255,2500000000,2500000000,0,-1,0.01,1,1,0,0,none,0,0,1,1,-0.088505380976230993,1.3168751811566718e-05,0.56582787982746452,0.99995184652886193,-1.0899557752637258e-05,-0.0098134858598024222,-2.8630338489732204e-10,2.3935209551789902e-05,3.1609383207204464e-08,3.7469998496131477e-06,-5.2966998455491881e-08,4.2129756903168332e-05,-1.7186001529544024e-08,-1.3291842796730533,2.3071015747833399,1.5038171102615812e-05,-1.3291827842911312,2.3071029842234037,-2.6065442663911486e-05,2.4633286942440474e-05,2.4208995723715854e-05,-3.1634225004462004e-06,2.4610254065478667e-05,2.4230760851631153e-05,-2.8927400536467399e-06,-0.17472564272534061,1.6001188145332914,0.00033264779161113205,-0.17454769924251362,1.600679988240423,-7.5771860064729617e-05,0.17472564272534061,-1.6001188145332914,-0.00033264779161113205,0.17454769924251362,-1.600679988240423,7.5771860064729617e-05,-1.3267204090965414,2.3088002542738271,0,-1.3267204090965414,2.3088002542738271,0,0.029529496987728814,0.020347840392260671,-4.3532802057624334e-06,0.029511586953979447,0.020330894463803546,7.9642698018557821e-06,-0.20425513971306941,1.5797709741410308,0.00033700107181689447,-0.20405928619649308,1.5803490937766194,-8.3736129866585394e-05,-0.17472564272534061,1.6001188145332914,0.00033264779161113205,-0.17454769924251362,1.600679988240423,-7.5771860064729617e-05,0,0,0,0,0,0,0,0,0,0,0,0
control,0,251,1255,1260,2510000000,2510000000,0,-1,0.01,1,1,0,0,none,0,0,1,1,-0.088505151522216247,1.3169038194303435e-05,0.5658279157501932,0.99995184851057117,-1.0899798044219595e-05,-0.0098132839298257016,-3.6239547187652673e-10,2.2253805958319589e-05,2.6646821497902347e-08,3.4840248252434713e-06,-4.4524804338698353e-08,3.9171202955154718e-05,-1.5311773391399862e-08,-1.3291840296996607,2.3071018218991117,1.5010733706485914e-05,-1.3291825345512962,2.3071032315414746,-2.6090103716384737e-05,2.533181720453023e-05,2.5079792129840808e-05,-2.644841146690802e-06,2.5308213200604925e-05,2.5098894162064567e-05,-2.361689027661976e-06,-0.17472904858089769,1.6001150726792572,0.00033262998597034311,-0.17455110203253651,1.6006762474780338,-7.5790828050117533e-05,0.17472904858089769,-1.6001150726792572,-0.00033262998597034311,0.17455110203253651,-1.6006762474780338,7.5790828050117533e-05,-1.3267204090965414,2.3088002542738271,0,-1.3267204090965414,2.3088002542738271,0,0.029525449511623857,0.020343568808389341,-4.3709780546112338e-06,0.029507543137256346,0.020326624446986956,7.9451155662985193e-06,-0.20425449809252155,1.579771503870868,0.00033700096402495433,-0.20405864516979286,1.580349623031047,-8.3735943616416054e-05,-0.17472904858089769,1.6001150726792572,0.00033262998597034311,-0.17455110203253651,1.6006762474780338,-7.5790828050117533e-05,0,0,0,0,0,0,0,0,0,0,0,0
control,0,252,1260,1265,2520000000,2520000000,0,-1,0.01,1,1,0,0,none,0,0,1,1,-0.08850493991392086,1.3169274538435536e-05,0.56582794888152421,0.99995185033816669,-1.0899995714372275e-05,-0.0098130976999085615,-4.2940789476440924e-10,2.0405814135406347e-05,2.1624612860476361e-08,3.1949539550314807e-06,-3.599033307399074e-08,3.5919354153206889e-05,-1.3355046345781114e-08,-1.3291837747541193,2.3071020755949996,1.4988257330975252e-05,-1.3291822798431672,2.3071034854125352,-2.6109703241432874e-05,2.5676807448699021e-05,2.5589613609118379e-05,-2.1298881071753484e-06,2.5652964465945338e-05,2.5605960772799429e-05,-1.8384956181582256e-06,-0.17473196925737203,1.6001118056353607,0.00033261086964896189,-0.17455402013720178,1.6006729819492,-7.5810915074845319e-05,0.17473196925737203,-1.6001118056353607,-0.00033261086964896189,0.17455402013720178,-1.6006729819492,7.5810915074845319e-05,-1.3267204090965414,2.3088002542738271,0,-1.3267204090965414,2.3088002542738271,0,0.029521872679761467,0.020339759725516188,-4.3899827939338081e-06,0.029503969512809942,0.020322817394343436,7.9248357533377725e-06,-0.2042538419371335,1.5797720459098445,0.00033700085244289568,-0.20405798965001173,1.5803501645548566,-8.3735750828183085e-05,-0.17473196925737203,1.6001118056353607,0.00033261086964896189,-0.17455402013720178,1.6006729819492,-7.5810915074845319e-05,0,0,0,0,0,0,0,0,0,0,0,0
control,0,253,1265,1270,2530000000,2530000000,0,-1,0.01,1,1,0,0,none,0,0,1,1,-0.088504747618975393,1.316946064959569e-05,0.56582797899151827,0.99995185199897874,-1.0900150638681644e-05,-0.0098129284620041592,-4.870316538527145e-10,1.8424262347935651e-05,1.6609285168304644e-08,2.8849560886577633e-06,-2.7476079895014071e-08,3.2432338969364768e-05,-1.1345375944832328e-08,-1.3291835182654546,2.3071023323591637,1.4970672499717782e-05,-1.3291820235925498,2.3071037423240432,-2.612435205336545e-05,2.568621445375457e-05,2.5754847774751934e-05,-1.624419428999443e-06,2.5662446538908208e-05,2.5768385788719341e-05,-1.3288525851941894e-06,-0.17473439947303113,1.6001090235657207,0.00033259075790122373,-0.17455644827605782,1.6006702017788044,-7.5831806035863122e-05,0.17473439947303113,-1.6001090235657207,-0.00033259075790122373,0.17455644827605782,-1.6006702017788044,7.5831806035863122e-05,-1.3267204090965414,2.3088002542738271,0,-1.3267204090965414,2.3088002542738271,0,0.029518780705276863,0.020336430704297907,-4.4099807784653629e-06,0.029500880282291794,0.020319490818722748,7.9037482452693436e-06,-0.20425318017830799,1.5797725928614228,0.00033700073867968909,-0.2040573285583496,1.5803507109600816,-8.3735554281132464e-05,-0.17473439947303113,1.6001090235657207,0.00033259075790122373,-0.17455644827605782,1.6006702017788044,-7.5831806035863122e-05,0,0,0,0,0,0,0,0,0,0,0,0
control,0,254,1270,1275,2540000000,2540000000,0,-1,0.01,1,1,0,0,none,0,0,1,1,-0.088504575776968672,1.316959697644882e-05,0.56582800590157667,0.99995185348317039,-1.0900263237438102e-05,-0.0098127772194070827,-5.3509446460703099e-10,1.6341740899385895e-05,1.1663576277390212e-08,2.5591317678353324e-06,-1.9088038595965987e-08,2.8767516353520214e-05,-9.3112414493717611e-09,-1.3291832634664922,2.3071025888623176,1.495785633293499e-05,-1.3291817690292471,2.3071039989463764,-2.6134212512498265e-05,2.5380969981982712e-05,2.5595067223320638e-05,-1.1338209414840572e-06,2.5357570299661253e-05,2.5605778055658441e-05,-8.3794294870288445e-07,-0.17473634027154414,1.6001067300699963,0.00033256995841683066,-0.17455838748779648,1.6006679105245545,-7.5853195724253069e-05,0.17473634027154414,-1.6001067300699963,-0.00033256995841683066,0.17455838748779648,-1.6006679105245545,7.5853195724253069e-05,-1.3267204090965414,2.3088002542738271,0,-1.3267204090965414,2.3088002542738271,0,0.029516180984436039,0.020333592337279115,-4.430665852806294e-06,0.02949828283701875,0.020316655262324401,7.8821609011846236e-06,-0.20425252125598017,1.5797731377327171,0.00033700062426963697,-0.20405667032481523,1.5803512552622301,-8.3735356625437687e-05,-0.17473634027154414,1.6001067300699963,0.00033256995841683066,-0.17455838748779648,1.6006679105245545,-7.5853195724253069e-05,0,0,0,0,0,0,0,0,0,0,0,0
control,0,255,1275,1280,2550000000,2550000000,0,-1,0.01,1,1,0,0,none,0,0,1,1,-0.088504425206082524,1.3169684569249107e-05,0.56582802948340449,0.99995185478367965,-1.090033444009583e-05,-0.0098126446925853299,-5.7355485220694108e-10,1.4190031270821512e-05,6.8458553295367088e-09,2.2224551760919085e-06,-1.0924729172022492e-08,2.4980822942693782e-05,-7.2797480674129307e-09,-1.3291830133666551,2.3071028419869815,1.4949637273587894e-05,-1.3291815191598808,2.3071042521620715,-2.6139493432273839e-05,2.4784538559182905e-05,2.5132590568927639e-05,-6.6297114193472444e-07,2.4761777042470175e-05,2.5140490824184772e-05,-3.7040782954281112e-07,-0.17473779861275585,1.6001049225509483,0.00033254876803335144,-0.17455984472147915,1.6006661055451901,-7.5874791936788769e-05,0.17473779861275585,-1.6001049225509483,-0.00033254876803335144,0.17455984472147915,-1.6006661055451901,7.5874791936788769e-05,-1.3267204090965414,2.3088002542738271,0,-1.3267204090965414,2.3088002542738271,0,0.029514074433525488,0.020331248556293955,-4.4517426249796323e-06,0.029496178094508829,0.020314314604830672,7.860368421159292e-06,-0.20425187304628134,1.5797736739946544,0.00033700051065833106,-0.20405602281598798,1.5803517909403595,-8.3735160357948054e-05,-0.17473779861275585,1.6001049225509483,0.00033254876803335144,-0.17455984472147915,1.6006661055451901,-7.5874791936788769e-05,0,0,0,0,0,0,0,0,0,0,0,0
control,0,256,1280,1285,2560000000,2560000000,0,-1,0.01,1,1,0,0,none,0,0,1,1,-0.088504296413238981,1.3169725033131681e-05,0.56582804965742506,0.99995185589613189,-1.0900365645299495e-05,-0.0098125313281033234,-6.0249494432343984e-10,1.1999768391930926e-05,2.2096311911928032e-09,1.8797212734524316e-06,-3.0763728386974697e-09,2.1126178567779924e-05,-5.2763677211977449e-09,-1.3291827707291928,2.3071030888523114,1.4945800119677622e-05,-1.3291812767451419,2.3071044990906371,-2.6140444730419016e-05,2.3922471999741306e-05,2.4392037440709952e-05,-2.1621263627944928e-07,2.3900593439502025e-05,2.4397176419236818e-05,6.9677036023722833e-08,-0.17473878691680719,1.6001035926347205,0.00033252746978648304,-0.17456083238114609,1.6006647784213703,-7.5896318234003216e-05,0.17473878691680719,-1.6001035926347205,-0.00033252746978648304,0.17456083238114609,-1.6006647784213703,7.5896318234003216e-05,-1.3267204090965414,2.3088002542738271,0,-1.3267204090965414,2.3088002542738271,0,0.02951245588381652,0.020329397002026808,-4.472929404089314e-06,0.029494560893045894,0.020312466433650957,7.8386495673245184e-06,-0.20425124280062371,1.5797741956326936,0.00033700039919057237,-0.20405539327419198,1.5803523119877194,-8.3734967801327734e-05,-0.17473878691680719,1.6001035926347205,0.00033252746978648304,-0.17456083238114609,1.6006647784213703,-7.5896318234003216e-05,0,0,0,0,0,0,0,0,0,0,0,0
control,0,257,1285,1290,2570000000,2570000000,0,-1,0.01,1,1,0,0,none,0,0,1,1,-0.088504189607415309,1.3169720477021253e-05,0.56582806639069838,0.99995185681872423,-1.0900358677227903e-05,-0.0098124373103332715,-6.2211213206302031e-10,9.8001380935407047e-06,-2.1968502724608041e-09,1.5354984461973316e-06,4.3757818890321101e-09,1.7254953672716224e-05,-3.3247138588038762e-09,-1.3291825380528475,2.3071033268344805,1.4946091281653833e-05,-1.329181044281474,2.3071047371089124,-2.6137351905872397e-05,2.2821966366904545e-05,2.3399883220266442e-05,2.0266803829656299e-07,2.2801188947121947e-05,2.3402340669840137e-05,4.7881637361179651e-07,-0.17473932257011987,1.6001027266354102,0.00033250633031386712,-0.17456136783234599,1.6006639154209044,-7.5917516333548452e-05,0.17473932257011987,-1.6001027266354102,-0.00033250633031386712,0.17456136783234599,-1.6006639154209044,7.5917516333548452e-05,-1.3267204090965414,2.3088002542738271,0,-1.3267204090965414,2.3088002542738271,0,0.02951131452612215,0.020328029447328488,-4.4939607864109782e-06,0.029493420435770013,0.020311102467971312,7.8172647530811289e-06,-0.20425063709624203,1.5797746971880817,0.00033700029110027811,-0.20405478826811602,1.580352812952933,-8.3734781086629588e-05,-0.17473932257011987,1.6001027266354102,0.00033250633031386712,-0.17456136783234599,1.6006639154209044,-7.5917516333548452e-05,0,0,0,0,0,0,0,0,0,0,0,0
control,0,258,1290,1295,2580000000,2580000000,0,-1,0.01,1,1,0,0,none,0,0,1,1,-0.088504104715765891,1.3169673459044498e-05,0.56582807969439963,0.99995185755208593,-1.0900315739007253e-05,-0.0098123625756368332,-6.3270977600839325e-10,7.6186112383817024e-06,-6.3309204447621526e-09,1.1940868737555894e-06,1.1359983463154287e-08,1.3415501284954462e-05,-1.4463545795971618e-09,-1.3291823175579018,2.3071035535826407,1.4950224185996589e-05,-1.3291808239871323,2.3071049638670047,-2.6130530420464192e-05,2.151142647035688e-05,2.218401916854774e-05,5.9045246828437707e-07,2.1491940722350517e-05,2.2183902792197347e-05,8.5410232898693376e-07,-0.17473942740145368,1.6001023060552058,0.00033248559762316215,-0.17456147287875515,1.6006634979994887,-7.5938148129609738e-05,0.17473942740145368,-1.6001023060552058,-0.00033248559762316215,0.17456147287875515,-1.6006634979994887,7.5938148129609738e-05,-1.3267204090965414,2.3088002542738271,0,-1.3267204090965414,2.3088002542738271,0,0.029510634396619349,0.020327132265483088,-4.514589879213195e-06,0.029492740776007283,0.020310209027680139,7.796454009689911e-06,-0.20425006179807303,1.5797751737897228,0.00033700018750237534,-0.20405421365476242,1.5803532889718086,-8.3734602139299652e-05,-0.17473942740145368,1.6001023060552058,0.00033248559762316215,-0.17456147287875515,1.6006634979994887,-7.5938148129609738e-05,0,0,0,0,0,0,0,0,0,0,0,0
control,0,259,1295,1300,2590000000,2590000000,0,-1,0.01,1,1,0,0,none,0,0,1,1,-0.088504041402178837,1.3169586929329517e-05,0.56582808962091757,0.9999518580991209,-1.0900239363946896e-05,-0.0098123068286890356,-6.346871167272567e-10,5.4807154696371949e-06,-1.0155714265641356e-08,8.5948282810019707e-07,1.7814351884698205e-08,9.6527551849955739e-06,3.3934039590189817e-10,-1.329182111176503,2.3071037670305454,1.4957884749341904e-05,-1.3291806177925167,2.3071051772998872,-2.6120320060473263e-05,2.0020043203437282e-05,2.0773322486817495e-05,9.4449469803509846e-07,2.0002011364296334e-05,2.0770765246124219e-05,1.1932138016686373e-06,-0.17473912713699841,1.6001023081125219,0.00033246549922695095,-0.17456117321781842,1.6006635033293932,-7.5957997340511614e-05,0.17473912713699841,-1.6001023081125219,-0.00033246549922695095,0.17456117321781842,-1.6006635033293932,7.5957997340511614e-05,-1.3267204090965414,2.3088002542738271,0,-1.3267204090965414,2.3088002542738271,0,0.029510394894733415,0.020326686935649471,-4.5345901597043258e-06,0.029492501334657115,0.020309767539409503,7.7764353280585469e-06,-0.20424952203173183,1.5797756211768723,0.00033700008938665526,-0.20405367455247553,1.5803537357899837,-8.3734432668570156e-05,-0.17473912713699841,1.6001023081125219,0.00033246549922695095,-0.17456117321781842,1.6006635033293932,-7.5957997340511614e-05,0,0,0,0,0,0,0,0,0,0,0,0
control,0,260,1300,1305,2600000000,2600000000,0,-1,0.01,1,1,0,0,none,0,0,1,1,-0.08850399908788506,1.3169464171057926e-05,0.56582809626063013,0.99995185846482493,-1.0900132365329534e-05,-0.0098122695606105148,-6.2852858040139889e-10,3.409845024600669e-06,-1.3640310889087736e-08,5.353488877365434e-07,2.3687109087058666e-08,6.0078950683409503e-06,2.0153117386698688e-09,-1.3291819205471138,2.307103965403964,1.4968736851894379e-05,-1.329180427334627,2.3071053756347846,-2.6107079348099986e-05,1.837738732320645e-05,1.9197241706587805e-05,1.2627182768548007e-06,1.8360943107073387e-05,1.9192398946229268e-05,1.4944086234362835e-06,-0.17473845084133366,1.6001027062887432,0.0003324462406441303,-0.17456049788232778,1.6006639048467779,-7.5976870786899611e-05,0.17473845084133366,-1.6001027062887432,-0.0003324462406441303,0.17456049788232778,-1.6006639048467779,7.5976870786899611e-05,-1.3267204090965414,2.3088002542738271,0,-1.3267204090965414,2.3088002542738271,0,0.029510571325883805,0.020326670575796846,-4.5537569694110537e-06,0.02949267744236677,0.020309755070090613,7.7574033732581815e-06,-0.20424902216721746,1.5797760357129462,0.00033699999761354135,-0.20405317532469455,1.5803541497766873,-8.3734274160157787e-05,-0.17473845084133366,1.6001027062887432,0.0003324462406441303,-0.17456049788232778,1.6006639048467779,-7.5976870786899611e-05,0,0,0,0,0,0,0,0,0,0,0,0
control,0,261,1305,1310,2610000000,2610000000,0,-1,0.01,1,1,0,0,none,0,0,1,1,-0.088503976973743251,1.3169308740609296e-05,0.5658280997384193,0.9999518586560967,-1.0899997785469895e-05,-0.0098122500685732267,-6.1479264028324906e-10,1.4271085466002659e-06,-1.6759791715029584e-08,2.2499005906038337e-07,2.8936668839361197e-08,2.5180785788631847e-06,3.5668903422802559e-09,-1.329181747012905,2.3071041472240661,1.4982427741810057e-05,-1.3291802539554551,2.3071055573945292,-2.6091180069570188e-05,1.6613024062787765e-05,1.7485401174656486e-05,1.5436063742442841e-06,1.6598272790954481e-05,1.7478447632491466e-05,1.7565089943043792e-06,-0.17473743035260947,1.6001034708862056,0.00033242800427044674,-0.17455947867616989,1.6006646728101546,-7.599459930099329e-05,0.17473743035260947,-1.6001034708862056,-0.00033242800427044674,0.17455947867616989,-1.6006646728101546,7.599459930099329e-05,-1.3267204090965414,2.3088002542738271,0,-1.3267204090965414,2.3088002542738271,0,0.029511135460269067,0.020327056495369721,-4.5719086412552311e-06,0.02949324089777805,0.020310144880126155,7.7395285711558369e-06,-0.20424856581287854,1.5797764143908359,0.00033699991291170195,-0.20405271957394794,1.5803545279300284,-8.373412787214913e-05,-0.17473743035260947,1.6001034708862056,0.00033242800427044674,-0.17455947867616989,1.6006646728101546,-7.599459930099329e-05,0,0,0,0,0,0,0,0,0,0,0,0
control,0,262,1310,1315,2620000000,2620000000,0,-1,0.01,1,1,0,0,none,0,0,1,1,-0.088503974063820171,1.3169124407602334e-05,0.56582810020998164,0.99995185868153325,-1.0899838844724085e-05,-0.0098122474765476187,-5.9410040084132165e-10,-4.4878564286094441e-07,-1.9495219483022471e-08,-6.8664156614794045e-08,3.3531593190868179e-08,-7.8376072061077909e-07,4.9818415360014135e-09,-1.3291815916238532,2.3071043113069809,1.4998593309127539e-05,-1.3291800987040798,2.3071057213970878,-2.6073001979094913e-05,1.4756152618822557e-05,1.5667227512882388e-05,1.7861857646036621e-06,1.4743171702655262e-05,1.5658354242426569e-05,1.9788810212128169e-06,-0.17473609972024559,1.6001045695910834,0.00033241094859645383,-0.17455814961261845,1.6006657748637658,-7.6011038291256967e-05,0.17473609972024559,-1.6001045695910834,-0.00033241094859645383,0.17455814961261845,-1.6006657748637658,7.6011038291256967e-05,-1.3267204090965414,2.3088002542738271,0,-1.3267204090965414,2.3088002542738271,0,0.029512056098812838,0.02032781476088465,-4.5888872809684439e-06,0.029494160532906766,0.020310906989507518,7.7229565426678327e-06,-0.20424815581905842,1.5797767548301986,0.00033699983587742228,-0.20405231014552522,1.5803548678742583,-8.3733994833924799e-05,-0.17473609972024559,1.6001045695910834,0.00033241094859645383,-0.17455814961261845,1.6006657748637658,-7.6011038291256967e-05,0,0,0,0,0,0,0,0,0,0,0,0
control,0,263,1315,1320,2630000000,2630000000,0,-1,0.01,1,1,0,0,none,0,0,1,1,-0.088503989189898533,1.3168915095593097e-05,0.56582809785799359,0.99995185855121915,-1.0899658891093431e-05,-0.0098122607568661719,-5.6712406687832742e-10,-2.2016077333906726e-06,-2.1833543410280213e-08,-3.4307202426242838e-07,3.7450424191798333e-08,-3.8690510805630359e-06,6.2503750130855863e-09,-1.3291814551422905,2.3071044567597774,1.5016863173374675e-05,-1.32917996234221,2.3071058667515132,-2.6052927731986364e-05,1.2835272006262632e-05,1.3771602521128202e-05,1.9900052129569815e-06,1.2824111744337766e-05,1.3761013780081566e-05,2.1614089441076325e-06,-0.17473449464980495,1.6001059680320691,0.00033239520776297206,-0.17455654635976556,1.6006671765966525,-7.602606797555286e-05,0.17473449464980495,-1.6001059680320691,-0.00033239520776297206,0.17455654635976556,-1.6006671765966525,7.602606797555286e-05,-1.3267204090965414,2.3088002542738271,0,-1.3267204090965414,2.3088002542738271,0,0.029513299640979061,0.020328912764814595,-4.6045592126602518e-06,0.029495402780406691,0.020312008747096415,7.7078078723905287e-06,-0.20424779429078402,1.5797770552672545,0.0003369997669756323,-0.20405194914017225,1.580355167849556,-8.3733875847943385e-05,-0.17473449464980495,1.6001059680320691,0.00033239520776297206,-0.17455654635976556,1.6006671765966525,-7.602606797555286e-05,0,0,0,0,0,0,0,0,0,0,0,0
control,0,264,1320,1325,2640000000,2640000000,0,-1,0.01,1,1,0,0,none,0,0,1,1,-0.088504021036554123,1.3168684824140358e-05,0.56582809288818903,0.99995185827650923,-1.0899461351024141e-05,-0.009812288752288555,-5.3457545006325277e-10,-3.8176494252563983e-06,-2.3767435361251118e-08,-5.9608632545125293e-07,4.0681398890613275e-08,-6.713658347650531e-06,7.3651242557682745e-09,-1.3291813380516231,2.3071045829731425,1.503686553325053e-05,-1.3291798453528936,2.3071059928505893,-2.6031338095574315e-05,1.0877876686373026e-05,1.1826544319199597e-05,2.1551086087892571e-06,1.0868561353538452e-05,1.1814454451500441e-05,2.3044644043214864e-06,-0.17473265196280971,1.6001076303294286,0.00033238089145205964,-0.17455470570089676,1.6006688420921023,-7.6039593285730109e-05,0.17473265196280971,-1.6001076303294286,-0.00033238089145205964,0.17455470570089676,-1.6006688420921023,7.6039593285730109e-05,-1.3267204090965414,2.3088002542738271,0,-1.3267204090965414,2.3088002542738271,0,0.029514830645950285,0.020330315791736376,-4.6188150904146218e-06,0.02949693223419541,0.020313415397176449,7.6941782084562209e-06,-0.20424748260875999,1.5797773145376923,0.00033699970654247426,-0.20405163793509218,1.5803554266949258,-8.3733771494186332e-05,-0.17473265196280971,1.6001076303294286,0.00033238089145205964,-0.17455470570089676,1.6006688420921023,-7.6039593285730109e-05,0,0,0,0,0,0,0,0,0,0,0,0
control,0,265,1325,1330,2650000000,2650000000,0,-1,0.01,1,1,0,0,none,0,0,1,1,-0.088504068166460018,1.3168437652890843e-05,0.56582808552539865,0.99995185786981133,-1.089924968195538e-05,-0.0098123301982672752,-4.9719465508079484e-10,-5.285733413501629e-06,-2.5295063240203753e-08,-8.259558850467601e-07,4.3222058455144512e-08,-9.2979027690062186e-06,8.3210962102194258e-09,-1.3291812405679122,2.3071046896110512,1.5058231733537579e-05,-1.3291797479520862,2.3071060993604728,-2.6008607479617586e-05,8.9101834211493469e-06,9.8589191644973288e-06,2.2820038217512091e-06,8.9027126161573664e-06,9.84554952184348e-06,2.4088717723684407e-06,-0.17473060907659099,1.6001095196278785,0.00033236808507813479,-0.17455266501485739,1.6006707344608151,-7.6051543481774064e-05,0.17473060907659099,-1.6001095196278785,-0.00033236808507813479,0.17455266501485739,-1.6006707344608151,7.6051543481774064e-05,-1.3267204090965414,2.3088002542738271,0,-1.3267204090965414,2.3088002542738271,0,0.029516612381317545,0.020331987574563722,-4.6315697111488336e-06,0.029498712197612451,0.020315090635967981,7.6821386552668542e-06,-0.20424722145790852,1.5797775320533147,0.0003369996547892836,-0.20405137721246985,1.5803556438248472,-8.3733682137040924e-05,-0.17473060907659099,1.6001095196278785,0.00033236808507813479,-0.17455266501485739,1.6006707344608151,-7.6051543481774064e-05,0,0,0,0,0,0,0,0,0,0,0,0
control,0,266,1330,1335,2660000000,2660000000,0,-1,0.01,1,1,0,0,none,0,0,1,1,-0.088504129045594848,1.3168177628276125e-05,0.56582807600960638,0.99995185734436731,-1.0899027327116242e-05,-0.0098123837451291815,-4.5573907559494809e-10,-6.59719134884476e-06,-2.6419807718341702e-08,-1.0313221341402147e-06,4.5078761724506603e-08,-1.1606520305100967e-05,9.1155945470875477e-09,-1.3291811626539949,2.307104776597745,1.5080600511343102e-05,-1.3291796701027572,2.3071061862076383,-2.5985099820532282e-05,6.9568911338007936e-06,7.8941851538328727e-06,2.3716277893440612e-06,6.9512413555844271e-06,7.8797610813597663e-06,2.4758700739994955e-06,-0.1747284035098724,1.6001115986083672,0.00033235685026497292,-0.17455046178215269,1.600672816352998,-7.6061871491926451e-05,0.1747284035098724,-1.6001115986083672,-0.00033235685026497292,0.17455046178215269,-1.600672816352998,7.6061871491926451e-05,-1.3267204090965414,2.3088002542738271,0,-1.3267204090965414,2.3088002542738271,0,0.029518607352740752,0.020333890835253544,-4.6427615428701335e-06,0.02950070521255551,0.020316997152643197,7.6717364424597098e-06,-0.20424701086261315,1.5797777077731137,0.00033699961180784304,-0.20405116699470821,1.5803558192003548,-8.3733607934386161e-05,-0.1747284035098724,1.6001115986083672,0.00033235685026497292,-0.17455046178215269,1.600672816352998,-7.6061871491926451e-05,0,0,0,0,0,0,0,0,0,0,0,0
control,0,267,1335,1340,2670000000,2670000000,0,-1,0.01,1,1,0,0,none,0,0,1,1,-0.088504202068052679,1.3167908733345403e-05,0.5658280645920658,0.99995185671404108,-1.0898797673014377e-05,-0.009812447979906963,-4.109728208715776e-10,-7.7458125116863192e-06,-2.7149929338563339e-08,-1.2112111080376978e-06,4.6266115110470486e-08,-1.3628572395506602e-05,9.7481186719190815e-09,-1.3291811040358157,2.3071048441023447,1.5103621889712692e-05,-1.3291796115312047,2.3071062535634632,-2.5961164847734226e-05,5.0409741134332693e-06,5.9561694278486991e-06,2.4253085775592039e-06,5.0371005095129171e-06,5.9409173682206458e-06,2.5070722633923884e-06,-0.17472607241771143,1.6001138299731132,0.00033234722558097722,-0.17454813312031506,1.6006750504435698,-7.6070553007479851e-05,0.17472607241771143,-1.6001138299731132,-0.00033234722558097722,0.17454813312031506,-1.6006750504435698,7.6070553007479851e-05,-1.3267204090965414,2.3088002542738271,0,-1.3267204090965414,2.3088002542738271,0,0.029520777810120909,0.020335987803646267,-4.6523519957917676e-06,0.029502873565194654,0.020319097148313894,7.662995841150648e-06,-0.20424685022783234,1.579777842169467,0.00033699957757676901,-0.20405100668550971,1.580355953295256,-8.3733548848630504e-05,-0.17472607241771143,1.6001138299731132,0.00033234722558097722,-0.17454813312031506,1.6006750504435698,-7.6070553007479851e-05,0,0,0,0,0,0,0,0,0,0,0,0
control,0,268,1340,1345,2680000000,2680000000,0,-1,0.01,1,1,0,0,none,0,0,1,1,-0.088504285580175979,1.3167634841191297e-05,0.56582805153152393,0.99995185599310865,-1.0898564010001657e-05,-0.0098125214475757588,-3.636566835660646e-10,-8.7277656703389816e-06,-2.749819259079853e-08,-1.3650212288932384e-06,4.6806330426418748e-08,-1.5357308515087581e-05,1.0220239318663908e-08,-1.329181064220629,2.3071048925214344,1.5126960692875775e-05,-1.329179571745239,2.3071063018267846,-2.5937134754112338e-05,3.183509450538108e-06,4.066879103522832e-06,2.4447249537270735e-06,3.1813477428149284e-06,4.0510238226299503e-06,2.504422374792114e-06,-0.17472365216033073,1.6001161769002379,0.00033233922751333051,-0.17454571535319627,1.6006773998869688,-7.6077585351951626e-05,0.17472365216033073,-1.6001161769002379,-0.00033233922751333051,0.17454571535319627,-1.6006773998869688,7.6077585351951626e-05,-1.3267204090965414,2.3088002542738271,0,-1.3267204090965414,2.3088002542738271,0,0.029523086224874814,0.020338240710057236,-4.6603244555490861e-06,0.029505179762757103,0.020321352828776208,7.655919307494096e-06,-0.20424673838520555,1.5797779361901807,0.00033699955196887961,-0.20405089511595337,1.5803560470581925,-8.3733504659445722e-05,-0.17472365216033073,1.6001161769002379,0.00033233922751333051,-0.17454571535319627,1.6006773998869688,-7.6077585351951626e-05,0,0,0,0,0,0,0,0,0,0,0,0
control,0,269,1345,1350,2690000000,2690000000,0,-1,0.01,1,1,0,0,none,0,0,1,1,-0.088504377903759951,1.3167359672354535e-05,0.56582803709058949,0.99995185519605867,-1.089832949624229e-05,-0.0098126026714726207,-3.1453873953255791e-10,-9.5414967483943198e-06,-2.7481454351265174e-08,-1.4925073432069204e-06,4.6728522495911507e-08,-1.6789986159595785e-05,1.0535458118205764e-08,-1.329181042516733,2.3071049224599585,1.5150299663415368e-05,-1.3291795500538974,2.3071063316047673,-2.5913321286332544e-05,1.4035381672446954e-06,2.2463466188086991e-06,2.4318642087804648e-06,1.4030066877666802e-06,2.2301085955310096e-06,2.4701513493895425e-06,-0.17472117790822386,1.6001186034635984,0.00033233285164992941,-0.17454324361643769,1.6006798287371069,-7.608298615950526e-05,0.17472117790822386,-1.6001186034635984,-0.00033233285164992941,0.17454324361643769,-1.6006798287371069,7.608298615950526e-05,-1.3267204090965414,2.3088002542738271,0,-1.3267204090965414,2.3088002542738271,0,0.029525495735047591,0.020340612246495055,-4.6666831094636338e-06,0.029507586978240331,0.020323726865823899,7.6504888184302857e-06,-0.20424667364327145,1.5797779912171033,0.00033699953475939306,-0.20405083059467802,1.5803561018712831,-8.3733474977935543e-05,-0.17472117790822386,1.6001186034635984,0.00033233285164992941,-0.17454324361643769,1.6006798287371069,-7.608298615950526e-05,0,0,0,0,0,0,0,0,0,0,0,0
control,0,270,1350,1355,2700000000,2700000000,0,-1,0.01,1,1,0,0,none,0,0,1,1,-0.088504477358101713,1.3167086756521014e-05,0.56582802153228107,0.99995185433740064,-1.0898097125346738e-05,-0.0098126901727004501,-2.6434566215023767e-10,-1.0187605081783893e-05,-2.7120223842832275e-08,-1.5937613767865512e-06,4.6067959474400068e-08,-1.7927653129465255e-05,1.069904857756137e-08,-1.3291810380543982,2.3071049347107713,1.5173342167991442e-05,-1.3291795455883519,2.3071063436924288,-2.5890013264561312e-05,-2.8203968303070406e-07,5.1250856651068242e-07,2.3889787969085145e-06,-2.810378659649714e-07,4.961015680264833e-07,2.4067320296150275e-06,-0.17471868328712747,1.6001210750158483,0.00033232807404456047,-0.17454075150277681,1.6006823023304848,-7.6086791884086126e-05,0.17471868328712747,-1.6001210750158483,-0.00033232807404456047,0.17454075150277681,-1.6006823023304848,7.6086791884086126e-05,-1.3267204090965414,2.3088002542738271,0,-1.3267204090965414,2.3088002542738271,0,0.029527970553806314,0.020343065993819798,-4.6714515902428588e-06,0.029510059458525063,0.020326182824426695,7.6466673778876411e-06,-0.2042466538409338,1.5797780090220286,0.00033699952563480336,-0.20405081096130187,1.580356119506058,-8.3733459261973767e-05,-0.17471868328712747,1.6001210750158483,0.00033232807404456047,-0.17454075150277681,1.6006823023304848,-7.6086791884086126e-05,0,0,0,0,0,0,0,0,0,0,0,0
control,0,271,1355,1360,2710000000,2710000000,0,-1,0.01,1,1,0,0,none,0,0,1,1,-0.088504582280699032,1.3166819398754122e-05,0.56582800511678721,0.99995185343149029,-1.0897869697874653e-05,-0.0098127824883430526,-2.1377481909485133e-10,-1.0668701112287237e-05,-2.643820105242182e-08,-1.6691900797806969e-06,4.4865276975363243e-08,-1.8774897143758378e-05,1.0717886029449329e-08,-1.3291810498076615,2.3071049302331677,1.5195814484497787e-05,-1.3291795573236806,2.3071063390511495,-2.5867474534821825e-05,-1.858537325781486e-06,-1.1188821775795129e-06,2.3185425427486296e-06,-1.8561122229532705e-06,-1.1352533140769004e-06,2.3168341329745226e-06,-0.17471620006388705,1.6001235585317741,0.0003323248527297991,-0.17453827074822428,1.6006847876295009,-7.6089056178655555e-05,0.17471620006388705,-1.6001235585317741,-0.0003323248527297991,0.17453827074822428,-1.6006847876295009,7.6089056178655555e-05,-1.3267204090965414,2.3088002542738271,0,-1.3267204090965414,2.3088002542738271,0,0.02953047633942946,0.02034556681117939,-4.674671472486768e-06,0.02951256289400505,0.020328685552102183,7.6444006537978209e-06,-0.20424667640331651,1.5797779917205947,0.00033699952420228584,-0.20405083364222934,1.5803561020773988,-8.3733456832453369e-05,-0.17471620006388705,1.6001235585317741,0.0003323248527297991,-0.17453827074822428,1.6006847876295009,-7.6089056178655555e-05,0,0,0,0,0,0,0,0,0,0,0,0
control,0,272,1360,1365,2720000000,2720000000,0,-1,0.01,1,1,0,0,none,0,0,1,1,-0.088504691046427816,1.3166560650434372e-05,0.56582798809846413,0.99995185249235941,-1.0897649796849922e-05,-0.009812878188342998,-1.6348720663712087e-10,-1.09892484233103e-05,-2.54618008491602e-08,-1.719490305321635e-06,4.3165668889171775e-08,-1.9339567877978324e-05,1.060026553044891e-08,-1.3291810766166574,2.3071049101307293,1.5217467668987937e-05,-1.3291795841011786,2.3071063187864933,-2.5845942351734125e-05,-3.3135219309907523e-06,-2.6343121850272554e-06,2.2232067845470386e-06,-3.309794420872766e-06,-2.6504535600152555e-06,2.2032795457735452e-06,-0.17471375787488005,1.6001260229103296,0.00033232312935955463,-0.1745358309607313,1.6006872535245109,-7.6089848161958198e-05,0.17471375787488005,-1.6001260229103296,-0.00033232312935955463,0.1745358309607313,-1.6006872535245109,7.6089848161958198e-05,-1.3267204090965414,2.3088002542738271,0,-1.3267204090965414,2.3088002542738271,0,0.029532980524288221,0.020348081185451127,-4.6764006399237336e-06,0.029515064747277889,0.020331201528345194,7.6436187282315603e-06,-0.20424673839916827,1.5797779417248785,0.00033699952999947838,-0.20405089570800919,1.5803560519961657,-8.3733466890189751e-05,-0.17471375787488005,1.6001260229103296,0.00033232312935955463,-0.1745358309607313,1.6006872535245109,-7.6089848161958198e-05,0,0,0,0,0,0,0,0,0,0,0,0
control,0,273,1365,1370,2730000000,2730000000,0,-1,0.01,1,1,0,0,none,0,0,1,1,-0.088504802085061549,1.3166313285009238e-05,0.56582797072309288,0.99995185153356703,-1.0897439767373097e-05,-0.0098129758909200077,-1.1410125580382878e-10,-1.1155393019916505e-05,-2.4219669443254275e-08,-1.745622344494793e-06,4.1018065480217833e-08,-1.9632476550003094e-05,1.0355714882387457e-08,-1.3291811172101933,2.3071048756287929,1.5238079005095089e-05,-1.3291796246509096,2.3071062841256627,-2.5825626185347008e-05,-4.6368255538264823e-06,-4.0225319593662736e-06,2.1057570962431235e-06,-4.6319251796090121e-06,-4.0382623735160808e-06,2.0689985298618794e-06,-0.17471138399687927,1.6001284392336779,0.00033232283094816121,-0.17453345939125472,1.6006896710927159,-7.6089250604119795e-05,0.17471138399687927,-1.6001284392336779,-0.00033232283094816121,0.17453345939125472,-1.6006896710927159,7.6089250604119795e-05,-1.3267204090965414,2.3088002542738271,0,-1.3267204090965414,2.3088002542738271,0,0.029535452602152866,0.020350577538349665,-4.676711556340683e-06,0.029517534540186872,0.020333699171533246,7.644237929111009e-06,-0.20424683659903214,1.5797778616953282,0.00033699954250450187,-0.2040509939314416,1.5803559719211826,-8.3733488533230802e-05,-0.17471138399687927,1.6001284392336779,0.00033232283094816121,-0.17453345939125472,1.6006896710927159,-7.6089250604119795e-05,0,0,0,0,0,0,0,0,0,0,0,0
control,0,274,1370,1375,2740000000,2740000000,0,-1,0.01,1,1,0,0,none,0,0,1,1,-0.088504913897021364,1.3166079778590395e-05,0.56582795322541246,0.99995185056806324,-1.0897241700359509e-05,-0.0098130742764327913,-6.6187540348532675e-11,-1.1174782756913867e-05,-2.2742199703953561e-08,-1.7487816721542139e-06,3.8474310411289755e-08,-1.9667078155023015e-05,9.9948011975633102e-09,-1.3291811702282652,2.307104828051846,1.5257453044201642e-05,-1.3291796776142006,2.307106236394874,-2.5806706940237069e-05,-5.8205271709134231e-06,-5.2745517026399891e-06,1.969071004690404e-06,-5.8145899606157025e-06,-5.2897041887498654e-06,1.9169872953597787e-06,-0.1747091031619642,1.6001307809840104,0.00033232387168258281,-0.17453118074883897,1.6006920138149157,-7.6087358057034805e-05,0.1747091031619642,-1.6001307809840104,-0.00033232387168258281,0.17453118074883897,-1.6006920138149157,7.6087358057034805e-05,-1.3267204090965414,2.3088002542738271,0,-1.3267204090965414,2.3088002542738271,0,0.029537864371441687,0.020353026491326493,-4.6756894634950124e-06,0.029519944096851415,0.020336149103719954,7.6461627173031318e-06,-0.20424696753340588,1.5797777544926839,0.00033699956114607784,-0.20405112484569038,1.5803558647111957,-8.3733520774337939e-05,-0.1747091031619642,1.6001307809840104,0.00033232387168258281,-0.17453118074883897,1.6006920138149157,-7.6087358057034805e-05,0,0,0,0,0,0,0,0,0,0,0,0
control,0,275,1375,1380,2750000000,2750000000,0,-1,0.01,1,1,0,0,none,0,0,1,1,-0.088505025067275311,1.3165862295371424e-05,0.56582793582694357,0.99995184960806816,-1.0897057420376926e-05,-0.0098131720996125753,-2.0264401873648153e-11,-1.1056379726403594e-05,-2.1061051640946167e-08,-1.7303695935227956e-06,3.5588347012795414e-08,-1.9459141299360451e-05,9.5289369458776356e-09,-1.3291812342442488,2.3071047688011279,1.5275422249756921e-05,-1.3291797415658118,2.3071061769969452,-2.578933657008907e-05,-6.8589086520532692e-06,-6.3836095366034407e-06,1.8160773740789237e-06,-6.852075005230525e-06,-6.3980326327174778e-06,1.7502675635497692e-06,-0.17470693741472504,1.6001330242171552,0.00033232615476998343,-0.17452901705791971,1.600694257748936,-7.6084274965562226e-05,0.17470693741472504,-1.6001330242171552,-0.00033232615476998343,0.17452901705791971,-1.600694257748936,7.6084274965562226e-05,-1.3267204090965414,2.3088002542738271,0,-1.3267204090965414,2.3088002542738271,0,0.029540190135466899,0.020355401086694754,-4.6734305436310221e-06,0.029522267743751753,0.020338524371531479,7.6492875928492332e-06,-0.20424712755019195,1.5797776231304606,0.00033699958531361446,-0.20405128480167145,1.5803557333774045,-8.3733562558411455e-05,-0.17470693741472504,1.6001330242171552,0.00033232615476998343,-0.17452901705791971,1.600694257748936,-7.6084274965562226e-05,0,0,0,0,0,0,0,0,0,0,0,0
control,0,276,1380,1385,2760000000,2760000000,0,-1,0.01,1,1,0,0,none,0,0,1,1,-0.088505134277332961,1.3165662677780785e-05,0.56582791873410931,0.99995184866496889,-1.0896888477508354e-05,-0.009813268200120762,2.3205509757734921e-11,-1.0810268340730363e-05,-1.9208683649045016e-08,-1.6919632333198894e-06,3.2415423457653445e-08,-1.9026410451233372e-05,8.9701856339103154e-09,-1.3291813077865142,2.307104699332692,1.5291847262335882e-05,-1.3291798150355298,2.3071061073893491,-2.5773638068019975e-05,-7.7483866402367517e-06,-7.3451143897552694e-06,1.6497175640750635e-06,-7.7407992894599092e-06,-7.3586731623684358e-06,1.5718482011212555e-06,-0.1747049060111471,1.6001351476937438,0.00033232957431023784,-0.17452698755728491,1.6006963816605813,-7.6080113769303376e-05,0.1747049060111471,-1.6001351476937438,-0.00033232957431023784,0.17452698755728491,-1.6006963816605813,7.6080113769303376e-05,-1.3267204090965414,2.3088002542738271,0,-1.3267204090965414,2.3088002542738271,0,0.02954240685963384,0.020357676965205195,-4.6700400569045175e-06,0.029524482466795142,0.020340800623479531,7.6534990103499306e-06,-0.20424731287078093,1.5797774707285386,0.00033699961436714238,-0.20405147002408006,1.5803555810371017,-8.3733612779653306e-05,-0.1747049060111471,1.6001351476937438,0.00033232957431023784,-0.17452698755728491,1.6006963816605813,-7.6080113769303376e-05,0,0,0,0,0,0,0,0,0,0,0,0
control,0,277,1385,1390,2770000000,2770000000,0,-1,0.01,1,1,0,0,none,0,0,1,1,-0.088505240315309014,1.3165482441230306e-05,0.56582790213665901,0.99995184774923418,-1.089673614311845e-05,-0.009813361511406847,6.3817788788190312e-11,-1.0447461735597961e-05,-1.7217899749683285e-08,-1.6352852154688214e-06,2.9011325418568956e-08,-1.8388265221901903e-05,8.3310718303500954e-09,-1.3291813893592341,2.3071046211361796,1.5306616805616892e-05,-1.3291798965289565,2.3071060290629761,-2.5759705809633516e-05,-8.487422295061367e-06,-8.1565662577570059e-06,1.4729089009838686e-06,-8.4792243608840884e-06,-8.1691430803642655e-06,1.3846894521286051e-06,-0.17470302535840676,1.6001371329695264,0.00033233401716024978,-0.17452510863991766,1.6006983671137591,-7.6074993027987995e-05,0.17470302535840676,-1.6001371329695264,-0.00033233401716024978,0.17452510863991766,-1.6006983671137591,7.6074993027987995e-05,-1.3267204090965414,2.3088002542738271,0,-1.3267204090965414,2.3088002542738271,0,0.029544494285755021,0.020359832501155712,-4.6656304867342604e-06,0.029526568025522362,0.020342956244831845,7.6586772702836247e-06,-0.20424751964416177,1.5797773004683706,0.00033699964764698405,-0.20405167666544002,1.5803554108689273,-8.3733670298271619e-05,-0.17470302535840676,1.6001371329695264,0.00033233401716024978,-0.17452510863991766,1.6006983671137591,-7.6074993027987995e-05,0,0,0,0,0,0,0,0,0,0,0,0
control,0,278,1390,1395,2780000000,2780000000,0,-1,0.01,1,1,0,0,none,0,0,1,1,-0.088505342084051461,1.31653227732686e-05,0.56582788620639413,0.99995184687033978,-1.0896601409359452e-05,-0.009813451067864791,1.0122794447419603e-10,-9.9797089468213081e-06,-1.5121417902436258e-08,-1.5621735181864507e-06,2.5431645013824281e-08,-1.7565381007757542e-05,7.6243965393191337e-09,-1.3291814774621826,2.3071045357145077,1.5319647257222134e-05,-1.3291799845472898,2.3071059435218171,-2.5747606222050152e-05,-9.0764122153191222e-06,-8.8174554156248795e-06,1.2885107401593367e-06,-9.0677453942147302e-06,-8.8289504910252972e-06,1.1916700298588607e-06,-0.17470130899250713,1.6001389644451949,0.00033233936476888379,-0.1745233938305831,1.6007001985200271,-7.6069035591432165e-05,0.17470130899250713,-1.6001389644451949,-0.00033233936476888379,0.1745233938305831,-1.6007001985200271,7.6069035591432165e-05,-1.3267204090965414,2.3088002542738271,0,-1.3267204090965414,2.3088002542738271,0,0.029546435006017314,0.020361848894956014,-4.6603197141746068e-06,0.029528507027071819,0.020344972449856377,7.6646983651221027e-06,-0.20424774399852444,1.5797771155502389,0.00033699968448305838,-0.20405190085765493,1.5803552260701708,-8.3733733956554271e-05,-0.17470130899250713,1.6001389644451949,0.00033233936476888379,-0.1745233938305831,1.6007001985200271,-7.6069035591432165e-05,0,0,0,0,0,0,0,0,0,0,0,0
control,0,279,1395,1400,2790000000,2790000000,0,-1,0.01,1,1,0,0,none,0,0,1,1,-0.088505438607359987,1.3165184536904365e-05,0.56582787109619304,0.99995184603671883,-1.0896484992214187e-05,-0.0098135360103070897,1.3515221420733199e-10,-9.4193051867785272e-06,-1.2951463315445136e-08,-1.4745517866102807e-06,2.1731092785355149e-08,-1.657939507261425e-05,6.8630584282805702e-09,-1.3291815706093517,2.3071044445646738,1.5330881909752515e-05,-1.3291800776059204,2.3071058522637631,-2.5737378751454839e-05,-9.5175621404740848e-06,-9.3291439711309713e-06,1.0992932642713274e-06,-9.5085650063867622e-06,-9.3394756209275351e-06,9.9555712227385035e-07,-0.17469976759295272,1.600140629378759,0.00033234549496758987,-0.17452185380051799,1.6007018631507273,-7.6062366824829265e-05,0.17469976759295272,-1.600140629378759,-0.00033234549496758987,0.17452185380051799,-1.6007018631507273,7.6062366824829265e-05,-1.3267204090965414,2.3088002542738271,0,-1.3267204090965414,2.3088002542738271,0,0.029548214496934115,0.020363710225796108,-4.6542292361393208e-06,0.029530284960057027,0.02034683333419926,7.6714357693227598e-06,-0.20424798208988684,1.5797769191529629,0.0003369997242037292,-0.20405213876057501,1.5803550298165281,-8.373380259415202e-05,-0.17469976759295272,1.600140629378759,0.00033234549496758987,-0.17452185380051799,1.6007018631507273,-7.6062366824829265e-05,0,0,0,0,0,0,0,0,0,0,0,0
control,0,280,1400,1405,2800000000,2800000000,0,-1,0.01,1,1,0,0,none,0,0,1,1,-0.088505529034335145,1.3165068277824973e-05,0.56582785693932902,0.99995184525572323,-1.0896387337841313e-05,-0.0098136155897950474,1.6536756530367279e-10,-8.7789073405276014e-06,-1.0739390826621086e-08,-1.3744004273473463e-06,1.7962858991692527e-08,-1.5452581813028694e-05,6.0598868876852118e-09,-1.3291816673462193,2.3071043491598315,1.5340289951199371e-05,-1.3291801742516869,2.3071057567626805,-2.5729037097723053e-05,-9.8147463887501776e-06,-9.694732097187791e-06,9.0790944357812749e-07,-9.805552860868431e-06,-9.7038368091001423e-06,7.9897981854989617e-07,-0.1746984090316081,1.6001421178624893,0.00033235228368657776,-0.17452049641614265,1.6007033511136142,-7.6055112924046513e-05,0.1746984090316081,-1.6001421178624893,-0.00033235228368657776,0.17452049641614265,-1.6007033511136142,7.6055112924046513e-05,-1.3267204090965414,2.3088002542738271,0,-1.3267204090965414,2.3088002542738271,0,0.029549821115718061,0.020365403466092176,-4.6474824575387174e-06,0.029531890191036757,0.02034852588897269,7.6787621383894214e-06,-0.20424823014732615,1.579776714396397,0.00033699976614411645,-0.20405238660717939,1.5803548252246415,-8.373387506243593e-05,-0.1746984090316081,1.6001421178624893,0.00033235228368657776,-0.17452049641614265,1.6007033511136142,-7.6055112924046513e-05,0,0,0,0,0,0,0,0,0,0,0,0
control,0,281,1405,1410,2810000000,2810000000,0,-1,0.01,1,1,0,0,none,0,0,1,1,-0.088505612641923428,1.316497423520272e-05,0.56582784384906981,0.99995184453359975,-1.089630863195931e-05,-0.0098136891698815572,1.9171093046459032e-10,-8.0713566011887951e-06,-8.515339088011373e-09,-1.2637288482674857e-06,1.4178029661432428e-08,-1.4207540577456714e-05,5.227482988752192e-09,-1.3291817662655554,2.3071042509327815,1.5347865194731062e-05,-1.3291802730786639,2.3071056584519019,-2.5722570684372777e-05,-9.9733560788858959e-06,-9.9189110705987724e-06,7.168701412825151e-07,-9.9640940285707994e-06,-9.9267433330632756e-06,6.044057926897271e-07,-0.17469723845220486,1.6001434227661473,0.0003323596065883213,-0.17451932681851967,1.6007046552958126,-7.6047399322133207e-05,0.17469723845220486,-1.6001434227661473,-0.0003323596065883213,0.17451932681851967,-1.6007046552958126,7.6047399322133207e-05,-1.3267204090965414,2.3088002542738271,0,-1.3267204090965414,2.3088002542738271,0,0.02955124606228593,0.020366918459152884,-4.6402030654834437e-06,0.029533313926512868,0.020350039978102179,7.6865509156773462e-06,-0.20424848451449079,1.5797765043069945,0.00033699980965380477,-0.20405264074503254,1.5803546153177104,-8.3733950237810549e-05,-0.17469723845220486,1.6001434227661473,0.0003323596065883213,-0.17451932681851967,1.6007046552958126,-7.6047399322133207e-05,0,0,0,0,0,0,0,0,0,0,0,0
control,0,282,1410,1415,2820000000,2820000000,0,-1,0.01,1,1,0,0,none,0,0,1,1,-0.088505688835740948,1.3164902355752644e-05,0.56582783191854757,0.99995184387548541,-1.0896248811982338e-05,-0.0098137562273383494,2.1407773401255531e-10,-7.309509969871647e-06,-6.3079194796587595e-09,-1.1445491006250718e-06,1.0425061402019459e-08,-1.2866899092482836e-05,4.3780756064746194e-09,-1.3291818660216563,2.3071041512609916,1.5353624588202773e-05,-1.3291803727423877,2.3071055587092504,-2.5717946332024144e-05,-1.0000138242804214e-05,-1.0007806096334584e-05,5.2852239427160114e-07,-9.9909282823828845e-06,-1.0014338015766885e-05,4.1412133792993676e-07,-0.17469625837835798,1.600144539649847,0.00033236734060771632,-0.17451834753116591,1.6007057712763402,-7.6039349201176013e-05,0.17469625837835798,-1.600144539649847,-0.00033236734060771632,0.17451834753116591,-1.6007057712763402,7.6039349201176013e-05,-1.3267204090965414,2.3088002542738271,0,-1.3267204090965414,2.3088002542738271,0,0.029552483308743032,0.02036824786317068,-4.6325134961744117e-06,0.029534550142578206,0.020351368281943893,7.6946778327107465e-06,-0.204248741687101,1.5797762917866764,0.00033699985410389074,-0.20405289767374413,1.5803544029943963,-8.3734027033886761e-05,-0.17469625837835798,1.600144539649847,0.00033236734060771632,-0.17451834753116591,1.6007057712763402,-7.6039349201176013e-05,0,0,0,0,0,0,0,0,0,0,0,0
control,0,283,1415,1420,2830000000,2830000000,0,-1,0.01,1,1,0,0,none,0,0,1,1,-0.088505757149272307,1.3164852310683947e-05,0.5658278212208826,0.99995184328541209,-1.0896207581601638e-05,-0.0098138163514539748,2.3241976380281514e-10,-6.5060821302782533e-06,-4.1439414228965902e-09,-1.0188511084876165e-06,6.7493187013898309e-09,-1.1453035123691333e-05,3.5233874584155728e-09,-1.3291819653429378,2.3071040514532339,1.5357606535554101e-05,-1.3291804719724329,2.307105458843679,-2.5715110102090961e-05,-9.9030281716599747e-06,-9.9688117404040118e-06,3.4503115836572445e-07,-9.8939825864809078e-06,-9.974032479992606e-06,2.3021492677437549e-07,-0.17469546884723386,1.6001454666499018,0.00033237536537474098,-0.17451755859363993,1.6007066972117028,-7.6031082128146654e-05,0.17469546884723386,-1.6001454666499018,-0.00033237536537474098,0.17451755859363993,-1.6007066972117028,7.6031082128146654e-05,-1.3267204090965414,2.3088002542738271,0,-1.3267204090965414,2.3088002542738271,0,0.029553529499013374,0.020369387064728153,-4.6245335185845164e-06,0.029535595484577855,0.020352506210496647,7.7030222842885677e-06,-0.20424899834624724,1.5797760795851736,0.00033699989889332549,-0.20405315407821778,1.5803541910012062,-8.3734104412435222e-05,-0.17469546884723386,1.6001454666499018,0.00033237536537474098,-0.17451755859363993,1.6007066972117028,-7.6031082128146654e-05,0,0,0,0,0,0,0,0,0,0,0,0
control,0,284,1420,1425,2840000000,2840000000,0,-1,0.01,1,1,0,0,none,0,0,1,1,-0.088505817241557178,1.316482351516978e-05,0.56582781180954345,0.99995184276632787,-1.0896184427493309e-05,-0.0098138692420005474,2.4674246081811354e-10,-5.6734989705281465e-06,-2.048175964184708e-09,-8.885797324967643e-07,3.1926759214031914e-09,-9.9878186508008485e-06,2.6745183853173385e-09,-1.3291820630428297,2.307103952737894,1.5359869062850163e-05,-1.3291805695833021,2.3071053600835896,-2.5713989276915726e-05,-9.6909780130165271e-06,-9.8104219598158628e-06,1.6836442722239252e-07,-9.6821998947647793e-06,-9.8143369819002829e-06,5.4564281196995271e-08,-0.17469486756485586,1.6001462043400914,0.00033238356451430331,-0.17451695771658632,1.6007074336967799,-7.6022712824050625e-05,0.17469486756485586,-1.6001462043400914,-0.00033238356451430331,0.17451695771658632,-1.6007074336967799,7.6022712824050625e-05,-1.3267204090965414,2.3088002542738271,0,-1.3267204090965414,2.3088002542738271,0,0.029554383822478863,0.0203703340641361,-4.6163789402161685e-06,0.029536449140970263,0.020353451788322787,7.7114685690148684e-06,-0.20424925138733471,1.5797758702759552,0.00033699994345451947,-0.20405340685755657,1.5803539819084571,-8.3734181393065494e-05,-0.17469486756485586,1.6001462043400914,0.00033238356451430331,-0.17451695771658632,1.6007074336967799,-7.6022712824050625e-05,0,0,0,0,0,0,0,0,0,0,0,0
control,0,285,1425,1430,2850000000,2850000000,0,-1,0.01,1,1,0,0,none,0,0,1,1,-0.088505868893487286,1.3164815149950928e-05,0.56582780371892594,0.9999518423201279,-1.0896178637824182e-05,-0.0098139147059776739,2.5710169065782469e-10,-4.8237638163628938e-06,-4.3157774952238331e-11,-7.5561383022966155e-07,-2.0681510479651155e-10,-8.4923763974956905e-06,1.84184146271446e-09,-1.3291821580289496,2.3071038562529997,1.5360487860613722e-05,-1.3291806644835888,2.3071052635668674,-2.5714494444184961e-05,-9.3737836554042351e-06,-9.5420573337780275e-06,2.8160780380431897e-10,-9.3653661806703629e-06,-9.544687502918343e-06,-1.1117331248364115e-07,-0.17469445008020743,1.6001467555717592,0.00033239182681961128,-0.17451654045569465,1.6007079836046783,-7.6014350062710164e-05,0.17469445008020743,-1.6001467555717592,-0.00033239182681961128,0.17451654045569465,-1.6007079836046783,7.6014350062710164e-05,-1.3267204090965414,2.3088002542738271,0,-1.3267204090965414,2.3088002542738271,0,0.029555047864380745,0.020371089335928599,-4.608160438574307e-06,0.029537112693840004,0.020354205514770355,7.7199069988796714e-06,-0.20424949794458816,1.5797756662358307,0.00033699998725818557,-0.20405365314953466,1.580353778089908,-8.3734257061589837e-05,-0.17469445008020743,1.6001467555717592,0.00033239182681961128,-0.17451654045569465,1.6007079836046783,-7.6014350062710164e-05,0,0,0,0,0,0,0,0,0,0,0,0
control,0,286,1430,1435,2860000000,2860000000,0,-1,0.01,1,1,0,0,none,0,0,1,1,-0.088505912002846132,1.3164826184682304e-05,0.56582779696512764,0.99995184194769815,-1.0896189322222806e-05,-0.0098139526532498907,2.6360006844463281e-10,-3.9683372149922553e-06,1.8509733199842742e-09,-6.2174742780194242e-07,-3.4151903540540082e-09,-6.9868802133041078e-06,1.0349149606604808e-09,-1.3291822493105514,2.3071037630379778,1.5359554233963733e-05,-1.3291807556834214,2.3071051703326502,-2.5716521653756733e-05,-8.9619120689434395e-06,-9.1738918916604018e-06,-1.5767479462747701e-07,-8.9539379636336007e-06,-9.1752724260229933e-06,-2.6556731279432977e-07,-0.17469420997488852,1.6001471252962554,0.00033240004728695333,-0.17451630040111235,1.6007083519088305,-7.6006095715286815e-05,0.17469420997488852,-1.6001471252962554,-0.00033240004728695333,0.17451630040111235,-1.6007083519088305,7.6006095715286815e-05,-1.3267204090965414,2.3088002542738271,0,-1.3267204090965414,2.3088002542738271,0,0.029555525436223046,0.020371655668028506,-4.5999825304577459e-06,0.029537589949505345,0.02035477020276184,7.728234861766736e-06,-0.20424973541111158,1.5797754696282269,0.00033700002981741108,-0.20405389035061769,1.5803535817060688,-8.3734330577053546e-05,-0.17469420997488852,1.6001471252962554,0.00033240004728695333,-0.17451630040111235,1.6007083519088305,-7.6006095715286815e-05,0,0,0,0,0,0,0,0,0,0,0,0
control,0,287,1435,1440,2870000000,2870000000,0,-1,0.01,1,1,0,0,none,0,0,1,1,-0.088505946578231076,1.3164855402631904e-05,0.56582779154689855,0.99995184164896556,-1.0896215432883633e-05,-0.0098139830912003928,2.6638291279344306e-10,-3.11803088695054e-06,3.6165921612401616e-09,-4.8867311786885863e-07,-6.4027734112299008e-09,-5.4903603839383371e-06,2.6241036822902101e-10,-1.3291823360042636,2.3071036740271316,1.5357172991551048e-05,-1.3291808423001958,2.3071050813148144,-2.5719954615826646e-05,-8.4663313450850957e-06,-8.7166815036714187e-06,-3.0418432509263696e-07,-8.4588725067898731e-06,-8.7168608148447246e-06,-4.0741709346817467e-07,-0.17469413906483577,1.600147320372723,0.00033240812800974567,-0.17451622937896091,1.6007085454905312,-7.5998043938008573e-05,0.17469413906483577,-1.600147320372723,-0.00033240812800974567,0.17451622937896091,-1.6007085454905312,7.5998043938008573e-05,-1.3267204090965414,2.3088002542738271,0,-1.3267204090965414,2.3088002542738271,0,0.029555822389683767,0.020372037982601513,-4.5919426812106827e-06,0.029537886752613114,0.020355150799374302,7.7363572394214012e-06,-0.20424996145451954,1.5797752823901214,0.00033700007069095635,-0.20405411613157404,1.580353394691157,-8.3734401177429975e-05,-0.17469413906483577,1.600147320372723,0.00033240812800974567,-0.17451622937896091,1.6007085454905312,-7.5998043938008573e-05,0,0,0,0,0,0,0,0,0,0,0,0
control,0,288,1440,1445,2880000000,2880000000,0,-1,0.01,1,1,0,0,none,0,0,1,1,-0.0885059727320026,1.3164901426345948e-05,0.56582778744674322,0.99995184142296412,-1.0896255786475487e-05,-0.0098140061185280243,2.6563389789632605e-10,-2.2829162612272134e-06,5.2386695495952758e-09,-3.5796769882930088e-07,-9.1443095838289666e-09,-4.0205446121843071e-06,-4.6794553482466737e-10,-1.3291824173381552,2.3071035900448127,1.5353460302798139e-05,-1.3291809235626391,2.3071049973371611,-2.5724666911139475e-05,-7.8983450391619923e-06,-8.1815961826783528e-06,-4.3815068086252748e-07,-7.8914623222405795e-06,-8.1806346102271235e-06,-5.3575209126308153e-07,-0.1746942276113104,1.6001473493650127,0.00033241597892899144,-0.17451631766208825,1.6007085729355524,-7.5990280506087009e-05,0.1746942276113104,-1.6001473493650127,-0.00033241597892899144,0.17451631766208825,-1.6007085729355524,7.5990280506087009e-05,-1.3267204090965414,2.3088002542738271,0,-1.3267204090965414,2.3088002542738271,0,0.029555946416924345,0.020372243142446546,-4.5841305567963153e-06,0.029538010786654918,0.020355354191906684,7.7441876779049967e-06,-0.20425017402823475,1.5797751062225662,0.00033700010948578774,-0.20405432844874316,1.5803532187436458,-8.3734468183992004e-05,-0.1746942276113104,1.6001473493650127,0.00033241597892899144,-0.17451631766208825,1.6007085729355524,-7.5990280506087009e-05,0,0,0,0,0,0,0,0,0,0,0,0
control,0,289,1445,1450,2890000000,2890000000,0,-1,0.01,1,1,0,0,none,0,0,1,1,-0.088505990672406082,1.3164962743903753e-05,0.56582778463215311,0.99995184126789671,-1.0896309086534077e-05,-0.0098140219183169963,2.6157047798426225e-10,-1.472247782235667e-06,6.7048165084667963e-09,-2.3108018020830109e-07,-1.1619037434648106e-08,-2.593722990389996e-06,-1.1494122751469544e-09,-1.3291824926541849,2.3071035118022385,1.5348541551877015e-05,-1.3291809988132575,2.3071049191102442,-2.5730524185143563e-05,-7.2694332596221134e-06,-7.5800573632907916e-06,-5.5870096234821772e-07,-7.2631764104445982e-06,-7.5780258367485758e-06,-6.4982913888969274e-07,-0.17469446453697821,1.6001472223297928,0.00033242351844141668,-0.17451655418591039,1.600708444322027,-7.5982882291905515e-05,0.17469446453697821,-1.6001472223297928,-0.00033242351844141668,0.17451655418591039,-1.600708444322027,7.5982882291905515e-05,-1.3267204090965414,2.3088002542738271,0,-1.3267204090965414,2.3088002542738271,0,0.029555906841610656,0.020372279745107833,-4.5766274174456937e-06,0.029537971365208061,0.020355389001749796,7.751648712487554e-06,-0.20425037137858887,1.579774942584685,0.00033700014585886237,-0.20405452555111844,1.5803530553202771,-8.3734531004393066e-05,-0.17469446453697821,1.6001472223297928,0.00033242351844141668,-0.17451655418591039,1.600708444322027,-7.5982882291905515e-05,0,0,0,0,0,0,0,0,0,0,0,0
control,0,290,1450,1455,2900000000,2900000000,0,-1,0.01,1,1,0,0,none,0,0,1,1,-0.088506000695016657,1.3165037735399387e-05,0.56582778305694525,0.99995184118121272,-1.089637394603063e-05,-0.0098140307505096818,2.544391557720174e-10,-6.944010144671438e-07,8.0052928379781948e-09,-1.0932208698375923e-07,-1.3810699753788063e-08,-1.2246390193125756e-06,-1.7762622476874968e-09,-1.3291825614091057,2.3071034398958932,1.5342549213854818e-05,-1.3291810675092406,2.3071048472297875,-2.5737386301370793e-05,-6.5911012015163876e-06,-6.92358260849017e-06,-6.6518232329409708e-07,-6.5855089443784511e-06,-6.9205612391147687e-06,-7.4912729588265404e-07,-0.17469483764531757,1.6001469506001249,0.00033243067387019889,-0.1745169267675955,1.600708171003747,-7.597591687929096e-05,0.17469483764531757,-1.6001469506001249,-0.00033243067387019889,0.1745169267675955,-1.600708171003747,7.597591687929096e-05,-1.3267204090965414,2.3088002542738271,0,-1.3267204090965414,2.3088002542738271,0,0.029555714402573912,0.020372157909119504,-4.5695056479917399e-06,0.029537779215806453,0.020355265370333723,7.7586722552053697e-06,-0.20425055204789147,1.5797747926910053,0.00033700017951819063,-0.20405470598340195,1.5803529056334131,-8.3734589134496336e-05,-0.17469483764531757,1.6001469506001249,0.00033243067387019889,-0.1745169267675955,1.600708171003747,-7.597591687929096e-05,0,0,0,0,0,0,0,0,0,0,0,0
control,0,291,1455,1460,2910000000,2910000000,0,-1,0.01,1,1,0,0,none,0,0,1,1,-0.088506003173652426,1.3165124699304592e-05,0.56582778266268363,0.99995184115968472,-1.0896448909822879e-05,-0.0098140329439118986,2.4451066061202976e-10,4.3174631025534734e-08,9.132981890869629e-09,6.1399577310209261e-09,-1.570749714202743e-08,7.3593637107789625e-08,-2.3437945380230629e-09,-1.3291826231739097,2.3071033748074292,1.5335620778281984e-05,-1.3291811292219085,2.3071047821766002,-2.5745109429540816e-05,-5.8747369030789718e-06,-6.2236388842688195e-06,-7.5715601951651598e-07,-5.8698371467388693e-06,-6.2197155327211401e-06,-8.3334013954650846e-07,-0.17469533383992322,1.6001465465670464,0.00033243738179069833,-0.17451742232513295,1.6007077653915545,-7.5969442323173996e-05,0.17469533383992322,-1.6001465465670464,-0.00033243738179069833,0.17451742232513295,-1.6007077653915545,7.5969442323173996e-05,-1.3267204090965414,2.3088002542738271,0,-1.3267204090965414,2.3088002542738271,0,0.02955538103377351,0.020371889055100595,-4.5628284325087699e-06,0.029537446260124372,0.020354994740021507,7.7651998358395699e-06,-0.20425071487369673,1.5797746575119458,0.00033700021022320712,-0.20405486858525732,1.580352770651533,-8.3734642159013567e-05,-0.17469533383992322,1.6001465465670464,0.00033243738179069833,-0.17451742232513295,1.6007077653915545,-7.5969442323173996e-05,0,0,0,0,0,0,0,0,0,0,0,0
control,0,292,1460,1465,2920000000,2920000000,0,-1,0.01,1,1,0,0,none,0,0,1,1,-0.088505998550901313,1.3165221878388667e-05,0.56582778338016126,0.99995184119949199,-1.0896532476713584e-05,-0.009814028887857644,2.3207510818673071e-10,7.339888895646469e-07,1.0083333873106595e-08,1.1428940225003079e-07,-1.7301988613579604e-08,1.2895492689518856e-06,-2.8483324611869492e-09,-1.3291826776319098,2.3071033169049806,1.5327896742543151e-05,-1.3291811836347958,2.3071047243179033,-2.5753548046968551e-05,-5.1314794525876311e-06,-5.4915055374535192e-06,-8.3438928850620754e-07,-5.1272896289763741e-06,-5.4867743538385526e-06,-9.0236599819926613e-07,-0.17469593934090227,1.6001460234617226,0.00033244358822615249,-0.17451802709350847,1.6007072407353,-7.596350703701527e-05,0.17469593934090227,-1.6001460234617226,-0.00033244358822615249,0.17451802709350847,-1.6007072407353,7.596350703701527e-05,-1.3267204090965414,2.3088002542738271,0,-1.3267204090965414,2.3088002542738271,0,0.029554919643599086,0.020371485684463734,-4.5566495583376342e-06,0.029536985393495412,0.020354589632616521,7.7711827140005277e-06,-0.20425085898450135,1.579774537777259,0.00033700023778449013,-0.20405501248700389,1.5803526511026835,-8.3734689751015792e-05,-0.17469593934090227,1.6001460234617226,0.00033244358822615249,-0.17451802709350847,1.6007072407353,-7.596350703701527e-05,0,0,0,0,0,0,0,0,0,0,0,0
control,0,293,1465,1470,2930000000,2930000000,0,-1,0.01,1,1,0,0,none,0,0,1,1,-0.088505987328400912,1.3165327484893646e-05,0.56582778513092136,0.9999518412963031,-1.0896623120860344e-05,-0.0098140190236565943,2.1743719806508066e-10,1.3725298393671038e-06,1.0854279913703952e-08,2.1426281335031943e-07,-1.8590942521104677e-08,2.4135239465390802e-06,-3.2872103187337143e-09,-1.329182724575571,2.3071032664457798,1.5319518695069833e-05,-1.3291812305404862,2.307104673909961,-2.5762556834450032e-05,-4.3720982791510804e-06,-4.7381484103921539e-06,-8.9684518671180715e-07,-4.3686257889037214e-06,-4.7327083745332366e-06,-9.5629627739695797e-07,-0.17469663989638531,1.6001453951413813,0.00033244924871368773,-0.17451872683600539,1.6007066109096066,-7.5958149806190314e-05,0.17469663989638531,-1.6001453951413813,-0.00033244924871368773,0.17451872683600539,-1.6007066109096066,7.5958149806190314e-05,-1.3267204090965414,2.3088002542738271,0,-1.3267204090965414,2.3088002542738271,0,0.029554343895773098,0.020370961159182955,-4.5510133491853598e-06,0.029536410266020618,0.020354063428954738,7.7765818642048571e-06,-0.20425098379215842,1.5797744339821984,0.00033700026206287309,-0.204055137102026,1.5803525474806519,-8.3734731670395164e-05,-0.17469663989638531,1.6001453951413813,0.00033244924871368773,-0.17451872683600539,1.6007066109096066,-7.5958149806190314e-05,0,0,0,0,0,0,0,0,0,0,0,0
control,0,294,1470,1475,2940000000,2940000000,0,-1,0.01,1,1,0,0,none,0,0,1,1,-0.088505970057006209,1.3165439724690034e-05,0.56582778782879617,0.99995184144536153,-1.0896719312304318e-05,-0.0098140038359424177,2.0091151216267065e-10,1.9542699474272443e-06,1.1446119778552099e-08,3.0535080501441817e-07,-1.9575142944168502e-08,3.4375462069191589e-06,-3.6587477268239851e-09,-1.3291827639022034,2.307103223579964,1.531062750606438e-05,-1.3291812698363124,2.307104631101903,-2.5771992450014417e-05,-3.6068849865046429e-06,-3.9741051948863672e-06,-9.4467071398117787e-07,-3.6041277471479757e-06,-3.9680586709676542e-06,-9.9540216566501123e-07,-0.17469742098588312,1.6001446758803117,0.0003324543282518776,-0.17451950704732941,1.6007058902047082,-7.5953399918074347e-05,0.17469742098588312,-1.6001446758803117,-0.0003324543282518776,0.17451950704732941,-1.6007058902047082,7.5953399918074347e-05,-1.3267204090965414,2.3088002542738271,0,-1.3267204090965414,2.3088002542738271,0,0.029553667995422868,0.020370329484149127,-4.5459547161202548e-06,0.029535735068871766,0.020353430151095239,7.7813678432875754e-06,-0.20425108898130598,1.5797743463961627,0.00033700028296799783,-0.20405524211620119,1.580352460053613,-8.3734767761361927e-05,-0.17469742098588312,1.6001446758803117,0.0003324543282518776,-0.17451950704732941,1.6007058902047082,-7.5953399918074347e-05,0,0,0,0,0,0,0,0,0,0,0,0
control,0,295,1475,1480,2950000000,2950000000,0,-1,0.01,1,1,0,0,none,0,0,1,1,-0.088505947326971854,1.3165556820166386e-05,0.56582779138144379,0.99995184164157036,-1.0896819536408275e-05,-0.0098139838440339262,1.8281796048123986e-10,2.4756596965693313e-06,1.1861386164428681e-08,3.8699706348439268e-07,-2.0259156641202329e-08,4.3553658723563939e-06,-3.9622131121071939e-09,-1.3291827956086475,2.3071031883554554,1.5301361640718129e-05,-1.329181301519045,2.3071045959406185,-2.5781715167129259e-05,-2.8455573291760982e-06,-3.209383652529707e-06,-9.7818346799696865e-07,-2.8435043981557254e-06,-3.202834982631032e-06,-1.0201200586599999e-06,-0.17469826801485566,1.6001438801695,0.00033245880113754616,-0.17452035314802006,1.6007050931259692,-7.5949277395995145e-05,0.17469826801485566,-1.6001438801695,-0.00033245880113754616,0.17452035314802006,-1.6007050931259692,7.5949277395995145e-05,-1.3267204090965414,2.3088002542738271,0,-1.3267204090965414,2.3088002542738271,0,0.02955290648126652,0.020369605095939311,-4.5414993188155901e-06,0.029534974326640193,0.020352704250977339,7.7855205530717773e-06,-0.20425117449612218,1.5797742750735608,0.00033700030045636173,-0.20405532747466024,1.580352388874992,-8.3734797949066924e-05,-0.17469826801485566,1.6001438801695,0.00033245880113754616,-0.17452035314802006,1.6007050931259692,-7.5949277395995145e-05,0,0,0,0,0,0,0,0,0,0,0,0
control,0,296,1480,1485,2960000000,2960000000,0,-1,0.01,1,1,0,0,none,0,0,1,1,-0.088505919758268436,1.3165677031636351e-05,0.56582779569186326,0.99995184187957575,-1.0896922312022182e-05,-0.0098139595934137961,1.6347743283703242e-10,2.9341096636187258e-06,1.2104688444774858e-08,4.5879554388637851e-07,-2.0651065379182245e-08,5.1624225551090458e-06,-4.1977764214731046e-09,-1.3291828197850735,2.3071031607237829,1.5291855608270502e-05,-1.3291813256786997,2.3071045683765905,-2.5791590365234472e-05,-2.0971764877725211e-06,-2.4533724450666928e-06,-9.9785696593169227e-07,-2.0958087646023005e-06,-2.4464265897212801e-06,-1.0310357388219792e-06,-0.17469916649762243,1.6001430225258226,0.00033246265069472965,-0.17452125066715929,1.6007042342029985,-7.5945793338935634e-05,0.17469916649762243,-1.6001430225258226,-0.00033246265069472965,0.17452125066715929,-1.6007042342029985,7.5945793338935634e-05,-1.3267204090965414,2.3088002542738271,0,-1.3267204090965414,2.3088002542738271,0,0.029552074027116081,0.020368802659198184,-4.5376638341845656e-06,0.029534142699046518,0.020351900406723362,7.7890288965114394e-06,-0.2042512405247385,1.5797742198666245,0.0003370003145289142,-0.20405539336620582,1.580352333796275,-8.3734822235447069e-05,-0.17469916649762243,1.6001430225258226,0.00033246265069472965,-0.17452125066715929,1.6007042342029985,-7.5945793338935634e-05,0,0,0,0,0,0,0,0,0,0,0,0
control,0,297,1485,1490,2970000000,2970000000,0,-1,0.01,1,1,0,0,none,0,0,1,1,-0.088505887991142521,1.3165798677075627e-05,0.56582780065987259,0.99995184215384825,-1.0897026208216864e-05,-0.0098139316474216889,1.4320769096050402e-10,3.3279619847127129e-06,1.2182538976019022e-08,5.2048601419269408e-07,-2.0762168818092238e-08,5.8557954621724845e-06,-4.3664544081006899e-09,-1.3291828366080287,2.3071031405467166,1.5282238557270353e-05,-1.329181342491593,2.3071045482705457,-2.5801489863810729e-05,-1.3700774444457167e-06,-1.7147652360404543e-06,-1.0043050464007897e-06,-1.3693684331735309e-06,-1.7075264741227142e-06,-1.0288678331509564e-06,-0.17470010222763396,1.6001421173130654,0.00033246586891339989,-0.17452218541246373,1.6007033278105676,-7.5942950343591066e-05,0.17470010222763396,-1.6001421173130654,-0.00033246586891339989,0.17452218541246373,-1.6007033278105676,7.5942950343591066e-05,-1.3267204090965414,2.3088002542738271,0,-1.3267204090965414,2.3088002542738271,0,0.029551185254014102,0.020367936873179525,-4.5344563148610667e-06,0.029533254793268973,0.020351033329087914,7.7918903508007653e-06,-0.20425128748164806,1.5797741804398859,0.00033700032522826094,-0.20405544020573269,1.5803522944814796,-8.3734840694391836e-05,-0.17470010222763396,1.6001421173130654,0.00033246586891339989,-0.17452218541246373,1.6007033278105676,-7.5942950343591066e-05,0,0,0,0,0,0,0,0,0,0,0,0
control,0,298,1490,1495,2980000000,2980000000,0,-1,0.01,1,1,0,0,none,0,0,1,1,-0.088505852677020727,1.3165920150035327e-05,0.56582780618353234,0.99995184245876212,-1.089712985945678e-05,-0.009813900579249803,1.2231954132522098e-10,3.6564522233343566e-06,1.2103165348035032e-08,5.7194810138155285e-07,-2.0606663769225807e-08,6.4341363229311122e-06,-4.4700485029302569e-09,-1.329182846332867,2.3071031276035852,1.5272633024925337e-05,-1.3291813522127773,2.3071045354007809,-2.5811293093660745e-05,-6.7181259963074926e-07,-1.0014980422025757e-06,-9.9826550551656427e-07,-6.7172920215860015e-07,-9.9406875448636789e-07,-1.0144506351312253e-06,-0.17470106143364458,1.600141178576012,0.00033246845600333187,-0.17452314362635304,1.6007023880026969,-7.5940743006478996e-05,0.17470106143364458,-1.600141178576012,-0.00033246845600333187,0.17452314362635304,-1.6007023880026969,7.5940743006478996e-05,-1.3267204090965414,2.3088002542738271,0,-1.3267204090965414,2.3088002542738271,0,0.029550254554806098,0.020367022289966234,-4.5318766322017731e-06,0.029532324988634073,0.020350117579686171,7.7941104598547845e-06,-0.20425131598845067,1.5797741562860457,0.00033700033263553365,-0.20405546861498711,1.5803522704230109,-8.3734853466333787e-05,-0.17470106143364458,1.600141178576012,0.00033246845600333187,-0.17452314362635304,1.6007023880026969,-7.5940743006478996e-05,0,0,0,0,0,0,0,0,0,0,0,0
control,0,299,1495,1500,2990000000,2990000000,0,-1,0.01,1,1,0,0,none,0,0,1,1,-0.088505814469847191,1.3166039935607244e-05,0.56582781216050204,0.99995184278867022,-1.0897231979107613e-05,-0.0098138669643197691,1.0111332312501187e-10,3.9196627102100527e-06,1.1876311311374789e-08,6.1319399718004008e-07,-2.0201304691273135e-08,6.8975872929277322e-06,-4.5110749886358269e-09,-1.3291828492856865,2.3071031215991389,1.5263153846244771e-05,-1.3291813551679881,2.3071045294710419,-2.5820888101059687e-05,-9.1085399332694785e-09,-3.2069972774890558e-07,-9.8058326019927957e-07,-9.6119040436950841e-09,-3.1317925193103753e-07,-9.8871659481157658e-07,-0.17470203092072378,1.6001402198887911,0.00033247041987612201,-0.17452411212678043,1.6007014283609269,-7.59391584923046e-05,0.17470203092072378,-1.6001402198887911,-0.00033247041987612201,0.17452411212678043,-1.6007014283609269,7.59391584923046e-05,-1.3267204090965414,2.3088002542738271,0,-1.3267204090965414,2.3088002542738271,0,0.029549295932551085,0.020366073145849834,-4.5299169908634667e-06,0.029531367275215815,0.020349167402299403,7.7957022600584841e-06,-0.20425132685327488,1.5797741467429411,0.00033700033686698548,-0.20405547940199625,1.5803522609586276,-8.3734860752363084e-05,-0.17470203092072378,1.6001402198887911,0.00033247041987612201,-0.17452411212678043,1.6007014283609269,-7.59391584923046e-05,0,0,0,0,0,0,0,0,0,0,0,0
control,0,300,1500,1505,3000000000,3000000000,0,-1,0.01,1,1,0,0,none,0,0,1,1,-0.088505774017933234,1.3166156624349785e-05,0.56582781848931596,0.99995184313797281,-1.0897331371201636e-05,-0.0098138313731101542,7.9875732291917523e-11,4.118468460186293e-06,1.1513030025246459e-08,6.4435999006668643e-07,-1.9565051190801609e-08,7.2476857929472829e-06,-4.4926922599680016e-09,-1.3291828458549113,2.3071031221718332,1.5253907226073325e-05,-1.3291813517452338,2.3071045301188153,-2.5830172383296892e-05,6.1216434326072455e-07,3.2134459447353862e-07,-9.521932748107104e-07,6.1111797783015502e-07,3.2886099804820402e-07,-9.5267874953380884e-07,-0.17470299819528629,1.6001392542183814,0.00033247177556628891,-0.17452507843218229,1.6007004618578657,-7.5938177155506441e-05,0.17470299819528629,-1.6001392542183814,-0.00033247177556628891,0.17452507843218229,-1.6007004618578657,7.5938177155506441e-05,-1.3267204090965414,2.3088002542738271,0,-1.3267204090965414,2.3088002542738271,0,0.029548322853923659,0.020365103207034465,-4.5285625040814614e-06,0.029530395107341376,0.020348196568643749,7.7966856524657575e-06,-0.20425132104920996,1.579774151011347,0.00033700033807037037,-0.20405547353952366,1.5803522652892219,-8.3734862807972199e-05,-0.17470299819528629,1.6001392542183814,0.00033247177556628891,-0.17452507843218229,1.6007004618578657,-7.5938177155506441e-05,0,0,0,0,0,0,0,0,0,0,0,0
control,0,301,1505,1510,3010000000,3010000000,0,-1,0.01,1,1,0,0,none,0,0,1,1,-0.088505731956386974,1.3166268924113136e-05,0.56582782507056884,0.99995184350118504,-1.0897426940410196e-05,-0.0098137943644939427,5.8877004293414402e-11,4.2544767887213279e-06,1.1025472174536462e-08,6.6569702191794234e-07,-1.8718707185611315e-08,7.487258263440221e-06,-4.4186228678221087e-09,-1.3291828364826359,2.3071031289024053,1.5244989975081393e-05,-1.3291813423861498,2.3071045369239154,-2.5839053556061828e-05,1.1870100110055746e-06,9.1921743310466135e-07,-9.1410345805740979e-07,1.1854684502146577e-06,9.266395192865568e-07,-9.0741325468081924e-07,-0.1747039515739503,1.6001382938042501,0.0003324725446015423,-0.17452603087022256,1.6006995007368339,-7.5937773206971758e-05,0.1747039515739503,-1.6001382938042501,-0.0003324725446015423,0.17452603087022256,-1.6006995007368339,7.5937773206971758e-05,-1.3267204090965414,2.3088002542738271,0,-1.3267204090965414,2.3088002542738271,0,0.029547348118117239,0.020364125630911323,-4.5277918196215479e-06,0.029529421272625374,0.020347218239661423,7.7970867295525881e-06,-0.20425129969206754,1.5797741681733388,0.00033700033642116383,-0.20405545214284793,1.5803522824971725,-8.3734859936524341e-05,-0.1747039515739503,1.6001382938042501,0.0003324725446015423,-0.17452603087022256,1.6006995007368339,-7.5937773206971758e-05,0,0,0,0,0,0,0,0,0,0,0,0
control,0,302,1510,1515,3020000000,3020000000,0,-1,0.01,1,1,0,0,none,0,0,1,1,-0.088505688900178542,1.316637566973227e-05,0.56582783180800034,0.99995184387299541,-1.0897517700197995e-05,-0.0098137564796354996,3.8368471265086993e-11,4.3299617656384301e-06,1.0426672239002991e-08,6.7756042714724853e-07,-1.7684557229241136e-08,7.620304811190044e-06,-4.2930734413288652e-09,-1.3291828216558601,2.3071031413226142,1.5236488908974171e-05,-1.3291813275772397,2.3071045494172333,-2.5847449854744162e-05,1.7113129781823314e-06,1.4683807792707063e-06,-8.6737770612532474e-07,1.7093272137033292e-06,1.4756241467033762e-06,-8.5404220464728489e-07,-0.17470488027544825,1.6001373500543317,0.00033247275433129691,-0.17452695866964216,1.6006985564078899,-7.5937915415892775e-05,0.17470488027544825,-1.6001373500543317,-0.00033247275433129691,0.17452695866964216,-1.6006985564078899,7.5937915415892775e-05,-1.3267204090965414,2.3088002542738271,0,-1.3267204090965414,2.3088002542738271,0,0.02954638374235679,0.020363152843385735,-4.5275777873859849e-06,0.029528457777558963,0.020346244842905072,7.7969370666556122e-06,-0.20425126401780505,1.579774197210946,0.00033700033211868288,-0.20405541644720113,1.5803523115649849,-8.3734852482548387e-05,-0.17470488027544825,1.6001373500543317,0.00033247275433129691,-0.17452695866964216,1.6006985564078899,-7.5937915415892775e-05,0,0,0,0,0,0,0,0,0,0,0,0
control,0,303,1515,1520,3030000000,3030000000,0,-1,0.01,1,1,0,0,none,0,0,1,1,-0.088505645437886485,1.3166475830584979e-05,0.56582783860947616,0.99995184424832062,-1.0897602779158159e-05,-0.0098137182364865655,1.8580501980146774e-11,4.3477946234237178e-06,9.7303355323322844e-09,6.8039906727831034e-07,-1.6486004449593803e-08,7.6518767527669044e-06,-4.1206528268472084e-09,-1.3291828018977199,2.3071031589240345,1.52284804080185e-05,-1.3291813078411172,2.3071045670895374,-2.585529047405961e-05,2.1818335784330605e-06,1.9651762769020365e-06,-8.1311935675846529e-07,2.1794569418289509e-06,1.9721630841103945e-06,-7.9371701060823657e-07,-0.17470577449610922,1.6001364334579657,0.00033247243722758871,-0.17452785203565785,1.6006976393608374,-7.5938567832202025e-05,0.17470577449610922,-1.6001364334579657,-0.00033247243722758871,0.17452785203565785,-1.6006976393608374,7.5938567832202025e-05,-1.3267204090965414,2.3088002542738271,0,-1.3267204090965414,2.3088002542738271,0,0.029545440863773594,0.020362196433095434,-4.5278881545676267e-06,0.029527515749496604,0.020345287966850187,7.7962729927482948e-06,-0.2042512153598828,1.5797742370248704,0.00033700032538215634,-0.20405536778515446,1.5803523513939872,-8.3734840824950323e-05,-0.17470577449610922,1.6001364334579657,0.00033247243722758871,-0.17452785203565785,1.6006976393608374,-7.5938567832202025e-05,0,0,0,0,0,0,0,0,0,0,0,0
control,0,304,1520,1525,3040000000,3040000000,0,-1,0.01,1,1,0,0,none,0,0,1,1,-0.088505602126158364,1.3166568516038988e-05,0.56582784538785436,0.99995184462235331,-1.0897681425549153e-05,-0.0098136801249109305,-2.79174827665896e-13,4.3113712369774381e-06,8.9506286884413133e-09,6.7474396524623375e-07,-1.5147214325607289e-08,7.5879489873913035e-06,-3.9062913676073655e-09,-1.3291827777588296,2.3071031811667888,1.5221030132132042e-05,-1.3291812837278543,2.3071045894002142,-2.5862515751986977e-05,2.5961924398625125e-06,2.4068149906387725e-06,-7.5245517989126028e-07,2.5934797845744249e-06,2.4134745544001863e-06,-7.2760243148499609e-07,-0.17470662546805929,1.6001355535149895,0.00033247163016615372,-0.1745287022081464,1.6006967590943739,-7.593969052305778e-05,0.17470662546805929,-1.6001355535149895,-0.00033247163016615372,0.1745287022081464,-1.6006967590943739,7.593969052305778e-05,-1.3267204090965414,2.3088002542738271,0,-1.3267204090965414,2.3088002542738271,0,0.029544529658798807,0.020361267061973169,-4.5286862806450492e-06,0.029526605356077183,0.020344358271522412,7.7951348471703417e-06,-0.2042511551268581,1.5797742864530162,0.00033700031644679878,-0.20405530756422358,1.5803524008228516,-8.3734825370228118e-05,-0.17470662546805929,1.6001355535149895,0.00033247163016615372,-0.1745287022081464,1.6006967590943739,-7.593969052305778e-05,0,0,0,0,0,0,0,0,0,0,0,0
control,0,305,1525,1530,3050000000,3050000000,0,-1,0.01,1,1,0,0,none,0,0,1,1,-0.088505559484909097,1.3166652978837677e-05,0.5658278520617378,0.99995184499060319,-1.0897753010077299e-05,-0.0098136426024579958,-1.8026762354702174e-11,4.2245377308664353e-06,8.1019760990293939e-09,6.6119667221391003e-07,-1.3692769236601503e-08,7.4352890781588375e-06,-3.6551585649696265e-09,-1.3291827498088293,2.307103207488117,1.5214192884978704e-05,-1.3291812558065392,2.3071046157858404,-2.586907720585627e-05,2.9528457862915024e-06,2.7913568720078375e-06,-6.8652015472766098e-07,2.9498527003016897e-06,2.7976261461534818e-06,-6.5686151897807855e-07,-0.17470742550168555,1.6001347186818429,0.00033247037370217795,-0.17452950150405494,1.6006959240623293,-7.5941240308072375e-05,0.17470742550168555,-1.6001347186818429,-0.00033247037370217795,0.17452950150405494,-1.6006959240623293,7.5941240308072375e-05,-1.3267204090965414,2.3088002542738271,0,-1.3267204090965414,2.3088002542738271,0,0.029543659278775395,0.020360374393212376,-4.5299318577572283e-06,0.02952573574092314,0.020343465416621239,7.7935662377057847e-06,-0.20425108478046095,1.5797743442886305,0.00033700030555993516,-0.20405523724497809,1.5803524586457081,-8.3734806545778158e-05,-0.17470742550168555,1.6001347186818429,0.00033247037370217795,-0.17452950150405494,1.6006959240623293,-7.5941240308072375e-05,0,0,0,0,0,0,0,0,0,0,0,0
control,0,306,1530,1535,3060000000,3060000000,0,-1,0.01,1,1,0,0,none,0,0,1,1,-0.088505517993268945,1.3166728616496644e-05,0.56582785855610884,0.99995184534893167,-1.0897817026987299e-05,-0.0098136060907962185,-3.4503310227740596e-11,4.0915152519659056e-06,7.1988643638112877e-09,6.4041747859829931e-07,-1.2147336323318747e-08,7.2013248502397706e-06,-3.3725854586745054e-09,-1.3291827186282315,2.3071032373106894,1.5208012619634608e-05,-1.329181224657128,2.307104645668502,-2.5874937429198879e-05,3.251051789806106e-06,3.1176813862394162e-06,-6.1644301244906542e-07,3.2478338531735201e-06,3.1235053260906028e-06,-5.8264144590748361e-07,-0.17470816801180317,1.6001339363334235,0.00033246871134195197,-0.17453024334359507,1.600695141635595,-7.5943171492306414e-05,0.17470816801180317,-1.6001339363334235,-0.00033246871134195197,0.17453024334359507,-1.600695141635595,7.5943171492306414e-05,-1.3267204090965414,2.3088002542738271,0,-1.3267204090965414,2.3088002542738271,0,0.029542837802595544,0.020359527035572093,-4.5315816352679296e-06,0.029524914976258559,0.020342618005911195,7.7916133010550376e-06,-0.2042510058143987,1.5797744092978514,0.00033700029297721991,-0.20405515831985363,1.5803525236296838,-8.3734784793361449e-05,-0.17470816801180317,1.6001339363334235,0.00033246871134195197,-0.17453024334359507,1.600695141635595,-7.5943171492306414e-05,0,0,0,0,0,0,0,0,0,0,0,0
control,0,307,1535,1540,3070000000,3070000000,0,-1,0.01,1,1,0,0,none,0,0,1,1,-0.088505478086284173,1.3166794970804377e-05,0.5658278648028463,0.99995184569358042,-1.0897873093541256e-05,-0.0098135709728086381,-4.9575261396504473e-11,3.9168248704916994e-06,6.2556569432759329e-09,6.1311365991894213e-07,-1.0535353497604645e-08,6.8940122271069929e-06,-3.0639861578644336e-09,-1.3291826848006438,2.3071032700505762,1.5202522576698217e-05,-1.3291811908626765,2.3071046784637668,-2.5880069859457892e-05,3.4908294777523167e-06,3.3854497652603371e-06,-5.4333284434026285e-07,3.4874415570025823e-06,3.3907815777610856e-06,-5.0606047745651709e-07,-0.17470884752907997,1.6001332127408494,0.00033246668882819919,-0.1745309222616368,1.6006944180800142,-7.5945436581096747e-05,0.17470884752907997,-1.6001332127408494,-0.00033246668882819919,0.1745309222616368,-1.6006944180800142,7.5945436581096747e-05,-1.3267204090965414,2.3088002542738271,0,-1.3267204090965414,2.3088002542738271,0,0.029542072205012187,0.020358732504361939,-4.5335901307924515e-06,0.029524150031285303,0.020341823548356973,7.7893239817101928e-06,-0.20425091973409215,1.5797744802364875,0.00033700027895899165,-0.20405507229292211,1.5803525945316572,-8.3734760562806943e-05,-0.17470884752907997,1.6001332127408494,0.00033246668882819919,-0.1745309222616368,1.6006944180800142,-7.5945436581096747e-05,0,0,0,0,0,0,0,0,0,0,0,0
control,0,308,1540,1545,3080000000,3080000000,0,-1,0.01,1,1,0,0,none,0,0,1,1,-0.088505440152363807,1.3166851725539886e-05,0.56582787074112573,0.99995184602119636,-1.0897920947983682e-05,-0.0098135375903445569,-6.313464414919885e-11,3.7052135174582718e-06,5.2864207489664042e-09,5.8002793128718001e-07,-8.8807354562191056e-09,6.5217048769305572e-06,-2.7347853937915959e-09,-1.3291826489054424,2.3071033051247962,1.5197745545245106e-05,-1.3291811550020194,2.3071047135882337,-2.5884458427161119e-05,3.6729110229920407e-06,3.595059868163611e-06,-4.6826666760187131e-07,3.6694066316212195e-06,3.5998611421362858e-06,-4.281960200062997e-07,-0.17470945969726889,1.6001325530644384,0.00033246435343660543,-0.17453153390498727,1.600693758549506,-7.5947986976860845e-05,0.17470945969726889,-1.6001325530644384,-0.00033246435343660543,0.17453153390498727,-1.600693758549506,7.5947986976860845e-05,-1.3267204090965414,2.3088002542738271,0,-1.3267204090965414,2.3088002542738271,0,0.029541368340276594,0.020357997198567911,-4.5359103301934378e-06,0.029523446755788049,0.020341088435407724,7.7867473291486513e-06,-0.20425082803754549,1.5797745558658705,0.00033700026376679888,-0.20405498066077532,1.5803526701140982,-8.3734734306009493e-05,-0.17470945969726889,1.6001325530644384,0.00033246435343660543,-0.17453153390498727,1.600693758549506,-7.5947986976860845e-05,0,0,0,0,0,0,0,0,0,0,0,0
control,0,309,1545,1550,3090000000,3090000000,0,-1,0.01,1,1,0,0,none,0,0,1,1,-0.08850540453145507,1.3166898702534389e-05,0.56582787631770526,0.99995184632884226,-1.089796044609998e-05,-0.0098135062426135695,-7.5098934379040868e-11,3.461581819954772e-06,4.304765980530153e-09,5.4192710021301671e-07,-7.2066024572754392e-09,6.0930271991022615e-06,-2.39034988338793e-09,-1.3291826115109542,2.3071033419583831,1.5193694235714563e-05,-1.3291811176429591,2.3071047504665998,-2.5888097098254045e-05,3.7986875970610846e-06,3.7475956298628259e-06,-3.9227828453313618e-07,3.7951183073535316e-06,3.7518363641768897e-06,-3.5007400839952044e-07,-0.17471000125594238,1.6001319613595328,0.00033246175330363999,-0.17453207501515072,1.600693167092023,-7.5950773641382053e-05,0.17471000125594238,-1.6001319613595328,-0.00033246175330363999,0.17453207501515072,-1.600693167092023,7.5950773641382053e-05,-1.3267204090965414,2.3088002542738271,0,-1.3267204090965414,2.3088002542738271,0,0.029540730941557417,0.020357326391883195,-4.5384943564877124e-06,0.029522809879550974,0.020340417932180999,7.7839328298961893e-06,-0.20425073219749981,1.5797746349676496,0.00033700024766012771,-0.20405488489470169,1.5803527491598419,-8.3734706471278242e-05,-0.17471000125594238,1.6001319613595328,0.00033246175330363999,-0.17453207501515072,1.600693167092023,-7.5950773641382053e-05,0,0,0,0,0,0,0,0,0,0,0,0
control,0,310,1550,1555,3100000000,3100000000,0,-1,0.01,1,1,0,0,none,0,0,1,1,-0.088505371513926845,1.3166935856219072e-05,0.56582788148710117,0.99995184661401026,-1.089799155649157e-05,-0.0098134771852014802,-8.5410602490845593e-11,3.1909145668817328e-06,3.3237006798979773e-09,4.9959119787836257e-07,-5.5350343356868619e-09,5.6167519370145501e-06,-2.0359236664099201e-09,-1.3291825731682065,2.3071033799909095,1.5190371751960582e-05,-1.3291810793360204,2.3071047885381861,-2.5890989323135348e-05,3.8701514019380348e-06,3.8447705235427219e-06,-3.1634841574727112e-07,3.8665663129083312e-06,3.8484290558768073e-06,-2.7265967061351547e-07,-0.1747104700121421,1.6001314405966314,0.00033245893678856105,-0.17453254340001453,1.6006926466697962,-7.595374771761277e-05,0.1747104700121421,-1.6001314405966314,-0.00033245893678856105,0.17453254340001453,-1.6006926466697962,7.595374771761277e-05,-1.3267204090965414,2.3088002542738271,0,-1.3267204090965414,2.3088002542738271,0,0.029540163632878379,0.020356724239225136,-4.541294104800811e-06,0.029522243024277854,0.020339816184107514,7.7809297804712802e-06,-0.20425063364502047,1.5797747163574063,0.00033700023089336184,-0.20405478642429239,1.5803528304856886,-8.373467749808405e-05,-0.1747104700121421,1.6001314405966314,0.00033245893678856105,-0.17453254340001453,1.6006926466697962,-7.595374771761277e-05,0,0,0,0,0,0,0,0,0,0,0,0
control,0,311,1555,1560,3110000000,3110000000,0,-1,0.01,1,1,0,0,none,0,0,1,1,-0.088505341340128454,1.3166963266812444e-05,0.5658278862116578,0.99995184687462435,-1.0898014354698248e-05,-0.0098134506296810205,-9.4036372381095594e-11,2.8982145101203858e-06,2.3555011184363681e-09,4.5380312039597947e-07,-3.8868515682580377e-09,5.1016836670695024e-06,-1.6765691172530601e-09,-1.329182534405275,2.3071034186824262,1.5187772151854836e-05,-1.3291810406088038,2.3071048272628722,-2.5893147403589003e-05,3.889833604803819e-06,3.888867176940529e-06,-2.4139590582511502e-07,3.8862788878498889e-06,3.8919300047413554e-06,-1.9684938989051485e-07,-0.17471086480022069,1.6001309926930505,0.00033245595186272829,-0.17453293789376456,1.6006921991911864,-7.5956861121672588e-05,0.17471086480022069,-1.6001309926930505,-0.00033245595186272829,0.17453293789376456,-1.6006921991911864,7.5956861121672588e-05,-1.3267204090965414,2.3088002542738271,0,-1.3267204090965414,2.3088002542738271,0,0.029539668954395706,0.020356193796045155,-4.5442618502651952e-06,0.029521748728816907,0.020339286236450725,7.7777866905712273e-06,-0.20425053375461641,1.5797747988970052,0.00033700021371299349,-0.20405468662258147,1.5803529129547358,-8.3734647812243811e-05,-0.17471086480022069,1.6001309926930505,0.00033245595186272829,-0.17453293789376456,1.6006921991911864,-7.5956861121672588e-05,0,0,0,0,0,0,0,0,0,0,0,0
control,0,312,1560,1565,3120000000,3120000000,0,-1,0.01,1,1,0,0,none,0,0,1,1,-0.088505314200587437,1.3166981132308348e-05,0.56582789046151616,0.99995184710903839,-1.0898029016305693e-05,-0.0098134267437849192,-1.0096621715359987e-10,2.588440095494516e-06,1.4115983677026309e-09,4.0533888279299116e-07,-2.2814238238936701e-09,4.5565491848771662e-06,-1.3171138337792374e-09,-1.329182495722268,2.3071034575187754,1.5185881083693084e-05,-1.3291810019609744,2.3071048661264113,-2.5894591790789563e-05,3.8607395844894916e-06,3.8826738076291257e-06,-1.6827038716341432e-07,3.8572580876293967e-06,3.8851353271148282e-06,-1.234640804288532e-07,-0.17471118543164621,1.6001306185555091,0.00033245284554935678,-0.17453325830674324,1.6006918255533715,-7.5960067080314012e-05,0.17471118543164621,-1.6001306185555091,-0.00033245284554935678,0.17453325830674324,-1.6006918255533715,7.5960067080314012e-05,-1.3267204090965414,2.3088002542738271,0,-1.3267204090965414,2.3088002542738271,0,0.029539248399341939,0.020355737049908149,-4.5473508057497546e-06,0.029521328486064664,0.020338830065998521,7.7745507412583103e-06,-0.20425043383098815,1.579774881505601,0.00033700019635510655,-0.20405458679280791,1.580352995487373,-8.3734617821572325e-05,-0.17471118543164621,1.6001306185555091,0.00033245284554935678,-0.17453325830674324,1.6006918255533715,-7.5960067080314012e-05,0,0,0,0,0,0,0,0,0,0,0,0
control,0,313,1565,1570,3130000000,3130000000,0,-1,0.01,1,1,0,0,none,0,0,1,1,-0.08850529023680398,1.3166989759431949e-05,0.56582789421449076,0.99995184731602982,-1.089803580918077e-05,-0.0098134056521039254,-1.0621212139941397e-10,2.2664476399152781e-06,5.024819834476088e-10,3.5495855506164758e-07,-7.3650776155470305e-10,3.9898957326801055e-06,-9.6210356233902684e-10,-1.3291824575869684,2.3071034960162597,1.5184676485472741e-05,-1.3291809638599059,2.307104904645092,-2.5895350327712723e-05,3.7862824258805286e-06,3.8294185246385891e-06,-9.7746231794540355e-08,3.7829133447140347e-06,3.8312806841532434e-06,-5.3243877793216154e-08,-0.17471143263597222,1.6001303181322788,0.00033244966340909227,-0.17453350536650714,1.6006915256946801,-7.596332061982468e-05,0.17471143263597222,-1.6001303181322788,-0.00033244966340909227,0.17453350536650714,-1.6006915256946801,7.596332061982468e-05,-1.3267204090965414,2.3088002542738271,0,-1.3267204090965414,2.3088002542738271,0,0.029538902461484835,0.020355354963020898,-4.5505156340520947e-06,0.029520982790356767,0.020338448623794692,7.7712672922034776e-06,-0.20425033509745705,1.5797749631692579,0.00033700017904314436,-0.20405448815686392,1.5803530770708853,-8.3734587912028164e-05,-0.17471143263597222,1.6001303181322788,0.00033244966340909227,-0.17453350536650714,1.6006915256946801,-7.596332061982468e-05,0,0,0,0,0,0,0,0,0,0,0,0
control,0,314,1570,1575,3140000000,3140000000,0,-1,0.01,1,1,0,0,none,0,0,1,1,-0.088505269542594703,1.3166989553734919e-05,0.56582789745585982,0.99995184749478783,-1.0898035084980981e-05,-0.0098133874372683446,-1.0980663731990706e-10,1.9369383770126744e-06,-3.6237925904664959e-10,3.0339798625494493e-07,7.3188617340885033e-10,3.4099977846208391e-06,-6.157612565115988e-10,-1.329182420431142,2.3071035337256425,1.5184129334775715e-05,-1.3291809267369934,2.3071049423697381,-2.5895457448515755e-05,3.6702157744943753e-06,3.7327021701379879e-06,-3.0517772047118665e-08,3.6669943888268903e-06,3.7339740538109832e-06,1.3155866351678641e-08,-0.17471160799457269,1.6001300904741065,0.00033244644907414166,-0.17453368065161773,1.6006912986556254,-7.5966579003130364e-05,0.17471160799457269,-1.6001300904741065,-0.00033244644907414166,0.17453368065161773,-1.6006912986556254,7.5966579003130364e-05,-1.3267204090965414,2.3088002542738271,0,-1.3267204090965414,2.3088002542738271,0,0.029538630691544925,0.020355047524959917,-4.5537129118303583e-06,0.029520711193840334,0.02033814188798732,7.7679794412371415e-06,-0.20425023868611761,1.5797750429491466,0.000337000161985972,-0.20405439184545807,1.5803531567676381,-8.3734558444367512e-05,-0.17471160799457269,1.6001300904741065,0.00033244644907414166,-0.17453368065161773,1.6006912986556254,-7.5966579003130364e-05,0,0,0,0,0,0,0,0,0,0,0,0
control,0,315,1575,1580,3150000000,3150000000,0,-1,0.01,1,1,0,0,none,0,0,1,1,-0.088505252165935036,1.3166981009002381e-05,0.56582790017807671,0.99995184764489764,-1.0898027270085024e-05,-0.0098133721415683602,-1.1180126655496655e-10,1.604410721929166e-06,-1.1745992122600986e-09,2.513613237514703e-07,2.1095972440820544e-09,2.8247730163831829e-06,-2.8195251703887952e-10,-1.3291823846475175,2.307103570235479,1.5184204437007412e-05,-1.3291808909846354,2.3071049788890323,-2.5894953347239558e-05,3.5165664999608611e-06,3.5964310423633023e-06,3.2804201259603311e-08,3.5135239803042043e-06,3.5971283855420467e-06,7.516732162668495e-08,-0.17471171386775119,1.6001299338019268,0.00033244324383507282,-0.17453378651885715,1.6006911426467876,-7.5969802113225331e-05,0.17471171386775119,-1.6001299338019268,-0.00033244324383507282,0.17453378651885715,-1.6006911426467876,7.5969802113225331e-05,-1.3267204090965414,2.3088002542738271,0,-1.3267204090965414,2.3088002542738271,0,0.029538431761962632,0.020354813813613731,-4.5569015411652035e-06,0.029520512371157562,0.02033790892495866,7.7647276380905318e-06,-0.20425014562971383,1.579775119988313,0.00033700014537623802,-0.20405429889001472,1.5803532337218289,-8.3734529751315861e-05,-0.17471171386775119,1.6001299338019268,0.00033244324383507282,-0.17453378651885715,1.6006911426467876,-7.5969802113225331e-05,0,0,0,0,0,0,0,0,0,0,0,0
control,0,316,1580,1585,3160000000,3160000000,0,-1,0.01,1,1,0,0,none,0,0,1,1,-0.08850523811124629,1.3166964696142801e-05,0.56582790238041336,0.99995184776632051,-1.0898012856090304e-05,-0.0098133597689658292,-1.1226469923922203e-10,1.2731180052636895e-06,-1.9269193677472862e-09,1.9951439215036687e-07,3.3843895002481231e-09,2.2417079014296958e-06,3.5841276739009333e-11,-1.3291823505874347,2.3071036051747749,1.5184861239773507e-05,-1.3291808569538828,2.3071050138321723,-2.5893883128137447e-05,3.3295683734545452e-06,3.4247499990642655e-06,9.169465256315189e-08,3.3267316526112201e-06,3.4248946499963936e-06,1.3231161025305346e-07,-0.17471175331709382,1.6001298455806428,0.00033244008628447678,-0.17453382602567014,1.6006910551227027,-7.5972952777330458e-05,0.17471175331709382,-1.6001298455806428,-0.00033244008628447678,0.17453382602567014,-1.6006910551227027,7.5972952777330458e-05,-1.3267204090965414,2.3088002542738271,0,-1.3267204090965414,2.3088002542738271,0,0.029538303538159342,0.020354652063627868,-4.5600431045602098e-06,0.029520384190617178,0.020337747957882731,7.7615493579285806e-06,-0.20425005685525316,1.5797751935170148,0.00033700012938903698,-0.20405421021628731,1.5803533071648199,-8.373450213525904e-05,-0.17471175331709382,1.6001298455806428,0.00033244008628447678,-0.17453382602567014,1.6006910551227027,-7.5972952777330458e-05,0,0,0,0,0,0,0,0,0,0,0,0
control,0,317,1585,1590,3170000000,3170000000,0,-1,0.01,1,1,0,0,none,0,0,1,1,-0.088505227342071752,1.3166941251729096e-05,0.56582790406854078,0.99995184785937041,-1.0897992390021196e-05,-0.0098133502874483986,-1.1128093660678664e-10,9.4703185073168635e-07,-2.613237049396687e-09,1.4847896568242614e-07,4.5459978955718755e-09,1.6677932414233114e-06,3.3454584199665619e-10,-1.3291823185591443,2.3071036382149854,1.5186054661756551e-05,-1.3291808249527404,2.3071050468708627,-2.5892295949110662e-05,3.1135974123707244e-06,3.2219767879090091e-06,1.4571537562833745e-07,3.1109891073244313e-06,3.2215961273989134e-06,1.8419912993120929e-07,-0.17471173002418416,1.600129822597584,0.00033243701201356228,-0.17453380284894227,1.6006910328604498,-7.5975997038213686e-05,0.17471173002418416,-1.600129822597584,-0.00033243701201356228,0.17453380284894227,-1.6006910328604498,7.5975997038213686e-05,-1.3267204090965414,2.3088002542738271,0,-1.3267204090965414,2.3088002542738271,0,0.029538243155115395,0.02035455974091779,-4.5631021673083822e-06,0.029520323790726277,0.020337656441381226,7.7584788282366375e-06,-0.20424997317929955,1.5797752628566661,0.00033700011418087066,-0.20405412663966854,1.5803533764190685,-8.3734475866450325e-05,-0.17471173002418416,1.600129822597584,0.00033243701201356228,-0.17453380284894227,1.6006910328604498,-7.5975997038213686e-05,0,0,0,0,0,0,0,0,0,0,0,0
control,0,318,1590,1595,3180000000,3180000000,0,-1,0.01,1,1,0,0,none,0,0,1,1,-0.08850521978408471,1.3166911366354614e-05,0.56582790525405946,0.99995184792468927,-1.0897966464386445e-05,-0.0098133436316757312,-1.0894733400925498e-10,6.2981129401175362e-07,-3.2286175515580638e-09,9.8827923929450525e-08,5.5861476168014414e-09,1.1094697970618943e-06,6.1150715991029521e-10,-1.3291822888267413,2.3071036690713687,1.5187735925293983e-05,-1.3291807952451,2.3071050777206636,-2.5890244169066149e-05,2.8731093948116994e-06,2.992538516341888e-06,1.9451492855318543e-07,2.8707478069619866e-06,2.9916648303808398e-06,2.305287232816494e-07,-0.17471164820661272,1.6001298610441397,0.00033243405336488564,-0.17453372120114946,1.6006910720414138,-7.5978904367166302e-05,0.17471164820661272,-1.6001298610441397,-0.00033243405336488564,0.17453372120114946,-1.6006910720414138,7.5978904367166302e-05,-1.3267204090965414,2.3088002542738271,0,-1.3267204090965414,2.3088002542738271,0,0.029538247098305926,0.020354533621726425,-4.5660465240158545e-06,0.029520327660992648,0.020337631140715521,7.7555468145557623e-06,-0.20424989530491866,1.5797753274224133,0.00033700009988890152,-0.2040540488621421,1.5803534409006983,-8.3734451181722064e-05,-0.17471164820661272,1.6001298610441397,0.00033243405336488564,-0.17453372120114946,1.6006910720414138,-7.5978904367166302e-05,0,0,0,0,0,0,0,0,0,0,0,0
control,0,319,1595,1600,3190000000,3190000000,0,-1,0.01,1,1,0,0,none,0,0,1,1,-0.088505215328370607,1.3166875772960244e-05,0.56582790595398513,0.9999518479632169,-1.0897935707219899e-05,-0.0098133397058672318,-1.0537258698857388e-10,3.2477765467829185e-07,-3.7692909881591823e-09,5.1081323674640778e-08,6.4985469215393194e-09,5.725840391221926e-07,8.6450213229517685e-10,-1.3291822616097049,2.3071036975037211,1.5189853381983192e-05,-1.3291807680502814,2.3071051061417167,-2.5887782509498694e-05,2.6125804799258792e-06,2.7409106124611246e-06,2.378274835001803e-07,2.61047963272141e-06,2.7395804458735829e-06,2.7108582734479713e-07,-0.17471151253295678,1.6001299565997644,0.00033243123924171829,-0.1745335857453843,1.6006911683354172,-7.5981647822205429e-05,0.17471151253295678,-1.6001299565997644,-0.00033243123924171829,0.1745335857453843,-1.6006911683354172,7.5981647822205429e-05,-1.3267204090965414,2.3088002542738271,0,-1.3267204090965414,2.3088002542738271,0,0.029538311287241426,0.020354569875352578,-4.5688473887699662e-06,0.029520391725430577,0.020337668214655484,7.7527804614823673e-06,-0.20424982382019821,1.5797753867244118,0.00033700008663048827,-0.20405397747081488,1.5803535001207618,-8.3734428283687793e-05,-0.17471151253295678,1.6001299565997644,0.00033243123924171829,-0.1745335857453843,1.6006911683354172,-7.5981647822205429e-05,0,0,0,0,0,0,0,0,0,0,0,0
control,0,320,1600,1605,3200000000,3200000000,0,-1,0.01,1,1,0,0,none,0,0,1,1,-0.088505213834926114,1.316683523528033e-05,0.56582790619020251,0.99995184797616177,-1.089790077222895e-05,-0.0098133383868807145,-1.0067469391793091e-10,3.4895116375446063e-08,-4.2326347137022559e-09,5.7033302959291382e-09,7.2788559963028532e-09,6.2353965927170942e-08,1.0917401353541765e-09,-1.3291822370830138,2.3071037233165201,1.5192353321737156e-05,-1.3291807435431457,2.3071051319388851,-2.588496723967894e-05,2.3364510679914377e-06,2.4715592764926363e-06,2.7547073240820352e-07,2.3346208005829498e-06,2.4698127730438434e-06,3.057396734390534e-07,-0.17471132803720529,1.6001301045166203,0.00033242859496985318,-0.17453340150988644,1.6006913169854127,-7.5984204152178855e-05,0.17471132803720529,-1.6001301045166203,-0.00033242859496985318,0.17453340150988644,-1.6006913169854127,7.5984204152178855e-05,-1.3267204090965414,2.3088002542738271,0,-1.3267204090965414,2.3088002542738271,0,0.029538431161065856,0.020354664148768419,-4.5714795331415574e-06,0.029520511428050938,0.020337763300143911,7.7502031882317279e-06,-0.20424975919827115,1.5797754403678519,0.00033700007450299476,-0.20405391293793737,1.5803535536852689,-8.3734407340410583e-05,-0.17471132803720529,1.6001301045166203,0.00033242859496985318,-0.17453340150988644,1.6006913169854127,-7.5984204152178855e-05,0,0,0,0,0,0,0,0,0,0,0,0
control,0,321,1605,1610,3210000000,3210000000,0,-1,0.01,1,1,0,0,none,0,0,1,1,-0.088505215136319232,1.3166790536546647e-05,0.5658279059888911,0.99995184796496916,-1.0897862329169416e-05,-0.0098133395274325897,-9.4978922021851852e-11,-2.3724311952506345e-07,-4.6171421953579732e-09,-3.6899927381558226e-08,7.9246326265758938e-09,-4.1665530021508911e-07,1.2918602953973191e-09,-1.3291822153777961,2.3071037463585138,1.5195180756375658e-05,-1.3291807218547447,2.3071051549613339,-2.5881855393957179e-05,2.0490740104593891e-06,2.1888872309421827e-06,3.073428778703929e-07,2.0475201260084049e-06,2.1867674523946907e-06,3.3443963901707241e-07,-0.17471110003469342,1.600130299704744,0.00033242614221304617,-0.17453317380408323,1.6006915128927883,-7.5986553849279387e-05,0.17471110003469342,-1.600130299704744,-0.00033242614221304617,0.17453317380408323,-1.6006915128927883,7.5986553849279387e-05,-1.3267204090965414,2.3088002542738271,0,-1.3267204090965414,2.3088002542738271,0,0.029538601764040676,0.020354811652912988,-4.5739213708062167e-06,0.029520681818249898,0.02033791159873885,7.7478346362362998e-06,-0.20424970179873411,1.5797754880518309,0.00033700006358385238,-0.20405385562233314,1.5803536012940496,-8.3734388485515683e-05,-0.17471110003469342,1.600130299704744,0.00033242614221304617,-0.17453317380408323,1.6006915128927883,-7.5986553849279387e-05,0,0,0,0,0,0,0,0,0,0,0,0
control,0,322,1610,1615,3220000000,3220000000,0,-1,0.01,1,1,0,0,none,0,0,1,1,-0.088505219041454905,1.3166742468577382e-05,0.56582790537993688,0.999951847931289,-1.0897821054555195e-05,-0.0098133429594111816,-8.8415798200195138e-11,-4.8942327134836036e-07,-4.9223797625356811e-09,-7.6381688008441234e-08,8.4352572056398945e-09,-8.6054636704180395e-07,1.4639243113032739e-09,-1.3291821965824762,2.3071037665217928,1.5198280170127592e-05,-1.329180703073465,2.3071051751015967,-2.5878504028320256e-05,1.7546667486379168e-06,1.8971840205885567e-06,3.3341889459420837e-07,1.7533911956010895e-06,1.8947362755616441e-06,3.5721090982983296e-07,-0.17471083403928292,1.600130536815521,0.00033242389893509697,-0.17453290813583569,1.6006917507008898,-7.5988681155712297e-05,0.17471083403928292,-1.600130536815521,-0.00033242389893509697,0.17453290813583569,-1.6006917507008898,7.5988681155712297e-05,-1.3267204090965414,2.3088002542738271,0,-1.3267204090965414,2.3088002542738271,0,0.029538817831093803,0.02035500724837996,-4.5761549957679876e-06,0.029520897636289796,0.02033810796235061,7.7456906630045841e-06,-0.20424965187037672,1.579775529567141,0.00033700005393086493,-0.20405380577212548,1.5803536427385392,-8.3734371818716883e-05,-0.17471083403928292,1.600130536815521,0.00033242389893509697,-0.17453290813583569,1.6006917507008898,-7.5988681155712297e-05,0,0,0,0,0,0,0,0,0,0,0,0
control,0,323,1615,1620,3230000000,3230000000,0,-1,0.01,1,1,0,0,none,0,0,1,1,-0.088505225339393659,1.3166691821366263e-05,0.5658279043963349,0.99995184787694236,-1.0897777622799443e-05,-0.0098133484972369872,-8.111915330889201e-11,-7.1981425008570427e-07,-5.1489322437216704e-09,-1.1245507908705113e-07,8.8118392348098593e-09,-1.2660953546083981e-06,1.6074027132976754e-09,-1.3291821807443696,2.3071037837403932,1.5201596229505196e-05,-1.3291806872466225,2.3071051922941712,-2.5874969523334337e-05,1.457268249243999e-06,1.6005807012897665e-06,3.5374597377769769e-07,1.456269339905774e-06,1.5978518780469918e-06,3.7414936752343918e-07,-0.17471053568351594,1.6001308103232348,0.00033242187941519172,-0.17453261013167529,1.6006920248766439,-7.5990574018099447e-05,0.17471053568351594,-1.6001308103232348,-0.00033242187941519172,0.17453261013167529,-1.6006920248766439,7.5990574018099447e-05,-1.3267204090965414,2.3088002542738271,0,-1.3267204090965414,2.3088002542738271,0,0.029539073871563647,0.020355245530155028,-4.5781661675404437e-06,0.0295211533969633,0.02033834697805318,7.7437833886241292e-06,-0.20424960955507959,1.5797755647930798,0.00033700004558273215,-0.20405376352863858,1.5803536778985907,-8.3734357406723569e-05,-0.17471053568351594,1.6001308103232348,0.00033242187941519172,-0.17453261013167529,1.6006920248766439,-7.5990574018099447e-05,0,0,0,0,0,0,0,0,0,0,0,0
control,0,324,1620,1625,3240000000,3240000000,0,-1,0.01,1,1,0,0,none,0,0,1,1,-0.088505233803173683,1.3166639373275394e-05,0.56582790307359077,0.99995184780388813,-1.0897732697875907e-05,-0.0098133559412256991,-7.3224237252752678e-11,-9.2696605136014588e-07,-5.2983387840859642e-09,-1.4489286455373189e-07,9.0571069093256084e-09,-1.6307490825773678e-06,1.7221584182392706e-09,-1.3291821678716826,2.3071037979884741,1.5205074446400773e-05,-1.3291806743824592,2.3071052065136888,-2.5871306939109532e-05,1.1607008789057802e-06,1.3030092380417624e-06,3.6843845217229882e-07,1.1599735424346178e-06,1.3000471540113301e-06,3.8541601556412772e-07,-0.17471021064240944,1.6001311146037578,0.00033242009430324549,-0.17453228546067048,1.6006923297893232,-7.5992224003541126e-05,0.17471021064240944,-1.6001311146037578,-0.00033242009430324549,0.17453228546067048,-1.6006923297893232,7.5992224003541126e-05,-1.3267204090965414,2.3088002542738271,0,-1.3267204090965414,2.3088002542738271,0,0.029539364250376156,0.020355520910378653,-4.5799442565288463e-06,0.029521443470700025,0.020338623050928473,7.7421212809546528e-06,-0.20424957489278558,1.5797755936933791,0.00033700003855977436,-0.2040537289313705,1.5803537067383948,-8.3734345284495774e-05,-0.17471021064240944,1.6001311146037578,0.00033242009430324549,-0.17453228546067048,1.6006923297893232,-7.5992224003541126e-05,0,0,0,0,0,0,0,0,0,0,0,0
control,0,325,1625,1630,3250000000,3250000000,0,-1,0.01,1,1,0,0,none,0,0,1,1,-0.088505244193589586,1.3166585881920128e-05,0.5658279014491292,0.99995184771419332,-1.0897686925573936e-05,-0.0098133650809129284,-6.486593225056607e-11,-1.1098035863928571e-06,-5.3730204658491034e-09,-1.7352650564286671e-07,9.1752833959045862e-09,-1.9526142251741538e-06,1.808423698919449e-09,-1.329182157935864,2.3071038092781171,1.5208661789500225e-05,-1.3291806644524908,2.3071052177727114,-2.5867569426675688e-05,8.685371373825032e-07,1.0081670722645796e-06,3.7767220978864182e-07,8.6807320366675976e-07,1.0050198465743791e-06,3.9123092976700175e-07,-0.17470986456123605,1.6001314440092629,0.00033241855071749804,-0.17453193976230069,1.6006926597852547,-7.5993626175291634e-05,0.17470986456123605,-1.6001314440092629,-0.00033241855071749804,0.17453193976230069,-1.6006926597852547,7.5993626175291634e-05,-1.3267204090965414,2.3088002542738271,0,-1.3267204090965414,2.3088002542738271,0,0.029539683266165094,0.02035582769791134,-4.5814821473394999e-06,0.029521762161587341,0.02033893048361839,7.7407092815143561e-06,-0.20424954782740115,1.5797756163113514,0.00033700003286483754,-0.20405370192388803,1.5803537293016363,-8.3734335456805991e-05,-0.17470986456123605,1.6001314440092629,0.00033241855071749804,-0.17453193976230069,1.6006926597852547,-7.5993626175291634e-05,0,0,0,0,0,0,0,0,0,0,0,0
control,0,326,1630,1635,3260000000,3260000000,0,-1,0.01,1,1,0,0,none,0,0,1,1,-0.088505256262882484,1.3166532075823121e-05,0.56582789956171675,0.99995184760999656,-1.089764092641439e-05,-0.0098133756983021792,-5.6177066246902097e-11,-1.2676163330064411e-06,-5.3762006034050814e-09,-1.9824446304810681e-07,9.1719498483940478e-09,-2.2304391098180193e-06,1.8667785421671207e-09,-1.3291821508742556,2.3071038176567997,1.5212307239811706e-05,-1.3291806573941563,2.3071052261191953,-2.5863807699228677e-05,5.8407216829646618e-07,7.1948608180590385e-07,3.8167870317068732e-07,5.8386066268829543e-07,7.1620153582946133e-07,3.91866923709657e-07,-0.17470950298918436,1.6001317929395806,0.00033241725237725142,-0.17453157858014962,1.6006930092592508,-7.5994778936492365e-05,0.17470950298918436,-1.6001317929395806,-0.00033241725237725142,0.17453157858014962,-1.6006930092592508,7.5994778936492365e-05,-1.3267204090965414,2.3088002542738271,0,-1.3267204090965414,2.3088002542738271,0,0.029540025224317812,0.02035616017520539,-4.5827761071020457e-06,0.029522103780383807,0.020339263553277125,7.7395489635831195e-06,-0.20424952821350217,1.5797756327643753,0.00033700002848435345,-0.20405368236053342,1.5803537457059738,-8.3734327900075481e-05,-0.17470950298918436,1.6001317929395806,0.00033241725237725142,-0.17453157858014962,1.6006930092592508,-7.5994778936492365e-05,0,0,0,0,0,0,0,0,0,0,0,0
control,0,327,1635,1640,3270000000,3270000000,0,-1,0.01,1,1,0,0,none,0,0,1,1,-0.088505269758304889,1.3166478646898186e-05,0.56582789745090412,0.99995184749348021,-1.0897595289275597e-05,-0.009813387571001338,-4.728685860083546e-11,-1.400044147262064e-06,-5.3118196993418424e-09,-2.1899009682522927e-07,9.0539005435742891e-09,-2.4635887640913689e-06,1.8981201483932539e-09,-1.3291821465929985,2.3071038232046002,1.5215962286933869e-05,-1.32918065311372,2.3071052316336904,-2.5860069566197813e-05,3.1029985757566871e-07,4.4010829415179105e-07,3.8073865826561604e-07,3.1032732403109954e-07,4.3673338474882584e-07,3.8764289971955409e-07,-0.17470913131601123,1.6001321559060986,0.00033241619977054146,-0.17453120729863994,1.6006933727185282,-7.599568383956571e-05,0.17470913131601123,-1.6001321559060986,-0.00033241619977054146,0.17453120729863994,-1.6006933727185282,7.599568383956571e-05,-1.3267204090965414,2.3088002542738271,0,-1.3267204090965414,2.3088002542738271,0,0.029540384507698376,0.020356512668281576,-4.5838256189934413e-06,0.029522462715157061,0.020339616581562754,7.7386387248733657e-06,-0.20424951582370962,1.5797756432378169,0.00033700002538953488,-0.20405367001379701,1.5803537561369654,-8.3734322564439075e-05,-0.17470913131601123,1.6001321559060986,0.00033241619977054146,-0.17453120729863994,1.6006933727185282,-7.599568383956571e-05,0,0,0,0,0,0,0,0,0,0,0,0
control,0,328,1640,1645,3280000000,3280000000,0,-1,0.01,1,1,0,0,none,0,0,1,1,-0.088505284425522274,1.3166426243812057e-05,0.56582789515649268,0.9999518473668404,-1.0897550565770453e-05,-0.0098134004752162378,-3.8319500502427034e-11,-1.507059717836653e-06,-5.1844460423020498e-09,-2.3575885631682909e-07,8.828989907044415e-09,-2.6520140395610509e-06,1.9036348299736317e-09,-1.3291821449701364,2.3071038260311729,1.5219581362740352e-05,-1.3291806514893718,2.307105234426313,-2.5856399532941017e-05,4.989609515133399e-08,1.7286480298898628e-07,3.7517540571325998e-07,5.0146915288885035e-08,1.6944510752968449e-07,3.7891690567737813e-07,-0.17470875471761207,1.6001325275931468,0.00033241539035857437,-0.17453083108863363,1.6006937448440539,-7.599634536140436e-05,0.17470875471761207,-1.6001325275931468,-0.00033241539035857437,0.17453083108863363,-1.6006937448440539,7.599634536140436e-05,-1.3267204090965414,2.3088002542738271,0,-1.3267204090965414,2.3088002542738271,0,0.029540755638997208,0.020356879614645277,-4.5846331791077683e-06,0.029522833493591635,0.020339984002507649,7.7379740145984367e-06,-0.20424951035660929,1.5797756479785015,0.00033700002353768212,-0.20405366458222526,1.5803537608415463,-8.3734319376002798e-05,-0.17470875471761207,1.6001325275931468,0.00033241539035857437,-0.17453083108863363,1.6006937448440539,-7.599634536140436e-05,0,0,0,0,0,0,0,0,0,0,0,0
control,0,329,1645,1650,3290000000,3290000000,0,-1,0.01,1,1,0,0,none,0,0,1,1,-0.088505300011821067,1.3166375466259382e-05,0.56582789271803269,0.99995184723225983,-1.0897507265404848e-05,-0.009813414188573762,-2.9392879957642837e-11,-1.5889480314446133e-06,-4.9991833298832243e-09,-2.4859507729987722e-07,8.5059750764374398e-09,-2.7962154883958052e-06,1.8847648745208402e-09,-1.329182145858866,2.3071038262725558,1.5223122212967514e-05,-1.3291806523744745,2.3071052346335446,-2.5852838464776568e-05,-1.9479440330828158e-07,-7.9739043290163862e-08,3.6534852980053839e-07,-1.9433766606126961e-07,-8.3159814417425829e-08,3.6607959890377153e-07,-0.17470837810557149,1.6001329029116671,0.00033241481878319625,-0.17453045485704916,1.6006941205442737,-7.5996770679766473e-05,0.17470837810557149,-1.6001329029116671,-0.00033241481878319625,0.17453045485704916,-1.6006941205442737,7.5996770679766473e-05,-1.3267204090965414,2.3088002542738271,0,-1.3267204090965414,2.3088002542738271,0,0.029541133339499311,0.02035725562381973,-4.5852040903802805e-06,0.029523210841695555,0.020340360423111787,7.7375475594877812e-06,-0.20424951144507081,1.5797756472878475,0.00033700002287357652,-0.2040536656987447,1.5803537601211619,-8.3734318239254253e-05,-0.17470837810557149,1.6001329029116671,0.00033241481878319625,-0.17453045485704916,1.6006941205442737,-7.5996770679766473e-05,0,0,0,0,0,0,0,0,0,0,0,0
control,0,330,1650,1655,3300000000,3300000000,0,-1,0.01,1,1,0,0,none,0,0,1,1,-0.088505316269095705,1.316632686017051e-05,0.56582789017435675,0.99995184709188079,-1.089746585153257e-05,-0.0098134284927505963,-2.0617463885311261e-11,-1.6462833144378818e-06,-4.7615768735800273e-09,-2.5758837820267297e-07,8.0943557891373522e-09,-2.8972027869731978e-06,1.8431765797084952e-09,-1.3291821490908888,2.3071038240878514,1.5226546205070468e-05,-1.329180655600912,2.3071052324149126,-2.5849423316470811e-05,-4.217659600876965e-07,-3.1553385027472842e-07,3.5164703162742868e-07,-4.2112223421217964e-07,-3.1891427783497532e-07,3.4954724717274959e-07,-0.174708006083752,1.6001332770472398,0.00033241447711783873,-0.17453008320345934,1.6006944950030582,-7.5996969407001946e-05,0.174708006083752,-1.6001332770472398,-0.00033241447711783873,0.17453008320345934,-1.6006944950030582,7.5996969407001946e-05,-1.3267204090965414,2.3088002542738271,0,-1.3267204090965414,2.3088002542738271,0,0.029541512581108938,0.020357635532483216,-4.5855462131025115e-06,0.029523589735798519,0.020340740678390253,7.7373496325826046e-06,-0.20424951866486094,1.5797756415147566,0.00033700002333094124,-0.20405367293925786,1.580353754324668,-8.3734319039584554e-05,-0.174708006083752,1.6001332770472398,0.00033241447711783873,-0.17453008320345934,1.6006944950030582,-7.5996969407001946e-05,0,0,0,0,0,0,0,0,0,0,0,0
control,0,331,1655,1660,3310000000,3310000000,0,-1,0.01,1,1,0,0,none,0,0,1,1,-0.088505332956591992,1.3166280913861546e-05,0.56582788756314817,0.99995184694778239,-1.0897426738114837e-05,-0.0098134431758876966,-1.2095337722033318e-11,-1.6799038836598022e-06,-4.4775193265788403e-09,-2.6286972990325555e-07,7.6042139689419192e-09,-2.9564504779572093e-06,1.7807249931133055e-09,-1.3291821544798164,2.3071038196558402,1.5229818572128449e-05,-1.3291806609824917,2.3071052279495943,-2.5846186926937887e-05,-6.2935520864716017e-07,-5.3269160922831726e-07,3.3448278133407958e-07,-6.2854456847083553e-07,-5.3599295707929849e-07,3.2975508368072117e-07,-0.17470764291128821,1.6001336455016328,0.00033241435512323844,-0.17452972038314929,1.6006948637213216,-7.5996953321990463e-05,0.17470764291128821,-1.6001336455016328,-0.00033241435512323844,0.17452972038314929,-1.6006948637213216,7.5996953321990463e-05,-1.3267204090965414,2.3088002542738271,0,-1.3267204090965414,2.3088002542738271,0,0.029541888632112094,0.020358014453256076,-4.5856697107052384e-06,0.029523965448255425,0.020341119880229165,7.7373683238973291e-06,-0.20424953154340031,1.5797756310483768,0.00033700002483394366,-0.20405368583140471,1.5803537438410924,-8.3734321645887789e-05,-0.17470764291128821,1.6001336455016328,0.00033241435512323844,-0.17452972038314929,1.6006948637213216,-7.5996953321990463e-05,0,0,0,0,0,0,0,0,0,0,0,0
control,0,332,1660,1665,3320000000,3320000000,0,-1,0.01,1,1,0,0,none,0,0,1,1,-0.088505349843388731,1.3166238055120823e-05,0.56582788492055447,0.99995184680195814,-1.089739028727872e-05,-0.0098134580347743767,-3.9194071341016005e-12,-1.690885345592042e-06,-4.1531575726741627e-09,-2.6460727105614345e-07,7.0460550136157957e-09,-2.9758508141020317e-06,1.6994206211076186e-09,-1.3291821618245816,2.3071038131715595,1.5232908594450468e-05,-1.3291806683183516,2.3071052214329977,-2.5843157876867199e-05,-8.1623997932328334e-07,-7.2972661849309882e-07,3.1428404959401457e-07,-8.1528333158189696e-07,-7.3291314894555511e-07,3.0715079939622897e-07,-0.17470729247212458,1.6001340041279595,0.00033241444051790721,-0.17452937027663579,1.6006952225520441,-7.5996736090106005e-05,0.17470729247212458,-1.6001340041279595,-0.00033241444051790721,0.17452937027663579,-1.6006952225520441,7.5996736090106005e-05,-1.3267204090965414,2.3088002542738271,0,-1.3267204090965414,2.3088002542738271,0,0.029542257096450995,0.020358387817137988,-4.5855867808148403e-06,0.029524333586719125,0.020341493459676115,7.7375898230903482e-06,-0.20424954956857558,1.5797756163108214,0.00033700002729872205,-0.20405370386335492,1.5803537290923679,-8.3734325913196355e-05,-0.17470729247212458,1.6001340041279595,0.00033241444051790721,-0.17452937027663579,1.6006952225520441,-7.5996736090106005e-05,0,0,0,0,0,0,0,0,0,0,0,0
control,0,333,1665,1670,3330000000,3330000000,0,-1,0.01,1,1,0,0,none,0,0,1,1,-0.088505366710604327,1.3166198649217531e-05,0.56582788228084013,0.9999518466563001,-1.0897356807662108e-05,-0.0098134728767899169,3.8272386788565456e-12,-1.6805125813147234e-06,-3.7948013135424758e-09,-2.6300189206445835e-07,6.4306524834526587e-09,-2.9576644529809403e-06,1.6013935482898393e-09,-1.3291821709128173,2.3071038048429018,1.5235789720361158e-05,-1.3291806773963362,2.307105213073354,-2.5840360407298318e-05,-9.8143387046242565e-07,-9.0549240121401909e-07,2.9148927230283866e-07,-9.803526297447215e-07,-9.0853165734723599e-07,2.8218831501593586e-07,-0.17470695825135868,1.6001343491596491,0.00033241471925519062,-0.17452903636606346,1.6006955677292687,-7.5996332978884464e-05,0.17470695825135868,-1.6001343491596491,-0.00033241471925519062,0.17452903636606346,-1.6006955677292687,7.5996332978884464e-05,-1.3267204090965414,2.3088002542738271,0,-1.3267204090965414,2.3088002542738271,0,0.029542613946116337,0.020358751409705233,-4.5853113797234888e-06,0.029524690126481404,0.020341857203162443,7.7379987064386992e-06,-0.20424957219747503,1.5797755977499439,0.0003370000306349141,-0.20405372649254486,1.5803537105261063,-8.3734331685323164e-05,-0.17470695825135868,1.6001343491596491,0.00033241471925519062,-0.17452903636606346,1.6006955677292687,-7.5996332978884464e-05,0,0,0,0,0,0,0,0,0,0,0,0
control,0,334,1670,1675,3340000000,3340000000,0,-1,0.01,1,1,0,0,none,0,0,1,1,-0.088505383353316189,1.3166162997805429e-05,0.56582787967608716,0.99995184651257718,-1.0897326553520743e-05,-0.0098134875215938732,1.1071799560961257e-11,-1.6502509204895299e-06,-3.4088348829531005e-09,-2.5828274355638683e-07,5.7688979273279108e-09,-2.9044697247750506e-06,1.4888610454211522e-09,-1.3291821815241576,2.3071037948872668,1.5238439628978923e-05,-1.3291806879962953,2.3071052030883665,-2.5837814395779743e-05,-1.1242775151796149e-06,-1.0591742144383878e-06,2.6654107390030865e-07,-1.1230933018754658e-06,-1.062037242658437e-06,2.5532187342332669e-07,-0.17470664331728528,1.6001346772322966,0.00033241517580477977,-0.17452872171723213,1.6006958958899107,-7.5995760572411509e-05,0.17470664331728528,-1.6001346772322966,-0.00033241517580477977,0.17452872171723213,-1.6006958958899107,7.5995760572411509e-05,-1.3267204090965414,2.3088002542738271,0,-1.3267204090965414,2.3088002542738271,0,0.029542955547666425,0.020359101400044866,-4.5848589423886918e-06,0.029525031436999194,0.020342207281390454,7.7385782250627567e-06,-0.2042495988649517,1.5797755758322518,0.00033700003474716847,-0.20405375315423133,1.5803536886085203,-8.3734338797474269e-05,-0.17470664331728528,1.6001346772322966,0.00033241517580477977,-0.17452872171723213,1.6006958958899107,-7.5995760572411509e-05,0,0,0,0,0,0,0,0,0,0,0,0
control,0,335,1675,1680,3350000000,3350000000,0,-1,0.01,1,1,0,0,none,0,0,1,1,-0.088505399582190988,1.3166131338685118e-05,0.56582787713593929,0.99995184637242485,-1.0897299724566959e-05,-0.0098135018025604336,1.7752081862095046e-11,-1.6017169181416102e-06,-3.0016331214605296e-09,-2.5070269241095594e-07,5.0716581468126002e-09,-2.8191112073180328e-06,1.3640931889120498e-09,-1.3291821934334358,2.3071037835283117,1.5240840236655545e-05,-1.3291806998932778,2.3071051917019609,-2.583553538814206e-05,-1.2444262054616863e-06,-1.1902781001103024e-06,2.3988052316549048e-07,-1.2431605611173105e-06,-1.1929396113519236e-06,2.2700037229758248e-07,-0.17470635030988785,1.6001349853993696,0.0003324157934394685,-0.17452842896810516,1.6006962040893726,-7.5995036480973875e-05,0.17470635030988785,-1.6001349853993696,-0.0003324157934394685,0.17452842896810516,-1.6006962040893726,7.5995036480973875e-05,-1.3267204090965414,2.3088002542738271,0,-1.3267204090965414,2.3088002542738271,0,0.029543278682040611,0.020359434363334691,-4.5842460971549375e-06,0.029525354301678179,0.020342540271810646,7.7393105978277392e-06,-0.20424962899192844,1.579775551036035,0.00033700003953662344,-0.20405378326978335,1.5803536638175619,-8.3734347078801621e-05,-0.17470635030988785,1.6001349853993696,0.0003324157934394685,-0.17452842896810516,1.6006962040893726,-7.5995036480973875e-05,0,0,0,0,0,0,0,0,0,0,0,0
control,0,336,1680,1685,3360000000,3360000000,0,-1,0.01,1,1,0,0,none,0,0,1,1,-0.088505415224821249,1.3166103846380328e-05,0.56582787468739237,0.99995184623733158,-1.0897276466500932e-05,-0.0098135155679552263,2.38166627045959e-11,-1.5366491234308031e-06,-2.5794818755618761e-09,-2.4053371808427383e-07,4.3496400859258349e-09,-2.7046482774903999e-06,1.2293820837073653e-09,-1.3291822064137362,2.307103770992823,1.5242977651409531e-05,-1.3291807128605821,2.3071051791411548,-2.5833534681017938e-05,-1.3418340552449511e-06,-1.2986171203633752e-06,2.1194188109350383e-07,-1.3405081759614049e-06,-1.301055604180778e-06,1.9766227094831568e-07,-0.17470608143592475,1.600135271142511,0.00033241655451285776,-0.17452816032387714,1.6006964898118146,-7.5994179064114859e-05,0.17470608143592475,-1.600135271142511,-0.00033241655451285776,0.17452816032387714,-1.6006964898118146,7.5994179064114859e-05,-1.3267204090965414,2.3088002542738271,0,-1.3267204090965414,2.3088002542738271,0,0.029543580557419968,0.020359747297728836,-4.5834903894775343e-06,0.029525655930752542,0.020342853175473966,7.7401772907579653e-06,-0.20424966199334471,1.5797755238447821,0.00033700004490233527,-0.20405381625462968,1.5803536366363407,-8.3734356354872824e-05,-0.17470608143592475,1.600135271142511,0.00033241655451285776,-0.17452816032387714,1.6006964898118146,-7.5994179064114859e-05,0,0,0,0,0,0,0,0,0,0,0,0
control,0,337,1685,1690,3370000000,3370000000,0,-1,0.01,1,1,0,0,none,0,0,1,1,-0.088505430126771728,1.3166080633475885e-05,0.5658278723546305,0.99995184610863197,-1.0897256872189802e-05,-0.0098135286818563702,2.9224909869991229e-11,-1.4568791831323906e-06,-2.1485041490045335e-09,-2.2806238641395042e-07,3.613265555148955e-09,-2.5643042548098547e-06,1.0870113068105357e-09,-1.3291822202392771,2.3071037575077504,1.5244842079516597e-05,-1.329180726672635,2.3071051656330916,-2.5831819450549961e-05,-1.4167359800257576e-06,-1.3842943008125296e-06,1.8314779835361153e-07,-1.4153704708535615e-06,-1.3864920868320676e-06,1.6773096085224193e-07,-0.17470583846888732,1.6001355323753168,0.00033241744072887006,-0.17452791755693936,1.6006967509738563,-7.5993207162903547e-05,0.17470583846888732,-1.6001355323753168,-0.00033241744072887006,0.17452791755693936,-1.6006967509738563,7.5993207162903547e-05,-1.3267204090965414,2.3088002542738271,0,-1.3267204090965414,2.3088002542738271,0,0.02954385881679835,0.02036003763437088,-4.5826100137726598e-06,0.029525933968828896,0.020343143426955292,7.7411592871223758e-06,-0.20424969728568568,1.5797754947409459,0.00033700005074264273,-0.20405385152576827,1.5803536075469011,-8.3734366450025918e-05,-0.17470583846888732,1.6001355323753168,0.00033241744072887006,-0.17452791755693936,1.6006967509738563,-7.5993207162903547e-05,0,0,0,0,0,0,0,0,0,0,0,0
control,0,338,1690,1695,3380000000,3380000000,0,-1,0.01,1,1,0,0,none,0,0,1,1,-0.088505444152340143,1.316606175265764e-05,0.56582787015890657,0.99995184598749798,-1.0897240983443225e-05,-0.0098135410248245264,3.394686209544421e-11,-1.3643036186862424e-06,-1.714592398997452e-09,-2.1358543678697986e-07,2.8725564981913882e-09,-2.4014167240383851e-06,9.3922739307561264e-10,-1.3291822346880984,2.3071037432974224,1.5246427687845679e-05,-1.3291807411076779,2.3071051514022534,-2.5830392923440253e-05,-1.4696272628274422e-06,-1.4476831486500779e-06,1.5390480884656694e-07,-1.4682419116636762e-06,-1.4496264221869649e-06,1.3761046629142171e-07,-0.1747056227544353,1.6001357674416914,0.000332418433409658,-0.17452770201229412,1.6006969859229105,-7.5992139835877971e-05,0.1747056227544353,-1.6001357674416914,-0.000332418433409658,0.17452770201229412,-1.6006969859229105,7.5992139835877971e-05,-1.3267204090965414,2.3088002542738271,0,-1.3267204090965414,2.3088002542738271,0,0.029544111539577558,0.020360303241578941,-4.5816235467960322e-06,0.029526186496505378,0.020343408898517754,7.7422373537175043e-06,-0.20424973429401286,1.5797754642001125,0.00033700005695645404,-0.20405388850879949,1.5803535770243928,-8.373437718959547e-05,-0.1747056227544353,1.6001357674416914,0.000332418433409658,-0.17452770201229412,1.6006969859229105,-7.5992139835877971e-05,0,0,0,0,0,0,0,0,0,0,0,0
control,0,339,1695,1700,3390000000,3390000000,0,-1,0.01,1,1,0,0,none,0,0,1,1,-0.088505457185041617,1.3166047199389393e-05,0.56582786811846664,0.99995184587493613,-1.0897228793329865e-05,-0.009813552494329485,3.7962983952712283e-11,-1.260856581039634e-06,-1.2833475900045174e-09,-1.9740551869850282e-07,2.1370317497670144e-09,-2.2193895875164558e-06,7.882140781034074e-10,-1.3291822495445351,2.3071037285809668,1.5247732426172366e-05,-1.3291807559502389,2.3071051366678859,-2.5829254585812117e-05,-1.5012411678583159e-06,-1.4894061447424408e-06,1.2459938835447852e-07,-1.4998547555056576e-06,-1.4910849018796791e-06,1.0768172987607994e-07,-0.17470543522077964,1.6001359751091573,0.00033241951374717856,-0.17452751461790267,1.6006971934303451,-7.5990996112734217e-05,0.17470543522077964,-1.6001359751091573,-0.00033241951374717856,0.17452751461790267,-1.6006971934303451,7.5990996112734217e-05,-1.3267204090965414,2.3088002542738271,0,-1.3267204090965414,2.3088002542738271,0,0.029544337237676074,0.020360542423540396,-4.5805496972694342e-06,0.029526412026502635,0.020343647898647337,7.7433922892498312e-06,-0.20424977245845571,1.5797754326856168,0.000337000063444448,-0.2040539266444053,1.5803535455316977,-8.3734388401984045e-05,-0.17470543522077964,1.6001359751091573,0.00033241951374717856,-0.17452751461790267,1.6006971934303451,-7.5990996112734217e-05,0,0,0,0,0,0,0,0,0,0,0,0
control,0,340,1700,1705,3400000000,3400000000,0,-1,0.01,1,1,0,0,none,0,0,1,1,-0.088505469127827613,1.316603691515858e-05,0.56582786624851522,0.99995184577178453,-1.0897220248976051e-05,-0.0098135630049433833,4.1263801412373147e-11,-1.1484838515056252e-06,-8.6002505928515671e-10,-1.7982713029999327e-07,1.415615517684507e-09,-2.0216472996152597e-06,6.3606780944320769e-10,-1.3291822646014599,2.3071037135699628,1.5248757814429602e-05,-1.3291807709933721,2.3071051216416461,-2.5828400424662199e-05,-1.5125250977409681e-06,-1.5103114736629191e-06,9.5594477164999317e-08,-1.5111552111397624e-06,-1.5117194536525917e-06,7.8299402644237557e-08,-0.17470527639344161,1.6001361545572326,0.00033242066304198871,-0.17452735589945662,1.6006973726798928,-7.5989794763301876e-05,0.17470527639344161,-1.6001361545572326,-0.00033242066304198871,0.17452735589945662,-1.6006973726798928,7.5989794763301876e-05,-1.3267204090965414,2.3088002542738271,0,-1.3267204090965414,2.3088002542738271,0,0.029544534846668715,0.020360753913581719,-4.5794070681871303e-06,0.029526609494784292,0.020343859165352692,7.7446051572664481e-06,-0.20424981124011032,1.5797754006436509,0.00033700007011017586,-0.20405396539424089,1.5803535135145401,-8.3734399920568322e-05,-0.17470527639344161,1.6001361545572326,0.00033242066304198871,-0.17452735589945662,1.6006973726798928,-7.5989794763301876e-05,0,0,0,0,0,0,0,0,0,0,0,0
control,0,341,1705,1710,3410000000,3410000000,0,-1,0.01,1,1,0,0,none,0,0,1,1,-0.088505479903053852,1.3166030791217267e-05,0.56582786456121992,0.99995184567871442,-1.0897215254784391e-05,-0.0098135724883127457,4.3849433771633229e-11,-1.0291183337318737e-06,-4.4948809305065258e-10,-1.6115277042067711e-07,7.1655888980098507e-10,-1.8115917316964416e-06,4.8477704193481413e-10,-1.3291822796622783,2.3071036984663262,1.524950869976682e-05,-1.3291807860406513,2.3071051065254915,-2.582782319680303e-05,-1.5046154765599411e-06,-1.5114486275453066e-06,6.7226542139845527e-08,-1.5032783757317504e-06,-1.512583180243218e-06,4.9789174393724491e-08,-0.17470514641425069,1.6001363053618352,0.00033242186292402342,-0.17452722599931539,1.6006975232519145,-7.5988554085101875e-05,0.17470514641425069,-1.6001363053618352,-0.00033242186292402342,0.17452722599931539,-1.6006975232519145,7.5988554085101875e-05,-1.3267204090965414,2.3088002542738271,0,-1.3267204090965414,2.3088002542738271,0,0.029544703712057387,0.020360936862951307,-4.5782139370370379e-06,0.029526778246881585,0.020344041854797181,7.7458575003212222e-06,-0.20424985012630809,1.5797753684988838,0.00033700007686106044,-0.20405400424619696,1.5803534813971174,-8.3734411585423101e-05,-0.17470514641425069,1.6001363053618352,0.00033242186292402342,-0.17452722599931539,1.6006975232519145,-7.5988554085101875e-05,0,0,0,0,0,0,0,0,0,0,0,0
control,0,342,1710,1715,3420000000,3420000000,0,-1,0.01,1,1,0,0,none,0,0,1,1,-0.088505489452212746,1.3166028672743983e-05,0.5658278630657535,0.99995184559623107,-1.0897213676007978e-05,-0.0098135808929236245,4.5729029963813965e-11,-9.0465723446920593e-07,-5.616872575243692e-11,-1.4167937890989854e-07,4.7373806598132052e-11,-1.5925620013567353e-06,3.3620315920509437e-10,-1.3291822945426714,2.307103683460447,1.5249992988286922e-05,-1.3291808009079131,2.3071050915098201,-2.582751272037921e-05,-1.4788121417860729e-06,-1.4940428338423428e-06,3.9803136118471957e-08,-1.4775226376160976e-06,-1.4949047604033611e-06,2.2445617641426193e-08,-0.17470504506346804,1.6001364274754319,0.0003324230955559936,-0.17452712469860052,1.6006976451034853,-7.598729170962533e-05,0.17470504506346804,-1.6001364274754319,-0.0003324230955559936,0.17452712469860052,-1.6006976451034853,7.598729170962533e-05,-1.3267204090965414,2.3088002542738271,0,-1.3267204090965414,2.3088002542738271,0,0.029544843571772905,0.020361090824811225,-4.5769880532920004e-06,0.029526918020416803,0.020344195525223898,7.7471315352316919e-06,-0.20424988863524093,1.5797753366506206,0.00033700008360928562,-0.20405404271901731,1.5803534495782614,-8.3734423244857017e-05,-0.17470504506346804,1.6001364274754319,0.0003324230955559936,-0.17452712469860052,1.6006976451034853,-7.598729170962533e-05,0,0,0,0,0,0,0,0,0,0,0,0
control,0,343,1715,1720,3430000000,3430000000,0,-1,0.01,1,1,0,0,none,0,0,1,1,-0.088505497735449273,1.3166030363352173e-05,0.56582786176836875,0.99995184552467919,-1.0897215342617315e-05,-0.0098135881836756457,4.6920124851131419e-11,-7.7694111629010105e-07,3.1596385715982345e-10,-1.2169504341633427e-07,-5.8522007393230225e-10,-1.3677976060552192e-06,1.9206414177552524e-10,-1.32918230907208,2.3071036687295869,1.5250221356195223e-05,-1.329180815424738,2.3071050767718662,-2.5827456184008752e-05,-1.4365520898518681e-06,-1.4594691900072728e-06,1.3600930834326108e-08,-1.4353234394008067e-06,-1.4600625599267447e-06,-3.4694774875948397e-09,-0.17470497178531502,1.6001365212041785,0.00033242434381917029,-0.17452705144272937,1.6006977385455257,-7.5986024427673616e-05,0.17470497178531502,-1.6001365212041785,-0.00033242434381917029,0.17452705144272937,-1.6006977385455257,7.5986024427673616e-05,-1.3267204090965414,2.3088002542738271,0,-1.3267204090965414,2.3088002542738271,0,0.029544954534597784,0.020361215734666517,-4.5757464534002831e-06,0.029527028923517721,0.020344320117370803,7.7484103290770053e-06,-0.20424992631991282,1.5797753054695121,0.00033700009027257057,-0.20405408036624709,1.5803534184281549,-8.3734434756750615e-05,-0.17470497178531502,1.6001365212041785,0.00033242434381917029,-0.17452705144272937,1.6006977385455257,-7.5986024427673616e-05,0,0,0,0,0,0,0,0,0,0,0,0
control,0,344,1720,1725,3440000000,3440000000,0,-1,0.01,1,1,0,0,none,0,0,1,1,-0.088505504730878495,1.3166035629867543e-05,0.56582786067250601,0.99995184546424809,-1.0897220053393568e-05,-0.0098135943412821398,4.7447928535844519e-11,-6.4773495148293902e-07,6.6342710039523461e-10,-1.0147603810735159e-07,-1.1753352282010065e-09,-1.1404050662896718e-06,5.3922072260986392e-11,-1.3291823230949253,2.307103654436534,1.5250206945273466e-05,-1.3291808294356713,2.3071050624743616,-2.5827638468591539e-05,-1.3793833941650338e-06,-1.4092263919097131e-06,-1.1135695631689392e-08,-1.3782272448459406e-06,-1.4095583091563325e-06,-2.7728215926946275e-08,-0.17470492571572382,1.6001365871819264,0.00033242559147602833,-0.17452700536907767,1.6006978042166546,-7.5984768038318758e-05,0.17470492571572382,-1.6001365871819264,-0.00033242559147602833,0.17452700536907767,-1.6006978042166546,7.5984768038318758e-05,-1.3267204090965414,2.3088002542738271,0,-1.3267204090965414,2.3088002542738271,0,0.029545037055698206,0.020361311887104935,-4.574505298800455e-06,0.029527111410425518,0.020344415931048812,7.7496779513738082e-06,-0.20424996277142204,1.5797752752948215,0.00033700009677482877,-0.20405411677950319,1.5803533882856058,-8.3734445989692559e-05,-0.17470492571572382,1.6001365871819264,0.00033242559147602833,-0.17452700536907767,1.6006978042166546,-7.5984768038318758e-05,0,0,0,0,0,0,0,0,0,0,0,0
control,0,345,1725,1730,3450000000,3450000000,0,-1,0.01,1,1,0,0,none,0,0,1,1,-0.088505510433726786,1.3166044207300568e-05,0.56582785977892702,0.99995184541497917,-1.0897227580184752e-05,-0.0098135993615146126,4.7344557492575542e-11,-5.1871128913065005e-07,9.8324178287779865e-10,-8.1284188875079037e-08,-1.717943933549154e-09,-9.1332829748509455e-07,-7.6828662444746088e-11,-1.3291823364715725,2.3071036407285228,1.5249965047317633e-05,-1.3291808428011853,2.3071050487644524,-2.5828042477182349e-05,-1.3089393212713266e-06,-1.3449106681864118e-06,-3.4195647280749786e-08,-1.307865649090813e-06,-1.3449910391567776e-06,-5.0137286385907039e-08,-0.17470490571221359,1.6001366263419001,0.00033242682331487806,-0.17452698533688635,1.6006978430549206,-7.5983537216442305e-05,0.17470490571221359,-1.6001366263419001,-0.00033242682331487806,0.17452698533688635,-1.6006978430549206,7.5983537216442305e-05,-1.3267204090965414,2.3088002542738271,0,-1.3267204090965414,2.3088002542738271,0,0.029545091909354348,0.020361379909653397,-4.5732797318312521e-06,0.029527166254200231,0.020344483599054306,7.7509196074740008e-06,-0.20424999762156792,1.5797752464322468,0.0003370001030467093,-0.20405415159108659,1.5803533594558663,-8.3734456823916309e-05,-0.17470490571221359,1.6001366263419001,0.00033242682331487806,-0.17452698533688635,1.6006978430549206,-7.5983537216442305e-05,0,0,0,0,0,0,0,0,0,0,0,0
control,0,346,1730,1735,3460000000,3460000000,0,-1,0.01,1,1,0,0,none,0,0,1,1,-0.088505514855317699,1.3166055803939839e-05,0.56582785908587296,0.99995184537677495,-1.0897237672262168e-05,-0.0098136032543105229,4.6648226881858678e-11,-3.914356064877111e-07,1.2729410496825668e-09,-6.1364580121239722e-08,-2.2088931556061806e-09,-6.8932282156073867e-07,-1.9896751934149429e-10,-1.3291823490790369,2.3071036277364079,1.5249512782002502e-05,-1.3291808553983868,2.3071050357728815,-2.5828649468398672e-05,-1.2269130060397648e-06,-1.2681901741391884e-06,-5.5401592111899588e-08,-1.2259301202866819e-06,-1.2680314191737715e-06,-7.0538141697614007e-08,-0.17470491038534827,1.6001366398865775,0.0003324280252710279,-0.17452698995859364,1.6006978562674889,-7.5982345404427938e-05,0.17470491038534827,-1.6001366398865775,-0.0003324280252710279,0.17452698995859364,-1.6006978562674889,7.5982345404427938e-05,-1.3267204090965414,2.3088002542738271,0,-1.3267204090965414,2.3088002542738271,0,0.029545120159454367,0.020361420734291598,-4.5720837549951553e-06,0.029527194517325075,0.020344524058475495,7.7521217476044834e-06,-0.20425003054480265,1.5797752191522858,0.00033700010902602308,-0.20405418447591872,1.5803533322090135,-8.3734467152032425e-05,-0.17470491038534827,1.6001366398865775,0.0003324280252710279,-0.17452698995859364,1.6006978562674889,-7.5982345404427938e-05,0,0,0,0,0,0,0,0,0,0,0,0
control,0,347,1735,1740,3470000000,3470000000,0,-1,0.01,1,1,0,0,none,0,0,1,1,-0.088505518021924273,1.3166070106497106e-05,0.56582785858924478,0.99995184534940884,-1.0897250060717651e-05,-0.0098136060427638679,4.5402410451733002e-11,-2.6735388857840385e-07,1.5305730528572656e-09,-4.1943602245730234e-08,-2.6449081590503886e-09,-4.7093389886604841e-07,-3.1145494366056882e-10,-1.329182360811445,2.3071036155740918,1.5248868772758651e-05,-1.3291808671214762,2.3071050236134139,-2.5829439388915907e-05,-1.1350329842970103e-06,-1.1807801270831598e-06,-7.4610002997623678e-08,-1.1341475062198091e-06,-1.1803969139432634e-06,-8.8806753063802809e-08,-0.17470493813121676,1.6001366292561525,0.0003324291845263757,-0.17452701763237372,1.6006978452991747,-7.5981204725239612e-05,0.17470493813121676,-1.6001366292561525,-0.0003324291845263757,0.17452701763237372,-1.6006978452991747,7.5981204725239612e-05,-1.3267204090965414,2.3088002542738271,0,-1.3267204090965414,2.3088002542738271,0,0.029545123128319629,0.020361435567013531,-4.5709301316777135e-06,0.029527197520476632,0.020344538520329507,7.7532721543279622e-06,-0.2042500612595364,1.5797751936891389,0.0003370001146580534,-0.20405421515285035,1.5803533067788451,-8.3734476879567568e-05,-0.17470493813121676,1.6001366292561525,0.0003324291845263757,-0.17452701763237372,1.6006978452991747,-7.5981204725239612e-05,0,0,0,0,0,0,0,0,0,0,0,0
control,0,348,1740,1745,3480000000,3480000000,0,-1,0.01,1,1,0,0,none,0,0,1,1,-0.088505519973511027,1.3166086785235539e-05,0.56582785828279991,0.99995184533253589,-1.0897264462843381e-05,-0.0098136077620182231,4.3654983502411571e-11,-1.4778244434782314e-07,1.7546964511377673e-09,-2.3227363201332869e-08,-3.0235843762405039e-09,-2.604785976076579e-07,-4.1343349077571517e-10,-1.3291823715802542,2.3071036043381969,1.5248052824550249e-05,-1.329180877881968,2.307105012382515,-2.583039120114544e-05,-1.0350399036574215e-06,-1.0844188327212232e-06,-9.1710798343965602e-08,-1.0342568032854246e-06,-1.0838277691278562e-06,-1.048529590627221e-07,-0.17470498716441152,1.6001365960959315,0.00033243028958830872,-0.17452706657501257,1.6006978117997019,-7.5980125917010584e-05,0.17470498716441152,-1.6001365960959315,-0.00033243028958830872,0.17452706657501257,-1.6006978117997019,7.5980125917010584e-05,-1.3267204090965414,2.3088002542738271,0,-1.3267204090965414,2.3088002542738271,0,0.029545102364408802,0.020361425855810564,-4.5698303074478761e-06,0.029527176810324202,0.020344528437398816,7.7543600082967678e-06,-0.20425008952882032,1.579775170240121,0.00033700011989575658,-0.20405424338533679,1.5803532833623031,-8.3734485925307352e-05,-0.17470498716441152,1.6001365960959315,0.00033243028958830872,-0.17452706657501257,1.6006978117997019,-7.5980125917010584e-05,0,0,0,0,0,0,0,0,0,0,0,0
control,0,349,1745,1750,3490000000,3490000000,0,-1,0.01,1,1,0,0,none,0,0,1,1,-0.088505520762387352,1.3166105499018068e-05,0.56582785815836201,0.99995184532570458,-1.0897280586440823e-05,-0.0098136084580819263,4.145736184628873e-11,-3.3899948124930771e-08,1.9443701370179243e-09,-5.4004369860736739e-09,-3.3433692072067081e-09,-6.0031780188375377e-08,-5.0422881258761803e-10,-1.3291823813142494,2.3071035941079669,1.5247085607438468e-05,-1.3291808876086886,2.3071050021592532,-2.5831483202407635e-05,-9.286644426812006e-07,-9.8084504233683632e-07,-1.0662658669566158e-07,-9.2798707417605099e-07,-9.8006437663964317e-07,-1.1861944996125845e-07,-0.17470505555128765,1.6001365422234486,0.0003324313303469591,-0.17452713485516283,1.6006977575908232,-7.5979118288239364e-05,0.17470505555128765,-1.6001365422234486,-0.0003324313303469591,0.17452713485516283,-1.6006977575908232,7.5979118288239364e-05,-1.3267204090965414,2.3088002542738271,0,-1.3267204090965414,2.3088002542738271,0,0.029545059609159322,0.020361393257884945,-4.5687943528967572e-06,0.02952713412637702,0.020344495471451597,7.7553759332203524e-06,-0.20425011516044697,1.5797751489655636,0.00033700012469985586,-0.20405426898153986,1.5803532621193717,-8.3734494221459718e-05,-0.17470505555128765,1.6001365422234486,0.0003324313303469591,-0.17452713485516283,1.6006977575908232,-7.5979118288239364e-05,0,0,0,0,0,0,0,0,0,0,0,0
control,0,350,1750,1755,3500000000,3500000000,0,-1,0.01,1,1,0,0,none,0,0,1,1,-0.08850552045179419,1.3166125900217115e-05,0.5658278582060432,0.99995184532836912,-1.089729813400858e-05,-0.009813608186584704,3.8863645280519996e-11,7.3258338421480724e-08,2.0991370994482926e-09,1.1375044771731991e-08,-3.6035341458099455e-09,1.2858406967216572e-07,-5.8334646927426869e-10,-1.3291823899593269,2.3071035849453869,1.5245988349447694e-05,-1.3291808962475595,2.3071049930054239,-2.583269333215584e-05,-8.1760678684554901e-07,-8.7177667891089876e-07,-1.1931156080033543e-07,-8.1703695659127218e-07,-8.7082598648349034e-07,-1.3008039523967815e-07,-0.17470514124288794,1.6001364695954712,0.0003324322981120405,-0.17452722042621333,1.600697684633259,-7.5978189694233029e-05,0.17470514124288794,-1.6001364695954712,-0.0003324322981120405,0.17452722042621333,-1.600697684633259,7.5978189694233029e-05,-1.3267204090965414,2.3088002542738271,0,-1.3267204090965414,2.3088002542738271,0,0.029544996763606082,0.020361339606300141,-4.567830926794291e-06,0.029527071367652064,0.020344441459817363,7.7563120194087352e-06,-0.20425013800649403,1.5797751299891711,0.0003370001290388348,-0.20405429179386539,1.5803532431734417,-8.3734501713641764e-05,-0.17470514124288794,1.6001364695954712,0.0003324322981120405,-0.17452722042621333,1.600697684633259,-7.5978189694233029e-05,0,0,0,0,0,0,0,0,0,0,0,0
control,0,351,1755,1760,3510000000,3510000000,0,-1,0.01,1,1,0,0,none,0,0,1,1,-0.088505519114445777,1.3166147639432031e-05,0.56582785841447203,0.99995184533990067,-1.0897316806763585e-05,-0.0098136070114946961,3.592977698411134e-11,1.7280423269746571e-07,2.2190031318474032e-09,2.6959947264430168e-08,-3.804137653384037e-09,3.0380531112501105e-07,-6.5046965207762543e-10,-1.3291823974780841,2.3071035768955097,1.5244782541828099e-05,-1.3291809037611881,2.3071049849658793,-2.5833999464395298e-05,-7.0351788438328155e-07,-7.5889100429344496e-07,-1.297500851124441e-07,-7.0305591710582645e-07,-7.5779088477775416e-07,-1.3923980764018783e-07,-0.17470524210701699,1.6001363802751223,0.00033243318563054325,-0.17452732115836087,1.6006975949937945,-7.597734653100297e-05,0.17470524210701699,-1.6001363802751223,-0.00033243318563054325,0.17452732115836087,-1.6006975949937945,7.597734653100297e-05,-1.3267204090965414,2.3088002542738271,0,-1.3267204090965414,2.3088002542738271,0,0.029544915855338458,0.020361266876314725,-4.566947258292807e-06,0.029526990559636136,0.020344368381699833,7.7571618297005991e-06,-0.20425015796235546,1.5797751133988076,0.00033700013288883606,-0.20405431171799701,1.5803532266120948,-8.3734508360703571e-05,-0.17470524210701699,1.6001363802751223,0.00033243318563054325,-0.17452732115836087,1.6006975949937945,-7.597734653100297e-05,0,0,0,0,0,0,0,0,0,0,0,0
control,0,352,1760,1765,3520000000,3520000000,0,-1,0.01,1,1,0,0,none,0,0,1,1,-0.08850551683104782,1.3166170369965427e-05,0.56582785877102437,0.99995184535960413,-1.0897336308454303e-05,-0.0098136050038139556,3.2712729817871685e-11,2.6399825992246379e-07,2.3044109975193608e-09,4.1238431578550082e-08,-3.9459811131211946e-09,4.6433001896672631e-07,-7.0544998975303741e-10,-1.3291824038492284,2.3071035699869649,1.5243489659474188e-05,-1.3291809101282779,2.3071049780690389,-2.5835379682618793e-05,-5.879820187554543e-07,-6.4380701443253008e-07,-1.3795498907279039e-07,-5.8762685716438359e-07,-6.4257878303175982e-07,-1.4612959858926292e-07,-0.17470535596003561,1.6001362764005351,0.00033243398708508433,-0.1745274348703339,1.6006974908139089,-7.5976593749687728e-05,0.17470535596003561,-1.6001362764005351,-0.00033243398708508433,0.1745274348703339,-1.6006974908139089,7.5976593749687728e-05,-1.3267204090965414,2.3088002542738271,0,-1.3267204090965414,2.3088002542738271,0,0.02954481900527136,0.020361177152868101,-4.5661491483886164e-06,0.029526893821123154,0.0203442783256324,7.7579203847151009e-06,-0.20425017496530698,1.5797750992476671,0.00033700013623347297,-0.20405432869145707,1.5803532124882764,-8.3734514134402825e-05,-0.17470535596003561,1.6001362764005351,0.00033243398708508433,-0.1745274348703339,1.6006974908139089,-7.5976593749687728e-05,0,0,0,0,0,0,0,0,0,0,0,0
control,0,353,1765,1770,3530000000,3530000000,0,-1,0.01,1,1,0,0,none,0,0,1,1,-0.088505513688809184,1.3166193752016149e-05,0.56582785926205792,0.99995184538672566,-1.0897356348929923e-05,-0.0098136022402697653,2.9269726581950922e-11,3.4624937508892594e-07,2.3562104631162264e-09,5.4117890571564697e-08,-4.0305569557301109e-09,6.0911749648413985e-07,-7.4830221116109235e-10,-1.3291824090668272,2.307103564232639,1.5242130899721784e-05,-1.3291809153428791,2.3071049723275738,-2.5836812534334877e-05,-4.7250197630546242e-07,-5.2806900120051109e-07,-1.4396556739044187e-07,-4.7225127661461302e-07,-5.2673439434263543e-07,-1.5080739953662285e-07,-0.17470548059624955,1.6001361601535586,0.00033243469807201403,-0.17452755935877998,1.6006973742784536,-7.5975934888662636e-05,0.17470548059624955,-1.6001361601535586,-0.00033243469807201403,0.17452755935877998,-1.6006973742784536,7.5975934888662636e-05,-1.3267204090965414,2.3088002542738271,0,-1.3267204090965414,2.3088002542738271,0,0.029544708396393254,0.02036107259775911,-4.5654409915470135e-06,0.029526783332966672,0.020344173456630338,7.7585841302772944e-06,-0.2042501889926428,1.5797750875557994,0.00033700013906356107,-0.20405434269174666,1.5803532008218233,-8.3734519018939936e-05,-0.17470548059624955,1.6001361601535586,0.00033243469807201403,-0.17452755935877998,1.6006973742784536,-7.5975934888662636e-05,0,0,0,0,0,0,0,0,0,0,0,0
control,0,354,1770,1775,3540000000,3540000000,0,-1,0.01,1,1,0,0,none,0,0,1,1,-0.088505509779969113,1.3166217456551969e-05,0.56582785987314155,0.999951845420469,-1.0897376647434418e-05,-0.0098135988020179726,2.5657502744557083e-11,4.1911288430155218e-07,2.3756249838557336e-09,6.5528600601937488e-08,-4.0599917855086232e-09,7.3738462740523301e-07,-7.7919282426127637e-10,-1.3291824131394196,2.3071035596305047,1.5240726940093332e-05,-1.3291809194135005,2.3071049677392392,-2.583827726476464e-05,-3.5848578067823211e-07,-4.1313230184161175e-07,-1.4784556437283917e-07,-3.5833602545490301e-07,-4.1171318848896586e-07,-1.5335435484275164e-07,-0.17470561381623981,1.6001360337302613,0.00033243531557297038,-0.1745276924265694,1.6006972475861294,-7.5975372113200269e-05,0.17470561381623981,-1.6001360337302613,-0.00033243531557297038,0.1745276924265694,-1.6006972475861294,7.5975372113200269e-05,-1.3267204090965414,2.3088002542738271,0,-1.3267204090965414,2.3088002542738271,0,0.029544586243209641,0.020360955418320822,-4.5648258038093574e-06,0.029526661307546678,0.020344055984836771,7.7591508971715295e-06,-0.20425020005944944,1.5797750783119404,0.00033700014137677975,-0.20405435373411607,1.5803531916012927,-8.3734523010371795e-05,-0.17470561381623981,1.6001360337302613,0.00033243531557297038,-0.1745276924265694,1.6006972475861294,-7.5975372113200269e-05,0,0,0,0,0,0,0,0,0,0,0,0
control,0,355,1775,1780,3550000000,3550000000,0,-1,0.01,1,1,0,0,none,0,0,1,1,-0.088505505200354079,1.3166241168831052e-05,0.56582786058928169,0.99995184546000548,-1.0897396935599231e-05,-0.009813594773373532,2.193161869983078e-11,4.8228670135389403e-07,2.3642154928610476e-09,7.5423163574667699e-08,-4.0369843187541374e-09,8.4859929030965087e-07,-7.9842938181764816e-10,-1.3291824160890042,2.3071035561645812,1.5239297717693666e-05,-1.3291809223621001,2.307104964287837,-2.5839754027263308e-05,-2.4723516282183002e-07,-3.0035134517409954e-07,-1.4968079202995105e-07,-2.4718178649109481e-07,-2.9886945287550135e-07,-1.5387259142827258e-07,-0.17470575345375333,1.6001358993135812,0.00033243583790156347,-0.17452783190962984,1.6006971129221257,-7.5974906278166839e-05,0.17470575345375333,-1.6001358993135812,-0.00033243583790156347,0.17452783190962984,-1.6006971129221257,7.5974906278166839e-05,-1.3267204090965414,2.3088002542738271,0,-1.3267204090965414,2.3088002542738271,0,0.029544454762297775,0.020360827837968401,-4.5643052757066019e-06,0.029526529959383273,0.020343928136060653,7.7596198377504043e-06,-0.20425020821605111,1.5797750714756129,0.00033700014317727007,-0.2040543618690131,1.580353184786065,-8.3734526115917239e-05,-0.17470575345375333,1.6001358993135812,0.00033243583790156347,-0.17452783190962984,1.6006971129221257,-7.5974906278166839e-05,0,0,0,0,0,0,0,0,0,0,0,0
control,0,356,1780,1785,3560000000,3560000000,0,-1,0.01,1,1,0,0,none,0,0,1,1,-0.088505500047982466,1.3166264591548325e-05,0.56582786139514007,0.99995184550449057,-1.0897416960114218e-05,-0.0098135902405820079,1.8145825137442622e-11,5.3560610609542326e-07,2.3238420434866301e-09,8.377566001062299e-08,-3.9647395274914287e-09,9.4247113784400765e-07,-8.0644988940509963e-10,-1.3291824179499265,2.3071035538060052,1.5237862231909294e-05,-1.3291809242229728,2.3071049619442885,-2.5841224069047004e-05,-1.3993659277238933e-07,-1.9096916736401142e-07,-1.4957666238590896e-07,-1.3997409531539736e-07,-1.8944583031199223e-07,-1.5248262580365628e-07,-0.17470589739967404,1.6001357590470675,0.00033243626463872529,-0.17452797570093839,1.6006969724318765,-7.597453700116443e-05,0.17470589739967404,-1.6001357590470675,-0.00033243626463872529,0.17452797570093839,-1.6006969724318765,7.597453700116443e-05,-1.3267204090965414,2.3088002542738271,0,-1.3267204090965414,2.3088002542738271,0,0.029544316145510362,0.020360692067613699,-4.5638798364534927e-06,0.02952639147831998,0.020343792123208405,7.7599913520042845e-06,-0.20425021354518441,1.5797750669794539,0.00033700014447517879,-0.20405436717925837,1.5803531803086681,-8.373452835316872e-05,-0.17470589739967404,1.6001357590470675,0.00033243626463872529,-0.17452797570093839,1.6006969724318765,-7.597453700116443e-05,0,0,0,0,0,0,0,0,0,0,0,0
control,0,357,1785,1790,3570000000,3570000000,0,-1,0.01,1,1,0,0,none,0,0,1,1,-0.088505494421728365,1.3166287447587628e-05,0.56582786227524362,0.9999518455530696,-1.0897436485061273e-05,-0.0098135852906444474,1.4351491074405937e-11,5.790371323557675e-07,2.2566238297273409e-09,9.058071129565552e-08,-3.8469007435538256e-09,1.0189399684643564e-06,-8.0380696573783039e-10,-1.3291824187676826,2.3071035525141865,1.5236438371077414e-05,-1.3291809250415558,2.3071049606677949,-2.5842669891713713e-05,-3.7653380688797348e-08,-8.6109869900506835e-08,-1.4765568206042918e-07,-3.7775465242312897e-08,-8.4565785906469691e-08,-1.4932073487109051e-07,-0.17470604362518941,1.6001356150122137,0.00033243659655893823,-0.17452812177363383,1.60069682819835,-7.59742627449695e-05,0.17470604362518941,-1.6001356150122137,-0.00033243659655893823,0.17452812177363383,-1.60069682819835,7.59742627449695e-05,-1.3267204090965414,2.3088002542738271,0,-1.3267204090965414,2.3088002542738271,0,0.029544172533765258,0.02036055028049133,-4.5635487272202022e-06,0.029526248003370621,0.020343650121064726,7.7602670042576676e-06,-0.20425021615895467,1.5797750647317224,0.00033700014528615844,-0.20405436977700445,1.5803531780772853,-8.3734529749227173e-05,-0.17470604362518941,1.6001356150122137,0.00033243659655893823,-0.17452812177363383,1.60069682819835,-7.59742627449695e-05,0,0,0,0,0,0,0,0,0,0,0,0
control,0,358,1790,1795,3580000000,3580000000,0,-1,0.01,1,1,0,0,none,0,0,1,1,-0.088505488420059925,1.3166309482367741e-05,0.56582786321418233,0.99995184560489214,-1.0897455293900453e-05,-0.0098135800102067215,1.0597094396167749e-11,6.1266881050979463e-07,2.1648981918158784e-09,9.5852131281824209e-08,-3.6874792939796115e-09,1.0781620734111986e-06,-7.9115641624442493e-10,-1.3291824185976679,2.3071035522380443,1.523504276353163e-05,-1.3291809248731774,2.3071049604070728,-2.5844075386397681e-05,5.8678407889395518e-08,1.3228846316052721e-08,-1.4405487118737108e-07,5.8478709584067539e-08,1.4773828963324786e-08,-1.4453629140304923e-07,-0.17470619019972181,1.6001354692050718,0.00033243683554533038,-0.17452826819895845,1.6006966822187125,-7.5974080909285404e-05,0.17470619019972181,-1.6001354692050718,-0.00033243683554533038,0.17452826819895845,-1.6006966822187125,7.5974080909285404e-05,-1.3267204090965414,2.3088002542738271,0,-1.3267204090965414,2.3088002542738271,0,0.029544025995906362,0.020360404586123645,-4.5633100855001205e-06,0.029526101601567316,0.020343504240307748,7.7604494304894557e-06,-0.20425021619562816,1.5797750646189481,0.00033700014563083048,-0.20405436980052577,1.5803531779784048,-8.3734530339774857e-05,-0.17470619019972181,1.6001354692050718,0.00033243683554533038,-0.17452826819895845,1.6006966822187125,-7.5974080909285404e-05,0,0,0,0,0,0,0,0,0,0,0,0
control,0,359,1795,1800,3590000000,3590000000,0,-1,0.01,1,1,0,0,none,0,0,1,1,-0.088505482139861133,1.3166330465774709e-05,0.56582786419679232,0.99995184565912076,-1.0897473191102201e-05,-0.0098135744845227694,6.927778069223712e-12,6.3670435333774866e-07,2.051179084391245e-09,9.9621611709435815e-08,-3.4907837853344246e-09,1.1204947269319451e-06,-7.6924180278747539e-10,-1.329182417503878,2.3071035529172863,1.5233690652341559e-05,-1.3291809237817609,2.307104961101639,-2.5845425944651878e-05,1.4825446711870402e-07,1.0617904093503329e-07,-1.3892337438406722e-07,1.4798465682615282e-07,1.0770612584805537e-07,-1.3828933771897841e-07,-0.17470633530996105,1.6001353235186093,0.00033243698450723916,-0.17452841316524495,1.6006965363866337,-7.5973987917820018e-05,0.17470633530996105,-1.6001353235186093,-0.00033243698450723916,0.17452841316524495,-1.6006965363866337,7.5973987917820018e-05,-1.3267204090965414,2.3088002542738271,0,-1.3267204090965414,2.3088002542738271,0,0.029543878506338148,0.020360257009927767,-4.5631610269832643e-06,0.029525954245648297,0.020343356507068231,7.7605422502815133e-06,-0.20425021381629921,1.5797750665086816,0.00033700014553422243,-0.20405436741089325,1.5803531798795654,-8.3734530168101527e-05,-0.17470633530996105,1.6001353235186093,0.00033243698450723916,-0.17452841316524495,1.6006965363866337,-7.5973987917820018e-05,0,0,0,0,0,0,0,0,0,0,0,0
control,0,360,1800,1805,3600000000,3600000000,0,-1,0.01,1,1,0,0,none,0,0,1,1,-0.088505475675347584,1.3166350193680383e-05,0.56582786520832651,0.99995184571494311,-1.0897490003426021e-05,-0.0098135687964999441,3.3849747519606141e-12,6.5145151553776779e-07,1.9181158602262076e-09,1.0193723790158407e-07,-3.2613497387774405e-09,1.146479226526168e-06,-7.3888056851631994e-10,-1.3291824155575882,2.3071035544837257,1.5232395795902171e-05,-1.3291809218385042,2.3071049626831241,-2.584670854290531e-05,2.3040359219609147e-07,1.9200510623336419e-07,-1.3241954792840199e-07,2.3007158619057405e-07,1.934967120788258e-07,-1.3074760211905618e-07,-0.17470647727432026,1.6001351797258587,0.00033243704726381118,-0.17452855499240175,1.6006963924755295,-7.5973979341121585e-05,0.17470647727432026,-1.6001351797258587,-0.00033243704726381118,0.17452855499240175,-1.6006963924755295,7.5973979341121585e-05,-1.3267204090965414,2.3088002542738271,0,-1.3267204090965414,2.3088002542738271,0,0.029543731927172981,0.020360109473556747,-4.5630977613742312e-06,0.029525807796174253,0.020343208843366906,7.7605499429775452e-06,-0.20425020920149323,1.5797750702523019,0.00033700014502518539,-0.204054362788576,1.5803531836321627,-8.3734529284099128e-05,-0.17470647727432026,1.6001351797258587,0.00033243704726381118,-0.17452855499240175,1.6006963924755295,-7.5973979341121585e-05,0,0,0,0,0,0,0,0,0,0,0,0
control,0,361,1805,1810,3610000000,3610000000,0,-1,0.01,1,1,0,0,none,0,0,1,1,-0.088505469117081431,1.3166368489050123e-05,0.56582786623460912,0.99995184577157659,-1.0897505580848243e-05,-0.0098135630258327708,6.0998405608529086e-15,6.5731228389739533e-07,1.7684523581846913e-09,1.0286185183882287e-07,-3.0038699167243122e-09,1.1568227461119778e-06,-7.0094896887374956e-10,-1.3291824128360235,2.307103556862605,1.5231170393369118e-05,-1.3291809191205517,2.3071049650766042,-2.5847911801716417e-05,3.0458731057591415e-07,2.7010468929637665e-07,-1.2470863377449373e-07,3.0420130140578563e-07,2.7154461062408408e-07,-1.2208416168866404e-07,-0.17470661455492006,1.6001350394654779,0.00033243702844947979,-0.17452869214384559,1.6006962521240389,-7.5974049994637216e-05,0.17470661455492006,-1.6001350394654779,-0.00033243702844947979,0.17452869214384559,-1.6006962521240389,7.5974049994637216e-05,-1.3267204090965414,2.3088002542738271,0,-1.3267204090965414,2.3088002542738271,0,0.029543587992818393,0.020359963777630365,-4.5631156863220105e-06,0.029525663986171072,0.020343063049758119,7.7604777485993586e-06,-0.20425020254773846,1.5797750756878475,0.00033700014413580182,-0.20405435613001666,1.5803531890742808,-8.3734527743236571e-05,-0.17470661455492006,1.6001350394654779,0.00033243702844947979,-0.17452869214384559,1.6006962521240389,-7.5974049994637216e-05,0,0,0,0,0,0,0,0,0,0,0,0
control,0,362,1810,1815,3620000000,3620000000,0,-1,0.01,1,1,0,0,none,0,0,1,1,-0.088505462551094052,1.3166385202649658e-05,0.56582786726217249,0.99995184582827823,-1.0897519797147701e-05,-0.0098135572482303396,-3.1756872421583417e-12,6.5477205867785742e-07,1.6049874241545247e-09,1.0247134004736736e-07,-2.7231270249556017e-09,1.1523792986056059e-06,-6.5636803604038798e-10,-1.3291824094210447,2.3071035599739247,1.5230025032651087e-05,-1.3291809157096812,2.3071049682019256,-2.5849026022451707e-05,3.7039814147543093e-07,3.400077535103024e-07,-1.1596032894147699e-07,3.6996648601522466e-07,3.4138127447352421e-07,-1.12475016292717e-07,-0.17470674576733838,1.6001349042300277,0.00033243693340744289,-0.17452882323628649,1.6006961168244067,-7.597419404798409e-05,0.17470674576733838,-1.6001349042300277,-0.00033243693340744289,0.17452882323628649,-1.6006961168244067,7.597419404798409e-05,-1.3267204090965414,2.3088002542738271,0,-1.3267204090965414,2.3088002542738271,0,0.029543448296827115,0.020359821587198287,-4.5632094933482519e-06,0.029525524407948457,0.020342920790906324,7.760331557550148e-06,-0.2042501940641655,1.5797750826428294,0.00033700014290079114,-0.20405434764423494,1.5803531960335004,-8.3734525605534243e-05,-0.17470674576733838,1.6001349042300277,0.00033243693340744289,-0.17452882323628649,1.6006961168244067,-7.597419404798409e-05,0,0,0,0,0,0,0,0,0,0,0,0
control,0,363,1815,1820,3630000000,3630000000,0,-1,0.01,1,1,0,0,none,0,0,1,1,-0.088505456058118395,1.3166400213364269e-05,0.56582786827837772,0.9999518458843506,-1.0897532550160875e-05,-0.0098135515347407987,-6.1316523519255971e-12,6.4438848819994031e-07,1.4305366694222304e-09,1.0085290983916233e-07,-2.4239287339371252e-09,1.1341300879372742e-06,-6.0608854817244274e-10,-1.3291824053978563,2.3071035637337491,1.5228968661693424e-05,-1.3291809116910136,2.307104971975015,-2.5850043200803864e-05,4.2755661327950747e-07,4.0137379076049338e-07,-1.0634639111731755e-07,4.2708770866520906e-07,4.0266779213919624e-07,-1.0209671430704419e-07,-0.17470686968830063,1.6001347753572512,0.00033243676807796779,-0.1745289470473764,1.6006959879137261,-7.5974405138587352e-05,0.17470686968830063,-1.6001347753572512,-0.00033243676807796779,0.1745289470473764,-1.6006959879137261,7.5974405138587352e-05,-1.3267204090965414,2.3088002542738271,0,-1.3267204090965414,2.3088002542738271,0,0.029543314280858018,0.020359684420248988,-4.5633732789521617e-06,0.029525390502103031,0.020342783584057066,7.7601177959565119e-06,-0.20425018396915864,1.5797750909370023,0.00033700014135691994,-0.20405433754947944,1.5803532043296691,-8.3734522934543861e-05,-0.17470686968830063,1.6001347753572512,0.00033243676807796779,-0.1745289470473764,1.6006959879137261,-7.5974405138587352e-05,0,0,0,0,0,0,0,0,0,0,0,0
control,0,364,1820,1825,3640000000,3640000000,0,-1,0.01,1,1,0,0,none,0,0,1,1,-0.088505449712934545,1.3166413428147842e-05,0.56582786927151663,0.99995184593914777,-1.089754376172131e-05,-0.0098135459511751819,-8.837592254403953e-12,6.2678012668701041e-07,1.2478963431736058e-09,9.8103309686770261e-08,-2.1110460662095409e-09,1.1031635460403332e-06,-5.5107832592447764e-10,-1.3291824008537554,2.3071035680554788,1.5228008582000643e-05,-1.3291809071517624,2.3071049763091516,-2.5850957018337097e-05,4.7590649697214794e-07,4.5398798331436542e-07,-9.603836198658659e-08,4.7540868036405097e-07,4.551910106445944e-07,-9.112410827060201e-08,-0.17470698526028483,1.6001346540232573,0.0003324365388859236,-0.17452906252035338,1.600695866567176,-7.5974676485436138e-05,0.17470698526028483,-1.6001346540232573,-0.0003324365388859236,0.17452906252035338,-1.600695866567176,7.5974676485436138e-05,-1.3267204090965414,2.3088002542738271,0,-1.3267204090965414,2.3088002542738271,0,0.029543187226822001,0.020359553638204467,-4.5636006565008638e-06,0.029525263549631118,0.020342652789590049,7.7598433109146588e-06,-0.20425017248710683,1.5797751003850529,0.00033700013954242444,-0.2040543260699845,1.580353213777586,-8.37345197963508e-05,-0.17470698526028483,1.6001346540232573,0.0003324365388859236,-0.17452906252035338,1.600695866567176,-7.5974676485436138e-05,0,0,0,0,0,0,0,0,0,0,0,0
control,0,365,1825,1830,3650000000,3650000000,0,-1,0.01,1,1,0,0,none,0,0,1,1,-0.088505443583828627,1.3166424781623266e-05,0.56582787023089709,0.99995184599207931,-1.0897553377302048e-05,-0.0098135405576313256,-1.1273875681209881e-11,6.0261505709366241e-07,1.0598093252476325e-09,9.4327042415914341e-08,-1.7891557063894867e-09,1.060655308772699e-06,-4.9230826878185534e-10,-1.3291823958769335,2.3071035728510751,1.5227150462525951e-05,-1.3291809021800363,2.3071049811161921,-2.5851762814072251e-05,5.1540898482711068e-07,4.9775597156022132e-07,-8.520555106853848e-08,5.148904255075283e-07,4.9885828793065722e-07,-7.9728384581721967e-08,-0.17470709159405787,1.6001345412382462,0.0003324362526352469,-0.17452916876655333,1.6006957537937696,-7.5975000995156909e-05,0.17470709159405787,-1.6001345412382462,-0.0003324362526352469,0.17452916876655333,-1.6006957537937696,7.5975000995156909e-05,-1.3267204090965414,2.3088002542738271,0,-1.3267204090965414,2.3088002542738271,0,0.029543068251228096,0.020359430439065726,-4.5638848612043582e-06,0.029525144666299703,0.020342529604187597,7.7595152634507604e-06,-0.20425015984528597,1.5797751107991804,0.00033700013749645124,-0.20405431343285305,1.5803532241895819,-8.3734516258607676e-05,-0.17470709159405787,1.6001345412382462,0.0003324362526352469,-0.17452916876655333,1.6006957537937696,-7.5975000995156909e-05,0,0,0,0,0,0,0,0,0,0,0,0
control,0,366,1830,1835,3660000000,3660000000,0,-1,0.01,1,1,0,0,none,0,0,1,1,-0.088505437732165876,1.3166434235358258e-05,0.56582787114690947,0.99995184604261667,-1.0897561365381955e-05,-0.009813535408117538,-1.3425424498745473e-11,5.7259961844963465e-07,8.6893377469201717e-10,8.963461854076276e-08,-1.4627867803440929e-09,1.0078483802499834e-06,-4.3073993416223403e-10,-1.3291823905553433,2.3071035780322289,1.522639837249705e-05,-1.3291808968637076,2.3071049863077389,-2.5852457537802173e-05,5.4613592362934879e-07,5.3269733072113913e-07,-7.4013068181455591e-08,5.4560453061378616e-07,5.3369094501725856e-07,-6.8075178484096882e-08,-0.17470718796916199,1.600134437844734,0.00033243591640018101,-0.17452926506590427,1.6006956504346086,-7.5975371369344419e-05,0.17470718796916199,-1.600134437844734,-0.00033243591640018101,0.17452926506590427,-1.6006956504346086,7.5975371369344419e-05,-1.3267204090965414,2.3088002542738271,0,-1.3267204090965414,2.3088002542738271,0,0.02954295830173654,0.020359315853182246,-4.5642188583400421e-06,0.029525034799197516,0.02034241505664099,7.7591410202648555e-06,-0.20425014627089852,1.5797751219915517,0.00033700013525852108,-0.20405429986510179,1.5803532353779677,-8.3734512389609279e-05,-0.17470718796916199,1.600134437844734,0.00033243591640018101,-0.17452926506590427,1.6006956504346086,-7.5975371369344419e-05,0,0,0,0,0,0,0,0,0,0,0,0
control,0,367,1835,1840,3670000000,3670000000,0,-1,0.01,1,1,0,0,none,0,0,1,1,-0.088505432212073715,1.3166441776844406e-05,0.56582787201107698,0.99995184609029153,-1.0897567716559513e-05,-0.0098135305502741795,-1.5281636752075135e-11,5.3746737543644819e-07,6.7781454651390424e-10,8.4140833333017993e-08,-1.1362722176419298e-09,9.4603371456427507e-07,-3.6731432013227001e-10,-1.3291823849756361,2.3071035835114508,1.5225754832150197e-05,-1.3291808912893506,2.3071049917962343,-2.585303968620764e-05,5.6826193054363897e-07,5.5893822944842182e-07,-6.2620057334867312e-08,5.6772526746336667e-07,5.598169028046627e-07,-5.6322871450866813e-08,-0.17470727383206247,1.6001343445177647,0.00033243553742124538,-0.17452935086508195,1.6006955571630899,-7.5975780207982439e-05,0.17470727383206247,-1.6001343445177647,-0.00033243553742124538,0.17452935086508195,-1.6006955571630899,7.5975780207982439e-05,-1.3267204090965414,2.3088002542738271,0,-1.3267204090965414,2.3088002542738271,0,0.029542858156240477,0.020359210741170575,-4.5645954467783158e-06,0.029524934725808527,0.02034231000575908,7.7587280494348357e-06,-0.20425013198830294,1.5797751337765942,0.00033700013286802372,-0.20405428559089048,1.5803532471573307,-8.3734508257417281e-05,-0.17470727383206247,1.6001343445177647,0.00033243553742124538,-0.17452935086508195,1.6006955571630899,-7.5975780207982439e-05,0,0,0,0,0,0,0,0,0,0,0,0
control,0,368,1840,1845,3680000000,3680000000,0,-1,0.01,1,1,0,0,none,0,0,1,1,-0.088505427070234385,1.3166447418208415e-05,0.56582787281608748,0.99995184613470067,-1.0897572442438425e-05,-0.0098135260251905887,-1.6836263170677282e-11,4.979684512073138e-07,4.8885771479668589e-10,7.796306088703441e-08,-8.1370564069915693e-10,8.7653144252400859e-07,-3.0294115658822272e-10,-1.3291823792221877,2.3071035892030958,1.5225220878736065e-05,-1.329180885541267,2.3071049974959799,-2.5853509224522847e-05,5.8205559835617702e-07,5.7670345929748631e-07,-5.1178178999089583e-08,5.8152081643354469e-07,5.7746267918918853e-07,-4.46211672166967e-08,-0.17470734879209199,1.6001342617667114,0.00033243512300907267,-0.17452942577348221,1.6006954744868038,-7.5976220103325681e-05,0.17470734879209199,-1.6001342617667114,-0.00033243512300907267,0.17452942577348221,-1.6006954744868038,7.5976220103325681e-05,-1.3267204090965414,2.3088002542738271,0,-1.3267204090965414,2.3088002542738271,0,0.029542768424358146,0.020359115793586603,-4.565007354670865e-06,0.029524845055482297,0.020342215140147731,7.7582838257176902e-06,-0.20425011721645014,1.5797751459731249,0.00033700013036374351,-0.20405427082896452,1.580353259346656,-8.3734503929043373e-05,-0.17470734879209199,1.6001342617667114,0.00033243512300907267,-0.17452942577348221,1.6006954744868038,-7.5976220103325681e-05,0,0,0,0,0,0,0,0,0,0,0,0
control,0,369,1845,1850,3690000000,3690000000,0,-1,0.01,1,1,0,0,none,0,0,1,1,-0.088505422345780876,1.3166451194686694e-05,0.56582787355581055,0.99995184617550614,-1.0897575574313228e-05,-0.0098135218673135113,-1.808722888848485e-11,4.5485931667799449e-07,3.0430802796497808e-10,7.1219677796406402e-08,-4.9890315881746572e-10,8.0067290076168164e-07,-2.3848904285107835e-10,-1.3291823733762083,2.30710359502429,1.5224796146412548e-05,-1.3291808797005984,2.3071050033240663,-2.5853867495309227e-05,5.878706518411887e-07,5.8630720865490914e-07,-3.9830225651190965e-08,5.8734441758643452e-07,5.8694415879034551e-07,-3.3109813744263075e-08,-0.17470741261652126,1.6001341899399215,0.00033243468045078323,-0.17452948955826075,1.6006954027521554,-7.5976683730416677e-05,0.17470741261652126,-1.6001341899399215,-0.00033243468045078323,0.17452948955826075,-1.6006954027521554,7.5976683730416677e-05,-1.3267204090965414,2.3088002542738271,0,-1.3267204090965414,2.3088002542738271,0,0.029542689550024179,0.020359031533632246,-4.5654473326412045e-06,0.029524766232057183,0.020342130980890834,7.7578157392799818e-06,-0.20425010216654543,1.5797751584062893,0.00033700012778342442,-0.20405425579031794,1.5803532717712645,-8.3734499469696662e-05,-0.17470741261652126,1.6001341899399215,0.00033243468045078323,-0.17452948955826075,1.6006954027521554,-7.5976683730416677e-05,0,0,0,0,0,0,0,0,0,0,0,0
control,0,370,1850,1855,3700000000,3700000000,0,-1,0.01,1,1,0,0,none,0,0,1,1,-0.088505418070292038,1.3166453162895293e-05,0.5658278742252979,0.99995184621243483,-1.0897577161680545e-05,-0.0098135181044424914,-1.9036418414426418e-11,4.088931494677886e-07,1.262299427463016e-10,6.4028546489935574e-08,-1.9537134297142399e-10,7.1978366048451078e-07,-1.7477687534740707e-10,-1.3291823675149486,2.3071036008957728,1.5224478958706392e-05,-1.3291808738445317,2.3071050092012135,-2.5854117115684362e-05,5.8613611981539408e-07,5.8814375314972761e-07,-2.8708857634775629e-08,5.8562456559127443e-07,5.8865725486194117e-07,-2.1917437137048955e-08,-0.17470746522324687,1.6001341292303237,0.00033243421691864266,-0.17452954213706767,1.6006953421500312,-7.5977163935536554e-05,0.17470746522324687,-1.6001341292303237,-0.00033243421691864266,0.17452954213706767,-1.6006953421500312,7.5977163935536554e-05,-1.3267204090965414,2.3088002542738271,0,-1.3267204090965414,2.3088002542738271,0,0.029542621816705819,0.020358958321021241,-4.5659082447301793e-06,0.029524698539034264,0.020342057885480165,7.75733100656216e-06,-0.2042500870399527,1.5797751709093024,0.00033700012516337284,-0.20405424067610195,1.5803532842645509,-8.3734494942098721e-05,-0.17470746522324687,1.6001341292303237,0.00033243421691864266,-0.17452954213706767,1.6006953421500312,-7.5977163935536554e-05,0,0,0,0,0,0,0,0,0,0,0,0
control,0,371,1855,1860,3710000000,3710000000,0,-1,0.01,1,1,0,0,none,0,0,1,1,-0.088505414267879917,1.3166453398928935e-05,0.56582787482076946,0.99995184624527855,-1.0897577270606102e-05,-0.0098135147578067728,-1.9689420802811251e-11,3.608108318412798e-07,-4.3508279291486714e-11,5.6505625355882897e-08,9.3719677349418398e-11,6.3516768271508549e-07,-1.1256680269541704e-10,-1.3291823617110037,2.3071036067426363,1.522426643119068e-05,-1.3291808680456034,2.3071050150525121,-2.5854261865396843e-05,5.7734651282588763e-07,5.8267746913522601e-07,-1.7935665282880677e-08,5.7685519067746999e-07,5.830679107541537e-07,-1.1160715847320262e-08,-0.17470750667257443,1.6001340796830639,0.00033243373939201233,-0.17452958356982365,1.6006952927234281,-7.5977653810461413e-05,0.17470750667257443,-1.6001340796830639,-0.00033243373939201233,0.17452958356982365,-1.6006952927234281,7.5977653810461413e-05,-1.3267204090965414,2.3088002542738271,0,-1.3267204090965414,2.3088002542738271,0,0.02954256535377774,0.020358896358086007,-4.5663831460930598e-06,0.029524642105957916,0.020341996053913645,7.756836595411419e-06,-0.20425007202635218,1.5797751833249778,0.00033700012253810537,-0.20405422567578158,1.5803532966695144,-8.3734490405872834e-05,-0.17470750667257443,1.6001340796830639,0.00033243373939201233,-0.17452958356982365,1.6006952927234281,-7.5977653810461413e-05,0,0,0,0,0,0,0,0,0,0,0,0
control,0,372,1860,1865,3720000000,3720000000,0,-1,0.01,1,1,0,0,none,0,0,1,1,-0.088505410955363351,1.3166451996322465e-05,0.56582787533958712,0.99995184627389211,-1.0897575981975569e-05,-0.0098135118422176832,-2.0055242382352644e-11,3.1133266929412892e-07,-2.0324689137970055e-10,4.8763660371896238e-08,3.6555685603118489e-10,5.4809274178578878e-07,-5.2557384274980012e-11,-1.3291823560317171,2.3071036124949695,1.5224154582498944e-05,-1.3291808623711048,2.3071050208080619,-2.5854306567654617e-05,5.6205150245806158e-07,5.7043292017684328e-07,-7.6203477885228224e-09,5.6158535722889518e-07,5.7070216011012677e-07,-9.4366896739744481e-10,-0.17470753715729609,1.6001340412039633,0.00033243325458267735,-0.17452961404883022,1.6006952543760158,-7.5978146763265762e-05,0.17470753715729609,-1.6001340412039633,-0.00033243325458267735,0.17452961404883022,-1.6006952543760158,7.5978146763265762e-05,-1.3267204090965414,2.3088002542738271,0,-1.3267204090965414,2.3088002542738271,0,0.029542520144854135,0.020358845696910127,-4.5668653573602565e-06,0.029524596916724304,0.020341945535941836,7.7563391537447544e-06,-0.20425005730215023,1.5797751955070531,0.00033700011994003762,-0.20405421096555451,1.5803533088400739,-8.3734485917010522e-05,-0.17470753715729609,1.6001340412039633,0.00033243325458267735,-0.17452961404883022,1.6006952543760158,-7.5978146763265762e-05,0,0,0,0,0,0,0,0,0,0,0,0
control,0,373,1865,1870,3730000000,3730000000,0,-1,0.01,1,1,0,0,none,0,0,1,1,-0.088505408142519379,1.3166449063906968e-05,0.56582787578021465,0.99995184629819078,-1.0897573389656747e-05,-0.0098135093662899027,-2.0145993302341183e-11,2.6115087667917572e-07,-3.5154397265507561e-10,4.0911002985017575e-08,6.1769978483851544e-10,4.5977719779709035e-07,4.6217152095936964e-12,-1.3291823505386873,2.3071036180883988,1.522413845156264e-05,-1.3291808568825882,2.3071050264035162,-2.5854256964969258e-05,5.4084578949551401e-07,5.5198465497457662e-07,2.1398301423293839e-09,5.4040912323024166e-07,5.521359321789322e-07,8.6427561136690488e-09,-0.17470755699209484,1.600134013569444,0.00033243276887224508,-0.17452963388815032,1.6006952268820032,-7.597863657572869e-05,0.17470755699209484,-1.600134013569444,-0.00033243276887224508,0.17452963388815032,-1.6006952268820032,7.597863657572869e-05,-1.3267204090965414,2.3088002542738271,0,-1.3267204090965414,2.3088002542738271,0,0.029542486037065871,0.020358806248156627,-4.5673485269759085e-06,0.029524562818876939,0.02034190623983187,7.7558449516850926e-06,-0.20425004302916072,1.5797752073212874,0.00033700011739922099,-0.20405419670702726,1.5803533206421714,-8.373448152741379e-05,-0.17470755699209484,1.600134013569444,0.00033243276887224508,-0.17452963388815032,1.6006952268820032,-7.597863657572869e-05,0,0,0,0,0,0,0,0,0,0,0,0
control,0,374,1870,1875,3740000000,3740000000,0,-1,0.01,1,1,0,0,none,0,0,1,1,-0.088505405832405251,1.316644472359445e-05,0.56582787614216823,0.99995184631814804,-1.0897569598601961e-05,-0.0098135073327246143,-1.9976554737583904e-11,2.1092287792635511e-07,-4.8718118578738017e-10,3.3050566334818138e-08,8.4809040765104558e-10,3.713782013944468e-07,5.8412550966574847e-11,-1.3291823452873754,2.3071036234645272,1.522421221946786e-05,-1.3291808516354755,2.3071050317805173,-2.5854119591549761e-05,5.1435906107745147e-07,5.2794700413584672e-07,1.1260480068464476e-08,5.1395553123641803e-07,5.2798481562254491e-07,1.7521016470719896e-08,-0.17470756660212275,1.6001339964374415,0.0003324322882532795,-0.17452964351224631,1.6006952098971465,-7.5979117457876852e-05,0.17470756660212275,-1.6001339964374415,-0.0003324322882532795,0.17452964351224631,-1.6006952098971465,7.5979117457876852e-05,-1.3267204090965414,2.3088002542738271,0,-1.3267204090965414,2.3088002542738271,0,0.029542462751416542,0.020358777791091711,-4.5678266898437806e-06,0.029524539533912,0.020341877942493904,7.7553598266413912e-06,-0.20425002935353928,1.5797752186463498,0.00033700011494312328,-0.20405418304615833,1.5803533319546526,-8.3734477284518245e-05,-0.17470756660212275,1.6001339964374415,0.0003324322882532795,-0.17452964351224631,1.6006952098971465,-7.5979117457876852e-05,0,0,0,0,0,0,0,0,0,0,0,0
control,0,375,1875,1880,3750000000,3750000000,0,-1,0.01,1,1,0,0,none,0,0,1,1,-0.088505404021742257,1.3166439108122272e-05,0.56582787642595578,0.99995184633379242,-1.0897564722917423e-05,-0.0098135057386471609,-1.9564229013756492e-11,1.6126545267710737e-07,-6.0916665411046358e-10,2.5278904279233279e-08,1.0550574843380048e-09,2.8398138875056409e-07,1.0833278547199213e-10,-1.3291823403268119,2.3071036285712747,1.5224369334313845e-05,-1.3291808466787634,2.3071050368870365,-2.5853901643794933e-05,4.8324605944102167e-07,4.9896411857523116e-07,1.9670315464082289e-08,4.8287866732550574e-07,4.9889410176142533e-07,2.5627087881331544e-08,-0.17470756651082234,1.6001339893589439,0.0003324318182803873,-0.17452964344378719,1.6006952029702795,-7.5979584092247766e-05,0.17470756651082234,-1.6001339893589439,-0.0003324318182803873,0.17452964344378719,-1.6006952029702795,7.5979584092247766e-05,-1.3267204090965414,2.3088002542738271,0,-1.3267204090965414,2.3088002542738271,0,0.029542449894156809,0.020358759984450418,-4.568294316067357e-06,0.029524526668662045,0.020341860300334205,7.7548891387444126e-06,-0.20425001640497914,1.5797752293744936,0.00033700011259645468,-0.20405417011244922,1.5803533426699452,-8.3734473230992175e-05,-0.17470756651082234,1.6001339893589439,0.0003324318182803873,-0.17452964344378719,1.6006952029702795,-7.5979584092247766e-05,0,0,0,0,0,0,0,0,0,0,0,0
control,0,376,1880,1885,3760000000,3760000000,0,-1,0.01,1,1,0,0,none,0,0,1,1,-0.088505402701352931,1.3166432358787528e-05,0.56582787663300815,0.99995184634520273,-1.0897558883925278e-05,-0.0098135045759916925,-1.8928380328675659e-11,1.1274974426078051e-07,-7.1673471373014952e-10,1.7685438884735201e-08,1.2373159513016516e-09,1.9859209752772028e-07,1.5397704115831949e-10,-1.3291823356993999,2.3071036333631181,1.5224602637194045e-05,-1.3291808420548286,2.307105041677612,-2.5853610850884254e-05,4.481770805801672e-07,4.6570015597174651e-07,2.7311204379011881e-08,4.478481750495387e-07,4.6552895870395208e-07,3.2910389786363329e-08,-0.17470755732747584,1.6001339917902968,0.00033243136402966151,-0.17452963429121607,1.6006952055556589,-7.5980031668738799e-05,0.17470755732747584,-1.6001339917902968,-0.00033243136402966151,0.17452963429121607,-1.6006952055556589,7.5980031668738799e-05,-1.3267204090965414,2.3088002542738271,0,-1.3267204090965414,2.3088002542738271,0,0.029542446968680993,0.020358752378273927,-4.5687463513771635e-06,0.029524523727182971,0.02034185286114289,7.7544377357759584e-06,-0.20425000429615683,1.5797752394120228,0.00033700011038103868,-0.20405415801839905,1.5803533526945159,-8.3734469404514765e-05,-0.17470755732747584,1.6001339917902968,0.00033243136402966151,-0.17452963429121607,1.6006952055556589,-7.5980031668738799e-05,0,0,0,0,0,0,0,0,0,0,0,0
control,0,377,1885,1890,3770000000,3770000000,0,-1,0.01,1,1,0,0,none,0,0,1,1,-0.088505401856642962,1.3166424623201047e-05,0.56582787676560486,0.99995184635250489,-1.0897552208243895e-05,-0.0098135038319251411,-1.8090069203267305e-11,6.589714122994003e-08,-8.0934286768987323e-10,1.0351809449803874e-08,1.3939614389963965e-09,1.1612811130805765e-07,1.9501763234123304e-10,-1.3291823314408127,2.3071036378012351,1.5224904487754326e-05,-1.3291808377993242,2.3071050461134943,-2.5853255346895681e-05,4.0982871952365104e-07,4.2882998370464237e-07,3.4138058334286082e-08,4.0954000985510722e-07,4.2856512951289935e-07,3.9333574260978511e-08,-0.17470753973424885,1.6001340031056817,0.00033243093006648394,-0.1745296167358128,1.6006952170254376,-7.5980455912271776e-05,0.17470753973424885,-1.6001340031056817,-0.00033243093006648394,0.1745296167358128,-1.6006952170254376,7.5980455912271776e-05,-1.3267204090965414,2.3088002542738271,0,-1.3267204090965414,2.3088002542738271,0,0.02954245338817545,0.020358754426128507,-4.5691782492430116e-06,0.029524530123378041,0.020341855076298737,7.7540099253556565e-06,-0.20424999312242431,1.5797752486795531,0.00033700010831572694,-0.20405414685919085,1.5803533619491388,-8.3734465837627433e-05,-0.17470753973424885,1.6001340031056817,0.00033243093006648394,-0.1745296167358128,1.6006952170254376,-7.5980455912271776e-05,0,0,0,0,0,0,0,0,0,0,0,0
control,0,378,1890,1895,3780000000,3780000000,0,-1,0.01,1,1,0,0,none,0,0,1,1,-0.088505401468119249,1.3166416053087761e-05,0.56582787682679281,0.99995184635586754,-1.0897544825908568e-05,-0.0098135034893028911,-1.7071688670571429e-11,2.117602427173284e-08,-8.866660986802962e-10,3.3513562373079586e-09,1.5244603994067364e-09,3.7413930652578208e-08,2.3120385540998728e-10,-1.3291823275799797,2.3071036418535611,1.5225266887616542e-05,-1.3291808339411659,2.3071050501626962,-2.5852843546118518e-05,3.6887520544596457e-07,3.8903027732209019e-07,4.0118540368851729e-08,3.6862778463533124e-07,3.8868002090637669e-07,4.4872125326303525e-08,-0.17470751447327687,1.6001340226098639,0.00033243052042305083,-0.17452959151880099,1.6006952366825009,-7.5980853100090462e-05,0.17470751447327687,-1.6001340226098639,-0.00033243052042305083,0.17452959151880099,-1.6006952366825009,7.5980853100090462e-05,-1.3267204090965414,2.3088002542738271,0,-1.3267204090965414,2.3088002542738271,0,0.029542468488450727,0.020358765497775717,-4.5695859933034053e-06,0.029524545193817024,0.020341866313539295,7.7536094575692405e-06,-0.20424998296172758,1.5797752571120882,0.00033700010641635425,-0.20405413671261802,1.5803533703689616,-8.3734462557659705e-05,-0.17470751447327687,1.6001340226098639,0.00033243052042305083,-0.17452959151880099,1.6006952366825009,-7.5980853100090462e-05,0,0,0,0,0,0,0,0,0,0,0,0
control,0,379,1895,1900,3790000000,3790000000,0,-1,0.01,1,1,0,0,none,0,0,1,1,-0.088505401511934992,1.3166406802157797e-05,0.56582787682029989,0.99995184635549617,-1.0897536868554051e-05,-0.0098135035271486003,-1.5896602734309214e-11,-2.1000637129173723e-08,-9.4858891686658553e-10,-3.2512473901323444e-09,1.62863625194693e-09,-3.6823455228335592e-08,2.6236114934814819e-10,-1.3291823241391556,2.3071036454947556,1.522568160046238e-05,-1.3291808305026005,2.307105053799964,-2.5852384022765894e-05,3.2598039691966361e-07,3.4697105309100215e-07,4.5232682010927357e-08,3.2577475858130901e-07,3.4654425115239858e-07,4.9513869111144008e-08,-0.17470748233397018,1.6001340495511893,0.00033243013858149566,-0.17452955942864731,1.6006952637733836,-7.5981220073345645e-05,0.17470748233397018,-1.6001340495511893,-0.00033243013858149566,0.17452955942864731,-1.6006952637733836,7.5981220073345645e-05,-1.3267204090965414,2.3088002542738271,0,-1.3267204090965414,2.3088002542738271,0,0.029542491540774676,0.020358784892278579,-4.5699661142392605e-06,0.029524568210570916,0.020341885869980085,7.7532395133742101e-06,-0.20424997387474486,1.5797752646589107,0.00033700010469573494,-0.20405412763921824,1.5803533779034036,-8.3734459586719858e-05,-0.17470748233397018,1.6001340495511893,0.00033243013858149566,-0.17452955942864731,1.6006952637733836,-7.5981220073345645e-05,0,0,0,0,0,0,0,0,0,0,0,0
control,0,380,1900,1905,3800000000,3800000000,0,-1,0.01,1,1,0,0,none,0,0,1,1,-0.0885054019604542,1.3166397024071919e-05,0.5658278767504481,0.99995184635162937,-1.0897528467678559e-05,-0.009813503921150735,-1.4588794966036016e-11,-6.0276858153609404e-08,-9.9519495790604307e-10,-9.4002417732028231e-09,1.706651446999572e-09,-1.0595734403394108e-07,2.883885139067257e-10,-1.3291823211340665,2.3071036487060907,1.5226140267646939e-05,-1.3291808274993522,2.3071050570066611,-2.5851885396111649e-05,2.8179026200883814e-07,3.0330793606245567e-07,4.9472364087633875e-08,2.8162633836371681e-07,3.0281389934807485e-07,5.3258370573676686e-08,-0.17470744414032172,1.6001340831342381,0.00033242978746519654,-0.1745295212883981,1.6006952975010165,-7.5981554241448773e-05,0.17470744414032172,-1.6001340831342381,-0.00033242978746519654,0.1745295212883981,-1.6006952975010165,7.5981554241448773e-05,-1.3267204090965414,2.3088002542738271,0,-1.3267204090965414,2.3088002542738271,0,0.029542521764908243,0.020358811850931746,-4.5703156984984629e-06,0.029524598394221443,0.020341912985142228,7.7529027003048099e-06,-0.20424996590522995,1.5797752712833064,0.00033700010316369499,-0.20405411968261955,1.5803533845158741,-8.3734456941753581e-05,-0.17470744414032172,1.6001340831342381,0.00033242978746519654,-0.1745295212883981,1.6006952975010165,-7.5981554241448773e-05,0,0,0,0,0,0,0,0,0,0,0,0
control,0,381,1905,1910,3810000000,3810000000,0,-1,0.01,1,1,0,0,none,0,0,1,1,-0.088505402782827022,1.3166386870521183e-05,0.5658278766220628,0.99995184634453371,-1.0897519753006167e-05,-0.0098135046441687641,-1.3172530725913582e-11,-9.635441670096871e-08,-1.026754906512635e-09,-1.5048909007506262e-08,1.7589866850455013e-09,-1.6946268943372335e-07,3.0925559496885799e-10,-1.3291823185741272,2.3071036514752663,1.5226634517989599e-05,-1.329180824940839,2.3071050597705813,-2.5851356222333979e-05,2.3692608031066078e-07,2.5867508295546575e-07,5.2840649946877525e-08,2.368032803266777e-07,2.5812343859993069e-07,5.6116173072982777e-08,-0.17470740073862645,1.6001341225322423,0.00033242946943924548,-0.17452947794341506,1.6006953370371355,-7.5981853576613447e-05,0.17470740073862645,-1.6001341225322423,-0.00033242946943924548,0.17452947794341506,-1.6006953370371355,7.5981853576613447e-05,-1.3267204090965414,2.3088002542738271,0,-1.3267204090965414,2.3088002542738271,0,0.029542558341908332,0.020358845570104742,-4.5706323878942235e-06,0.029524634926650348,0.020341946853790906,7.7526010580465448e-06,-0.20424995908053478,1.5797752769621376,0.00033700010182713972,-0.20405411287006542,1.5803533901833446,-8.3734454634659992e-05,-0.17470740073862645,1.6001341225322423,0.00033242946943924548,-0.17452947794341506,1.6006953370371355,-7.5981853576613447e-05,0,0,0,0,0,0,0,0,0,0,0,0
control,0,382,1910,1915,3820000000,3820000000,0,-1,0.01,1,1,0,0,none,0,0,1,1,-0.088505403945568023,1.3166376489438135e-05,0.56582787644038168,0.99995184633449818,-1.0897510850962798e-05,-0.0098135056667422206,-1.1672032679853075e-11,-1.2899287886562546e-07,-1.0437127157332382e-09,-2.0159570086405816e-08,1.7864173015025412e-09,-2.2691615118768917e-07,3.2499880023619263e-10,-1.3291823164627214,2.3071036537961565,1.5227156070775242e-05,-1.3291808228304536,2.3071050620856961,-2.5850804893989548e-05,1.9197846111258987e-07,2.1367871309811162e-07,5.5351054782898552e-08,1.9189570623912273e-07,2.1307927418740777e-07,5.8107992150668292e-08,-0.17470735298583781,1.6001341668992495,0.00033242918631618072,-0.1745294302497232,1.6006953815344407,-7.5982116603873115e-05,0.17470735298583781,-1.6001341668992495,-0.00033242918631618072,0.1745294302497232,-1.6006953815344407,7.5982116603873115e-05,-1.3267204090965414,2.3088002542738271,0,-1.3267204090965414,2.3088002542738271,0,0.029542600426468526,0.020358885213977766,-4.5709143739717171e-06,0.029524676963386415,0.020341986638660325,7.7523360685893302e-06,-0.20424995341230634,1.5797752816852717,0.00033700010069015246,-0.20405410721310963,1.5803533948957804,-8.3734452672462443e-05,-0.17470735298583781,1.6001341668992495,0.00033242918631618072,-0.1745294302497232,1.6006953815344407,-7.5982116603873115e-05,0,0,0,0,0,0,0,0,0,0,0,0
control,0,383,1915,1920,3830000000,3830000000,0,-1,0.01,1,1,0,0,none,0,0,1,1,-0.08850540541313108,1.3166366023354901e-05,0.56582787621096653,0.99995184632183054,-1.0897501883278044e-05,-0.0098135069575961791,-1.0111178466603759e-11,-1.5800891277615134e-07,-1.0466702642914186e-09,-2.4703492179741408e-08,1.7899867969224751e-09,-2.7799488652356065e-07,3.3571758537173285e-10,-1.3291823147975395,2.3071036556684983,1.5227696831260869e-05,-1.3291808211658984,2.3071050639518411,-2.5850239547739563e-05,1.4750194428728793e-07,1.6889155929864544e-07,5.7026730531167669e-08,1.4745771748228878e-07,1.6825419346854557e-07,5.9263823872546467e-08,-0.17470730173826776,1.6001342153814984,0.00033242893936821631,-0.17452937906274757,1.6006954301379908,-7.5982342384399659e-05,0.17470730173826776,-1.6001342153814984,-0.00033242893936821631,0.17452937906274757,-1.6006954301379908,7.5982342384399659e-05,-1.3267204090965414,2.3088002542738271,0,-1.3267204090965414,2.3088002542738271,0,0.029542647159059854,0.020358929926606421,-4.5711603859048185e-06,0.029524723645707626,0.020342031482541208,7.7521086731282419e-06,-0.20424994889732762,1.5797752854548919,0.00033700009975412115,-0.2040541027084552,1.5803533986554497,-8.3734451057527898e-05,-0.17470730173826776,1.6001342153814984,0.00033242893936821631,-0.17452937906274757,1.6006954301379908,-7.5982342384399659e-05,0,0,0,0,0,0,0,0,0,0,0,0
control,0,384,1920,1925,3840000000,3840000000,0,-1,0.01,1,1,0,0,none,0,0,1,1,-0.088505407148472201,1.316635560792083e-05,0.56582787593961337,0.99995184630684908,-1.0897492965724396e-05,-0.0098135084841372046,-8.5132171211320533e-12,-1.8327495652433457e-07,-1.0363711161912757e-09,-2.8660638917850915e-08,1.7709791684647137e-09,-3.2247421227200492e-07,3.4156879001161587e-10,-1.3291823135709608,2.3071036570975259,1.5228248977965488e-05,-1.3291808199395714,2.3071050653743481,-2.5849667980883788e-05,1.0401075813438915e-07,1.248476700082631e-07,5.7899582863858702e-08,1.040031464413494e-07,1.2418217660527468e-07,5.9622013581621232e-08,-0.17470724784159178,1.6001342671288081,0.00033242872934535783,-0.17452932522729145,1.6006954819966035,-7.5982530494245163e-05,0.17470724784159178,-1.6001342671288081,-0.00033242872934535783,0.17452932522729145,-1.6006954819966035,7.5982530494245163e-05,-1.3267204090965414,2.3088002542738271,0,-1.3267204090965414,2.3088002542738271,0,0.029542697676895689,0.020358978844109601,-4.5713696725328389e-06,0.029524774111639708,0.020342080520482492,7.7519192935860543e-06,-0.20424994551848746,1.5797752882846985,0.00033700009901789068,-0.20405409933893115,1.5803534014761209,-8.3734449787831216e-05,-0.17470724784159178,1.6001342671288081,0.00033242872934535783,-0.17452932522729145,1.6006954819966035,-7.5982530494245163e-05,0,0,0,0,0,0,0,0,0,0,0,0
control,0,385,1925,1930,3850000000,3850000000,0,-1,0.01,1,1,0,0,none,0,0,1,1,-0.088505409113597111,1.3166345370588606e-05,0.56582787563226733,0.99995184628988276,-1.0897484207000249e-05,-0.0098135102129343812,-6.9005157966763671e-12,-2.0471726487310978e-07,-1.0136832263313513e-09,-3.2019467228837905e-08,1.730889297781168e-09,-3.6022416419089226e-07,3.4276116094089712e-10,-1.3291823127704847,2.3071036580935642,1.5228805041014165e-05,-1.3291808191389916,2.3071050663636394,-2.5849097577469612e-05,6.1974337597643724e-08,8.203907305525148e-08,5.8009311518855964e-08,6.2001089710603156e-08,8.1355065338080522e-08,5.9228227570560582e-08,-0.17470719212005148,1.6001343213035621,0.00033242855650005644,-0.17452926956680045,1.6006955362718325,-7.5982680995391309e-05,0.17470719212005148,-1.6001343213035621,-0.00033242855650005644,0.17452926956680045,-1.6006955362718325,7.5982680995391309e-05,-1.3267204090965414,2.3088002542738271,0,-1.3267204090965414,2.3088002542738271,0,0.029542751125812935,0.020359031104544675,-4.5715419778801921e-06,0.029524827507766908,0.020342132889653607,7.7517678618623552e-06,-0.20424994324586443,1.5797752901990174,0.00033700009847793664,-0.20405409707456737,1.5803534033821789,-8.3734448857253661e-05,-0.17470719212005148,1.6001343213035621,0.00033242855650005644,-0.17452926956680045,1.6006955362718325,-7.5982680995391309e-05,0,0,0,0,0,0,0,0,0,0,0,0
control,0,386,1930,1935,3860000000,3860000000,0,-1,0.01,1,1,0,0,none,0,0,1,1,-0.088505411270084558,1.3166335429476526e-05,0.56582787529494094,0.99995184627126321,-1.0897475707764647e-05,-0.0098135121101803908,-5.2943256507068263e-12,-2.2231345977970072e-07,-9.7958120910716488e-10,-3.4776420729245487e-08,1.6713924548905711e-09,-3.9120519349978443e-07,3.3955095816012498e-10,-1.3291823123791848,2.3071036586715832,1.5229357971006074e-05,-1.3291808187472574,2.3071050669347786,-2.5848535244354139e-05,2.1815551186479016e-08,4.0911263213319573e-08,5.7402395071922776e-08,2.1874119513537451e-08,4.0218063528087059e-08,5.8134399357393681e-08,-0.17470713536949636,1.6001343770918721,0.0003324284206175008,-0.17452921287635451,1.600695592149143,-7.5982794402577227e-05,0.17470713536949636,-1.6001343770918721,-0.0003324284206175008,0.17452921287635451,-1.600695592149143,7.5982794402577227e-05,-1.3267204090965414,2.3088002542738271,0,-1.3267204090965414,2.3088002542738271,0,0.029542806668393973,0.020359085860031847,-4.571677511055418e-06,0.029524882997411798,0.020342187741486689,7.7516538533383728e-06,-0.20424994203789035,1.5797752912318404,0.00033700009812855623,-0.2040540958737663,1.5803534044076564,-8.3734448255915603e-05,-0.17470713536949636,1.6001343770918721,0.0003324284206175008,-0.17452921287635451,1.600695592149143,-7.5982794402577227e-05,0,0,0,0,0,0,0,0,0,0,0,0
control,0,387,1935,1940,3870000000,3870000000,0,-1,0.01,1,1,0,0,none,0,0,1,1,-0.088505413579582901,1.3166325892411172e-05,0.56582787493363595,0.99995184625132161,-1.0897467559826348e-05,-0.0098135141421283115,-3.7145771754722144e-12,-2.3608956930025594e-07,-9.3512809708561303e-10,-3.6935523049412783e-08,1.5943132618627389e-09,-4.1546295014038835e-07,3.3223506664461499e-10,-1.3291823123761943,2.3071036588507217,1.5229901199506895e-05,-1.3291808187435286,2.3071050671069959,-2.5847987355959916e-05,-1.6092482420715641e-08,1.8614804423871154e-09,5.6131317748432489e-08,-1.6004890251346464e-08,1.1680248276416602e-09,5.639793436211649e-08,-0.1747070783480332,1.6001344337108447,0.0003324283210363356,-0.17452915591335516,1.6006956488451543,-7.5982871660461887e-05,0.1747070783480332,-1.6001344337108447,-0.0003324283210363356,0.17452915591335516,-1.6006956488451543,7.5982871660461887e-05,-1.3267204090965414,2.3088002542738271,0,-1.3267204090965414,2.3088002542738271,0,0.029542863494558425,0.020359142285044221,-4.5717769257394895e-06,0.029524939771180904,0.020342244249936522,7.7515763100698695e-06,-0.20424994184259163,1.5797752914258005,0.00033700009796207509,-0.20405409568453606,1.5803534045952177,-8.3734447970531758e-05,-0.1747070783480332,1.6001344337108447,0.0003324283210363356,-0.17452915591335516,1.6006956488451543,-7.5982871660461887e-05,0,0,0,0,0,0,0,0,0,0,0,0
control,0,388,1940,1945,3880000000,3880000000,0,-1,0.01,1,1,0,0,none,0,0,1,1,-0.088505416004274362,1.3166316856152353e-05,0.56582787455427164,0.99995184623038469,-1.0897459845488064e-05,-0.0098135162755002715,-2.1797091490753952e-12,-2.4611667753474699e-07,-8.8145715104918782e-10,-3.8507863457590216e-08,1.5015947452406991e-09,-4.3312239436314384e-07,3.2114395419746588e-10,-1.3291823127372087,2.3071036586537934,1.52304286890162e-05,-1.3291808191035293,2.3071050669031909,-2.5847459709925642e-05,-5.1427601311669364e-08,-3.4763255860725324e-08,5.4253251413738484e-08,-5.1313959382006687e-08,-3.5448515335719678e-08,5.4080342576158536e-08,-0.17470702176946765,1.6001344904163983,0.00033242825669978904,-0.17452909939098957,1.6006957056154989,-7.5982914088939434e-05,0.17470702176946765,-1.6001344904163983,-0.00033242825669978904,0.17452909939098957,-1.6006957056154989,7.5982914088939434e-05,-1.3267204090965414,2.3088002542738271,0,-1.3267204090965414,2.3088002542738271,0,0.029542920829408716,0.020359199585287691,-4.5718412692755471e-06,0.029524997054792952,0.020342301620406442,7.7515338958488846e-06,-0.20424994259887636,1.5797752908311107,0.00033700009796906456,-0.20405409644578251,1.5803534039950924,-8.3734447984788312e-05,-0.17470702176946765,1.6001344904163983,0.00033242825669978904,-0.17452909939098957,1.6006957056154989,-7.5982914088939434e-05,0,0,0,0,0,0,0,0,0,0,0,0
control,0,389,1945,1950,3890000000,3890000000,0,-1,0.01,1,1,0,0,none,0,0,1,1,-0.088505418507303923,1.3166308405799368e-05,0.56582787416261648,0.99995184620877076,-1.0897452637046773e-05,-0.0098135184778647688,-7.0651985198757972e-13,-2.5250723393166249e-07,-8.1975381877101376e-10,-3.9511005026521621e-08,1.3952672345571731e-09,-4.4438129604277601e-07,3.0663774743926332e-10,-1.3291823134349978,2.3071036581067781,1.523093497297576e-05,-1.3291808198000605,2.3071050663494255,-2.5846957492880504e-05,-8.3919199894553725e-08,-6.8667377762152894e-08,5.1829220404361496e-08,-8.3782632555475861e-08,-6.9336537121260544e-08,5.1246409775607234e-08,-0.17470696629757559,1.6001345465101293,0.00033242822618565382,-0.17452904397244529,1.6006957617616144,-7.598292335235583e-05,0.17470696629757559,-1.6001345465101293,-0.00033242822618565382,0.17452904397244529,-1.6006957617616144,7.598292335235583e-05,-1.3267204090965414,2.3088002542738271,0,-1.3267204090965414,2.3088002542738271,0,0.029542977940276507,0.02035925700565441,-4.5718719529129458e-06,0.029525054116178038,0.020342359097624853,7.7515249273753717e-06,-0.20424994423785212,1.579775289504475,0.00033700009813856678,-0.20405409808862332,1.5803534026639896,-8.3734448279731201e-05,-0.17470696629757559,1.6001345465101293,0.00033242822618565382,-0.17452904397244529,1.6006957617616144,-7.598292335235583e-05,0,0,0,0,0,0,0,0,0,0,0,0
control,0,390,1950,1955,3900000000,3900000000,0,-1,0.01,1,1,0,0,none,0,0,1,1,-0.088505421053169206,1.3166300614377074e-05,0.56582787376422783,0.99995184618678634,-1.0897445996447274e-05,-0.0098135207179799819,6.8994926248826981e-13,-2.5541108449549834e-07,-7.5123781170694856e-10,-3.9968367383715367e-08,1.2774180508037986e-09,-4.4950325683737185e-07,2.890980189264931e-10,-1.3291823144399231,2.3071036572383057,1.5231415187037754e-05,-1.329180820803515,2.3071050654744045,-2.5846485255121302e-05,-1.1334841520464321e-07,-9.960707663964377e-08,4.8923118418216547e-08,-1.1319213137162842e-07,-1.0025285882045432e-07,4.7963183304826226e-08,-0.17470691254095516,1.6001346013448596,0.00033242822774629243,-0.17452899026583948,1.600695816636357,-7.5982901416792655e-05,0.17470691254095516,-1.6001346013448596,-0.00033242822774629243,0.17452899026583948,-1.600695816636357,7.5982901416792655e-05,-1.3267204090965414,2.3088002542738271,0,-1.3267204090965414,2.3088002542738271,0,0.029543034143202522,0.020359313836871586,-4.5718707120322371e-06,0.029525110271879429,0.020342415972358738,7.7515474173711501e-06,-0.20424994668415769,1.579775287507988,0.00033700009845832467,-0.20405410053771891,1.5803534006639983,-8.37344488341638e-05,-0.17470691254095516,1.6001346013448596,0.00033242822774629243,-0.17452899026583948,1.600695816636357,-7.5982901416792655e-05,0,0,0,0,0,0,0,0,0,0,0,0
control,0,391,1955,1960,3910000000,3910000000,0,-1,0.01,1,1,0,0,none,0,0,1,1,-0.088505423608069789,1.3166293542595703e-05,0.56582787336439644,0.99995184616472332,-1.089743997508407e-05,-0.0098135229661010532,1.9965007301200697e-12,-2.5501129686040251e-07,-6.7714611207303603e-10,-3.990857202658847e-08,1.1501624019393963e-09,-4.4881036128447643e-07,2.6892287112926398e-10,-1.3291823157204494,2.3071036560791405,1.5231865090727796e-05,-1.32918082208239,2.3071050643089612,-2.5846046894928305e-05,-1.3954751705233236e-07,-1.2739006650459918e-07,4.5600709057696843e-08,-1.3937477459443734e-07,-1.2800586940793908e-07,4.4298990418115059e-08,-0.17470686104911554,1.6001346543293784,0.00033242825935234148,-0.17452893882025311,1.6006958696486853,-7.5982850506088617e-05,0.17470686104911554,-1.6001346543293784,-0.00033242825935234148,0.17452893882025311,-1.6006958696486853,7.5982850506088617e-05,-1.3267204090965414,2.3088002542738271,0,-1.3267204090965414,2.3088002542738271,0,0.029543088808171514,0.020359369421338883,-4.5718395626712229e-06,0.029525164892344333,0.02034247158719419,7.7515991189575843e-06,-0.20424994985728706,1.5797752849080395,0.00033700009891501269,-0.20405410371259744,1.580353398061491,-8.3734449625046201e-05,-0.17470686104911554,1.6001346543293784,0.00033242825935234148,-0.17452893882025311,1.6006958696486853,-7.5982850506088617e-05,0,0,0,0,0,0,0,0,0,0,0,0
control,0,392,1960,1965,3920000000,3920000000,0,-1,0.01,1,1,0,0,none,0,0,1,1,-0.088505426140213478,1.3166287238778118e-05,0.56582787296809967,0.99995184614285637,-1.0897434613746407e-05,-0.009813525194249783,3.2018410166701052e-12,-2.5151984094488205e-07,-5.9871644098345989e-10,-3.9364761646023891e-08,1.0156152828281269e-09,-4.4267557352526151e-07,2.4652022936239226e-10,-1.3291823172436501,2.3071036546616694,1.5232281080173691e-05,-1.3291808236037912,2.3071050628855443,-2.5845645651772407e-05,-1.6239874728992453e-07,-1.5187472219445894e-07,4.1928733302840248e-08,-1.6221280314558307e-07,-1.5245466535680014e-07,4.032253592917593e-08,-0.1747068123094751,1.600134704932207,0.00033242831873375034,-0.1745288901227591,1.600695920267434,-7.598277305915775e-05,0.1747068123094751,-1.600134704932207,-0.00033242831873375034,0.1745288901227591,-1.600695920267434,7.598277305915775e-05,-1.3267204090965414,2.3088002542738271,0,-1.3267204090965414,2.3088002542738271,0,0.02954314136342499,0.02035942315797477,-4.5717807607172485e-06,0.029525217406201888,0.020342525341391391,7.7516775687352625e-06,-0.20424995367290008,1.5797752817742323,0.00033700009949446757,-0.204054107528961,1.5803533949260427,-8.3734450627893014e-05,-0.1747068123094751,1.600134704932207,0.00033242831873375034,-0.1745288901227591,1.600695920267434,-7.598277305915775e-05,0,0,0,0,0,0,0,0,0,0,0,0
control,0,393,1965,1970,3930000000,3930000000,0,-1,0.01,1,1,0,0,none,0,0,1,1,-0.088505428620079069,1.3166281738946437e-05,0.56582787257995937,0.99995184612144017,-1.0897429942699392e-05,-0.009813527376445837,4.2966133433662059e-12,-2.4517318424075527e-07,-5.1717173358711529e-10,-3.8373925687757993e-08,8.7586497143659324e-10,-4.3151498679882175e-07,2.2230280435872971e-10,-1.3291823189756962,2.3071036530194071,1.5232660192207332e-05,-1.3291808253339228,2.3071050612377229,-2.5845284108040083e-05,-1.8183272235395223e-07,-1.7296852556650531e-07,3.7974005339152354e-08,-1.8163679648190338e-07,-1.7350748070078616e-07,3.6102029542313209e-08,-0.17470676674514915,1.6001347526841583,0.00033242840342398379,-0.17452884459618467,1.6006959680238539,-7.5982671686227721e-05,0.17470676674514915,-1.6001347526841583,-0.00033242840342398379,0.17452884459618467,-1.6006959680238539,7.5982671686227721e-05,-1.3267204090965414,2.3088002542738271,0,-1.3267204090965414,2.3088002542738271,0,0.029543191298940331,0.020359474505827743,-4.5716967579291568e-06,0.029525267303771013,0.020342576694471624,7.7517801309349081e-06,-0.20424995804408949,1.5797752781783305,0.00033700010018191296,-0.20405411189995568,1.5803533913293824,-8.3734451817162631e-05,-0.17470676674514915,1.6001347526841583,0.00033242840342398379,-0.17452884459618467,1.6006959680238539,-7.5982671686227721e-05,0,0,0,0,0,0,0,0,0,0,0,0
control,0,394,1970,1975,3940000000,3940000000,0,-1,0.01,1,1,0,0,none,0,0,1,1,-0.088505431020634809,1.3166277067057801e-05,0.56582787220420838,0.99995184610070853,-1.0897425981891738e-05,-0.0098135294888990459,5.2734011798506392e-12,-2.3622786867450625e-07,-4.3370562049627562e-10,-3.6976196434651168e-08,7.3294842877312569e-10,-4.1578003799485434e-07,1.966819217676483e-10,-1.3291823208823275,2.3071036511865142,1.523300010031575e-05,-1.3291808272385557,2.3071050593997047,-2.5844964198813028e-05,-1.9782611474561897e-07,-1.906262470432536e-07,3.3802601526664146e-08,-1.976233425252451e-07,-1.9111986495077028e-07,3.1704367758014825e-08,-0.17470672471400236,1.6001347971803728,0.00033242851080200801,-0.17452880259820808,1.6006960125136456,-7.5982549125379599e-05,0.17470672471400236,-1.6001347971803728,-0.00033242851080200801,0.17452880259820808,-1.6006960125136456,7.5982549125379599e-05,-1.3267204090965414,2.3088002542738271,0,-1.3267204090965414,2.3088002542738271,0,0.029543238168604487,0.020359522987125338,-4.5715901601710577e-06,0.029525314139184831,0.020342625169266184,7.7519040412560072e-06,-0.20424996288260686,1.5797752741932474,0.00033700010096217905,-0.2040541167373929,1.5803533873443794,-8.3734453166635613e-05,-0.17470672471400236,1.6001347971803728,0.00033242851080200801,-0.17452880259820808,1.6006960125136456,-7.5982549125379599e-05,0,0,0,0,0,0,0,0,0,0,0,0
control,0,395,1975,1980,3950000000,3950000000,0,-1,0.01,1,1,0,0,none,0,0,1,1,-0.088505433317512872,1.3166273235377536e-05,0.5658278718446621,0.99995184608087262,-1.0897422741281064e-05,-0.0098135315101628932,6.126709321982897e-12,-2.2495611749587079e-07,-3.4946926184148369e-10,-3.5214149787077406e-08,5.8882887805514483e-10,-3.9594977850373074e-07,1.7006244607710575e-10,-1.3291823229292969,2.30710364919734,1.5233299103241205e-05,-1.3291808292834737,2.3071050574058773,-2.5844687228680489e-05,-2.1039904960343762e-07,-2.0484756087180887e-07,2.9479123819618711e-08,-2.1019245543612137e-07,-2.0529227810364511e-07,2.7194451419757891e-08,-0.17470668650838281,1.6001348380812686,0.00033242863813274913,-0.17452876442103935,1.6006960533978958,-7.5982408203744995e-05,0.17470668650838281,-1.6001348380812686,-0.00033242863813274913,0.17452876442103935,-1.6006960533978958,7.5982408203744995e-05,-1.3267204090965414,2.3088002542738271,0,-1.3267204090965414,2.3088002542738271,0,0.029543281591640567,0.020359568189185988,-4.5714636871633421e-06,0.029525357531870348,0.020342670353813819,7.7520464460331594e-06,-0.20424996810002338,1.5797752698920826,0.00033700010181991248,-0.2040541219529097,1.5803533830440819,-8.3734454649778147e-05,-0.17470668650838281,1.6001348380812686,0.00033242863813274913,-0.17452876442103935,1.6006960533978958,-7.5982408203744995e-05,0,0,0,0,0,0,0,0,0,0,0,0
control,0,396,1980,1985,3960000000,3960000000,0,-1,0.01,1,1,0,0,none,0,0,1,1,-0.088505435489139556,1.316627024497813e-05,0.56582787150469982,0.99995184606211718,-1.0897420221266607e-05,-0.0098135334212496855,6.8529245672891565e-12,-2.1164151980259306e-07,-2.6555916244368493e-10,-3.3132167778950628e-08,4.4537491603098267e-10,-3.7252327612457761e-07,1.4283942729624254e-10,-1.3291823250827886,2.3071036470859898,1.52335561066818e-05,-1.329180831434891,2.3071050552903776,-2.5844453895198406e-05,-2.1961238736263251e-07,-2.1567396423007533e-07,2.5065971560048723e-08,-2.1940485446653039e-07,-2.160670028835293e-07,2.2634469523304333e-08,-0.17470665235527572,1.6001348751122098,0.00033242878260919274,-0.17452873029158714,1.6006960904027112,-7.5982251795002307e-05,0.17470665235527572,-1.6001348751122098,-0.00033242878260919274,0.17452873029158714,-1.6006960904027112,7.5982251795002307e-05,-1.3267204090965414,2.3088002542738271,0,-1.3267204090965414,2.3088002542738271,0,0.029543321253546494,0.020359609764993493,-4.5713201305825424e-06,0.029525397167476094,0.020342711901898295,7.7522044450833565e-06,-0.20424997360882222,1.5797752653472164,0.0003370001027397753,-0.20405412745906323,1.5803533785008128,-8.3734456240085664e-05,-0.17470665235527572,1.6001348751122098,0.00033242878260919274,-0.17452873029158714,1.6006960904027112,-7.5982251795002307e-05,0,0,0,0,0,0,0,0,0,0,0,0
control,0,397,1985,1990,3970000000,3970000000,0,-1,0.01,1,1,0,0,none,0,0,1,1,-0.088505437516824645,1.3166268086350595e-05,0.5658278711872482,0.99995184604460452,-1.0897418413216803e-05,-0.0098135352057085162,7.4502489515755988e-12,-1.9657485679278499e-07,-1.8300653120600028e-10,-3.0775763474953394e-08,3.0434279101622812e-10,-3.4601226955549012e-07,1.1539148879376714e-10,-1.3291823273098062,2.3071036448859248,1.5233770598191872e-05,-1.3291808336598385,2.307105053086691,-2.5844264318928685e-05,-2.2556412777752397e-07,-2.2318591534025042e-07,2.0622690466662273e-08,-2.2535835951872872e-07,-2.235252801317731e-07,1.8083275334455134e-08,-0.17470662241804408,1.600134908063169,0.00033242894139265123,-0.17452870037323276,1.6006961233188848,-7.5982082779492955e-05,0.17470662241804408,-1.600134908063169,-0.00033242894139265123,0.17452870037323276,-1.6006961233188848,7.5982082779492955e-05,-1.3267204090965414,2.3088002542738271,0,-1.3267204090965414,2.3088002542738271,0,0.02954335690536929,0.020359647433700386,-4.571162313980895e-06,0.029525432797104387,0.020342749533552966,7.752375131911882e-06,-0.20424997932341338,1.5797752606294686,0.00033700010370663215,-0.20405413317033713,1.5803533737853319,-8.3734457911404834e-05,-0.17470662241804408,1.600134908063169,0.00033242894139265123,-0.17452870037323276,1.6006961233188848,-7.5982082779492955e-05,0,0,0,0,0,0,0,0,0,0,0,0
control,0,398,1990,1995,3980000000,3980000000,0,-1,0.01,1,1,0,0,none,0,0,1,1,-0.088505439384808704,1.316626674011392e-05,0.56582787089477626,0.99995184602847054,-1.0897417300080771e-05,-0.0098135368496673238,7.918618369337325e-12,-1.8005009961900653e-07,-1.0276809285314924e-10,-2.8190927156171796e-08,1.6736056256158249e-10,-3.1693412665307474e-07,8.8078716980753895e-11,-1.3291823295785214,2.3071036426295941,1.5233942617254015e-05,-1.3291808359265143,2.3071050508272801,-2.5844118077773137e-05,-2.2838584434066483e-07,-2.2749950294972342e-07,1.6205515948472393e-08,-2.2818435117130278e-07,-2.2778396276727865e-07,1.359599923062326e-08,-0.1747065967985269,1.6001349367873867,0.00033242911164474762,-0.17452867476786968,1.6006961520005754,-7.598190401486144e-05,0.1747065967985269,-1.6001349367873867,-0.00033242911164474762,0.17452867476786968,-1.6006961520005754,7.598190401486144e-05,-1.3267204090965414,2.3088002542738271,0,-1.3267204090965414,2.3088002542738271,0,0.029543388362526724,0.020359680980049935,-4.5709930609736277e-06,0.029525464236200696,0.020342783034507487,7.752555623370409e-06,-0.20424998516105364,1.5797752558073368,0.00033700010470572126,-0.20405413900407038,1.5803533689660678,-8.3734459638231849e-05,-0.1747065967985269,1.6001349367873867,0.00033242911164474762,-0.17452867476786968,1.6006961520005754,-7.598190401486144e-05,0,0,0,0,0,0,0,0,0,0,0,0
control,0,399,1995,2000,3990000000,3990000000,0,-1,0.01,1,1,0,0,none,0,0,1,1,-0.088505441080271974,1.3166266177807831e-05,0.56582787062929274,0.99995184601382625,-1.0897416857070254e-05,-0.009813538341840778,8.2596021753631692e-12,-1.6236060946984949e-07,-2.571828808404178e-11,-2.542357283371783e-08,3.5915044021133365e-11,-2.8580515202573798e-07,6.123827920554617e-11,-1.329182331858592,2.3071036403480978,1.5234072720427113e-05,-1.3291808382046002,2.3071050485432556,-2.5844014245947353e-05,-2.2823933531036333e-07,-2.2876243452169062e-07,1.1866846327493552e-08,-2.2804441545306389e-07,-2.2899148775821078e-07,9.2235240269886014e-09,-0.17470657553907548,1.6001349611986988,0.00033242929056436833,-0.17452865351795649,1.6006961763625185,-7.5981718298399591e-05,0.17470657553907548,-1.6001349611986988,-0.00033242929056436833,0.17452865351795649,-1.6006961763625185,7.5981718298399591e-05,-1.3267204090965414,2.3088002542738271,0,-1.3267204090965414,2.3088002542738271,0,0.029543415503610101,0.020359710252403195,-4.5708151584445081e-06,0.029525491363328424,0.020342812254089272,7.7527430975828564e-06,-0.20424999104268557,1.5797752509462957,0.00033700010572281283,-0.20405414488128493,1.5803533641084293,-8.3734461395982451e-05,-0.17470657553907548,1.6001349611986988,0.00033242929056436833,-0.17452865351795649,1.6006961763625185,-7.5981718298399591e-05,0,0,0,0,0,0,0,0,0,0,0,0
